case_id,cohort,length,skin,physical_time,initial,site,density
L16_gamma2p0_g0p0_T100,product,16,0.0,5.0,charge_density_wave,0,0.9828528400784139
L16_gamma2p0_g0p0_T100,product,16,0.0,5.0,charge_density_wave,1,0.08717202527760502
L16_gamma2p0_g0p0_T100,product,16,0.0,5.0,charge_density_wave,2,0.9113280561287957
L16_gamma2p0_g0p0_T100,product,16,0.0,5.0,charge_density_wave,3,0.08894117517770224
L16_gamma2p0_g0p0_T100,product,16,0.0,5.0,charge_density_wave,4,0.9110434354038421
L16_gamma2p0_g0p0_T100,product,16,0.0,5.0,charge_density_wave,5,0.08896054158146216
L16_gamma2p0_g0p0_T100,product,16,0.0,5.0,charge_density_wave,6,0.9110391820034862
L16_gamma2p0_g0p0_T100,product,16,0.0,5.0,charge_density_wave,7,0.08896089686181416
L16_gamma2p0_g0p0_T100,product,16,0.0,5.0,charge_density_wave,8,0.9110391031381857
L16_gamma2p0_g0p0_T100,product,16,0.0,5.0,charge_density_wave,9,0.0889608179965137
L16_gamma2p0_g0p0_T100,product,16,0.0,5.0,charge_density_wave,10,0.9110394584185378
L16_gamma2p0_g0p0_T100,product,16,0.0,5.0,charge_density_wave,11,0.08895656459615778
L16_gamma2p0_g0p0_T100,product,16,0.0,5.0,charge_density_wave,12,0.9110588248222977
L16_gamma2p0_g0p0_T100,product,16,0.0,5.0,charge_density_wave,13,0.08867194387120415
L16_gamma2p0_g0p0_T100,product,16,0.0,5.0,charge_density_wave,14,0.9128279747223949
L16_gamma2p0_g0p0_T100,product,16,0.0,5.0,charge_density_wave,15,0.017147159921586178
L16_gamma2p0_g0p0_T100,product,16,0.0,5.0,left,0,0.9971715680183904
L16_gamma2p0_g0p0_T100,product,16,0.0,5.0,left,1,0.8207757381033937
L16_gamma2p0_g0p0_T100,product,16,0.0,5.0,left,2,0.9988238750986903
L16_gamma2p0_g0p0_T100,product,16,0.0,5.0,left,3,0.22779342769385158
L16_gamma2p0_g0p0_T100,product,16,0.0,5.0,left,4,0.927939258076044
L16_gamma2p0_g0p0_T100,product,16,0.0,5.0,left,5,0.09742461961728346
L16_gamma2p0_g0p0_T100,product,16,0.0,5.0,left,6,0.9128073394534753
L16_gamma2p0_g0p0_T100,product,16,0.0,5.0,left,7,0.08849713299001746
L16_gamma2p0_g0p0_T100,product,16,0.0,5.0,left,8,0.9115028670099825
L16_gamma2p0_g0p0_T100,product,16,0.0,5.0,left,9,0.08719266054652472
L16_gamma2p0_g0p0_T100,product,16,0.0,5.0,left,10,0.9025753803827166
L16_gamma2p0_g0p0_T100,product,16,0.0,5.0,left,11,0.07206074192395598
L16_gamma2p0_g0p0_T100,product,16,0.0,5.0,left,12,0.7722065723061485
L16_gamma2p0_g0p0_T100,product,16,0.0,5.0,left,13,0.0011761249013097627
L16_gamma2p0_g0p0_T100,product,16,0.0,5.0,left,14,0.1792242618966063
L16_gamma2p0_g0p0_T100,product,16,0.0,5.0,left,15,0.002828431981609682
L16_gamma2p0_g0p0_T150,product,16,0.0,7.5,charge_density_wave,0,0.9828528349976637
L16_gamma2p0_g0p0_T150,product,16,0.0,7.5,charge_density_wave,1,0.08717206253571604
L16_gamma2p0_g0p0_T150,product,16,0.0,7.5,charge_density_wave,2,0.9113280029410973
L16_gamma2p0_g0p0_T150,product,16,0.0,7.5,charge_density_wave,3,0.08894124882383511
L16_gamma2p0_g0p0_T150,product,16,0.0,7.5,charge_density_wave,4,0.9110433567352109
L16_gamma2p0_g0p0_T150,product,16,0.0,7.5,charge_density_wave,5,0.08896062432832717
L16_gamma2p0_g0p0_T150,product,16,0.0,7.5,charge_density_wave,6,0.9110390985423582
L16_gamma2p0_g0p0_T150,product,16,0.0,7.5,charge_density_wave,7,0.08896098074105656
L16_gamma2p0_g0p0_T150,product,16,0.0,7.5,charge_density_wave,8,0.9110390192589435
L16_gamma2p0_g0p0_T150,product,16,0.0,7.5,charge_density_wave,9,0.0889609014576418
L16_gamma2p0_g0p0_T150,product,16,0.0,7.5,charge_density_wave,10,0.9110393756716729
L16_gamma2p0_g0p0_T150,product,16,0.0,7.5,charge_density_wave,11,0.08895664326478916
L16_gamma2p0_g0p0_T150,product,16,0.0,7.5,charge_density_wave,12,0.9110587511761649
L16_gamma2p0_g0p0_T150,product,16,0.0,7.5,charge_density_wave,13,0.0886719970589028
L16_gamma2p0_g0p0_T150,product,16,0.0,7.5,charge_density_wave,14,0.9128279374642839
L16_gamma2p0_g0p0_T150,product,16,0.0,7.5,charge_density_wave,15,0.017147165002336286
L16_gamma2p0_g0p0_T150,product,16,0.0,7.5,left,0,0.9828565301221032
L16_gamma2p0_g0p0_T150,product,16,0.0,7.5,left,1,0.08732129026575562
L16_gamma2p0_g0p0_T150,product,16,0.0,7.5,left,2,0.9113628844064753
L16_gamma2p0_g0p0_T150,product,16,0.0,7.5,left,3,0.08899810251399354
L16_gamma2p0_g0p0_T150,product,16,0.0,7.5,left,4,0.9110884680433279
L16_gamma2p0_g0p0_T150,product,16,0.0,7.5,left,5,0.08891380268028505
L16_gamma2p0_g0p0_T150,product,16,0.0,7.5,left,6,0.9111023524040742
L16_gamma2p0_g0p0_T150,product,16,0.0,7.5,left,7,0.08888711944340878
L16_gamma2p0_g0p0_T150,product,16,0.0,7.5,left,8,0.9111128805565911
L16_gamma2p0_g0p0_T150,product,16,0.0,7.5,left,9,0.08889764759592572
L16_gamma2p0_g0p0_T150,product,16,0.0,7.5,left,10,0.911086197319715
L16_gamma2p0_g0p0_T150,product,16,0.0,7.5,left,11,0.08891153195667209
L16_gamma2p0_g0p0_T150,product,16,0.0,7.5,left,12,0.9110018974860066
L16_gamma2p0_g0p0_T150,product,16,0.0,7.5,left,13,0.08863711559352482
L16_gamma2p0_g0p0_T150,product,16,0.0,7.5,left,14,0.9126787097342444
L16_gamma2p0_g0p0_T150,product,16,0.0,7.5,left,15,0.017143469877896944
L16_gamma2p0_g0p0_T200,product,16,0.0,10.0,charge_density_wave,0,0.9828528349939413
L16_gamma2p0_g0p0_T200,product,16,0.0,10.0,charge_density_wave,1,0.08717206256498632
L16_gamma2p0_g0p0_T200,product,16,0.0,10.0,charge_density_wave,2,0.9113280028964212
L16_gamma2p0_g0p0_T200,product,16,0.0,10.0,charge_density_wave,3,0.08894124889392854
L16_gamma2p0_g0p0_T200,product,16,0.0,10.0,charge_density_wave,4,0.9110433566569018
L16_gamma2p0_g0p0_T200,product,16,0.0,10.0,charge_density_wave,5,0.08896062441548665
L16_gamma2p0_g0p0_T200,product,16,0.0,10.0,charge_density_wave,6,0.9110390984531588
L16_gamma2p0_g0p0_T200,product,16,0.0,10.0,charge_density_wave,7,0.08896098083175943
L16_gamma2p0_g0p0_T200,product,16,0.0,10.0,charge_density_wave,8,0.9110390191682407
L16_gamma2p0_g0p0_T200,product,16,0.0,10.0,charge_density_wave,9,0.0889609015468413
L16_gamma2p0_g0p0_T200,product,16,0.0,10.0,charge_density_wave,10,0.9110393755845134
L16_gamma2p0_g0p0_T200,product,16,0.0,10.0,charge_density_wave,11,0.08895664334309812
L16_gamma2p0_g0p0_T200,product,16,0.0,10.0,charge_density_wave,12,0.9110587511060714
L16_gamma2p0_g0p0_T200,product,16,0.0,10.0,charge_density_wave,13,0.08867199710357868
L16_gamma2p0_g0p0_T200,product,16,0.0,10.0,charge_density_wave,14,0.9128279374350137
L16_gamma2p0_g0p0_T200,product,16,0.0,10.0,charge_density_wave,15,0.017147165006058715
L16_gamma2p0_g0p0_T200,product,16,0.0,10.0,left,0,0.9828528366971118
L16_gamma2p0_g0p0_T200,product,16,0.0,10.0,left,1,0.08717203626120598
L16_gamma2p0_g0p0_T200,product,16,0.0,10.0,left,2,0.9113280344473788
L16_gamma2p0_g0p0_T200,product,16,0.0,10.0,left,3,0.08894114621785362
L16_gamma2p0_g0p0_T200,product,16,0.0,10.0,left,4,0.9110434617876291
L16_gamma2p0_g0p0_T200,product,16,0.0,10.0,left,5,0.08896042828044305
L16_gamma2p0_g0p0_T200,product,16,0.0,10.0,left,6,0.9110392943142236
L16_gamma2p0_g0p0_T200,product,16,0.0,10.0,left,7,0.08896074197443159
L16_gamma2p0_g0p0_T200,product,16,0.0,10.0,left,8,0.9110392580255684
L16_gamma2p0_g0p0_T200,product,16,0.0,10.0,left,9,0.08896070568577641
L16_gamma2p0_g0p0_T200,product,16,0.0,10.0,left,10,0.911039571719557
L16_gamma2p0_g0p0_T200,product,16,0.0,10.0,left,11,0.08895653821237083
L16_gamma2p0_g0p0_T200,product,16,0.0,10.0,left,12,0.9110588537821465
L16_gamma2p0_g0p0_T200,product,16,0.0,10.0,left,13,0.08867196555262138
L16_gamma2p0_g0p0_T200,product,16,0.0,10.0,left,14,0.9128279637387942
L16_gamma2p0_g0p0_T200,product,16,0.0,10.0,left,15,0.017147163302888232
L16_gamma2p0_g0p0_T250,product,16,0.0,12.5,charge_density_wave,0,0.9828528349939382
L16_gamma2p0_g0p0_T250,product,16,0.0,12.5,charge_density_wave,1,0.08717206256501257
L16_gamma2p0_g0p0_T250,product,16,0.0,12.5,charge_density_wave,2,0.9113280028963797
L16_gamma2p0_g0p0_T250,product,16,0.0,12.5,charge_density_wave,3,0.0889412488939992
L16_gamma2p0_g0p0_T250,product,16,0.0,12.5,charge_density_wave,4,0.9110433566568201
L16_gamma2p0_g0p0_T250,product,16,0.0,12.5,charge_density_wave,5,0.08896062441558247
L16_gamma2p0_g0p0_T250,product,16,0.0,12.5,charge_density_wave,6,0.911039098453059
L16_gamma2p0_g0p0_T250,product,16,0.0,12.5,charge_density_wave,7,0.08896098083186244
L16_gamma2p0_g0p0_T250,product,16,0.0,12.5,charge_density_wave,8,0.9110390191681377
L16_gamma2p0_g0p0_T250,product,16,0.0,12.5,charge_density_wave,9,0.08896090154694103
L16_gamma2p0_g0p0_T250,product,16,0.0,12.5,charge_density_wave,10,0.9110393755844175
L16_gamma2p0_g0p0_T250,product,16,0.0,12.5,charge_density_wave,11,0.08895664334317982
L16_gamma2p0_g0p0_T250,product,16,0.0,12.5,charge_density_wave,12,0.9110587511060008
L16_gamma2p0_g0p0_T250,product,16,0.0,12.5,charge_density_wave,13,0.08867199710362028
L16_gamma2p0_g0p0_T250,product,16,0.0,12.5,charge_density_wave,14,0.9128279374349875
L16_gamma2p0_g0p0_T250,product,16,0.0,12.5,charge_density_wave,15,0.017147165006061938
L16_gamma2p0_g0p0_T250,product,16,0.0,12.5,left,0,0.9828528349977673
L16_gamma2p0_g0p0_T250,product,16,0.0,12.5,left,1,0.08717206251386458
L16_gamma2p0_g0p0_T250,product,16,0.0,12.5,left,2,0.9113280029639206
L16_gamma2p0_g0p0_T250,product,16,0.0,12.5,left,3,0.08894124869198218
L16_gamma2p0_g0p0_T250,product,16,0.0,12.5,left,4,0.9110433568758145
L16_gamma2p0_g0p0_T250,product,16,0.0,12.5,left,5,0.08896062402425799
L16_gamma2p0_g0p0_T250,product,16,0.0,12.5,left,6,0.9110390988547357
L16_gamma2p0_g0p0_T250,product,16,0.0,12.5,left,7,0.08896098034832935
L16_gamma2p0_g0p0_T250,product,16,0.0,12.5,left,8,0.9110390196516707
L16_gamma2p0_g0p0_T250,product,16,0.0,12.5,left,9,0.08896090114526442
L16_gamma2p0_g0p0_T250,product,16,0.0,12.5,left,10,0.911039375975742
L16_gamma2p0_g0p0_T250,product,16,0.0,12.5,left,11,0.0889566431241855
L16_gamma2p0_g0p0_T250,product,16,0.0,12.5,left,12,0.9110587513080179
L16_gamma2p0_g0p0_T250,product,16,0.0,12.5,left,13,0.08867199703607942
L16_gamma2p0_g0p0_T250,product,16,0.0,12.5,left,14,0.9128279374861353
L16_gamma2p0_g0p0_T250,product,16,0.0,12.5,left,15,0.017147165002232668
L16_gamma2p0_g0p0_T300,product,16,0.0,15.0,charge_density_wave,0,0.9828528349939382
L16_gamma2p0_g0p0_T300,product,16,0.0,15.0,charge_density_wave,1,0.08717206256501261
L16_gamma2p0_g0p0_T300,product,16,0.0,15.0,charge_density_wave,2,0.9113280028963797
L16_gamma2p0_g0p0_T300,product,16,0.0,15.0,charge_density_wave,3,0.08894124889399926
L16_gamma2p0_g0p0_T300,product,16,0.0,15.0,charge_density_wave,4,0.91104335665682
L16_gamma2p0_g0p0_T300,product,16,0.0,15.0,charge_density_wave,5,0.08896062441558258
L16_gamma2p0_g0p0_T300,product,16,0.0,15.0,charge_density_wave,6,0.9110390984530587
L16_gamma2p0_g0p0_T300,product,16,0.0,15.0,charge_density_wave,7,0.08896098083186255
L16_gamma2p0_g0p0_T300,product,16,0.0,15.0,charge_density_wave,8,0.9110390191681376
L16_gamma2p0_g0p0_T300,product,16,0.0,15.0,charge_density_wave,9,0.08896090154694114
L16_gamma2p0_g0p0_T300,product,16,0.0,15.0,charge_density_wave,10,0.9110393755844174
L16_gamma2p0_g0p0_T300,product,16,0.0,15.0,charge_density_wave,11,0.08895664334317992
L16_gamma2p0_g0p0_T300,product,16,0.0,15.0,charge_density_wave,12,0.9110587511060007
L16_gamma2p0_g0p0_T300,product,16,0.0,15.0,charge_density_wave,13,0.08867199710362032
L16_gamma2p0_g0p0_T300,product,16,0.0,15.0,charge_density_wave,14,0.9128279374349874
L16_gamma2p0_g0p0_T300,product,16,0.0,15.0,charge_density_wave,15,0.017147165006061935
L16_gamma2p0_g0p0_T300,product,16,0.0,15.0,left,0,0.982852834993945
L16_gamma2p0_g0p0_T300,product,16,0.0,15.0,left,1,0.08717206256492918
L16_gamma2p0_g0p0_T300,product,16,0.0,15.0,left,2,0.9113280028964972
L16_gamma2p0_g0p0_T300,product,16,0.0,15.0,left,3,0.0889412488936733
L16_gamma2p0_g0p0_T300,product,16,0.0,15.0,left,4,0.9110433566571872
L16_gamma2p0_g0p0_T300,product,16,0.0,15.0,left,5,0.08896062441495382
L16_gamma2p0_g0p0_T300,product,16,0.0,15.0,left,6,0.9110390984537161
L16_gamma2p0_g0p0_T300,product,16,0.0,15.0,left,7,0.08896098083108184
L16_gamma2p0_g0p0_T300,product,16,0.0,15.0,left,8,0.9110390191689182
L16_gamma2p0_g0p0_T300,product,16,0.0,15.0,left,9,0.08896090154628387
L16_gamma2p0_g0p0_T300,product,16,0.0,15.0,left,10,0.9110393755850462
L16_gamma2p0_g0p0_T300,product,16,0.0,15.0,left,11,0.08895664334281286
L16_gamma2p0_g0p0_T300,product,16,0.0,15.0,left,12,0.9110587511063266
L16_gamma2p0_g0p0_T300,product,16,0.0,15.0,left,13,0.08867199710350286
L16_gamma2p0_g0p0_T300,product,16,0.0,15.0,left,14,0.9128279374350708
L16_gamma2p0_g0p0_T300,product,16,0.0,15.0,left,15,0.017147165006055017
L16_gamma2p0_g0p0_T350,product,16,0.0,17.5,charge_density_wave,0,0.982852834993938
L16_gamma2p0_g0p0_T350,product,16,0.0,17.5,charge_density_wave,1,0.08717206256501261
L16_gamma2p0_g0p0_T350,product,16,0.0,17.5,charge_density_wave,2,0.9113280028963797
L16_gamma2p0_g0p0_T350,product,16,0.0,17.5,charge_density_wave,3,0.08894124889399926
L16_gamma2p0_g0p0_T350,product,16,0.0,17.5,charge_density_wave,4,0.9110433566568201
L16_gamma2p0_g0p0_T350,product,16,0.0,17.5,charge_density_wave,5,0.08896062441558258
L16_gamma2p0_g0p0_T350,product,16,0.0,17.5,charge_density_wave,6,0.9110390984530589
L16_gamma2p0_g0p0_T350,product,16,0.0,17.5,charge_density_wave,7,0.08896098083186255
L16_gamma2p0_g0p0_T350,product,16,0.0,17.5,charge_density_wave,8,0.9110390191681375
L16_gamma2p0_g0p0_T350,product,16,0.0,17.5,charge_density_wave,9,0.08896090154694113
L16_gamma2p0_g0p0_T350,product,16,0.0,17.5,charge_density_wave,10,0.9110393755844175
L16_gamma2p0_g0p0_T350,product,16,0.0,17.5,charge_density_wave,11,0.08895664334317993
L16_gamma2p0_g0p0_T350,product,16,0.0,17.5,charge_density_wave,12,0.9110587511060007
L16_gamma2p0_g0p0_T350,product,16,0.0,17.5,charge_density_wave,13,0.08867199710362032
L16_gamma2p0_g0p0_T350,product,16,0.0,17.5,charge_density_wave,14,0.9128279374349875
L16_gamma2p0_g0p0_T350,product,16,0.0,17.5,charge_density_wave,15,0.017147165006061935
L16_gamma2p0_g0p0_T350,product,16,0.0,17.5,left,0,0.982852834993938
L16_gamma2p0_g0p0_T350,product,16,0.0,17.5,left,1,0.08717206256501248
L16_gamma2p0_g0p0_T350,product,16,0.0,17.5,left,2,0.9113280028963799
L16_gamma2p0_g0p0_T350,product,16,0.0,17.5,left,3,0.08894124889399879
L16_gamma2p0_g0p0_T350,product,16,0.0,17.5,left,4,0.9110433566568206
L16_gamma2p0_g0p0_T350,product,16,0.0,17.5,left,5,0.08896062441558167
L16_gamma2p0_g0p0_T350,product,16,0.0,17.5,left,6,0.9110390984530597
L16_gamma2p0_g0p0_T350,product,16,0.0,17.5,left,7,0.08896098083186144
L16_gamma2p0_g0p0_T350,product,16,0.0,17.5,left,8,0.9110390191681386
L16_gamma2p0_g0p0_T350,product,16,0.0,17.5,left,9,0.08896090154694017
L16_gamma2p0_g0p0_T350,product,16,0.0,17.5,left,10,0.9110393755844184
L16_gamma2p0_g0p0_T350,product,16,0.0,17.5,left,11,0.08895664334317938
L16_gamma2p0_g0p0_T350,product,16,0.0,17.5,left,12,0.9110587511060012
L16_gamma2p0_g0p0_T350,product,16,0.0,17.5,left,13,0.08867199710362016
L16_gamma2p0_g0p0_T350,product,16,0.0,17.5,left,14,0.9128279374349875
L16_gamma2p0_g0p0_T350,product,16,0.0,17.5,left,15,0.017147165006061924
L16_gamma2p0_g0p0_T400,product,16,0.0,20.0,charge_density_wave,0,0.9828528349939379
L16_gamma2p0_g0p0_T400,product,16,0.0,20.0,charge_density_wave,1,0.08717206256501259
L16_gamma2p0_g0p0_T400,product,16,0.0,20.0,charge_density_wave,2,0.9113280028963796
L16_gamma2p0_g0p0_T400,product,16,0.0,20.0,charge_density_wave,3,0.08894124889399926
L16_gamma2p0_g0p0_T400,product,16,0.0,20.0,charge_density_wave,4,0.9110433566568201
L16_gamma2p0_g0p0_T400,product,16,0.0,20.0,charge_density_wave,5,0.08896062441558258
L16_gamma2p0_g0p0_T400,product,16,0.0,20.0,charge_density_wave,6,0.9110390984530589
L16_gamma2p0_g0p0_T400,product,16,0.0,20.0,charge_density_wave,7,0.08896098083186257
L16_gamma2p0_g0p0_T400,product,16,0.0,20.0,charge_density_wave,8,0.9110390191681375
L16_gamma2p0_g0p0_T400,product,16,0.0,20.0,charge_density_wave,9,0.08896090154694111
L16_gamma2p0_g0p0_T400,product,16,0.0,20.0,charge_density_wave,10,0.9110393755844174
L16_gamma2p0_g0p0_T400,product,16,0.0,20.0,charge_density_wave,11,0.08895664334317992
L16_gamma2p0_g0p0_T400,product,16,0.0,20.0,charge_density_wave,12,0.9110587511060009
L16_gamma2p0_g0p0_T400,product,16,0.0,20.0,charge_density_wave,13,0.08867199710362032
L16_gamma2p0_g0p0_T400,product,16,0.0,20.0,charge_density_wave,14,0.9128279374349875
L16_gamma2p0_g0p0_T400,product,16,0.0,20.0,charge_density_wave,15,0.017147165006061938
L16_gamma2p0_g0p0_T400,product,16,0.0,20.0,left,0,0.9828528349939379
L16_gamma2p0_g0p0_T400,product,16,0.0,20.0,left,1,0.08717206256501261
L16_gamma2p0_g0p0_T400,product,16,0.0,20.0,left,2,0.9113280028963796
L16_gamma2p0_g0p0_T400,product,16,0.0,20.0,left,3,0.08894124889399926
L16_gamma2p0_g0p0_T400,product,16,0.0,20.0,left,4,0.9110433566568201
L16_gamma2p0_g0p0_T400,product,16,0.0,20.0,left,5,0.08896062441558258
L16_gamma2p0_g0p0_T400,product,16,0.0,20.0,left,6,0.9110390984530589
L16_gamma2p0_g0p0_T400,product,16,0.0,20.0,left,7,0.08896098083186256
L16_gamma2p0_g0p0_T400,product,16,0.0,20.0,left,8,0.9110390191681375
L16_gamma2p0_g0p0_T400,product,16,0.0,20.0,left,9,0.08896090154694113
L16_gamma2p0_g0p0_T400,product,16,0.0,20.0,left,10,0.9110393755844175
L16_gamma2p0_g0p0_T400,product,16,0.0,20.0,left,11,0.08895664334317992
L16_gamma2p0_g0p0_T400,product,16,0.0,20.0,left,12,0.9110587511060008
L16_gamma2p0_g0p0_T400,product,16,0.0,20.0,left,13,0.08867199710362032
L16_gamma2p0_g0p0_T400,product,16,0.0,20.0,left,14,0.9128279374349875
L16_gamma2p0_g0p0_T400,product,16,0.0,20.0,left,15,0.017147165006061938
L16_gamma2p0_g0p0_T500,product,16,0.0,25.0,charge_density_wave,0,0.9828528349939379
L16_gamma2p0_g0p0_T500,product,16,0.0,25.0,charge_density_wave,1,0.08717206256501261
L16_gamma2p0_g0p0_T500,product,16,0.0,25.0,charge_density_wave,2,0.9113280028963797
L16_gamma2p0_g0p0_T500,product,16,0.0,25.0,charge_density_wave,3,0.08894124889399926
L16_gamma2p0_g0p0_T500,product,16,0.0,25.0,charge_density_wave,4,0.9110433566568201
L16_gamma2p0_g0p0_T500,product,16,0.0,25.0,charge_density_wave,5,0.08896062441558258
L16_gamma2p0_g0p0_T500,product,16,0.0,25.0,charge_density_wave,6,0.911039098453059
L16_gamma2p0_g0p0_T500,product,16,0.0,25.0,charge_density_wave,7,0.08896098083186256
L16_gamma2p0_g0p0_T500,product,16,0.0,25.0,charge_density_wave,8,0.9110390191681375
L16_gamma2p0_g0p0_T500,product,16,0.0,25.0,charge_density_wave,9,0.08896090154694114
L16_gamma2p0_g0p0_T500,product,16,0.0,25.0,charge_density_wave,10,0.9110393755844173
L16_gamma2p0_g0p0_T500,product,16,0.0,25.0,charge_density_wave,11,0.0889566433431799
L16_gamma2p0_g0p0_T500,product,16,0.0,25.0,charge_density_wave,12,0.9110587511060008
L16_gamma2p0_g0p0_T500,product,16,0.0,25.0,charge_density_wave,13,0.08867199710362032
L16_gamma2p0_g0p0_T500,product,16,0.0,25.0,charge_density_wave,14,0.9128279374349875
L16_gamma2p0_g0p0_T500,product,16,0.0,25.0,charge_density_wave,15,0.017147165006061935
L16_gamma2p0_g0p0_T500,product,16,0.0,25.0,left,0,0.982852834993938
L16_gamma2p0_g0p0_T500,product,16,0.0,25.0,left,1,0.08717206256501261
L16_gamma2p0_g0p0_T500,product,16,0.0,25.0,left,2,0.9113280028963797
L16_gamma2p0_g0p0_T500,product,16,0.0,25.0,left,3,0.08894124889399925
L16_gamma2p0_g0p0_T500,product,16,0.0,25.0,left,4,0.9110433566568201
L16_gamma2p0_g0p0_T500,product,16,0.0,25.0,left,5,0.0889606244155826
L16_gamma2p0_g0p0_T500,product,16,0.0,25.0,left,6,0.9110390984530589
L16_gamma2p0_g0p0_T500,product,16,0.0,25.0,left,7,0.08896098083186255
L16_gamma2p0_g0p0_T500,product,16,0.0,25.0,left,8,0.9110390191681375
L16_gamma2p0_g0p0_T500,product,16,0.0,25.0,left,9,0.08896090154694113
L16_gamma2p0_g0p0_T500,product,16,0.0,25.0,left,10,0.9110393755844175
L16_gamma2p0_g0p0_T500,product,16,0.0,25.0,left,11,0.08895664334317992
L16_gamma2p0_g0p0_T500,product,16,0.0,25.0,left,12,0.9110587511060007
L16_gamma2p0_g0p0_T500,product,16,0.0,25.0,left,13,0.08867199710362032
L16_gamma2p0_g0p0_T500,product,16,0.0,25.0,left,14,0.9128279374349875
L16_gamma2p0_g0p0_T500,product,16,0.0,25.0,left,15,0.017147165006061935
L16_gamma2p0_g0p25_T100,product,16,0.25,5.0,charge_density_wave,0,0.9823472863430042
L16_gamma2p0_g0p25_T100,product,16,0.25,5.0,charge_density_wave,1,0.061295730906561624
L16_gamma2p0_g0p25_T100,product,16,0.25,5.0,charge_density_wave,2,0.9365124693543355
L16_gamma2p0_g0p25_T100,product,16,0.25,5.0,charge_density_wave,3,0.06364741396006322
L16_gamma2p0_g0p25_T100,product,16,0.25,5.0,charge_density_wave,4,0.9363246258452476
L16_gamma2p0_g0p25_T100,product,16,0.25,5.0,charge_density_wave,5,0.06367720615501167
L16_gamma2p0_g0p25_T100,product,16,0.25,5.0,charge_density_wave,6,0.9363221957309873
L16_gamma2p0_g0p25_T100,product,16,0.25,5.0,charge_density_wave,7,0.06367783052785371
L16_gamma2p0_g0p25_T100,product,16,0.25,5.0,charge_density_wave,8,0.9363221694721464
L16_gamma2p0_g0p25_T100,product,16,0.25,5.0,charge_density_wave,9,0.06367780426901282
L16_gamma2p0_g0p25_T100,product,16,0.25,5.0,charge_density_wave,10,0.9363227938449884
L16_gamma2p0_g0p25_T100,product,16,0.25,5.0,charge_density_wave,11,0.06367537415475241
L16_gamma2p0_g0p25_T100,product,16,0.25,5.0,charge_density_wave,12,0.9363525860399369
L16_gamma2p0_g0p25_T100,product,16,0.25,5.0,charge_density_wave,13,0.06348753064566448
L16_gamma2p0_g0p25_T100,product,16,0.25,5.0,charge_density_wave,14,0.9387042690934383
L16_gamma2p0_g0p25_T100,product,16,0.25,5.0,charge_density_wave,15,0.017652713656995906
L16_gamma2p0_g0p25_T100,product,16,0.25,5.0,left,0,0.9952646393419088
L16_gamma2p0_g0p25_T100,product,16,0.25,5.0,left,1,0.7054870442078568
L16_gamma2p0_g0p25_T100,product,16,0.25,5.0,left,2,0.9968631955114609
L16_gamma2p0_g0p25_T100,product,16,0.25,5.0,left,3,0.2784021365023515
L16_gamma2p0_g0p25_T100,product,16,0.25,5.0,left,4,0.9536310551086452
L16_gamma2p0_g0p25_T100,product,16,0.25,5.0,left,5,0.08701325947095265
L16_gamma2p0_g0p25_T100,product,16,0.25,5.0,left,6,0.9386548720083816
L16_gamma2p0_g0p25_T100,product,16,0.25,5.0,left,7,0.06446034412132115
L16_gamma2p0_g0p25_T100,product,16,0.25,5.0,left,8,0.9355396558786789
L16_gamma2p0_g0p25_T100,product,16,0.25,5.0,left,9,0.06134512799161836
L16_gamma2p0_g0p25_T100,product,16,0.25,5.0,left,10,0.9129867405290474
L16_gamma2p0_g0p25_T100,product,16,0.25,5.0,left,11,0.04636894489135469
L16_gamma2p0_g0p25_T100,product,16,0.25,5.0,left,12,0.7215978634976484
L16_gamma2p0_g0p25_T100,product,16,0.25,5.0,left,13,0.0031368044885391015
L16_gamma2p0_g0p25_T100,product,16,0.25,5.0,left,14,0.29451295579214337
L16_gamma2p0_g0p25_T100,product,16,0.25,5.0,left,15,0.004735360658091277
L16_gamma2p0_g0p25_T150,product,16,0.25,7.5,charge_density_wave,0,0.98234728067201
L16_gamma2p0_g0p25_T150,product,16,0.25,7.5,charge_density_wave,1,0.06129575683787944
L16_gamma2p0_g0p25_T150,product,16,0.25,7.5,charge_density_wave,2,0.9365124243334358
L16_gamma2p0_g0p25_T150,product,16,0.25,7.5,charge_density_wave,3,0.06364747132525411
L16_gamma2p0_g0p25_T150,product,16,0.25,7.5,charge_density_wave,4,0.9363245620386247
L16_gamma2p0_g0p25_T150,product,16,0.25,7.5,charge_density_wave,5,0.06367727234908
L16_gamma2p0_g0p25_T150,product,16,0.25,7.5,charge_density_wave,6,0.9363221285515599
L16_gamma2p0_g0p25_T150,product,16,0.25,7.5,charge_density_wave,7,0.06367789794323384
L16_gamma2p0_g0p25_T150,product,16,0.25,7.5,charge_density_wave,8,0.9363221020567662
L16_gamma2p0_g0p25_T150,product,16,0.25,7.5,charge_density_wave,9,0.06367787144844005
L16_gamma2p0_g0p25_T150,product,16,0.25,7.5,charge_density_wave,10,0.9363227276509201
L16_gamma2p0_g0p25_T150,product,16,0.25,7.5,charge_density_wave,11,0.06367543796137523
L16_gamma2p0_g0p25_T150,product,16,0.25,7.5,charge_density_wave,12,0.9363525286747458
L16_gamma2p0_g0p25_T150,product,16,0.25,7.5,charge_density_wave,13,0.06348757566656422
L16_gamma2p0_g0p25_T150,product,16,0.25,7.5,charge_density_wave,14,0.9387042431621206
L16_gamma2p0_g0p25_T150,product,16,0.25,7.5,charge_density_wave,15,0.017652719327989983
L16_gamma2p0_g0p25_T150,product,16,0.25,7.5,left,0,0.9823480542021493
L16_gamma2p0_g0p25_T150,product,16,0.25,7.5,left,1,0.061296591683059155
L16_gamma2p0_g0p25_T150,product,16,0.25,7.5,left,2,0.9365221149375001
L16_gamma2p0_g0p25_T150,product,16,0.25,7.5,left,3,0.06363020753721446
L16_gamma2p0_g0p25_T150,product,16,0.25,7.5,left,4,0.9363517667918091
L16_gamma2p0_g0p25_T150,product,16,0.25,7.5,left,5,0.06363387415561436
L16_gamma2p0_g0p25_T150,product,16,0.25,7.5,left,6,0.9363690582647073
L16_gamma2p0_g0p25_T150,product,16,0.25,7.5,left,7,0.06362269195262336
L16_gamma2p0_g0p25_T150,product,16,0.25,7.5,left,8,0.9363773080473765
L16_gamma2p0_g0p25_T150,product,16,0.25,7.5,left,9,0.06363094173529263
L16_gamma2p0_g0p25_T150,product,16,0.25,7.5,left,10,0.9363661258443856
L16_gamma2p0_g0p25_T150,product,16,0.25,7.5,left,11,0.06364823320819092
L16_gamma2p0_g0p25_T150,product,16,0.25,7.5,left,12,0.9363697924627855
L16_gamma2p0_g0p25_T150,product,16,0.25,7.5,left,13,0.06347788506249998
L16_gamma2p0_g0p25_T150,product,16,0.25,7.5,left,14,0.9387034083169408
L16_gamma2p0_g0p25_T150,product,16,0.25,7.5,left,15,0.017651945797850673
L16_gamma2p0_g0p25_T200,product,16,0.25,10.0,charge_density_wave,0,0.9823472806677974
L16_gamma2p0_g0p25_T200,product,16,0.25,10.0,charge_density_wave,1,0.06129575685811722
L16_gamma2p0_g0p25_T200,product,16,0.25,10.0,charge_density_wave,2,0.9365124242946455
L16_gamma2p0_g0p25_T200,product,16,0.25,10.0,charge_density_wave,3,0.0636474713793812
L16_gamma2p0_g0p25_T200,product,16,0.25,10.0,charge_density_wave,4,0.9363245619741802
L16_gamma2p0_g0p25_T200,product,16,0.25,10.0,charge_density_wave,5,0.06367727241877044
L16_gamma2p0_g0p25_T200,product,16,0.25,10.0,charge_density_wave,6,0.9363221284791978
L16_gamma2p0_g0p25_T200,product,16,0.25,10.0,charge_density_wave,7,0.063677898016472
L16_gamma2p0_g0p25_T200,product,16,0.25,10.0,charge_density_wave,8,0.9363221019835279
L16_gamma2p0_g0p25_T200,product,16,0.25,10.0,charge_density_wave,9,0.06367787152080226
L16_gamma2p0_g0p25_T200,product,16,0.25,10.0,charge_density_wave,10,0.9363227275812296
L16_gamma2p0_g0p25_T200,product,16,0.25,10.0,charge_density_wave,11,0.06367543802581976
L16_gamma2p0_g0p25_T200,product,16,0.25,10.0,charge_density_wave,12,0.9363525286206187
L16_gamma2p0_g0p25_T200,product,16,0.25,10.0,charge_density_wave,13,0.0634875757053544
L16_gamma2p0_g0p25_T200,product,16,0.25,10.0,charge_density_wave,14,0.9387042431418828
L16_gamma2p0_g0p25_T200,product,16,0.25,10.0,charge_density_wave,15,0.01765271933220264
L16_gamma2p0_g0p25_T200,product,16,0.25,10.0,left,0,0.9823472827052153
L16_gamma2p0_g0p25_T200,product,16,0.25,10.0,left,1,0.06129573931362545
L16_gamma2p0_g0p25_T200,product,16,0.25,10.0,left,2,0.9365124518384293
L16_gamma2p0_g0p25_T200,product,16,0.25,10.0,left,3,0.06364739925981436
L16_gamma2p0_g0p25_T200,product,16,0.25,10.0,left,4,0.9363246463932235
L16_gamma2p0_g0p25_T200,product,16,0.25,10.0,left,5,0.06367713097634693
L16_gamma2p0_g0p25_T200,product,16,0.25,10.0,left,6,0.936322278612966
L16_gamma2p0_g0p25_T200,product,16,0.25,10.0,left,7,0.06367772095130025
L16_gamma2p0_g0p25_T200,product,16,0.25,10.0,left,8,0.9363222790486997
L16_gamma2p0_g0p25_T200,product,16,0.25,10.0,left,9,0.06367772138703394
L16_gamma2p0_g0p25_T200,product,16,0.25,10.0,left,10,0.936322869023653
L16_gamma2p0_g0p25_T200,product,16,0.25,10.0,left,11,0.06367535360677648
L16_gamma2p0_g0p25_T200,product,16,0.25,10.0,left,12,0.9363526007401857
L16_gamma2p0_g0p25_T200,product,16,0.25,10.0,left,13,0.06348754816157061
L16_gamma2p0_g0p25_T200,product,16,0.25,10.0,left,14,0.9387042606863746
L16_gamma2p0_g0p25_T200,product,16,0.25,10.0,left,15,0.017652717294784456
L16_gamma2p0_g0p25_T250,product,16,0.25,12.5,charge_density_wave,0,0.9823472806677935
L16_gamma2p0_g0p25_T250,product,16,0.25,12.5,charge_density_wave,1,0.061295756858135306
L16_gamma2p0_g0p25_T250,product,16,0.25,12.5,charge_density_wave,2,0.936512424294609
L16_gamma2p0_g0p25_T250,product,16,0.25,12.5,charge_density_wave,3,0.06364747137943538
L16_gamma2p0_g0p25_T250,product,16,0.25,12.5,charge_density_wave,4,0.9363245619741123
L16_gamma2p0_g0p25_T250,product,16,0.25,12.5,charge_density_wave,5,0.06367727241884681
L16_gamma2p0_g0p25_T250,product,16,0.25,12.5,charge_density_wave,6,0.9363221284791164
L16_gamma2p0_g0p25_T250,product,16,0.25,12.5,charge_density_wave,7,0.06367789801655527
L16_gamma2p0_g0p25_T250,product,16,0.25,12.5,charge_density_wave,8,0.9363221019834447
L16_gamma2p0_g0p25_T250,product,16,0.25,12.5,charge_density_wave,9,0.06367787152088357
L16_gamma2p0_g0p25_T250,product,16,0.25,12.5,charge_density_wave,10,0.9363227275811532
L16_gamma2p0_g0p25_T250,product,16,0.25,12.5,charge_density_wave,11,0.0636754380258877
L16_gamma2p0_g0p25_T250,product,16,0.25,12.5,charge_density_wave,12,0.9363525286205647
L16_gamma2p0_g0p25_T250,product,16,0.25,12.5,charge_density_wave,13,0.06348757570539106
L16_gamma2p0_g0p25_T250,product,16,0.25,12.5,charge_density_wave,14,0.9387042431418646
L16_gamma2p0_g0p25_T250,product,16,0.25,12.5,charge_density_wave,15,0.01765271933220632
L16_gamma2p0_g0p25_T250,product,16,0.25,12.5,left,0,0.9823472806723126
L16_gamma2p0_g0p25_T250,product,16,0.25,12.5,left,1,0.061295756823835604
L16_gamma2p0_g0p25_T250,product,16,0.25,12.5,left,2,0.9365124243539431
L16_gamma2p0_g0p25_T250,product,16,0.25,12.5,left,3,0.06364747123584219
L16_gamma2p0_g0p25_T250,product,16,0.25,12.5,left,4,0.9363245621513786
L16_gamma2p0_g0p25_T250,product,16,0.25,12.5,left,5,0.06367727213334043
L16_gamma2p0_g0p25_T250,product,16,0.25,12.5,left,6,0.9363221287897799
L16_gamma2p0_g0p25_T250,product,16,0.25,12.5,left,7,0.06367789765444398
L16_gamma2p0_g0p25_T250,product,16,0.25,12.5,left,8,0.936322102345556
L16_gamma2p0_g0p25_T250,product,16,0.25,12.5,left,9,0.06367787121021999
L16_gamma2p0_g0p25_T250,product,16,0.25,12.5,left,10,0.9363227278666595
L16_gamma2p0_g0p25_T250,product,16,0.25,12.5,left,11,0.06367543784862144
L16_gamma2p0_g0p25_T250,product,16,0.25,12.5,left,12,0.9363525287641579
L16_gamma2p0_g0p25_T250,product,16,0.25,12.5,left,13,0.06348757564605693
L16_gamma2p0_g0p25_T250,product,16,0.25,12.5,left,14,0.9387042431761644
L16_gamma2p0_g0p25_T250,product,16,0.25,12.5,left,15,0.01765271932768734
L16_gamma2p0_g0p25_T300,product,16,0.25,15.0,charge_density_wave,0,0.9823472806677938
L16_gamma2p0_g0p25_T300,product,16,0.25,15.0,charge_density_wave,1,0.06129575685813532
L16_gamma2p0_g0p25_T300,product,16,0.25,15.0,charge_density_wave,2,0.9365124242946089
L16_gamma2p0_g0p25_T300,product,16,0.25,15.0,charge_density_wave,3,0.06364747137943544
L16_gamma2p0_g0p25_T300,product,16,0.25,15.0,charge_density_wave,4,0.9363245619741122
L16_gamma2p0_g0p25_T300,product,16,0.25,15.0,charge_density_wave,5,0.0636772724188469
L16_gamma2p0_g0p25_T300,product,16,0.25,15.0,charge_density_wave,6,0.9363221284791163
L16_gamma2p0_g0p25_T300,product,16,0.25,15.0,charge_density_wave,7,0.06367789801655536
L16_gamma2p0_g0p25_T300,product,16,0.25,15.0,charge_density_wave,8,0.9363221019834447
L16_gamma2p0_g0p25_T300,product,16,0.25,15.0,charge_density_wave,9,0.06367787152088367
L16_gamma2p0_g0p25_T300,product,16,0.25,15.0,charge_density_wave,10,0.9363227275811531
L16_gamma2p0_g0p25_T300,product,16,0.25,15.0,charge_density_wave,11,0.06367543802588777
L16_gamma2p0_g0p25_T300,product,16,0.25,15.0,charge_density_wave,12,0.9363525286205645
L16_gamma2p0_g0p25_T300,product,16,0.25,15.0,charge_density_wave,13,0.06348757570539111
L16_gamma2p0_g0p25_T300,product,16,0.25,15.0,charge_density_wave,14,0.9387042431418646
L16_gamma2p0_g0p25_T300,product,16,0.25,15.0,charge_density_wave,15,0.017652719332206322
L16_gamma2p0_g0p25_T300,product,16,0.25,15.0,left,0,0.9823472806678017
L16_gamma2p0_g0p25_T300,product,16,0.25,15.0,left,1,0.0612957568580791
L16_gamma2p0_g0p25_T300,product,16,0.25,15.0,left,2,0.9365124242947127
L16_gamma2p0_g0p25_T300,product,16,0.25,15.0,left,3,0.06364747137920129
L16_gamma2p0_g0p25_T300,product,16,0.25,15.0,left,4,0.9363245619744118
L16_gamma2p0_g0p25_T300,product,16,0.25,15.0,left,5,0.06367727241838304
L16_gamma2p0_g0p25_T300,product,16,0.25,15.0,left,6,0.9363221284796297
L16_gamma2p0_g0p25_T300,product,16,0.25,15.0,left,7,0.06367789801596452
L16_gamma2p0_g0p25_T300,product,16,0.25,15.0,left,8,0.9363221019840355
L16_gamma2p0_g0p25_T300,product,16,0.25,15.0,left,9,0.06367787152037038
L16_gamma2p0_g0p25_T300,product,16,0.25,15.0,left,10,0.9363227275816169
L16_gamma2p0_g0p25_T300,product,16,0.25,15.0,left,11,0.06367543802558814
L16_gamma2p0_g0p25_T300,product,16,0.25,15.0,left,12,0.9363525286207987
L16_gamma2p0_g0p25_T300,product,16,0.25,15.0,left,13,0.06348757570528733
L16_gamma2p0_g0p25_T300,product,16,0.25,15.0,left,14,0.938704243141921
L16_gamma2p0_g0p25_T300,product,16,0.25,15.0,left,15,0.01765271933219821
L16_gamma2p0_g0p25_T350,product,16,0.25,17.5,charge_density_wave,0,0.9823472806677936
L16_gamma2p0_g0p25_T350,product,16,0.25,17.5,charge_density_wave,1,0.06129575685813532
L16_gamma2p0_g0p25_T350,product,16,0.25,17.5,charge_density_wave,2,0.9365124242946089
L16_gamma2p0_g0p25_T350,product,16,0.25,17.5,charge_density_wave,3,0.06364747137943542
L16_gamma2p0_g0p25_T350,product,16,0.25,17.5,charge_density_wave,4,0.9363245619741123
L16_gamma2p0_g0p25_T350,product,16,0.25,17.5,charge_density_wave,5,0.0636772724188469
L16_gamma2p0_g0p25_T350,product,16,0.25,17.5,charge_density_wave,6,0.9363221284791163
L16_gamma2p0_g0p25_T350,product,16,0.25,17.5,charge_density_wave,7,0.06367789801655536
L16_gamma2p0_g0p25_T350,product,16,0.25,17.5,charge_density_wave,8,0.9363221019834447
L16_gamma2p0_g0p25_T350,product,16,0.25,17.5,charge_density_wave,9,0.06367787152088367
L16_gamma2p0_g0p25_T350,product,16,0.25,17.5,charge_density_wave,10,0.9363227275811532
L16_gamma2p0_g0p25_T350,product,16,0.25,17.5,charge_density_wave,11,0.06367543802588775
L16_gamma2p0_g0p25_T350,product,16,0.25,17.5,charge_density_wave,12,0.9363525286205645
L16_gamma2p0_g0p25_T350,product,16,0.25,17.5,charge_density_wave,13,0.06348757570539111
L16_gamma2p0_g0p25_T350,product,16,0.25,17.5,charge_density_wave,14,0.9387042431418648
L16_gamma2p0_g0p25_T350,product,16,0.25,17.5,charge_density_wave,15,0.017652719332206322
L16_gamma2p0_g0p25_T350,product,16,0.25,17.5,left,0,0.9823472806677938
L16_gamma2p0_g0p25_T350,product,16,0.25,17.5,left,1,0.061295756858135236
L16_gamma2p0_g0p25_T350,product,16,0.25,17.5,left,2,0.9365124242946091
L16_gamma2p0_g0p25_T350,product,16,0.25,17.5,left,3,0.06364747137943509
L16_gamma2p0_g0p25_T350,product,16,0.25,17.5,left,4,0.9363245619741127
L16_gamma2p0_g0p25_T350,product,16,0.25,17.5,left,5,0.06367727241884624
L16_gamma2p0_g0p25_T350,product,16,0.25,17.5,left,6,0.9363221284791172
L16_gamma2p0_g0p25_T350,product,16,0.25,17.5,left,7,0.06367789801655452
L16_gamma2p0_g0p25_T350,product,16,0.25,17.5,left,8,0.9363221019834456
L16_gamma2p0_g0p25_T350,product,16,0.25,17.5,left,9,0.06367787152088292
L16_gamma2p0_g0p25_T350,product,16,0.25,17.5,left,10,0.9363227275811539
L16_gamma2p0_g0p25_T350,product,16,0.25,17.5,left,11,0.06367543802588732
L16_gamma2p0_g0p25_T350,product,16,0.25,17.5,left,12,0.9363525286205648
L16_gamma2p0_g0p25_T350,product,16,0.25,17.5,left,13,0.06348757570539094
L16_gamma2p0_g0p25_T350,product,16,0.25,17.5,left,14,0.9387042431418648
L16_gamma2p0_g0p25_T350,product,16,0.25,17.5,left,15,0.01765271933220631
L16_gamma2p0_g0p25_T400,product,16,0.25,20.0,charge_density_wave,0,0.9823472806677936
L16_gamma2p0_g0p25_T400,product,16,0.25,20.0,charge_density_wave,1,0.06129575685813533
L16_gamma2p0_g0p25_T400,product,16,0.25,20.0,charge_density_wave,2,0.9365124242946089
L16_gamma2p0_g0p25_T400,product,16,0.25,20.0,charge_density_wave,3,0.06364747137943542
L16_gamma2p0_g0p25_T400,product,16,0.25,20.0,charge_density_wave,4,0.9363245619741123
L16_gamma2p0_g0p25_T400,product,16,0.25,20.0,charge_density_wave,5,0.06367727241884688
L16_gamma2p0_g0p25_T400,product,16,0.25,20.0,charge_density_wave,6,0.9363221284791164
L16_gamma2p0_g0p25_T400,product,16,0.25,20.0,charge_density_wave,7,0.06367789801655535
L16_gamma2p0_g0p25_T400,product,16,0.25,20.0,charge_density_wave,8,0.9363221019834445
L16_gamma2p0_g0p25_T400,product,16,0.25,20.0,charge_density_wave,9,0.06367787152088367
L16_gamma2p0_g0p25_T400,product,16,0.25,20.0,charge_density_wave,10,0.9363227275811531
L16_gamma2p0_g0p25_T400,product,16,0.25,20.0,charge_density_wave,11,0.06367543802588777
L16_gamma2p0_g0p25_T400,product,16,0.25,20.0,charge_density_wave,12,0.9363525286205646
L16_gamma2p0_g0p25_T400,product,16,0.25,20.0,charge_density_wave,13,0.0634875757053911
L16_gamma2p0_g0p25_T400,product,16,0.25,20.0,charge_density_wave,14,0.9387042431418646
L16_gamma2p0_g0p25_T400,product,16,0.25,20.0,charge_density_wave,15,0.017652719332206322
L16_gamma2p0_g0p25_T400,product,16,0.25,20.0,left,0,0.9823472806677936
L16_gamma2p0_g0p25_T400,product,16,0.25,20.0,left,1,0.06129575685813532
L16_gamma2p0_g0p25_T400,product,16,0.25,20.0,left,2,0.9365124242946088
L16_gamma2p0_g0p25_T400,product,16,0.25,20.0,left,3,0.06364747137943544
L16_gamma2p0_g0p25_T400,product,16,0.25,20.0,left,4,0.9363245619741122
L16_gamma2p0_g0p25_T400,product,16,0.25,20.0,left,5,0.0636772724188469
L16_gamma2p0_g0p25_T400,product,16,0.25,20.0,left,6,0.9363221284791163
L16_gamma2p0_g0p25_T400,product,16,0.25,20.0,left,7,0.06367789801655536
L16_gamma2p0_g0p25_T400,product,16,0.25,20.0,left,8,0.9363221019834447
L16_gamma2p0_g0p25_T400,product,16,0.25,20.0,left,9,0.06367787152088367
L16_gamma2p0_g0p25_T400,product,16,0.25,20.0,left,10,0.9363227275811531
L16_gamma2p0_g0p25_T400,product,16,0.25,20.0,left,11,0.06367543802588777
L16_gamma2p0_g0p25_T400,product,16,0.25,20.0,left,12,0.9363525286205645
L16_gamma2p0_g0p25_T400,product,16,0.25,20.0,left,13,0.0634875757053911
L16_gamma2p0_g0p25_T400,product,16,0.25,20.0,left,14,0.9387042431418647
L16_gamma2p0_g0p25_T400,product,16,0.25,20.0,left,15,0.017652719332206322
L16_gamma2p0_g0p25_T500,product,16,0.25,25.0,charge_density_wave,0,0.9823472806677936
L16_gamma2p0_g0p25_T500,product,16,0.25,25.0,charge_density_wave,1,0.06129575685813532
L16_gamma2p0_g0p25_T500,product,16,0.25,25.0,charge_density_wave,2,0.936512424294609
L16_gamma2p0_g0p25_T500,product,16,0.25,25.0,charge_density_wave,3,0.06364747137943544
L16_gamma2p0_g0p25_T500,product,16,0.25,25.0,charge_density_wave,4,0.9363245619741123
L16_gamma2p0_g0p25_T500,product,16,0.25,25.0,charge_density_wave,5,0.0636772724188469
L16_gamma2p0_g0p25_T500,product,16,0.25,25.0,charge_density_wave,6,0.9363221284791163
L16_gamma2p0_g0p25_T500,product,16,0.25,25.0,charge_density_wave,7,0.06367789801655536
L16_gamma2p0_g0p25_T500,product,16,0.25,25.0,charge_density_wave,8,0.9363221019834446
L16_gamma2p0_g0p25_T500,product,16,0.25,25.0,charge_density_wave,9,0.06367787152088367
L16_gamma2p0_g0p25_T500,product,16,0.25,25.0,charge_density_wave,10,0.9363227275811532
L16_gamma2p0_g0p25_T500,product,16,0.25,25.0,charge_density_wave,11,0.06367543802588777
L16_gamma2p0_g0p25_T500,product,16,0.25,25.0,charge_density_wave,12,0.9363525286205645
L16_gamma2p0_g0p25_T500,product,16,0.25,25.0,charge_density_wave,13,0.0634875757053911
L16_gamma2p0_g0p25_T500,product,16,0.25,25.0,charge_density_wave,14,0.9387042431418646
L16_gamma2p0_g0p25_T500,product,16,0.25,25.0,charge_density_wave,15,0.017652719332206322
L16_gamma2p0_g0p25_T500,product,16,0.25,25.0,left,0,0.9823472806677938
L16_gamma2p0_g0p25_T500,product,16,0.25,25.0,left,1,0.06129575685813532
L16_gamma2p0_g0p25_T500,product,16,0.25,25.0,left,2,0.936512424294609
L16_gamma2p0_g0p25_T500,product,16,0.25,25.0,left,3,0.06364747137943544
L16_gamma2p0_g0p25_T500,product,16,0.25,25.0,left,4,0.9363245619741123
L16_gamma2p0_g0p25_T500,product,16,0.25,25.0,left,5,0.0636772724188469
L16_gamma2p0_g0p25_T500,product,16,0.25,25.0,left,6,0.9363221284791163
L16_gamma2p0_g0p25_T500,product,16,0.25,25.0,left,7,0.06367789801655536
L16_gamma2p0_g0p25_T500,product,16,0.25,25.0,left,8,0.9363221019834447
L16_gamma2p0_g0p25_T500,product,16,0.25,25.0,left,9,0.06367787152088367
L16_gamma2p0_g0p25_T500,product,16,0.25,25.0,left,10,0.936322727581153
L16_gamma2p0_g0p25_T500,product,16,0.25,25.0,left,11,0.06367543802588777
L16_gamma2p0_g0p25_T500,product,16,0.25,25.0,left,12,0.9363525286205646
L16_gamma2p0_g0p25_T500,product,16,0.25,25.0,left,13,0.0634875757053911
L16_gamma2p0_g0p25_T500,product,16,0.25,25.0,left,14,0.9387042431418647
L16_gamma2p0_g0p25_T500,product,16,0.25,25.0,left,15,0.017652719332206322
L24_gamma2p0_g0p05_T200,product,24,0.05,10.0,charge_density_wave,0,0.982734664427861
L24_gamma2p0_g0p05_T200,product,24,0.05,10.0,charge_density_wave,1,0.0810454444582393
L24_gamma2p0_g0p05_T200,product,24,0.05,10.0,charge_density_wave,2,0.9172926730135832
L24_gamma2p0_g0p05_T200,product,24,0.05,10.0,charge_density_wave,3,0.08295187587340026
L24_gamma2p0_g0p05_T200,product,24,0.05,10.0,charge_density_wave,4,0.9170303618445106
L24_gamma2p0_g0p05_T200,product,24,0.05,10.0,charge_density_wave,5,0.08297314407195133
L24_gamma2p0_g0p05_T200,product,24,0.05,10.0,charge_density_wave,6,0.9170265247650593
L24_gamma2p0_g0p05_T200,product,24,0.05,10.0,charge_density_wave,7,0.08297354492042415
L24_gamma2p0_g0p05_T200,product,24,0.05,10.0,charge_density_wave,8,0.9170264475016254
L24_gamma2p0_g0p05_T200,product,24,0.05,10.0,charge_density_wave,9,0.08297355410950753
L24_gamma2p0_g0p05_T200,product,24,0.05,10.0,charge_density_wave,10,0.9170264456976394
L24_gamma2p0_g0p05_T200,product,24,0.05,10.0,charge_density_wave,11,0.08297355434192495
L24_gamma2p0_g0p05_T200,product,24,0.05,10.0,charge_density_wave,12,0.9170264456580751
L24_gamma2p0_g0p05_T200,product,24,0.05,10.0,charge_density_wave,13,0.08297355430236066
L24_gamma2p0_g0p05_T200,product,24,0.05,10.0,charge_density_wave,14,0.9170264458904925
L24_gamma2p0_g0p05_T200,product,24,0.05,10.0,charge_density_wave,15,0.08297355249837447
L24_gamma2p0_g0p05_T200,product,24,0.05,10.0,charge_density_wave,16,0.9170264550795758
L24_gamma2p0_g0p05_T200,product,24,0.05,10.0,charge_density_wave,17,0.08297347523494075
L24_gamma2p0_g0p05_T200,product,24,0.05,10.0,charge_density_wave,18,0.9170268559280487
L24_gamma2p0_g0p05_T200,product,24,0.05,10.0,charge_density_wave,19,0.0829696381554895
L24_gamma2p0_g0p05_T200,product,24,0.05,10.0,charge_density_wave,20,0.9170481241265998
L24_gamma2p0_g0p05_T200,product,24,0.05,10.0,charge_density_wave,21,0.08270732698641675
L24_gamma2p0_g0p05_T200,product,24,0.05,10.0,charge_density_wave,22,0.9189545555417608
L24_gamma2p0_g0p05_T200,product,24,0.05,10.0,charge_density_wave,23,0.01726533557213911
L24_gamma2p0_g0p05_T200,product,24,0.05,10.0,left,0,0.9869351365919296
L24_gamma2p0_g0p05_T200,product,24,0.05,10.0,left,1,0.2858025845698169
L24_gamma2p0_g0p05_T200,product,24,0.05,10.0,left,2,0.9520838392440123
L24_gamma2p0_g0p05_T200,product,24,0.05,10.0,left,3,0.26828527634237087
L24_gamma2p0_g0p05_T200,product,24,0.05,10.0,left,4,0.9411942595306183
L24_gamma2p0_g0p05_T200,product,24,0.05,10.0,left,5,0.13692464722297576
L24_gamma2p0_g0p05_T200,product,24,0.05,10.0,left,6,0.9236396197902541
L24_gamma2p0_g0p05_T200,product,24,0.05,10.0,left,7,0.09137848337588168
L24_gamma2p0_g0p05_T200,product,24,0.05,10.0,left,8,0.9180852961137239
L24_gamma2p0_g0p05_T200,product,24,0.05,10.0,left,9,0.08380453138829765
L24_gamma2p0_g0p05_T200,product,24,0.05,10.0,left,10,0.9171761041621492
L24_gamma2p0_g0p05_T200,product,24,0.05,10.0,left,11,0.08298257491710935
L24_gamma2p0_g0p05_T200,product,24,0.05,10.0,left,12,0.9170174250828906
L24_gamma2p0_g0p05_T200,product,24,0.05,10.0,left,13,0.0828238958378509
L24_gamma2p0_g0p05_T200,product,24,0.05,10.0,left,14,0.9161954686117024
L24_gamma2p0_g0p05_T200,product,24,0.05,10.0,left,15,0.08191470388627607
L24_gamma2p0_g0p05_T200,product,24,0.05,10.0,left,16,0.9086215166241184
L24_gamma2p0_g0p05_T200,product,24,0.05,10.0,left,17,0.07636038020974595
L24_gamma2p0_g0p05_T200,product,24,0.05,10.0,left,18,0.8630753527770242
L24_gamma2p0_g0p05_T200,product,24,0.05,10.0,left,19,0.05880574046938179
L24_gamma2p0_g0p05_T200,product,24,0.05,10.0,left,20,0.7317147236576291
L24_gamma2p0_g0p05_T200,product,24,0.05,10.0,left,21,0.047916160755987834
L24_gamma2p0_g0p05_T200,product,24,0.05,10.0,left,22,0.7141974154301831
L24_gamma2p0_g0p05_T200,product,24,0.05,10.0,left,23,0.013064863408070448
L24_gamma2p0_g0p05_T300,product,24,0.05,15.0,charge_density_wave,0,0.9827346644278574
L24_gamma2p0_g0p05_T300,product,24,0.05,15.0,charge_density_wave,1,0.08104544445826369
L24_gamma2p0_g0p05_T300,product,24,0.05,15.0,charge_density_wave,2,0.9172926730135428
L24_gamma2p0_g0p05_T300,product,24,0.05,15.0,charge_density_wave,3,0.0829518758734672
L24_gamma2p0_g0p05_T300,product,24,0.05,15.0,charge_density_wave,4,0.917030361844432
L24_gamma2p0_g0p05_T300,product,24,0.05,15.0,charge_density_wave,5,0.08297314407204293
L24_gamma2p0_g0p05_T300,product,24,0.05,15.0,charge_density_wave,6,0.9170265247649632
L24_gamma2p0_g0p05_T300,product,24,0.05,15.0,charge_density_wave,7,0.0829735449205237
L24_gamma2p0_g0p05_T300,product,24,0.05,15.0,charge_density_wave,8,0.9170264475015251
L24_gamma2p0_g0p05_T300,product,24,0.05,15.0,charge_density_wave,9,0.08297355410960879
L24_gamma2p0_g0p05_T300,product,24,0.05,15.0,charge_density_wave,10,0.917026445697538
L24_gamma2p0_g0p05_T300,product,24,0.05,15.0,charge_density_wave,11,0.08297355434202645
L24_gamma2p0_g0p05_T300,product,24,0.05,15.0,charge_density_wave,12,0.9170264456579735
L24_gamma2p0_g0p05_T300,product,24,0.05,15.0,charge_density_wave,13,0.08297355430246209
L24_gamma2p0_g0p05_T300,product,24,0.05,15.0,charge_density_wave,14,0.9170264458903912
L24_gamma2p0_g0p05_T300,product,24,0.05,15.0,charge_density_wave,15,0.082973552498475
L24_gamma2p0_g0p05_T300,product,24,0.05,15.0,charge_density_wave,16,0.9170264550794762
L24_gamma2p0_g0p05_T300,product,24,0.05,15.0,charge_density_wave,17,0.08297347523503662
L24_gamma2p0_g0p05_T300,product,24,0.05,15.0,charge_density_wave,18,0.9170268559279571
L24_gamma2p0_g0p05_T300,product,24,0.05,15.0,charge_density_wave,19,0.0829696381555681
L24_gamma2p0_g0p05_T300,product,24,0.05,15.0,charge_density_wave,20,0.9170481241265327
L24_gamma2p0_g0p05_T300,product,24,0.05,15.0,charge_density_wave,21,0.08270732698645722
L24_gamma2p0_g0p05_T300,product,24,0.05,15.0,charge_density_wave,22,0.9189545555417364
L24_gamma2p0_g0p05_T300,product,24,0.05,15.0,charge_density_wave,23,0.017265335572142427
L24_gamma2p0_g0p05_T300,product,24,0.05,15.0,left,0,0.9827346644314386
L24_gamma2p0_g0p05_T300,product,24,0.05,15.0,left,1,0.08104544440864268
L24_gamma2p0_g0p05_T300,product,24,0.05,15.0,left,2,0.9172926730820256
L24_gamma2p0_g0p05_T300,product,24,0.05,15.0,left,3,0.08295187561462154
L24_gamma2p0_g0p05_T300,product,24,0.05,15.0,left,4,0.9170303621328275
L24_gamma2p0_g0p05_T300,product,24,0.05,15.0,left,5,0.0829731433512544
L24_gamma2p0_g0p05_T300,product,24,0.05,15.0,left,6,0.9170265255180418
L24_gamma2p0_g0p05_T300,product,24,0.05,15.0,left,7,0.08297354352651365
L24_gamma2p0_g0p05_T300,product,24,0.05,15.0,left,8,0.9170264489196422
L24_gamma2p0_g0p05_T300,product,24,0.05,15.0,left,9,0.08297355208316348
L24_gamma2p0_g0p05_T300,product,24,0.05,15.0,left,10,0.9170264477353594
L24_gamma2p0_g0p05_T300,product,24,0.05,15.0,left,11,0.08297355205106058
L24_gamma2p0_g0p05_T300,product,24,0.05,15.0,left,12,0.9170264479489395
L24_gamma2p0_g0p05_T300,product,24,0.05,15.0,left,13,0.08297355226464062
L24_gamma2p0_g0p05_T300,product,24,0.05,15.0,left,14,0.9170264479168365
L24_gamma2p0_g0p05_T300,product,24,0.05,15.0,left,15,0.08297355108035778
L24_gamma2p0_g0p05_T300,product,24,0.05,15.0,left,16,0.9170264564734864
L24_gamma2p0_g0p05_T300,product,24,0.05,15.0,left,17,0.08297347448195833
L24_gamma2p0_g0p05_T300,product,24,0.05,15.0,left,18,0.9170268566487456
L24_gamma2p0_g0p05_T300,product,24,0.05,15.0,left,19,0.0829696378671727
L24_gamma2p0_g0p05_T300,product,24,0.05,15.0,left,20,0.9170481243853785
L24_gamma2p0_g0p05_T300,product,24,0.05,15.0,left,21,0.08270732691797446
L24_gamma2p0_g0p05_T300,product,24,0.05,15.0,left,22,0.9189545555913572
L24_gamma2p0_g0p05_T300,product,24,0.05,15.0,left,23,0.017265335568561253
L24_gamma2p0_g0p05_T400,product,24,0.05,20.0,charge_density_wave,0,0.9827346644278574
L24_gamma2p0_g0p05_T400,product,24,0.05,20.0,charge_density_wave,1,0.08104544445826369
L24_gamma2p0_g0p05_T400,product,24,0.05,20.0,charge_density_wave,2,0.9172926730135429
L24_gamma2p0_g0p05_T400,product,24,0.05,20.0,charge_density_wave,3,0.08295187587346721
L24_gamma2p0_g0p05_T400,product,24,0.05,20.0,charge_density_wave,4,0.9170303618444321
L24_gamma2p0_g0p05_T400,product,24,0.05,20.0,charge_density_wave,5,0.08297314407204294
L24_gamma2p0_g0p05_T400,product,24,0.05,20.0,charge_density_wave,6,0.9170265247649634
L24_gamma2p0_g0p05_T400,product,24,0.05,20.0,charge_density_wave,7,0.08297354492052368
L24_gamma2p0_g0p05_T400,product,24,0.05,20.0,charge_density_wave,8,0.9170264475015251
L24_gamma2p0_g0p05_T400,product,24,0.05,20.0,charge_density_wave,9,0.08297355410960879
L24_gamma2p0_g0p05_T400,product,24,0.05,20.0,charge_density_wave,10,0.9170264456975379
L24_gamma2p0_g0p05_T400,product,24,0.05,20.0,charge_density_wave,11,0.08297355434202645
L24_gamma2p0_g0p05_T400,product,24,0.05,20.0,charge_density_wave,12,0.9170264456579735
L24_gamma2p0_g0p05_T400,product,24,0.05,20.0,charge_density_wave,13,0.0829735543024621
L24_gamma2p0_g0p05_T400,product,24,0.05,20.0,charge_density_wave,14,0.9170264458903912
L24_gamma2p0_g0p05_T400,product,24,0.05,20.0,charge_density_wave,15,0.082973552498475
L24_gamma2p0_g0p05_T400,product,24,0.05,20.0,charge_density_wave,16,0.9170264550794763
L24_gamma2p0_g0p05_T400,product,24,0.05,20.0,charge_density_wave,17,0.08297347523503662
L24_gamma2p0_g0p05_T400,product,24,0.05,20.0,charge_density_wave,18,0.9170268559279572
L24_gamma2p0_g0p05_T400,product,24,0.05,20.0,charge_density_wave,19,0.0829696381555681
L24_gamma2p0_g0p05_T400,product,24,0.05,20.0,charge_density_wave,20,0.9170481241265327
L24_gamma2p0_g0p05_T400,product,24,0.05,20.0,charge_density_wave,21,0.08270732698645723
L24_gamma2p0_g0p05_T400,product,24,0.05,20.0,charge_density_wave,22,0.9189545555417362
L24_gamma2p0_g0p05_T400,product,24,0.05,20.0,charge_density_wave,23,0.017265335572142427
L24_gamma2p0_g0p05_T400,product,24,0.05,20.0,left,0,0.9827346644278576
L24_gamma2p0_g0p05_T400,product,24,0.05,20.0,left,1,0.08104544445826341
L24_gamma2p0_g0p05_T400,product,24,0.05,20.0,left,2,0.9172926730135433
L24_gamma2p0_g0p05_T400,product,24,0.05,20.0,left,3,0.0829518758734658
L24_gamma2p0_g0p05_T400,product,24,0.05,20.0,left,4,0.9170303618444337
L24_gamma2p0_g0p05_T400,product,24,0.05,20.0,left,5,0.08297314407203907
L24_gamma2p0_g0p05_T400,product,24,0.05,20.0,left,6,0.9170265247649676
L24_gamma2p0_g0p05_T400,product,24,0.05,20.0,left,7,0.08297354492051627
L24_gamma2p0_g0p05_T400,product,24,0.05,20.0,left,8,0.9170264475015327
L24_gamma2p0_g0p05_T400,product,24,0.05,20.0,left,9,0.0829735541095979
L24_gamma2p0_g0p05_T400,product,24,0.05,20.0,left,10,0.9170264456975491
L24_gamma2p0_g0p05_T400,product,24,0.05,20.0,left,11,0.08297355434201405
L24_gamma2p0_g0p05_T400,product,24,0.05,20.0,left,12,0.917026445657986
L24_gamma2p0_g0p05_T400,product,24,0.05,20.0,left,13,0.08297355430245093
L24_gamma2p0_g0p05_T400,product,24,0.05,20.0,left,14,0.917026445890402
L24_gamma2p0_g0p05_T400,product,24,0.05,20.0,left,15,0.08297355249846713
L24_gamma2p0_g0p05_T400,product,24,0.05,20.0,left,16,0.9170264550794838
L24_gamma2p0_g0p05_T400,product,24,0.05,20.0,left,17,0.08297347523503232
L24_gamma2p0_g0p05_T400,product,24,0.05,20.0,left,18,0.917026855927961
L24_gamma2p0_g0p05_T400,product,24,0.05,20.0,left,19,0.08296963815556638
L24_gamma2p0_g0p05_T400,product,24,0.05,20.0,left,20,0.9170481241265342
L24_gamma2p0_g0p05_T400,product,24,0.05,20.0,left,21,0.0827073269864568
L24_gamma2p0_g0p05_T400,product,24,0.05,20.0,left,22,0.9189545555417366
L24_gamma2p0_g0p05_T400,product,24,0.05,20.0,left,23,0.0172653355721424
L24_gamma2p0_g0p05_T500,product,24,0.05,25.0,charge_density_wave,0,0.9827346644278576
L24_gamma2p0_g0p05_T500,product,24,0.05,25.0,charge_density_wave,1,0.0810454444582637
L24_gamma2p0_g0p05_T500,product,24,0.05,25.0,charge_density_wave,2,0.9172926730135428
L24_gamma2p0_g0p05_T500,product,24,0.05,25.0,charge_density_wave,3,0.0829518758734672
L24_gamma2p0_g0p05_T500,product,24,0.05,25.0,charge_density_wave,4,0.9170303618444321
L24_gamma2p0_g0p05_T500,product,24,0.05,25.0,charge_density_wave,5,0.08297314407204293
L24_gamma2p0_g0p05_T500,product,24,0.05,25.0,charge_density_wave,6,0.9170265247649633
L24_gamma2p0_g0p05_T500,product,24,0.05,25.0,charge_density_wave,7,0.0829735449205237
L24_gamma2p0_g0p05_T500,product,24,0.05,25.0,charge_density_wave,8,0.917026447501525
L24_gamma2p0_g0p05_T500,product,24,0.05,25.0,charge_density_wave,9,0.08297355410960879
L24_gamma2p0_g0p05_T500,product,24,0.05,25.0,charge_density_wave,10,0.9170264456975379
L24_gamma2p0_g0p05_T500,product,24,0.05,25.0,charge_density_wave,11,0.08297355434202645
L24_gamma2p0_g0p05_T500,product,24,0.05,25.0,charge_density_wave,12,0.9170264456579735
L24_gamma2p0_g0p05_T500,product,24,0.05,25.0,charge_density_wave,13,0.08297355430246209
L24_gamma2p0_g0p05_T500,product,24,0.05,25.0,charge_density_wave,14,0.9170264458903912
L24_gamma2p0_g0p05_T500,product,24,0.05,25.0,charge_density_wave,15,0.082973552498475
L24_gamma2p0_g0p05_T500,product,24,0.05,25.0,charge_density_wave,16,0.9170264550794762
L24_gamma2p0_g0p05_T500,product,24,0.05,25.0,charge_density_wave,17,0.0829734752350366
L24_gamma2p0_g0p05_T500,product,24,0.05,25.0,charge_density_wave,18,0.9170268559279571
L24_gamma2p0_g0p05_T500,product,24,0.05,25.0,charge_density_wave,19,0.0829696381555681
L24_gamma2p0_g0p05_T500,product,24,0.05,25.0,charge_density_wave,20,0.9170481241265327
L24_gamma2p0_g0p05_T500,product,24,0.05,25.0,charge_density_wave,21,0.08270732698645723
L24_gamma2p0_g0p05_T500,product,24,0.05,25.0,charge_density_wave,22,0.9189545555417364
L24_gamma2p0_g0p05_T500,product,24,0.05,25.0,charge_density_wave,23,0.017265335572142423
L24_gamma2p0_g0p05_T500,product,24,0.05,25.0,left,0,0.9827346644278576
L24_gamma2p0_g0p05_T500,product,24,0.05,25.0,left,1,0.08104544445826369
L24_gamma2p0_g0p05_T500,product,24,0.05,25.0,left,2,0.9172926730135427
L24_gamma2p0_g0p05_T500,product,24,0.05,25.0,left,3,0.0829518758734672
L24_gamma2p0_g0p05_T500,product,24,0.05,25.0,left,4,0.9170303618444319
L24_gamma2p0_g0p05_T500,product,24,0.05,25.0,left,5,0.08297314407204294
L24_gamma2p0_g0p05_T500,product,24,0.05,25.0,left,6,0.9170265247649634
L24_gamma2p0_g0p05_T500,product,24,0.05,25.0,left,7,0.08297354492052371
L24_gamma2p0_g0p05_T500,product,24,0.05,25.0,left,8,0.917026447501525
L24_gamma2p0_g0p05_T500,product,24,0.05,25.0,left,9,0.08297355410960879
L24_gamma2p0_g0p05_T500,product,24,0.05,25.0,left,10,0.917026445697538
L24_gamma2p0_g0p05_T500,product,24,0.05,25.0,left,11,0.08297355434202644
L24_gamma2p0_g0p05_T500,product,24,0.05,25.0,left,12,0.9170264456579735
L24_gamma2p0_g0p05_T500,product,24,0.05,25.0,left,13,0.0829735543024621
L24_gamma2p0_g0p05_T500,product,24,0.05,25.0,left,14,0.9170264458903911
L24_gamma2p0_g0p05_T500,product,24,0.05,25.0,left,15,0.082973552498475
L24_gamma2p0_g0p05_T500,product,24,0.05,25.0,left,16,0.9170264550794763
L24_gamma2p0_g0p05_T500,product,24,0.05,25.0,left,17,0.08297347523503662
L24_gamma2p0_g0p05_T500,product,24,0.05,25.0,left,18,0.9170268559279571
L24_gamma2p0_g0p05_T500,product,24,0.05,25.0,left,19,0.08296963815556811
L24_gamma2p0_g0p05_T500,product,24,0.05,25.0,left,20,0.9170481241265327
L24_gamma2p0_g0p05_T500,product,24,0.05,25.0,left,21,0.08270732698645723
L24_gamma2p0_g0p05_T500,product,24,0.05,25.0,left,22,0.9189545555417362
L24_gamma2p0_g0p05_T500,product,24,0.05,25.0,left,23,0.017265335572142427
L24_gamma2p0_g0p0_T100,product,24,0.0,5.0,charge_density_wave,0,0.9828528400784117
L24_gamma2p0_g0p0_T100,product,24,0.0,5.0,charge_density_wave,1,0.08717202527763968
L24_gamma2p0_g0p0_T100,product,24,0.0,5.0,charge_density_wave,2,0.9113280561286607
L24_gamma2p0_g0p0_T100,product,24,0.0,5.0,charge_density_wave,3,0.08894117517907332
L24_gamma2p0_g0p0_T100,product,24,0.0,5.0,charge_density_wave,4,0.9110434353986598
L24_gamma2p0_g0p0_T100,product,24,0.0,5.0,charge_density_wave,5,0.08896054163399304
L24_gamma2p0_g0p0_T100,product,24,0.0,5.0,charge_density_wave,6,0.9110391818024992
L24_gamma2p0_g0p0_T100,product,24,0.0,5.0,charge_density_wave,7,0.08896089894884142
L24_gamma2p0_g0p0_T100,product,24,0.0,5.0,charge_density_wave,8,0.9110390949546877
L24_gamma2p0_g0p0_T100,product,24,0.0,5.0,charge_density_wave,9,0.08896090693132087
L24_gamma2p0_g0p0_T100,product,24,0.0,5.0,charge_density_wave,10,0.9110390929203237
L24_gamma2p0_g0p0_T100,product,24,0.0,5.0,charge_density_wave,11,0.08896090712578905
L24_gamma2p0_g0p0_T100,product,24,0.0,5.0,charge_density_wave,12,0.911039092874211
L24_gamma2p0_g0p0_T100,product,24,0.0,5.0,charge_density_wave,13,0.08896090707967626
L24_gamma2p0_g0p0_T100,product,24,0.0,5.0,charge_density_wave,14,0.9110390930686789
L24_gamma2p0_g0p0_T100,product,24,0.0,5.0,charge_density_wave,15,0.08896090504531252
L24_gamma2p0_g0p0_T100,product,24,0.0,5.0,charge_density_wave,16,0.9110391010511586
L24_gamma2p0_g0p0_T100,product,24,0.0,5.0,charge_density_wave,17,0.08896081819750055
L24_gamma2p0_g0p0_T100,product,24,0.0,5.0,charge_density_wave,18,0.9110394583660071
L24_gamma2p0_g0p0_T100,product,24,0.0,5.0,charge_density_wave,19,0.08895656460134016
L24_gamma2p0_g0p0_T100,product,24,0.0,5.0,charge_density_wave,20,0.9110588248209266
L24_gamma2p0_g0p0_T100,product,24,0.0,5.0,charge_density_wave,21,0.0886719438713395
L24_gamma2p0_g0p0_T100,product,24,0.0,5.0,charge_density_wave,22,0.9128279747223604
L24_gamma2p0_g0p0_T100,product,24,0.0,5.0,charge_density_wave,23,0.01714715992158815
L24_gamma2p0_g0p0_T100,product,24,0.0,5.0,left,0,0.9999982714553277
L24_gamma2p0_g0p0_T100,product,24,0.0,5.0,left,1,0.9998480325568676
L24_gamma2p0_g0p0_T100,product,24,0.0,5.0,left,2,0.9999299957306453
L24_gamma2p0_g0p0_T100,product,24,0.0,5.0,left,3,0.9909219969662437
L24_gamma2p0_g0p0_T100,product,24,0.0,5.0,left,4,0.9989576009276804
L24_gamma2p0_g0p0_T100,product,24,0.0,5.0,left,5,0.813635446230548
L24_gamma2p0_g0p0_T100,product,24,0.0,5.0,left,6,0.9987983870436409
L24_gamma2p0_g0p0_T100,product,24,0.0,5.0,left,7,0.23905805056075802
L24_gamma2p0_g0p0_T100,product,24,0.0,5.0,left,8,0.9291698068230718
L24_gamma2p0_g0p0_T100,product,24,0.0,5.0,left,9,0.09866155003528107
L24_gamma2p0_g0p0_T100,product,24,0.0,5.0,left,10,0.9129508196615246
L24_gamma2p0_g0p0_T100,product,24,0.0,5.0,left,11,0.08855303354976166
L24_gamma2p0_g0p0_T100,product,24,0.0,5.0,left,12,0.9114469664502383
L24_gamma2p0_g0p0_T100,product,24,0.0,5.0,left,13,0.08704918033847539
L24_gamma2p0_g0p0_T100,product,24,0.0,5.0,left,14,0.9013384499647189
L24_gamma2p0_g0p0_T100,product,24,0.0,5.0,left,15,0.07083019317692794
L24_gamma2p0_g0p0_T100,product,24,0.0,5.0,left,16,0.760941949439242
L24_gamma2p0_g0p0_T100,product,24,0.0,5.0,left,17,0.001201612956359173
L24_gamma2p0_g0p0_T100,product,24,0.0,5.0,left,18,0.18636455376945196
L24_gamma2p0_g0p0_T100,product,24,0.0,5.0,left,19,0.0010423990723196501
L24_gamma2p0_g0p0_T100,product,24,0.0,5.0,left,20,0.00907800303375637
L24_gamma2p0_g0p0_T100,product,24,0.0,5.0,left,21,7.000426935468302e-05
L24_gamma2p0_g0p0_T100,product,24,0.0,5.0,left,22,0.0001519674431324755
L24_gamma2p0_g0p0_T100,product,24,0.0,5.0,left,23,1.728544672195225e-06
L24_gamma2p0_g0p0_T150,product,24,0.0,7.5,charge_density_wave,0,0.9828528349976615
L24_gamma2p0_g0p0_T150,product,24,0.0,7.5,charge_density_wave,1,0.08717206253575621
L24_gamma2p0_g0p0_T150,product,24,0.0,7.5,charge_density_wave,2,0.9113280029409442
L24_gamma2p0_g0p0_T150,product,24,0.0,7.5,charge_density_wave,3,0.08894124882533593
L24_gamma2p0_g0p0_T150,product,24,0.0,7.5,charge_density_wave,4,0.9110433567296486
L24_gamma2p0_g0p0_T150,product,24,0.0,7.5,charge_density_wave,5,0.08896062438339294
L24_gamma2p0_g0p0_T150,product,24,0.0,7.5,charge_density_wave,6,0.9110390983343755
L24_gamma2p0_g0p0_T150,product,24,0.0,7.5,charge_density_wave,7,0.08896098287026757
L24_gamma2p0_g0p0_T150,product,24,0.0,7.5,charge_density_wave,8,0.911039010967819
L24_gamma2p0_g0p0_T150,product,24,0.0,7.5,charge_density_wave,9,0.0889609909533722
L24_gamma2p0_g0p0_T150,product,24,0.0,7.5,charge_density_wave,10,0.9110390088938235
L24_gamma2p0_g0p0_T150,product,24,0.0,7.5,charge_density_wave,11,0.08896099115433238
L24_gamma2p0_g0p0_T150,product,24,0.0,7.5,charge_density_wave,12,0.9110390088456677
L24_gamma2p0_g0p0_T150,product,24,0.0,7.5,charge_density_wave,13,0.08896099110617647
L24_gamma2p0_g0p0_T150,product,24,0.0,7.5,charge_density_wave,14,0.9110390090466278
L24_gamma2p0_g0p0_T150,product,24,0.0,7.5,charge_density_wave,15,0.08896098903218103
L24_gamma2p0_g0p0_T150,product,24,0.0,7.5,charge_density_wave,16,0.9110390171297326
L24_gamma2p0_g0p0_T150,product,24,0.0,7.5,charge_density_wave,17,0.08896090166562465
L24_gamma2p0_g0p0_T150,product,24,0.0,7.5,charge_density_wave,18,0.9110393756166071
L24_gamma2p0_g0p0_T150,product,24,0.0,7.5,charge_density_wave,19,0.08895664327035127
L24_gamma2p0_g0p0_T150,product,24,0.0,7.5,charge_density_wave,20,0.9110587511746641
L24_gamma2p0_g0p0_T150,product,24,0.0,7.5,charge_density_wave,21,0.08867199705905582
L24_gamma2p0_g0p0_T150,product,24,0.0,7.5,charge_density_wave,22,0.9128279374642438
L24_gamma2p0_g0p0_T150,product,24,0.0,7.5,charge_density_wave,23,0.017147165002338628
L24_gamma2p0_g0p0_T150,product,24,0.0,7.5,left,0,0.9989342425519236
L24_gamma2p0_g0p0_T150,product,24,0.0,7.5,left,1,0.9319037530275024
L24_gamma2p0_g0p0_T150,product,24,0.0,7.5,left,2,0.999122044401135
L24_gamma2p0_g0p0_T150,product,24,0.0,7.5,left,3,0.6054660673714831
L24_gamma2p0_g0p0_T150,product,24,0.0,7.5,left,4,0.9888631759416505
L24_gamma2p0_g0p0_T150,product,24,0.0,7.5,left,5,0.3726809245535948
L24_gamma2p0_g0p0_T150,product,24,0.0,7.5,left,6,0.9474455641356156
L24_gamma2p0_g0p0_T150,product,24,0.0,7.5,left,7,0.1378999022412456
L24_gamma2p0_g0p0_T150,product,24,0.0,7.5,left,8,0.9173708770483064
L24_gamma2p0_g0p0_T150,product,24,0.0,7.5,left,9,0.09325101390668575
L24_gamma2p0_g0p0_T150,product,24,0.0,7.5,left,10,0.9117079257833892
L24_gamma2p0_g0p0_T150,product,24,0.0,7.5,left,11,0.08907905648684612
L24_gamma2p0_g0p0_T150,product,24,0.0,7.5,left,12,0.9109209435131539
L24_gamma2p0_g0p0_T150,product,24,0.0,7.5,left,13,0.08829207421661064
L24_gamma2p0_g0p0_T150,product,24,0.0,7.5,left,14,0.9067489860933143
L24_gamma2p0_g0p0_T150,product,24,0.0,7.5,left,15,0.0826291229516935
L24_gamma2p0_g0p0_T150,product,24,0.0,7.5,left,16,0.8621000977587544
L24_gamma2p0_g0p0_T150,product,24,0.0,7.5,left,17,0.05255443586438427
L24_gamma2p0_g0p0_T150,product,24,0.0,7.5,left,18,0.6273190754464052
L24_gamma2p0_g0p0_T150,product,24,0.0,7.5,left,19,0.011136824058349397
L24_gamma2p0_g0p0_T150,product,24,0.0,7.5,left,20,0.39453393262851694
L24_gamma2p0_g0p0_T150,product,24,0.0,7.5,left,21,0.0008779555988649888
L24_gamma2p0_g0p0_T150,product,24,0.0,7.5,left,22,0.06809624697249758
L24_gamma2p0_g0p0_T150,product,24,0.0,7.5,left,23,0.0010657574480762966
L24_gamma2p0_g0p0_T200,product,24,0.0,10.0,charge_density_wave,0,0.9828528349939387
L24_gamma2p0_g0p0_T200,product,24,0.0,10.0,charge_density_wave,1,0.08717206256502662
L24_gamma2p0_g0p0_T200,product,24,0.0,10.0,charge_density_wave,2,0.9113280028962679
L24_gamma2p0_g0p0_T200,product,24,0.0,10.0,charge_density_wave,3,0.08894124889543159
L24_gamma2p0_g0p0_T200,product,24,0.0,10.0,charge_density_wave,4,0.9110433566513342
L24_gamma2p0_g0p0_T200,product,24,0.0,10.0,charge_density_wave,5,0.08896062447058084
L24_gamma2p0_g0p0_T200,product,24,0.0,10.0,charge_density_wave,6,0.9110390982451102
L24_gamma2p0_g0p0_T200,product,24,0.0,10.0,charge_density_wave,7,0.08896098296126514
L24_gamma2p0_g0p0_T200,product,24,0.0,10.0,charge_density_wave,8,0.9110390108764934
L24_gamma2p0_g0p0_T200,product,24,0.0,10.0,charge_density_wave,9,0.08896099104492662
L24_gamma2p0_g0p0_T200,product,24,0.0,10.0,charge_density_wave,10,0.9110390088022322
L24_gamma2p0_g0p0_T200,product,24,0.0,10.0,charge_density_wave,11,0.08896099124594484
L24_gamma2p0_g0p0_T200,product,24,0.0,10.0,charge_density_wave,12,0.9110390087540552
L24_gamma2p0_g0p0_T200,product,24,0.0,10.0,charge_density_wave,13,0.0889609911977679
L24_gamma2p0_g0p0_T200,product,24,0.0,10.0,charge_density_wave,14,0.9110390089550735
L24_gamma2p0_g0p0_T200,product,24,0.0,10.0,charge_density_wave,15,0.08896098912350657
L24_gamma2p0_g0p0_T200,product,24,0.0,10.0,charge_density_wave,16,0.9110390170387349
L24_gamma2p0_g0p0_T200,product,24,0.0,10.0,charge_density_wave,17,0.08896090175488984
L24_gamma2p0_g0p0_T200,product,24,0.0,10.0,charge_density_wave,18,0.9110393755294194
L24_gamma2p0_g0p0_T200,product,24,0.0,10.0,charge_density_wave,19,0.08895664334866579
L24_gamma2p0_g0p0_T200,product,24,0.0,10.0,charge_density_wave,20,0.9110587511045685
L24_gamma2p0_g0p0_T200,product,24,0.0,10.0,charge_density_wave,21,0.08867199710373208
L24_gamma2p0_g0p0_T200,product,24,0.0,10.0,charge_density_wave,22,0.9128279374349735
L24_gamma2p0_g0p0_T200,product,24,0.0,10.0,charge_density_wave,23,0.017147165006061067
L24_gamma2p0_g0p0_T200,product,24,0.0,10.0,left,0,0.9891207913164286
L24_gamma2p0_g0p0_T200,product,24,0.0,10.0,left,1,0.3954157636110111
L24_gamma2p0_g0p0_T200,product,24,0.0,10.0,left,2,0.9651227271299285
L24_gamma2p0_g0p0_T200,product,24,0.0,10.0,left,3,0.3391318031191245
L24_gamma2p0_g0p0_T200,product,24,0.0,10.0,left,4,0.9456993792624093
L24_gamma2p0_g0p0_T200,product,24,0.0,10.0,left,5,0.15431785995257485
L24_gamma2p0_g0p0_T200,product,24,0.0,10.0,left,6,0.919708802497358
L24_gamma2p0_g0p0_T200,product,24,0.0,10.0,left,7,0.0981098276060715
L24_gamma2p0_g0p0_T200,product,24,0.0,10.0,left,8,0.9122872783295491
L24_gamma2p0_g0p0_T200,product,24,0.0,10.0,left,9,0.08978732840216738
L24_gamma2p0_g0p0_T200,product,24,0.0,10.0,left,10,0.9111819744952772
L24_gamma2p0_g0p0_T200,product,24,0.0,10.0,left,11,0.08898077450575226
L24_gamma2p0_g0p0_T200,product,24,0.0,10.0,left,12,0.9110192254942477
L24_gamma2p0_g0p0_T200,product,24,0.0,10.0,left,13,0.08881802550472274
L24_gamma2p0_g0p0_T200,product,24,0.0,10.0,left,14,0.9102126715978325
L24_gamma2p0_g0p0_T200,product,24,0.0,10.0,left,15,0.08771272167045084
L24_gamma2p0_g0p0_T200,product,24,0.0,10.0,left,16,0.9018901723939287
L24_gamma2p0_g0p0_T200,product,24,0.0,10.0,left,17,0.08029119750264194
L24_gamma2p0_g0p0_T200,product,24,0.0,10.0,left,18,0.8456821400474251
L24_gamma2p0_g0p0_T200,product,24,0.0,10.0,left,19,0.0543006207375909
L24_gamma2p0_g0p0_T200,product,24,0.0,10.0,left,20,0.6608681968808754
L24_gamma2p0_g0p0_T200,product,24,0.0,10.0,left,21,0.03487727287007154
L24_gamma2p0_g0p0_T200,product,24,0.0,10.0,left,22,0.6045842363889888
L24_gamma2p0_g0p0_T200,product,24,0.0,10.0,left,23,0.010879208683571335
L24_gamma2p0_g0p0_T250,product,24,0.0,12.5,charge_density_wave,0,0.9828528349939357
L24_gamma2p0_g0p0_T250,product,24,0.0,12.5,charge_density_wave,1,0.08717206256505287
L24_gamma2p0_g0p0_T250,product,24,0.0,12.5,charge_density_wave,2,0.9113280028962263
L24_gamma2p0_g0p0_T250,product,24,0.0,12.5,charge_density_wave,3,0.08894124889550227
L24_gamma2p0_g0p0_T250,product,24,0.0,12.5,charge_density_wave,4,0.9110433566512524
L24_gamma2p0_g0p0_T250,product,24,0.0,12.5,charge_density_wave,5,0.0889606244706768
L24_gamma2p0_g0p0_T250,product,24,0.0,12.5,charge_density_wave,6,0.9110390982450101
L24_gamma2p0_g0p0_T250,product,24,0.0,12.5,charge_density_wave,7,0.08896098296136923
L24_gamma2p0_g0p0_T250,product,24,0.0,12.5,charge_density_wave,8,0.9110390108763885
L24_gamma2p0_g0p0_T250,product,24,0.0,12.5,charge_density_wave,9,0.08896099104503238
L24_gamma2p0_g0p0_T250,product,24,0.0,12.5,charge_density_wave,10,0.9110390088021261
L24_gamma2p0_g0p0_T250,product,24,0.0,12.5,charge_density_wave,11,0.08896099124605086
L24_gamma2p0_g0p0_T250,product,24,0.0,12.5,charge_density_wave,12,0.9110390087539492
L24_gamma2p0_g0p0_T250,product,24,0.0,12.5,charge_density_wave,13,0.08896099119787385
L24_gamma2p0_g0p0_T250,product,24,0.0,12.5,charge_density_wave,14,0.9110390089549676
L24_gamma2p0_g0p0_T250,product,24,0.0,12.5,charge_density_wave,15,0.08896098912361158
L24_gamma2p0_g0p0_T250,product,24,0.0,12.5,charge_density_wave,16,0.9110390170386305
L24_gamma2p0_g0p0_T250,product,24,0.0,12.5,charge_density_wave,17,0.08896090175498986
L24_gamma2p0_g0p0_T250,product,24,0.0,12.5,charge_density_wave,18,0.9110393755293232
L24_gamma2p0_g0p0_T250,product,24,0.0,12.5,charge_density_wave,19,0.08895664334874752
L24_gamma2p0_g0p0_T250,product,24,0.0,12.5,charge_density_wave,20,0.9110587511044977
L24_gamma2p0_g0p0_T250,product,24,0.0,12.5,charge_density_wave,21,0.08867199710377367
L24_gamma2p0_g0p0_T250,product,24,0.0,12.5,charge_density_wave,22,0.9128279374349472
L24_gamma2p0_g0p0_T250,product,24,0.0,12.5,charge_density_wave,23,0.017147165006064287
L24_gamma2p0_g0p0_T250,product,24,0.0,12.5,left,0,0.982852847641932
L24_gamma2p0_g0p0_T250,product,24,0.0,12.5,left,1,0.087172611890891
L24_gamma2p0_g0p0_T250,product,24,0.0,12.5,left,2,0.9113281383699446
L24_gamma2p0_g0p0_T250,product,24,0.0,12.5,left,3,0.08894188134452785
L24_gamma2p0_g0p0_T250,product,24,0.0,12.5,left,4,0.9110435504075435
L24_gamma2p0_g0p0_T250,product,24,0.0,12.5,left,5,0.08896070391366805
L24_gamma2p0_g0p0_T250,product,24,0.0,12.5,left,6,0.9110393617110875
L24_gamma2p0_g0p0_T250,product,24,0.0,12.5,left,7,0.0889606241657917
L24_gamma2p0_g0p0_T250,product,24,0.0,12.5,left,8,0.911039435860878
L24_gamma2p0_g0p0_T250,product,24,0.0,12.5,left,9,0.08896039085623217
L24_gamma2p0_g0p0_T250,product,24,0.0,12.5,left,10,0.9110396086650202
L24_gamma2p0_g0p0_T250,product,24,0.0,12.5,left,11,0.0889603131282647
L24_gamma2p0_g0p0_T250,product,24,0.0,12.5,left,12,0.9110396868717352
L24_gamma2p0_g0p0_T250,product,24,0.0,12.5,left,13,0.08896039133497989
L24_gamma2p0_g0p0_T250,product,24,0.0,12.5,left,14,0.9110396091437678
L24_gamma2p0_g0p0_T250,product,24,0.0,12.5,left,15,0.08896056413912205
L24_gamma2p0_g0p0_T250,product,24,0.0,12.5,left,16,0.9110393758342085
L24_gamma2p0_g0p0_T250,product,24,0.0,12.5,left,17,0.0889606382889126
L24_gamma2p0_g0p0_T250,product,24,0.0,12.5,left,18,0.911039296086332
L24_gamma2p0_g0p0_T250,product,24,0.0,12.5,left,19,0.0889564495924563
L24_gamma2p0_g0p0_T250,product,24,0.0,12.5,left,20,0.911058118655472
L24_gamma2p0_g0p0_T250,product,24,0.0,12.5,left,21,0.08867186163005539
L24_gamma2p0_g0p0_T250,product,24,0.0,12.5,left,22,0.9128273881091091
L24_gamma2p0_g0p0_T250,product,24,0.0,12.5,left,23,0.017147152358068088
L24_gamma2p0_g0p0_T300,product,24,0.0,15.0,charge_density_wave,0,0.9828528349939358
L24_gamma2p0_g0p0_T300,product,24,0.0,15.0,charge_density_wave,1,0.08717206256505292
L24_gamma2p0_g0p0_T300,product,24,0.0,15.0,charge_density_wave,2,0.9113280028962264
L24_gamma2p0_g0p0_T300,product,24,0.0,15.0,charge_density_wave,3,0.08894124889550234
L24_gamma2p0_g0p0_T300,product,24,0.0,15.0,charge_density_wave,4,0.9110433566512522
L24_gamma2p0_g0p0_T300,product,24,0.0,15.0,charge_density_wave,5,0.08896062447067693
L24_gamma2p0_g0p0_T300,product,24,0.0,15.0,charge_density_wave,6,0.9110390982450101
L24_gamma2p0_g0p0_T300,product,24,0.0,15.0,charge_density_wave,7,0.08896098296136933
L24_gamma2p0_g0p0_T300,product,24,0.0,15.0,charge_density_wave,8,0.9110390108763882
L24_gamma2p0_g0p0_T300,product,24,0.0,15.0,charge_density_wave,9,0.08896099104503252
L24_gamma2p0_g0p0_T300,product,24,0.0,15.0,charge_density_wave,10,0.9110390088021261
L24_gamma2p0_g0p0_T300,product,24,0.0,15.0,charge_density_wave,11,0.08896099124605099
L24_gamma2p0_g0p0_T300,product,24,0.0,15.0,charge_density_wave,12,0.9110390087539489
L24_gamma2p0_g0p0_T300,product,24,0.0,15.0,charge_density_wave,13,0.08896099119787397
L24_gamma2p0_g0p0_T300,product,24,0.0,15.0,charge_density_wave,14,0.9110390089549675
L24_gamma2p0_g0p0_T300,product,24,0.0,15.0,charge_density_wave,15,0.08896098912361171
L24_gamma2p0_g0p0_T300,product,24,0.0,15.0,charge_density_wave,16,0.9110390170386307
L24_gamma2p0_g0p0_T300,product,24,0.0,15.0,charge_density_wave,17,0.08896090175498997
L24_gamma2p0_g0p0_T300,product,24,0.0,15.0,charge_density_wave,18,0.911039375529323
L24_gamma2p0_g0p0_T300,product,24,0.0,15.0,charge_density_wave,19,0.08895664334874762
L24_gamma2p0_g0p0_T300,product,24,0.0,15.0,charge_density_wave,20,0.9110587511044976
L24_gamma2p0_g0p0_T300,product,24,0.0,15.0,charge_density_wave,21,0.08867199710377371
L24_gamma2p0_g0p0_T300,product,24,0.0,15.0,charge_density_wave,22,0.9128279374349472
L24_gamma2p0_g0p0_T300,product,24,0.0,15.0,charge_density_wave,23,0.01714716500606429
L24_gamma2p0_g0p0_T300,product,24,0.0,15.0,left,0,0.982852834997361
L24_gamma2p0_g0p0_T300,product,24,0.0,15.0,left,1,0.08717206251128368
L24_gamma2p0_g0p0_T300,product,24,0.0,15.0,left,2,0.9113280029659175
L24_gamma2p0_g0p0_T300,product,24,0.0,15.0,left,3,0.08894124861692004
L24_gamma2p0_g0p0_T300,product,24,0.0,15.0,left,4,0.9110433569493045
L24_gamma2p0_g0p0_T300,product,24,0.0,15.0,left,5,0.08896062369751158
L24_gamma2p0_g0p0_T300,product,24,0.0,15.0,left,6,0.9110390990302355
L24_gamma2p0_g0p0_T300,product,24,0.0,15.0,left,7,0.08896098147155881
L24_gamma2p0_g0p0_T300,product,24,0.0,15.0,left,8,0.9110390123647139
L24_gamma2p0_g0p0_T300,product,24,0.0,15.0,left,9,0.08896098888785138
L24_gamma2p0_g0p0_T300,product,24,0.0,15.0,left,10,0.9110390109522651
L24_gamma2p0_g0p0_T300,product,24,0.0,15.0,left,11,0.08896098881756276
L24_gamma2p0_g0p0_T300,product,24,0.0,15.0,left,12,0.9110390111824372
L24_gamma2p0_g0p0_T300,product,24,0.0,15.0,left,13,0.0889609890477349
L24_gamma2p0_g0p0_T300,product,24,0.0,15.0,left,14,0.9110390111121486
L24_gamma2p0_g0p0_T300,product,24,0.0,15.0,left,15,0.08896098763528615
L24_gamma2p0_g0p0_T300,product,24,0.0,15.0,left,16,0.9110390185284412
L24_gamma2p0_g0p0_T300,product,24,0.0,15.0,left,17,0.08896090096976446
L24_gamma2p0_g0p0_T300,product,24,0.0,15.0,left,18,0.9110393763024884
L24_gamma2p0_g0p0_T300,product,24,0.0,15.0,left,19,0.08895664305069562
L24_gamma2p0_g0p0_T300,product,24,0.0,15.0,left,20,0.91105875138308
L24_gamma2p0_g0p0_T300,product,24,0.0,15.0,left,21,0.0886719970340826
L24_gamma2p0_g0p0_T300,product,24,0.0,15.0,left,22,0.9128279374887163
L24_gamma2p0_g0p0_T300,product,24,0.0,15.0,left,23,0.01714716500263906
L24_gamma2p0_g0p0_T350,product,24,0.0,17.5,charge_density_wave,0,0.9828528349939355
L24_gamma2p0_g0p0_T350,product,24,0.0,17.5,charge_density_wave,1,0.0871720625650529
L24_gamma2p0_g0p0_T350,product,24,0.0,17.5,charge_density_wave,2,0.9113280028962263
L24_gamma2p0_g0p0_T350,product,24,0.0,17.5,charge_density_wave,3,0.08894124889550234
L24_gamma2p0_g0p0_T350,product,24,0.0,17.5,charge_density_wave,4,0.9110433566512525
L24_gamma2p0_g0p0_T350,product,24,0.0,17.5,charge_density_wave,5,0.08896062447067693
L24_gamma2p0_g0p0_T350,product,24,0.0,17.5,charge_density_wave,6,0.91103909824501
L24_gamma2p0_g0p0_T350,product,24,0.0,17.5,charge_density_wave,7,0.08896098296136935
L24_gamma2p0_g0p0_T350,product,24,0.0,17.5,charge_density_wave,8,0.9110390108763884
L24_gamma2p0_g0p0_T350,product,24,0.0,17.5,charge_density_wave,9,0.08896099104503251
L24_gamma2p0_g0p0_T350,product,24,0.0,17.5,charge_density_wave,10,0.9110390088021262
L24_gamma2p0_g0p0_T350,product,24,0.0,17.5,charge_density_wave,11,0.08896099124605099
L24_gamma2p0_g0p0_T350,product,24,0.0,17.5,charge_density_wave,12,0.911039008753949
L24_gamma2p0_g0p0_T350,product,24,0.0,17.5,charge_density_wave,13,0.08896099119787398
L24_gamma2p0_g0p0_T350,product,24,0.0,17.5,charge_density_wave,14,0.9110390089549676
L24_gamma2p0_g0p0_T350,product,24,0.0,17.5,charge_density_wave,15,0.08896098912361171
L24_gamma2p0_g0p0_T350,product,24,0.0,17.5,charge_density_wave,16,0.9110390170386307
L24_gamma2p0_g0p0_T350,product,24,0.0,17.5,charge_density_wave,17,0.08896090175498997
L24_gamma2p0_g0p0_T350,product,24,0.0,17.5,charge_density_wave,18,0.911039375529323
L24_gamma2p0_g0p0_T350,product,24,0.0,17.5,charge_density_wave,19,0.08895664334874762
L24_gamma2p0_g0p0_T350,product,24,0.0,17.5,charge_density_wave,20,0.9110587511044976
L24_gamma2p0_g0p0_T350,product,24,0.0,17.5,charge_density_wave,21,0.08867199710377371
L24_gamma2p0_g0p0_T350,product,24,0.0,17.5,charge_density_wave,22,0.9128279374349471
L24_gamma2p0_g0p0_T350,product,24,0.0,17.5,charge_density_wave,23,0.01714716500606429
L24_gamma2p0_g0p0_T350,product,24,0.0,17.5,left,0,0.9828528349939455
L24_gamma2p0_g0p0_T350,product,24,0.0,17.5,left,1,0.08717206256491292
L24_gamma2p0_g0p0_T350,product,24,0.0,17.5,left,2,0.9113280028964186
L24_gamma2p0_g0p0_T350,product,24,0.0,17.5,left,3,0.08894124889479164
L24_gamma2p0_g0p0_T350,product,24,0.0,17.5,left,4,0.9110433566520499
L24_gamma2p0_g0p0_T350,product,24,0.0,17.5,left,5,0.08896062446871723
L24_gamma2p0_g0p0_T350,product,24,0.0,17.5,left,6,0.9110390982470752
L24_gamma2p0_g0p0_T350,product,24,0.0,17.5,left,7,0.08896098295758001
L24_gamma2p0_g0p0_T350,product,24,0.0,17.5,left,8,0.9110390108802693
L24_gamma2p0_g0p0_T350,product,24,0.0,17.5,left,9,0.08896099103950769
L24_gamma2p0_g0p0_T350,product,24,0.0,17.5,left,10,0.9110390088077019
L24_gamma2p0_g0p0_T350,product,24,0.0,17.5,left,11,0.08896099123978879
L24_gamma2p0_g0p0_T350,product,24,0.0,17.5,left,12,0.9110390087602113
L24_gamma2p0_g0p0_T350,product,24,0.0,17.5,left,13,0.08896099119229799
L24_gamma2p0_g0p0_T350,product,24,0.0,17.5,left,14,0.9110390089604923
L24_gamma2p0_g0p0_T350,product,24,0.0,17.5,left,15,0.08896098911973059
L24_gamma2p0_g0p0_T350,product,24,0.0,17.5,left,16,0.91103901704242
L24_gamma2p0_g0p0_T350,product,24,0.0,17.5,left,17,0.08896090175292473
L24_gamma2p0_g0p0_T350,product,24,0.0,17.5,left,18,0.9110393755312829
L24_gamma2p0_g0p0_T350,product,24,0.0,17.5,left,19,0.08895664334795006
L24_gamma2p0_g0p0_T350,product,24,0.0,17.5,left,20,0.9110587511052084
L24_gamma2p0_g0p0_T350,product,24,0.0,17.5,left,21,0.08867199710358131
L24_gamma2p0_g0p0_T350,product,24,0.0,17.5,left,22,0.9128279374350872
L24_gamma2p0_g0p0_T350,product,24,0.0,17.5,left,23,0.017147165006054496
L24_gamma2p0_g0p0_T400,product,24,0.0,20.0,charge_density_wave,0,0.9828528349939357
L24_gamma2p0_g0p0_T400,product,24,0.0,20.0,charge_density_wave,1,0.0871720625650529
L24_gamma2p0_g0p0_T400,product,24,0.0,20.0,charge_density_wave,2,0.9113280028962261
L24_gamma2p0_g0p0_T400,product,24,0.0,20.0,charge_density_wave,3,0.08894124889550233
L24_gamma2p0_g0p0_T400,product,24,0.0,20.0,charge_density_wave,4,0.9110433566512525
L24_gamma2p0_g0p0_T400,product,24,0.0,20.0,charge_density_wave,5,0.08896062447067692
L24_gamma2p0_g0p0_T400,product,24,0.0,20.0,charge_density_wave,6,0.9110390982450102
L24_gamma2p0_g0p0_T400,product,24,0.0,20.0,charge_density_wave,7,0.08896098296136935
L24_gamma2p0_g0p0_T400,product,24,0.0,20.0,charge_density_wave,8,0.9110390108763883
L24_gamma2p0_g0p0_T400,product,24,0.0,20.0,charge_density_wave,9,0.08896099104503251
L24_gamma2p0_g0p0_T400,product,24,0.0,20.0,charge_density_wave,10,0.9110390088021262
L24_gamma2p0_g0p0_T400,product,24,0.0,20.0,charge_density_wave,11,0.08896099124605099
L24_gamma2p0_g0p0_T400,product,24,0.0,20.0,charge_density_wave,12,0.9110390087539489
L24_gamma2p0_g0p0_T400,product,24,0.0,20.0,charge_density_wave,13,0.08896099119787396
L24_gamma2p0_g0p0_T400,product,24,0.0,20.0,charge_density_wave,14,0.9110390089549676
L24_gamma2p0_g0p0_T400,product,24,0.0,20.0,charge_density_wave,15,0.0889609891236117
L24_gamma2p0_g0p0_T400,product,24,0.0,20.0,charge_density_wave,16,0.9110390170386307
L24_gamma2p0_g0p0_T400,product,24,0.0,20.0,charge_density_wave,17,0.08896090175498997
L24_gamma2p0_g0p0_T400,product,24,0.0,20.0,charge_density_wave,18,0.9110393755293231
L24_gamma2p0_g0p0_T400,product,24,0.0,20.0,charge_density_wave,19,0.08895664334874762
L24_gamma2p0_g0p0_T400,product,24,0.0,20.0,charge_density_wave,20,0.9110587511044976
L24_gamma2p0_g0p0_T400,product,24,0.0,20.0,charge_density_wave,21,0.08867199710377371
L24_gamma2p0_g0p0_T400,product,24,0.0,20.0,charge_density_wave,22,0.9128279374349472
L24_gamma2p0_g0p0_T400,product,24,0.0,20.0,charge_density_wave,23,0.01714716500606429
L24_gamma2p0_g0p0_T400,product,24,0.0,20.0,left,0,0.9828528349939356
L24_gamma2p0_g0p0_T400,product,24,0.0,20.0,left,1,0.08717206256505258
L24_gamma2p0_g0p0_T400,product,24,0.0,20.0,left,2,0.9113280028962266
L24_gamma2p0_g0p0_T400,product,24,0.0,20.0,left,3,0.08894124889550081
L24_gamma2p0_g0p0_T400,product,24,0.0,20.0,left,4,0.9110433566512542
L24_gamma2p0_g0p0_T400,product,24,0.0,20.0,left,5,0.08896062447067281
L24_gamma2p0_g0p0_T400,product,24,0.0,20.0,left,6,0.9110390982450144
L24_gamma2p0_g0p0_T400,product,24,0.0,20.0,left,7,0.08896098296136142
L24_gamma2p0_g0p0_T400,product,24,0.0,20.0,left,8,0.9110390108763967
L24_gamma2p0_g0p0_T400,product,24,0.0,20.0,left,9,0.08896099104502098
L24_gamma2p0_g0p0_T400,product,24,0.0,20.0,left,10,0.9110390088021378
L24_gamma2p0_g0p0_T400,product,24,0.0,20.0,left,11,0.08896099124603785
L24_gamma2p0_g0p0_T400,product,24,0.0,20.0,left,12,0.9110390087539622
L24_gamma2p0_g0p0_T400,product,24,0.0,20.0,left,13,0.08896099119786222
L24_gamma2p0_g0p0_T400,product,24,0.0,20.0,left,14,0.9110390089549791
L24_gamma2p0_g0p0_T400,product,24,0.0,20.0,left,15,0.08896098912360344
L24_gamma2p0_g0p0_T400,product,24,0.0,20.0,left,16,0.9110390170386387
L24_gamma2p0_g0p0_T400,product,24,0.0,20.0,left,17,0.0889609017549855
L24_gamma2p0_g0p0_T400,product,24,0.0,20.0,left,18,0.9110393755293271
L24_gamma2p0_g0p0_T400,product,24,0.0,20.0,left,19,0.08895664334874584
L24_gamma2p0_g0p0_T400,product,24,0.0,20.0,left,20,0.9110587511044992
L24_gamma2p0_g0p0_T400,product,24,0.0,20.0,left,21,0.08867199710377328
L24_gamma2p0_g0p0_T400,product,24,0.0,20.0,left,22,0.9128279374349475
L24_gamma2p0_g0p0_T400,product,24,0.0,20.0,left,23,0.01714716500606427
L24_gamma2p0_g0p0_T500,product,24,0.0,25.0,charge_density_wave,0,0.9828528349939357
L24_gamma2p0_g0p0_T500,product,24,0.0,25.0,charge_density_wave,1,0.0871720625650529
L24_gamma2p0_g0p0_T500,product,24,0.0,25.0,charge_density_wave,2,0.9113280028962261
L24_gamma2p0_g0p0_T500,product,24,0.0,25.0,charge_density_wave,3,0.08894124889550233
L24_gamma2p0_g0p0_T500,product,24,0.0,25.0,charge_density_wave,4,0.9110433566512521
L24_gamma2p0_g0p0_T500,product,24,0.0,25.0,charge_density_wave,5,0.08896062447067694
L24_gamma2p0_g0p0_T500,product,24,0.0,25.0,charge_density_wave,6,0.91103909824501
L24_gamma2p0_g0p0_T500,product,24,0.0,25.0,charge_density_wave,7,0.08896098296136935
L24_gamma2p0_g0p0_T500,product,24,0.0,25.0,charge_density_wave,8,0.9110390108763885
L24_gamma2p0_g0p0_T500,product,24,0.0,25.0,charge_density_wave,9,0.08896099104503254
L24_gamma2p0_g0p0_T500,product,24,0.0,25.0,charge_density_wave,10,0.9110390088021258
L24_gamma2p0_g0p0_T500,product,24,0.0,25.0,charge_density_wave,11,0.08896099124605097
L24_gamma2p0_g0p0_T500,product,24,0.0,25.0,charge_density_wave,12,0.9110390087539488
L24_gamma2p0_g0p0_T500,product,24,0.0,25.0,charge_density_wave,13,0.08896099119787398
L24_gamma2p0_g0p0_T500,product,24,0.0,25.0,charge_density_wave,14,0.9110390089549676
L24_gamma2p0_g0p0_T500,product,24,0.0,25.0,charge_density_wave,15,0.0889609891236117
L24_gamma2p0_g0p0_T500,product,24,0.0,25.0,charge_density_wave,16,0.9110390170386308
L24_gamma2p0_g0p0_T500,product,24,0.0,25.0,charge_density_wave,17,0.08896090175498997
L24_gamma2p0_g0p0_T500,product,24,0.0,25.0,charge_density_wave,18,0.911039375529323
L24_gamma2p0_g0p0_T500,product,24,0.0,25.0,charge_density_wave,19,0.08895664334874762
L24_gamma2p0_g0p0_T500,product,24,0.0,25.0,charge_density_wave,20,0.9110587511044977
L24_gamma2p0_g0p0_T500,product,24,0.0,25.0,charge_density_wave,21,0.08867199710377371
L24_gamma2p0_g0p0_T500,product,24,0.0,25.0,charge_density_wave,22,0.9128279374349472
L24_gamma2p0_g0p0_T500,product,24,0.0,25.0,charge_density_wave,23,0.01714716500606429
L24_gamma2p0_g0p0_T500,product,24,0.0,25.0,left,0,0.9828528349939359
L24_gamma2p0_g0p0_T500,product,24,0.0,25.0,left,1,0.08717206256505289
L24_gamma2p0_g0p0_T500,product,24,0.0,25.0,left,2,0.9113280028962263
L24_gamma2p0_g0p0_T500,product,24,0.0,25.0,left,3,0.08894124889550234
L24_gamma2p0_g0p0_T500,product,24,0.0,25.0,left,4,0.9110433566512524
L24_gamma2p0_g0p0_T500,product,24,0.0,25.0,left,5,0.08896062447067694
L24_gamma2p0_g0p0_T500,product,24,0.0,25.0,left,6,0.9110390982450101
L24_gamma2p0_g0p0_T500,product,24,0.0,25.0,left,7,0.08896098296136935
L24_gamma2p0_g0p0_T500,product,24,0.0,25.0,left,8,0.9110390108763884
L24_gamma2p0_g0p0_T500,product,24,0.0,25.0,left,9,0.08896099104503251
L24_gamma2p0_g0p0_T500,product,24,0.0,25.0,left,10,0.9110390088021261
L24_gamma2p0_g0p0_T500,product,24,0.0,25.0,left,11,0.08896099124605099
L24_gamma2p0_g0p0_T500,product,24,0.0,25.0,left,12,0.911039008753949
L24_gamma2p0_g0p0_T500,product,24,0.0,25.0,left,13,0.08896099119787398
L24_gamma2p0_g0p0_T500,product,24,0.0,25.0,left,14,0.9110390089549675
L24_gamma2p0_g0p0_T500,product,24,0.0,25.0,left,15,0.0889609891236117
L24_gamma2p0_g0p0_T500,product,24,0.0,25.0,left,16,0.9110390170386307
L24_gamma2p0_g0p0_T500,product,24,0.0,25.0,left,17,0.08896090175498997
L24_gamma2p0_g0p0_T500,product,24,0.0,25.0,left,18,0.911039375529323
L24_gamma2p0_g0p0_T500,product,24,0.0,25.0,left,19,0.0889566433487476
L24_gamma2p0_g0p0_T500,product,24,0.0,25.0,left,20,0.9110587511044977
L24_gamma2p0_g0p0_T500,product,24,0.0,25.0,left,21,0.08867199710377371
L24_gamma2p0_g0p0_T500,product,24,0.0,25.0,left,22,0.9128279374349471
L24_gamma2p0_g0p0_T500,product,24,0.0,25.0,left,23,0.01714716500606429
L24_gamma2p0_g0p1_T200,product,24,0.1,10.0,charge_density_wave,0,0.9826257398731487
L24_gamma2p0_g0p1_T200,product,24,0.1,10.0,charge_density_wave,1,0.07543053548771946
L24_gamma2p0_g0p1_T200,product,24,0.1,10.0,charge_density_wave,2,0.9227584362793363
L24_gamma2p0_g0p1_T200,product,24,0.1,10.0,charge_density_wave,3,0.0774629202206076
L24_gamma2p0_g0p1_T200,product,24,0.1,10.0,charge_density_wave,4,0.9225169081580542
L24_gamma2p0_g0p1_T200,product,24,0.1,10.0,charge_density_wave,5,0.07748615052154922
L24_gamma2p0_g0p1_T200,product,24,0.1,10.0,charge_density_wave,6,0.9225134613123775
L24_gamma2p0_g0p1_T200,product,24,0.1,10.0,charge_density_wave,7,0.07748659746192002
L24_gamma2p0_g0p1_T200,product,24,0.1,10.0,charge_density_wave,8,0.9225133934072925
L24_gamma2p0_g0p1_T200,product,24,0.1,10.0,charge_density_wave,9,0.07748660790629457
L24_gamma2p0_g0p1_T200,product,24,0.1,10.0,charge_density_wave,10,0.9225133918552584
L24_gamma2p0_g0p1_T200,product,24,0.1,10.0,charge_density_wave,11,0.07748660817589632
L24_gamma2p0_g0p1_T200,product,24,0.1,10.0,charge_density_wave,12,0.9225133918241039
L24_gamma2p0_g0p1_T200,product,24,0.1,10.0,charge_density_wave,13,0.07748660814474169
L24_gamma2p0_g0p1_T200,product,24,0.1,10.0,charge_density_wave,14,0.9225133920937055
L24_gamma2p0_g0p1_T200,product,24,0.1,10.0,charge_density_wave,15,0.07748660659270759
L24_gamma2p0_g0p1_T200,product,24,0.1,10.0,charge_density_wave,16,0.92251340253808
L24_gamma2p0_g0p1_T200,product,24,0.1,10.0,charge_density_wave,17,0.07748653868762242
L24_gamma2p0_g0p1_T200,product,24,0.1,10.0,charge_density_wave,18,0.9225138494784507
L24_gamma2p0_g0p1_T200,product,24,0.1,10.0,charge_density_wave,19,0.07748309184194584
L24_gamma2p0_g0p1_T200,product,24,0.1,10.0,charge_density_wave,20,0.9225370797793924
L24_gamma2p0_g0p1_T200,product,24,0.1,10.0,charge_density_wave,21,0.07724156372066368
L24_gamma2p0_g0p1_T200,product,24,0.1,10.0,charge_density_wave,22,0.9245694645122806
L24_gamma2p0_g0p1_T200,product,24,0.1,10.0,charge_density_wave,23,0.017374260126851192
L24_gamma2p0_g0p1_T200,product,24,0.1,10.0,left,0,0.98490424799613
L24_gamma2p0_g0p1_T200,product,24,0.1,10.0,left,1,0.18541266406209655
L24_gamma2p0_g0p1_T200,product,24,0.1,10.0,left,2,0.9410480365160357
L24_gamma2p0_g0p1_T200,product,24,0.1,10.0,left,3,0.18838155675472068
L24_gamma2p0_g0p1_T200,product,24,0.1,10.0,left,4,0.9361991642225864
L24_gamma2p0_g0p1_T200,product,24,0.1,10.0,left,5,0.11343105881708251
L24_gamma2p0_g0p1_T200,product,24,0.1,10.0,left,6,0.9266143211436451
L24_gamma2p0_g0p1_T200,product,24,0.1,10.0,left,7,0.08370414353166584
L24_gamma2p0_g0p1_T200,product,24,0.1,10.0,left,8,0.9232532964119493
L24_gamma2p0_g0p1_T200,product,24,0.1,10.0,left,9,0.07814941780325496
L24_gamma2p0_g0p1_T200,product,24,0.1,10.0,left,10,0.922651176702587
L24_gamma2p0_g0p1_T200,product,24,0.1,10.0,left,11,0.07747408420363908
L24_gamma2p0_g0p1_T200,product,24,0.1,10.0,left,12,0.922525915796361
L24_gamma2p0_g0p1_T200,product,24,0.1,10.0,left,13,0.07734882329741306
L24_gamma2p0_g0p1_T200,product,24,0.1,10.0,left,14,0.921850582196745
L24_gamma2p0_g0p1_T200,product,24,0.1,10.0,left,15,0.07674670358805069
L24_gamma2p0_g0p1_T200,product,24,0.1,10.0,left,16,0.9162958564683342
L24_gamma2p0_g0p1_T200,product,24,0.1,10.0,left,17,0.07338567885635505
L24_gamma2p0_g0p1_T200,product,24,0.1,10.0,left,18,0.8865689411829174
L24_gamma2p0_g0p1_T200,product,24,0.1,10.0,left,19,0.0638008357774136
L24_gamma2p0_g0p1_T200,product,24,0.1,10.0,left,20,0.8116184432452793
L24_gamma2p0_g0p1_T200,product,24,0.1,10.0,left,21,0.05895196348396442
L24_gamma2p0_g0p1_T200,product,24,0.1,10.0,left,22,0.8145873359379034
L24_gamma2p0_g0p1_T200,product,24,0.1,10.0,left,23,0.015095752003870085
L24_gamma2p0_g0p1_T300,product,24,0.1,15.0,charge_density_wave,0,0.9826257398731455
L24_gamma2p0_g0p1_T300,product,24,0.1,15.0,charge_density_wave,1,0.07543053548774209
L24_gamma2p0_g0p1_T300,product,24,0.1,15.0,charge_density_wave,2,0.922758436279297
L24_gamma2p0_g0p1_T300,product,24,0.1,15.0,charge_density_wave,3,0.07746292022067103
L24_gamma2p0_g0p1_T300,product,24,0.1,15.0,charge_density_wave,4,0.9225169081579786
L24_gamma2p0_g0p1_T300,product,24,0.1,15.0,charge_density_wave,5,0.07748615052163663
L24_gamma2p0_g0p1_T300,product,24,0.1,15.0,charge_density_wave,6,0.9225134613122857
L24_gamma2p0_g0p1_T300,product,24,0.1,15.0,charge_density_wave,7,0.07748659746201522
L24_gamma2p0_g0p1_T300,product,24,0.1,15.0,charge_density_wave,8,0.9225133934071962
L24_gamma2p0_g0p1_T300,product,24,0.1,15.0,charge_density_wave,9,0.07748660790639147
L24_gamma2p0_g0p1_T300,product,24,0.1,15.0,charge_density_wave,10,0.9225133918551612
L24_gamma2p0_g0p1_T300,product,24,0.1,15.0,charge_density_wave,11,0.0774866081759935
L24_gamma2p0_g0p1_T300,product,24,0.1,15.0,charge_density_wave,12,0.9225133918240066
L24_gamma2p0_g0p1_T300,product,24,0.1,15.0,charge_density_wave,13,0.07748660814483879
L24_gamma2p0_g0p1_T300,product,24,0.1,15.0,charge_density_wave,14,0.9225133920936086
L24_gamma2p0_g0p1_T300,product,24,0.1,15.0,charge_density_wave,15,0.07748660659280387
L24_gamma2p0_g0p1_T300,product,24,0.1,15.0,charge_density_wave,16,0.9225134025379848
L24_gamma2p0_g0p1_T300,product,24,0.1,15.0,charge_density_wave,17,0.07748653868771432
L24_gamma2p0_g0p1_T300,product,24,0.1,15.0,charge_density_wave,18,0.9225138494783633
L24_gamma2p0_g0p1_T300,product,24,0.1,15.0,charge_density_wave,19,0.07748309184202148
L24_gamma2p0_g0p1_T300,product,24,0.1,15.0,charge_density_wave,20,0.922537079779329
L24_gamma2p0_g0p1_T300,product,24,0.1,15.0,charge_density_wave,21,0.07724156372070307
L24_gamma2p0_g0p1_T300,product,24,0.1,15.0,charge_density_wave,22,0.9245694645122579
L24_gamma2p0_g0p1_T300,product,24,0.1,15.0,charge_density_wave,23,0.017374260126854595
L24_gamma2p0_g0p1_T300,product,24,0.1,15.0,left,0,0.9826257398768773
L24_gamma2p0_g0p1_T300,product,24,0.1,15.0,left,1,0.07543053544200205
L24_gamma2p0_g0p1_T300,product,24,0.1,15.0,left,2,0.9227584363465167
L24_gamma2p0_g0p1_T300,product,24,0.1,15.0,left,3,0.07746291998009865
L24_gamma2p0_g0p1_T300,product,24,0.1,15.0,left,4,0.9225169084366389
L24_gamma2p0_g0p1_T300,product,24,0.1,15.0,left,5,0.07748614984943808
L24_gamma2p0_g0p1_T300,product,24,0.1,15.0,left,6,0.9225134620335369
L24_gamma2p0_g0p1_T300,product,24,0.1,15.0,left,7,0.07748659615758868
L24_gamma2p0_g0p1_T300,product,24,0.1,15.0,left,8,0.9225133947567961
L24_gamma2p0_g0p1_T300,product,24,0.1,15.0,left,9,0.07748660600335862
L24_gamma2p0_g0p1_T300,product,24,0.1,15.0,left,10,0.9225133937847014
L24_gamma2p0_g0p1_T300,product,24,0.1,15.0,left,11,0.07748660601616682
L24_gamma2p0_g0p1_T300,product,24,0.1,15.0,left,12,0.9225133939838333
L24_gamma2p0_g0p1_T300,product,24,0.1,15.0,left,13,0.0774866062152985
L24_gamma2p0_g0p1_T300,product,24,0.1,15.0,left,14,0.9225133939966413
L24_gamma2p0_g0p1_T300,product,24,0.1,15.0,left,15,0.0774866052432039
L24_gamma2p0_g0p1_T300,product,24,0.1,15.0,left,16,0.9225134038424113
L24_gamma2p0_g0p1_T300,product,24,0.1,15.0,left,17,0.07748653796646311
L24_gamma2p0_g0p1_T300,product,24,0.1,15.0,left,18,0.9225138501505619
L24_gamma2p0_g0p1_T300,product,24,0.1,15.0,left,19,0.07748309156336121
L24_gamma2p0_g0p1_T300,product,24,0.1,15.0,left,20,0.9225370800199013
L24_gamma2p0_g0p1_T300,product,24,0.1,15.0,left,21,0.07724156365348347
L24_gamma2p0_g0p1_T300,product,24,0.1,15.0,left,22,0.9245694645579979
L24_gamma2p0_g0p1_T300,product,24,0.1,15.0,left,23,0.01737426012312277
L24_gamma2p0_g0p1_T400,product,24,0.1,20.0,charge_density_wave,0,0.9826257398731454
L24_gamma2p0_g0p1_T400,product,24,0.1,20.0,charge_density_wave,1,0.07543053548774206
L24_gamma2p0_g0p1_T400,product,24,0.1,20.0,charge_density_wave,2,0.9227584362792968
L24_gamma2p0_g0p1_T400,product,24,0.1,20.0,charge_density_wave,3,0.07746292022067103
L24_gamma2p0_g0p1_T400,product,24,0.1,20.0,charge_density_wave,4,0.9225169081579786
L24_gamma2p0_g0p1_T400,product,24,0.1,20.0,charge_density_wave,5,0.07748615052163663
L24_gamma2p0_g0p1_T400,product,24,0.1,20.0,charge_density_wave,6,0.9225134613122855
L24_gamma2p0_g0p1_T400,product,24,0.1,20.0,charge_density_wave,7,0.07748659746201524
L24_gamma2p0_g0p1_T400,product,24,0.1,20.0,charge_density_wave,8,0.9225133934071962
L24_gamma2p0_g0p1_T400,product,24,0.1,20.0,charge_density_wave,9,0.07748660790639149
L24_gamma2p0_g0p1_T400,product,24,0.1,20.0,charge_density_wave,10,0.9225133918551612
L24_gamma2p0_g0p1_T400,product,24,0.1,20.0,charge_density_wave,11,0.0774866081759935
L24_gamma2p0_g0p1_T400,product,24,0.1,20.0,charge_density_wave,12,0.9225133918240065
L24_gamma2p0_g0p1_T400,product,24,0.1,20.0,charge_density_wave,13,0.07748660814483878
L24_gamma2p0_g0p1_T400,product,24,0.1,20.0,charge_density_wave,14,0.9225133920936086
L24_gamma2p0_g0p1_T400,product,24,0.1,20.0,charge_density_wave,15,0.07748660659280387
L24_gamma2p0_g0p1_T400,product,24,0.1,20.0,charge_density_wave,16,0.9225134025379848
L24_gamma2p0_g0p1_T400,product,24,0.1,20.0,charge_density_wave,17,0.07748653868771432
L24_gamma2p0_g0p1_T400,product,24,0.1,20.0,charge_density_wave,18,0.9225138494783633
L24_gamma2p0_g0p1_T400,product,24,0.1,20.0,charge_density_wave,19,0.07748309184202148
L24_gamma2p0_g0p1_T400,product,24,0.1,20.0,charge_density_wave,20,0.9225370797793289
L24_gamma2p0_g0p1_T400,product,24,0.1,20.0,charge_density_wave,21,0.07724156372070307
L24_gamma2p0_g0p1_T400,product,24,0.1,20.0,charge_density_wave,22,0.9245694645122579
L24_gamma2p0_g0p1_T400,product,24,0.1,20.0,charge_density_wave,23,0.017374260126854595
L24_gamma2p0_g0p1_T400,product,24,0.1,20.0,left,0,0.9826257398731454
L24_gamma2p0_g0p1_T400,product,24,0.1,20.0,left,1,0.07543053548774181
L24_gamma2p0_g0p1_T400,product,24,0.1,20.0,left,2,0.9227584362792974
L24_gamma2p0_g0p1_T400,product,24,0.1,20.0,left,3,0.0774629202206697
L24_gamma2p0_g0p1_T400,product,24,0.1,20.0,left,4,0.9225169081579802
L24_gamma2p0_g0p1_T400,product,24,0.1,20.0,left,5,0.077486150521633
L24_gamma2p0_g0p1_T400,product,24,0.1,20.0,left,6,0.9225134613122898
L24_gamma2p0_g0p1_T400,product,24,0.1,20.0,left,7,0.07748659746200826
L24_gamma2p0_g0p1_T400,product,24,0.1,20.0,left,8,0.9225133934072036
L24_gamma2p0_g0p1_T400,product,24,0.1,20.0,left,9,0.07748660790638125
L24_gamma2p0_g0p1_T400,product,24,0.1,20.0,left,10,0.9225133918551717
L24_gamma2p0_g0p1_T400,product,24,0.1,20.0,left,11,0.07748660817598178
L24_gamma2p0_g0p1_T400,product,24,0.1,20.0,left,12,0.9225133918240183
L24_gamma2p0_g0p1_T400,product,24,0.1,20.0,left,13,0.07748660814482819
L24_gamma2p0_g0p1_T400,product,24,0.1,20.0,left,14,0.9225133920936186
L24_gamma2p0_g0p1_T400,product,24,0.1,20.0,left,15,0.07748660659279635
L24_gamma2p0_g0p1_T400,product,24,0.1,20.0,left,16,0.9225134025379917
L24_gamma2p0_g0p1_T400,product,24,0.1,20.0,left,17,0.07748653868771022
L24_gamma2p0_g0p1_T400,product,24,0.1,20.0,left,18,0.9225138494783671
L24_gamma2p0_g0p1_T400,product,24,0.1,20.0,left,19,0.07748309184201983
L24_gamma2p0_g0p1_T400,product,24,0.1,20.0,left,20,0.9225370797793303
L24_gamma2p0_g0p1_T400,product,24,0.1,20.0,left,21,0.07724156372070265
L24_gamma2p0_g0p1_T400,product,24,0.1,20.0,left,22,0.9245694645122583
L24_gamma2p0_g0p1_T400,product,24,0.1,20.0,left,23,0.01737426012685457
L24_gamma2p0_g0p1_T500,product,24,0.1,25.0,charge_density_wave,0,0.9826257398731455
L24_gamma2p0_g0p1_T500,product,24,0.1,25.0,charge_density_wave,1,0.07543053548774208
L24_gamma2p0_g0p1_T500,product,24,0.1,25.0,charge_density_wave,2,0.9227584362792969
L24_gamma2p0_g0p1_T500,product,24,0.1,25.0,charge_density_wave,3,0.07746292022067101
L24_gamma2p0_g0p1_T500,product,24,0.1,25.0,charge_density_wave,4,0.9225169081579785
L24_gamma2p0_g0p1_T500,product,24,0.1,25.0,charge_density_wave,5,0.07748615052163664
L24_gamma2p0_g0p1_T500,product,24,0.1,25.0,charge_density_wave,6,0.9225134613122856
L24_gamma2p0_g0p1_T500,product,24,0.1,25.0,charge_density_wave,7,0.07748659746201524
L24_gamma2p0_g0p1_T500,product,24,0.1,25.0,charge_density_wave,8,0.9225133934071961
L24_gamma2p0_g0p1_T500,product,24,0.1,25.0,charge_density_wave,9,0.0774866079063915
L24_gamma2p0_g0p1_T500,product,24,0.1,25.0,charge_density_wave,10,0.9225133918551613
L24_gamma2p0_g0p1_T500,product,24,0.1,25.0,charge_density_wave,11,0.07748660817599348
L24_gamma2p0_g0p1_T500,product,24,0.1,25.0,charge_density_wave,12,0.9225133918240066
L24_gamma2p0_g0p1_T500,product,24,0.1,25.0,charge_density_wave,13,0.07748660814483878
L24_gamma2p0_g0p1_T500,product,24,0.1,25.0,charge_density_wave,14,0.9225133920936084
L24_gamma2p0_g0p1_T500,product,24,0.1,25.0,charge_density_wave,15,0.07748660659280386
L24_gamma2p0_g0p1_T500,product,24,0.1,25.0,charge_density_wave,16,0.9225134025379849
L24_gamma2p0_g0p1_T500,product,24,0.1,25.0,charge_density_wave,17,0.07748653868771432
L24_gamma2p0_g0p1_T500,product,24,0.1,25.0,charge_density_wave,18,0.9225138494783633
L24_gamma2p0_g0p1_T500,product,24,0.1,25.0,charge_density_wave,19,0.07748309184202148
L24_gamma2p0_g0p1_T500,product,24,0.1,25.0,charge_density_wave,20,0.9225370797793291
L24_gamma2p0_g0p1_T500,product,24,0.1,25.0,charge_density_wave,21,0.07724156372070307
L24_gamma2p0_g0p1_T500,product,24,0.1,25.0,charge_density_wave,22,0.924569464512258
L24_gamma2p0_g0p1_T500,product,24,0.1,25.0,charge_density_wave,23,0.017374260126854595
L24_gamma2p0_g0p1_T500,product,24,0.1,25.0,left,0,0.9826257398731454
L24_gamma2p0_g0p1_T500,product,24,0.1,25.0,left,1,0.07543053548774208
L24_gamma2p0_g0p1_T500,product,24,0.1,25.0,left,2,0.922758436279297
L24_gamma2p0_g0p1_T500,product,24,0.1,25.0,left,3,0.07746292022067101
L24_gamma2p0_g0p1_T500,product,24,0.1,25.0,left,4,0.9225169081579785
L24_gamma2p0_g0p1_T500,product,24,0.1,25.0,left,5,0.07748615052163663
L24_gamma2p0_g0p1_T500,product,24,0.1,25.0,left,6,0.9225134613122856
L24_gamma2p0_g0p1_T500,product,24,0.1,25.0,left,7,0.07748659746201524
L24_gamma2p0_g0p1_T500,product,24,0.1,25.0,left,8,0.9225133934071961
L24_gamma2p0_g0p1_T500,product,24,0.1,25.0,left,9,0.07748660790639147
L24_gamma2p0_g0p1_T500,product,24,0.1,25.0,left,10,0.9225133918551613
L24_gamma2p0_g0p1_T500,product,24,0.1,25.0,left,11,0.0774866081759935
L24_gamma2p0_g0p1_T500,product,24,0.1,25.0,left,12,0.9225133918240065
L24_gamma2p0_g0p1_T500,product,24,0.1,25.0,left,13,0.07748660814483879
L24_gamma2p0_g0p1_T500,product,24,0.1,25.0,left,14,0.9225133920936086
L24_gamma2p0_g0p1_T500,product,24,0.1,25.0,left,15,0.07748660659280386
L24_gamma2p0_g0p1_T500,product,24,0.1,25.0,left,16,0.9225134025379848
L24_gamma2p0_g0p1_T500,product,24,0.1,25.0,left,17,0.07748653868771432
L24_gamma2p0_g0p1_T500,product,24,0.1,25.0,left,18,0.9225138494783633
L24_gamma2p0_g0p1_T500,product,24,0.1,25.0,left,19,0.07748309184202147
L24_gamma2p0_g0p1_T500,product,24,0.1,25.0,left,20,0.9225370797793289
L24_gamma2p0_g0p1_T500,product,24,0.1,25.0,left,21,0.07724156372070307
L24_gamma2p0_g0p1_T500,product,24,0.1,25.0,left,22,0.9245694645122579
L24_gamma2p0_g0p1_T500,product,24,0.1,25.0,left,23,0.017374260126854595
L24_gamma2p0_g0p25_T100,product,24,0.25,5.0,charge_density_wave,0,0.9823472863429944
L24_gamma2p0_g0p25_T100,product,24,0.25,5.0,charge_density_wave,1,0.06129573090655606
L24_gamma2p0_g0p25_T100,product,24,0.25,5.0,charge_density_wave,2,0.9365124693538536
L24_gamma2p0_g0p25_T100,product,24,0.25,5.0,charge_density_wave,3,0.06364741396018192
L24_gamma2p0_g0p25_T100,product,24,0.25,5.0,charge_density_wave,4,0.9363246258305347
L24_gamma2p0_g0p25_T100,product,24,0.25,5.0,charge_density_wave,5,0.06367720616872419
L24_gamma2p0_g0p25_T100,product,24,0.25,5.0,charge_density_wave,6,0.9363221952574077
L24_gamma2p0_g0p25_T100,product,24,0.25,5.0,charge_density_wave,7,0.06367783133483006
L24_gamma2p0_g0p25_T100,product,24,0.25,5.0,charge_density_wave,8,0.9363221529916986
L24_gamma2p0_g0p25_T100,product,24,0.25,5.0,charge_density_wave,9,0.06367784734171944
L24_gamma2p0_g0p25_T100,product,24,0.25,5.0,charge_density_wave,10,0.9363221521989048
L24_gamma2p0_g0p25_T100,product,24,0.25,5.0,charge_density_wave,11,0.0636778478004607
L24_gamma2p0_g0p25_T100,product,24,0.25,5.0,charge_density_wave,12,0.9363221521995394
L24_gamma2p0_g0p25_T100,product,24,0.25,5.0,charge_density_wave,13,0.06367784780109531
L24_gamma2p0_g0p25_T100,product,24,0.25,5.0,charge_density_wave,14,0.9363221526582807
L24_gamma2p0_g0p25_T100,product,24,0.25,5.0,charge_density_wave,15,0.06367784700830134
L24_gamma2p0_g0p25_T100,product,24,0.25,5.0,charge_density_wave,16,0.9363221686651699
L24_gamma2p0_g0p25_T100,product,24,0.25,5.0,charge_density_wave,17,0.06367780474259237
L24_gamma2p0_g0p25_T100,product,24,0.25,5.0,charge_density_wave,18,0.9363227938312759
L24_gamma2p0_g0p25_T100,product,24,0.25,5.0,charge_density_wave,19,0.06367537416946521
L24_gamma2p0_g0p25_T100,product,24,0.25,5.0,charge_density_wave,20,0.9363525860398182
L24_gamma2p0_g0p25_T100,product,24,0.25,5.0,charge_density_wave,21,0.06348753064614657
L24_gamma2p0_g0p25_T100,product,24,0.25,5.0,charge_density_wave,22,0.938704269093444
L24_gamma2p0_g0p25_T100,product,24,0.25,5.0,charge_density_wave,23,0.017652713657005596
L24_gamma2p0_g0p25_T100,product,24,0.25,5.0,left,0,0.9999867342274569
L24_gamma2p0_g0p25_T100,product,24,0.25,5.0,left,1,0.9988855764161365
L24_gamma2p0_g0p25_T100,product,24,0.25,5.0,left,2,0.999764814872969
L24_gamma2p0_g0p25_T100,product,24,0.25,5.0,left,3,0.9684617480915302
L24_gamma2p0_g0p25_T100,product,24,0.25,5.0,left,4,0.9984128481151309
L24_gamma2p0_g0p25_T100,product,24,0.25,5.0,left,5,0.694259508156253
L24_gamma2p0_g0p25_T100,product,24,0.25,5.0,left,6,0.9961220254026226
L24_gamma2p0_g0p25_T100,product,24,0.25,5.0,left,7,0.29346033573824987
L24_gamma2p0_g0p25_T100,product,24,0.25,5.0,left,8,0.9549327575931424
L24_gamma2p0_g0p25_T100,product,24,0.25,5.0,left,9,0.09067817861326084
L24_gamma2p0_g0p25_T100,product,24,0.25,5.0,left,10,0.9389886024655454
L24_gamma2p0_g0p25_T100,product,24,0.25,5.0,left,11,0.06468859003318837
L24_gamma2p0_g0p25_T100,product,24,0.25,5.0,left,12,0.9353114099668117
L24_gamma2p0_g0p25_T100,product,24,0.25,5.0,left,13,0.061011397534454594
L24_gamma2p0_g0p25_T100,product,24,0.25,5.0,left,14,0.9093218213867391
L24_gamma2p0_g0p25_T100,product,24,0.25,5.0,left,15,0.04506724240685758
L24_gamma2p0_g0p25_T100,product,24,0.25,5.0,left,16,0.7065396642617502
L24_gamma2p0_g0p25_T100,product,24,0.25,5.0,left,17,0.0038779745973773374
L24_gamma2p0_g0p25_T100,product,24,0.25,5.0,left,18,0.3057404918437471
L24_gamma2p0_g0p25_T100,product,24,0.25,5.0,left,19,0.0015871518848690242
L24_gamma2p0_g0p25_T100,product,24,0.25,5.0,left,20,0.03153825190846988
L24_gamma2p0_g0p25_T100,product,24,0.25,5.0,left,21,0.00023518512703105983
L24_gamma2p0_g0p25_T100,product,24,0.25,5.0,left,22,0.0011144235838634435
L24_gamma2p0_g0p25_T100,product,24,0.25,5.0,left,23,1.3265772543161102e-05
L24_gamma2p0_g0p25_T150,product,24,0.25,7.5,charge_density_wave,0,0.9823472806719994
L24_gamma2p0_g0p25_T150,product,24,0.25,7.5,charge_density_wave,1,0.06129575683787669
L24_gamma2p0_g0p25_T150,product,24,0.25,7.5,charge_density_wave,2,0.9365124243329248
L24_gamma2p0_g0p25_T150,product,24,0.25,7.5,charge_density_wave,3,0.06364747132544842
L24_gamma2p0_g0p25_T150,product,24,0.25,7.5,charge_density_wave,4,0.9363245620233693
L24_gamma2p0_g0p25_T150,product,24,0.25,7.5,charge_density_wave,5,0.06367727236437289
L24_gamma2p0_g0p25_T150,product,24,0.25,7.5,charge_density_wave,6,0.9363221280689934
L24_gamma2p0_g0p25_T150,product,24,0.25,7.5,charge_density_wave,7,0.06367789877778506
L24_gamma2p0_g0p25_T150,product,24,0.25,7.5,charge_density_wave,8,0.9363220854503399
L24_gamma2p0_g0p25_T150,product,24,0.25,7.5,charge_density_wave,9,0.06367791490166452
L24_gamma2p0_g0p25_T150,product,24,0.25,7.5,charge_density_wave,10,0.9363220846315794
L24_gamma2p0_g0p25_T150,product,24,0.25,7.5,charge_density_wave,11,0.06367791536877722
L24_gamma2p0_g0p25_T150,product,24,0.25,7.5,charge_density_wave,12,0.9363220846312227
L24_gamma2p0_g0p25_T150,product,24,0.25,7.5,charge_density_wave,13,0.0636779153684206
L24_gamma2p0_g0p25_T150,product,24,0.25,7.5,charge_density_wave,14,0.9363220850983355
L24_gamma2p0_g0p25_T150,product,24,0.25,7.5,charge_density_wave,15,0.06367791454965999
L24_gamma2p0_g0p25_T150,product,24,0.25,7.5,charge_density_wave,16,0.9363221012222149
L24_gamma2p0_g0p25_T150,product,24,0.25,7.5,charge_density_wave,17,0.06367787193100638
L24_gamma2p0_g0p25_T150,product,24,0.25,7.5,charge_density_wave,18,0.9363227276356271
L24_gamma2p0_g0p25_T150,product,24,0.25,7.5,charge_density_wave,19,0.06367543797663053
L24_gamma2p0_g0p25_T150,product,24,0.25,7.5,charge_density_wave,20,0.9363525286745517
L24_gamma2p0_g0p25_T150,product,24,0.25,7.5,charge_density_wave,21,0.06348757566707514
L24_gamma2p0_g0p25_T150,product,24,0.25,7.5,charge_density_wave,22,0.9387042431621233
L24_gamma2p0_g0p25_T150,product,24,0.25,7.5,charge_density_wave,23,0.017652719328000437
L24_gamma2p0_g0p25_T150,product,24,0.25,7.5,left,0,0.9935721530820284
L24_gamma2p0_g0p25_T150,product,24,0.25,7.5,left,1,0.6153015757762625
L24_gamma2p0_g0p25_T150,product,24,0.25,7.5,left,2,0.9955795674052194
L24_gamma2p0_g0p25_T150,product,24,0.25,7.5,left,3,0.40647167181530697
L24_gamma2p0_g0p25_T150,product,24,0.25,7.5,left,4,0.9689153775546828
L24_gamma2p0_g0p25_T150,product,24,0.25,7.5,left,5,0.18147585164227958
L24_gamma2p0_g0p25_T150,product,24,0.25,7.5,left,6,0.947011115518161
L24_gamma2p0_g0p25_T150,product,24,0.25,7.5,left,7,0.08931585782709392
L24_gamma2p0_g0p25_T150,product,24,0.25,7.5,left,8,0.9387858970902047
L24_gamma2p0_g0p25_T150,product,24,0.25,7.5,left,9,0.06690492283331441
L24_gamma2p0_g0p25_T150,product,24,0.25,7.5,left,10,0.9370045104187481
L24_gamma2p0_g0p25_T150,product,24,0.25,7.5,left,11,0.06354182871786167
L24_gamma2p0_g0p25_T150,product,24,0.25,7.5,left,12,0.9364581712821385
L24_gamma2p0_g0p25_T150,product,24,0.25,7.5,left,13,0.06299548958125173
L24_gamma2p0_g0p25_T150,product,24,0.25,7.5,left,14,0.9330950771666856
L24_gamma2p0_g0p25_T150,product,24,0.25,7.5,left,15,0.06121410290979548
L24_gamma2p0_g0p25_T150,product,24,0.25,7.5,left,16,0.910684142172906
L24_gamma2p0_g0p25_T150,product,24,0.25,7.5,left,17,0.052988884481839034
L24_gamma2p0_g0p25_T150,product,24,0.25,7.5,left,18,0.8185241483577204
L24_gamma2p0_g0p25_T150,product,24,0.25,7.5,left,19,0.03108462244531735
L24_gamma2p0_g0p25_T150,product,24,0.25,7.5,left,20,0.5935283281846931
L24_gamma2p0_g0p25_T150,product,24,0.25,7.5,left,21,0.00442043259478069
L24_gamma2p0_g0p25_T150,product,24,0.25,7.5,left,22,0.3846984242237375
L24_gamma2p0_g0p25_T150,product,24,0.25,7.5,left,23,0.006427846917971547
L24_gamma2p0_g0p25_T200,product,24,0.25,10.0,charge_density_wave,0,0.9823472806677869
L24_gamma2p0_g0p25_T200,product,24,0.25,10.0,charge_density_wave,1,0.06129575685811455
L24_gamma2p0_g0p25_T200,product,24,0.25,10.0,charge_density_wave,2,0.9365124242941342
L24_gamma2p0_g0p25_T200,product,24,0.25,10.0,charge_density_wave,3,0.06364747137957696
L24_gamma2p0_g0p25_T200,product,24,0.25,10.0,charge_density_wave,4,0.9363245619589183
L24_gamma2p0_g0p25_T200,product,24,0.25,10.0,charge_density_wave,5,0.0636772724340824
L24_gamma2p0_g0p25_T200,product,24,0.25,10.0,charge_density_wave,6,0.9363221279965581
L24_gamma2p0_g0p25_T200,product,24,0.25,10.0,charge_density_wave,7,0.0636778988512259
L24_gamma2p0_g0p25_T200,product,24,0.25,10.0,charge_density_wave,8,0.9363220853764469
L24_gamma2p0_g0p25_T200,product,24,0.25,10.0,charge_density_wave,9,0.06367791497568681
L24_gamma2p0_g0p25_T200,product,24,0.25,10.0,charge_density_wave,10,0.9363220845575031
L24_gamma2p0_g0p25_T200,product,24,0.25,10.0,charge_density_wave,11,0.06367791544286498
L24_gamma2p0_g0p25_T200,product,24,0.25,10.0,charge_density_wave,12,0.9363220845571351
L24_gamma2p0_g0p25_T200,product,24,0.25,10.0,charge_density_wave,13,0.0636779154424969
L24_gamma2p0_g0p25_T200,product,24,0.25,10.0,charge_density_wave,14,0.9363220850243132
L24_gamma2p0_g0p25_T200,product,24,0.25,10.0,charge_density_wave,15,0.06367791462355316
L24_gamma2p0_g0p25_T200,product,24,0.25,10.0,charge_density_wave,16,0.936322101148774
L24_gamma2p0_g0p25_T200,product,24,0.25,10.0,charge_density_wave,17,0.06367787200344205
L24_gamma2p0_g0p25_T200,product,24,0.25,10.0,charge_density_wave,18,0.9363227275659176
L24_gamma2p0_g0p25_T200,product,24,0.25,10.0,charge_density_wave,19,0.06367543804108168
L24_gamma2p0_g0p25_T200,product,24,0.25,10.0,charge_density_wave,20,0.9363525286204231
L24_gamma2p0_g0p25_T200,product,24,0.25,10.0,charge_density_wave,21,0.06348757570586581
L24_gamma2p0_g0p25_T200,product,24,0.25,10.0,charge_density_wave,22,0.9387042431418855
L24_gamma2p0_g0p25_T200,product,24,0.25,10.0,charge_density_wave,23,0.017652719332213112
L24_gamma2p0_g0p25_T200,product,24,0.25,10.0,left,0,0.9825150147889692
L24_gamma2p0_g0p25_T200,product,24,0.25,10.0,left,1,0.06909088929420411
L24_gamma2p0_g0p25_T200,product,24,0.25,10.0,left,2,0.9377712548310131
L24_gamma2p0_g0p25_T200,product,24,0.25,10.0,left,3,0.07447158185800849
L24_gamma2p0_g0p25_T200,product,24,0.25,10.0,left,4,0.9375012115370147
L24_gamma2p0_g0p25_T200,product,24,0.25,10.0,left,5,0.06848042775842962
L24_gamma2p0_g0p25_T200,product,24,0.25,10.0,left,6,0.9368019880574129
L24_gamma2p0_g0p25_T200,product,24,0.25,10.0,left,7,0.06478332773813493
L24_gamma2p0_g0p25_T200,product,24,0.25,10.0,left,8,0.936474905063931
L24_gamma2p0_g0p25_T200,product,24,0.25,10.0,left,9,0.06379129176480072
L24_gamma2p0_g0p25_T200,product,24,0.25,10.0,left,10,0.9364064701674513
L24_gamma2p0_g0p25_T200,product,24,0.25,10.0,left,11,0.06361962119739646
L24_gamma2p0_g0p25_T200,product,24,0.25,10.0,left,12,0.9363803788026037
L24_gamma2p0_g0p25_T200,product,24,0.25,10.0,left,13,0.06359352983254873
L24_gamma2p0_g0p25_T200,product,24,0.25,10.0,left,14,0.9362087082351992
L24_gamma2p0_g0p25_T200,product,24,0.25,10.0,left,15,0.06352509493606891
L24_gamma2p0_g0p25_T200,product,24,0.25,10.0,left,16,0.9352166722618651
L24_gamma2p0_g0p25_T200,product,24,0.25,10.0,left,17,0.06319801194258698
L24_gamma2p0_g0p25_T200,product,24,0.25,10.0,left,18,0.9315195722415702
L24_gamma2p0_g0p25_T200,product,24,0.25,10.0,left,19,0.06249878846298529
L24_gamma2p0_g0p25_T200,product,24,0.25,10.0,left,20,0.9255284181419916
L24_gamma2p0_g0p25_T200,product,24,0.25,10.0,left,21,0.06222874516898686
L24_gamma2p0_g0p25_T200,product,24,0.25,10.0,left,22,0.9309091107057959
L24_gamma2p0_g0p25_T200,product,24,0.25,10.0,left,23,0.0174849852110307
L24_gamma2p0_g0p25_T250,product,24,0.25,12.5,charge_density_wave,0,0.9823472806677832
L24_gamma2p0_g0p25_T250,product,24,0.25,12.5,charge_density_wave,1,0.06129575685813264
L24_gamma2p0_g0p25_T250,product,24,0.25,12.5,charge_density_wave,2,0.9365124242940975
L24_gamma2p0_g0p25_T250,product,24,0.25,12.5,charge_density_wave,3,0.06364747137963116
L24_gamma2p0_g0p25_T250,product,24,0.25,12.5,charge_density_wave,4,0.9363245619588506
L24_gamma2p0_g0p25_T250,product,24,0.25,12.5,charge_density_wave,5,0.06367727243415888
L24_gamma2p0_g0p25_T250,product,24,0.25,12.5,charge_density_wave,6,0.9363221279964763
L24_gamma2p0_g0p25_T250,product,24,0.25,12.5,charge_density_wave,7,0.06367789885130991
L24_gamma2p0_g0p25_T250,product,24,0.25,12.5,charge_density_wave,8,0.9363220853763615
L24_gamma2p0_g0p25_T250,product,24,0.25,12.5,charge_density_wave,9,0.0636779149757725
L24_gamma2p0_g0p25_T250,product,24,0.25,12.5,charge_density_wave,10,0.9363220845574172
L24_gamma2p0_g0p25_T250,product,24,0.25,12.5,charge_density_wave,11,0.06367791544295096
L24_gamma2p0_g0p25_T250,product,24,0.25,12.5,charge_density_wave,12,0.9363220845570491
L24_gamma2p0_g0p25_T250,product,24,0.25,12.5,charge_density_wave,13,0.0636779154425828
L24_gamma2p0_g0p25_T250,product,24,0.25,12.5,charge_density_wave,14,0.9363220850242275
L24_gamma2p0_g0p25_T250,product,24,0.25,12.5,charge_density_wave,15,0.0636779146236384
L24_gamma2p0_g0p25_T250,product,24,0.25,12.5,charge_density_wave,16,0.9363221011486902
L24_gamma2p0_g0p25_T250,product,24,0.25,12.5,charge_density_wave,17,0.06367787200352369
L24_gamma2p0_g0p25_T250,product,24,0.25,12.5,charge_density_wave,18,0.9363227275658412
L24_gamma2p0_g0p25_T250,product,24,0.25,12.5,charge_density_wave,19,0.06367543804114965
L24_gamma2p0_g0p25_T250,product,24,0.25,12.5,charge_density_wave,20,0.9363525286203689
L24_gamma2p0_g0p25_T250,product,24,0.25,12.5,charge_density_wave,21,0.06348757570590248
L24_gamma2p0_g0p25_T250,product,24,0.25,12.5,charge_density_wave,22,0.9387042431418673
L24_gamma2p0_g0p25_T250,product,24,0.25,12.5,charge_density_wave,23,0.017652719332216786
L24_gamma2p0_g0p25_T250,product,24,0.25,12.5,left,0,0.9823472818982828
L24_gamma2p0_g0p25_T250,product,24,0.25,12.5,left,1,0.06129575064943069
L24_gamma2p0_g0p25_T250,product,24,0.25,12.5,left,2,0.9365124428301237
L24_gamma2p0_g0p25_T250,product,24,0.25,12.5,left,3,0.0636474234471209
L24_gamma2p0_g0p25_T250,product,24,0.25,12.5,left,4,0.9363246337124128
L24_gamma2p0_g0p25_T250,product,24,0.25,12.5,left,5,0.06367711933917487
L24_gamma2p0_g0p25_T250,product,24,0.25,12.5,left,6,0.9363223060728937
L24_gamma2p0_g0p25_T250,product,24,0.25,12.5,left,7,0.06367759450593473
L24_gamma2p0_g0p25_T250,product,24,0.25,12.5,left,8,0.9363224092080144
L24_gamma2p0_g0p25_T250,product,24,0.25,12.5,left,9,0.06367747140107753
L24_gamma2p0_g0p25_T250,product,24,0.25,12.5,left,10,0.9363225388975924
L24_gamma2p0_g0p25_T250,product,24,0.25,12.5,left,11,0.06367741159598982
L24_gamma2p0_g0p25_T250,product,24,0.25,12.5,left,12,0.9363225884040103
L24_gamma2p0_g0p25_T250,product,24,0.25,12.5,left,13,0.06367746110240756
L24_gamma2p0_g0p25_T250,product,24,0.25,12.5,left,14,0.9363225285989224
L24_gamma2p0_g0p25_T250,product,24,0.25,12.5,left,15,0.0636775907919856
L24_gamma2p0_g0p25_T250,product,24,0.25,12.5,left,16,0.9363224054940653
L24_gamma2p0_g0p25_T250,product,24,0.25,12.5,left,17,0.06367769392710637
L24_gamma2p0_g0p25_T250,product,24,0.25,12.5,left,18,0.9363228806608251
L24_gamma2p0_g0p25_T250,product,24,0.25,12.5,left,19,0.0636753662875872
L24_gamma2p0_g0p25_T250,product,24,0.25,12.5,left,20,0.9363525765528791
L24_gamma2p0_g0p25_T250,product,24,0.25,12.5,left,21,0.06348755716987627
L24_gamma2p0_g0p25_T250,product,24,0.25,12.5,left,22,0.9387042493505693
L24_gamma2p0_g0p25_T250,product,24,0.25,12.5,left,23,0.017652718101717205
L24_gamma2p0_g0p25_T300,product,24,0.25,15.0,charge_density_wave,0,0.9823472806677831
L24_gamma2p0_g0p25_T300,product,24,0.25,15.0,charge_density_wave,1,0.06129575685813266
L24_gamma2p0_g0p25_T300,product,24,0.25,15.0,charge_density_wave,2,0.9365124242940975
L24_gamma2p0_g0p25_T300,product,24,0.25,15.0,charge_density_wave,3,0.06364747137963121
L24_gamma2p0_g0p25_T300,product,24,0.25,15.0,charge_density_wave,4,0.9363245619588503
L24_gamma2p0_g0p25_T300,product,24,0.25,15.0,charge_density_wave,5,0.06367727243415897
L24_gamma2p0_g0p25_T300,product,24,0.25,15.0,charge_density_wave,6,0.9363221279964763
L24_gamma2p0_g0p25_T300,product,24,0.25,15.0,charge_density_wave,7,0.06367789885131
L24_gamma2p0_g0p25_T300,product,24,0.25,15.0,charge_density_wave,8,0.9363220853763614
L24_gamma2p0_g0p25_T300,product,24,0.25,15.0,charge_density_wave,9,0.06367791497577262
L24_gamma2p0_g0p25_T300,product,24,0.25,15.0,charge_density_wave,10,0.9363220845574173
L24_gamma2p0_g0p25_T300,product,24,0.25,15.0,charge_density_wave,11,0.06367791544295105
L24_gamma2p0_g0p25_T300,product,24,0.25,15.0,charge_density_wave,12,0.9363220845570489
L24_gamma2p0_g0p25_T300,product,24,0.25,15.0,charge_density_wave,13,0.06367791544258292
L24_gamma2p0_g0p25_T300,product,24,0.25,15.0,charge_density_wave,14,0.9363220850242273
L24_gamma2p0_g0p25_T300,product,24,0.25,15.0,charge_density_wave,15,0.0636779146236385
L24_gamma2p0_g0p25_T300,product,24,0.25,15.0,charge_density_wave,16,0.93632210114869
L24_gamma2p0_g0p25_T300,product,24,0.25,15.0,charge_density_wave,17,0.06367787200352379
L24_gamma2p0_g0p25_T300,product,24,0.25,15.0,charge_density_wave,18,0.936322727565841
L24_gamma2p0_g0p25_T300,product,24,0.25,15.0,charge_density_wave,19,0.06367543804114972
L24_gamma2p0_g0p25_T300,product,24,0.25,15.0,charge_density_wave,20,0.9363525286203689
L24_gamma2p0_g0p25_T300,product,24,0.25,15.0,charge_density_wave,21,0.06348757570590252
L24_gamma2p0_g0p25_T300,product,24,0.25,15.0,charge_density_wave,22,0.9387042431418673
L24_gamma2p0_g0p25_T300,product,24,0.25,15.0,charge_density_wave,23,0.017652719332216786
L24_gamma2p0_g0p25_T300,product,24,0.25,15.0,left,0,0.9823472806719405
L24_gamma2p0_g0p25_T300,product,24,0.25,15.0,left,1,0.06129575682228757
L24_gamma2p0_g0p25_T300,product,24,0.25,15.0,left,2,0.9365124243575607
L24_gamma2p0_g0p25_T300,product,24,0.25,15.0,left,3,0.06364747118581529
L24_gamma2p0_g0p25_T300,product,24,0.25,15.0,left,4,0.9363245622095969
L24_gamma2p0_g0p25_T300,product,24,0.25,15.0,left,5,0.063677271887297
L24_gamma2p0_g0p25_T300,product,24,0.25,15.0,left,6,0.9363221286282982
L24_gamma2p0_g0p25_T300,product,24,0.25,15.0,left,7,0.06367789778072393
L24_gamma2p0_g0p25_T300,product,24,0.25,15.0,left,8,0.9363220865367007
L24_gamma2p0_g0p25_T300,product,24,0.25,15.0,left,9,0.0636779133991215
L24_gamma2p0_g0p25_T300,product,24,0.25,15.0,left,10,0.9363220861924366
L24_gamma2p0_g0p25_T300,product,24,0.25,15.0,left,11,0.06367791363472128
L24_gamma2p0_g0p25_T300,product,24,0.25,15.0,left,12,0.9363220863652788
L24_gamma2p0_g0p25_T300,product,24,0.25,15.0,left,13,0.06367791380756332
L24_gamma2p0_g0p25_T300,product,24,0.25,15.0,left,14,0.9363220866008786
L24_gamma2p0_g0p25_T300,product,24,0.25,15.0,left,15,0.06367791346329915
L24_gamma2p0_g0p25_T300,product,24,0.25,15.0,left,16,0.9363221022192763
L24_gamma2p0_g0p25_T300,product,24,0.25,15.0,left,17,0.063677871371702
L24_gamma2p0_g0p25_T300,product,24,0.25,15.0,left,18,0.9363227281127029
L24_gamma2p0_g0p25_T300,product,24,0.25,15.0,left,19,0.06367543779040305
L24_gamma2p0_g0p25_T300,product,24,0.25,15.0,left,20,0.9363525288141847
L24_gamma2p0_g0p25_T300,product,24,0.25,15.0,left,21,0.06348757564243934
L24_gamma2p0_g0p25_T300,product,24,0.25,15.0,left,22,0.9387042431777124
L24_gamma2p0_g0p25_T300,product,24,0.25,15.0,left,23,0.01765271932805938
L24_gamma2p0_g0p25_T350,product,24,0.25,17.5,charge_density_wave,0,0.9823472806677833
L24_gamma2p0_g0p25_T350,product,24,0.25,17.5,charge_density_wave,1,0.061295756858132676
L24_gamma2p0_g0p25_T350,product,24,0.25,17.5,charge_density_wave,2,0.9365124242940975
L24_gamma2p0_g0p25_T350,product,24,0.25,17.5,charge_density_wave,3,0.0636474713796312
L24_gamma2p0_g0p25_T350,product,24,0.25,17.5,charge_density_wave,4,0.9363245619588503
L24_gamma2p0_g0p25_T350,product,24,0.25,17.5,charge_density_wave,5,0.06367727243415897
L24_gamma2p0_g0p25_T350,product,24,0.25,17.5,charge_density_wave,6,0.9363221279964763
L24_gamma2p0_g0p25_T350,product,24,0.25,17.5,charge_density_wave,7,0.06367789885131
L24_gamma2p0_g0p25_T350,product,24,0.25,17.5,charge_density_wave,8,0.9363220853763614
L24_gamma2p0_g0p25_T350,product,24,0.25,17.5,charge_density_wave,9,0.06367791497577262
L24_gamma2p0_g0p25_T350,product,24,0.25,17.5,charge_density_wave,10,0.9363220845574172
L24_gamma2p0_g0p25_T350,product,24,0.25,17.5,charge_density_wave,11,0.06367791544295105
L24_gamma2p0_g0p25_T350,product,24,0.25,17.5,charge_density_wave,12,0.9363220845570488
L24_gamma2p0_g0p25_T350,product,24,0.25,17.5,charge_density_wave,13,0.0636779154425829
L24_gamma2p0_g0p25_T350,product,24,0.25,17.5,charge_density_wave,14,0.9363220850242273
L24_gamma2p0_g0p25_T350,product,24,0.25,17.5,charge_density_wave,15,0.0636779146236385
L24_gamma2p0_g0p25_T350,product,24,0.25,17.5,charge_density_wave,16,0.93632210114869
L24_gamma2p0_g0p25_T350,product,24,0.25,17.5,charge_density_wave,17,0.06367787200352379
L24_gamma2p0_g0p25_T350,product,24,0.25,17.5,charge_density_wave,18,0.936322727565841
L24_gamma2p0_g0p25_T350,product,24,0.25,17.5,charge_density_wave,19,0.06367543804114972
L24_gamma2p0_g0p25_T350,product,24,0.25,17.5,charge_density_wave,20,0.9363525286203688
L24_gamma2p0_g0p25_T350,product,24,0.25,17.5,charge_density_wave,21,0.06348757570590252
L24_gamma2p0_g0p25_T350,product,24,0.25,17.5,charge_density_wave,22,0.9387042431418673
L24_gamma2p0_g0p25_T350,product,24,0.25,17.5,charge_density_wave,23,0.017652719332216786
L24_gamma2p0_g0p25_T350,product,24,0.25,17.5,left,0,0.982347280667795
L24_gamma2p0_g0p25_T350,product,24,0.25,17.5,left,1,0.061295756858039376
L24_gamma2p0_g0p25_T350,product,24,0.25,17.5,left,2,0.9365124242942728
L24_gamma2p0_g0p25_T350,product,24,0.25,17.5,left,3,0.06364747137913311
L24_gamma2p0_g0p25_T350,product,24,0.25,17.5,left,4,0.9363245619595224
L24_gamma2p0_g0p25_T350,product,24,0.25,17.5,left,5,0.06367727243276095
L24_gamma2p0_g0p25_T350,product,24,0.25,17.5,left,6,0.9363221279981426
L24_gamma2p0_g0p25_T350,product,24,0.25,17.5,left,7,0.0636778988485657
L24_gamma2p0_g0p25_T350,product,24,0.25,17.5,left,8,0.936322085379399
L24_gamma2p0_g0p25_T350,product,24,0.25,17.5,left,9,0.06367791497170755
L24_gamma2p0_g0p25_T350,product,24,0.25,17.5,left,10,0.936322084561677
L24_gamma2p0_g0p25_T350,product,24,0.25,17.5,left,11,0.06367791543826194
L24_gamma2p0_g0p25_T350,product,24,0.25,17.5,left,12,0.9363220845617382
L24_gamma2p0_g0p25_T350,product,24,0.25,17.5,left,13,0.06367791543832282
L24_gamma2p0_g0p25_T350,product,24,0.25,17.5,left,14,0.9363220850282925
L24_gamma2p0_g0p25_T350,product,24,0.25,17.5,left,15,0.06367791462060106
L24_gamma2p0_g0p25_T350,product,24,0.25,17.5,left,16,0.9363221011514342
L24_gamma2p0_g0p25_T350,product,24,0.25,17.5,left,17,0.06367787200185712
L24_gamma2p0_g0p25_T350,product,24,0.25,17.5,left,18,0.936322727567239
L24_gamma2p0_g0p25_T350,product,24,0.25,17.5,left,19,0.06367543804047761
L24_gamma2p0_g0p25_T350,product,24,0.25,17.5,left,20,0.9363525286208668
L24_gamma2p0_g0p25_T350,product,24,0.25,17.5,left,21,0.06348757570572736
L24_gamma2p0_g0p25_T350,product,24,0.25,17.5,left,22,0.9387042431419607
L24_gamma2p0_g0p25_T350,product,24,0.25,17.5,left,23,0.017652719332205014
L24_gamma2p0_g0p25_T400,product,24,0.25,20.0,charge_density_wave,0,0.9823472806677832
L24_gamma2p0_g0p25_T400,product,24,0.25,20.0,charge_density_wave,1,0.06129575685813267
L24_gamma2p0_g0p25_T400,product,24,0.25,20.0,charge_density_wave,2,0.9365124242940974
L24_gamma2p0_g0p25_T400,product,24,0.25,20.0,charge_density_wave,3,0.0636474713796312
L24_gamma2p0_g0p25_T400,product,24,0.25,20.0,charge_density_wave,4,0.9363245619588504
L24_gamma2p0_g0p25_T400,product,24,0.25,20.0,charge_density_wave,5,0.06367727243415897
L24_gamma2p0_g0p25_T400,product,24,0.25,20.0,charge_density_wave,6,0.9363221279964762
L24_gamma2p0_g0p25_T400,product,24,0.25,20.0,charge_density_wave,7,0.06367789885131
L24_gamma2p0_g0p25_T400,product,24,0.25,20.0,charge_density_wave,8,0.9363220853763616
L24_gamma2p0_g0p25_T400,product,24,0.25,20.0,charge_density_wave,9,0.06367791497577262
L24_gamma2p0_g0p25_T400,product,24,0.25,20.0,charge_density_wave,10,0.936322084557417
L24_gamma2p0_g0p25_T400,product,24,0.25,20.0,charge_density_wave,11,0.06367791544295105
L24_gamma2p0_g0p25_T400,product,24,0.25,20.0,charge_density_wave,12,0.936322084557049
L24_gamma2p0_g0p25_T400,product,24,0.25,20.0,charge_density_wave,13,0.06367791544258292
L24_gamma2p0_g0p25_T400,product,24,0.25,20.0,charge_density_wave,14,0.9363220850242273
L24_gamma2p0_g0p25_T400,product,24,0.25,20.0,charge_density_wave,15,0.06367791462363852
L24_gamma2p0_g0p25_T400,product,24,0.25,20.0,charge_density_wave,16,0.9363221011486899
L24_gamma2p0_g0p25_T400,product,24,0.25,20.0,charge_density_wave,17,0.06367787200352377
L24_gamma2p0_g0p25_T400,product,24,0.25,20.0,charge_density_wave,18,0.9363227275658412
L24_gamma2p0_g0p25_T400,product,24,0.25,20.0,charge_density_wave,19,0.06367543804114972
L24_gamma2p0_g0p25_T400,product,24,0.25,20.0,charge_density_wave,20,0.9363525286203689
L24_gamma2p0_g0p25_T400,product,24,0.25,20.0,charge_density_wave,21,0.06348757570590252
L24_gamma2p0_g0p25_T400,product,24,0.25,20.0,charge_density_wave,22,0.9387042431418674
L24_gamma2p0_g0p25_T400,product,24,0.25,20.0,charge_density_wave,23,0.01765271933221679
L24_gamma2p0_g0p25_T400,product,24,0.25,20.0,left,0,0.9823472806677832
L24_gamma2p0_g0p25_T400,product,24,0.25,20.0,left,1,0.06129575685813246
L24_gamma2p0_g0p25_T400,product,24,0.25,20.0,left,2,0.9365124242940979
L24_gamma2p0_g0p25_T400,product,24,0.25,20.0,left,3,0.06364747137963013
L24_gamma2p0_g0p25_T400,product,24,0.25,20.0,left,4,0.9363245619588517
L24_gamma2p0_g0p25_T400,product,24,0.25,20.0,left,5,0.06367727243415598
L24_gamma2p0_g0p25_T400,product,24,0.25,20.0,left,6,0.93632212799648
L24_gamma2p0_g0p25_T400,product,24,0.25,20.0,left,7,0.06367789885130422
L24_gamma2p0_g0p25_T400,product,24,0.25,20.0,left,8,0.9363220853763681
L24_gamma2p0_g0p25_T400,product,24,0.25,20.0,left,9,0.06367791497576406
L24_gamma2p0_g0p25_T400,product,24,0.25,20.0,left,10,0.936322084557426
L24_gamma2p0_g0p25_T400,product,24,0.25,20.0,left,11,0.06367791544294116
L24_gamma2p0_g0p25_T400,product,24,0.25,20.0,left,12,0.9363220845570589
L24_gamma2p0_g0p25_T400,product,24,0.25,20.0,left,13,0.06367791544257387
L24_gamma2p0_g0p25_T400,product,24,0.25,20.0,left,14,0.9363220850242359
L24_gamma2p0_g0p25_T400,product,24,0.25,20.0,left,15,0.06367791462363201
L24_gamma2p0_g0p25_T400,product,24,0.25,20.0,left,16,0.9363221011486957
L24_gamma2p0_g0p25_T400,product,24,0.25,20.0,left,17,0.06367787200352015
L24_gamma2p0_g0p25_T400,product,24,0.25,20.0,left,18,0.9363227275658441
L24_gamma2p0_g0p25_T400,product,24,0.25,20.0,left,19,0.06367543804114824
L24_gamma2p0_g0p25_T400,product,24,0.25,20.0,left,20,0.9363525286203699
L24_gamma2p0_g0p25_T400,product,24,0.25,20.0,left,21,0.06348757570590209
L24_gamma2p0_g0p25_T400,product,24,0.25,20.0,left,22,0.9387042431418676
L24_gamma2p0_g0p25_T400,product,24,0.25,20.0,left,23,0.017652719332216762
L24_gamma2p0_g0p25_T500,product,24,0.25,25.0,charge_density_wave,0,0.9823472806677832
L24_gamma2p0_g0p25_T500,product,24,0.25,25.0,charge_density_wave,1,0.06129575685813267
L24_gamma2p0_g0p25_T500,product,24,0.25,25.0,charge_density_wave,2,0.9365124242940976
L24_gamma2p0_g0p25_T500,product,24,0.25,25.0,charge_density_wave,3,0.06364747137963118
L24_gamma2p0_g0p25_T500,product,24,0.25,25.0,charge_density_wave,4,0.9363245619588502
L24_gamma2p0_g0p25_T500,product,24,0.25,25.0,charge_density_wave,5,0.06367727243415897
L24_gamma2p0_g0p25_T500,product,24,0.25,25.0,charge_density_wave,6,0.9363221279964763
L24_gamma2p0_g0p25_T500,product,24,0.25,25.0,charge_density_wave,7,0.06367789885131002
L24_gamma2p0_g0p25_T500,product,24,0.25,25.0,charge_density_wave,8,0.9363220853763615
L24_gamma2p0_g0p25_T500,product,24,0.25,25.0,charge_density_wave,9,0.06367791497577262
L24_gamma2p0_g0p25_T500,product,24,0.25,25.0,charge_density_wave,10,0.9363220845574171
L24_gamma2p0_g0p25_T500,product,24,0.25,25.0,charge_density_wave,11,0.06367791544295105
L24_gamma2p0_g0p25_T500,product,24,0.25,25.0,charge_density_wave,12,0.936322084557049
L24_gamma2p0_g0p25_T500,product,24,0.25,25.0,charge_density_wave,13,0.06367791544258292
L24_gamma2p0_g0p25_T500,product,24,0.25,25.0,charge_density_wave,14,0.9363220850242273
L24_gamma2p0_g0p25_T500,product,24,0.25,25.0,charge_density_wave,15,0.06367791462363852
L24_gamma2p0_g0p25_T500,product,24,0.25,25.0,charge_density_wave,16,0.93632210114869
L24_gamma2p0_g0p25_T500,product,24,0.25,25.0,charge_density_wave,17,0.06367787200352377
L24_gamma2p0_g0p25_T500,product,24,0.25,25.0,charge_density_wave,18,0.9363227275658411
L24_gamma2p0_g0p25_T500,product,24,0.25,25.0,charge_density_wave,19,0.06367543804114974
L24_gamma2p0_g0p25_T500,product,24,0.25,25.0,charge_density_wave,20,0.9363525286203689
L24_gamma2p0_g0p25_T500,product,24,0.25,25.0,charge_density_wave,21,0.06348757570590251
L24_gamma2p0_g0p25_T500,product,24,0.25,25.0,charge_density_wave,22,0.9387042431418674
L24_gamma2p0_g0p25_T500,product,24,0.25,25.0,charge_density_wave,23,0.01765271933221679
L24_gamma2p0_g0p25_T500,product,24,0.25,25.0,left,0,0.9823472806677833
L24_gamma2p0_g0p25_T500,product,24,0.25,25.0,left,1,0.061295756858132655
L24_gamma2p0_g0p25_T500,product,24,0.25,25.0,left,2,0.9365124242940974
L24_gamma2p0_g0p25_T500,product,24,0.25,25.0,left,3,0.0636474713796312
L24_gamma2p0_g0p25_T500,product,24,0.25,25.0,left,4,0.9363245619588502
L24_gamma2p0_g0p25_T500,product,24,0.25,25.0,left,5,0.06367727243415897
L24_gamma2p0_g0p25_T500,product,24,0.25,25.0,left,6,0.9363221279964762
L24_gamma2p0_g0p25_T500,product,24,0.25,25.0,left,7,0.06367789885131002
L24_gamma2p0_g0p25_T500,product,24,0.25,25.0,left,8,0.9363220853763614
L24_gamma2p0_g0p25_T500,product,24,0.25,25.0,left,9,0.06367791497577262
L24_gamma2p0_g0p25_T500,product,24,0.25,25.0,left,10,0.936322084557417
L24_gamma2p0_g0p25_T500,product,24,0.25,25.0,left,11,0.06367791544295107
L24_gamma2p0_g0p25_T500,product,24,0.25,25.0,left,12,0.936322084557049
L24_gamma2p0_g0p25_T500,product,24,0.25,25.0,left,13,0.06367791544258292
L24_gamma2p0_g0p25_T500,product,24,0.25,25.0,left,14,0.9363220850242273
L24_gamma2p0_g0p25_T500,product,24,0.25,25.0,left,15,0.0636779146236385
L24_gamma2p0_g0p25_T500,product,24,0.25,25.0,left,16,0.93632210114869
L24_gamma2p0_g0p25_T500,product,24,0.25,25.0,left,17,0.06367787200352377
L24_gamma2p0_g0p25_T500,product,24,0.25,25.0,left,18,0.936322727565841
L24_gamma2p0_g0p25_T500,product,24,0.25,25.0,left,19,0.06367543804114972
L24_gamma2p0_g0p25_T500,product,24,0.25,25.0,left,20,0.9363525286203688
L24_gamma2p0_g0p25_T500,product,24,0.25,25.0,left,21,0.06348757570590251
L24_gamma2p0_g0p25_T500,product,24,0.25,25.0,left,22,0.9387042431418674
L24_gamma2p0_g0p25_T500,product,24,0.25,25.0,left,23,0.01765271933221679
L32_gamma2p0_g0p05_T200,product,32,0.05,10.0,charge_density_wave,0,0.982734664427861
L32_gamma2p0_g0p05_T200,product,32,0.05,10.0,charge_density_wave,1,0.08104544445823932
L32_gamma2p0_g0p05_T200,product,32,0.05,10.0,charge_density_wave,2,0.9172926730135833
L32_gamma2p0_g0p05_T200,product,32,0.05,10.0,charge_density_wave,3,0.08295187587340025
L32_gamma2p0_g0p05_T200,product,32,0.05,10.0,charge_density_wave,4,0.9170303618445106
L32_gamma2p0_g0p05_T200,product,32,0.05,10.0,charge_density_wave,5,0.08297314407195137
L32_gamma2p0_g0p05_T200,product,32,0.05,10.0,charge_density_wave,6,0.9170265247650591
L32_gamma2p0_g0p05_T200,product,32,0.05,10.0,charge_density_wave,7,0.08297354492042516
L32_gamma2p0_g0p05_T200,product,32,0.05,10.0,charge_density_wave,8,0.9170264475016201
L32_gamma2p0_g0p05_T200,product,32,0.05,10.0,charge_density_wave,9,0.08297355410954312
L32_gamma2p0_g0p05_T200,product,32,0.05,10.0,charge_density_wave,10,0.9170264456974544
L32_gamma2p0_g0p05_T200,product,32,0.05,10.0,charge_density_wave,11,0.08297355434319542
L32_gamma2p0_g0p05_T200,product,32,0.05,10.0,charge_density_wave,12,0.9170264456515543
L32_gamma2p0_g0p05_T200,product,32,0.05,10.0,charge_density_wave,13,0.0829735543495311
L32_gamma2p0_g0p05_T200,product,32,0.05,10.0,charge_density_wave,14,0.9170264456503197
L32_gamma2p0_g0p05_T200,product,32,0.05,10.0,charge_density_wave,15,0.0829735543497096
L32_gamma2p0_g0p05_T200,product,32,0.05,10.0,charge_density_wave,16,0.9170264456502903
L32_gamma2p0_g0p05_T200,product,32,0.05,10.0,charge_density_wave,17,0.0829735543496803
L32_gamma2p0_g0p05_T200,product,32,0.05,10.0,charge_density_wave,18,0.917026445650469
L32_gamma2p0_g0p05_T200,product,32,0.05,10.0,charge_density_wave,19,0.08297355434844556
L32_gamma2p0_g0p05_T200,product,32,0.05,10.0,charge_density_wave,20,0.9170264456568046
L32_gamma2p0_g0p05_T200,product,32,0.05,10.0,charge_density_wave,21,0.08297355430254559
L32_gamma2p0_g0p05_T200,product,32,0.05,10.0,charge_density_wave,22,0.9170264458904569
L32_gamma2p0_g0p05_T200,product,32,0.05,10.0,charge_density_wave,23,0.08297355249837987
L32_gamma2p0_g0p05_T200,product,32,0.05,10.0,charge_density_wave,24,0.9170264550795748
L32_gamma2p0_g0p05_T200,product,32,0.05,10.0,charge_density_wave,25,0.08297347523494092
L32_gamma2p0_g0p05_T200,product,32,0.05,10.0,charge_density_wave,26,0.9170268559280486
L32_gamma2p0_g0p05_T200,product,32,0.05,10.0,charge_density_wave,27,0.0829696381554895
L32_gamma2p0_g0p05_T200,product,32,0.05,10.0,charge_density_wave,28,0.9170481241265996
L32_gamma2p0_g0p05_T200,product,32,0.05,10.0,charge_density_wave,29,0.08270732698641675
L32_gamma2p0_g0p05_T200,product,32,0.05,10.0,charge_density_wave,30,0.9189545555417606
L32_gamma2p0_g0p05_T200,product,32,0.05,10.0,charge_density_wave,31,0.017265335572139114
L32_gamma2p0_g0p05_T200,product,32,0.05,10.0,left,0,0.9982016552674693
L32_gamma2p0_g0p05_T200,product,32,0.05,10.0,left,1,0.8868463892185576
L32_gamma2p0_g0p05_T200,product,32,0.05,10.0,left,2,0.99958965906196
L32_gamma2p0_g0p05_T200,product,32,0.05,10.0,left,3,0.5365688307021885
L32_gamma2p0_g0p05_T200,product,32,0.05,10.0,left,4,0.9864779751060262
L32_gamma2p0_g0p05_T200,product,32,0.05,10.0,left,5,0.4770160088851458
L32_gamma2p0_g0p05_T200,product,32,0.05,10.0,left,6,0.9689140048545177
L32_gamma2p0_g0p05_T200,product,32,0.05,10.0,left,7,0.22462334741094048
L32_gamma2p0_g0p05_T200,product,32,0.05,10.0,left,8,0.9345182180223573
L32_gamma2p0_g0p05_T200,product,32,0.05,10.0,left,9,0.11136552645619174
L32_gamma2p0_g0p05_T200,product,32,0.05,10.0,left,10,0.9204955910385566
L32_gamma2p0_g0p05_T200,product,32,0.05,10.0,left,11,0.08673429268062896
L32_gamma2p0_g0p05_T200,product,32,0.05,10.0,left,12,0.9175263691034191
L32_gamma2p0_g0p05_T200,product,32,0.05,10.0,left,13,0.0832908784121845
L32_gamma2p0_g0p05_T200,product,32,0.05,10.0,left,14,0.9171235191424105
L32_gamma2p0_g0p05_T200,product,32,0.05,10.0,left,15,0.08293822621087633
L32_gamma2p0_g0p05_T200,product,32,0.05,10.0,left,16,0.9170617737891237
L32_gamma2p0_g0p05_T200,product,32,0.05,10.0,left,17,0.08287648085758936
L32_gamma2p0_g0p05_T200,product,32,0.05,10.0,left,18,0.9167091215878155
L32_gamma2p0_g0p05_T200,product,32,0.05,10.0,left,19,0.08247363089658098
L32_gamma2p0_g0p05_T200,product,32,0.05,10.0,left,20,0.9132657073193711
L32_gamma2p0_g0p05_T200,product,32,0.05,10.0,left,21,0.07950440896144337
L32_gamma2p0_g0p05_T200,product,32,0.05,10.0,left,22,0.8886344735438082
L32_gamma2p0_g0p05_T200,product,32,0.05,10.0,left,23,0.06548178197764266
L32_gamma2p0_g0p05_T200,product,32,0.05,10.0,left,24,0.7753766525890596
L32_gamma2p0_g0p05_T200,product,32,0.05,10.0,left,25,0.03108599514548211
L32_gamma2p0_g0p05_T200,product,32,0.05,10.0,left,26,0.5229839911148542
L32_gamma2p0_g0p05_T200,product,32,0.05,10.0,left,27,0.013522024893973807
L32_gamma2p0_g0p05_T200,product,32,0.05,10.0,left,28,0.4634311692978114
L32_gamma2p0_g0p05_T200,product,32,0.05,10.0,left,29,0.00041034093804006894
L32_gamma2p0_g0p05_T200,product,32,0.05,10.0,left,30,0.11315361078144237
L32_gamma2p0_g0p05_T200,product,32,0.05,10.0,left,31,0.0017983447325307556
L32_gamma2p0_g0p05_T300,product,32,0.05,15.0,charge_density_wave,0,0.9827346644278575
L32_gamma2p0_g0p05_T300,product,32,0.05,15.0,charge_density_wave,1,0.08104544445826367
L32_gamma2p0_g0p05_T300,product,32,0.05,15.0,charge_density_wave,2,0.9172926730135428
L32_gamma2p0_g0p05_T300,product,32,0.05,15.0,charge_density_wave,3,0.0829518758734672
L32_gamma2p0_g0p05_T300,product,32,0.05,15.0,charge_density_wave,4,0.9170303618444319
L32_gamma2p0_g0p05_T300,product,32,0.05,15.0,charge_density_wave,5,0.08297314407204295
L32_gamma2p0_g0p05_T300,product,32,0.05,15.0,charge_density_wave,6,0.9170265247649632
L32_gamma2p0_g0p05_T300,product,32,0.05,15.0,charge_density_wave,7,0.08297354492052472
L32_gamma2p0_g0p05_T300,product,32,0.05,15.0,charge_density_wave,8,0.9170264475015195
L32_gamma2p0_g0p05_T300,product,32,0.05,15.0,charge_density_wave,9,0.08297355410964438
L32_gamma2p0_g0p05_T300,product,32,0.05,15.0,charge_density_wave,10,0.9170264456973529
L32_gamma2p0_g0p05_T300,product,32,0.05,15.0,charge_density_wave,11,0.08297355434329695
L32_gamma2p0_g0p05_T300,product,32,0.05,15.0,charge_density_wave,12,0.9170264456514529
L32_gamma2p0_g0p05_T300,product,32,0.05,15.0,charge_density_wave,13,0.08297355434963266
L32_gamma2p0_g0p05_T300,product,32,0.05,15.0,charge_density_wave,14,0.9170264456502181
L32_gamma2p0_g0p05_T300,product,32,0.05,15.0,charge_density_wave,15,0.08297355434981116
L32_gamma2p0_g0p05_T300,product,32,0.05,15.0,charge_density_wave,16,0.9170264456501889
L32_gamma2p0_g0p05_T300,product,32,0.05,15.0,charge_density_wave,17,0.08297355434978186
L32_gamma2p0_g0p05_T300,product,32,0.05,15.0,charge_density_wave,18,0.9170264456503674
L32_gamma2p0_g0p05_T300,product,32,0.05,15.0,charge_density_wave,19,0.08297355434854713
L32_gamma2p0_g0p05_T300,product,32,0.05,15.0,charge_density_wave,20,0.9170264456567031
L32_gamma2p0_g0p05_T300,product,32,0.05,15.0,charge_density_wave,21,0.08297355430264702
L32_gamma2p0_g0p05_T300,product,32,0.05,15.0,charge_density_wave,22,0.9170264458903556
L32_gamma2p0_g0p05_T300,product,32,0.05,15.0,charge_density_wave,23,0.08297355249848042
L32_gamma2p0_g0p05_T300,product,32,0.05,15.0,charge_density_wave,24,0.9170264550794753
L32_gamma2p0_g0p05_T300,product,32,0.05,15.0,charge_density_wave,25,0.08297347523503679
L32_gamma2p0_g0p05_T300,product,32,0.05,15.0,charge_density_wave,26,0.9170268559279571
L32_gamma2p0_g0p05_T300,product,32,0.05,15.0,charge_density_wave,27,0.08296963815556811
L32_gamma2p0_g0p05_T300,product,32,0.05,15.0,charge_density_wave,28,0.9170481241265328
L32_gamma2p0_g0p05_T300,product,32,0.05,15.0,charge_density_wave,29,0.08270732698645723
L32_gamma2p0_g0p05_T300,product,32,0.05,15.0,charge_density_wave,30,0.9189545555417362
L32_gamma2p0_g0p05_T300,product,32,0.05,15.0,charge_density_wave,31,0.017265335572142423
L32_gamma2p0_g0p05_T300,product,32,0.05,15.0,left,0,0.9827633363967373
L32_gamma2p0_g0p05_T300,product,32,0.05,15.0,left,1,0.0824000174043481
L32_gamma2p0_g0p05_T300,product,32,0.05,15.0,left,2,0.9175850985315941
L32_gamma2p0_g0p05_T300,product,32,0.05,15.0,left,3,0.08516909663681045
L32_gamma2p0_g0p05_T300,product,32,0.05,15.0,left,4,0.9173708132717643
L32_gamma2p0_g0p05_T300,product,32,0.05,15.0,left,5,0.08423660954180737
L32_gamma2p0_g0p05_T300,product,32,0.05,15.0,left,6,0.9171978789195623
L32_gamma2p0_g0p05_T300,product,32,0.05,15.0,left,7,0.08336610768370525
L32_gamma2p0_g0p05_T300,product,32,0.05,15.0,left,8,0.9170772144139245
L32_gamma2p0_g0p05_T300,product,32,0.05,15.0,left,9,0.08305317997332634
L32_gamma2p0_g0p05_T300,product,32,0.05,15.0,left,10,0.917037124527208
L32_gamma2p0_g0p05_T300,product,32,0.05,15.0,left,11,0.08298459801909905
L32_gamma2p0_g0p05_T300,product,32,0.05,15.0,left,12,0.9170288365011656
L32_gamma2p0_g0p05_T300,product,32,0.05,15.0,left,13,0.0829737881633094
L32_gamma2p0_g0p05_T300,product,32,0.05,15.0,left,14,0.9170277527527368
L32_gamma2p0_g0p05_T300,product,32,0.05,15.0,left,15,0.08297242532620751
L32_gamma2p0_g0p05_T300,product,32,0.05,15.0,left,16,0.9170275746737926
L32_gamma2p0_g0p05_T300,product,32,0.05,15.0,left,17,0.08297224724726311
L32_gamma2p0_g0p05_T300,product,32,0.05,15.0,left,18,0.9170262118366906
L32_gamma2p0_g0p05_T300,product,32,0.05,15.0,left,19,0.08297116349883425
L32_gamma2p0_g0p05_T300,product,32,0.05,15.0,left,20,0.917015401980901
L32_gamma2p0_g0p05_T300,product,32,0.05,15.0,left,21,0.08296287547279207
L32_gamma2p0_g0p05_T300,product,32,0.05,15.0,left,22,0.9169468200266737
L32_gamma2p0_g0p05_T300,product,32,0.05,15.0,left,23,0.08292278558607531
L32_gamma2p0_g0p05_T300,product,32,0.05,15.0,left,24,0.9166338923162947
L32_gamma2p0_g0p05_T300,product,32,0.05,15.0,left,25,0.08280212108043761
L32_gamma2p0_g0p05_T300,product,32,0.05,15.0,left,26,0.9157633904581927
L32_gamma2p0_g0p05_T300,product,32,0.05,15.0,left,27,0.08262918672823567
L32_gamma2p0_g0p05_T300,product,32,0.05,15.0,left,28,0.9148309033631896
L32_gamma2p0_g0p05_T300,product,32,0.05,15.0,left,29,0.08241490146840588
L32_gamma2p0_g0p05_T300,product,32,0.05,15.0,left,30,0.9175999825956518
L32_gamma2p0_g0p05_T300,product,32,0.05,15.0,left,31,0.0172366636032626
L32_gamma2p0_g0p05_T400,product,32,0.05,20.0,charge_density_wave,0,0.9827346644278576
L32_gamma2p0_g0p05_T400,product,32,0.05,20.0,charge_density_wave,1,0.08104544445826369
L32_gamma2p0_g0p05_T400,product,32,0.05,20.0,charge_density_wave,2,0.9172926730135427
L32_gamma2p0_g0p05_T400,product,32,0.05,20.0,charge_density_wave,3,0.0829518758734672
L32_gamma2p0_g0p05_T400,product,32,0.05,20.0,charge_density_wave,4,0.9170303618444318
L32_gamma2p0_g0p05_T400,product,32,0.05,20.0,charge_density_wave,5,0.08297314407204297
L32_gamma2p0_g0p05_T400,product,32,0.05,20.0,charge_density_wave,6,0.9170265247649633
L32_gamma2p0_g0p05_T400,product,32,0.05,20.0,charge_density_wave,7,0.08297354492052472
L32_gamma2p0_g0p05_T400,product,32,0.05,20.0,charge_density_wave,8,0.9170264475015195
L32_gamma2p0_g0p05_T400,product,32,0.05,20.0,charge_density_wave,9,0.08297355410964437
L32_gamma2p0_g0p05_T400,product,32,0.05,20.0,charge_density_wave,10,0.9170264456973529
L32_gamma2p0_g0p05_T400,product,32,0.05,20.0,charge_density_wave,11,0.08297355434329695
L32_gamma2p0_g0p05_T400,product,32,0.05,20.0,charge_density_wave,12,0.9170264456514529
L32_gamma2p0_g0p05_T400,product,32,0.05,20.0,charge_density_wave,13,0.08297355434963266
L32_gamma2p0_g0p05_T400,product,32,0.05,20.0,charge_density_wave,14,0.9170264456502182
L32_gamma2p0_g0p05_T400,product,32,0.05,20.0,charge_density_wave,15,0.08297355434981118
L32_gamma2p0_g0p05_T400,product,32,0.05,20.0,charge_density_wave,16,0.9170264456501889
L32_gamma2p0_g0p05_T400,product,32,0.05,20.0,charge_density_wave,17,0.08297355434978186
L32_gamma2p0_g0p05_T400,product,32,0.05,20.0,charge_density_wave,18,0.9170264456503674
L32_gamma2p0_g0p05_T400,product,32,0.05,20.0,charge_density_wave,19,0.08297355434854713
L32_gamma2p0_g0p05_T400,product,32,0.05,20.0,charge_density_wave,20,0.9170264456567031
L32_gamma2p0_g0p05_T400,product,32,0.05,20.0,charge_density_wave,21,0.08297355430264701
L32_gamma2p0_g0p05_T400,product,32,0.05,20.0,charge_density_wave,22,0.9170264458903556
L32_gamma2p0_g0p05_T400,product,32,0.05,20.0,charge_density_wave,23,0.08297355249848043
L32_gamma2p0_g0p05_T400,product,32,0.05,20.0,charge_density_wave,24,0.9170264550794752
L32_gamma2p0_g0p05_T400,product,32,0.05,20.0,charge_density_wave,25,0.08297347523503677
L32_gamma2p0_g0p05_T400,product,32,0.05,20.0,charge_density_wave,26,0.9170268559279571
L32_gamma2p0_g0p05_T400,product,32,0.05,20.0,charge_density_wave,27,0.0829696381555681
L32_gamma2p0_g0p05_T400,product,32,0.05,20.0,charge_density_wave,28,0.9170481241265329
L32_gamma2p0_g0p05_T400,product,32,0.05,20.0,charge_density_wave,29,0.08270732698645725
L32_gamma2p0_g0p05_T400,product,32,0.05,20.0,charge_density_wave,30,0.9189545555417362
L32_gamma2p0_g0p05_T400,product,32,0.05,20.0,charge_density_wave,31,0.017265335572142423
L32_gamma2p0_g0p05_T400,product,32,0.05,20.0,left,0,0.9827346644278665
L32_gamma2p0_g0p05_T400,product,32,0.05,20.0,left,1,0.08104544445814191
L32_gamma2p0_g0p05_T400,product,32,0.05,20.0,left,2,0.9172926730137203
L32_gamma2p0_g0p05_T400,product,32,0.05,20.0,left,3,0.08295187587273536
L32_gamma2p0_g0p05_T400,product,32,0.05,20.0,left,4,0.9170303618452851
L32_gamma2p0_g0p05_T400,product,32,0.05,20.0,left,5,0.08297314406955664
L32_gamma2p0_g0p05_T400,product,32,0.05,20.0,left,6,0.9170265247676498
L32_gamma2p0_g0p05_T400,product,32,0.05,20.0,left,7,0.08297354491439328
L32_gamma2p0_g0p05_T400,product,32,0.05,20.0,left,8,0.9170264475079021
L32_gamma2p0_g0p05_T400,product,32,0.05,20.0,left,9,0.08297355409780928
L32_gamma2p0_g0p05_T400,product,32,0.05,20.0,left,10,0.9170264457094282
L32_gamma2p0_g0p05_T400,product,32,0.05,20.0,left,11,0.08297355432473925
L32_gamma2p0_g0p05_T400,product,32,0.05,20.0,left,12,0.9170264456701839
L32_gamma2p0_g0p05_T400,product,32,0.05,20.0,left,13,0.08297355432549369
L32_gamma2p0_g0p05_T400,product,32,0.05,20.0,left,14,0.9170264456744424
L32_gamma2p0_g0p05_T400,product,32,0.05,20.0,left,15,0.08297355432346729
L32_gamma2p0_g0p05_T400,product,32,0.05,20.0,left,16,0.9170264456765327
L32_gamma2p0_g0p05_T400,product,32,0.05,20.0,left,17,0.08297355432555753
L32_gamma2p0_g0p05_T400,product,32,0.05,20.0,left,18,0.9170264456745062
L32_gamma2p0_g0p05_T400,product,32,0.05,20.0,left,19,0.08297355432981604
L32_gamma2p0_g0p05_T400,product,32,0.05,20.0,left,20,0.9170264456752607
L32_gamma2p0_g0p05_T400,product,32,0.05,20.0,left,21,0.08297355429057182
L32_gamma2p0_g0p05_T400,product,32,0.05,20.0,left,22,0.9170264459021907
L32_gamma2p0_g0p05_T400,product,32,0.05,20.0,left,23,0.08297355249209801
L32_gamma2p0_g0p05_T400,product,32,0.05,20.0,left,24,0.9170264550856068
L32_gamma2p0_g0p05_T400,product,32,0.05,20.0,left,25,0.08297347523235019
L32_gamma2p0_g0p05_T400,product,32,0.05,20.0,left,26,0.9170268559304433
L32_gamma2p0_g0p05_T400,product,32,0.05,20.0,left,27,0.08296963815471486
L32_gamma2p0_g0p05_T400,product,32,0.05,20.0,left,28,0.9170481241272647
L32_gamma2p0_g0p05_T400,product,32,0.05,20.0,left,29,0.08270732698627964
L32_gamma2p0_g0p05_T400,product,32,0.05,20.0,left,30,0.9189545555418581
L32_gamma2p0_g0p05_T400,product,32,0.05,20.0,left,31,0.017265335572133632
L32_gamma2p0_g0p05_T500,product,32,0.05,25.0,charge_density_wave,0,0.9827346644278575
L32_gamma2p0_g0p05_T500,product,32,0.05,25.0,charge_density_wave,1,0.0810454444582637
L32_gamma2p0_g0p05_T500,product,32,0.05,25.0,charge_density_wave,2,0.9172926730135428
L32_gamma2p0_g0p05_T500,product,32,0.05,25.0,charge_density_wave,3,0.08295187587346721
L32_gamma2p0_g0p05_T500,product,32,0.05,25.0,charge_density_wave,4,0.9170303618444319
L32_gamma2p0_g0p05_T500,product,32,0.05,25.0,charge_density_wave,5,0.08297314407204297
L32_gamma2p0_g0p05_T500,product,32,0.05,25.0,charge_density_wave,6,0.9170265247649632
L32_gamma2p0_g0p05_T500,product,32,0.05,25.0,charge_density_wave,7,0.08297354492052472
L32_gamma2p0_g0p05_T500,product,32,0.05,25.0,charge_density_wave,8,0.9170264475015195
L32_gamma2p0_g0p05_T500,product,32,0.05,25.0,charge_density_wave,9,0.08297355410964438
L32_gamma2p0_g0p05_T500,product,32,0.05,25.0,charge_density_wave,10,0.9170264456973531
L32_gamma2p0_g0p05_T500,product,32,0.05,25.0,charge_density_wave,11,0.08297355434329694
L32_gamma2p0_g0p05_T500,product,32,0.05,25.0,charge_density_wave,12,0.917026445651453
L32_gamma2p0_g0p05_T500,product,32,0.05,25.0,charge_density_wave,13,0.08297355434963266
L32_gamma2p0_g0p05_T500,product,32,0.05,25.0,charge_density_wave,14,0.9170264456502181
L32_gamma2p0_g0p05_T500,product,32,0.05,25.0,charge_density_wave,15,0.08297355434981117
L32_gamma2p0_g0p05_T500,product,32,0.05,25.0,charge_density_wave,16,0.9170264456501889
L32_gamma2p0_g0p05_T500,product,32,0.05,25.0,charge_density_wave,17,0.08297355434978186
L32_gamma2p0_g0p05_T500,product,32,0.05,25.0,charge_density_wave,18,0.9170264456503673
L32_gamma2p0_g0p05_T500,product,32,0.05,25.0,charge_density_wave,19,0.08297355434854713
L32_gamma2p0_g0p05_T500,product,32,0.05,25.0,charge_density_wave,20,0.9170264456567031
L32_gamma2p0_g0p05_T500,product,32,0.05,25.0,charge_density_wave,21,0.08297355430264702
L32_gamma2p0_g0p05_T500,product,32,0.05,25.0,charge_density_wave,22,0.9170264458903556
L32_gamma2p0_g0p05_T500,product,32,0.05,25.0,charge_density_wave,23,0.08297355249848043
L32_gamma2p0_g0p05_T500,product,32,0.05,25.0,charge_density_wave,24,0.9170264550794753
L32_gamma2p0_g0p05_T500,product,32,0.05,25.0,charge_density_wave,25,0.08297347523503679
L32_gamma2p0_g0p05_T500,product,32,0.05,25.0,charge_density_wave,26,0.917026855927957
L32_gamma2p0_g0p05_T500,product,32,0.05,25.0,charge_density_wave,27,0.0829696381555681
L32_gamma2p0_g0p05_T500,product,32,0.05,25.0,charge_density_wave,28,0.9170481241265328
L32_gamma2p0_g0p05_T500,product,32,0.05,25.0,charge_density_wave,29,0.08270732698645725
L32_gamma2p0_g0p05_T500,product,32,0.05,25.0,charge_density_wave,30,0.9189545555417362
L32_gamma2p0_g0p05_T500,product,32,0.05,25.0,charge_density_wave,31,0.017265335572142423
L32_gamma2p0_g0p05_T500,product,32,0.05,25.0,left,0,0.9827346644278575
L32_gamma2p0_g0p05_T500,product,32,0.05,25.0,left,1,0.08104544445826369
L32_gamma2p0_g0p05_T500,product,32,0.05,25.0,left,2,0.9172926730135429
L32_gamma2p0_g0p05_T500,product,32,0.05,25.0,left,3,0.0829518758734672
L32_gamma2p0_g0p05_T500,product,32,0.05,25.0,left,4,0.917030361844432
L32_gamma2p0_g0p05_T500,product,32,0.05,25.0,left,5,0.08297314407204295
L32_gamma2p0_g0p05_T500,product,32,0.05,25.0,left,6,0.9170265247649633
L32_gamma2p0_g0p05_T500,product,32,0.05,25.0,left,7,0.08297354492052468
L32_gamma2p0_g0p05_T500,product,32,0.05,25.0,left,8,0.9170264475015197
L32_gamma2p0_g0p05_T500,product,32,0.05,25.0,left,9,0.08297355410964428
L32_gamma2p0_g0p05_T500,product,32,0.05,25.0,left,10,0.917026445697353
L32_gamma2p0_g0p05_T500,product,32,0.05,25.0,left,11,0.08297355434329681
L32_gamma2p0_g0p05_T500,product,32,0.05,25.0,left,12,0.917026445651453
L32_gamma2p0_g0p05_T500,product,32,0.05,25.0,left,13,0.0829735543496325
L32_gamma2p0_g0p05_T500,product,32,0.05,25.0,left,14,0.9170264456502184
L32_gamma2p0_g0p05_T500,product,32,0.05,25.0,left,15,0.08297355434981098
L32_gamma2p0_g0p05_T500,product,32,0.05,25.0,left,16,0.9170264456501891
L32_gamma2p0_g0p05_T500,product,32,0.05,25.0,left,17,0.0829735543497817
L32_gamma2p0_g0p05_T500,product,32,0.05,25.0,left,18,0.9170264456503676
L32_gamma2p0_g0p05_T500,product,32,0.05,25.0,left,19,0.08297355434854699
L32_gamma2p0_g0p05_T500,product,32,0.05,25.0,left,20,0.9170264456567032
L32_gamma2p0_g0p05_T500,product,32,0.05,25.0,left,21,0.08297355430264691
L32_gamma2p0_g0p05_T500,product,32,0.05,25.0,left,22,0.9170264458903556
L32_gamma2p0_g0p05_T500,product,32,0.05,25.0,left,23,0.08297355249848039
L32_gamma2p0_g0p05_T500,product,32,0.05,25.0,left,24,0.9170264550794753
L32_gamma2p0_g0p05_T500,product,32,0.05,25.0,left,25,0.08297347523503677
L32_gamma2p0_g0p05_T500,product,32,0.05,25.0,left,26,0.917026855927957
L32_gamma2p0_g0p05_T500,product,32,0.05,25.0,left,27,0.0829696381555681
L32_gamma2p0_g0p05_T500,product,32,0.05,25.0,left,28,0.9170481241265327
L32_gamma2p0_g0p05_T500,product,32,0.05,25.0,left,29,0.08270732698645723
L32_gamma2p0_g0p05_T500,product,32,0.05,25.0,left,30,0.9189545555417362
L32_gamma2p0_g0p05_T500,product,32,0.05,25.0,left,31,0.017265335572142427
L32_gamma2p0_g0p0_T100,product,32,0.0,5.0,charge_density_wave,0,0.9828528400784118
L32_gamma2p0_g0p0_T100,product,32,0.0,5.0,charge_density_wave,1,0.08717202527763969
L32_gamma2p0_g0p0_T100,product,32,0.0,5.0,charge_density_wave,2,0.9113280561286605
L32_gamma2p0_g0p0_T100,product,32,0.0,5.0,charge_density_wave,3,0.08894117517907332
L32_gamma2p0_g0p0_T100,product,32,0.0,5.0,charge_density_wave,4,0.9110434353986598
L32_gamma2p0_g0p0_T100,product,32,0.0,5.0,charge_density_wave,5,0.08896054163399306
L32_gamma2p0_g0p0_T100,product,32,0.0,5.0,charge_density_wave,6,0.9110391818024992
L32_gamma2p0_g0p0_T100,product,32,0.0,5.0,charge_density_wave,7,0.08896089894884243
L32_gamma2p0_g0p0_T100,product,32,0.0,5.0,charge_density_wave,8,0.9110390949546837
L32_gamma2p0_g0p0_T100,product,32,0.0,5.0,charge_density_wave,9,0.0889609069313575
L32_gamma2p0_g0p0_T100,product,32,0.0,5.0,charge_density_wave,10,0.9110390929201863
L32_gamma2p0_g0p0_T100,product,32,0.0,5.0,charge_density_wave,11,0.08896090712716206
L32_gamma2p0_g0p0_T100,product,32,0.0,5.0,charge_density_wave,12,0.9110390928690265
L32_gamma2p0_g0p0_T100,product,32,0.0,5.0,charge_density_wave,13,0.08896090713220911
L32_gamma2p0_g0p0_T100,product,32,0.0,5.0,charge_density_wave,14,0.9110390928676904
L32_gamma2p0_g0p0_T100,product,32,0.0,5.0,charge_density_wave,15,0.08896090713234177
L32_gamma2p0_g0p0_T100,product,32,0.0,5.0,charge_density_wave,16,0.9110390928676582
L32_gamma2p0_g0p0_T100,product,32,0.0,5.0,charge_density_wave,17,0.08896090713230974
L32_gamma2p0_g0p0_T100,product,32,0.0,5.0,charge_density_wave,18,0.911039092867791
L32_gamma2p0_g0p0_T100,product,32,0.0,5.0,charge_density_wave,19,0.0889609071309734
L32_gamma2p0_g0p0_T100,product,32,0.0,5.0,charge_density_wave,20,0.9110390928728378
L32_gamma2p0_g0p0_T100,product,32,0.0,5.0,charge_density_wave,21,0.08896090707981355
L32_gamma2p0_g0p0_T100,product,32,0.0,5.0,charge_density_wave,22,0.9110390930686425
L32_gamma2p0_g0p0_T100,product,32,0.0,5.0,charge_density_wave,23,0.0889609050453162
L32_gamma2p0_g0p0_T100,product,32,0.0,5.0,charge_density_wave,24,0.9110391010511575
L32_gamma2p0_g0p0_T100,product,32,0.0,5.0,charge_density_wave,25,0.08896081819750065
L32_gamma2p0_g0p0_T100,product,32,0.0,5.0,charge_density_wave,26,0.911039458366007
L32_gamma2p0_g0p0_T100,product,32,0.0,5.0,charge_density_wave,27,0.08895656460134017
L32_gamma2p0_g0p0_T100,product,32,0.0,5.0,charge_density_wave,28,0.9110588248209267
L32_gamma2p0_g0p0_T100,product,32,0.0,5.0,charge_density_wave,29,0.0886719438713395
L32_gamma2p0_g0p0_T100,product,32,0.0,5.0,charge_density_wave,30,0.9128279747223603
L32_gamma2p0_g0p0_T100,product,32,0.0,5.0,charge_density_wave,31,0.01714715992158815
L32_gamma2p0_g0p0_T100,product,32,0.0,5.0,left,0,0.9999999999603809
L32_gamma2p0_g0p0_T100,product,32,0.0,5.0,left,1,0.9999999953319675
L32_gamma2p0_g0p0_T100,product,32,0.0,5.0,left,2,0.9999999910709092
L32_gamma2p0_g0p0_T100,product,32,0.0,5.0,left,3,0.9999988274687499
L32_gamma2p0_g0p0_T100,product,32,0.0,5.0,left,4,0.9999987739273809
L32_gamma2p0_g0p0_T100,product,32,0.0,5.0,left,5,0.9998463489345797
L32_gamma2p0_g0p0_T100,product,32,0.0,5.0,left,6,0.9999301978666786
L32_gamma2p0_g0p0_T100,product,32,0.0,5.0,left,7,0.9909213847487256
L32_gamma2p0_g0p0_T100,product,32,0.0,5.0,left,8,0.9989576366411947
L32_gamma2p0_g0p0_T100,product,32,0.0,5.0,left,9,0.813635711425315
L32_gamma2p0_g0p0_T100,product,32,0.0,5.0,left,10,0.9987983734492357
L32_gamma2p0_g0p0_T100,product,32,0.0,5.0,left,11,0.23905964331794913
L32_gamma2p0_g0p0_T100,product,32,0.0,5.0,left,12,0.9291699897422587
L32_gamma2p0_g0p0_T100,product,32,0.0,5.0,left,13,0.09866183768787642
L32_gamma2p0_g0p0_T100,product,32,0.0,5.0,left,14,0.9129508528287045
L32_gamma2p0_g0p0_T100,product,32,0.0,5.0,left,15,0.08855304862738465
L32_gamma2p0_g0p0_T100,product,32,0.0,5.0,left,16,0.9114469513726153
L32_gamma2p0_g0p0_T100,product,32,0.0,5.0,left,17,0.08704914717129546
L32_gamma2p0_g0p0_T100,product,32,0.0,5.0,left,18,0.9013381623121235
L32_gamma2p0_g0p0_T100,product,32,0.0,5.0,left,19,0.07083001025774124
L32_gamma2p0_g0p0_T100,product,32,0.0,5.0,left,20,0.7609403566820507
L32_gamma2p0_g0p0_T100,product,32,0.0,5.0,left,21,0.0012016265507643472
L32_gamma2p0_g0p0_T100,product,32,0.0,5.0,left,22,0.18636428857468484
L32_gamma2p0_g0p0_T100,product,32,0.0,5.0,left,23,0.0010423633588052626
L32_gamma2p0_g0p0_T100,product,32,0.0,5.0,left,24,0.009078615251274378
L32_gamma2p0_g0p0_T100,product,32,0.0,5.0,left,25,6.980213332148095e-05
L32_gamma2p0_g0p0_T100,product,32,0.0,5.0,left,26,0.00015365106542049962
L32_gamma2p0_g0p0_T100,product,32,0.0,5.0,left,27,1.2260726191217283e-06
L32_gamma2p0_g0p0_T100,product,32,0.0,5.0,left,28,1.172531250128367e-06
L32_gamma2p0_g0p0_T100,product,32,0.0,5.0,left,29,8.92909089788191e-09
L32_gamma2p0_g0p0_T100,product,32,0.0,5.0,left,30,4.668032532064397e-09
L32_gamma2p0_g0p0_T100,product,32,0.0,5.0,left,31,3.961897381193963e-11
L32_gamma2p0_g0p0_T150,product,32,0.0,7.5,charge_density_wave,0,0.9828528349976615
L32_gamma2p0_g0p0_T150,product,32,0.0,7.5,charge_density_wave,1,0.0871720625357562
L32_gamma2p0_g0p0_T150,product,32,0.0,7.5,charge_density_wave,2,0.9113280029409441
L32_gamma2p0_g0p0_T150,product,32,0.0,7.5,charge_density_wave,3,0.08894124882533594
L32_gamma2p0_g0p0_T150,product,32,0.0,7.5,charge_density_wave,4,0.9110433567296488
L32_gamma2p0_g0p0_T150,product,32,0.0,7.5,charge_density_wave,5,0.08896062438339299
L32_gamma2p0_g0p0_T150,product,32,0.0,7.5,charge_density_wave,6,0.9110390983343752
L32_gamma2p0_g0p0_T150,product,32,0.0,7.5,charge_density_wave,7,0.08896098287026882
L32_gamma2p0_g0p0_T150,product,32,0.0,7.5,charge_density_wave,8,0.9110390109678145
L32_gamma2p0_g0p0_T150,product,32,0.0,7.5,charge_density_wave,9,0.08896099095341481
L32_gamma2p0_g0p0_T150,product,32,0.0,7.5,charge_density_wave,10,0.911039008893668
L32_gamma2p0_g0p0_T150,product,32,0.0,7.5,charge_density_wave,11,0.08896099115583568
L32_gamma2p0_g0p0_T150,product,32,0.0,7.5,charge_density_wave,12,0.9110390088401031
L32_gamma2p0_g0p0_T150,product,32,0.0,7.5,charge_density_wave,13,0.08896099116124473
L32_gamma2p0_g0p0_T150,product,32,0.0,7.5,charge_density_wave,14,0.9110390088386426
L32_gamma2p0_g0p0_T150,product,32,0.0,7.5,charge_density_wave,15,0.08896099116139453
L32_gamma2p0_g0p0_T150,product,32,0.0,7.5,charge_density_wave,16,0.9110390088386056
L32_gamma2p0_g0p0_T150,product,32,0.0,7.5,charge_density_wave,17,0.08896099116135753
L32_gamma2p0_g0p0_T150,product,32,0.0,7.5,charge_density_wave,18,0.9110390088387552
L32_gamma2p0_g0p0_T150,product,32,0.0,7.5,charge_density_wave,19,0.08896099115989695
L32_gamma2p0_g0p0_T150,product,32,0.0,7.5,charge_density_wave,20,0.9110390088441643
L32_gamma2p0_g0p0_T150,product,32,0.0,7.5,charge_density_wave,21,0.08896099110633196
L32_gamma2p0_g0p0_T150,product,32,0.0,7.5,charge_density_wave,22,0.9110390090465853
L32_gamma2p0_g0p0_T150,product,32,0.0,7.5,charge_density_wave,23,0.0889609890321855
L32_gamma2p0_g0p0_T150,product,32,0.0,7.5,charge_density_wave,24,0.9110390171297312
L32_gamma2p0_g0p0_T150,product,32,0.0,7.5,charge_density_wave,25,0.08896090166562477
L32_gamma2p0_g0p0_T150,product,32,0.0,7.5,charge_density_wave,26,0.9110393756166071
L32_gamma2p0_g0p0_T150,product,32,0.0,7.5,charge_density_wave,27,0.08895664327035128
L32_gamma2p0_g0p0_T150,product,32,0.0,7.5,charge_density_wave,28,0.9110587511746641
L32_gamma2p0_g0p0_T150,product,32,0.0,7.5,charge_density_wave,29,0.08867199705905583
L32_gamma2p0_g0p0_T150,product,32,0.0,7.5,charge_density_wave,30,0.9128279374642438
L32_gamma2p0_g0p0_T150,product,32,0.0,7.5,charge_density_wave,31,0.017147165002338628
L32_gamma2p0_g0p0_T150,product,32,0.0,7.5,left,0,0.9999978280805498
L32_gamma2p0_g0p0_T150,product,32,0.0,7.5,left,1,0.9998305818732437
L32_gamma2p0_g0p0_T150,product,32,0.0,7.5,left,2,0.9999662299773203
L32_gamma2p0_g0p0_T150,product,32,0.0,7.5,left,3,0.99462455482631
L32_gamma2p0_g0p0_T150,product,32,0.0,7.5,left,4,0.9996938302523002
L32_gamma2p0_g0p0_T150,product,32,0.0,7.5,left,5,0.9248448296928317
L32_gamma2p0_g0p0_T150,product,32,0.0,7.5,left,6,0.9991032261644772
L32_gamma2p0_g0p0_T150,product,32,0.0,7.5,left,7,0.6062328494160248
L32_gamma2p0_g0p0_T150,product,32,0.0,7.5,left,8,0.9886461939173679
L32_gamma2p0_g0p0_T150,product,32,0.0,7.5,left,9,0.3723720197879868
L32_gamma2p0_g0p0_T150,product,32,0.0,7.5,left,10,0.9474358846913956
L32_gamma2p0_g0p0_T150,product,32,0.0,7.5,left,11,0.1384299430543222
L32_gamma2p0_g0p0_T150,product,32,0.0,7.5,left,12,0.9174384915139951
L32_gamma2p0_g0p0_T150,product,32,0.0,7.5,left,13,0.09333709218479769
L32_gamma2p0_g0p0_T150,product,32,0.0,7.5,left,14,0.9117235135834907
L32_gamma2p0_g0p0_T150,product,32,0.0,7.5,left,15,0.08908001941725611
L32_gamma2p0_g0p0_T150,product,32,0.0,7.5,left,16,0.9109199805827439
L32_gamma2p0_g0p0_T150,product,32,0.0,7.5,left,17,0.08827648641650923
L32_gamma2p0_g0p0_T150,product,32,0.0,7.5,left,18,0.9066629078152023
L32_gamma2p0_g0p0_T150,product,32,0.0,7.5,left,19,0.08256150848600473
L32_gamma2p0_g0p0_T150,product,32,0.0,7.5,left,20,0.8615700569456777
L32_gamma2p0_g0p0_T150,product,32,0.0,7.5,left,21,0.052564115308604394
L32_gamma2p0_g0p0_T150,product,32,0.0,7.5,left,22,0.6276279802120133
L32_gamma2p0_g0p0_T150,product,32,0.0,7.5,left,23,0.011353806082632204
L32_gamma2p0_g0p0_T150,product,32,0.0,7.5,left,24,0.39376715058397516
L32_gamma2p0_g0p0_T150,product,32,0.0,7.5,left,25,0.0008967738355229427
L32_gamma2p0_g0p0_T150,product,32,0.0,7.5,left,26,0.07515517030716835
L32_gamma2p0_g0p0_T150,product,32,0.0,7.5,left,27,0.0003061697476997668
L32_gamma2p0_g0p0_T150,product,32,0.0,7.5,left,28,0.005375445173689893
L32_gamma2p0_g0p0_T150,product,32,0.0,7.5,left,29,3.377002267973692e-05
L32_gamma2p0_g0p0_T150,product,32,0.0,7.5,left,30,0.00016941812675629053
L32_gamma2p0_g0p0_T150,product,32,0.0,7.5,left,31,2.171919450242249e-06
L32_gamma2p0_g0p0_T200,product,32,0.0,10.0,charge_density_wave,0,0.9828528349939389
L32_gamma2p0_g0p0_T200,product,32,0.0,10.0,charge_density_wave,1,0.08717206256502662
L32_gamma2p0_g0p0_T200,product,32,0.0,10.0,charge_density_wave,2,0.9113280028962679
L32_gamma2p0_g0p0_T200,product,32,0.0,10.0,charge_density_wave,3,0.08894124889543159
L32_gamma2p0_g0p0_T200,product,32,0.0,10.0,charge_density_wave,4,0.9110433566513342
L32_gamma2p0_g0p0_T200,product,32,0.0,10.0,charge_density_wave,5,0.08896062447058085
L32_gamma2p0_g0p0_T200,product,32,0.0,10.0,charge_density_wave,6,0.9110390982451102
L32_gamma2p0_g0p0_T200,product,32,0.0,10.0,charge_density_wave,7,0.0889609829612664
L32_gamma2p0_g0p0_T200,product,32,0.0,10.0,charge_density_wave,8,0.9110390108764889
L32_gamma2p0_g0p0_T200,product,32,0.0,10.0,charge_density_wave,9,0.08896099104496936
L32_gamma2p0_g0p0_T200,product,32,0.0,10.0,charge_density_wave,10,0.9110390088020761
L32_gamma2p0_g0p0_T200,product,32,0.0,10.0,charge_density_wave,11,0.08896099124745036
L32_gamma2p0_g0p0_T200,product,32,0.0,10.0,charge_density_wave,12,0.911039008748485
L32_gamma2p0_g0p0_T200,product,32,0.0,10.0,charge_density_wave,13,0.08896099125286461
L32_gamma2p0_g0p0_T200,product,32,0.0,10.0,charge_density_wave,14,0.9110390087470224
L32_gamma2p0_g0p0_T200,product,32,0.0,10.0,charge_density_wave,15,0.08896099125301477
L32_gamma2p0_g0p0_T200,product,32,0.0,10.0,charge_density_wave,16,0.9110390087469853
L32_gamma2p0_g0p0_T200,product,32,0.0,10.0,charge_density_wave,17,0.08896099125297766
L32_gamma2p0_g0p0_T200,product,32,0.0,10.0,charge_density_wave,18,0.9110390087471355
L32_gamma2p0_g0p0_T200,product,32,0.0,10.0,charge_density_wave,19,0.08896099125151496
L32_gamma2p0_g0p0_T200,product,32,0.0,10.0,charge_density_wave,20,0.9110390087525495
L32_gamma2p0_g0p0_T200,product,32,0.0,10.0,charge_density_wave,21,0.08896099119792379
L32_gamma2p0_g0p0_T200,product,32,0.0,10.0,charge_density_wave,22,0.9110390089550306
L32_gamma2p0_g0p0_T200,product,32,0.0,10.0,charge_density_wave,23,0.08896098912351108
L32_gamma2p0_g0p0_T200,product,32,0.0,10.0,charge_density_wave,24,0.9110390170387336
L32_gamma2p0_g0p0_T200,product,32,0.0,10.0,charge_density_wave,25,0.08896090175488996
L32_gamma2p0_g0p0_T200,product,32,0.0,10.0,charge_density_wave,26,0.9110393755294193
L32_gamma2p0_g0p0_T200,product,32,0.0,10.0,charge_density_wave,27,0.08895664334866579
L32_gamma2p0_g0p0_T200,product,32,0.0,10.0,charge_density_wave,28,0.9110587511045685
L32_gamma2p0_g0p0_T200,product,32,0.0,10.0,charge_density_wave,29,0.08867199710373207
L32_gamma2p0_g0p0_T200,product,32,0.0,10.0,charge_density_wave,30,0.9128279374349735
L32_gamma2p0_g0p0_T200,product,32,0.0,10.0,charge_density_wave,31,0.017147165006061067
L32_gamma2p0_g0p0_T200,product,32,0.0,10.0,left,0,0.9986180918593418
L32_gamma2p0_g0p0_T200,product,32,0.0,10.0,left,1,0.9127960612563903
L32_gamma2p0_g0p0_T200,product,32,0.0,10.0,left,2,0.99964495149817
L32_gamma2p0_g0p0_T200,product,32,0.0,10.0,left,3,0.5898186693187223
L32_gamma2p0_g0p0_T200,product,32,0.0,10.0,left,4,0.9880219721218885
L32_gamma2p0_g0p0_T200,product,32,0.0,10.0,left,5,0.4745499763220209
L32_gamma2p0_g0p0_T200,product,32,0.0,10.0,left,6,0.9661978840716903
L32_gamma2p0_g0p0_T200,product,32,0.0,10.0,left,7,0.2436514274364319
L32_gamma2p0_g0p0_T200,product,32,0.0,10.0,left,8,0.9321122808397464
L32_gamma2p0_g0p0_T200,product,32,0.0,10.0,left,9,0.12485044094022923
L32_gamma2p0_g0p0_T200,product,32,0.0,10.0,left,10,0.9158216956375702
L32_gamma2p0_g0p0_T200,product,32,0.0,10.0,left,11,0.09405648510593084
L32_gamma2p0_g0p0_T200,product,32,0.0,10.0,left,12,0.9117596279859354
L32_gamma2p0_g0p0_T200,product,32,0.0,10.0,left,13,0.08940905565688884
L32_gamma2p0_g0p0_T200,product,32,0.0,10.0,left,14,0.911156694349252
L32_gamma2p0_g0p0_T200,product,32,0.0,10.0,left,15,0.08893397015340702
L32_gamma2p0_g0p0_T200,product,32,0.0,10.0,left,16,0.9110660298465929
L32_gamma2p0_g0p0_T200,product,32,0.0,10.0,left,17,0.08884330565074812
L32_gamma2p0_g0p0_T200,product,32,0.0,10.0,left,18,0.9105909443431112
L32_gamma2p0_g0p0_T200,product,32,0.0,10.0,left,19,0.08824037201406462
L32_gamma2p0_g0p0_T200,product,32,0.0,10.0,left,20,0.9059435148940692
L32_gamma2p0_g0p0_T200,product,32,0.0,10.0,left,21,0.08417830436242976
L32_gamma2p0_g0p0_T200,product,32,0.0,10.0,left,22,0.8751495590597708
L32_gamma2p0_g0p0_T200,product,32,0.0,10.0,left,23,0.06788771916025371
L32_gamma2p0_g0p0_T200,product,32,0.0,10.0,left,24,0.7563485725635681
L32_gamma2p0_g0p0_T200,product,32,0.0,10.0,left,25,0.03380211592830968
L32_gamma2p0_g0p0_T200,product,32,0.0,10.0,left,26,0.5254500236779791
L32_gamma2p0_g0p0_T200,product,32,0.0,10.0,left,27,0.01197802787811149
L32_gamma2p0_g0p0_T200,product,32,0.0,10.0,left,28,0.4101813306812778
L32_gamma2p0_g0p0_T200,product,32,0.0,10.0,left,29,0.00035504850183006747
L32_gamma2p0_g0p0_T200,product,32,0.0,10.0,left,30,0.08720393874360965
L32_gamma2p0_g0p0_T200,product,32,0.0,10.0,left,31,0.0013819081406580291
L32_gamma2p0_g0p0_T250,product,32,0.0,12.5,charge_density_wave,0,0.9828528349939358
L32_gamma2p0_g0p0_T250,product,32,0.0,12.5,charge_density_wave,1,0.08717206256505289
L32_gamma2p0_g0p0_T250,product,32,0.0,12.5,charge_density_wave,2,0.9113280028962263
L32_gamma2p0_g0p0_T250,product,32,0.0,12.5,charge_density_wave,3,0.08894124889550226
L32_gamma2p0_g0p0_T250,product,32,0.0,12.5,charge_density_wave,4,0.9110433566512525
L32_gamma2p0_g0p0_T250,product,32,0.0,12.5,charge_density_wave,5,0.08896062447067686
L32_gamma2p0_g0p0_T250,product,32,0.0,12.5,charge_density_wave,6,0.9110390982450102
L32_gamma2p0_g0p0_T250,product,32,0.0,12.5,charge_density_wave,7,0.08896098296137048
L32_gamma2p0_g0p0_T250,product,32,0.0,12.5,charge_density_wave,8,0.911039010876384
L32_gamma2p0_g0p0_T250,product,32,0.0,12.5,charge_density_wave,9,0.08896099104507516
L32_gamma2p0_g0p0_T250,product,32,0.0,12.5,charge_density_wave,10,0.9110390088019704
L32_gamma2p0_g0p0_T250,product,32,0.0,12.5,charge_density_wave,11,0.08896099124755644
L32_gamma2p0_g0p0_T250,product,32,0.0,12.5,charge_density_wave,12,0.9110390087483788
L32_gamma2p0_g0p0_T250,product,32,0.0,12.5,charge_density_wave,13,0.08896099125297069
L32_gamma2p0_g0p0_T250,product,32,0.0,12.5,charge_density_wave,14,0.9110390087469163
L32_gamma2p0_g0p0_T250,product,32,0.0,12.5,charge_density_wave,15,0.08896099125312086
L32_gamma2p0_g0p0_T250,product,32,0.0,12.5,charge_density_wave,16,0.9110390087468792
L32_gamma2p0_g0p0_T250,product,32,0.0,12.5,charge_density_wave,17,0.08896099125308372
L32_gamma2p0_g0p0_T250,product,32,0.0,12.5,charge_density_wave,18,0.9110390087470294
L32_gamma2p0_g0p0_T250,product,32,0.0,12.5,charge_density_wave,19,0.08896099125162105
L32_gamma2p0_g0p0_T250,product,32,0.0,12.5,charge_density_wave,20,0.9110390087524435
L32_gamma2p0_g0p0_T250,product,32,0.0,12.5,charge_density_wave,21,0.08896099119802975
L32_gamma2p0_g0p0_T250,product,32,0.0,12.5,charge_density_wave,22,0.9110390089549248
L32_gamma2p0_g0p0_T250,product,32,0.0,12.5,charge_density_wave,23,0.08896098912361608
L32_gamma2p0_g0p0_T250,product,32,0.0,12.5,charge_density_wave,24,0.9110390170386294
L32_gamma2p0_g0p0_T250,product,32,0.0,12.5,charge_density_wave,25,0.08896090175499
L32_gamma2p0_g0p0_T250,product,32,0.0,12.5,charge_density_wave,26,0.9110393755293231
L32_gamma2p0_g0p0_T250,product,32,0.0,12.5,charge_density_wave,27,0.08895664334874753
L32_gamma2p0_g0p0_T250,product,32,0.0,12.5,charge_density_wave,28,0.9110587511044977
L32_gamma2p0_g0p0_T250,product,32,0.0,12.5,charge_density_wave,29,0.08867199710377369
L32_gamma2p0_g0p0_T250,product,32,0.0,12.5,charge_density_wave,30,0.9128279374349471
L32_gamma2p0_g0p0_T250,product,32,0.0,12.5,charge_density_wave,31,0.017147165006064287
L32_gamma2p0_g0p0_T250,product,32,0.0,12.5,left,0,0.9900277427375802
L32_gamma2p0_g0p0_T250,product,32,0.0,12.5,left,1,0.43665610465536076
L32_gamma2p0_g0p0_T250,product,32,0.0,12.5,left,2,0.9774792761543889
L32_gamma2p0_g0p0_T250,product,32,0.0,12.5,left,3,0.4493850062079436
L32_gamma2p0_g0p0_T250,product,32,0.0,12.5,left,4,0.9637088028286074
L32_gamma2p0_g0p0_T250,product,32,0.0,12.5,left,5,0.21503904120817657
L32_gamma2p0_g0p0_T250,product,32,0.0,12.5,left,6,0.9282670269110136
L32_gamma2p0_g0p0_T250,product,32,0.0,12.5,left,7,0.11363498595896361
L32_gamma2p0_g0p0_T250,product,32,0.0,12.5,left,8,0.9143746714355174
L32_gamma2p0_g0p0_T250,product,32,0.0,12.5,left,9,0.09227031635034974
L32_gamma2p0_g0p0_T250,product,32,0.0,12.5,left,10,0.9114943592385479
L32_gamma2p0_g0p0_T250,product,32,0.0,12.5,left,11,0.08929489339720025
L32_gamma2p0_g0p0_T250,product,32,0.0,12.5,left,12,0.9110911913609996
L32_gamma2p0_g0p0_T250,product,32,0.0,12.5,left,13,0.08898217507891511
L32_gamma2p0_g0p0_T250,product,32,0.0,12.5,left,14,0.9110496596075004
L32_gamma2p0_g0p0_T250,product,32,0.0,12.5,left,15,0.08895510162075355
L32_gamma2p0_g0p0_T250,product,32,0.0,12.5,left,16,0.9110448983792465
L32_gamma2p0_g0p0_T250,product,32,0.0,12.5,left,17,0.08895034039249955
L32_gamma2p0_g0p0_T250,product,32,0.0,12.5,left,18,0.9110178249210849
L32_gamma2p0_g0p0_T250,product,32,0.0,12.5,left,19,0.08890880863900041
L32_gamma2p0_g0p0_T250,product,32,0.0,12.5,left,20,0.9107051066027997
L32_gamma2p0_g0p0_T250,product,32,0.0,12.5,left,21,0.08850564076145215
L32_gamma2p0_g0p0_T250,product,32,0.0,12.5,left,22,0.9077296836496502
L32_gamma2p0_g0p0_T250,product,32,0.0,12.5,left,23,0.08562532856448264
L32_gamma2p0_g0p0_T250,product,32,0.0,12.5,left,24,0.8863650140410364
L32_gamma2p0_g0p0_T250,product,32,0.0,12.5,left,25,0.07173297308898649
L32_gamma2p0_g0p0_T250,product,32,0.0,12.5,left,26,0.7849609587918235
L32_gamma2p0_g0p0_T250,product,32,0.0,12.5,left,27,0.03629119717139262
L32_gamma2p0_g0p0_T250,product,32,0.0,12.5,left,28,0.5506149937920565
L32_gamma2p0_g0p0_T250,product,32,0.0,12.5,left,29,0.02252072384561104
L32_gamma2p0_g0p0_T250,product,32,0.0,12.5,left,30,0.5633438953446391
L32_gamma2p0_g0p0_T250,product,32,0.0,12.5,left,31,0.009972257262419805
L32_gamma2p0_g0p0_T300,product,32,0.0,15.0,charge_density_wave,0,0.9828528349939358
L32_gamma2p0_g0p0_T300,product,32,0.0,15.0,charge_density_wave,1,0.08717206256505289
L32_gamma2p0_g0p0_T300,product,32,0.0,15.0,charge_density_wave,2,0.9113280028962263
L32_gamma2p0_g0p0_T300,product,32,0.0,15.0,charge_density_wave,3,0.08894124889550234
L32_gamma2p0_g0p0_T300,product,32,0.0,15.0,charge_density_wave,4,0.9110433566512524
L32_gamma2p0_g0p0_T300,product,32,0.0,15.0,charge_density_wave,5,0.08896062447067697
L32_gamma2p0_g0p0_T300,product,32,0.0,15.0,charge_density_wave,6,0.9110390982450098
L32_gamma2p0_g0p0_T300,product,32,0.0,15.0,charge_density_wave,7,0.08896098296137059
L32_gamma2p0_g0p0_T300,product,32,0.0,15.0,charge_density_wave,8,0.9110390108763837
L32_gamma2p0_g0p0_T300,product,32,0.0,15.0,charge_density_wave,9,0.08896099104507527
L32_gamma2p0_g0p0_T300,product,32,0.0,15.0,charge_density_wave,10,0.9110390088019702
L32_gamma2p0_g0p0_T300,product,32,0.0,15.0,charge_density_wave,11,0.08896099124755655
L32_gamma2p0_g0p0_T300,product,32,0.0,15.0,charge_density_wave,12,0.9110390087483788
L32_gamma2p0_g0p0_T300,product,32,0.0,15.0,charge_density_wave,13,0.08896099125297083
L32_gamma2p0_g0p0_T300,product,32,0.0,15.0,charge_density_wave,14,0.911039008746916
L32_gamma2p0_g0p0_T300,product,32,0.0,15.0,charge_density_wave,15,0.088960991253121
L32_gamma2p0_g0p0_T300,product,32,0.0,15.0,charge_density_wave,16,0.9110390087468789
L32_gamma2p0_g0p0_T300,product,32,0.0,15.0,charge_density_wave,17,0.08896099125308386
L32_gamma2p0_g0p0_T300,product,32,0.0,15.0,charge_density_wave,18,0.9110390087470291
L32_gamma2p0_g0p0_T300,product,32,0.0,15.0,charge_density_wave,19,0.08896099125162117
L32_gamma2p0_g0p0_T300,product,32,0.0,15.0,charge_density_wave,20,0.9110390087524435
L32_gamma2p0_g0p0_T300,product,32,0.0,15.0,charge_density_wave,21,0.08896099119802986
L32_gamma2p0_g0p0_T300,product,32,0.0,15.0,charge_density_wave,22,0.9110390089549247
L32_gamma2p0_g0p0_T300,product,32,0.0,15.0,charge_density_wave,23,0.08896098912361619
L32_gamma2p0_g0p0_T300,product,32,0.0,15.0,charge_density_wave,24,0.9110390170386293
L32_gamma2p0_g0p0_T300,product,32,0.0,15.0,charge_density_wave,25,0.0889609017549901
L32_gamma2p0_g0p0_T300,product,32,0.0,15.0,charge_density_wave,26,0.911039375529323
L32_gamma2p0_g0p0_T300,product,32,0.0,15.0,charge_density_wave,27,0.08895664334874763
L32_gamma2p0_g0p0_T300,product,32,0.0,15.0,charge_density_wave,28,0.9110587511044976
L32_gamma2p0_g0p0_T300,product,32,0.0,15.0,charge_density_wave,29,0.08867199710377373
L32_gamma2p0_g0p0_T300,product,32,0.0,15.0,charge_density_wave,30,0.9128279374349472
L32_gamma2p0_g0p0_T300,product,32,0.0,15.0,charge_density_wave,31,0.01714716500606429
L32_gamma2p0_g0p0_T300,product,32,0.0,15.0,left,0,0.9829617449512671
L32_gamma2p0_g0p0_T300,product,32,0.0,15.0,left,1,0.09237961249127172
L32_gamma2p0_g0p0_T300,product,32,0.0,15.0,left,2,0.9124649974564031
L32_gamma2p0_g0p0_T300,product,32,0.0,15.0,left,3,0.0966017309002846
L32_gamma2p0_g0p0_T300,product,32,0.0,15.0,left,4,0.91227328520444
L32_gamma2p0_g0p0_T300,product,32,0.0,15.0,left,5,0.09288900590034739
L32_gamma2p0_g0p0_T300,product,32,0.0,15.0,left,6,0.9116063644179566
L32_gamma2p0_g0p0_T300,product,32,0.0,15.0,left,7,0.09006005926819417
L32_gamma2p0_g0p0_T300,product,32,0.0,15.0,left,8,0.9111917887772264
L32_gamma2p0_g0p0_T300,product,32,0.0,15.0,left,9,0.08916242583163539
L32_gamma2p0_g0p0_T300,product,32,0.0,15.0,left,10,0.9110673736528756
L32_gamma2p0_g0p0_T300,product,32,0.0,15.0,left,11,0.08898713881341355
L32_gamma2p0_g0p0_T300,product,32,0.0,15.0,left,12,0.9110436813172031
L32_gamma2p0_g0p0_T300,product,32,0.0,15.0,left,13,0.08896261991162333
L32_gamma2p0_g0p0_T300,product,32,0.0,15.0,left,14,0.9110405767090821
L32_gamma2p0_g0p0_T300,product,32,0.0,15.0,left,15,0.08895990247803848
L32_gamma2p0_g0p0_T300,product,32,0.0,15.0,left,16,0.9110400975219616
L32_gamma2p0_g0p0_T300,product,32,0.0,15.0,left,17,0.08895942329091786
L32_gamma2p0_g0p0_T300,product,32,0.0,15.0,left,18,0.9110373800883768
L32_gamma2p0_g0p0_T300,product,32,0.0,15.0,left,19,0.08895631868279674
L32_gamma2p0_g0p0_T300,product,32,0.0,15.0,left,20,0.9110128611865866
L32_gamma2p0_g0p0_T300,product,32,0.0,15.0,left,21,0.08893262634712436
L32_gamma2p0_g0p0_T300,product,32,0.0,15.0,left,22,0.9108375741683646
L32_gamma2p0_g0p0_T300,product,32,0.0,15.0,left,23,0.08880821122277349
L32_gamma2p0_g0p0_T300,product,32,0.0,15.0,left,24,0.9099399407318058
L32_gamma2p0_g0p0_T300,product,32,0.0,15.0,left,25,0.0883936355820433
L32_gamma2p0_g0p0_T300,product,32,0.0,15.0,left,26,0.9071109940996527
L32_gamma2p0_g0p0_T300,product,32,0.0,15.0,left,27,0.08772671479556007
L32_gamma2p0_g0p0_T300,product,32,0.0,15.0,left,28,0.9033982690997153
L32_gamma2p0_g0p0_T300,product,32,0.0,15.0,left,29,0.08753500254359699
L32_gamma2p0_g0p0_T300,product,32,0.0,15.0,left,30,0.9076203875087282
L32_gamma2p0_g0p0_T300,product,32,0.0,15.0,left,31,0.01703825504873296
L32_gamma2p0_g0p0_T350,product,32,0.0,17.5,charge_density_wave,0,0.9828528349939357
L32_gamma2p0_g0p0_T350,product,32,0.0,17.5,charge_density_wave,1,0.08717206256505292
L32_gamma2p0_g0p0_T350,product,32,0.0,17.5,charge_density_wave,2,0.9113280028962263
L32_gamma2p0_g0p0_T350,product,32,0.0,17.5,charge_density_wave,3,0.08894124889550234
L32_gamma2p0_g0p0_T350,product,32,0.0,17.5,charge_density_wave,4,0.9110433566512524
L32_gamma2p0_g0p0_T350,product,32,0.0,17.5,charge_density_wave,5,0.08896062447067697
L32_gamma2p0_g0p0_T350,product,32,0.0,17.5,charge_density_wave,6,0.9110390982450098
L32_gamma2p0_g0p0_T350,product,32,0.0,17.5,charge_density_wave,7,0.08896098296137059
L32_gamma2p0_g0p0_T350,product,32,0.0,17.5,charge_density_wave,8,0.9110390108763837
L32_gamma2p0_g0p0_T350,product,32,0.0,17.5,charge_density_wave,9,0.08896099104507528
L32_gamma2p0_g0p0_T350,product,32,0.0,17.5,charge_density_wave,10,0.91103900880197
L32_gamma2p0_g0p0_T350,product,32,0.0,17.5,charge_density_wave,11,0.08896099124755656
L32_gamma2p0_g0p0_T350,product,32,0.0,17.5,charge_density_wave,12,0.9110390087483788
L32_gamma2p0_g0p0_T350,product,32,0.0,17.5,charge_density_wave,13,0.08896099125297083
L32_gamma2p0_g0p0_T350,product,32,0.0,17.5,charge_density_wave,14,0.9110390087469161
L32_gamma2p0_g0p0_T350,product,32,0.0,17.5,charge_density_wave,15,0.08896099125312099
L32_gamma2p0_g0p0_T350,product,32,0.0,17.5,charge_density_wave,16,0.911039008746879
L32_gamma2p0_g0p0_T350,product,32,0.0,17.5,charge_density_wave,17,0.08896099125308388
L32_gamma2p0_g0p0_T350,product,32,0.0,17.5,charge_density_wave,18,0.9110390087470291
L32_gamma2p0_g0p0_T350,product,32,0.0,17.5,charge_density_wave,19,0.08896099125162117
L32_gamma2p0_g0p0_T350,product,32,0.0,17.5,charge_density_wave,20,0.9110390087524434
L32_gamma2p0_g0p0_T350,product,32,0.0,17.5,charge_density_wave,21,0.08896099119802986
L32_gamma2p0_g0p0_T350,product,32,0.0,17.5,charge_density_wave,22,0.9110390089549247
L32_gamma2p0_g0p0_T350,product,32,0.0,17.5,charge_density_wave,23,0.08896098912361619
L32_gamma2p0_g0p0_T350,product,32,0.0,17.5,charge_density_wave,24,0.9110390170386293
L32_gamma2p0_g0p0_T350,product,32,0.0,17.5,charge_density_wave,25,0.08896090175499011
L32_gamma2p0_g0p0_T350,product,32,0.0,17.5,charge_density_wave,26,0.911039375529323
L32_gamma2p0_g0p0_T350,product,32,0.0,17.5,charge_density_wave,27,0.08895664334874762
L32_gamma2p0_g0p0_T350,product,32,0.0,17.5,charge_density_wave,28,0.9110587511044976
L32_gamma2p0_g0p0_T350,product,32,0.0,17.5,charge_density_wave,29,0.08867199710377371
L32_gamma2p0_g0p0_T350,product,32,0.0,17.5,charge_density_wave,30,0.9128279374349472
L32_gamma2p0_g0p0_T350,product,32,0.0,17.5,charge_density_wave,31,0.01714716500606429
L32_gamma2p0_g0p0_T350,product,32,0.0,17.5,left,0,0.9828528350741346
L32_gamma2p0_g0p0_T350,product,32,0.0,17.5,left,1,0.08717206621611837
L32_gamma2p0_g0p0_T350,product,32,0.0,17.5,left,2,0.911328003827133
L32_gamma2p0_g0p0_T350,product,32,0.0,17.5,left,3,0.08894125542028933
L32_gamma2p0_g0p0_T350,product,32,0.0,17.5,left,4,0.9110433580514484
L32_gamma2p0_g0p0_T350,product,32,0.0,17.5,left,5,0.0889606282979749
L32_gamma2p0_g0p0_T350,product,32,0.0,17.5,left,6,0.9110390996814144
L32_gamma2p0_g0p0_T350,product,32,0.0,17.5,left,7,0.08896098289179964
L32_gamma2p0_g0p0_T350,product,32,0.0,17.5,left,8,0.911039012889659
L32_gamma2p0_g0p0_T350,product,32,0.0,17.5,left,9,0.08896098804770287
L32_gamma2p0_g0p0_T350,product,32,0.0,17.5,left,10,0.9110390122032676
L32_gamma2p0_g0p0_T350,product,32,0.0,17.5,left,11,0.08896098602310207
L32_gamma2p0_g0p0_T350,product,32,0.0,17.5,left,12,0.9110390139447642
L32_gamma2p0_g0p0_T350,product,32,0.0,17.5,left,13,0.08896098445501643
L32_gamma2p0_g0p0_T350,product,32,0.0,17.5,left,14,0.9110390154732133
L32_gamma2p0_g0p0_T350,product,32,0.0,17.5,left,15,0.08896098389605533
L32_gamma2p0_g0p0_T350,product,32,0.0,17.5,left,16,0.9110390161039448
L32_gamma2p0_g0p0_T350,product,32,0.0,17.5,left,17,0.08896098452678675
L32_gamma2p0_g0p0_T350,product,32,0.0,17.5,left,18,0.9110390155449837
L32_gamma2p0_g0p0_T350,product,32,0.0,17.5,left,19,0.08896098605523575
L32_gamma2p0_g0p0_T350,product,32,0.0,17.5,left,20,0.9110390139768978
L32_gamma2p0_g0p0_T350,product,32,0.0,17.5,left,21,0.08896098779673249
L32_gamma2p0_g0p0_T350,product,32,0.0,17.5,left,22,0.9110390119522971
L32_gamma2p0_g0p0_T350,product,32,0.0,17.5,left,23,0.0889609871103409
L32_gamma2p0_g0p0_T350,product,32,0.0,17.5,left,24,0.9110390171082003
L32_gamma2p0_g0p0_T350,product,32,0.0,17.5,left,25,0.08896090031858578
L32_gamma2p0_g0p0_T350,product,32,0.0,17.5,left,26,0.9110393717020251
L32_gamma2p0_g0p0_T350,product,32,0.0,17.5,left,27,0.08895664194855148
L32_gamma2p0_g0p0_T350,product,32,0.0,17.5,left,28,0.9110587445797107
L32_gamma2p0_g0p0_T350,product,32,0.0,17.5,left,29,0.0886719961728671
L32_gamma2p0_g0p0_T350,product,32,0.0,17.5,left,30,0.9128279337838816
L32_gamma2p0_g0p0_T350,product,32,0.0,17.5,left,31,0.017147164925865457
L32_gamma2p0_g0p0_T400,product,32,0.0,20.0,charge_density_wave,0,0.9828528349939356
L32_gamma2p0_g0p0_T400,product,32,0.0,20.0,charge_density_wave,1,0.08717206256505289
L32_gamma2p0_g0p0_T400,product,32,0.0,20.0,charge_density_wave,2,0.9113280028962263
L32_gamma2p0_g0p0_T400,product,32,0.0,20.0,charge_density_wave,3,0.08894124889550234
L32_gamma2p0_g0p0_T400,product,32,0.0,20.0,charge_density_wave,4,0.9110433566512524
L32_gamma2p0_g0p0_T400,product,32,0.0,20.0,charge_density_wave,5,0.08896062447067697
L32_gamma2p0_g0p0_T400,product,32,0.0,20.0,charge_density_wave,6,0.9110390982450098
L32_gamma2p0_g0p0_T400,product,32,0.0,20.0,charge_density_wave,7,0.0889609829613706
L32_gamma2p0_g0p0_T400,product,32,0.0,20.0,charge_density_wave,8,0.9110390108763838
L32_gamma2p0_g0p0_T400,product,32,0.0,20.0,charge_density_wave,9,0.08896099104507527
L32_gamma2p0_g0p0_T400,product,32,0.0,20.0,charge_density_wave,10,0.9110390088019702
L32_gamma2p0_g0p0_T400,product,32,0.0,20.0,charge_density_wave,11,0.08896099124755656
L32_gamma2p0_g0p0_T400,product,32,0.0,20.0,charge_density_wave,12,0.9110390087483788
L32_gamma2p0_g0p0_T400,product,32,0.0,20.0,charge_density_wave,13,0.08896099125297083
L32_gamma2p0_g0p0_T400,product,32,0.0,20.0,charge_density_wave,14,0.9110390087469161
L32_gamma2p0_g0p0_T400,product,32,0.0,20.0,charge_density_wave,15,0.08896099125312099
L32_gamma2p0_g0p0_T400,product,32,0.0,20.0,charge_density_wave,16,0.9110390087468789
L32_gamma2p0_g0p0_T400,product,32,0.0,20.0,charge_density_wave,17,0.08896099125308386
L32_gamma2p0_g0p0_T400,product,32,0.0,20.0,charge_density_wave,18,0.9110390087470293
L32_gamma2p0_g0p0_T400,product,32,0.0,20.0,charge_density_wave,19,0.08896099125162117
L32_gamma2p0_g0p0_T400,product,32,0.0,20.0,charge_density_wave,20,0.9110390087524434
L32_gamma2p0_g0p0_T400,product,32,0.0,20.0,charge_density_wave,21,0.08896099119802986
L32_gamma2p0_g0p0_T400,product,32,0.0,20.0,charge_density_wave,22,0.9110390089549246
L32_gamma2p0_g0p0_T400,product,32,0.0,20.0,charge_density_wave,23,0.0889609891236162
L32_gamma2p0_g0p0_T400,product,32,0.0,20.0,charge_density_wave,24,0.9110390170386294
L32_gamma2p0_g0p0_T400,product,32,0.0,20.0,charge_density_wave,25,0.08896090175499011
L32_gamma2p0_g0p0_T400,product,32,0.0,20.0,charge_density_wave,26,0.911039375529323
L32_gamma2p0_g0p0_T400,product,32,0.0,20.0,charge_density_wave,27,0.0889566433487476
L32_gamma2p0_g0p0_T400,product,32,0.0,20.0,charge_density_wave,28,0.9110587511044976
L32_gamma2p0_g0p0_T400,product,32,0.0,20.0,charge_density_wave,29,0.08867199710377371
L32_gamma2p0_g0p0_T400,product,32,0.0,20.0,charge_density_wave,30,0.9128279374349471
L32_gamma2p0_g0p0_T400,product,32,0.0,20.0,charge_density_wave,31,0.017147165006064294
L32_gamma2p0_g0p0_T400,product,32,0.0,20.0,left,0,0.9828528349939442
L32_gamma2p0_g0p0_T400,product,32,0.0,20.0,left,1,0.08717206256492241
L32_gamma2p0_g0p0_T400,product,32,0.0,20.0,left,2,0.9113280028964066
L32_gamma2p0_g0p0_T400,product,32,0.0,20.0,left,3,0.08894124889471683
L32_gamma2p0_g0p0_T400,product,32,0.0,20.0,left,4,0.9110433566521297
L32_gamma2p0_g0p0_T400,product,32,0.0,20.0,left,5,0.08896062446800623
L32_gamma2p0_g0p0_T400,product,32,0.0,20.0,left,6,0.9110390982477936
L32_gamma2p0_g0p0_T400,product,32,0.0,20.0,left,7,0.08896098295479682
L32_gamma2p0_g0p0_T400,product,32,0.0,20.0,left,8,0.9110390108830362
L32_gamma2p0_g0p0_T400,product,32,0.0,20.0,left,9,0.08896099103242047
L32_gamma2p0_g0p0_T400,product,32,0.0,20.0,left,10,0.9110390088146183
L32_gamma2p0_g0p0_T400,product,32,0.0,20.0,left,11,0.08896099122777132
L32_gamma2p0_g0p0_T400,product,32,0.0,20.0,left,12,0.9110390087680817
L32_gamma2p0_g0p0_T400,product,32,0.0,20.0,left,13,0.0889609912273136
L32_gamma2p0_g0p0_T400,product,32,0.0,20.0,left,14,0.9110390087724931
L32_gamma2p0_g0p0_T400,product,32,0.0,20.0,left,15,0.08896099122521012
L32_gamma2p0_g0p0_T400,product,32,0.0,20.0,left,16,0.9110390087747899
L32_gamma2p0_g0p0_T400,product,32,0.0,20.0,left,17,0.08896099122750678
L32_gamma2p0_g0p0_T400,product,32,0.0,20.0,left,18,0.9110390087726863
L32_gamma2p0_g0p0_T400,product,32,0.0,20.0,left,19,0.0889609912319183
L32_gamma2p0_g0p0_T400,product,32,0.0,20.0,left,20,0.9110390087722287
L32_gamma2p0_g0p0_T400,product,32,0.0,20.0,left,21,0.08896099118538169
L32_gamma2p0_g0p0_T400,product,32,0.0,20.0,left,22,0.9110390089675796
L32_gamma2p0_g0p0_T400,product,32,0.0,20.0,left,23,0.0889609891169637
L32_gamma2p0_g0p0_T400,product,32,0.0,20.0,left,24,0.9110390170452032
L32_gamma2p0_g0p0_T400,product,32,0.0,20.0,left,25,0.08896090175220649
L32_gamma2p0_g0p0_T400,product,32,0.0,20.0,left,26,0.9110393755319937
L32_gamma2p0_g0p0_T400,product,32,0.0,20.0,left,27,0.0889566433478704
L32_gamma2p0_g0p0_T400,product,32,0.0,20.0,left,28,0.9110587511052831
L32_gamma2p0_g0p0_T400,product,32,0.0,20.0,left,29,0.08867199710359346
L32_gamma2p0_g0p0_T400,product,32,0.0,20.0,left,30,0.9128279374350776
L32_gamma2p0_g0p0_T400,product,32,0.0,20.0,left,31,0.017147165006055863
L32_gamma2p0_g0p0_T500,product,32,0.0,25.0,charge_density_wave,0,0.9828528349939357
L32_gamma2p0_g0p0_T500,product,32,0.0,25.0,charge_density_wave,1,0.0871720625650529
L32_gamma2p0_g0p0_T500,product,32,0.0,25.0,charge_density_wave,2,0.9113280028962263
L32_gamma2p0_g0p0_T500,product,32,0.0,25.0,charge_density_wave,3,0.08894124889550234
L32_gamma2p0_g0p0_T500,product,32,0.0,25.0,charge_density_wave,4,0.9110433566512524
L32_gamma2p0_g0p0_T500,product,32,0.0,25.0,charge_density_wave,5,0.08896062447067697
L32_gamma2p0_g0p0_T500,product,32,0.0,25.0,charge_density_wave,6,0.9110390982450098
L32_gamma2p0_g0p0_T500,product,32,0.0,25.0,charge_density_wave,7,0.0889609829613706
L32_gamma2p0_g0p0_T500,product,32,0.0,25.0,charge_density_wave,8,0.9110390108763837
L32_gamma2p0_g0p0_T500,product,32,0.0,25.0,charge_density_wave,9,0.08896099104507527
L32_gamma2p0_g0p0_T500,product,32,0.0,25.0,charge_density_wave,10,0.9110390088019702
L32_gamma2p0_g0p0_T500,product,32,0.0,25.0,charge_density_wave,11,0.08896099124755655
L32_gamma2p0_g0p0_T500,product,32,0.0,25.0,charge_density_wave,12,0.9110390087483788
L32_gamma2p0_g0p0_T500,product,32,0.0,25.0,charge_density_wave,13,0.08896099125297083
L32_gamma2p0_g0p0_T500,product,32,0.0,25.0,charge_density_wave,14,0.9110390087469161
L32_gamma2p0_g0p0_T500,product,32,0.0,25.0,charge_density_wave,15,0.08896099125312099
L32_gamma2p0_g0p0_T500,product,32,0.0,25.0,charge_density_wave,16,0.9110390087468789
L32_gamma2p0_g0p0_T500,product,32,0.0,25.0,charge_density_wave,17,0.08896099125308386
L32_gamma2p0_g0p0_T500,product,32,0.0,25.0,charge_density_wave,18,0.9110390087470293
L32_gamma2p0_g0p0_T500,product,32,0.0,25.0,charge_density_wave,19,0.08896099125162116
L32_gamma2p0_g0p0_T500,product,32,0.0,25.0,charge_density_wave,20,0.9110390087524434
L32_gamma2p0_g0p0_T500,product,32,0.0,25.0,charge_density_wave,21,0.08896099119802986
L32_gamma2p0_g0p0_T500,product,32,0.0,25.0,charge_density_wave,22,0.9110390089549246
L32_gamma2p0_g0p0_T500,product,32,0.0,25.0,charge_density_wave,23,0.08896098912361622
L32_gamma2p0_g0p0_T500,product,32,0.0,25.0,charge_density_wave,24,0.9110390170386293
L32_gamma2p0_g0p0_T500,product,32,0.0,25.0,charge_density_wave,25,0.08896090175499011
L32_gamma2p0_g0p0_T500,product,32,0.0,25.0,charge_density_wave,26,0.9110393755293231
L32_gamma2p0_g0p0_T500,product,32,0.0,25.0,charge_density_wave,27,0.08895664334874762
L32_gamma2p0_g0p0_T500,product,32,0.0,25.0,charge_density_wave,28,0.9110587511044976
L32_gamma2p0_g0p0_T500,product,32,0.0,25.0,charge_density_wave,29,0.08867199710377371
L32_gamma2p0_g0p0_T500,product,32,0.0,25.0,charge_density_wave,30,0.9128279374349472
L32_gamma2p0_g0p0_T500,product,32,0.0,25.0,charge_density_wave,31,0.01714716500606429
L32_gamma2p0_g0p0_T500,product,32,0.0,25.0,left,0,0.9828528349939356
L32_gamma2p0_g0p0_T500,product,32,0.0,25.0,left,1,0.08717206256505289
L32_gamma2p0_g0p0_T500,product,32,0.0,25.0,left,2,0.9113280028962263
L32_gamma2p0_g0p0_T500,product,32,0.0,25.0,left,3,0.08894124889550233
L32_gamma2p0_g0p0_T500,product,32,0.0,25.0,left,4,0.9110433566512524
L32_gamma2p0_g0p0_T500,product,32,0.0,25.0,left,5,0.08896062447067696
L32_gamma2p0_g0p0_T500,product,32,0.0,25.0,left,6,0.9110390982450098
L32_gamma2p0_g0p0_T500,product,32,0.0,25.0,left,7,0.08896098296137056
L32_gamma2p0_g0p0_T500,product,32,0.0,25.0,left,8,0.9110390108763837
L32_gamma2p0_g0p0_T500,product,32,0.0,25.0,left,9,0.08896099104507518
L32_gamma2p0_g0p0_T500,product,32,0.0,25.0,left,10,0.9110390088019702
L32_gamma2p0_g0p0_T500,product,32,0.0,25.0,left,11,0.08896099124755641
L32_gamma2p0_g0p0_T500,product,32,0.0,25.0,left,12,0.9110390087483791
L32_gamma2p0_g0p0_T500,product,32,0.0,25.0,left,13,0.08896099125297063
L32_gamma2p0_g0p0_T500,product,32,0.0,25.0,left,14,0.9110390087469162
L32_gamma2p0_g0p0_T500,product,32,0.0,25.0,left,15,0.08896099125312079
L32_gamma2p0_g0p0_T500,product,32,0.0,25.0,left,16,0.9110390087468794
L32_gamma2p0_g0p0_T500,product,32,0.0,25.0,left,17,0.08896099125308368
L32_gamma2p0_g0p0_T500,product,32,0.0,25.0,left,18,0.9110390087470294
L32_gamma2p0_g0p0_T500,product,32,0.0,25.0,left,19,0.08896099125162103
L32_gamma2p0_g0p0_T500,product,32,0.0,25.0,left,20,0.9110390087524435
L32_gamma2p0_g0p0_T500,product,32,0.0,25.0,left,21,0.08896099119802978
L32_gamma2p0_g0p0_T500,product,32,0.0,25.0,left,22,0.9110390089549247
L32_gamma2p0_g0p0_T500,product,32,0.0,25.0,left,23,0.08896098912361616
L32_gamma2p0_g0p0_T500,product,32,0.0,25.0,left,24,0.9110390170386294
L32_gamma2p0_g0p0_T500,product,32,0.0,25.0,left,25,0.08896090175499008
L32_gamma2p0_g0p0_T500,product,32,0.0,25.0,left,26,0.911039375529323
L32_gamma2p0_g0p0_T500,product,32,0.0,25.0,left,27,0.0889566433487476
L32_gamma2p0_g0p0_T500,product,32,0.0,25.0,left,28,0.9110587511044976
L32_gamma2p0_g0p0_T500,product,32,0.0,25.0,left,29,0.08867199710377371
L32_gamma2p0_g0p0_T500,product,32,0.0,25.0,left,30,0.9128279374349471
L32_gamma2p0_g0p0_T500,product,32,0.0,25.0,left,31,0.01714716500606429
L32_gamma2p0_g0p1_T200,product,32,0.1,10.0,charge_density_wave,0,0.9826257398731489
L32_gamma2p0_g0p1_T200,product,32,0.1,10.0,charge_density_wave,1,0.07543053548771946
L32_gamma2p0_g0p1_T200,product,32,0.1,10.0,charge_density_wave,2,0.9227584362793364
L32_gamma2p0_g0p1_T200,product,32,0.1,10.0,charge_density_wave,3,0.0774629202206076
L32_gamma2p0_g0p1_T200,product,32,0.1,10.0,charge_density_wave,4,0.9225169081580542
L32_gamma2p0_g0p1_T200,product,32,0.1,10.0,charge_density_wave,5,0.07748615052154925
L32_gamma2p0_g0p1_T200,product,32,0.1,10.0,charge_density_wave,6,0.9225134613123773
L32_gamma2p0_g0p1_T200,product,32,0.1,10.0,charge_density_wave,7,0.07748659746192083
L32_gamma2p0_g0p1_T200,product,32,0.1,10.0,charge_density_wave,8,0.9225133934072857
L32_gamma2p0_g0p1_T200,product,32,0.1,10.0,charge_density_wave,9,0.07748660790632306
L32_gamma2p0_g0p1_T200,product,32,0.1,10.0,charge_density_wave,10,0.9225133918550354
L32_gamma2p0_g0p1_T200,product,32,0.1,10.0,charge_density_wave,11,0.07748660817694003
L32_gamma2p0_g0p1_T200,product,32,0.1,10.0,charge_density_wave,12,0.9225133918164012
L32_gamma2p0_g0p1_T200,product,32,0.1,10.0,charge_density_wave,13,0.07748660818441963
L32_gamma2p0_g0p1_T200,product,32,0.1,10.0,charge_density_wave,14,0.9225133918153862
L32_gamma2p0_g0p1_T200,product,32,0.1,10.0,charge_density_wave,15,0.07748660818463503
L32_gamma2p0_g0p1_T200,product,32,0.1,10.0,charge_density_wave,16,0.922513391815365
L32_gamma2p0_g0p1_T200,product,32,0.1,10.0,charge_density_wave,17,0.07748660818461381
L32_gamma2p0_g0p1_T200,product,32,0.1,10.0,charge_density_wave,18,0.9225133918155802
L32_gamma2p0_g0p1_T200,product,32,0.1,10.0,charge_density_wave,19,0.07748660818359876
L32_gamma2p0_g0p1_T200,product,32,0.1,10.0,charge_density_wave,20,0.9225133918230599
L32_gamma2p0_g0p1_T200,product,32,0.1,10.0,charge_density_wave,21,0.07748660814496451
L32_gamma2p0_g0p1_T200,product,32,0.1,10.0,charge_density_wave,22,0.9225133920936769
L32_gamma2p0_g0p1_T200,product,32,0.1,10.0,charge_density_wave,23,0.07748660659271425
L32_gamma2p0_g0p1_T200,product,32,0.1,10.0,charge_density_wave,24,0.9225134025380793
L32_gamma2p0_g0p1_T200,product,32,0.1,10.0,charge_density_wave,25,0.07748653868762263
L32_gamma2p0_g0p1_T200,product,32,0.1,10.0,charge_density_wave,26,0.9225138494784507
L32_gamma2p0_g0p1_T200,product,32,0.1,10.0,charge_density_wave,27,0.07748309184194584
L32_gamma2p0_g0p1_T200,product,32,0.1,10.0,charge_density_wave,28,0.9225370797793923
L32_gamma2p0_g0p1_T200,product,32,0.1,10.0,charge_density_wave,29,0.07724156372066368
L32_gamma2p0_g0p1_T200,product,32,0.1,10.0,charge_density_wave,30,0.9245694645122806
L32_gamma2p0_g0p1_T200,product,32,0.1,10.0,charge_density_wave,31,0.017374260126851195
L32_gamma2p0_g0p1_T200,product,32,0.1,10.0,left,0,0.9978091235242735
L32_gamma2p0_g0p1_T200,product,32,0.1,10.0,left,1,0.8624813151808581
L32_gamma2p0_g0p1_T200,product,32,0.1,10.0,left,2,0.9995201682567897
L32_gamma2p0_g0p1_T200,product,32,0.1,10.0,left,3,0.5046650051086051
L32_gamma2p0_g0p1_T200,product,32,0.1,10.0,left,4,0.9857916187393125
L32_gamma2p0_g0p1_T200,product,32,0.1,10.0,left,5,0.482069193793878
L32_gamma2p0_g0p1_T200,product,32,0.1,10.0,left,6,0.9725746669915217
L32_gamma2p0_g0p1_T200,product,32,0.1,10.0,left,7,0.22616939936942973
L32_gamma2p0_g0p1_T200,product,32,0.1,10.0,left,8,0.9393130869125716
L32_gamma2p0_g0p1_T200,product,32,0.1,10.0,left,9,0.10572060893807807
L32_gamma2p0_g0p1_T200,product,32,0.1,10.0,left,10,0.9256576402279146
L32_gamma2p0_g0p1_T200,product,32,0.1,10.0,left,11,0.08099803156238389
L32_gamma2p0_g0p1_T200,product,32,0.1,10.0,left,12,0.9229427971531146
L32_gamma2p0_g0p1_T200,product,32,0.1,10.0,left,13,0.07776958169014313
L32_gamma2p0_g0p1_T200,product,32,0.1,10.0,left,14,0.9226001832711956
L32_gamma2p0_g0p1_T200,product,32,0.1,10.0,left,15,0.0774516124962753
L32_gamma2p0_g0p1_T200,product,32,0.1,10.0,left,16,0.9225483875037247
L32_gamma2p0_g0p1_T200,product,32,0.1,10.0,left,17,0.0773998167288043
L32_gamma2p0_g0p1_T200,product,32,0.1,10.0,left,18,0.9222304183098569
L32_gamma2p0_g0p1_T200,product,32,0.1,10.0,left,19,0.0770572028468854
L32_gamma2p0_g0p1_T200,product,32,0.1,10.0,left,20,0.9190019684376161
L32_gamma2p0_g0p1_T200,product,32,0.1,10.0,left,21,0.07434235977208534
L32_gamma2p0_g0p1_T200,product,32,0.1,10.0,left,22,0.8942793910619218
L32_gamma2p0_g0p1_T200,product,32,0.1,10.0,left,23,0.06068691308742832
L32_gamma2p0_g0p1_T200,product,32,0.1,10.0,left,24,0.7738306006305704
L32_gamma2p0_g0p1_T200,product,32,0.1,10.0,left,25,0.027425333008478135
L32_gamma2p0_g0p1_T200,product,32,0.1,10.0,left,26,0.517930806206122
L32_gamma2p0_g0p1_T200,product,32,0.1,10.0,left,27,0.014208381260687544
L32_gamma2p0_g0p1_T200,product,32,0.1,10.0,left,28,0.4953349948913948
L32_gamma2p0_g0p1_T200,product,32,0.1,10.0,left,29,0.00047983174321032803
L32_gamma2p0_g0p1_T200,product,32,0.1,10.0,left,30,0.13751868481914176
L32_gamma2p0_g0p1_T200,product,32,0.1,10.0,left,31,0.0021908764757265376
L32_gamma2p0_g0p1_T300,product,32,0.1,15.0,charge_density_wave,0,0.9826257398731454
L32_gamma2p0_g0p1_T300,product,32,0.1,15.0,charge_density_wave,1,0.07543053548774208
L32_gamma2p0_g0p1_T300,product,32,0.1,15.0,charge_density_wave,2,0.9227584362792969
L32_gamma2p0_g0p1_T300,product,32,0.1,15.0,charge_density_wave,3,0.07746292022067101
L32_gamma2p0_g0p1_T300,product,32,0.1,15.0,charge_density_wave,4,0.9225169081579785
L32_gamma2p0_g0p1_T300,product,32,0.1,15.0,charge_density_wave,5,0.07748615052163665
L32_gamma2p0_g0p1_T300,product,32,0.1,15.0,charge_density_wave,6,0.9225134613122855
L32_gamma2p0_g0p1_T300,product,32,0.1,15.0,charge_density_wave,7,0.07748659746201603
L32_gamma2p0_g0p1_T300,product,32,0.1,15.0,charge_density_wave,8,0.9225133934071895
L32_gamma2p0_g0p1_T300,product,32,0.1,15.0,charge_density_wave,9,0.07748660790641997
L32_gamma2p0_g0p1_T300,product,32,0.1,15.0,charge_density_wave,10,0.9225133918549384
L32_gamma2p0_g0p1_T300,product,32,0.1,15.0,charge_density_wave,11,0.07748660817703723
L32_gamma2p0_g0p1_T300,product,32,0.1,15.0,charge_density_wave,12,0.922513391816304
L32_gamma2p0_g0p1_T300,product,32,0.1,15.0,charge_density_wave,13,0.07748660818451686
L32_gamma2p0_g0p1_T300,product,32,0.1,15.0,charge_density_wave,14,0.9225133918152889
L32_gamma2p0_g0p1_T300,product,32,0.1,15.0,charge_density_wave,15,0.07748660818473226
L32_gamma2p0_g0p1_T300,product,32,0.1,15.0,charge_density_wave,16,0.9225133918152676
L32_gamma2p0_g0p1_T300,product,32,0.1,15.0,charge_density_wave,17,0.07748660818471104
L32_gamma2p0_g0p1_T300,product,32,0.1,15.0,charge_density_wave,18,0.9225133918154831
L32_gamma2p0_g0p1_T300,product,32,0.1,15.0,charge_density_wave,19,0.07748660818369599
L32_gamma2p0_g0p1_T300,product,32,0.1,15.0,charge_density_wave,20,0.9225133918229628
L32_gamma2p0_g0p1_T300,product,32,0.1,15.0,charge_density_wave,21,0.07748660814506161
L32_gamma2p0_g0p1_T300,product,32,0.1,15.0,charge_density_wave,22,0.9225133920935801
L32_gamma2p0_g0p1_T300,product,32,0.1,15.0,charge_density_wave,23,0.07748660659281054
L32_gamma2p0_g0p1_T300,product,32,0.1,15.0,charge_density_wave,24,0.922513402537984
L32_gamma2p0_g0p1_T300,product,32,0.1,15.0,charge_density_wave,25,0.07748653868771452
L32_gamma2p0_g0p1_T300,product,32,0.1,15.0,charge_density_wave,26,0.9225138494783635
L32_gamma2p0_g0p1_T300,product,32,0.1,15.0,charge_density_wave,27,0.07748309184202148
L32_gamma2p0_g0p1_T300,product,32,0.1,15.0,charge_density_wave,28,0.922537079779329
L32_gamma2p0_g0p1_T300,product,32,0.1,15.0,charge_density_wave,29,0.07724156372070308
L32_gamma2p0_g0p1_T300,product,32,0.1,15.0,charge_density_wave,30,0.9245694645122579
L32_gamma2p0_g0p1_T300,product,32,0.1,15.0,charge_density_wave,31,0.017374260126854595
L32_gamma2p0_g0p1_T300,product,32,0.1,15.0,left,0,0.9826332743965043
L32_gamma2p0_g0p1_T300,product,32,0.1,15.0,left,1,0.07578173917493897
L32_gamma2p0_g0p1_T300,product,32,0.1,15.0,left,2,0.9228338387050894
L32_gamma2p0_g0p1_T300,product,32,0.1,15.0,left,3,0.07810218775031008
L32_gamma2p0_g0p1_T300,product,32,0.1,15.0,left,4,0.9226113170031682
L32_gamma2p0_g0p1_T300,product,32,0.1,15.0,left,5,0.07789068212473944
L32_gamma2p0_g0p1_T300,product,32,0.1,15.0,left,6,0.9225653360700414
L32_gamma2p0_g0p1_T300,product,32,0.1,15.0,left,7,0.0776260018114896
L32_gamma2p0_g0p1_T300,product,32,0.1,15.0,left,8,0.92253040507729
L32_gamma2p0_g0p1_T300,product,32,0.1,15.0,left,9,0.07751771778903302
L32_gamma2p0_g0p1_T300,product,32,0.1,15.0,left,10,0.922517624827454
L32_gamma2p0_g0p1_T300,product,32,0.1,15.0,left,11,0.0774909891218559
L32_gamma2p0_g0p1_T300,product,32,0.1,15.0,left,12,0.9225148424818927
L32_gamma2p0_g0p1_T300,product,32,0.1,15.0,left,13,0.07748619153251224
L32_gamma2p0_g0p1_T300,product,32,0.1,15.0,left,14,0.9225145488192963
L32_gamma2p0_g0p1_T300,product,32,0.1,15.0,left,15,0.0774854919161675
L32_gamma2p0_g0p1_T300,product,32,0.1,15.0,left,16,0.9225145080838324
L32_gamma2p0_g0p1_T300,product,32,0.1,15.0,left,17,0.07748545118070374
L32_gamma2p0_g0p1_T300,product,32,0.1,15.0,left,18,0.9225138084674879
L32_gamma2p0_g0p1_T300,product,32,0.1,15.0,left,19,0.07748515751810725
L32_gamma2p0_g0p1_T300,product,32,0.1,15.0,left,20,0.922509010878144
L32_gamma2p0_g0p1_T300,product,32,0.1,15.0,left,21,0.07748237517254593
L32_gamma2p0_g0p1_T300,product,32,0.1,15.0,left,22,0.9224822822109671
L32_gamma2p0_g0p1_T300,product,32,0.1,15.0,left,23,0.07746959492271
L32_gamma2p0_g0p1_T300,product,32,0.1,15.0,left,24,0.9223739981885105
L32_gamma2p0_g0p1_T300,product,32,0.1,15.0,left,25,0.07743466392995865
L32_gamma2p0_g0p1_T300,product,32,0.1,15.0,left,26,0.9221093178752604
L32_gamma2p0_g0p1_T300,product,32,0.1,15.0,left,27,0.07738868299683171
L32_gamma2p0_g0p1_T300,product,32,0.1,15.0,left,28,0.9218978122496898
L32_gamma2p0_g0p1_T300,product,32,0.1,15.0,left,29,0.07716616129491057
L32_gamma2p0_g0p1_T300,product,32,0.1,15.0,left,30,0.924218260825061
L32_gamma2p0_g0p1_T300,product,32,0.1,15.0,left,31,0.017366725603495625
L32_gamma2p0_g0p1_T400,product,32,0.1,20.0,charge_density_wave,0,0.9826257398731454
L32_gamma2p0_g0p1_T400,product,32,0.1,20.0,charge_density_wave,1,0.07543053548774209
L32_gamma2p0_g0p1_T400,product,32,0.1,20.0,charge_density_wave,2,0.9227584362792971
L32_gamma2p0_g0p1_T400,product,32,0.1,20.0,charge_density_wave,3,0.07746292022067101
L32_gamma2p0_g0p1_T400,product,32,0.1,20.0,charge_density_wave,4,0.9225169081579786
L32_gamma2p0_g0p1_T400,product,32,0.1,20.0,charge_density_wave,5,0.07748615052163665
L32_gamma2p0_g0p1_T400,product,32,0.1,20.0,charge_density_wave,6,0.9225134613122856
L32_gamma2p0_g0p1_T400,product,32,0.1,20.0,charge_density_wave,7,0.07748659746201604
L32_gamma2p0_g0p1_T400,product,32,0.1,20.0,charge_density_wave,8,0.9225133934071894
L32_gamma2p0_g0p1_T400,product,32,0.1,20.0,charge_density_wave,9,0.07748660790641998
L32_gamma2p0_g0p1_T400,product,32,0.1,20.0,charge_density_wave,10,0.9225133918549384
L32_gamma2p0_g0p1_T400,product,32,0.1,20.0,charge_density_wave,11,0.07748660817703722
L32_gamma2p0_g0p1_T400,product,32,0.1,20.0,charge_density_wave,12,0.922513391816304
L32_gamma2p0_g0p1_T400,product,32,0.1,20.0,charge_density_wave,13,0.07748660818451687
L32_gamma2p0_g0p1_T400,product,32,0.1,20.0,charge_density_wave,14,0.922513391815289
L32_gamma2p0_g0p1_T400,product,32,0.1,20.0,charge_density_wave,15,0.07748660818473227
L32_gamma2p0_g0p1_T400,product,32,0.1,20.0,charge_density_wave,16,0.9225133918152676
L32_gamma2p0_g0p1_T400,product,32,0.1,20.0,charge_density_wave,17,0.07748660818471105
L32_gamma2p0_g0p1_T400,product,32,0.1,20.0,charge_density_wave,18,0.9225133918154831
L32_gamma2p0_g0p1_T400,product,32,0.1,20.0,charge_density_wave,19,0.07748660818369599
L32_gamma2p0_g0p1_T400,product,32,0.1,20.0,charge_density_wave,20,0.9225133918229627
L32_gamma2p0_g0p1_T400,product,32,0.1,20.0,charge_density_wave,21,0.07748660814506161
L32_gamma2p0_g0p1_T400,product,32,0.1,20.0,charge_density_wave,22,0.92251339209358
L32_gamma2p0_g0p1_T400,product,32,0.1,20.0,charge_density_wave,23,0.07748660659281054
L32_gamma2p0_g0p1_T400,product,32,0.1,20.0,charge_density_wave,24,0.922513402537984
L32_gamma2p0_g0p1_T400,product,32,0.1,20.0,charge_density_wave,25,0.07748653868771453
L32_gamma2p0_g0p1_T400,product,32,0.1,20.0,charge_density_wave,26,0.9225138494783633
L32_gamma2p0_g0p1_T400,product,32,0.1,20.0,charge_density_wave,27,0.07748309184202148
L32_gamma2p0_g0p1_T400,product,32,0.1,20.0,charge_density_wave,28,0.9225370797793289
L32_gamma2p0_g0p1_T400,product,32,0.1,20.0,charge_density_wave,29,0.07724156372070308
L32_gamma2p0_g0p1_T400,product,32,0.1,20.0,charge_density_wave,30,0.924569464512258
L32_gamma2p0_g0p1_T400,product,32,0.1,20.0,charge_density_wave,31,0.017374260126854595
L32_gamma2p0_g0p1_T400,product,32,0.1,20.0,left,0,0.9826257398731547
L32_gamma2p0_g0p1_T400,product,32,0.1,20.0,left,1,0.07543053548762957
L32_gamma2p0_g0p1_T400,product,32,0.1,20.0,left,2,0.9227584362794718
L32_gamma2p0_g0p1_T400,product,32,0.1,20.0,left,3,0.07746292021999084
L32_gamma2p0_g0p1_T400,product,32,0.1,20.0,left,4,0.9225169081588075
L32_gamma2p0_g0p1_T400,product,32,0.1,20.0,left,5,0.07748615051932181
L32_gamma2p0_g0p1_T400,product,32,0.1,20.0,left,6,0.9225134613148743
L32_gamma2p0_g0p1_T400,product,32,0.1,20.0,left,7,0.0774865974562949
L32_gamma2p0_g0p1_T400,product,32,0.1,20.0,left,8,0.9225133934133033
L32_gamma2p0_g0p1_T400,product,32,0.1,20.0,left,9,0.07748660789534947
L32_gamma2p0_g0p1_T400,product,32,0.1,20.0,left,10,0.9225133918664506
L32_gamma2p0_g0p1_T400,product,32,0.1,20.0,left,11,0.07748660815963296
L32_gamma2p0_g0p1_T400,product,32,0.1,20.0,left,12,0.9225133918340902
L32_gamma2p0_g0p1_T400,product,32,0.1,20.0,left,13,0.07748660816181568
L32_gamma2p0_g0p1_T400,product,32,0.1,20.0,left,14,0.9225133918382104
L32_gamma2p0_g0p1_T400,product,32,0.1,20.0,left,15,0.07748660815988456
L32_gamma2p0_g0p1_T400,product,32,0.1,20.0,left,16,0.9225133918401154
L32_gamma2p0_g0p1_T400,product,32,0.1,20.0,left,17,0.07748660816178962
L32_gamma2p0_g0p1_T400,product,32,0.1,20.0,left,18,0.9225133918381843
L32_gamma2p0_g0p1_T400,product,32,0.1,20.0,left,19,0.0774866081659098
L32_gamma2p0_g0p1_T400,product,32,0.1,20.0,left,20,0.922513391840367
L32_gamma2p0_g0p1_T400,product,32,0.1,20.0,left,21,0.07748660813354942
L32_gamma2p0_g0p1_T400,product,32,0.1,20.0,left,22,0.9225133921046504
L32_gamma2p0_g0p1_T400,product,32,0.1,20.0,left,23,0.07748660658669668
L32_gamma2p0_g0p1_T400,product,32,0.1,20.0,left,24,0.9225134025437051
L32_gamma2p0_g0p1_T400,product,32,0.1,20.0,left,25,0.0774865386851256
L32_gamma2p0_g0p1_T400,product,32,0.1,20.0,left,26,0.9225138494806782
L32_gamma2p0_g0p1_T400,product,32,0.1,20.0,left,27,0.0774830918411925
L32_gamma2p0_g0p1_T400,product,32,0.1,20.0,left,28,0.9225370797800092
L32_gamma2p0_g0p1_T400,product,32,0.1,20.0,left,29,0.07724156372052803
L32_gamma2p0_g0p1_T400,product,32,0.1,20.0,left,30,0.9245694645123704
L32_gamma2p0_g0p1_T400,product,32,0.1,20.0,left,31,0.017374260126845426
L32_gamma2p0_g0p1_T500,product,32,0.1,25.0,charge_density_wave,0,0.9826257398731454
L32_gamma2p0_g0p1_T500,product,32,0.1,25.0,charge_density_wave,1,0.07543053548774208
L32_gamma2p0_g0p1_T500,product,32,0.1,25.0,charge_density_wave,2,0.9227584362792969
L32_gamma2p0_g0p1_T500,product,32,0.1,25.0,charge_density_wave,3,0.07746292022067101
L32_gamma2p0_g0p1_T500,product,32,0.1,25.0,charge_density_wave,4,0.9225169081579786
L32_gamma2p0_g0p1_T500,product,32,0.1,25.0,charge_density_wave,5,0.07748615052163665
L32_gamma2p0_g0p1_T500,product,32,0.1,25.0,charge_density_wave,6,0.9225134613122855
L32_gamma2p0_g0p1_T500,product,32,0.1,25.0,charge_density_wave,7,0.07748659746201603
L32_gamma2p0_g0p1_T500,product,32,0.1,25.0,charge_density_wave,8,0.9225133934071895
L32_gamma2p0_g0p1_T500,product,32,0.1,25.0,charge_density_wave,9,0.07748660790641997
L32_gamma2p0_g0p1_T500,product,32,0.1,25.0,charge_density_wave,10,0.9225133918549383
L32_gamma2p0_g0p1_T500,product,32,0.1,25.0,charge_density_wave,11,0.07748660817703722
L32_gamma2p0_g0p1_T500,product,32,0.1,25.0,charge_density_wave,12,0.922513391816304
L32_gamma2p0_g0p1_T500,product,32,0.1,25.0,charge_density_wave,13,0.07748660818451686
L32_gamma2p0_g0p1_T500,product,32,0.1,25.0,charge_density_wave,14,0.922513391815289
L32_gamma2p0_g0p1_T500,product,32,0.1,25.0,charge_density_wave,15,0.07748660818473227
L32_gamma2p0_g0p1_T500,product,32,0.1,25.0,charge_density_wave,16,0.9225133918152677
L32_gamma2p0_g0p1_T500,product,32,0.1,25.0,charge_density_wave,17,0.07748660818471104
L32_gamma2p0_g0p1_T500,product,32,0.1,25.0,charge_density_wave,18,0.9225133918154831
L32_gamma2p0_g0p1_T500,product,32,0.1,25.0,charge_density_wave,19,0.07748660818369597
L32_gamma2p0_g0p1_T500,product,32,0.1,25.0,charge_density_wave,20,0.9225133918229628
L32_gamma2p0_g0p1_T500,product,32,0.1,25.0,charge_density_wave,21,0.07748660814506161
L32_gamma2p0_g0p1_T500,product,32,0.1,25.0,charge_density_wave,22,0.9225133920935801
L32_gamma2p0_g0p1_T500,product,32,0.1,25.0,charge_density_wave,23,0.07748660659281054
L32_gamma2p0_g0p1_T500,product,32,0.1,25.0,charge_density_wave,24,0.9225134025379839
L32_gamma2p0_g0p1_T500,product,32,0.1,25.0,charge_density_wave,25,0.07748653868771452
L32_gamma2p0_g0p1_T500,product,32,0.1,25.0,charge_density_wave,26,0.9225138494783633
L32_gamma2p0_g0p1_T500,product,32,0.1,25.0,charge_density_wave,27,0.07748309184202148
L32_gamma2p0_g0p1_T500,product,32,0.1,25.0,charge_density_wave,28,0.9225370797793289
L32_gamma2p0_g0p1_T500,product,32,0.1,25.0,charge_density_wave,29,0.07724156372070308
L32_gamma2p0_g0p1_T500,product,32,0.1,25.0,charge_density_wave,30,0.924569464512258
L32_gamma2p0_g0p1_T500,product,32,0.1,25.0,charge_density_wave,31,0.017374260126854592
L32_gamma2p0_g0p1_T500,product,32,0.1,25.0,left,0,0.9826257398731453
L32_gamma2p0_g0p1_T500,product,32,0.1,25.0,left,1,0.07543053548774209
L32_gamma2p0_g0p1_T500,product,32,0.1,25.0,left,2,0.9227584362792969
L32_gamma2p0_g0p1_T500,product,32,0.1,25.0,left,3,0.07746292022067101
L32_gamma2p0_g0p1_T500,product,32,0.1,25.0,left,4,0.9225169081579785
L32_gamma2p0_g0p1_T500,product,32,0.1,25.0,left,5,0.07748615052163664
L32_gamma2p0_g0p1_T500,product,32,0.1,25.0,left,6,0.9225134613122854
L32_gamma2p0_g0p1_T500,product,32,0.1,25.0,left,7,0.077486597462016
L32_gamma2p0_g0p1_T500,product,32,0.1,25.0,left,8,0.9225133934071895
L32_gamma2p0_g0p1_T500,product,32,0.1,25.0,left,9,0.0774866079064199
L32_gamma2p0_g0p1_T500,product,32,0.1,25.0,left,10,0.9225133918549384
L32_gamma2p0_g0p1_T500,product,32,0.1,25.0,left,11,0.07748660817703709
L32_gamma2p0_g0p1_T500,product,32,0.1,25.0,left,12,0.9225133918163042
L32_gamma2p0_g0p1_T500,product,32,0.1,25.0,left,13,0.0774866081845167
L32_gamma2p0_g0p1_T500,product,32,0.1,25.0,left,14,0.9225133918152892
L32_gamma2p0_g0p1_T500,product,32,0.1,25.0,left,15,0.07748660818473208
L32_gamma2p0_g0p1_T500,product,32,0.1,25.0,left,16,0.9225133918152679
L32_gamma2p0_g0p1_T500,product,32,0.1,25.0,left,17,0.07748660818471087
L32_gamma2p0_g0p1_T500,product,32,0.1,25.0,left,18,0.9225133918154833
L32_gamma2p0_g0p1_T500,product,32,0.1,25.0,left,19,0.07748660818369585
L32_gamma2p0_g0p1_T500,product,32,0.1,25.0,left,20,0.9225133918229628
L32_gamma2p0_g0p1_T500,product,32,0.1,25.0,left,21,0.07748660814506153
L32_gamma2p0_g0p1_T500,product,32,0.1,25.0,left,22,0.9225133920935802
L32_gamma2p0_g0p1_T500,product,32,0.1,25.0,left,23,0.07748660659281048
L32_gamma2p0_g0p1_T500,product,32,0.1,25.0,left,24,0.922513402537984
L32_gamma2p0_g0p1_T500,product,32,0.1,25.0,left,25,0.0774865386877145
L32_gamma2p0_g0p1_T500,product,32,0.1,25.0,left,26,0.9225138494783633
L32_gamma2p0_g0p1_T500,product,32,0.1,25.0,left,27,0.07748309184202148
L32_gamma2p0_g0p1_T500,product,32,0.1,25.0,left,28,0.9225370797793291
L32_gamma2p0_g0p1_T500,product,32,0.1,25.0,left,29,0.07724156372070307
L32_gamma2p0_g0p1_T500,product,32,0.1,25.0,left,30,0.924569464512258
L32_gamma2p0_g0p1_T500,product,32,0.1,25.0,left,31,0.017374260126854595
L32_gamma2p0_g0p25_T100,product,32,0.25,5.0,charge_density_wave,0,0.9823472863429945
L32_gamma2p0_g0p25_T100,product,32,0.25,5.0,charge_density_wave,1,0.061295730906556066
L32_gamma2p0_g0p25_T100,product,32,0.25,5.0,charge_density_wave,2,0.9365124693538535
L32_gamma2p0_g0p25_T100,product,32,0.25,5.0,charge_density_wave,3,0.06364741396018192
L32_gamma2p0_g0p25_T100,product,32,0.25,5.0,charge_density_wave,4,0.9363246258305348
L32_gamma2p0_g0p25_T100,product,32,0.25,5.0,charge_density_wave,5,0.06367720616872416
L32_gamma2p0_g0p25_T100,product,32,0.25,5.0,charge_density_wave,6,0.936322195257407
L32_gamma2p0_g0p25_T100,product,32,0.25,5.0,charge_density_wave,7,0.06367783133482953
L32_gamma2p0_g0p25_T100,product,32,0.25,5.0,charge_density_wave,8,0.9363221529916816
L32_gamma2p0_g0p25_T100,product,32,0.25,5.0,charge_density_wave,9,0.0636778473417133
L32_gamma2p0_g0p25_T100,product,32,0.25,5.0,charge_density_wave,10,0.9363221521984176
L32_gamma2p0_g0p25_T100,product,32,0.25,5.0,charge_density_wave,11,0.06367784780057967
L32_gamma2p0_g0p25_T100,product,32,0.25,5.0,charge_density_wave,12,0.9363221521848233
L32_gamma2p0_g0p25_T100,product,32,0.25,5.0,charge_density_wave,13,0.06367784781480881
L32_gamma2p0_g0p25_T100,product,32,0.25,5.0,charge_density_wave,14,0.9363221521846985
L32_gamma2p0_g0p25_T100,product,32,0.25,5.0,charge_density_wave,15,0.06367784781527933
L32_gamma2p0_g0p25_T100,product,32,0.25,5.0,charge_density_wave,16,0.9363221521847207
L32_gamma2p0_g0p25_T100,product,32,0.25,5.0,charge_density_wave,17,0.06367784781530134
L32_gamma2p0_g0p25_T100,product,32,0.25,5.0,charge_density_wave,18,0.9363221521851911
L32_gamma2p0_g0p25_T100,product,32,0.25,5.0,charge_density_wave,19,0.06367784781517682
L32_gamma2p0_g0p25_T100,product,32,0.25,5.0,charge_density_wave,20,0.9363221521994204
L32_gamma2p0_g0p25_T100,product,32,0.25,5.0,charge_density_wave,21,0.06367784780158237
L32_gamma2p0_g0p25_T100,product,32,0.25,5.0,charge_density_wave,22,0.9363221526582868
L32_gamma2p0_g0p25_T100,product,32,0.25,5.0,charge_density_wave,23,0.0636778470083184
L32_gamma2p0_g0p25_T100,product,32,0.25,5.0,charge_density_wave,24,0.9363221686651706
L32_gamma2p0_g0p25_T100,product,32,0.25,5.0,charge_density_wave,25,0.06367780474259299
L32_gamma2p0_g0p25_T100,product,32,0.25,5.0,charge_density_wave,26,0.9363227938312758
L32_gamma2p0_g0p25_T100,product,32,0.25,5.0,charge_density_wave,27,0.06367537416946523
L32_gamma2p0_g0p25_T100,product,32,0.25,5.0,charge_density_wave,28,0.9363525860398181
L32_gamma2p0_g0p25_T100,product,32,0.25,5.0,charge_density_wave,29,0.06348753064614655
L32_gamma2p0_g0p25_T100,product,32,0.25,5.0,charge_density_wave,30,0.9387042690934441
L32_gamma2p0_g0p25_T100,product,32,0.25,5.0,charge_density_wave,31,0.017652713657005593
L32_gamma2p0_g0p25_T100,product,32,0.25,5.0,left,0,0.9999999987907557
L32_gamma2p0_g0p25_T100,product,32,0.25,5.0,left,1,0.9999998630082086
L32_gamma2p0_g0p25_T100,product,32,0.25,5.0,left,2,0.9999998635008917
L32_gamma2p0_g0p25_T100,product,32,0.25,5.0,left,3,0.999982438605516
L32_gamma2p0_g0p25_T100,product,32,0.25,5.0,left,4,0.9999909476882509
L32_gamma2p0_g0p25_T100,product,32,0.25,5.0,left,5,0.9988706580559477
L32_gamma2p0_g0p25_T100,product,32,0.25,5.0,left,6,0.9997656988030643
L32_gamma2p0_g0p25_T100,product,32,0.25,5.0,left,7,0.9684567119177117
L32_gamma2p0_g0p25_T100,product,32,0.25,5.0,left,8,0.9984129281198533
L32_gamma2p0_g0p25_T100,product,32,0.25,5.0,left,9,0.6942584818457882
L32_gamma2p0_g0p25_T100,product,32,0.25,5.0,left,10,0.9961213373111628
L32_gamma2p0_g0p25_T100,product,32,0.25,5.0,left,11,0.2934615705393869
L32_gamma2p0_g0p25_T100,product,32,0.25,5.0,left,12,0.9549329803816532
L32_gamma2p0_g0p25_T100,product,32,0.25,5.0,left,13,0.09067974817106442
L32_gamma2p0_g0p25_T100,product,32,0.25,5.0,left,14,0.938988789604229
L32_gamma2p0_g0p25_T100,product,32,0.25,5.0,left,15,0.06468869286087055
L32_gamma2p0_g0p25_T100,product,32,0.25,5.0,left,16,0.9353113071391295
L32_gamma2p0_g0p25_T100,product,32,0.25,5.0,left,17,0.061011210395770794
L32_gamma2p0_g0p25_T100,product,32,0.25,5.0,left,18,0.9093202518289356
L32_gamma2p0_g0p25_T100,product,32,0.25,5.0,left,19,0.04506701961834689
L32_gamma2p0_g0p25_T100,product,32,0.25,5.0,left,20,0.7065384294606132
L32_gamma2p0_g0p25_T100,product,32,0.25,5.0,left,21,0.0038786626888371242
L32_gamma2p0_g0p25_T100,product,32,0.25,5.0,left,22,0.3057415181542118
L32_gamma2p0_g0p25_T100,product,32,0.25,5.0,left,23,0.0015870718801466858
L32_gamma2p0_g0p25_T100,product,32,0.25,5.0,left,24,0.03154328808228837
L32_gamma2p0_g0p25_T100,product,32,0.25,5.0,left,25,0.00023430119693573879
L32_gamma2p0_g0p25_T100,product,32,0.25,5.0,left,26,0.0011293419440523685
L32_gamma2p0_g0p25_T100,product,32,0.25,5.0,left,27,9.05231174888369e-06
L32_gamma2p0_g0p25_T100,product,32,0.25,5.0,left,28,1.7561394483966733e-05
L32_gamma2p0_g0p25_T100,product,32,0.25,5.0,left,29,1.364991082839605e-07
L32_gamma2p0_g0p25_T100,product,32,0.25,5.0,left,30,1.3699179119682954e-07
L32_gamma2p0_g0p25_T100,product,32,0.25,5.0,left,31,1.2092442626545113e-09
L32_gamma2p0_g0p25_T150,product,32,0.25,7.5,charge_density_wave,0,0.9823472806719995
L32_gamma2p0_g0p25_T150,product,32,0.25,7.5,charge_density_wave,1,0.06129575683787671
L32_gamma2p0_g0p25_T150,product,32,0.25,7.5,charge_density_wave,2,0.9365124243329249
L32_gamma2p0_g0p25_T150,product,32,0.25,7.5,charge_density_wave,3,0.06364747132544843
L32_gamma2p0_g0p25_T150,product,32,0.25,7.5,charge_density_wave,4,0.9363245620233696
L32_gamma2p0_g0p25_T150,product,32,0.25,7.5,charge_density_wave,5,0.06367727236437286
L32_gamma2p0_g0p25_T150,product,32,0.25,7.5,charge_density_wave,6,0.9363221280689928
L32_gamma2p0_g0p25_T150,product,32,0.25,7.5,charge_density_wave,7,0.06367789877778463
L32_gamma2p0_g0p25_T150,product,32,0.25,7.5,charge_density_wave,8,0.9363220854503214
L32_gamma2p0_g0p25_T150,product,32,0.25,7.5,charge_density_wave,9,0.06367791490166151
L32_gamma2p0_g0p25_T150,product,32,0.25,7.5,charge_density_wave,10,0.9363220846310629
L32_gamma2p0_g0p25_T150,product,32,0.25,7.5,charge_density_wave,11,0.06367791536897219
L32_gamma2p0_g0p25_T150,product,32,0.25,7.5,charge_density_wave,12,0.9363220846159637
L32_gamma2p0_g0p25_T150,product,32,0.25,7.5,charge_density_wave,13,0.06367791538371491
L32_gamma2p0_g0p25_T150,product,32,0.25,7.5,charge_density_wave,14,0.9363220846157663
L32_gamma2p0_g0p25_T150,product,32,0.25,7.5,charge_density_wave,15,0.0636779153842133
L32_gamma2p0_g0p25_T150,product,32,0.25,7.5,charge_density_wave,16,0.9363220846157867
L32_gamma2p0_g0p25_T150,product,32,0.25,7.5,charge_density_wave,17,0.0636779153842337
L32_gamma2p0_g0p25_T150,product,32,0.25,7.5,charge_density_wave,18,0.9363220846162852
L32_gamma2p0_g0p25_T150,product,32,0.25,7.5,charge_density_wave,19,0.06367791538403642
L32_gamma2p0_g0p25_T150,product,32,0.25,7.5,charge_density_wave,20,0.9363220846310278
L32_gamma2p0_g0p25_T150,product,32,0.25,7.5,charge_density_wave,21,0.06367791536893712
L32_gamma2p0_g0p25_T150,product,32,0.25,7.5,charge_density_wave,22,0.9363220850983384
L32_gamma2p0_g0p25_T150,product,32,0.25,7.5,charge_density_wave,23,0.06367791454967853
L32_gamma2p0_g0p25_T150,product,32,0.25,7.5,charge_density_wave,24,0.9363221012222154
L32_gamma2p0_g0p25_T150,product,32,0.25,7.5,charge_density_wave,25,0.06367787193100709
L32_gamma2p0_g0p25_T150,product,32,0.25,7.5,charge_density_wave,26,0.9363227276356272
L32_gamma2p0_g0p25_T150,product,32,0.25,7.5,charge_density_wave,27,0.06367543797663056
L32_gamma2p0_g0p25_T150,product,32,0.25,7.5,charge_density_wave,28,0.9363525286745515
L32_gamma2p0_g0p25_T150,product,32,0.25,7.5,charge_density_wave,29,0.06348757566707514
L32_gamma2p0_g0p25_T150,product,32,0.25,7.5,charge_density_wave,30,0.9387042431621233
L32_gamma2p0_g0p25_T150,product,32,0.25,7.5,charge_density_wave,31,0.017652719328000433
L32_gamma2p0_g0p25_T150,product,32,0.25,7.5,left,0,0.9999373554827615
L32_gamma2p0_g0p25_T150,product,32,0.25,7.5,left,1,0.9952493059163974
L32_gamma2p0_g0p25_T150,product,32,0.25,7.5,left,2,0.999581924325753
L32_gamma2p0_g0p25_T150,product,32,0.25,7.5,left,3,0.9274505049339493
L32_gamma2p0_g0p25_T150,product,32,0.25,7.5,left,4,0.9989939331400983
L32_gamma2p0_g0p25_T150,product,32,0.25,7.5,left,5,0.6088732218818664
L32_gamma2p0_g0p25_T150,product,32,0.25,7.5,left,6,0.9950132995872663
L32_gamma2p0_g0p25_T150,product,32,0.25,7.5,left,7,0.4408282992676009
L32_gamma2p0_g0p25_T150,product,32,0.25,7.5,left,8,0.9720212205565679
L32_gamma2p0_g0p25_T150,product,32,0.25,7.5,left,9,0.19053682073972744
L32_gamma2p0_g0p25_T150,product,32,0.25,7.5,left,10,0.9476255203839917
L32_gamma2p0_g0p25_T150,product,32,0.25,7.5,left,11,0.08909198009135588
L32_gamma2p0_g0p25_T150,product,32,0.25,7.5,left,12,0.9387415566906159
L32_gamma2p0_g0p25_T150,product,32,0.25,7.5,left,13,0.06670790640478486
L32_gamma2p0_g0p25_T150,product,32,0.25,7.5,left,14,0.9369741955456299
L32_gamma2p0_g0p25_T150,product,32,0.25,7.5,left,15,0.06353053560976887
L32_gamma2p0_g0p25_T150,product,32,0.25,7.5,left,16,0.9364694643902312
L32_gamma2p0_g0p25_T150,product,32,0.25,7.5,left,17,0.06302580445436999
L32_gamma2p0_g0p25_T150,product,32,0.25,7.5,left,18,0.9332920935952151
L32_gamma2p0_g0p25_T150,product,32,0.25,7.5,left,19,0.061258443309384035
L32_gamma2p0_g0p25_T150,product,32,0.25,7.5,left,20,0.9109080199086442
L32_gamma2p0_g0p25_T150,product,32,0.25,7.5,left,21,0.05237447961600827
L32_gamma2p0_g0p25_T150,product,32,0.25,7.5,left,22,0.8094631792602726
L32_gamma2p0_g0p25_T150,product,32,0.25,7.5,left,23,0.02797877944343198
L32_gamma2p0_g0p25_T150,product,32,0.25,7.5,left,24,0.5591717007323991
L32_gamma2p0_g0p25_T150,product,32,0.25,7.5,left,25,0.00498670041273363
L32_gamma2p0_g0p25_T150,product,32,0.25,7.5,left,26,0.3911267781181335
L32_gamma2p0_g0p25_T150,product,32,0.25,7.5,left,27,0.0010060668599017422
L32_gamma2p0_g0p25_T150,product,32,0.25,7.5,left,28,0.07254949506605063
L32_gamma2p0_g0p25_T150,product,32,0.25,7.5,left,29,0.00041807567424692133
L32_gamma2p0_g0p25_T150,product,32,0.25,7.5,left,30,0.004750694083602677
L32_gamma2p0_g0p25_T150,product,32,0.25,7.5,left,31,6.264451723836276e-05
L32_gamma2p0_g0p25_T200,product,32,0.25,10.0,charge_density_wave,0,0.9823472806677869
L32_gamma2p0_g0p25_T200,product,32,0.25,10.0,charge_density_wave,1,0.06129575685811456
L32_gamma2p0_g0p25_T200,product,32,0.25,10.0,charge_density_wave,2,0.9365124242941341
L32_gamma2p0_g0p25_T200,product,32,0.25,10.0,charge_density_wave,3,0.06364747137957696
L32_gamma2p0_g0p25_T200,product,32,0.25,10.0,charge_density_wave,4,0.9363245619589182
L32_gamma2p0_g0p25_T200,product,32,0.25,10.0,charge_density_wave,5,0.06367727243408239
L32_gamma2p0_g0p25_T200,product,32,0.25,10.0,charge_density_wave,6,0.9363221279965572
L32_gamma2p0_g0p25_T200,product,32,0.25,10.0,charge_density_wave,7,0.06367789885122546
L32_gamma2p0_g0p25_T200,product,32,0.25,10.0,charge_density_wave,8,0.9363220853764282
L32_gamma2p0_g0p25_T200,product,32,0.25,10.0,charge_density_wave,9,0.06367791497568391
L32_gamma2p0_g0p25_T200,product,32,0.25,10.0,charge_density_wave,10,0.9363220845569861
L32_gamma2p0_g0p25_T200,product,32,0.25,10.0,charge_density_wave,11,0.06367791544306141
L32_gamma2p0_g0p25_T200,product,32,0.25,10.0,charge_density_wave,12,0.9363220845418694
L32_gamma2p0_g0p25_T200,product,32,0.25,10.0,charge_density_wave,13,0.06367791545781026
L32_gamma2p0_g0p25_T200,product,32,0.25,10.0,charge_density_wave,14,0.9363220845416704
L32_gamma2p0_g0p25_T200,product,32,0.25,10.0,charge_density_wave,15,0.06367791545830913
L32_gamma2p0_g0p25_T200,product,32,0.25,10.0,charge_density_wave,16,0.9363220845416909
L32_gamma2p0_g0p25_T200,product,32,0.25,10.0,charge_density_wave,17,0.06367791545832946
L32_gamma2p0_g0p25_T200,product,32,0.25,10.0,charge_density_wave,18,0.9363220845421896
L32_gamma2p0_g0p25_T200,product,32,0.25,10.0,charge_density_wave,19,0.06367791545813081
L32_gamma2p0_g0p25_T200,product,32,0.25,10.0,charge_density_wave,20,0.9363220845569387
L32_gamma2p0_g0p25_T200,product,32,0.25,10.0,charge_density_wave,21,0.06367791544301393
L32_gamma2p0_g0p25_T200,product,32,0.25,10.0,charge_density_wave,22,0.9363220850243161
L32_gamma2p0_g0p25_T200,product,32,0.25,10.0,charge_density_wave,23,0.06367791462357172
L32_gamma2p0_g0p25_T200,product,32,0.25,10.0,charge_density_wave,24,0.9363221011487746
L32_gamma2p0_g0p25_T200,product,32,0.25,10.0,charge_density_wave,25,0.06367787200344276
L32_gamma2p0_g0p25_T200,product,32,0.25,10.0,charge_density_wave,26,0.9363227275659177
L32_gamma2p0_g0p25_T200,product,32,0.25,10.0,charge_density_wave,27,0.06367543804108171
L32_gamma2p0_g0p25_T200,product,32,0.25,10.0,charge_density_wave,28,0.9363525286204231
L32_gamma2p0_g0p25_T200,product,32,0.25,10.0,charge_density_wave,29,0.06348757570586581
L32_gamma2p0_g0p25_T200,product,32,0.25,10.0,charge_density_wave,30,0.9387042431418853
L32_gamma2p0_g0p25_T200,product,32,0.25,10.0,charge_density_wave,31,0.017652719332213112
L32_gamma2p0_g0p25_T200,product,32,0.25,10.0,left,0,0.9964621520934519
L32_gamma2p0_g0p25_T200,product,32,0.25,10.0,left,1,0.7798423685349639
L32_gamma2p0_g0p25_T200,product,32,0.25,10.0,left,2,0.9991274390727778
L32_gamma2p0_g0p25_T200,product,32,0.25,10.0,left,3,0.45977225858595594
L32_gamma2p0_g0p25_T200,product,32,0.25,10.0,left,4,0.9853661522889983
L32_gamma2p0_g0p25_T200,product,32,0.25,10.0,left,5,0.48112288739566855
L32_gamma2p0_g0p25_T200,product,32,0.25,10.0,left,6,0.9816862464658309
L32_gamma2p0_g0p25_T200,product,32,0.25,10.0,left,7,0.2717558096105802
L32_gamma2p0_g0p25_T200,product,32,0.25,10.0,left,8,0.9555691930541013
L32_gamma2p0_g0p25_T200,product,32,0.25,10.0,left,9,0.11392744845751021
L32_gamma2p0_g0p25_T200,product,32,0.25,10.0,left,10,0.9406914365231076
L32_gamma2p0_g0p25_T200,product,32,0.25,10.0,left,11,0.0712358304124837
L32_gamma2p0_g0p25_T200,product,32,0.25,10.0,left,12,0.9369937450078762
L32_gamma2p0_g0p25_T200,product,32,0.25,10.0,left,13,0.06446768494554034
L32_gamma2p0_g0p25_T200,product,32,0.25,10.0,left,14,0.9364292879057279
L32_gamma2p0_g0p25_T200,product,32,0.25,10.0,left,15,0.06369703326320195
L32_gamma2p0_g0p25_T200,product,32,0.25,10.0,left,16,0.9363029667367981
L32_gamma2p0_g0p25_T200,product,32,0.25,10.0,left,17,0.06357071209427209
L32_gamma2p0_g0p25_T200,product,32,0.25,10.0,left,18,0.9355323150544597
L32_gamma2p0_g0p25_T200,product,32,0.25,10.0,left,19,0.0630062549921238
L32_gamma2p0_g0p25_T200,product,32,0.25,10.0,left,20,0.9287641695875164
L32_gamma2p0_g0p25_T200,product,32,0.25,10.0,left,21,0.05930856347689226
L32_gamma2p0_g0p25_T200,product,32,0.25,10.0,left,22,0.8860725515424898
L32_gamma2p0_g0p25_T200,product,32,0.25,10.0,left,23,0.044430806945898724
L32_gamma2p0_g0p25_T200,product,32,0.25,10.0,left,24,0.7282441903894198
L32_gamma2p0_g0p25_T200,product,32,0.25,10.0,left,25,0.01831375353416909
L32_gamma2p0_g0p25_T200,product,32,0.25,10.0,left,26,0.5188771126043313
L32_gamma2p0_g0p25_T200,product,32,0.25,10.0,left,27,0.01463384771100174
L32_gamma2p0_g0p25_T200,product,32,0.25,10.0,left,28,0.5402277414140442
L32_gamma2p0_g0p25_T200,product,32,0.25,10.0,left,29,0.0008725609272221928
L32_gamma2p0_g0p25_T200,product,32,0.25,10.0,left,30,0.22015763146503609
L32_gamma2p0_g0p25_T200,product,32,0.25,10.0,left,31,0.0035378479065481987
L32_gamma2p0_g0p25_T250,product,32,0.25,12.5,charge_density_wave,0,0.982347280667783
L32_gamma2p0_g0p25_T250,product,32,0.25,12.5,charge_density_wave,1,0.06129575685813264
L32_gamma2p0_g0p25_T250,product,32,0.25,12.5,charge_density_wave,2,0.9365124242940974
L32_gamma2p0_g0p25_T250,product,32,0.25,12.5,charge_density_wave,3,0.06364747137963114
L32_gamma2p0_g0p25_T250,product,32,0.25,12.5,charge_density_wave,4,0.9363245619588503
L32_gamma2p0_g0p25_T250,product,32,0.25,12.5,charge_density_wave,5,0.06367727243415884
L32_gamma2p0_g0p25_T250,product,32,0.25,12.5,charge_density_wave,6,0.9363221279964756
L32_gamma2p0_g0p25_T250,product,32,0.25,12.5,charge_density_wave,7,0.06367789885130948
L32_gamma2p0_g0p25_T250,product,32,0.25,12.5,charge_density_wave,8,0.9363220853763431
L32_gamma2p0_g0p25_T250,product,32,0.25,12.5,charge_density_wave,9,0.06367791497576962
L32_gamma2p0_g0p25_T250,product,32,0.25,12.5,charge_density_wave,10,0.9363220845569001
L32_gamma2p0_g0p25_T250,product,32,0.25,12.5,charge_density_wave,11,0.06367791544314741
L32_gamma2p0_g0p25_T250,product,32,0.25,12.5,charge_density_wave,12,0.9363220845417832
L32_gamma2p0_g0p25_T250,product,32,0.25,12.5,charge_density_wave,13,0.06367791545789629
L32_gamma2p0_g0p25_T250,product,32,0.25,12.5,charge_density_wave,14,0.9363220845415845
L32_gamma2p0_g0p25_T250,product,32,0.25,12.5,charge_density_wave,15,0.06367791545839516
L32_gamma2p0_g0p25_T250,product,32,0.25,12.5,charge_density_wave,16,0.9363220845416049
L32_gamma2p0_g0p25_T250,product,32,0.25,12.5,charge_density_wave,17,0.06367791545841549
L32_gamma2p0_g0p25_T250,product,32,0.25,12.5,charge_density_wave,18,0.9363220845421036
L32_gamma2p0_g0p25_T250,product,32,0.25,12.5,charge_density_wave,19,0.06367791545821683
L32_gamma2p0_g0p25_T250,product,32,0.25,12.5,charge_density_wave,20,0.9363220845568527
L32_gamma2p0_g0p25_T250,product,32,0.25,12.5,charge_density_wave,21,0.06367791544309984
L32_gamma2p0_g0p25_T250,product,32,0.25,12.5,charge_density_wave,22,0.9363220850242304
L32_gamma2p0_g0p25_T250,product,32,0.25,12.5,charge_density_wave,23,0.06367791462365699
L32_gamma2p0_g0p25_T250,product,32,0.25,12.5,charge_density_wave,24,0.9363221011486905
L32_gamma2p0_g0p25_T250,product,32,0.25,12.5,charge_density_wave,25,0.0636778720035244
L32_gamma2p0_g0p25_T250,product,32,0.25,12.5,charge_density_wave,26,0.9363227275658412
L32_gamma2p0_g0p25_T250,product,32,0.25,12.5,charge_density_wave,27,0.06367543804114968
L32_gamma2p0_g0p25_T250,product,32,0.25,12.5,charge_density_wave,28,0.936352528620369
L32_gamma2p0_g0p25_T250,product,32,0.25,12.5,charge_density_wave,29,0.06348757570590248
L32_gamma2p0_g0p25_T250,product,32,0.25,12.5,charge_density_wave,30,0.9387042431418673
L32_gamma2p0_g0p25_T250,product,32,0.25,12.5,charge_density_wave,31,0.017652719332216786
L32_gamma2p0_g0p25_T250,product,32,0.25,12.5,left,0,0.9868592801874392
L32_gamma2p0_g0p25_T250,product,32,0.25,12.5,left,1,0.26746142608093487
L32_gamma2p0_g0p25_T250,product,32,0.25,12.5,left,2,0.9740154265836904
L32_gamma2p0_g0p25_T250,product,32,0.25,12.5,left,3,0.42997126463668905
L32_gamma2p0_g0p25_T250,product,32,0.25,12.5,left,4,0.9791670174560576
L32_gamma2p0_g0p25_T250,product,32,0.25,12.5,left,5,0.2758353698481471
L32_gamma2p0_g0p25_T250,product,32,0.25,12.5,left,6,0.9572958637821045
L32_gamma2p0_g0p25_T250,product,32,0.25,12.5,left,7,0.12918261126539465
L32_gamma2p0_g0p25_T250,product,32,0.25,12.5,left,8,0.9423072372471191
L32_gamma2p0_g0p25_T250,product,32,0.25,12.5,left,9,0.07691493686291925
L32_gamma2p0_g0p25_T250,product,32,0.25,12.5,left,10,0.9374885312580596
L32_gamma2p0_g0p25_T250,product,32,0.25,12.5,left,11,0.06564080612627984
L32_gamma2p0_g0p25_T250,product,32,0.25,12.5,left,12,0.9364967046811146
L32_gamma2p0_g0p25_T250,product,32,0.25,12.5,left,13,0.06390325080137388
L32_gamma2p0_g0p25_T250,product,32,0.25,12.5,left,14,0.9363465147287512
L32_gamma2p0_g0p25_T250,product,32,0.25,12.5,left,15,0.06369172360224504
L32_gamma2p0_g0p25_T250,product,32,0.25,12.5,left,16,0.936308276397755
L32_gamma2p0_g0p25_T250,product,32,0.25,12.5,left,17,0.06365348527124876
L32_gamma2p0_g0p25_T250,product,32,0.25,12.5,left,18,0.9360967491986262
L32_gamma2p0_g0p25_T250,product,32,0.25,12.5,left,19,0.06350329531888539
L32_gamma2p0_g0p25_T250,product,32,0.25,12.5,left,20,0.9343591938737201
L32_gamma2p0_g0p25_T250,product,32,0.25,12.5,left,21,0.06251146874194026
L32_gamma2p0_g0p25_T250,product,32,0.25,12.5,left,22,0.9230850631370807
L32_gamma2p0_g0p25_T250,product,32,0.25,12.5,left,23,0.057692762752880995
L32_gamma2p0_g0p25_T250,product,32,0.25,12.5,left,24,0.8708173887346053
L32_gamma2p0_g0p25_T250,product,32,0.25,12.5,left,25,0.04270413621789544
L32_gamma2p0_g0p25_T250,product,32,0.25,12.5,left,26,0.7241646301518528
L32_gamma2p0_g0p25_T250,product,32,0.25,12.5,left,27,0.02083298254394249
L32_gamma2p0_g0p25_T250,product,32,0.25,12.5,left,28,0.570028735363311
L32_gamma2p0_g0p25_T250,product,32,0.25,12.5,left,29,0.02598457341630936
L32_gamma2p0_g0p25_T250,product,32,0.25,12.5,left,30,0.7325385739190653
L32_gamma2p0_g0p25_T250,product,32,0.25,12.5,left,31,0.013140719812560623
L32_gamma2p0_g0p25_T300,product,32,0.25,15.0,charge_density_wave,0,0.9823472806677833
L32_gamma2p0_g0p25_T300,product,32,0.25,15.0,charge_density_wave,1,0.06129575685813266
L32_gamma2p0_g0p25_T300,product,32,0.25,15.0,charge_density_wave,2,0.9365124242940974
L32_gamma2p0_g0p25_T300,product,32,0.25,15.0,charge_density_wave,3,0.0636474713796312
L32_gamma2p0_g0p25_T300,product,32,0.25,15.0,charge_density_wave,4,0.9363245619588503
L32_gamma2p0_g0p25_T300,product,32,0.25,15.0,charge_density_wave,5,0.06367727243415894
L32_gamma2p0_g0p25_T300,product,32,0.25,15.0,charge_density_wave,6,0.9363221279964754
L32_gamma2p0_g0p25_T300,product,32,0.25,15.0,charge_density_wave,7,0.06367789885130959
L32_gamma2p0_g0p25_T300,product,32,0.25,15.0,charge_density_wave,8,0.9363220853763429
L32_gamma2p0_g0p25_T300,product,32,0.25,15.0,charge_density_wave,9,0.06367791497576972
L32_gamma2p0_g0p25_T300,product,32,0.25,15.0,charge_density_wave,10,0.9363220845569
L32_gamma2p0_g0p25_T300,product,32,0.25,15.0,charge_density_wave,11,0.0636779154431475
L32_gamma2p0_g0p25_T300,product,32,0.25,15.0,charge_density_wave,12,0.9363220845417831
L32_gamma2p0_g0p25_T300,product,32,0.25,15.0,charge_density_wave,13,0.06367791545789639
L32_gamma2p0_g0p25_T300,product,32,0.25,15.0,charge_density_wave,14,0.9363220845415843
L32_gamma2p0_g0p25_T300,product,32,0.25,15.0,charge_density_wave,15,0.06367791545839527
L32_gamma2p0_g0p25_T300,product,32,0.25,15.0,charge_density_wave,16,0.9363220845416047
L32_gamma2p0_g0p25_T300,product,32,0.25,15.0,charge_density_wave,17,0.06367791545841561
L32_gamma2p0_g0p25_T300,product,32,0.25,15.0,charge_density_wave,18,0.9363220845421036
L32_gamma2p0_g0p25_T300,product,32,0.25,15.0,charge_density_wave,19,0.06367791545821694
L32_gamma2p0_g0p25_T300,product,32,0.25,15.0,charge_density_wave,20,0.9363220845568525
L32_gamma2p0_g0p25_T300,product,32,0.25,15.0,charge_density_wave,21,0.06367791544309995
L32_gamma2p0_g0p25_T300,product,32,0.25,15.0,charge_density_wave,22,0.9363220850242302
L32_gamma2p0_g0p25_T300,product,32,0.25,15.0,charge_density_wave,23,0.06367791462365709
L32_gamma2p0_g0p25_T300,product,32,0.25,15.0,charge_density_wave,24,0.9363221011486904
L32_gamma2p0_g0p25_T300,product,32,0.25,15.0,charge_density_wave,25,0.06367787200352448
L32_gamma2p0_g0p25_T300,product,32,0.25,15.0,charge_density_wave,26,0.936322727565841
L32_gamma2p0_g0p25_T300,product,32,0.25,15.0,charge_density_wave,27,0.06367543804114975
L32_gamma2p0_g0p25_T300,product,32,0.25,15.0,charge_density_wave,28,0.9363525286203688
L32_gamma2p0_g0p25_T300,product,32,0.25,15.0,charge_density_wave,29,0.06348757570590252
L32_gamma2p0_g0p25_T300,product,32,0.25,15.0,charge_density_wave,30,0.9387042431418673
L32_gamma2p0_g0p25_T300,product,32,0.25,15.0,charge_density_wave,31,0.01765271933221679
L32_gamma2p0_g0p25_T300,product,32,0.25,15.0,left,0,0.9823474253283855
L32_gamma2p0_g0p25_T300,product,32,0.25,15.0,left,1,0.06130214221506134
L32_gamma2p0_g0p25_T300,product,32,0.25,15.0,left,2,0.9365138313390089
L32_gamma2p0_g0p25_T300,product,32,0.25,15.0,left,3,0.06366339168304469
L32_gamma2p0_g0p25_T300,product,32,0.25,15.0,left,4,0.9363267661414639
L32_gamma2p0_g0p25_T300,product,32,0.25,15.0,left,5,0.06369096639772721
L32_gamma2p0_g0p25_T300,product,32,0.25,15.0,left,6,0.936323778358776
L32_gamma2p0_g0p25_T300,product,32,0.25,15.0,left,7,0.06368415471145009
L32_gamma2p0_g0p25_T300,product,32,0.25,15.0,left,8,0.9363230023273917
L32_gamma2p0_g0p25_T300,product,32,0.25,15.0,left,9,0.0636794632067413
L32_gamma2p0_g0p25_T300,product,32,0.25,15.0,left,10,0.9363227582803424
L32_gamma2p0_g0p25_T300,product,32,0.25,15.0,left,11,0.06367766010056389
L32_gamma2p0_g0p25_T300,product,32,0.25,15.0,left,12,0.936322851750086
L32_gamma2p0_g0p25_T300,product,32,0.25,15.0,left,13,0.06367708706053739
L32_gamma2p0_g0p25_T300,product,32,0.25,15.0,left,14,0.9363230077847144
L32_gamma2p0_g0p25_T300,product,32,0.25,15.0,left,15,0.06367693816387612
L32_gamma2p0_g0p25_T300,product,32,0.25,15.0,left,16,0.9363230618361238
L32_gamma2p0_g0p25_T300,product,32,0.25,15.0,left,17,0.06367699221528555
L32_gamma2p0_g0p25_T300,product,32,0.25,15.0,left,18,0.9363229129394626
L32_gamma2p0_g0p25_T300,product,32,0.25,15.0,left,19,0.06367714824991397
L32_gamma2p0_g0p25_T300,product,32,0.25,15.0,left,20,0.936322339899436
L32_gamma2p0_g0p25_T300,product,32,0.25,15.0,left,21,0.06367724171965766
L32_gamma2p0_g0p25_T300,product,32,0.25,15.0,left,22,0.9363205367932587
L32_gamma2p0_g0p25_T300,product,32,0.25,15.0,left,23,0.06367699767260829
L32_gamma2p0_g0p25_T300,product,32,0.25,15.0,left,24,0.9363158452885498
L32_gamma2p0_g0p25_T300,product,32,0.25,15.0,left,25,0.06367622164122408
L32_gamma2p0_g0p25_T300,product,32,0.25,15.0,left,26,0.9363090336022728
L32_gamma2p0_g0p25_T300,product,32,0.25,15.0,left,27,0.06367323385853607
L32_gamma2p0_g0p25_T300,product,32,0.25,15.0,left,28,0.9363366083169553
L32_gamma2p0_g0p25_T300,product,32,0.25,15.0,left,29,0.06348616866099109
L32_gamma2p0_g0p25_T300,product,32,0.25,15.0,left,30,0.9386978577849386
L32_gamma2p0_g0p25_T300,product,32,0.25,15.0,left,31,0.017652574671614622
L32_gamma2p0_g0p25_T350,product,32,0.25,17.5,charge_density_wave,0,0.9823472806677833
L32_gamma2p0_g0p25_T350,product,32,0.25,17.5,charge_density_wave,1,0.06129575685813267
L32_gamma2p0_g0p25_T350,product,32,0.25,17.5,charge_density_wave,2,0.9365124242940974
L32_gamma2p0_g0p25_T350,product,32,0.25,17.5,charge_density_wave,3,0.0636474713796312
L32_gamma2p0_g0p25_T350,product,32,0.25,17.5,charge_density_wave,4,0.9363245619588503
L32_gamma2p0_g0p25_T350,product,32,0.25,17.5,charge_density_wave,5,0.06367727243415892
L32_gamma2p0_g0p25_T350,product,32,0.25,17.5,charge_density_wave,6,0.9363221279964755
L32_gamma2p0_g0p25_T350,product,32,0.25,17.5,charge_density_wave,7,0.06367789885130958
L32_gamma2p0_g0p25_T350,product,32,0.25,17.5,charge_density_wave,8,0.9363220853763429
L32_gamma2p0_g0p25_T350,product,32,0.25,17.5,charge_density_wave,9,0.06367791497576973
L32_gamma2p0_g0p25_T350,product,32,0.25,17.5,charge_density_wave,10,0.9363220845569
L32_gamma2p0_g0p25_T350,product,32,0.25,17.5,charge_density_wave,11,0.0636779154431475
L32_gamma2p0_g0p25_T350,product,32,0.25,17.5,charge_density_wave,12,0.9363220845417829
L32_gamma2p0_g0p25_T350,product,32,0.25,17.5,charge_density_wave,13,0.06367791545789639
L32_gamma2p0_g0p25_T350,product,32,0.25,17.5,charge_density_wave,14,0.9363220845415845
L32_gamma2p0_g0p25_T350,product,32,0.25,17.5,charge_density_wave,15,0.06367791545839527
L32_gamma2p0_g0p25_T350,product,32,0.25,17.5,charge_density_wave,16,0.9363220845416049
L32_gamma2p0_g0p25_T350,product,32,0.25,17.5,charge_density_wave,17,0.0636779154584156
L32_gamma2p0_g0p25_T350,product,32,0.25,17.5,charge_density_wave,18,0.9363220845421036
L32_gamma2p0_g0p25_T350,product,32,0.25,17.5,charge_density_wave,19,0.06367791545821694
L32_gamma2p0_g0p25_T350,product,32,0.25,17.5,charge_density_wave,20,0.9363220845568525
L32_gamma2p0_g0p25_T350,product,32,0.25,17.5,charge_density_wave,21,0.06367791544309995
L32_gamma2p0_g0p25_T350,product,32,0.25,17.5,charge_density_wave,22,0.9363220850242302
L32_gamma2p0_g0p25_T350,product,32,0.25,17.5,charge_density_wave,23,0.0636779146236571
L32_gamma2p0_g0p25_T350,product,32,0.25,17.5,charge_density_wave,24,0.9363221011486904
L32_gamma2p0_g0p25_T350,product,32,0.25,17.5,charge_density_wave,25,0.06367787200352448
L32_gamma2p0_g0p25_T350,product,32,0.25,17.5,charge_density_wave,26,0.936322727565841
L32_gamma2p0_g0p25_T350,product,32,0.25,17.5,charge_density_wave,27,0.06367543804114975
L32_gamma2p0_g0p25_T350,product,32,0.25,17.5,charge_density_wave,28,0.9363525286203687
L32_gamma2p0_g0p25_T350,product,32,0.25,17.5,charge_density_wave,29,0.06348757570590252
L32_gamma2p0_g0p25_T350,product,32,0.25,17.5,charge_density_wave,30,0.9387042431418674
L32_gamma2p0_g0p25_T350,product,32,0.25,17.5,charge_density_wave,31,0.01765271933221679
L32_gamma2p0_g0p25_T350,product,32,0.25,17.5,left,0,0.9823472806704869
L32_gamma2p0_g0p25_T350,product,32,0.25,17.5,left,1,0.061295756839418764
L32_gamma2p0_g0p25_T350,product,32,0.25,17.5,left,2,0.9365124243385126
L32_gamma2p0_g0p25_T350,product,32,0.25,17.5,left,3,0.0636474712455288
L32_gamma2p0_g0p25_T350,product,32,0.25,17.5,left,4,0.9363245621609189
L32_gamma2p0_g0p25_T350,product,32,0.25,17.5,left,5,0.06367727193654416
L32_gamma2p0_g0p25_T350,product,32,0.25,17.5,left,6,0.9363221286115196
L32_gamma2p0_g0p25_T350,product,32,0.25,17.5,left,7,0.06367789758962351
L32_gamma2p0_g0p25_T350,product,32,0.25,17.5,left,8,0.9363220867980548
L32_gamma2p0_g0p25_T350,product,32,0.25,17.5,left,9,0.06367791252932832
L32_gamma2p0_g0p25_T350,product,32,0.25,17.5,left,10,0.9363220871838446
L32_gamma2p0_g0p25_T350,product,32,0.25,17.5,left,11,0.06367791160908676
L32_gamma2p0_g0p25_T350,product,32,0.25,17.5,left,12,0.9363220885367957
L32_gamma2p0_g0p25_T350,product,32,0.25,17.5,left,13,0.06367791046503098
L32_gamma2p0_g0p25_T350,product,32,0.25,17.5,left,14,0.9363220896301038
L32_gamma2p0_g0p25_T350,product,32,0.25,17.5,left,15,0.06367790998081678
L32_gamma2p0_g0p25_T350,product,32,0.25,17.5,left,16,0.9363220900191832
L32_gamma2p0_g0p25_T350,product,32,0.25,17.5,left,17,0.06367791036989623
L32_gamma2p0_g0p25_T350,product,32,0.25,17.5,left,18,0.9363220895349691
L32_gamma2p0_g0p25_T350,product,32,0.25,17.5,left,19,0.06367791146320433
L32_gamma2p0_g0p25_T350,product,32,0.25,17.5,left,20,0.9363220883909132
L32_gamma2p0_g0p25_T350,product,32,0.25,17.5,left,21,0.06367791281615538
L32_gamma2p0_g0p25_T350,product,32,0.25,17.5,left,22,0.9363220874706717
L32_gamma2p0_g0p25_T350,product,32,0.25,17.5,left,23,0.0636779132019453
L32_gamma2p0_g0p25_T350,product,32,0.25,17.5,left,24,0.9363221024103765
L32_gamma2p0_g0p25_T350,product,32,0.25,17.5,left,25,0.0636778713884804
L32_gamma2p0_g0p25_T350,product,32,0.25,17.5,left,26,0.9363227280634558
L32_gamma2p0_g0p25_T350,product,32,0.25,17.5,left,27,0.06367543783908113
L32_gamma2p0_g0p25_T350,product,32,0.25,17.5,left,28,0.9363525287544713
L32_gamma2p0_g0p25_T350,product,32,0.25,17.5,left,29,0.06348757566148747
L32_gamma2p0_g0p25_T350,product,32,0.25,17.5,left,30,0.9387042431605812
L32_gamma2p0_g0p25_T350,product,32,0.25,17.5,left,31,0.017652719329513244
L32_gamma2p0_g0p25_T400,product,32,0.25,20.0,charge_density_wave,0,0.9823472806677832
L32_gamma2p0_g0p25_T400,product,32,0.25,20.0,charge_density_wave,1,0.06129575685813266
L32_gamma2p0_g0p25_T400,product,32,0.25,20.0,charge_density_wave,2,0.9365124242940974
L32_gamma2p0_g0p25_T400,product,32,0.25,20.0,charge_density_wave,3,0.0636474713796312
L32_gamma2p0_g0p25_T400,product,32,0.25,20.0,charge_density_wave,4,0.9363245619588503
L32_gamma2p0_g0p25_T400,product,32,0.25,20.0,charge_density_wave,5,0.06367727243415894
L32_gamma2p0_g0p25_T400,product,32,0.25,20.0,charge_density_wave,6,0.9363221279964755
L32_gamma2p0_g0p25_T400,product,32,0.25,20.0,charge_density_wave,7,0.06367789885130958
L32_gamma2p0_g0p25_T400,product,32,0.25,20.0,charge_density_wave,8,0.9363220853763431
L32_gamma2p0_g0p25_T400,product,32,0.25,20.0,charge_density_wave,9,0.06367791497576973
L32_gamma2p0_g0p25_T400,product,32,0.25,20.0,charge_density_wave,10,0.9363220845569
L32_gamma2p0_g0p25_T400,product,32,0.25,20.0,charge_density_wave,11,0.06367791544314752
L32_gamma2p0_g0p25_T400,product,32,0.25,20.0,charge_density_wave,12,0.936322084541783
L32_gamma2p0_g0p25_T400,product,32,0.25,20.0,charge_density_wave,13,0.06367791545789639
L32_gamma2p0_g0p25_T400,product,32,0.25,20.0,charge_density_wave,14,0.9363220845415844
L32_gamma2p0_g0p25_T400,product,32,0.25,20.0,charge_density_wave,15,0.06367791545839527
L32_gamma2p0_g0p25_T400,product,32,0.25,20.0,charge_density_wave,16,0.9363220845416047
L32_gamma2p0_g0p25_T400,product,32,0.25,20.0,charge_density_wave,17,0.0636779154584156
L32_gamma2p0_g0p25_T400,product,32,0.25,20.0,charge_density_wave,18,0.9363220845421035
L32_gamma2p0_g0p25_T400,product,32,0.25,20.0,charge_density_wave,19,0.06367791545821692
L32_gamma2p0_g0p25_T400,product,32,0.25,20.0,charge_density_wave,20,0.9363220845568525
L32_gamma2p0_g0p25_T400,product,32,0.25,20.0,charge_density_wave,21,0.06367791544309995
L32_gamma2p0_g0p25_T400,product,32,0.25,20.0,charge_density_wave,22,0.9363220850242303
L32_gamma2p0_g0p25_T400,product,32,0.25,20.0,charge_density_wave,23,0.06367791462365709
L32_gamma2p0_g0p25_T400,product,32,0.25,20.0,charge_density_wave,24,0.9363221011486905
L32_gamma2p0_g0p25_T400,product,32,0.25,20.0,charge_density_wave,25,0.06367787200352448
L32_gamma2p0_g0p25_T400,product,32,0.25,20.0,charge_density_wave,26,0.9363227275658411
L32_gamma2p0_g0p25_T400,product,32,0.25,20.0,charge_density_wave,27,0.06367543804114975
L32_gamma2p0_g0p25_T400,product,32,0.25,20.0,charge_density_wave,28,0.9363525286203689
L32_gamma2p0_g0p25_T400,product,32,0.25,20.0,charge_density_wave,29,0.06348757570590251
L32_gamma2p0_g0p25_T400,product,32,0.25,20.0,charge_density_wave,30,0.9387042431418673
L32_gamma2p0_g0p25_T400,product,32,0.25,20.0,charge_density_wave,31,0.01765271933221679
L32_gamma2p0_g0p25_T400,product,32,0.25,20.0,left,0,0.9823472806677935
L32_gamma2p0_g0p25_T400,product,32,0.25,20.0,left,1,0.0612957568580445
L32_gamma2p0_g0p25_T400,product,32,0.25,20.0,left,2,0.936512424294265
L32_gamma2p0_g0p25_T400,product,32,0.25,20.0,left,3,0.06364747137908439
L32_gamma2p0_g0p25_T400,product,32,0.25,20.0,left,4,0.9363245619596087
L32_gamma2p0_g0p25_T400,product,32,0.25,20.0,left,5,0.06367727243228412
L32_gamma2p0_g0p25_T400,product,32,0.25,20.0,left,6,0.9363221279987847
L32_gamma2p0_g0p25_T400,product,32,0.25,20.0,left,7,0.06367789884664721
L32_gamma2p0_g0p25_T400,product,32,0.25,20.0,left,8,0.9363220853816987
L32_gamma2p0_g0p25_T400,product,32,0.25,20.0,left,9,0.06367791496669035
L32_gamma2p0_g0p25_T400,product,32,0.25,20.0,left,10,0.9363220845668446
L32_gamma2p0_g0p25_T400,product,32,0.25,20.0,left,11,0.06367791542877718
L32_gamma2p0_g0p25_T400,product,32,0.25,20.0,left,12,0.9363220845569713
L32_gamma2p0_g0p25_T400,product,32,0.25,20.0,left,13,0.06367791543901682
L32_gamma2p0_g0p25_T400,product,32,0.25,20.0,left,14,0.9363220845609654
L32_gamma2p0_g0p25_T400,product,32,0.25,20.0,left,15,0.06367791543756758
L32_gamma2p0_g0p25_T400,product,32,0.25,20.0,left,16,0.9363220845624324
L32_gamma2p0_g0p25_T400,product,32,0.25,20.0,left,17,0.06367791543903456
L32_gamma2p0_g0p25_T400,product,32,0.25,20.0,left,18,0.9363220845609832
L32_gamma2p0_g0p25_T400,product,32,0.25,20.0,left,19,0.06367791544302873
L32_gamma2p0_g0p25_T400,product,32,0.25,20.0,left,20,0.9363220845712228
L32_gamma2p0_g0p25_T400,product,32,0.25,20.0,left,21,0.06367791543315533
L32_gamma2p0_g0p25_T400,product,32,0.25,20.0,left,22,0.9363220850333096
L32_gamma2p0_g0p25_T400,product,32,0.25,20.0,left,23,0.06367791461830127
L32_gamma2p0_g0p25_T400,product,32,0.25,20.0,left,24,0.9363221011533527
L32_gamma2p0_g0p25_T400,product,32,0.25,20.0,left,25,0.0636778720012154
L32_gamma2p0_g0p25_T400,product,32,0.25,20.0,left,26,0.9363227275677158
L32_gamma2p0_g0p25_T400,product,32,0.25,20.0,left,27,0.0636754380403913
L32_gamma2p0_g0p25_T400,product,32,0.25,20.0,left,28,0.9363525286209157
L32_gamma2p0_g0p25_T400,product,32,0.25,20.0,left,29,0.06348757570573496
L32_gamma2p0_g0p25_T400,product,32,0.25,20.0,left,30,0.9387042431419554
L32_gamma2p0_g0p25_T400,product,32,0.25,20.0,left,31,0.01765271933220652
L32_gamma2p0_g0p25_T500,product,32,0.25,25.0,charge_density_wave,0,0.9823472806677832
L32_gamma2p0_g0p25_T500,product,32,0.25,25.0,charge_density_wave,1,0.06129575685813267
L32_gamma2p0_g0p25_T500,product,32,0.25,25.0,charge_density_wave,2,0.9365124242940975
L32_gamma2p0_g0p25_T500,product,32,0.25,25.0,charge_density_wave,3,0.0636474713796312
L32_gamma2p0_g0p25_T500,product,32,0.25,25.0,charge_density_wave,4,0.9363245619588503
L32_gamma2p0_g0p25_T500,product,32,0.25,25.0,charge_density_wave,5,0.06367727243415894
L32_gamma2p0_g0p25_T500,product,32,0.25,25.0,charge_density_wave,6,0.9363221279964755
L32_gamma2p0_g0p25_T500,product,32,0.25,25.0,charge_density_wave,7,0.06367789885130959
L32_gamma2p0_g0p25_T500,product,32,0.25,25.0,charge_density_wave,8,0.9363220853763428
L32_gamma2p0_g0p25_T500,product,32,0.25,25.0,charge_density_wave,9,0.06367791497576973
L32_gamma2p0_g0p25_T500,product,32,0.25,25.0,charge_density_wave,10,0.9363220845569
L32_gamma2p0_g0p25_T500,product,32,0.25,25.0,charge_density_wave,11,0.0636779154431475
L32_gamma2p0_g0p25_T500,product,32,0.25,25.0,charge_density_wave,12,0.9363220845417831
L32_gamma2p0_g0p25_T500,product,32,0.25,25.0,charge_density_wave,13,0.06367791545789639
L32_gamma2p0_g0p25_T500,product,32,0.25,25.0,charge_density_wave,14,0.9363220845415845
L32_gamma2p0_g0p25_T500,product,32,0.25,25.0,charge_density_wave,15,0.06367791545839527
L32_gamma2p0_g0p25_T500,product,32,0.25,25.0,charge_density_wave,16,0.9363220845416047
L32_gamma2p0_g0p25_T500,product,32,0.25,25.0,charge_density_wave,17,0.0636779154584156
L32_gamma2p0_g0p25_T500,product,32,0.25,25.0,charge_density_wave,18,0.9363220845421036
L32_gamma2p0_g0p25_T500,product,32,0.25,25.0,charge_density_wave,19,0.06367791545821694
L32_gamma2p0_g0p25_T500,product,32,0.25,25.0,charge_density_wave,20,0.9363220845568525
L32_gamma2p0_g0p25_T500,product,32,0.25,25.0,charge_density_wave,21,0.06367791544309995
L32_gamma2p0_g0p25_T500,product,32,0.25,25.0,charge_density_wave,22,0.9363220850242304
L32_gamma2p0_g0p25_T500,product,32,0.25,25.0,charge_density_wave,23,0.06367791462365707
L32_gamma2p0_g0p25_T500,product,32,0.25,25.0,charge_density_wave,24,0.9363221011486904
L32_gamma2p0_g0p25_T500,product,32,0.25,25.0,charge_density_wave,25,0.06367787200352448
L32_gamma2p0_g0p25_T500,product,32,0.25,25.0,charge_density_wave,26,0.936322727565841
L32_gamma2p0_g0p25_T500,product,32,0.25,25.0,charge_density_wave,27,0.06367543804114977
L32_gamma2p0_g0p25_T500,product,32,0.25,25.0,charge_density_wave,28,0.9363525286203687
L32_gamma2p0_g0p25_T500,product,32,0.25,25.0,charge_density_wave,29,0.06348757570590251
L32_gamma2p0_g0p25_T500,product,32,0.25,25.0,charge_density_wave,30,0.9387042431418673
L32_gamma2p0_g0p25_T500,product,32,0.25,25.0,charge_density_wave,31,0.01765271933221679
L32_gamma2p0_g0p25_T500,product,32,0.25,25.0,left,0,0.9823472806677833
L32_gamma2p0_g0p25_T500,product,32,0.25,25.0,left,1,0.06129575685813266
L32_gamma2p0_g0p25_T500,product,32,0.25,25.0,left,2,0.9365124242940974
L32_gamma2p0_g0p25_T500,product,32,0.25,25.0,left,3,0.0636474713796312
L32_gamma2p0_g0p25_T500,product,32,0.25,25.0,left,4,0.9363245619588503
L32_gamma2p0_g0p25_T500,product,32,0.25,25.0,left,5,0.06367727243415891
L32_gamma2p0_g0p25_T500,product,32,0.25,25.0,left,6,0.9363221279964755
L32_gamma2p0_g0p25_T500,product,32,0.25,25.0,left,7,0.06367789885130955
L32_gamma2p0_g0p25_T500,product,32,0.25,25.0,left,8,0.9363220853763429
L32_gamma2p0_g0p25_T500,product,32,0.25,25.0,left,9,0.06367791497576966
L32_gamma2p0_g0p25_T500,product,32,0.25,25.0,left,10,0.9363220845569001
L32_gamma2p0_g0p25_T500,product,32,0.25,25.0,left,11,0.06367791544314741
L32_gamma2p0_g0p25_T500,product,32,0.25,25.0,left,12,0.936322084541783
L32_gamma2p0_g0p25_T500,product,32,0.25,25.0,left,13,0.06367791545789625
L32_gamma2p0_g0p25_T500,product,32,0.25,25.0,left,14,0.9363220845415845
L32_gamma2p0_g0p25_T500,product,32,0.25,25.0,left,15,0.0636779154583951
L32_gamma2p0_g0p25_T500,product,32,0.25,25.0,left,16,0.9363220845416049
L32_gamma2p0_g0p25_T500,product,32,0.25,25.0,left,17,0.06367791545841546
L32_gamma2p0_g0p25_T500,product,32,0.25,25.0,left,18,0.9363220845421037
L32_gamma2p0_g0p25_T500,product,32,0.25,25.0,left,19,0.06367791545821683
L32_gamma2p0_g0p25_T500,product,32,0.25,25.0,left,20,0.9363220845568526
L32_gamma2p0_g0p25_T500,product,32,0.25,25.0,left,21,0.06367791544309988
L32_gamma2p0_g0p25_T500,product,32,0.25,25.0,left,22,0.9363220850242304
L32_gamma2p0_g0p25_T500,product,32,0.25,25.0,left,23,0.06367791462365704
L32_gamma2p0_g0p25_T500,product,32,0.25,25.0,left,24,0.9363221011486904
L32_gamma2p0_g0p25_T500,product,32,0.25,25.0,left,25,0.06367787200352447
L32_gamma2p0_g0p25_T500,product,32,0.25,25.0,left,26,0.9363227275658411
L32_gamma2p0_g0p25_T500,product,32,0.25,25.0,left,27,0.06367543804114975
L32_gamma2p0_g0p25_T500,product,32,0.25,25.0,left,28,0.9363525286203689
L32_gamma2p0_g0p25_T500,product,32,0.25,25.0,left,29,0.06348757570590252
L32_gamma2p0_g0p25_T500,product,32,0.25,25.0,left,30,0.9387042431418675
L32_gamma2p0_g0p25_T500,product,32,0.25,25.0,left,31,0.017652719332216786
L40_gamma2p0_g0p05_T200,product,40,0.05,10.0,charge_density_wave,0,0.982734664427861
L40_gamma2p0_g0p05_T200,product,40,0.05,10.0,charge_density_wave,1,0.0810454444582393
L40_gamma2p0_g0p05_T200,product,40,0.05,10.0,charge_density_wave,2,0.9172926730135833
L40_gamma2p0_g0p05_T200,product,40,0.05,10.0,charge_density_wave,3,0.08295187587340022
L40_gamma2p0_g0p05_T200,product,40,0.05,10.0,charge_density_wave,4,0.9170303618445107
L40_gamma2p0_g0p05_T200,product,40,0.05,10.0,charge_density_wave,5,0.08297314407195139
L40_gamma2p0_g0p05_T200,product,40,0.05,10.0,charge_density_wave,6,0.9170265247650591
L40_gamma2p0_g0p05_T200,product,40,0.05,10.0,charge_density_wave,7,0.08297354492042516
L40_gamma2p0_g0p05_T200,product,40,0.05,10.0,charge_density_wave,8,0.9170264475016202
L40_gamma2p0_g0p05_T200,product,40,0.05,10.0,charge_density_wave,9,0.0829735541095431
L40_gamma2p0_g0p05_T200,product,40,0.05,10.0,charge_density_wave,10,0.9170264456974545
L40_gamma2p0_g0p05_T200,product,40,0.05,10.0,charge_density_wave,11,0.08297355434319542
L40_gamma2p0_g0p05_T200,product,40,0.05,10.0,charge_density_wave,12,0.9170264456515546
L40_gamma2p0_g0p05_T200,product,40,0.05,10.0,charge_density_wave,13,0.08297355434953113
L40_gamma2p0_g0p05_T200,product,40,0.05,10.0,charge_density_wave,14,0.9170264456503195
L40_gamma2p0_g0p05_T200,product,40,0.05,10.0,charge_density_wave,15,0.08297355434971064
L40_gamma2p0_g0p05_T200,product,40,0.05,10.0,charge_density_wave,16,0.917026445650285
L40_gamma2p0_g0p05_T200,product,40,0.05,10.0,charge_density_wave,17,0.08297355434971589
L40_gamma2p0_g0p05_T200,product,40,0.05,10.0,charge_density_wave,18,0.9170264456502841
L40_gamma2p0_g0p05_T200,product,40,0.05,10.0,charge_density_wave,19,0.08297355434971604
L40_gamma2p0_g0p05_T200,product,40,0.05,10.0,charge_density_wave,20,0.917026445650284
L40_gamma2p0_g0p05_T200,product,40,0.05,10.0,charge_density_wave,21,0.08297355434971602
L40_gamma2p0_g0p05_T200,product,40,0.05,10.0,charge_density_wave,22,0.917026445650284
L40_gamma2p0_g0p05_T200,product,40,0.05,10.0,charge_density_wave,23,0.08297355434971501
L40_gamma2p0_g0p05_T200,product,40,0.05,10.0,charge_density_wave,24,0.9170264456502892
L40_gamma2p0_g0p05_T200,product,40,0.05,10.0,charge_density_wave,25,0.08297355434968046
L40_gamma2p0_g0p05_T200,product,40,0.05,10.0,charge_density_wave,26,0.9170264456504689
L40_gamma2p0_g0p05_T200,product,40,0.05,10.0,charge_density_wave,27,0.08297355434844558
L40_gamma2p0_g0p05_T200,product,40,0.05,10.0,charge_density_wave,28,0.9170264456568048
L40_gamma2p0_g0p05_T200,product,40,0.05,10.0,charge_density_wave,29,0.08297355430254559
L40_gamma2p0_g0p05_T200,product,40,0.05,10.0,charge_density_wave,30,0.9170264458904569
L40_gamma2p0_g0p05_T200,product,40,0.05,10.0,charge_density_wave,31,0.08297355249837986
L40_gamma2p0_g0p05_T200,product,40,0.05,10.0,charge_density_wave,32,0.9170264550795749
L40_gamma2p0_g0p05_T200,product,40,0.05,10.0,charge_density_wave,33,0.08297347523494092
L40_gamma2p0_g0p05_T200,product,40,0.05,10.0,charge_density_wave,34,0.9170268559280488
L40_gamma2p0_g0p05_T200,product,40,0.05,10.0,charge_density_wave,35,0.0829696381554895
L40_gamma2p0_g0p05_T200,product,40,0.05,10.0,charge_density_wave,36,0.9170481241265998
L40_gamma2p0_g0p05_T200,product,40,0.05,10.0,charge_density_wave,37,0.08270732698641677
L40_gamma2p0_g0p05_T200,product,40,0.05,10.0,charge_density_wave,38,0.9189545555417605
L40_gamma2p0_g0p05_T200,product,40,0.05,10.0,charge_density_wave,39,0.01726533557213911
L40_gamma2p0_g0p05_T200,product,40,0.05,10.0,left,0,0.999992068103371
L40_gamma2p0_g0p05_T200,product,40,0.05,10.0,left,1,0.999408270801906
L40_gamma2p0_g0p05_T200,product,40,0.05,10.0,left,2,0.9999324840862379
L40_gamma2p0_g0p05_T200,product,40,0.05,10.0,left,3,0.9873250707191731
L40_gamma2p0_g0p05_T200,product,40,0.05,10.0,left,4,0.9996437692420862
L40_gamma2p0_g0p05_T200,product,40,0.05,10.0,left,5,0.8750395389374344
L40_gamma2p0_g0p05_T200,product,40,0.05,10.0,left,6,0.9995899120361096
L40_gamma2p0_g0p05_T200,product,40,0.05,10.0,left,7,0.5451705845872062
L40_gamma2p0_g0p05_T200,product,40,0.05,10.0,left,8,0.9866893746848469
L40_gamma2p0_g0p05_T200,product,40,0.05,10.0,left,9,0.48097160601539846
L40_gamma2p0_g0p05_T200,product,40,0.05,10.0,left,10,0.9696246033617745
L40_gamma2p0_g0p05_T200,product,40,0.05,10.0,left,11,0.22934087210886756
L40_gamma2p0_g0p05_T200,product,40,0.05,10.0,left,12,0.9350816286000243
L40_gamma2p0_g0p05_T200,product,40,0.05,10.0,left,13,0.1122985147555363
L40_gamma2p0_g0p05_T200,product,40,0.05,10.0,left,14,0.9206033983637717
L40_gamma2p0_g0p05_T200,product,40,0.05,10.0,left,15,0.08681593045545331
L40_gamma2p0_g0p05_T200,product,40,0.05,10.0,left,16,0.9175356009614228
L40_gamma2p0_g0p05_T200,product,40,0.05,10.0,left,17,0.08329509483830357
L40_gamma2p0_g0p05_T200,product,40,0.05,10.0,left,18,0.9171232103996547
L40_gamma2p0_g0p05_T200,product,40,0.05,10.0,left,19,0.0829390831820924
L40_gamma2p0_g0p05_T200,product,40,0.05,10.0,left,20,0.9170609168179076
L40_gamma2p0_g0p05_T200,product,40,0.05,10.0,left,21,0.08287678960034525
L40_gamma2p0_g0p05_T200,product,40,0.05,10.0,left,22,0.9167049051616963
L40_gamma2p0_g0p05_T200,product,40,0.05,10.0,left,23,0.08246439903857718
L40_gamma2p0_g0p05_T200,product,40,0.05,10.0,left,24,0.9131840695445468
L40_gamma2p0_g0p05_T200,product,40,0.05,10.0,left,25,0.0793966016362282
L40_gamma2p0_g0p05_T200,product,40,0.05,10.0,left,26,0.8877014852444638
L40_gamma2p0_g0p05_T200,product,40,0.05,10.0,left,27,0.06491837139997578
L40_gamma2p0_g0p05_T200,product,40,0.05,10.0,left,28,0.7706591278911326
L40_gamma2p0_g0p05_T200,product,40,0.05,10.0,left,29,0.03037539663822547
L40_gamma2p0_g0p05_T200,product,40,0.05,10.0,left,30,0.5190283939846015
L40_gamma2p0_g0p05_T200,product,40,0.05,10.0,left,31,0.013310625315153118
L40_gamma2p0_g0p05_T200,product,40,0.05,10.0,left,32,0.4548294154127939
L40_gamma2p0_g0p05_T200,product,40,0.05,10.0,left,33,0.0004100879638903282
L40_gamma2p0_g0p05_T200,product,40,0.05,10.0,left,34,0.12496046106256573
L40_gamma2p0_g0p05_T200,product,40,0.05,10.0,left,35,0.0003562307579136745
L40_gamma2p0_g0p05_T200,product,40,0.05,10.0,left,36,0.012674929280827057
L40_gamma2p0_g0p05_T200,product,40,0.05,10.0,left,37,6.75159137620415e-05
L40_gamma2p0_g0p05_T200,product,40,0.05,10.0,left,38,0.0005917291980939647
L40_gamma2p0_g0p05_T200,product,40,0.05,10.0,left,39,7.931896629066588e-06
L40_gamma2p0_g0p05_T300,product,40,0.05,15.0,charge_density_wave,0,0.9827346644278575
L40_gamma2p0_g0p05_T300,product,40,0.05,15.0,charge_density_wave,1,0.08104544445826367
L40_gamma2p0_g0p05_T300,product,40,0.05,15.0,charge_density_wave,2,0.9172926730135428
L40_gamma2p0_g0p05_T300,product,40,0.05,15.0,charge_density_wave,3,0.08295187587346721
L40_gamma2p0_g0p05_T300,product,40,0.05,15.0,charge_density_wave,4,0.9170303618444319
L40_gamma2p0_g0p05_T300,product,40,0.05,15.0,charge_density_wave,5,0.08297314407204295
L40_gamma2p0_g0p05_T300,product,40,0.05,15.0,charge_density_wave,6,0.9170265247649632
L40_gamma2p0_g0p05_T300,product,40,0.05,15.0,charge_density_wave,7,0.08297354492052471
L40_gamma2p0_g0p05_T300,product,40,0.05,15.0,charge_density_wave,8,0.9170264475015197
L40_gamma2p0_g0p05_T300,product,40,0.05,15.0,charge_density_wave,9,0.08297355410964437
L40_gamma2p0_g0p05_T300,product,40,0.05,15.0,charge_density_wave,10,0.9170264456973531
L40_gamma2p0_g0p05_T300,product,40,0.05,15.0,charge_density_wave,11,0.08297355434329694
L40_gamma2p0_g0p05_T300,product,40,0.05,15.0,charge_density_wave,12,0.9170264456514529
L40_gamma2p0_g0p05_T300,product,40,0.05,15.0,charge_density_wave,13,0.0829735543496327
L40_gamma2p0_g0p05_T300,product,40,0.05,15.0,charge_density_wave,14,0.917026445650218
L40_gamma2p0_g0p05_T300,product,40,0.05,15.0,charge_density_wave,15,0.08297355434981218
L40_gamma2p0_g0p05_T300,product,40,0.05,15.0,charge_density_wave,16,0.9170264456501833
L40_gamma2p0_g0p05_T300,product,40,0.05,15.0,charge_density_wave,17,0.08297355434981746
L40_gamma2p0_g0p05_T300,product,40,0.05,15.0,charge_density_wave,18,0.9170264456501824
L40_gamma2p0_g0p05_T300,product,40,0.05,15.0,charge_density_wave,19,0.0829735543498176
L40_gamma2p0_g0p05_T300,product,40,0.05,15.0,charge_density_wave,20,0.9170264456501823
L40_gamma2p0_g0p05_T300,product,40,0.05,15.0,charge_density_wave,21,0.08297355434981757
L40_gamma2p0_g0p05_T300,product,40,0.05,15.0,charge_density_wave,22,0.9170264456501827
L40_gamma2p0_g0p05_T300,product,40,0.05,15.0,charge_density_wave,23,0.08297355434981658
L40_gamma2p0_g0p05_T300,product,40,0.05,15.0,charge_density_wave,24,0.9170264456501879
L40_gamma2p0_g0p05_T300,product,40,0.05,15.0,charge_density_wave,25,0.08297355434978204
L40_gamma2p0_g0p05_T300,product,40,0.05,15.0,charge_density_wave,26,0.9170264456503674
L40_gamma2p0_g0p05_T300,product,40,0.05,15.0,charge_density_wave,27,0.08297355434854713
L40_gamma2p0_g0p05_T300,product,40,0.05,15.0,charge_density_wave,28,0.9170264456567029
L40_gamma2p0_g0p05_T300,product,40,0.05,15.0,charge_density_wave,29,0.08297355430264701
L40_gamma2p0_g0p05_T300,product,40,0.05,15.0,charge_density_wave,30,0.9170264458903556
L40_gamma2p0_g0p05_T300,product,40,0.05,15.0,charge_density_wave,31,0.08297355249848043
L40_gamma2p0_g0p05_T300,product,40,0.05,15.0,charge_density_wave,32,0.9170264550794753
L40_gamma2p0_g0p05_T300,product,40,0.05,15.0,charge_density_wave,33,0.08297347523503676
L40_gamma2p0_g0p05_T300,product,40,0.05,15.0,charge_density_wave,34,0.9170268559279571
L40_gamma2p0_g0p05_T300,product,40,0.05,15.0,charge_density_wave,35,0.0829696381555681
L40_gamma2p0_g0p05_T300,product,40,0.05,15.0,charge_density_wave,36,0.9170481241265329
L40_gamma2p0_g0p05_T300,product,40,0.05,15.0,charge_density_wave,37,0.08270732698645725
L40_gamma2p0_g0p05_T300,product,40,0.05,15.0,charge_density_wave,38,0.9189545555417362
L40_gamma2p0_g0p05_T300,product,40,0.05,15.0,charge_density_wave,39,0.017265335572142427
L40_gamma2p0_g0p05_T300,product,40,0.05,15.0,left,0,0.9936435503633378
L40_gamma2p0_g0p05_T300,product,40,0.05,15.0,left,1,0.6288942283345935
L40_gamma2p0_g0p05_T300,product,40,0.05,15.0,left,2,0.9932230789804785
L40_gamma2p0_g0p05_T300,product,40,0.05,15.0,left,3,0.45914777144138436
L40_gamma2p0_g0p05_T300,product,40,0.05,15.0,left,4,0.9723661726477154
L40_gamma2p0_g0p05_T300,product,40,0.05,15.0,left,5,0.4353611992707834
L40_gamma2p0_g0p05_T300,product,40,0.05,15.0,left,6,0.9743972924596177
L40_gamma2p0_g0p05_T300,product,40,0.05,15.0,left,7,0.3612671949784698
L40_gamma2p0_g0p05_T300,product,40,0.05,15.0,left,8,0.9557198880301713
L40_gamma2p0_g0p05_T300,product,40,0.05,15.0,left,9,0.1895528433701003
L40_gamma2p0_g0p05_T300,product,40,0.05,15.0,left,10,0.9307350938115748
L40_gamma2p0_g0p05_T300,product,40,0.05,15.0,left,11,0.1070276823641912
L40_gamma2p0_g0p05_T300,product,40,0.05,15.0,left,12,0.9200339460393812
L40_gamma2p0_g0p05_T300,product,40,0.05,15.0,left,13,0.08668922116148745
L40_gamma2p0_g0p05_T300,product,40,0.05,15.0,left,14,0.9174899818362493
L40_gamma2p0_g0p05_T300,product,40,0.05,15.0,left,15,0.08340495485777193
L40_gamma2p0_g0p05_T300,product,40,0.05,15.0,left,16,0.9170815998507659
L40_gamma2p0_g0p05_T300,product,40,0.05,15.0,left,17,0.08301286651618218
L40_gamma2p0_g0p05_T300,product,40,0.05,15.0,left,18,0.9170323820369368
L40_gamma2p0_g0p05_T300,product,40,0.05,15.0,left,19,0.08297522865078252
L40_gamma2p0_g0p05_T300,product,40,0.05,15.0,left,20,0.9170247713492173
L40_gamma2p0_g0p05_T300,product,40,0.05,15.0,left,21,0.08296761796306316
L40_gamma2p0_g0p05_T300,product,40,0.05,15.0,left,22,0.9169871334838179
L40_gamma2p0_g0p05_T300,product,40,0.05,15.0,left,23,0.08291840014923423
L40_gamma2p0_g0p05_T300,product,40,0.05,15.0,left,24,0.9165950451422281
L40_gamma2p0_g0p05_T300,product,40,0.05,15.0,left,25,0.08251001816375059
L40_gamma2p0_g0p05_T300,product,40,0.05,15.0,left,26,0.9133107788385126
L40_gamma2p0_g0p05_T300,product,40,0.05,15.0,left,27,0.07996605396061879
L40_gamma2p0_g0p05_T300,product,40,0.05,15.0,left,28,0.8929723176358089
L40_gamma2p0_g0p05_T300,product,40,0.05,15.0,left,29,0.06926490618842518
L40_gamma2p0_g0p05_T300,product,40,0.05,15.0,left,30,0.8104471566298996
L40_gamma2p0_g0p05_T300,product,40,0.05,15.0,left,31,0.04428011196982876
L40_gamma2p0_g0p05_T300,product,40,0.05,15.0,left,32,0.6387328050215302
L40_gamma2p0_g0p05_T300,product,40,0.05,15.0,left,33,0.025602707540382266
L40_gamma2p0_g0p05_T300,product,40,0.05,15.0,left,34,0.5646388007292166
L40_gamma2p0_g0p05_T300,product,40,0.05,15.0,left,35,0.027633827352284836
L40_gamma2p0_g0p05_T300,product,40,0.05,15.0,left,36,0.5408522285586156
L40_gamma2p0_g0p05_T300,product,40,0.05,15.0,left,37,0.006776921019521445
L40_gamma2p0_g0p05_T300,product,40,0.05,15.0,left,38,0.3711057716654066
L40_gamma2p0_g0p05_T300,product,40,0.05,15.0,left,39,0.006356449636662189
L40_gamma2p0_g0p05_T400,product,40,0.05,20.0,charge_density_wave,0,0.9827346644278575
L40_gamma2p0_g0p05_T400,product,40,0.05,20.0,charge_density_wave,1,0.08104544445826369
L40_gamma2p0_g0p05_T400,product,40,0.05,20.0,charge_density_wave,2,0.9172926730135428
L40_gamma2p0_g0p05_T400,product,40,0.05,20.0,charge_density_wave,3,0.08295187587346721
L40_gamma2p0_g0p05_T400,product,40,0.05,20.0,charge_density_wave,4,0.9170303618444318
L40_gamma2p0_g0p05_T400,product,40,0.05,20.0,charge_density_wave,5,0.08297314407204298
L40_gamma2p0_g0p05_T400,product,40,0.05,20.0,charge_density_wave,6,0.9170265247649632
L40_gamma2p0_g0p05_T400,product,40,0.05,20.0,charge_density_wave,7,0.08297354492052472
L40_gamma2p0_g0p05_T400,product,40,0.05,20.0,charge_density_wave,8,0.9170264475015196
L40_gamma2p0_g0p05_T400,product,40,0.05,20.0,charge_density_wave,9,0.08297355410964438
L40_gamma2p0_g0p05_T400,product,40,0.05,20.0,charge_density_wave,10,0.9170264456973529
L40_gamma2p0_g0p05_T400,product,40,0.05,20.0,charge_density_wave,11,0.08297355434329695
L40_gamma2p0_g0p05_T400,product,40,0.05,20.0,charge_density_wave,12,0.917026445651453
L40_gamma2p0_g0p05_T400,product,40,0.05,20.0,charge_density_wave,13,0.0829735543496327
L40_gamma2p0_g0p05_T400,product,40,0.05,20.0,charge_density_wave,14,0.917026445650218
L40_gamma2p0_g0p05_T400,product,40,0.05,20.0,charge_density_wave,15,0.0829735543498122
L40_gamma2p0_g0p05_T400,product,40,0.05,20.0,charge_density_wave,16,0.9170264456501835
L40_gamma2p0_g0p05_T400,product,40,0.05,20.0,charge_density_wave,17,0.08297355434981746
L40_gamma2p0_g0p05_T400,product,40,0.05,20.0,charge_density_wave,18,0.9170264456501825
L40_gamma2p0_g0p05_T400,product,40,0.05,20.0,charge_density_wave,19,0.0829735543498176
L40_gamma2p0_g0p05_T400,product,40,0.05,20.0,charge_density_wave,20,0.9170264456501824
L40_gamma2p0_g0p05_T400,product,40,0.05,20.0,charge_density_wave,21,0.08297355434981758
L40_gamma2p0_g0p05_T400,product,40,0.05,20.0,charge_density_wave,22,0.9170264456501825
L40_gamma2p0_g0p05_T400,product,40,0.05,20.0,charge_density_wave,23,0.0829735543498166
L40_gamma2p0_g0p05_T400,product,40,0.05,20.0,charge_density_wave,24,0.9170264456501878
L40_gamma2p0_g0p05_T400,product,40,0.05,20.0,charge_density_wave,25,0.08297355434978204
L40_gamma2p0_g0p05_T400,product,40,0.05,20.0,charge_density_wave,26,0.9170264456503673
L40_gamma2p0_g0p05_T400,product,40,0.05,20.0,charge_density_wave,27,0.08297355434854713
L40_gamma2p0_g0p05_T400,product,40,0.05,20.0,charge_density_wave,28,0.917026445656703
L40_gamma2p0_g0p05_T400,product,40,0.05,20.0,charge_density_wave,29,0.082973554302647
L40_gamma2p0_g0p05_T400,product,40,0.05,20.0,charge_density_wave,30,0.9170264458903558
L40_gamma2p0_g0p05_T400,product,40,0.05,20.0,charge_density_wave,31,0.08297355249848042
L40_gamma2p0_g0p05_T400,product,40,0.05,20.0,charge_density_wave,32,0.9170264550794753
L40_gamma2p0_g0p05_T400,product,40,0.05,20.0,charge_density_wave,33,0.08297347523503679
L40_gamma2p0_g0p05_T400,product,40,0.05,20.0,charge_density_wave,34,0.9170268559279571
L40_gamma2p0_g0p05_T400,product,40,0.05,20.0,charge_density_wave,35,0.08296963815556811
L40_gamma2p0_g0p05_T400,product,40,0.05,20.0,charge_density_wave,36,0.9170481241265327
L40_gamma2p0_g0p05_T400,product,40,0.05,20.0,charge_density_wave,37,0.08270732698645725
L40_gamma2p0_g0p05_T400,product,40,0.05,20.0,charge_density_wave,38,0.9189545555417364
L40_gamma2p0_g0p05_T400,product,40,0.05,20.0,charge_density_wave,39,0.017265335572142423
L40_gamma2p0_g0p05_T400,product,40,0.05,20.0,left,0,0.9827348173856539
L40_gamma2p0_g0p05_T400,product,40,0.05,20.0,left,1,0.08105252663938006
L40_gamma2p0_g0p05_T400,product,40,0.05,20.0,left,2,0.9172944293524332
L40_gamma2p0_g0p05_T400,product,40,0.05,20.0,left,3,0.08296743891019863
L40_gamma2p0_g0p05_T400,product,40,0.05,20.0,left,4,0.9170330539840416
L40_gamma2p0_g0p05_T400,product,40,0.05,20.0,left,5,0.0829861199933986
L40_gamma2p0_g0p05_T400,product,40,0.05,20.0,left,6,0.9170284577510689
L40_gamma2p0_g0p05_T400,product,40,0.05,20.0,left,7,0.082979696486263
L40_gamma2p0_g0p05_T400,product,40,0.05,20.0,left,8,0.9170272959727787
L40_gamma2p0_g0p05_T400,product,40,0.05,20.0,left,9,0.08297549924324793
L40_gamma2p0_g0p05_T400,product,40,0.05,20.0,left,10,0.9170267054786494
L40_gamma2p0_g0p05_T400,product,40,0.05,20.0,left,11,0.08297399999427763
L40_gamma2p0_g0p05_T400,product,40,0.05,20.0,left,12,0.9170265092693837
L40_gamma2p0_g0p05_T400,product,40,0.05,20.0,left,13,0.08297362666947866
L40_gamma2p0_g0p05_T400,product,40,0.05,20.0,left,14,0.9170264647588803
L40_gamma2p0_g0p05_T400,product,40,0.05,20.0,left,15,0.0829735539027391
L40_gamma2p0_g0p05_T400,product,40,0.05,20.0,left,16,0.9170264592875793
L40_gamma2p0_g0p05_T400,product,40,0.05,20.0,left,17,0.08297354094075382
L40_gamma2p0_g0p05_T400,product,40,0.05,20.0,left,18,0.9170264605544077
L40_gamma2p0_g0p05_T400,product,40,0.05,20.0,left,19,0.08297353872281381
L40_gamma2p0_g0p05_T400,product,40,0.05,20.0,left,20,0.9170264612771861
L40_gamma2p0_g0p05_T400,product,40,0.05,20.0,left,21,0.08297353944559217
L40_gamma2p0_g0p05_T400,product,40,0.05,20.0,left,22,0.9170264590592462
L40_gamma2p0_g0p05_T400,product,40,0.05,20.0,left,23,0.0829735407124206
L40_gamma2p0_g0p05_T400,product,40,0.05,20.0,left,24,0.9170264460972609
L40_gamma2p0_g0p05_T400,product,40,0.05,20.0,left,25,0.08297353524111985
L40_gamma2p0_g0p05_T400,product,40,0.05,20.0,left,26,0.9170263733305214
L40_gamma2p0_g0p05_T400,product,40,0.05,20.0,left,27,0.08297349073061633
L40_gamma2p0_g0p05_T400,product,40,0.05,20.0,left,28,0.9170260000057224
L40_gamma2p0_g0p05_T400,product,40,0.05,20.0,left,29,0.08297329452135072
L40_gamma2p0_g0p05_T400,product,40,0.05,20.0,left,30,0.917024500756752
L40_gamma2p0_g0p05_T400,product,40,0.05,20.0,left,31,0.08297270402722148
L40_gamma2p0_g0p05_T400,product,40,0.05,20.0,left,32,0.9170203035137369
L40_gamma2p0_g0p05_T400,product,40,0.05,20.0,left,33,0.08297154224893111
L40_gamma2p0_g0p05_T400,product,40,0.05,20.0,left,34,0.9170138800066013
L40_gamma2p0_g0p05_T400,product,40,0.05,20.0,left,35,0.08296694601595858
L40_gamma2p0_g0p05_T400,product,40,0.05,20.0,left,36,0.9170325610898014
L40_gamma2p0_g0p05_T400,product,40,0.05,20.0,left,37,0.08270557064756685
L40_gamma2p0_g0p05_T400,product,40,0.05,20.0,left,38,0.9189474733606198
L40_gamma2p0_g0p05_T400,product,40,0.05,20.0,left,39,0.017265182614346168
L40_gamma2p0_g0p05_T500,product,40,0.05,25.0,charge_density_wave,0,0.9827346644278576
L40_gamma2p0_g0p05_T500,product,40,0.05,25.0,charge_density_wave,1,0.0810454444582637
L40_gamma2p0_g0p05_T500,product,40,0.05,25.0,charge_density_wave,2,0.917292673013543
L40_gamma2p0_g0p05_T500,product,40,0.05,25.0,charge_density_wave,3,0.08295187587346718
L40_gamma2p0_g0p05_T500,product,40,0.05,25.0,charge_density_wave,4,0.9170303618444319
L40_gamma2p0_g0p05_T500,product,40,0.05,25.0,charge_density_wave,5,0.08297314407204297
L40_gamma2p0_g0p05_T500,product,40,0.05,25.0,charge_density_wave,6,0.9170265247649633
L40_gamma2p0_g0p05_T500,product,40,0.05,25.0,charge_density_wave,7,0.08297354492052472
L40_gamma2p0_g0p05_T500,product,40,0.05,25.0,charge_density_wave,8,0.9170264475015197
L40_gamma2p0_g0p05_T500,product,40,0.05,25.0,charge_density_wave,9,0.08297355410964438
L40_gamma2p0_g0p05_T500,product,40,0.05,25.0,charge_density_wave,10,0.917026445697353
L40_gamma2p0_g0p05_T500,product,40,0.05,25.0,charge_density_wave,11,0.08297355434329694
L40_gamma2p0_g0p05_T500,product,40,0.05,25.0,charge_density_wave,12,0.9170264456514529
L40_gamma2p0_g0p05_T500,product,40,0.05,25.0,charge_density_wave,13,0.08297355434963269
L40_gamma2p0_g0p05_T500,product,40,0.05,25.0,charge_density_wave,14,0.917026445650218
L40_gamma2p0_g0p05_T500,product,40,0.05,25.0,charge_density_wave,15,0.08297355434981221
L40_gamma2p0_g0p05_T500,product,40,0.05,25.0,charge_density_wave,16,0.9170264456501833
L40_gamma2p0_g0p05_T500,product,40,0.05,25.0,charge_density_wave,17,0.08297355434981746
L40_gamma2p0_g0p05_T500,product,40,0.05,25.0,charge_density_wave,18,0.9170264456501823
L40_gamma2p0_g0p05_T500,product,40,0.05,25.0,charge_density_wave,19,0.0829735543498176
L40_gamma2p0_g0p05_T500,product,40,0.05,25.0,charge_density_wave,20,0.9170264456501823
L40_gamma2p0_g0p05_T500,product,40,0.05,25.0,charge_density_wave,21,0.08297355434981757
L40_gamma2p0_g0p05_T500,product,40,0.05,25.0,charge_density_wave,22,0.9170264456501825
L40_gamma2p0_g0p05_T500,product,40,0.05,25.0,charge_density_wave,23,0.08297355434981658
L40_gamma2p0_g0p05_T500,product,40,0.05,25.0,charge_density_wave,24,0.9170264456501878
L40_gamma2p0_g0p05_T500,product,40,0.05,25.0,charge_density_wave,25,0.08297355434978204
L40_gamma2p0_g0p05_T500,product,40,0.05,25.0,charge_density_wave,26,0.9170264456503672
L40_gamma2p0_g0p05_T500,product,40,0.05,25.0,charge_density_wave,27,0.08297355434854713
L40_gamma2p0_g0p05_T500,product,40,0.05,25.0,charge_density_wave,28,0.917026445656703
L40_gamma2p0_g0p05_T500,product,40,0.05,25.0,charge_density_wave,29,0.082973554302647
L40_gamma2p0_g0p05_T500,product,40,0.05,25.0,charge_density_wave,30,0.9170264458903556
L40_gamma2p0_g0p05_T500,product,40,0.05,25.0,charge_density_wave,31,0.08297355249848043
L40_gamma2p0_g0p05_T500,product,40,0.05,25.0,charge_density_wave,32,0.9170264550794753
L40_gamma2p0_g0p05_T500,product,40,0.05,25.0,charge_density_wave,33,0.08297347523503677
L40_gamma2p0_g0p05_T500,product,40,0.05,25.0,charge_density_wave,34,0.9170268559279571
L40_gamma2p0_g0p05_T500,product,40,0.05,25.0,charge_density_wave,35,0.0829696381555681
L40_gamma2p0_g0p05_T500,product,40,0.05,25.0,charge_density_wave,36,0.9170481241265328
L40_gamma2p0_g0p05_T500,product,40,0.05,25.0,charge_density_wave,37,0.08270732698645723
L40_gamma2p0_g0p05_T500,product,40,0.05,25.0,charge_density_wave,38,0.9189545555417363
L40_gamma2p0_g0p05_T500,product,40,0.05,25.0,charge_density_wave,39,0.017265335572142427
L40_gamma2p0_g0p05_T500,product,40,0.05,25.0,left,0,0.9827346644278576
L40_gamma2p0_g0p05_T500,product,40,0.05,25.0,left,1,0.08104544445826334
L40_gamma2p0_g0p05_T500,product,40,0.05,25.0,left,2,0.917292673013543
L40_gamma2p0_g0p05_T500,product,40,0.05,25.0,left,3,0.08295187587346502
L40_gamma2p0_g0p05_T500,product,40,0.05,25.0,left,4,0.9170303618444344
L40_gamma2p0_g0p05_T500,product,40,0.05,25.0,left,5,0.08297314407203456
L40_gamma2p0_g0p05_T500,product,40,0.05,25.0,left,6,0.9170265247649726
L40_gamma2p0_g0p05_T500,product,40,0.05,25.0,left,7,0.08297354492050057
L40_gamma2p0_g0p05_T500,product,40,0.05,25.0,left,8,0.9170264475015452
L40_gamma2p0_g0p05_T500,product,40,0.05,25.0,left,9,0.08297355410958854
L40_gamma2p0_g0p05_T500,product,40,0.05,25.0,left,10,0.9170264456974111
L40_gamma2p0_g0p05_T500,product,40,0.05,25.0,left,11,0.08297355434318959
L40_gamma2p0_g0p05_T500,product,40,0.05,25.0,left,12,0.9170264456515625
L40_gamma2p0_g0p05_T500,product,40,0.05,25.0,left,13,0.08297355434945722
L40_gamma2p0_g0p05_T500,product,40,0.05,25.0,left,14,0.9170264456503955
L40_gamma2p0_g0p05_T500,product,40,0.05,25.0,left,15,0.08297355434956502
L40_gamma2p0_g0p05_T500,product,40,0.05,25.0,left,16,0.9170264456504321
L40_gamma2p0_g0p05_T500,product,40,0.05,25.0,left,17,0.08297355434951476
L40_gamma2p0_g0p05_T500,product,40,0.05,25.0,left,18,0.9170264456504859
L40_gamma2p0_g0p05_T500,product,40,0.05,25.0,left,19,0.08297355434949373
L40_gamma2p0_g0p05_T500,product,40,0.05,25.0,left,20,0.9170264456505063
L40_gamma2p0_g0p05_T500,product,40,0.05,25.0,left,21,0.08297355434951414
L40_gamma2p0_g0p05_T500,product,40,0.05,25.0,left,22,0.9170264456504853
L40_gamma2p0_g0p05_T500,product,40,0.05,25.0,left,23,0.0829735543495679
L40_gamma2p0_g0p05_T500,product,40,0.05,25.0,left,24,0.9170264456504349
L40_gamma2p0_g0p05_T500,product,40,0.05,25.0,left,25,0.08297355434960443
L40_gamma2p0_g0p05_T500,product,40,0.05,25.0,left,26,0.9170264456505426
L40_gamma2p0_g0p05_T500,product,40,0.05,25.0,left,27,0.0829735543484374
L40_gamma2p0_g0p05_T500,product,40,0.05,25.0,left,28,0.9170264456568104
L40_gamma2p0_g0p05_T500,product,40,0.05,25.0,left,29,0.08297355430258904
L40_gamma2p0_g0p05_T500,product,40,0.05,25.0,left,30,0.9170264458904114
L40_gamma2p0_g0p05_T500,product,40,0.05,25.0,left,31,0.08297355249845467
L40_gamma2p0_g0p05_T500,product,40,0.05,25.0,left,32,0.9170264550794995
L40_gamma2p0_g0p05_T500,product,40,0.05,25.0,left,33,0.08297347523502743
L40_gamma2p0_g0p05_T500,product,40,0.05,25.0,left,34,0.9170268559279653
L40_gamma2p0_g0p05_T500,product,40,0.05,25.0,left,35,0.08296963815556546
L40_gamma2p0_g0p05_T500,product,40,0.05,25.0,left,36,0.9170481241265351
L40_gamma2p0_g0p05_T500,product,40,0.05,25.0,left,37,0.08270732698645672
L40_gamma2p0_g0p05_T500,product,40,0.05,25.0,left,38,0.9189545555417367
L40_gamma2p0_g0p05_T500,product,40,0.05,25.0,left,39,0.017265335572142403
L40_gamma2p0_g0p0_T100,product,40,0.0,5.0,charge_density_wave,0,0.9828528400784118
L40_gamma2p0_g0p0_T100,product,40,0.0,5.0,charge_density_wave,1,0.08717202527763969
L40_gamma2p0_g0p0_T100,product,40,0.0,5.0,charge_density_wave,2,0.9113280561286605
L40_gamma2p0_g0p0_T100,product,40,0.0,5.0,charge_density_wave,3,0.08894117517907332
L40_gamma2p0_g0p0_T100,product,40,0.0,5.0,charge_density_wave,4,0.9110434353986598
L40_gamma2p0_g0p0_T100,product,40,0.0,5.0,charge_density_wave,5,0.08896054163399306
L40_gamma2p0_g0p0_T100,product,40,0.0,5.0,charge_density_wave,6,0.9110391818024992
L40_gamma2p0_g0p0_T100,product,40,0.0,5.0,charge_density_wave,7,0.08896089894884243
L40_gamma2p0_g0p0_T100,product,40,0.0,5.0,charge_density_wave,8,0.9110390949546837
L40_gamma2p0_g0p0_T100,product,40,0.0,5.0,charge_density_wave,9,0.08896090693135751
L40_gamma2p0_g0p0_T100,product,40,0.0,5.0,charge_density_wave,10,0.9110390929201864
L40_gamma2p0_g0p0_T100,product,40,0.0,5.0,charge_density_wave,11,0.08896090712716208
L40_gamma2p0_g0p0_T100,product,40,0.0,5.0,charge_density_wave,12,0.9110390928690264
L40_gamma2p0_g0p0_T100,product,40,0.0,5.0,charge_density_wave,13,0.08896090713220912
L40_gamma2p0_g0p0_T100,product,40,0.0,5.0,charge_density_wave,14,0.91103909286769
L40_gamma2p0_g0p0_T100,product,40,0.0,5.0,charge_density_wave,15,0.08896090713234275
L40_gamma2p0_g0p0_T100,product,40,0.0,5.0,charge_density_wave,16,0.9110390928676547
L40_gamma2p0_g0p0_T100,product,40,0.0,5.0,charge_density_wave,17,0.08896090713234635
L40_gamma2p0_g0p0_T100,product,40,0.0,5.0,charge_density_wave,18,0.9110390928676536
L40_gamma2p0_g0p0_T100,product,40,0.0,5.0,charge_density_wave,19,0.08896090713234643
L40_gamma2p0_g0p0_T100,product,40,0.0,5.0,charge_density_wave,20,0.9110390928676535
L40_gamma2p0_g0p0_T100,product,40,0.0,5.0,charge_density_wave,21,0.0889609071323464
L40_gamma2p0_g0p0_T100,product,40,0.0,5.0,charge_density_wave,22,0.9110390928676537
L40_gamma2p0_g0p0_T100,product,40,0.0,5.0,charge_density_wave,23,0.08896090713234545
L40_gamma2p0_g0p0_T100,product,40,0.0,5.0,charge_density_wave,24,0.9110390928676573
L40_gamma2p0_g0p0_T100,product,40,0.0,5.0,charge_density_wave,25,0.08896090713230984
L40_gamma2p0_g0p0_T100,product,40,0.0,5.0,charge_density_wave,26,0.9110390928677908
L40_gamma2p0_g0p0_T100,product,40,0.0,5.0,charge_density_wave,27,0.0889609071309734
L40_gamma2p0_g0p0_T100,product,40,0.0,5.0,charge_density_wave,28,0.911039092872838
L40_gamma2p0_g0p0_T100,product,40,0.0,5.0,charge_density_wave,29,0.08896090707981355
L40_gamma2p0_g0p0_T100,product,40,0.0,5.0,charge_density_wave,30,0.9110390930686424
L40_gamma2p0_g0p0_T100,product,40,0.0,5.0,charge_density_wave,31,0.08896090504531619
L40_gamma2p0_g0p0_T100,product,40,0.0,5.0,charge_density_wave,32,0.9110391010511576
L40_gamma2p0_g0p0_T100,product,40,0.0,5.0,charge_density_wave,33,0.08896081819750065
L40_gamma2p0_g0p0_T100,product,40,0.0,5.0,charge_density_wave,34,0.9110394583660069
L40_gamma2p0_g0p0_T100,product,40,0.0,5.0,charge_density_wave,35,0.08895656460134017
L40_gamma2p0_g0p0_T100,product,40,0.0,5.0,charge_density_wave,36,0.9110588248209267
L40_gamma2p0_g0p0_T100,product,40,0.0,5.0,charge_density_wave,37,0.0886719438713395
L40_gamma2p0_g0p0_T100,product,40,0.0,5.0,charge_density_wave,38,0.9128279747223603
L40_gamma2p0_g0p0_T100,product,40,0.0,5.0,charge_density_wave,39,0.017147159921588155
L40_gamma2p0_g0p0_T100,product,40,0.0,5.0,left,0,0.9999999999999998
L40_gamma2p0_g0p0_T100,product,40,0.0,5.0,left,1,0.9999999999999846
L40_gamma2p0_g0p0_T100,product,40,0.0,5.0,left,2,0.9999999999999308
L40_gamma2p0_g0p0_T100,product,40,0.0,5.0,left,3,0.9999999999891854
L40_gamma2p0_g0p0_T100,product,40,0.0,5.0,left,4,0.9999999999670713
L40_gamma2p0_g0p0_T100,product,40,0.0,5.0,left,5,0.9999999953149947
L40_gamma2p0_g0p0_T100,product,40,0.0,5.0,left,6,0.9999999910746282
L40_gamma2p0_g0p0_T100,product,40,0.0,5.0,left,7,0.9999988274605915
L40_gamma2p0_g0p0_T100,product,40,0.0,5.0,left,8,0.9999987739286217
L40_gamma2p0_g0p0_T100,product,40,0.0,5.0,left,9,0.999846348932244
L40_gamma2p0_g0p0_T100,product,40,0.0,5.0,left,10,0.9999301978668952
L40_gamma2p0_g0p0_T100,product,40,0.0,5.0,left,11,0.9909213847481766
L40_gamma2p0_g0p0_T100,product,40,0.0,5.0,left,12,0.9989576366412332
L40_gamma2p0_g0p0_T100,product,40,0.0,5.0,left,13,0.8136357114277009
L40_gamma2p0_g0p0_T100,product,40,0.0,5.0,left,14,0.9987983734490192
L40_gamma2p0_g0p0_T100,product,40,0.0,5.0,left,15,0.23905964333161528
L40_gamma2p0_g0p0_T100,product,40,0.0,5.0,left,16,0.9291699897438874
L40_gamma2p0_g0p0_T100,product,40,0.0,5.0,left,17,0.09866183769087868
L40_gamma2p0_g0p0_T100,product,40,0.0,5.0,left,18,0.9129508528290534
L40_gamma2p0_g0p0_T100,product,40,0.0,5.0,left,19,0.08855304862755463
L40_gamma2p0_g0p0_T100,product,40,0.0,5.0,left,20,0.9114469513724454
L40_gamma2p0_g0p0_T100,product,40,0.0,5.0,left,21,0.0870491471709464
L40_gamma2p0_g0p0_T100,product,40,0.0,5.0,left,22,0.9013381623091214
L40_gamma2p0_g0p0_T100,product,40,0.0,5.0,left,23,0.07083001025611241
L40_gamma2p0_g0p0_T100,product,40,0.0,5.0,left,24,0.7609403566683847
L40_gamma2p0_g0p0_T100,product,40,0.0,5.0,left,25,0.0012016265509805064
L40_gamma2p0_g0p0_T100,product,40,0.0,5.0,left,26,0.18636428857229903
L40_gamma2p0_g0p0_T100,product,40,0.0,5.0,left,27,0.0010423633587670282
L40_gamma2p0_g0p0_T100,product,40,0.0,5.0,left,28,0.00907861525182339
L40_gamma2p0_g0p0_T100,product,40,0.0,5.0,left,29,6.980213310483592e-05
L40_gamma2p0_g0p0_T100,product,40,0.0,5.0,left,30,0.0001536510677559852
L40_gamma2p0_g0p0_T100,product,40,0.0,5.0,left,31,1.2260713783264172e-06
L40_gamma2p0_g0p0_T100,product,40,0.0,5.0,left,32,1.1725394082593352e-06
L40_gamma2p0_g0p0_T100,product,40,0.0,5.0,left,33,8.925371731047587e-09
L40_gamma2p0_g0p0_T100,product,40,0.0,5.0,left,34,4.685005429220399e-09
L40_gamma2p0_g0p0_T100,product,40,0.0,5.0,left,35,3.292864968360768e-11
L40_gamma2p0_g0p0_T100,product,40,0.0,5.0,left,36,1.0814630430180764e-11
L40_gamma2p0_g0p0_T100,product,40,0.0,5.0,left,37,6.924757009046612e-14
L40_gamma2p0_g0p0_T100,product,40,0.0,5.0,left,38,1.5452579623507966e-14
L40_gamma2p0_g0p0_T100,product,40,0.0,5.0,left,39,1.0096849415973139e-16
L40_gamma2p0_g0p0_T150,product,40,0.0,7.5,charge_density_wave,0,0.9828528349976614
L40_gamma2p0_g0p0_T150,product,40,0.0,7.5,charge_density_wave,1,0.08717206253575618
L40_gamma2p0_g0p0_T150,product,40,0.0,7.5,charge_density_wave,2,0.9113280029409442
L40_gamma2p0_g0p0_T150,product,40,0.0,7.5,charge_density_wave,3,0.08894124882533593
L40_gamma2p0_g0p0_T150,product,40,0.0,7.5,charge_density_wave,4,0.9110433567296488
L40_gamma2p0_g0p0_T150,product,40,0.0,7.5,charge_density_wave,5,0.08896062438339296
L40_gamma2p0_g0p0_T150,product,40,0.0,7.5,charge_density_wave,6,0.9110390983343754
L40_gamma2p0_g0p0_T150,product,40,0.0,7.5,charge_density_wave,7,0.08896098287026881
L40_gamma2p0_g0p0_T150,product,40,0.0,7.5,charge_density_wave,8,0.9110390109678144
L40_gamma2p0_g0p0_T150,product,40,0.0,7.5,charge_density_wave,9,0.0889609909534148
L40_gamma2p0_g0p0_T150,product,40,0.0,7.5,charge_density_wave,10,0.911039008893668
L40_gamma2p0_g0p0_T150,product,40,0.0,7.5,charge_density_wave,11,0.08896099115583568
L40_gamma2p0_g0p0_T150,product,40,0.0,7.5,charge_density_wave,12,0.9110390088401032
L40_gamma2p0_g0p0_T150,product,40,0.0,7.5,charge_density_wave,13,0.08896099116124476
L40_gamma2p0_g0p0_T150,product,40,0.0,7.5,charge_density_wave,14,0.9110390088386423
L40_gamma2p0_g0p0_T150,product,40,0.0,7.5,charge_density_wave,15,0.08896099116139576
L40_gamma2p0_g0p0_T150,product,40,0.0,7.5,charge_density_wave,16,0.911039008838601
L40_gamma2p0_g0p0_T150,product,40,0.0,7.5,charge_density_wave,17,0.08896099116140012
L40_gamma2p0_g0p0_T150,product,40,0.0,7.5,charge_density_wave,18,0.9110390088385997
L40_gamma2p0_g0p0_T150,product,40,0.0,7.5,charge_density_wave,19,0.08896099116140024
L40_gamma2p0_g0p0_T150,product,40,0.0,7.5,charge_density_wave,20,0.9110390088385997
L40_gamma2p0_g0p0_T150,product,40,0.0,7.5,charge_density_wave,21,0.08896099116140022
L40_gamma2p0_g0p0_T150,product,40,0.0,7.5,charge_density_wave,22,0.9110390088385998
L40_gamma2p0_g0p0_T150,product,40,0.0,7.5,charge_density_wave,23,0.088960991161399
L40_gamma2p0_g0p0_T150,product,40,0.0,7.5,charge_density_wave,24,0.9110390088386043
L40_gamma2p0_g0p0_T150,product,40,0.0,7.5,charge_density_wave,25,0.08896099116135764
L40_gamma2p0_g0p0_T150,product,40,0.0,7.5,charge_density_wave,26,0.9110390088387552
L40_gamma2p0_g0p0_T150,product,40,0.0,7.5,charge_density_wave,27,0.08896099115989695
L40_gamma2p0_g0p0_T150,product,40,0.0,7.5,charge_density_wave,28,0.9110390088441642
L40_gamma2p0_g0p0_T150,product,40,0.0,7.5,charge_density_wave,29,0.08896099110633196
L40_gamma2p0_g0p0_T150,product,40,0.0,7.5,charge_density_wave,30,0.9110390090465854
L40_gamma2p0_g0p0_T150,product,40,0.0,7.5,charge_density_wave,31,0.08896098903218551
L40_gamma2p0_g0p0_T150,product,40,0.0,7.5,charge_density_wave,32,0.9110390171297311
L40_gamma2p0_g0p0_T150,product,40,0.0,7.5,charge_density_wave,33,0.08896090166562479
L40_gamma2p0_g0p0_T150,product,40,0.0,7.5,charge_density_wave,34,0.9110393756166072
L40_gamma2p0_g0p0_T150,product,40,0.0,7.5,charge_density_wave,35,0.08895664327035127
L40_gamma2p0_g0p0_T150,product,40,0.0,7.5,charge_density_wave,36,0.911058751174664
L40_gamma2p0_g0p0_T150,product,40,0.0,7.5,charge_density_wave,37,0.08867199705905582
L40_gamma2p0_g0p0_T150,product,40,0.0,7.5,charge_density_wave,38,0.9128279374642437
L40_gamma2p0_g0p0_T150,product,40,0.0,7.5,charge_density_wave,39,0.017147165002338628
L40_gamma2p0_g0p0_T150,product,40,0.0,7.5,left,0,0.9999999997104508
L40_gamma2p0_g0p0_T150,product,40,0.0,7.5,left,1,0.9999999722715146
L40_gamma2p0_g0p0_T150,product,40,0.0,7.5,left,2,0.9999999776888545
L40_gamma2p0_g0p0_T150,product,40,0.0,7.5,left,3,0.9999970883286373
L40_gamma2p0_g0p0_T150,product,40,0.0,7.5,left,4,0.9999987324330123
L40_gamma2p0_g0p0_T150,product,40,0.0,7.5,left,5,0.999826245857827
L40_gamma2p0_g0p0_T150,product,40,0.0,7.5,left,6,0.9999665886599776
L40_gamma2p0_g0p0_T150,product,40,0.0,7.5,left,7,0.9946226385210628
L40_gamma2p0_g0p0_T150,product,40,0.0,7.5,left,8,0.9996938921101104
L40_gamma2p0_g0p0_T150,product,40,0.0,7.5,left,9,0.9248435664238435
L40_gamma2p0_g0p0_T150,product,40,0.0,7.5,left,10,0.999103204077108
L40_gamma2p0_g0p0_T150,product,40,0.0,7.5,left,11,0.6062330062587062
L40_gamma2p0_g0p0_T150,product,40,0.0,7.5,left,12,0.9886460147055233
L40_gamma2p0_g0p0_T150,product,40,0.0,7.5,left,13,0.37237078823678005
L40_gamma2p0_g0p0_T150,product,40,0.0,7.5,left,14,0.9474357402698326
L40_gamma2p0_g0p0_T150,product,40,0.0,7.5,left,15,0.13842997288940734
L40_gamma2p0_g0p0_T150,product,40,0.0,7.5,left,16,0.917438496865147
L40_gamma2p0_g0p0_T150,product,40,0.0,7.5,left,17,0.0933371193965963
L40_gamma2p0_g0p0_T150,product,40,0.0,7.5,left,18,0.911723520368194
L40_gamma2p0_g0p0_T150,product,40,0.0,7.5,left,19,0.08908001837062456
L40_gamma2p0_g0p0_T150,product,40,0.0,7.5,left,20,0.9109199816293756
L40_gamma2p0_g0p0_T150,product,40,0.0,7.5,left,21,0.0882764796318058
L40_gamma2p0_g0p0_T150,product,40,0.0,7.5,left,22,0.9066628806034038
L40_gamma2p0_g0p0_T150,product,40,0.0,7.5,left,23,0.08256150313485296
L40_gamma2p0_g0p0_T150,product,40,0.0,7.5,left,24,0.8615700271105926
L40_gamma2p0_g0p0_T150,product,40,0.0,7.5,left,25,0.05256425973016744
L40_gamma2p0_g0p0_T150,product,40,0.0,7.5,left,26,0.62762921176322
L40_gamma2p0_g0p0_T150,product,40,0.0,7.5,left,27,0.011353985294476666
L40_gamma2p0_g0p0_T150,product,40,0.0,7.5,left,28,0.39376699374129387
L40_gamma2p0_g0p0_T150,product,40,0.0,7.5,left,29,0.0008967959228920071
L40_gamma2p0_g0p0_T150,product,40,0.0,7.5,left,30,0.07515643357615642
L40_gamma2p0_g0p0_T150,product,40,0.0,7.5,left,31,0.00030610788988958267
L40_gamma2p0_g0p0_T150,product,40,0.0,7.5,left,32,0.005377361478937081
L40_gamma2p0_g0p0_T150,product,40,0.0,7.5,left,33,3.341134002248788e-05
L40_gamma2p0_g0p0_T150,product,40,0.0,7.5,left,34,0.00017375414217297755
L40_gamma2p0_g0p0_T150,product,40,0.0,7.5,left,35,1.267566987712164e-06
L40_gamma2p0_g0p0_T150,product,40,0.0,7.5,left,36,2.911671362705553e-06
L40_gamma2p0_g0p0_T150,product,40,0.0,7.5,left,37,2.2311145387766578e-08
L40_gamma2p0_g0p0_T150,product,40,0.0,7.5,left,38,2.7728485386697693e-08
L40_gamma2p0_g0p0_T150,product,40,0.0,7.5,left,39,2.895492585929518e-10
L40_gamma2p0_g0p0_T200,product,40,0.0,10.0,charge_density_wave,0,0.9828528349939387
L40_gamma2p0_g0p0_T200,product,40,0.0,10.0,charge_density_wave,1,0.08717206256502662
L40_gamma2p0_g0p0_T200,product,40,0.0,10.0,charge_density_wave,2,0.9113280028962679
L40_gamma2p0_g0p0_T200,product,40,0.0,10.0,charge_density_wave,3,0.0889412488954316
L40_gamma2p0_g0p0_T200,product,40,0.0,10.0,charge_density_wave,4,0.9110433566513343
L40_gamma2p0_g0p0_T200,product,40,0.0,10.0,charge_density_wave,5,0.08896062447058087
L40_gamma2p0_g0p0_T200,product,40,0.0,10.0,charge_density_wave,6,0.9110390982451102
L40_gamma2p0_g0p0_T200,product,40,0.0,10.0,charge_density_wave,7,0.0889609829612664
L40_gamma2p0_g0p0_T200,product,40,0.0,10.0,charge_density_wave,8,0.9110390108764889
L40_gamma2p0_g0p0_T200,product,40,0.0,10.0,charge_density_wave,9,0.08896099104496936
L40_gamma2p0_g0p0_T200,product,40,0.0,10.0,charge_density_wave,10,0.9110390088020763
L40_gamma2p0_g0p0_T200,product,40,0.0,10.0,charge_density_wave,11,0.08896099124745038
L40_gamma2p0_g0p0_T200,product,40,0.0,10.0,charge_density_wave,12,0.911039008748485
L40_gamma2p0_g0p0_T200,product,40,0.0,10.0,charge_density_wave,13,0.08896099125286468
L40_gamma2p0_g0p0_T200,product,40,0.0,10.0,charge_density_wave,14,0.9110390087470223
L40_gamma2p0_g0p0_T200,product,40,0.0,10.0,charge_density_wave,15,0.088960991253016
L40_gamma2p0_g0p0_T200,product,40,0.0,10.0,charge_density_wave,16,0.9110390087469807
L40_gamma2p0_g0p0_T200,product,40,0.0,10.0,charge_density_wave,17,0.0889609912530204
L40_gamma2p0_g0p0_T200,product,40,0.0,10.0,charge_density_wave,18,0.9110390087469795
L40_gamma2p0_g0p0_T200,product,40,0.0,10.0,charge_density_wave,19,0.08896099125302052
L40_gamma2p0_g0p0_T200,product,40,0.0,10.0,charge_density_wave,20,0.9110390087469796
L40_gamma2p0_g0p0_T200,product,40,0.0,10.0,charge_density_wave,21,0.08896099125302047
L40_gamma2p0_g0p0_T200,product,40,0.0,10.0,charge_density_wave,22,0.9110390087469796
L40_gamma2p0_g0p0_T200,product,40,0.0,10.0,charge_density_wave,23,0.08896099125301928
L40_gamma2p0_g0p0_T200,product,40,0.0,10.0,charge_density_wave,24,0.9110390087469838
L40_gamma2p0_g0p0_T200,product,40,0.0,10.0,charge_density_wave,25,0.08896099125297778
L40_gamma2p0_g0p0_T200,product,40,0.0,10.0,charge_density_wave,26,0.9110390087471354
L40_gamma2p0_g0p0_T200,product,40,0.0,10.0,charge_density_wave,27,0.08896099125151498
L40_gamma2p0_g0p0_T200,product,40,0.0,10.0,charge_density_wave,28,0.9110390087525495
L40_gamma2p0_g0p0_T200,product,40,0.0,10.0,charge_density_wave,29,0.08896099119792379
L40_gamma2p0_g0p0_T200,product,40,0.0,10.0,charge_density_wave,30,0.9110390089550305
L40_gamma2p0_g0p0_T200,product,40,0.0,10.0,charge_density_wave,31,0.08896098912351108
L40_gamma2p0_g0p0_T200,product,40,0.0,10.0,charge_density_wave,32,0.9110390170387335
L40_gamma2p0_g0p0_T200,product,40,0.0,10.0,charge_density_wave,33,0.08896090175488998
L40_gamma2p0_g0p0_T200,product,40,0.0,10.0,charge_density_wave,34,0.9110393755294192
L40_gamma2p0_g0p0_T200,product,40,0.0,10.0,charge_density_wave,35,0.08895664334866579
L40_gamma2p0_g0p0_T200,product,40,0.0,10.0,charge_density_wave,36,0.9110587511045685
L40_gamma2p0_g0p0_T200,product,40,0.0,10.0,charge_density_wave,37,0.08867199710373208
L40_gamma2p0_g0p0_T200,product,40,0.0,10.0,charge_density_wave,38,0.9128279374349733
L40_gamma2p0_g0p0_T200,product,40,0.0,10.0,charge_density_wave,39,0.017147165006061067
L40_gamma2p0_g0p0_T200,product,40,0.0,10.0,left,0,0.9999951325919414
L40_gamma2p0_g0p0_T200,product,40,0.0,10.0,left,1,0.9996363168573524
L40_gamma2p0_g0p0_T200,product,40,0.0,10.0,left,2,0.9999532830080524
L40_gamma2p0_g0p0_T200,product,40,0.0,10.0,left,3,0.9912806215720661
L40_gamma2p0_g0p0_T200,product,40,0.0,10.0,left,4,0.999716942220031
L40_gamma2p0_g0p0_T200,product,40,0.0,10.0,left,5,0.902945537948075
L40_gamma2p0_g0p0_T200,product,40,0.0,10.0,left,6,0.9996606866355157
L40_gamma2p0_g0p0_T200,product,40,0.0,10.0,left,7,0.5940429846122706
L40_gamma2p0_g0p0_T200,product,40,0.0,10.0,left,8,0.9880923566986578
L40_gamma2p0_g0p0_T200,product,40,0.0,10.0,left,9,0.4780918304636517
L40_gamma2p0_g0p0_T200,product,40,0.0,10.0,left,10,0.9667521873329745
L40_gamma2p0_g0p0_T200,product,40,0.0,10.0,left,11,0.24576864057532208
L40_gamma2p0_g0p0_T200,product,40,0.0,10.0,left,12,0.9323580034977774
L40_gamma2p0_g0p0_T200,product,40,0.0,10.0,left,13,0.12493343225886254
L40_gamma2p0_g0p0_T200,product,40,0.0,10.0,left,14,0.9158297150265553
L40_gamma2p0_g0p0_T200,product,40,0.0,10.0,left,15,0.09401959775340143
L40_gamma2p0_g0p0_T200,product,40,0.0,10.0,left,16,0.911754578071733
L40_gamma2p0_g0p0_T200,product,40,0.0,10.0,left,17,0.08940293386291086
L40_gamma2p0_g0p0_T200,product,40,0.0,10.0,left,18,0.9111554885266898
L40_gamma2p0_g0p0_T200,product,40,0.0,10.0,left,19,0.08893387776818869
L40_gamma2p0_g0p0_T200,product,40,0.0,10.0,left,20,0.9110661222318113
L40_gamma2p0_g0p0_T200,product,40,0.0,10.0,left,21,0.08884451147331014
L40_gamma2p0_g0p0_T200,product,40,0.0,10.0,left,22,0.9105970661370892
L40_gamma2p0_g0p0_T200,product,40,0.0,10.0,left,23,0.08824542192826682
L40_gamma2p0_g0p0_T200,product,40,0.0,10.0,left,24,0.9059804022465985
L40_gamma2p0_g0p0_T200,product,40,0.0,10.0,left,25,0.08417028497344482
L40_gamma2p0_g0p0_T200,product,40,0.0,10.0,left,26,0.8750665677411376
L40_gamma2p0_g0p0_T200,product,40,0.0,10.0,left,27,0.06764199650222283
L40_gamma2p0_g0p0_T200,product,40,0.0,10.0,left,28,0.754231359424678
L40_gamma2p0_g0p0_T200,product,40,0.0,10.0,left,29,0.03324781266702555
L40_gamma2p0_g0p0_T200,product,40,0.0,10.0,left,30,0.5219081695363483
L40_gamma2p0_g0p0_T200,product,40,0.0,10.0,left,31,0.01190764330134202
L40_gamma2p0_g0p0_T200,product,40,0.0,10.0,left,32,0.40595701538772944
L40_gamma2p0_g0p0_T200,product,40,0.0,10.0,left,33,0.00033931336448434797
L40_gamma2p0_g0p0_T200,product,40,0.0,10.0,left,34,0.09705446205192494
L40_gamma2p0_g0p0_T200,product,40,0.0,10.0,left,35,0.00028305777996880045
L40_gamma2p0_g0p0_T200,product,40,0.0,10.0,left,36,0.008719378427934054
L40_gamma2p0_g0p0_T200,product,40,0.0,10.0,left,37,4.671699194771311e-05
L40_gamma2p0_g0p0_T200,product,40,0.0,10.0,left,38,0.0003636831426476807
L40_gamma2p0_g0p0_T200,product,40,0.0,10.0,left,39,4.867408058599119e-06
L40_gamma2p0_g0p0_T250,product,40,0.0,12.5,charge_density_wave,0,0.9828528349939359
L40_gamma2p0_g0p0_T250,product,40,0.0,12.5,charge_density_wave,1,0.08717206256505287
L40_gamma2p0_g0p0_T250,product,40,0.0,12.5,charge_density_wave,2,0.9113280028962264
L40_gamma2p0_g0p0_T250,product,40,0.0,12.5,charge_density_wave,3,0.08894124889550228
L40_gamma2p0_g0p0_T250,product,40,0.0,12.5,charge_density_wave,4,0.9110433566512525
L40_gamma2p0_g0p0_T250,product,40,0.0,12.5,charge_density_wave,5,0.08896062447067686
L40_gamma2p0_g0p0_T250,product,40,0.0,12.5,charge_density_wave,6,0.9110390982450102
L40_gamma2p0_g0p0_T250,product,40,0.0,12.5,charge_density_wave,7,0.08896098296137049
L40_gamma2p0_g0p0_T250,product,40,0.0,12.5,charge_density_wave,8,0.911039010876384
L40_gamma2p0_g0p0_T250,product,40,0.0,12.5,charge_density_wave,9,0.08896099104507514
L40_gamma2p0_g0p0_T250,product,40,0.0,12.5,charge_density_wave,10,0.9110390088019702
L40_gamma2p0_g0p0_T250,product,40,0.0,12.5,charge_density_wave,11,0.08896099124755642
L40_gamma2p0_g0p0_T250,product,40,0.0,12.5,charge_density_wave,12,0.9110390087483791
L40_gamma2p0_g0p0_T250,product,40,0.0,12.5,charge_density_wave,13,0.08896099125297072
L40_gamma2p0_g0p0_T250,product,40,0.0,12.5,charge_density_wave,14,0.9110390087469161
L40_gamma2p0_g0p0_T250,product,40,0.0,12.5,charge_density_wave,15,0.08896099125312211
L40_gamma2p0_g0p0_T250,product,40,0.0,12.5,charge_density_wave,16,0.9110390087468747
L40_gamma2p0_g0p0_T250,product,40,0.0,12.5,charge_density_wave,17,0.08896099125312647
L40_gamma2p0_g0p0_T250,product,40,0.0,12.5,charge_density_wave,18,0.9110390087468734
L40_gamma2p0_g0p0_T250,product,40,0.0,12.5,charge_density_wave,19,0.08896099125312662
L40_gamma2p0_g0p0_T250,product,40,0.0,12.5,charge_density_wave,20,0.9110390087468733
L40_gamma2p0_g0p0_T250,product,40,0.0,12.5,charge_density_wave,21,0.08896099125312658
L40_gamma2p0_g0p0_T250,product,40,0.0,12.5,charge_density_wave,22,0.9110390087468737
L40_gamma2p0_g0p0_T250,product,40,0.0,12.5,charge_density_wave,23,0.08896099125312536
L40_gamma2p0_g0p0_T250,product,40,0.0,12.5,charge_density_wave,24,0.9110390087468778
L40_gamma2p0_g0p0_T250,product,40,0.0,12.5,charge_density_wave,25,0.08896099125308388
L40_gamma2p0_g0p0_T250,product,40,0.0,12.5,charge_density_wave,26,0.9110390087470294
L40_gamma2p0_g0p0_T250,product,40,0.0,12.5,charge_density_wave,27,0.08896099125162105
L40_gamma2p0_g0p0_T250,product,40,0.0,12.5,charge_density_wave,28,0.9110390087524434
L40_gamma2p0_g0p0_T250,product,40,0.0,12.5,charge_density_wave,29,0.08896099119802973
L40_gamma2p0_g0p0_T250,product,40,0.0,12.5,charge_density_wave,30,0.911039008954925
L40_gamma2p0_g0p0_T250,product,40,0.0,12.5,charge_density_wave,31,0.08896098912361608
L40_gamma2p0_g0p0_T250,product,40,0.0,12.5,charge_density_wave,32,0.9110390170386293
L40_gamma2p0_g0p0_T250,product,40,0.0,12.5,charge_density_wave,33,0.08896090175499
L40_gamma2p0_g0p0_T250,product,40,0.0,12.5,charge_density_wave,34,0.911039375529323
L40_gamma2p0_g0p0_T250,product,40,0.0,12.5,charge_density_wave,35,0.08895664334874753
L40_gamma2p0_g0p0_T250,product,40,0.0,12.5,charge_density_wave,36,0.9110587511044977
L40_gamma2p0_g0p0_T250,product,40,0.0,12.5,charge_density_wave,37,0.08867199710377369
L40_gamma2p0_g0p0_T250,product,40,0.0,12.5,charge_density_wave,38,0.912827937434947
L40_gamma2p0_g0p0_T250,product,40,0.0,12.5,charge_density_wave,39,0.017147165006064287
L40_gamma2p0_g0p0_T250,product,40,0.0,12.5,left,0,0.999436404640507
L40_gamma2p0_g0p0_T250,product,40,0.0,12.5,left,1,0.963568686285848
L40_gamma2p0_g0p0_T250,product,40,0.0,12.5,left,2,0.9997409109227093
L40_gamma2p0_g0p0_T250,product,40,0.0,12.5,left,3,0.7656406226376886
L40_gamma2p0_g0p0_T250,product,40,0.0,12.5,left,4,0.9978078948010181
L40_gamma2p0_g0p0_T250,product,40,0.0,12.5,left,5,0.49790245745578765
L40_gamma2p0_g0p0_T250,product,40,0.0,12.5,left,6,0.977484385138903
L40_gamma2p0_g0p0_T250,product,40,0.0,12.5,left,7,0.4977855186641653
L40_gamma2p0_g0p0_T250,product,40,0.0,12.5,left,8,0.9746542007174451
L40_gamma2p0_g0p0_T250,product,40,0.0,12.5,left,9,0.3013586191219494
L40_gamma2p0_g0p0_T250,product,40,0.0,12.5,left,10,0.940433648331801
L40_gamma2p0_g0p0_T250,product,40,0.0,12.5,left,11,0.14064200468949248
L40_gamma2p0_g0p0_T250,product,40,0.0,12.5,left,12,0.9179653005058727
L40_gamma2p0_g0p0_T250,product,40,0.0,12.5,left,13,0.09650633339040852
L40_gamma2p0_g0p0_T250,product,40,0.0,12.5,left,14,0.9120604916752925
L40_gamma2p0_g0p0_T250,product,40,0.0,12.5,left,15,0.08972874738676082
L40_gamma2p0_g0p0_T250,product,40,0.0,12.5,left,16,0.9111498927149811
L40_gamma2p0_g0p0_T250,product,40,0.0,12.5,left,17,0.08901625818631743
L40_gamma2p0_g0p0_T250,product,40,0.0,12.5,left,18,0.9110529112355435
L40_gamma2p0_g0p0_T250,product,40,0.0,12.5,left,19,0.08895827821657239
L40_gamma2p0_g0p0_T250,product,40,0.0,12.5,left,20,0.9110417217834275
L40_gamma2p0_g0p0_T250,product,40,0.0,12.5,left,21,0.08894708876445634
L40_gamma2p0_g0p0_T250,product,40,0.0,12.5,left,22,0.9109837418136826
L40_gamma2p0_g0p0_T250,product,40,0.0,12.5,left,23,0.08885010728501887
L40_gamma2p0_g0p0_T250,product,40,0.0,12.5,left,24,0.9102712526132393
L40_gamma2p0_g0p0_T250,product,40,0.0,12.5,left,25,0.0879395083247075
L40_gamma2p0_g0p0_T250,product,40,0.0,12.5,left,26,0.9034936666095916
L40_gamma2p0_g0p0_T250,product,40,0.0,12.5,left,27,0.08203469949412727
L40_gamma2p0_g0p0_T250,product,40,0.0,12.5,left,28,0.8593579953105075
L40_gamma2p0_g0p0_T250,product,40,0.0,12.5,left,29,0.059566351668198986
L40_gamma2p0_g0p0_T250,product,40,0.0,12.5,left,30,0.6986413808780506
L40_gamma2p0_g0p0_T250,product,40,0.0,12.5,left,31,0.025345799282554832
L40_gamma2p0_g0p0_T250,product,40,0.0,12.5,left,32,0.5022144813358347
L40_gamma2p0_g0p0_T250,product,40,0.0,12.5,left,33,0.022515614861097044
L40_gamma2p0_g0p0_T250,product,40,0.0,12.5,left,34,0.5020975425442123
L40_gamma2p0_g0p0_T250,product,40,0.0,12.5,left,35,0.0021921051989819266
L40_gamma2p0_g0p0_T250,product,40,0.0,12.5,left,36,0.23435937736231136
L40_gamma2p0_g0p0_T250,product,40,0.0,12.5,left,37,0.000259089077290596
L40_gamma2p0_g0p0_T250,product,40,0.0,12.5,left,38,0.036431313714151946
L40_gamma2p0_g0p0_T250,product,40,0.0,12.5,left,39,0.0005635953594932046
L40_gamma2p0_g0p0_T300,product,40,0.0,15.0,charge_density_wave,0,0.9828528349939357
L40_gamma2p0_g0p0_T300,product,40,0.0,15.0,charge_density_wave,1,0.0871720625650529
L40_gamma2p0_g0p0_T300,product,40,0.0,15.0,charge_density_wave,2,0.9113280028962264
L40_gamma2p0_g0p0_T300,product,40,0.0,15.0,charge_density_wave,3,0.08894124889550234
L40_gamma2p0_g0p0_T300,product,40,0.0,15.0,charge_density_wave,4,0.9110433566512522
L40_gamma2p0_g0p0_T300,product,40,0.0,15.0,charge_density_wave,5,0.08896062447067697
L40_gamma2p0_g0p0_T300,product,40,0.0,15.0,charge_density_wave,6,0.91103909824501
L40_gamma2p0_g0p0_T300,product,40,0.0,15.0,charge_density_wave,7,0.0889609829613706
L40_gamma2p0_g0p0_T300,product,40,0.0,15.0,charge_density_wave,8,0.911039010876384
L40_gamma2p0_g0p0_T300,product,40,0.0,15.0,charge_density_wave,9,0.08896099104507527
L40_gamma2p0_g0p0_T300,product,40,0.0,15.0,charge_density_wave,10,0.9110390088019702
L40_gamma2p0_g0p0_T300,product,40,0.0,15.0,charge_density_wave,11,0.08896099124755656
L40_gamma2p0_g0p0_T300,product,40,0.0,15.0,charge_density_wave,12,0.9110390087483786
L40_gamma2p0_g0p0_T300,product,40,0.0,15.0,charge_density_wave,13,0.0889609912529709
L40_gamma2p0_g0p0_T300,product,40,0.0,15.0,charge_density_wave,14,0.911039008746916
L40_gamma2p0_g0p0_T300,product,40,0.0,15.0,charge_density_wave,15,0.08896099125312223
L40_gamma2p0_g0p0_T300,product,40,0.0,15.0,charge_density_wave,16,0.9110390087468744
L40_gamma2p0_g0p0_T300,product,40,0.0,15.0,charge_density_wave,17,0.0889609912531266
L40_gamma2p0_g0p0_T300,product,40,0.0,15.0,charge_density_wave,18,0.9110390087468733
L40_gamma2p0_g0p0_T300,product,40,0.0,15.0,charge_density_wave,19,0.08896099125312674
L40_gamma2p0_g0p0_T300,product,40,0.0,15.0,charge_density_wave,20,0.9110390087468732
L40_gamma2p0_g0p0_T300,product,40,0.0,15.0,charge_density_wave,21,0.0889609912531267
L40_gamma2p0_g0p0_T300,product,40,0.0,15.0,charge_density_wave,22,0.9110390087468736
L40_gamma2p0_g0p0_T300,product,40,0.0,15.0,charge_density_wave,23,0.08896099125312551
L40_gamma2p0_g0p0_T300,product,40,0.0,15.0,charge_density_wave,24,0.9110390087468777
L40_gamma2p0_g0p0_T300,product,40,0.0,15.0,charge_density_wave,25,0.08896099125308399
L40_gamma2p0_g0p0_T300,product,40,0.0,15.0,charge_density_wave,26,0.911039008747029
L40_gamma2p0_g0p0_T300,product,40,0.0,15.0,charge_density_wave,27,0.08896099125162117
L40_gamma2p0_g0p0_T300,product,40,0.0,15.0,charge_density_wave,28,0.9110390087524436
L40_gamma2p0_g0p0_T300,product,40,0.0,15.0,charge_density_wave,29,0.08896099119802986
L40_gamma2p0_g0p0_T300,product,40,0.0,15.0,charge_density_wave,30,0.9110390089549247
L40_gamma2p0_g0p0_T300,product,40,0.0,15.0,charge_density_wave,31,0.0889609891236162
L40_gamma2p0_g0p0_T300,product,40,0.0,15.0,charge_density_wave,32,0.9110390170386294
L40_gamma2p0_g0p0_T300,product,40,0.0,15.0,charge_density_wave,33,0.08896090175499011
L40_gamma2p0_g0p0_T300,product,40,0.0,15.0,charge_density_wave,34,0.9110393755293231
L40_gamma2p0_g0p0_T300,product,40,0.0,15.0,charge_density_wave,35,0.08895664334874762
L40_gamma2p0_g0p0_T300,product,40,0.0,15.0,charge_density_wave,36,0.9110587511044976
L40_gamma2p0_g0p0_T300,product,40,0.0,15.0,charge_density_wave,37,0.08867199710377371
L40_gamma2p0_g0p0_T300,product,40,0.0,15.0,charge_density_wave,38,0.9128279374349471
L40_gamma2p0_g0p0_T300,product,40,0.0,15.0,charge_density_wave,39,0.017147165006064294
L40_gamma2p0_g0p0_T300,product,40,0.0,15.0,left,0,0.9945600241568956
L40_gamma2p0_g0p0_T300,product,40,0.0,15.0,left,1,0.6804017930101863
L40_gamma2p0_g0p0_T300,product,40,0.0,15.0,left,2,0.9948989922143455
L40_gamma2p0_g0p0_T300,product,40,0.0,15.0,left,3,0.4556343886976645
L40_gamma2p0_g0p0_T300,product,40,0.0,15.0,left,4,0.9703743418059686
L40_gamma2p0_g0p0_T300,product,40,0.0,15.0,left,5,0.46082417527622216
L40_gamma2p0_g0p0_T300,product,40,0.0,15.0,left,6,0.9744127192275709
L40_gamma2p0_g0p0_T300,product,40,0.0,15.0,left,7,0.3579520028474088
L40_gamma2p0_g0p0_T300,product,40,0.0,15.0,left,8,0.9505784627849949
L40_gamma2p0_g0p0_T300,product,40,0.0,15.0,left,9,0.18088179770053683
L40_gamma2p0_g0p0_T300,product,40,0.0,15.0,left,10,0.9237464496112896
L40_gamma2p0_g0p0_T300,product,40,0.0,15.0,left,11,0.10749203825833964
L40_gamma2p0_g0p0_T300,product,40,0.0,15.0,left,12,0.9135627674581613
L40_gamma2p0_g0p0_T300,product,40,0.0,15.0,left,13,0.09152340157607336
L40_gamma2p0_g0p0_T300,product,40,0.0,15.0,left,14,0.9113911750726431
L40_gamma2p0_g0p0_T300,product,40,0.0,15.0,left,15,0.0892276791842367
L40_gamma2p0_g0p0_T300,product,40,0.0,15.0,left,16,0.9110769512219202
L40_gamma2p0_g0p0_T300,product,40,0.0,15.0,left,17,0.08898269450867995
L40_gamma2p0_g0p0_T300,product,40,0.0,15.0,left,18,0.9110427877867697
L40_gamma2p0_g0p0_T300,product,40,0.0,15.0,left,19,0.08896161539749418
L40_gamma2p0_g0p0_T300,product,40,0.0,15.0,left,20,0.9110383846025057
L40_gamma2p0_g0p0_T300,product,40,0.0,15.0,left,21,0.08895721221323014
L40_gamma2p0_g0p0_T300,product,40,0.0,15.0,left,22,0.9110173054913202
L40_gamma2p0_g0p0_T300,product,40,0.0,15.0,left,23,0.08892304877807987
L40_gamma2p0_g0p0_T300,product,40,0.0,15.0,left,24,0.9107723208157633
L40_gamma2p0_g0p0_T300,product,40,0.0,15.0,left,25,0.088608824927357
L40_gamma2p0_g0p0_T300,product,40,0.0,15.0,left,26,0.9084765984239267
L40_gamma2p0_g0p0_T300,product,40,0.0,15.0,left,27,0.08643723254183865
L40_gamma2p0_g0p0_T300,product,40,0.0,15.0,left,28,0.8925079617416604
L40_gamma2p0_g0p0_T300,product,40,0.0,15.0,left,29,0.07625355038871037
L40_gamma2p0_g0p0_T300,product,40,0.0,15.0,left,30,0.8191182022994631
L40_gamma2p0_g0p0_T300,product,40,0.0,15.0,left,31,0.049421537215004946
L40_gamma2p0_g0p0_T300,product,40,0.0,15.0,left,32,0.6420479971525913
L40_gamma2p0_g0p0_T300,product,40,0.0,15.0,left,33,0.02558728077242893
L40_gamma2p0_g0p0_T300,product,40,0.0,15.0,left,34,0.5391758247237779
L40_gamma2p0_g0p0_T300,product,40,0.0,15.0,left,35,0.029625658194031585
L40_gamma2p0_g0p0_T300,product,40,0.0,15.0,left,36,0.5443656113023355
L40_gamma2p0_g0p0_T300,product,40,0.0,15.0,left,37,0.0051010077856543596
L40_gamma2p0_g0p0_T300,product,40,0.0,15.0,left,38,0.3195982069898136
L40_gamma2p0_g0p0_T300,product,40,0.0,15.0,left,39,0.005439975843104527
L40_gamma2p0_g0p0_T350,product,40,0.0,17.5,charge_density_wave,0,0.9828528349939356
L40_gamma2p0_g0p0_T350,product,40,0.0,17.5,charge_density_wave,1,0.08717206256505289
L40_gamma2p0_g0p0_T350,product,40,0.0,17.5,charge_density_wave,2,0.9113280028962262
L40_gamma2p0_g0p0_T350,product,40,0.0,17.5,charge_density_wave,3,0.08894124889550234
L40_gamma2p0_g0p0_T350,product,40,0.0,17.5,charge_density_wave,4,0.9110433566512524
L40_gamma2p0_g0p0_T350,product,40,0.0,17.5,charge_density_wave,5,0.08896062447067694
L40_gamma2p0_g0p0_T350,product,40,0.0,17.5,charge_density_wave,6,0.9110390982450098
L40_gamma2p0_g0p0_T350,product,40,0.0,17.5,charge_density_wave,7,0.0889609829613706
L40_gamma2p0_g0p0_T350,product,40,0.0,17.5,charge_density_wave,8,0.9110390108763837
L40_gamma2p0_g0p0_T350,product,40,0.0,17.5,charge_density_wave,9,0.08896099104507528
L40_gamma2p0_g0p0_T350,product,40,0.0,17.5,charge_density_wave,10,0.9110390088019701
L40_gamma2p0_g0p0_T350,product,40,0.0,17.5,charge_density_wave,11,0.08896099124755655
L40_gamma2p0_g0p0_T350,product,40,0.0,17.5,charge_density_wave,12,0.9110390087483787
L40_gamma2p0_g0p0_T350,product,40,0.0,17.5,charge_density_wave,13,0.08896099125297087
L40_gamma2p0_g0p0_T350,product,40,0.0,17.5,charge_density_wave,14,0.9110390087469159
L40_gamma2p0_g0p0_T350,product,40,0.0,17.5,charge_density_wave,15,0.08896099125312225
L40_gamma2p0_g0p0_T350,product,40,0.0,17.5,charge_density_wave,16,0.9110390087468745
L40_gamma2p0_g0p0_T350,product,40,0.0,17.5,charge_density_wave,17,0.08896099125312662
L40_gamma2p0_g0p0_T350,product,40,0.0,17.5,charge_density_wave,18,0.9110390087468733
L40_gamma2p0_g0p0_T350,product,40,0.0,17.5,charge_density_wave,19,0.08896099125312673
L40_gamma2p0_g0p0_T350,product,40,0.0,17.5,charge_density_wave,20,0.9110390087468733
L40_gamma2p0_g0p0_T350,product,40,0.0,17.5,charge_density_wave,21,0.08896099125312673
L40_gamma2p0_g0p0_T350,product,40,0.0,17.5,charge_density_wave,22,0.9110390087468734
L40_gamma2p0_g0p0_T350,product,40,0.0,17.5,charge_density_wave,23,0.0889609912531255
L40_gamma2p0_g0p0_T350,product,40,0.0,17.5,charge_density_wave,24,0.9110390087468778
L40_gamma2p0_g0p0_T350,product,40,0.0,17.5,charge_density_wave,25,0.08896099125308399
L40_gamma2p0_g0p0_T350,product,40,0.0,17.5,charge_density_wave,26,0.9110390087470291
L40_gamma2p0_g0p0_T350,product,40,0.0,17.5,charge_density_wave,27,0.08896099125162119
L40_gamma2p0_g0p0_T350,product,40,0.0,17.5,charge_density_wave,28,0.9110390087524435
L40_gamma2p0_g0p0_T350,product,40,0.0,17.5,charge_density_wave,29,0.08896099119802987
L40_gamma2p0_g0p0_T350,product,40,0.0,17.5,charge_density_wave,30,0.9110390089549247
L40_gamma2p0_g0p0_T350,product,40,0.0,17.5,charge_density_wave,31,0.0889609891236162
L40_gamma2p0_g0p0_T350,product,40,0.0,17.5,charge_density_wave,32,0.9110390170386293
L40_gamma2p0_g0p0_T350,product,40,0.0,17.5,charge_density_wave,33,0.08896090175499011
L40_gamma2p0_g0p0_T350,product,40,0.0,17.5,charge_density_wave,34,0.911039375529323
L40_gamma2p0_g0p0_T350,product,40,0.0,17.5,charge_density_wave,35,0.08895664334874762
L40_gamma2p0_g0p0_T350,product,40,0.0,17.5,charge_density_wave,36,0.9110587511044976
L40_gamma2p0_g0p0_T350,product,40,0.0,17.5,charge_density_wave,37,0.08867199710377371
L40_gamma2p0_g0p0_T350,product,40,0.0,17.5,charge_density_wave,38,0.9128279374349472
L40_gamma2p0_g0p0_T350,product,40,0.0,17.5,charge_density_wave,39,0.01714716500606429
L40_gamma2p0_g0p0_T350,product,40,0.0,17.5,left,0,0.9872487204482345
L40_gamma2p0_g0p0_T350,product,40,0.0,17.5,left,1,0.2959347861780705
L40_gamma2p0_g0p0_T350,product,40,0.0,17.5,left,2,0.9592665356562214
L40_gamma2p0_g0p0_T350,product,40,0.0,17.5,left,3,0.4346142694199533
L40_gamma2p0_g0p0_T350,product,40,0.0,17.5,left,4,0.9687743844049236
L40_gamma2p0_g0p0_T350,product,40,0.0,17.5,left,5,0.29412008755166563
L40_gamma2p0_g0p0_T350,product,40,0.0,17.5,left,6,0.9414957603244634
L40_gamma2p0_g0p0_T350,product,40,0.0,17.5,left,7,0.15608560265326663
L40_gamma2p0_g0p0_T350,product,40,0.0,17.5,left,8,0.9205099858614736
L40_gamma2p0_g0p0_T350,product,40,0.0,17.5,left,9,0.10339963490885591
L40_gamma2p0_g0p0_T350,product,40,0.0,17.5,left,10,0.9130386586999387
L40_gamma2p0_g0p0_T350,product,40,0.0,17.5,left,11,0.09121922331563025
L40_gamma2p0_g0p0_T350,product,40,0.0,17.5,left,12,0.9113516305816446
L40_gamma2p0_g0p0_T350,product,40,0.0,17.5,left,13,0.0892354818492525
L40_gamma2p0_g0p0_T350,product,40,0.0,17.5,left,14,0.9110774586955735
L40_gamma2p0_g0p0_T350,product,40,0.0,17.5,left,15,0.08898813966979906
L40_gamma2p0_g0p0_T350,product,40,0.0,17.5,left,16,0.9110429470719732
L40_gamma2p0_g0p0_T350,product,40,0.0,17.5,left,17,0.08896318772346774
L40_gamma2p0_g0p0_T350,product,40,0.0,17.5,left,18,0.9110394111709391
L40_gamma2p0_g0p0_T350,product,40,0.0,17.5,left,19,0.08896104424592831
L40_gamma2p0_g0p0_T350,product,40,0.0,17.5,left,20,0.9110389557540717
L40_gamma2p0_g0p0_T350,product,40,0.0,17.5,left,21,0.08896058882906095
L40_gamma2p0_g0p0_T350,product,40,0.0,17.5,left,22,0.9110368122765321
L40_gamma2p0_g0p0_T350,product,40,0.0,17.5,left,23,0.08895705292802687
L40_gamma2p0_g0p0_T350,product,40,0.0,17.5,left,24,0.911011860330201
L40_gamma2p0_g0p0_T350,product,40,0.0,17.5,left,25,0.08892254130442649
L40_gamma2p0_g0p0_T350,product,40,0.0,17.5,left,26,0.9107645181507475
L40_gamma2p0_g0p0_T350,product,40,0.0,17.5,left,27,0.08864836941835544
L40_gamma2p0_g0p0_T350,product,40,0.0,17.5,left,28,0.9087807766843699
L40_gamma2p0_g0p0_T350,product,40,0.0,17.5,left,29,0.08696134130006139
L40_gamma2p0_g0p0_T350,product,40,0.0,17.5,left,30,0.8966003650911442
L40_gamma2p0_g0p0_T350,product,40,0.0,17.5,left,31,0.07949001413852637
L40_gamma2p0_g0p0_T350,product,40,0.0,17.5,left,32,0.8439143973467335
L40_gamma2p0_g0p0_T350,product,40,0.0,17.5,left,33,0.058504239675536855
L40_gamma2p0_g0p0_T350,product,40,0.0,17.5,left,34,0.7058799124483344
L40_gamma2p0_g0p0_T350,product,40,0.0,17.5,left,35,0.03122561559507639
L40_gamma2p0_g0p0_T350,product,40,0.0,17.5,left,36,0.5653857305800467
L40_gamma2p0_g0p0_T350,product,40,0.0,17.5,left,37,0.040733464343778475
L40_gamma2p0_g0p0_T350,product,40,0.0,17.5,left,38,0.7040652138219294
L40_gamma2p0_g0p0_T350,product,40,0.0,17.5,left,39,0.012751279551765346
L40_gamma2p0_g0p0_T400,product,40,0.0,20.0,charge_density_wave,0,0.9828528349939356
L40_gamma2p0_g0p0_T400,product,40,0.0,20.0,charge_density_wave,1,0.0871720625650529
L40_gamma2p0_g0p0_T400,product,40,0.0,20.0,charge_density_wave,2,0.9113280028962262
L40_gamma2p0_g0p0_T400,product,40,0.0,20.0,charge_density_wave,3,0.08894124889550234
L40_gamma2p0_g0p0_T400,product,40,0.0,20.0,charge_density_wave,4,0.9110433566512524
L40_gamma2p0_g0p0_T400,product,40,0.0,20.0,charge_density_wave,5,0.08896062447067697
L40_gamma2p0_g0p0_T400,product,40,0.0,20.0,charge_density_wave,6,0.9110390982450098
L40_gamma2p0_g0p0_T400,product,40,0.0,20.0,charge_density_wave,7,0.0889609829613706
L40_gamma2p0_g0p0_T400,product,40,0.0,20.0,charge_density_wave,8,0.9110390108763838
L40_gamma2p0_g0p0_T400,product,40,0.0,20.0,charge_density_wave,9,0.08896099104507527
L40_gamma2p0_g0p0_T400,product,40,0.0,20.0,charge_density_wave,10,0.9110390088019702
L40_gamma2p0_g0p0_T400,product,40,0.0,20.0,charge_density_wave,11,0.08896099124755655
L40_gamma2p0_g0p0_T400,product,40,0.0,20.0,charge_density_wave,12,0.9110390087483788
L40_gamma2p0_g0p0_T400,product,40,0.0,20.0,charge_density_wave,13,0.08896099125297087
L40_gamma2p0_g0p0_T400,product,40,0.0,20.0,charge_density_wave,14,0.9110390087469159
L40_gamma2p0_g0p0_T400,product,40,0.0,20.0,charge_density_wave,15,0.08896099125312222
L40_gamma2p0_g0p0_T400,product,40,0.0,20.0,charge_density_wave,16,0.9110390087468745
L40_gamma2p0_g0p0_T400,product,40,0.0,20.0,charge_density_wave,17,0.08896099125312662
L40_gamma2p0_g0p0_T400,product,40,0.0,20.0,charge_density_wave,18,0.9110390087468734
L40_gamma2p0_g0p0_T400,product,40,0.0,20.0,charge_density_wave,19,0.08896099125312673
L40_gamma2p0_g0p0_T400,product,40,0.0,20.0,charge_density_wave,20,0.9110390087468732
L40_gamma2p0_g0p0_T400,product,40,0.0,20.0,charge_density_wave,21,0.0889609912531267
L40_gamma2p0_g0p0_T400,product,40,0.0,20.0,charge_density_wave,22,0.9110390087468733
L40_gamma2p0_g0p0_T400,product,40,0.0,20.0,charge_density_wave,23,0.0889609912531255
L40_gamma2p0_g0p0_T400,product,40,0.0,20.0,charge_density_wave,24,0.9110390087468777
L40_gamma2p0_g0p0_T400,product,40,0.0,20.0,charge_density_wave,25,0.088960991253084
L40_gamma2p0_g0p0_T400,product,40,0.0,20.0,charge_density_wave,26,0.9110390087470291
L40_gamma2p0_g0p0_T400,product,40,0.0,20.0,charge_density_wave,27,0.08896099125162117
L40_gamma2p0_g0p0_T400,product,40,0.0,20.0,charge_density_wave,28,0.9110390087524435
L40_gamma2p0_g0p0_T400,product,40,0.0,20.0,charge_density_wave,29,0.08896099119802986
L40_gamma2p0_g0p0_T400,product,40,0.0,20.0,charge_density_wave,30,0.9110390089549246
L40_gamma2p0_g0p0_T400,product,40,0.0,20.0,charge_density_wave,31,0.0889609891236162
L40_gamma2p0_g0p0_T400,product,40,0.0,20.0,charge_density_wave,32,0.9110390170386293
L40_gamma2p0_g0p0_T400,product,40,0.0,20.0,charge_density_wave,33,0.08896090175499011
L40_gamma2p0_g0p0_T400,product,40,0.0,20.0,charge_density_wave,34,0.911039375529323
L40_gamma2p0_g0p0_T400,product,40,0.0,20.0,charge_density_wave,35,0.08895664334874762
L40_gamma2p0_g0p0_T400,product,40,0.0,20.0,charge_density_wave,36,0.9110587511044979
L40_gamma2p0_g0p0_T400,product,40,0.0,20.0,charge_density_wave,37,0.08867199710377371
L40_gamma2p0_g0p0_T400,product,40,0.0,20.0,charge_density_wave,38,0.9128279374349471
L40_gamma2p0_g0p0_T400,product,40,0.0,20.0,charge_density_wave,39,0.01714716500606429
L40_gamma2p0_g0p0_T400,product,40,0.0,20.0,left,0,0.9828536794759042
L40_gamma2p0_g0p0_T400,product,40,0.0,20.0,left,1,0.087211720774653
L40_gamma2p0_g0p0_T400,product,40,0.0,20.0,left,2,0.9113378650598113
L40_gamma2p0_g0p0_T400,product,40,0.0,20.0,left,3,0.08901963465499671
L40_gamma2p0_g0p0_T400,product,40,0.0,20.0,left,4,0.9110573951359742
L40_gamma2p0_g0p0_T400,product,40,0.0,20.0,left,5,0.0890195105155797
L40_gamma2p0_g0p0_T400,product,40,0.0,20.0,left,6,0.9110483406903616
L40_gamma2p0_g0p0_T400,product,40,0.0,20.0,left,7,0.08898614861242092
L40_gamma2p0_g0p0_T400,product,40,0.0,20.0,left,8,0.911042710136028
L40_gamma2p0_g0p0_T400,product,40,0.0,20.0,left,9,0.088968170632538
L40_gamma2p0_g0p0_T400,product,40,0.0,20.0,left,10,0.9110400327156191
L40_gamma2p0_g0p0_T400,product,40,0.0,20.0,left,11,0.08896248499810902
L40_gamma2p0_g0p0_T400,product,40,0.0,20.0,left,12,0.9110392245839695
L40_gamma2p0_g0p0_T400,product,40,0.0,20.0,left,13,0.08896122514334197
L40_gamma2p0_g0p0_T400,product,40,0.0,20.0,left,14,0.911039051931226
L40_gamma2p0_g0p0_T400,product,40,0.0,20.0,left,15,0.08896101021528231
L40_gamma2p0_g0p0_T400,product,40,0.0,20.0,left,16,0.9110390260004473
L40_gamma2p0_g0p0_T400,product,40,0.0,20.0,left,17,0.08896097901724105
L40_gamma2p0_g0p0_T400,product,40,0.0,20.0,left,18,0.9110390247620499
L40_gamma2p0_g0p0_T400,product,40,0.0,20.0,left,19,0.08896097486224507
L40_gamma2p0_g0p0_T400,product,40,0.0,20.0,left,20,0.9110390251377549
L40_gamma2p0_g0p0_T400,product,40,0.0,20.0,left,21,0.08896097523795013
L40_gamma2p0_g0p0_T400,product,40,0.0,20.0,left,22,0.9110390209827589
L40_gamma2p0_g0p0_T400,product,40,0.0,20.0,left,23,0.08896097399955273
L40_gamma2p0_g0p0_T400,product,40,0.0,20.0,left,24,0.9110389897847175
L40_gamma2p0_g0p0_T400,product,40,0.0,20.0,left,25,0.0889609480687742
L40_gamma2p0_g0p0_T400,product,40,0.0,20.0,left,26,0.911038774856658
L40_gamma2p0_g0p0_T400,product,40,0.0,20.0,left,27,0.0889607754160303
L40_gamma2p0_g0p0_T400,product,40,0.0,20.0,left,28,0.911037515001891
L40_gamma2p0_g0p0_T400,product,40,0.0,20.0,left,29,0.08895996728438092
L40_gamma2p0_g0p0_T400,product,40,0.0,20.0,left,30,0.9110318293674621
L40_gamma2p0_g0p0_T400,product,40,0.0,20.0,left,31,0.08895728986397183
L40_gamma2p0_g0p0_T400,product,40,0.0,20.0,left,32,0.9110138513875792
L40_gamma2p0_g0p0_T400,product,40,0.0,20.0,left,33,0.08895165930963843
L40_gamma2p0_g0p0_T400,product,40,0.0,20.0,left,34,0.9109804894844202
L40_gamma2p0_g0p0_T400,product,40,0.0,20.0,left,35,0.08894260486402578
L40_gamma2p0_g0p0_T400,product,40,0.0,20.0,left,36,0.9109803653450034
L40_gamma2p0_g0p0_T400,product,40,0.0,20.0,left,37,0.08866213494018874
L40_gamma2p0_g0p0_T400,product,40,0.0,20.0,left,38,0.912788279225347
L40_gamma2p0_g0p0_T400,product,40,0.0,20.0,left,39,0.017146320524095843
L40_gamma2p0_g0p0_T500,product,40,0.0,25.0,charge_density_wave,0,0.9828528349939356
L40_gamma2p0_g0p0_T500,product,40,0.0,25.0,charge_density_wave,1,0.08717206256505287
L40_gamma2p0_g0p0_T500,product,40,0.0,25.0,charge_density_wave,2,0.9113280028962263
L40_gamma2p0_g0p0_T500,product,40,0.0,25.0,charge_density_wave,3,0.08894124889550235
L40_gamma2p0_g0p0_T500,product,40,0.0,25.0,charge_density_wave,4,0.9110433566512524
L40_gamma2p0_g0p0_T500,product,40,0.0,25.0,charge_density_wave,5,0.08896062447067699
L40_gamma2p0_g0p0_T500,product,40,0.0,25.0,charge_density_wave,6,0.9110390982450098
L40_gamma2p0_g0p0_T500,product,40,0.0,25.0,charge_density_wave,7,0.08896098296137062
L40_gamma2p0_g0p0_T500,product,40,0.0,25.0,charge_density_wave,8,0.9110390108763838
L40_gamma2p0_g0p0_T500,product,40,0.0,25.0,charge_density_wave,9,0.08896099104507527
L40_gamma2p0_g0p0_T500,product,40,0.0,25.0,charge_density_wave,10,0.9110390088019702
L40_gamma2p0_g0p0_T500,product,40,0.0,25.0,charge_density_wave,11,0.08896099124755656
L40_gamma2p0_g0p0_T500,product,40,0.0,25.0,charge_density_wave,12,0.9110390087483788
L40_gamma2p0_g0p0_T500,product,40,0.0,25.0,charge_density_wave,13,0.08896099125297086
L40_gamma2p0_g0p0_T500,product,40,0.0,25.0,charge_density_wave,14,0.9110390087469161
L40_gamma2p0_g0p0_T500,product,40,0.0,25.0,charge_density_wave,15,0.08896099125312223
L40_gamma2p0_g0p0_T500,product,40,0.0,25.0,charge_density_wave,16,0.9110390087468746
L40_gamma2p0_g0p0_T500,product,40,0.0,25.0,charge_density_wave,17,0.08896099125312662
L40_gamma2p0_g0p0_T500,product,40,0.0,25.0,charge_density_wave,18,0.9110390087468734
L40_gamma2p0_g0p0_T500,product,40,0.0,25.0,charge_density_wave,19,0.08896099125312676
L40_gamma2p0_g0p0_T500,product,40,0.0,25.0,charge_density_wave,20,0.9110390087468733
L40_gamma2p0_g0p0_T500,product,40,0.0,25.0,charge_density_wave,21,0.0889609912531267
L40_gamma2p0_g0p0_T500,product,40,0.0,25.0,charge_density_wave,22,0.9110390087468734
L40_gamma2p0_g0p0_T500,product,40,0.0,25.0,charge_density_wave,23,0.0889609912531255
L40_gamma2p0_g0p0_T500,product,40,0.0,25.0,charge_density_wave,24,0.9110390087468778
L40_gamma2p0_g0p0_T500,product,40,0.0,25.0,charge_density_wave,25,0.088960991253084
L40_gamma2p0_g0p0_T500,product,40,0.0,25.0,charge_density_wave,26,0.9110390087470291
L40_gamma2p0_g0p0_T500,product,40,0.0,25.0,charge_density_wave,27,0.08896099125162117
L40_gamma2p0_g0p0_T500,product,40,0.0,25.0,charge_density_wave,28,0.9110390087524434
L40_gamma2p0_g0p0_T500,product,40,0.0,25.0,charge_density_wave,29,0.08896099119802986
L40_gamma2p0_g0p0_T500,product,40,0.0,25.0,charge_density_wave,30,0.9110390089549246
L40_gamma2p0_g0p0_T500,product,40,0.0,25.0,charge_density_wave,31,0.08896098912361622
L40_gamma2p0_g0p0_T500,product,40,0.0,25.0,charge_density_wave,32,0.9110390170386293
L40_gamma2p0_g0p0_T500,product,40,0.0,25.0,charge_density_wave,33,0.08896090175499011
L40_gamma2p0_g0p0_T500,product,40,0.0,25.0,charge_density_wave,34,0.9110393755293231
L40_gamma2p0_g0p0_T500,product,40,0.0,25.0,charge_density_wave,35,0.08895664334874762
L40_gamma2p0_g0p0_T500,product,40,0.0,25.0,charge_density_wave,36,0.9110587511044975
L40_gamma2p0_g0p0_T500,product,40,0.0,25.0,charge_density_wave,37,0.08867199710377371
L40_gamma2p0_g0p0_T500,product,40,0.0,25.0,charge_density_wave,38,0.9128279374349472
L40_gamma2p0_g0p0_T500,product,40,0.0,25.0,charge_density_wave,39,0.01714716500606429
L40_gamma2p0_g0p0_T500,product,40,0.0,25.0,left,0,0.9828528349939357
L40_gamma2p0_g0p0_T500,product,40,0.0,25.0,left,1,0.08717206256505258
L40_gamma2p0_g0p0_T500,product,40,0.0,25.0,left,2,0.911328002896227
L40_gamma2p0_g0p0_T500,product,40,0.0,25.0,left,3,0.08894124889550005
L40_gamma2p0_g0p0_T500,product,40,0.0,25.0,left,4,0.9110433566512551
L40_gamma2p0_g0p0_T500,product,40,0.0,25.0,left,5,0.08896062447066798
L40_gamma2p0_g0p0_T500,product,40,0.0,25.0,left,6,0.9110390982450197
L40_gamma2p0_g0p0_T500,product,40,0.0,25.0,left,7,0.08896098296134468
L40_gamma2p0_g0p0_T500,product,40,0.0,25.0,left,8,0.9110390108764105
L40_gamma2p0_g0p0_T500,product,40,0.0,25.0,left,9,0.08896099104501543
L40_gamma2p0_g0p0_T500,product,40,0.0,25.0,left,10,0.9110390088020305
L40_gamma2p0_g0p0_T500,product,40,0.0,25.0,left,11,0.08896099124744175
L40_gamma2p0_g0p0_T500,product,40,0.0,25.0,left,12,0.9110390087484938
L40_gamma2p0_g0p0_T500,product,40,0.0,25.0,left,13,0.08896099125278362
L40_gamma2p0_g0p0_T500,product,40,0.0,25.0,left,14,0.9110390087471024
L40_gamma2p0_g0p0_T500,product,40,0.0,25.0,left,15,0.08896099125285913
L40_gamma2p0_g0p0_T500,product,40,0.0,25.0,left,16,0.9110390087471365
L40_gamma2p0_g0p0_T500,product,40,0.0,25.0,left,17,0.08896099125280518
L40_gamma2p0_g0p0_T500,product,40,0.0,25.0,left,18,0.9110390087471938
L40_gamma2p0_g0p0_T500,product,40,0.0,25.0,left,19,0.0889609912527837
L40_gamma2p0_g0p0_T500,product,40,0.0,25.0,left,20,0.9110390087472162
L40_gamma2p0_g0p0_T500,product,40,0.0,25.0,left,21,0.0889609912528062
L40_gamma2p0_g0p0_T500,product,40,0.0,25.0,left,22,0.9110390087471948
L40_gamma2p0_g0p0_T500,product,40,0.0,25.0,left,23,0.08896099125286357
L40_gamma2p0_g0p0_T500,product,40,0.0,25.0,left,24,0.9110390087471408
L40_gamma2p0_g0p0_T500,product,40,0.0,25.0,left,25,0.08896099125289754
L40_gamma2p0_g0p0_T500,product,40,0.0,25.0,left,26,0.9110390087472164
L40_gamma2p0_g0p0_T500,product,40,0.0,25.0,left,27,0.0889609912515064
L40_gamma2p0_g0p0_T500,product,40,0.0,25.0,left,28,0.9110390087525583
L40_gamma2p0_g0p0_T500,product,40,0.0,25.0,left,29,0.08896099119796945
L40_gamma2p0_g0p0_T500,product,40,0.0,25.0,left,30,0.9110390089549847
L40_gamma2p0_g0p0_T500,product,40,0.0,25.0,left,31,0.08896098912358952
L40_gamma2p0_g0p0_T500,product,40,0.0,25.0,left,32,0.9110390170386555
L40_gamma2p0_g0p0_T500,product,40,0.0,25.0,left,33,0.08896090175498046
L40_gamma2p0_g0p0_T500,product,40,0.0,25.0,left,34,0.911039375529332
L40_gamma2p0_g0p0_T500,product,40,0.0,25.0,left,35,0.08895664334874491
L40_gamma2p0_g0p0_T500,product,40,0.0,25.0,left,36,0.9110587511045
L40_gamma2p0_g0p0_T500,product,40,0.0,25.0,left,37,0.0886719971037732
L40_gamma2p0_g0p0_T500,product,40,0.0,25.0,left,38,0.9128279374349474
L40_gamma2p0_g0p0_T500,product,40,0.0,25.0,left,39,0.017147165006064266
L40_gamma2p0_g0p1_T200,product,40,0.1,10.0,charge_density_wave,0,0.9826257398731488
L40_gamma2p0_g0p1_T200,product,40,0.1,10.0,charge_density_wave,1,0.07543053548771946
L40_gamma2p0_g0p1_T200,product,40,0.1,10.0,charge_density_wave,2,0.9227584362793364
L40_gamma2p0_g0p1_T200,product,40,0.1,10.0,charge_density_wave,3,0.07746292022060759
L40_gamma2p0_g0p1_T200,product,40,0.1,10.0,charge_density_wave,4,0.9225169081580541
L40_gamma2p0_g0p1_T200,product,40,0.1,10.0,charge_density_wave,5,0.07748615052154927
L40_gamma2p0_g0p1_T200,product,40,0.1,10.0,charge_density_wave,6,0.9225134613123773
L40_gamma2p0_g0p1_T200,product,40,0.1,10.0,charge_density_wave,7,0.07748659746192081
L40_gamma2p0_g0p1_T200,product,40,0.1,10.0,charge_density_wave,8,0.9225133934072856
L40_gamma2p0_g0p1_T200,product,40,0.1,10.0,charge_density_wave,9,0.07748660790632304
L40_gamma2p0_g0p1_T200,product,40,0.1,10.0,charge_density_wave,10,0.9225133918550353
L40_gamma2p0_g0p1_T200,product,40,0.1,10.0,charge_density_wave,11,0.07748660817694003
L40_gamma2p0_g0p1_T200,product,40,0.1,10.0,charge_density_wave,12,0.9225133918164011
L40_gamma2p0_g0p1_T200,product,40,0.1,10.0,charge_density_wave,13,0.07748660818441964
L40_gamma2p0_g0p1_T200,product,40,0.1,10.0,charge_density_wave,14,0.9225133918153859
L40_gamma2p0_g0p1_T200,product,40,0.1,10.0,charge_density_wave,15,0.07748660818463585
L40_gamma2p0_g0p1_T200,product,40,0.1,10.0,charge_density_wave,16,0.9225133918153583
L40_gamma2p0_g0p1_T200,product,40,0.1,10.0,charge_density_wave,17,0.07748660818464229
L40_gamma2p0_g0p1_T200,product,40,0.1,10.0,charge_density_wave,18,0.9225133918153575
L40_gamma2p0_g0p1_T200,product,40,0.1,10.0,charge_density_wave,19,0.07748660818464248
L40_gamma2p0_g0p1_T200,product,40,0.1,10.0,charge_density_wave,20,0.9225133918153574
L40_gamma2p0_g0p1_T200,product,40,0.1,10.0,charge_density_wave,21,0.07748660818464248
L40_gamma2p0_g0p1_T200,product,40,0.1,10.0,charge_density_wave,22,0.9225133918153577
L40_gamma2p0_g0p1_T200,product,40,0.1,10.0,charge_density_wave,23,0.07748660818464169
L40_gamma2p0_g0p1_T200,product,40,0.1,10.0,charge_density_wave,24,0.9225133918153642
L40_gamma2p0_g0p1_T200,product,40,0.1,10.0,charge_density_wave,25,0.07748660818461402
L40_gamma2p0_g0p1_T200,product,40,0.1,10.0,charge_density_wave,26,0.9225133918155803
L40_gamma2p0_g0p1_T200,product,40,0.1,10.0,charge_density_wave,27,0.07748660818359877
L40_gamma2p0_g0p1_T200,product,40,0.1,10.0,charge_density_wave,28,0.92251339182306
L40_gamma2p0_g0p1_T200,product,40,0.1,10.0,charge_density_wave,29,0.07748660814496452
L40_gamma2p0_g0p1_T200,product,40,0.1,10.0,charge_density_wave,30,0.9225133920936769
L40_gamma2p0_g0p1_T200,product,40,0.1,10.0,charge_density_wave,31,0.07748660659271425
L40_gamma2p0_g0p1_T200,product,40,0.1,10.0,charge_density_wave,32,0.9225134025380791
L40_gamma2p0_g0p1_T200,product,40,0.1,10.0,charge_density_wave,33,0.07748653868762262
L40_gamma2p0_g0p1_T200,product,40,0.1,10.0,charge_density_wave,34,0.9225138494784507
L40_gamma2p0_g0p1_T200,product,40,0.1,10.0,charge_density_wave,35,0.07748309184194584
L40_gamma2p0_g0p1_T200,product,40,0.1,10.0,charge_density_wave,36,0.9225370797793924
L40_gamma2p0_g0p1_T200,product,40,0.1,10.0,charge_density_wave,37,0.07724156372066368
L40_gamma2p0_g0p1_T200,product,40,0.1,10.0,charge_density_wave,38,0.9245694645122806
L40_gamma2p0_g0p1_T200,product,40,0.1,10.0,charge_density_wave,39,0.017374260126851192
L40_gamma2p0_g0p1_T200,product,40,0.1,10.0,left,0,0.9999879205822332
L40_gamma2p0_g0p1_T200,product,40,0.1,10.0,left,1,0.9991002775771962
L40_gamma2p0_g0p1_T200,product,40,0.1,10.0,left,2,0.999908760794463
L40_gamma2p0_g0p1_T200,product,40,0.1,10.0,left,3,0.9827760041984512
L40_gamma2p0_g0p1_T200,product,40,0.1,10.0,left,4,0.999578051854504
L40_gamma2p0_g0p1_T200,product,40,0.1,10.0,left,5,0.8492546769597752
L40_gamma2p0_g0p1_T200,product,40,0.1,10.0,left,6,0.9995003803486289
L40_gamma2p0_g0p1_T200,product,40,0.1,10.0,left,7,0.5175853455026868
L40_gamma2p0_g0p1_T200,product,40,0.1,10.0,left,8,0.9861384936212785
L40_gamma2p0_g0p1_T200,product,40,0.1,10.0,left,9,0.4858165716046025
L40_gamma2p0_g0p1_T200,product,40,0.1,10.0,left,10,0.973333312086756
L40_gamma2p0_g0p1_T200,product,40,0.1,10.0,left,11,0.23307865352183207
L40_gamma2p0_g0p1_T200,product,40,0.1,10.0,left,12,0.9401134989368642
L40_gamma2p0_g0p1_T200,product,40,0.1,10.0,left,13,0.10757659438564936
L40_gamma2p0_g0p1_T200,product,40,0.1,10.0,left,14,0.9258585243751709
L40_gamma2p0_g0p1_T200,product,40,0.1,10.0,left,15,0.08123704015821077
L40_gamma2p0_g0p1_T200,product,40,0.1,10.0,left,16,0.9229680978348588
L40_gamma2p0_g0p1_T200,product,40,0.1,10.0,left,17,0.07779026311407897
L40_gamma2p0_g0p1_T200,product,40,0.1,10.0,left,18,0.9226013155683669
L40_gamma2p0_g0p1_T200,product,40,0.1,10.0,left,19,0.07745381141435445
L40_gamma2p0_g0p1_T200,product,40,0.1,10.0,left,20,0.9225461885856455
L40_gamma2p0_g0p1_T200,product,40,0.1,10.0,left,21,0.07739868443163307
L40_gamma2p0_g0p1_T200,product,40,0.1,10.0,left,22,0.9222097368859211
L40_gamma2p0_g0p1_T200,product,40,0.1,10.0,left,23,0.07703190216514116
L40_gamma2p0_g0p1_T200,product,40,0.1,10.0,left,24,0.9187629598417892
L40_gamma2p0_g0p1_T200,product,40,0.1,10.0,left,25,0.07414147562482902
L40_gamma2p0_g0p1_T200,product,40,0.1,10.0,left,26,0.8924234056143507
L40_gamma2p0_g0p1_T200,product,40,0.1,10.0,left,27,0.05988650106313573
L40_gamma2p0_g0p1_T200,product,40,0.1,10.0,left,28,0.7669213464781679
L40_gamma2p0_g0p1_T200,product,40,0.1,10.0,left,29,0.02666668791324419
L40_gamma2p0_g0p1_T200,product,40,0.1,10.0,left,30,0.5141834283953974
L40_gamma2p0_g0p1_T200,product,40,0.1,10.0,left,31,0.013861506378721498
L40_gamma2p0_g0p1_T200,product,40,0.1,10.0,left,32,0.48241465449731324
L40_gamma2p0_g0p1_T200,product,40,0.1,10.0,left,33,0.0004996196513711757
L40_gamma2p0_g0p1_T200,product,40,0.1,10.0,left,34,0.15074532304022478
L40_gamma2p0_g0p1_T200,product,40,0.1,10.0,left,35,0.0004219481454959043
L40_gamma2p0_g0p1_T200,product,40,0.1,10.0,left,36,0.017223995801548778
L40_gamma2p0_g0p1_T200,product,40,0.1,10.0,left,37,9.123920553700301e-05
L40_gamma2p0_g0p1_T200,product,40,0.1,10.0,left,38,0.0008997224228038737
L40_gamma2p0_g0p1_T200,product,40,0.1,10.0,left,39,1.207941776688188e-05
L40_gamma2p0_g0p1_T300,product,40,0.1,15.0,charge_density_wave,0,0.9826257398731453
L40_gamma2p0_g0p1_T300,product,40,0.1,15.0,charge_density_wave,1,0.0754305354877421
L40_gamma2p0_g0p1_T300,product,40,0.1,15.0,charge_density_wave,2,0.922758436279297
L40_gamma2p0_g0p1_T300,product,40,0.1,15.0,charge_density_wave,3,0.07746292022067103
L40_gamma2p0_g0p1_T300,product,40,0.1,15.0,charge_density_wave,4,0.9225169081579785
L40_gamma2p0_g0p1_T300,product,40,0.1,15.0,charge_density_wave,5,0.07748615052163665
L40_gamma2p0_g0p1_T300,product,40,0.1,15.0,charge_density_wave,6,0.9225134613122855
L40_gamma2p0_g0p1_T300,product,40,0.1,15.0,charge_density_wave,7,0.07748659746201605
L40_gamma2p0_g0p1_T300,product,40,0.1,15.0,charge_density_wave,8,0.9225133934071894
L40_gamma2p0_g0p1_T300,product,40,0.1,15.0,charge_density_wave,9,0.07748660790641995
L40_gamma2p0_g0p1_T300,product,40,0.1,15.0,charge_density_wave,10,0.9225133918549385
L40_gamma2p0_g0p1_T300,product,40,0.1,15.0,charge_density_wave,11,0.07748660817703722
L40_gamma2p0_g0p1_T300,product,40,0.1,15.0,charge_density_wave,12,0.9225133918163041
L40_gamma2p0_g0p1_T300,product,40,0.1,15.0,charge_density_wave,13,0.07748660818451689
L40_gamma2p0_g0p1_T300,product,40,0.1,15.0,charge_density_wave,14,0.9225133918152888
L40_gamma2p0_g0p1_T300,product,40,0.1,15.0,charge_density_wave,15,0.07748660818473306
L40_gamma2p0_g0p1_T300,product,40,0.1,15.0,charge_density_wave,16,0.922513391815261
L40_gamma2p0_g0p1_T300,product,40,0.1,15.0,charge_density_wave,17,0.07748660818473953
L40_gamma2p0_g0p1_T300,product,40,0.1,15.0,charge_density_wave,18,0.9225133918152602
L40_gamma2p0_g0p1_T300,product,40,0.1,15.0,charge_density_wave,19,0.07748660818473971
L40_gamma2p0_g0p1_T300,product,40,0.1,15.0,charge_density_wave,20,0.9225133918152603
L40_gamma2p0_g0p1_T300,product,40,0.1,15.0,charge_density_wave,21,0.07748660818473971
L40_gamma2p0_g0p1_T300,product,40,0.1,15.0,charge_density_wave,22,0.9225133918152605
L40_gamma2p0_g0p1_T300,product,40,0.1,15.0,charge_density_wave,23,0.0774866081847389
L40_gamma2p0_g0p1_T300,product,40,0.1,15.0,charge_density_wave,24,0.9225133918152668
L40_gamma2p0_g0p1_T300,product,40,0.1,15.0,charge_density_wave,25,0.07748660818471124
L40_gamma2p0_g0p1_T300,product,40,0.1,15.0,charge_density_wave,26,0.9225133918154832
L40_gamma2p0_g0p1_T300,product,40,0.1,15.0,charge_density_wave,27,0.07748660818369597
L40_gamma2p0_g0p1_T300,product,40,0.1,15.0,charge_density_wave,28,0.9225133918229629
L40_gamma2p0_g0p1_T300,product,40,0.1,15.0,charge_density_wave,29,0.0774866081450616
L40_gamma2p0_g0p1_T300,product,40,0.1,15.0,charge_density_wave,30,0.9225133920935801
L40_gamma2p0_g0p1_T300,product,40,0.1,15.0,charge_density_wave,31,0.07748660659281054
L40_gamma2p0_g0p1_T300,product,40,0.1,15.0,charge_density_wave,32,0.922513402537984
L40_gamma2p0_g0p1_T300,product,40,0.1,15.0,charge_density_wave,33,0.07748653868771452
L40_gamma2p0_g0p1_T300,product,40,0.1,15.0,charge_density_wave,34,0.9225138494783633
L40_gamma2p0_g0p1_T300,product,40,0.1,15.0,charge_density_wave,35,0.07748309184202148
L40_gamma2p0_g0p1_T300,product,40,0.1,15.0,charge_density_wave,36,0.922537079779329
L40_gamma2p0_g0p1_T300,product,40,0.1,15.0,charge_density_wave,37,0.07724156372070307
L40_gamma2p0_g0p1_T300,product,40,0.1,15.0,charge_density_wave,38,0.924569464512258
L40_gamma2p0_g0p1_T300,product,40,0.1,15.0,charge_density_wave,39,0.017374260126854592
L40_gamma2p0_g0p1_T300,product,40,0.1,15.0,left,0,0.992102734901554
L40_gamma2p0_g0p1_T300,product,40,0.1,15.0,left,1,0.5450149224354464
L40_gamma2p0_g0p1_T300,product,40,0.1,15.0,left,2,0.9889800730763497
L40_gamma2p0_g0p1_T300,product,40,0.1,15.0,left,3,0.46207639237765985
L40_gamma2p0_g0p1_T300,product,40,0.1,15.0,left,4,0.9744342450859488
L40_gamma2p0_g0p1_T300,product,40,0.1,15.0,left,5,0.39487973493194484
L40_gamma2p0_g0p1_T300,product,40,0.1,15.0,left,6,0.9710622866123708
L40_gamma2p0_g0p1_T300,product,40,0.1,15.0,left,7,0.334510617579475
L40_gamma2p0_g0p1_T300,product,40,0.1,15.0,left,8,0.9563885406256761
L40_gamma2p0_g0p1_T300,product,40,0.1,15.0,left,9,0.18604054176508783
L40_gamma2p0_g0p1_T300,product,40,0.1,15.0,left,10,0.9355733930092335
L40_gamma2p0_g0p1_T300,product,40,0.1,15.0,left,11,0.10476949039365874
L40_gamma2p0_g0p1_T300,product,40,0.1,15.0,left,12,0.9256648565982913
L40_gamma2p0_g0p1_T300,product,40,0.1,15.0,left,13,0.08218357160306601
L40_gamma2p0_g0p1_T300,product,40,0.1,15.0,left,14,0.923049544792719
L40_gamma2p0_g0p1_T300,product,40,0.1,15.0,left,15,0.07809359949733842
L40_gamma2p0_g0p1_T300,product,40,0.1,15.0,left,16,0.922584458567366
L40_gamma2p0_g0p1_T300,product,40,0.1,15.0,left,17,0.0775476256845528
L40_gamma2p0_g0p1_T300,product,40,0.1,15.0,left,18,0.922522427045248
L40_gamma2p0_g0p1_T300,product,40,0.1,15.0,left,19,0.07748912455091167
L40_gamma2p0_g0p1_T300,product,40,0.1,15.0,left,20,0.9225108754490884
L40_gamma2p0_g0p1_T300,product,40,0.1,15.0,left,21,0.07747757295475198
L40_gamma2p0_g0p1_T300,product,40,0.1,15.0,left,22,0.9224523743154471
L40_gamma2p0_g0p1_T300,product,40,0.1,15.0,left,23,0.07741554143263378
L40_gamma2p0_g0p1_T300,product,40,0.1,15.0,left,24,0.9219064005026616
L40_gamma2p0_g0p1_T300,product,40,0.1,15.0,left,25,0.07695045520728101
L40_gamma2p0_g0p1_T300,product,40,0.1,15.0,left,26,0.9178164283969339
L40_gamma2p0_g0p1_T300,product,40,0.1,15.0,left,27,0.0743351434017086
L40_gamma2p0_g0p1_T300,product,40,0.1,15.0,left,28,0.8952305096063413
L40_gamma2p0_g0p1_T300,product,40,0.1,15.0,left,29,0.06442660699076644
L40_gamma2p0_g0p1_T300,product,40,0.1,15.0,left,30,0.813959458234912
L40_gamma2p0_g0p1_T300,product,40,0.1,15.0,left,31,0.04361145937432384
L40_gamma2p0_g0p1_T300,product,40,0.1,15.0,left,32,0.6654893824205251
L40_gamma2p0_g0p1_T300,product,40,0.1,15.0,left,33,0.02893771338762923
L40_gamma2p0_g0p1_T300,product,40,0.1,15.0,left,34,0.605120265068055
L40_gamma2p0_g0p1_T300,product,40,0.1,15.0,left,35,0.025565754914051338
L40_gamma2p0_g0p1_T300,product,40,0.1,15.0,left,36,0.5379236076223401
L40_gamma2p0_g0p1_T300,product,40,0.1,15.0,left,37,0.011019926923650298
L40_gamma2p0_g0p1_T300,product,40,0.1,15.0,left,38,0.45498507756455353
L40_gamma2p0_g0p1_T300,product,40,0.1,15.0,left,39,0.007897265098446139
L40_gamma2p0_g0p1_T400,product,40,0.1,20.0,charge_density_wave,0,0.9826257398731455
L40_gamma2p0_g0p1_T400,product,40,0.1,20.0,charge_density_wave,1,0.07543053548774205
L40_gamma2p0_g0p1_T400,product,40,0.1,20.0,charge_density_wave,2,0.9227584362792969
L40_gamma2p0_g0p1_T400,product,40,0.1,20.0,charge_density_wave,3,0.07746292022067103
L40_gamma2p0_g0p1_T400,product,40,0.1,20.0,charge_density_wave,4,0.9225169081579785
L40_gamma2p0_g0p1_T400,product,40,0.1,20.0,charge_density_wave,5,0.07748615052163665
L40_gamma2p0_g0p1_T400,product,40,0.1,20.0,charge_density_wave,6,0.9225134613122854
L40_gamma2p0_g0p1_T400,product,40,0.1,20.0,charge_density_wave,7,0.07748659746201604
L40_gamma2p0_g0p1_T400,product,40,0.1,20.0,charge_density_wave,8,0.9225133934071895
L40_gamma2p0_g0p1_T400,product,40,0.1,20.0,charge_density_wave,9,0.07748660790641997
L40_gamma2p0_g0p1_T400,product,40,0.1,20.0,charge_density_wave,10,0.9225133918549384
L40_gamma2p0_g0p1_T400,product,40,0.1,20.0,charge_density_wave,11,0.0774866081770372
L40_gamma2p0_g0p1_T400,product,40,0.1,20.0,charge_density_wave,12,0.922513391816304
L40_gamma2p0_g0p1_T400,product,40,0.1,20.0,charge_density_wave,13,0.0774866081845169
L40_gamma2p0_g0p1_T400,product,40,0.1,20.0,charge_density_wave,14,0.9225133918152887
L40_gamma2p0_g0p1_T400,product,40,0.1,20.0,charge_density_wave,15,0.07748660818473306
L40_gamma2p0_g0p1_T400,product,40,0.1,20.0,charge_density_wave,16,0.9225133918152609
L40_gamma2p0_g0p1_T400,product,40,0.1,20.0,charge_density_wave,17,0.07748660818473953
L40_gamma2p0_g0p1_T400,product,40,0.1,20.0,charge_density_wave,18,0.9225133918152603
L40_gamma2p0_g0p1_T400,product,40,0.1,20.0,charge_density_wave,19,0.07748660818473972
L40_gamma2p0_g0p1_T400,product,40,0.1,20.0,charge_density_wave,20,0.9225133918152604
L40_gamma2p0_g0p1_T400,product,40,0.1,20.0,charge_density_wave,21,0.07748660818473971
L40_gamma2p0_g0p1_T400,product,40,0.1,20.0,charge_density_wave,22,0.9225133918152606
L40_gamma2p0_g0p1_T400,product,40,0.1,20.0,charge_density_wave,23,0.07748660818473893
L40_gamma2p0_g0p1_T400,product,40,0.1,20.0,charge_density_wave,24,0.922513391815267
L40_gamma2p0_g0p1_T400,product,40,0.1,20.0,charge_density_wave,25,0.07748660818471124
L40_gamma2p0_g0p1_T400,product,40,0.1,20.0,charge_density_wave,26,0.9225133918154832
L40_gamma2p0_g0p1_T400,product,40,0.1,20.0,charge_density_wave,27,0.07748660818369599
L40_gamma2p0_g0p1_T400,product,40,0.1,20.0,charge_density_wave,28,0.9225133918229629
L40_gamma2p0_g0p1_T400,product,40,0.1,20.0,charge_density_wave,29,0.07748660814506161
L40_gamma2p0_g0p1_T400,product,40,0.1,20.0,charge_density_wave,30,0.9225133920935799
L40_gamma2p0_g0p1_T400,product,40,0.1,20.0,charge_density_wave,31,0.07748660659281052
L40_gamma2p0_g0p1_T400,product,40,0.1,20.0,charge_density_wave,32,0.922513402537984
L40_gamma2p0_g0p1_T400,product,40,0.1,20.0,charge_density_wave,33,0.07748653868771452
L40_gamma2p0_g0p1_T400,product,40,0.1,20.0,charge_density_wave,34,0.9225138494783633
L40_gamma2p0_g0p1_T400,product,40,0.1,20.0,charge_density_wave,35,0.07748309184202148
L40_gamma2p0_g0p1_T400,product,40,0.1,20.0,charge_density_wave,36,0.922537079779329
L40_gamma2p0_g0p1_T400,product,40,0.1,20.0,charge_density_wave,37,0.07724156372070307
L40_gamma2p0_g0p1_T400,product,40,0.1,20.0,charge_density_wave,38,0.9245694645122577
L40_gamma2p0_g0p1_T400,product,40,0.1,20.0,charge_density_wave,39,0.017374260126854595
L40_gamma2p0_g0p1_T400,product,40,0.1,20.0,left,0,0.9826257679290066
L40_gamma2p0_g0p1_T400,product,40,0.1,20.0,left,1,0.07543181407296161
L40_gamma2p0_g0p1_T400,product,40,0.1,20.0,left,2,0.9227587544252455
L40_gamma2p0_g0p1_T400,product,40,0.1,20.0,left,3,0.07746604240730627
L40_gamma2p0_g0p1_T400,product,40,0.1,20.0,left,4,0.9225174329272702
L40_gamma2p0_g0p1_T400,product,40,0.1,20.0,left,5,0.07748903834047498
L40_gamma2p0_g0p1_T400,product,40,0.1,20.0,left,6,0.9225138722312713
L40_gamma2p0_g0p1_T400,product,40,0.1,20.0,left,7,0.07748811501756668
L40_gamma2p0_g0p1_T400,product,40,0.1,20.0,left,8,0.9225135917376266
L40_gamma2p0_g0p1_T400,product,40,0.1,20.0,left,9,0.07748713836734349
L40_gamma2p0_g0p1_T400,product,40,0.1,20.0,left,10,0.9225134602730427
L40_gamma2p0_g0p1_T400,product,40,0.1,20.0,left,11,0.07748673990918285
L40_gamma2p0_g0p1_T400,product,40,0.1,20.0,left,12,0.9225134133810801
L40_gamma2p0_g0p1_T400,product,40,0.1,20.0,left,13,0.07748662716305471
L40_gamma2p0_g0p1_T400,product,40,0.1,20.0,left,14,0.9225134033483705
L40_gamma2p0_g0p1_T400,product,40,0.1,20.0,left,15,0.07748660104591316
L40_gamma2p0_g0p1_T400,product,40,0.1,20.0,left,16,0.9225134038404036
L40_gamma2p0_g0p1_T400,product,40,0.1,20.0,left,17,0.0774865947988496
L40_gamma2p0_g0p1_T400,product,40,0.1,20.0,left,18,0.9225134058196979
L40_gamma2p0_g0p1_T400,product,40,0.1,20.0,left,19,0.07748659337512025
L40_gamma2p0_g0p1_T400,product,40,0.1,20.0,left,20,0.9225134066248797
L40_gamma2p0_g0p1_T400,product,40,0.1,20.0,left,21,0.07748659418030202
L40_gamma2p0_g0p1_T400,product,40,0.1,20.0,left,22,0.9225134052011504
L40_gamma2p0_g0p1_T400,product,40,0.1,20.0,left,23,0.07748659615959619
L40_gamma2p0_g0p1_T400,product,40,0.1,20.0,left,24,0.9225133989540867
L40_gamma2p0_g0p1_T400,product,40,0.1,20.0,left,25,0.07748659665162955
L40_gamma2p0_g0p1_T400,product,40,0.1,20.0,left,26,0.9225133728369455
L40_gamma2p0_g0p1_T400,product,40,0.1,20.0,left,27,0.07748658661891986
L40_gamma2p0_g0p1_T400,product,40,0.1,20.0,left,28,0.9225132600908172
L40_gamma2p0_g0p1_T400,product,40,0.1,20.0,left,29,0.07748653972695742
L40_gamma2p0_g0p1_T400,product,40,0.1,20.0,left,30,0.9225128616326564
L40_gamma2p0_g0p1_T400,product,40,0.1,20.0,left,31,0.07748640826237345
L40_gamma2p0_g0p1_T400,product,40,0.1,20.0,left,32,0.9225118849824333
L40_gamma2p0_g0p1_T400,product,40,0.1,20.0,left,33,0.07748612776872875
L40_gamma2p0_g0p1_T400,product,40,0.1,20.0,left,34,0.9225109616595251
L40_gamma2p0_g0p1_T400,product,40,0.1,20.0,left,35,0.07748256707272978
L40_gamma2p0_g0p1_T400,product,40,0.1,20.0,left,36,0.9225339575926937
L40_gamma2p0_g0p1_T400,product,40,0.1,20.0,left,37,0.07724124557475454
L40_gamma2p0_g0p1_T400,product,40,0.1,20.0,left,38,0.9245681859270383
L40_gamma2p0_g0p1_T400,product,40,0.1,20.0,left,39,0.01737423207099336
L40_gamma2p0_g0p1_T500,product,40,0.1,25.0,charge_density_wave,0,0.9826257398731455
L40_gamma2p0_g0p1_T500,product,40,0.1,25.0,charge_density_wave,1,0.07543053548774208
L40_gamma2p0_g0p1_T500,product,40,0.1,25.0,charge_density_wave,2,0.922758436279297
L40_gamma2p0_g0p1_T500,product,40,0.1,25.0,charge_density_wave,3,0.07746292022067103
L40_gamma2p0_g0p1_T500,product,40,0.1,25.0,charge_density_wave,4,0.9225169081579785
L40_gamma2p0_g0p1_T500,product,40,0.1,25.0,charge_density_wave,5,0.07748615052163667
L40_gamma2p0_g0p1_T500,product,40,0.1,25.0,charge_density_wave,6,0.9225134613122856
L40_gamma2p0_g0p1_T500,product,40,0.1,25.0,charge_density_wave,7,0.07748659746201604
L40_gamma2p0_g0p1_T500,product,40,0.1,25.0,charge_density_wave,8,0.9225133934071895
L40_gamma2p0_g0p1_T500,product,40,0.1,25.0,charge_density_wave,9,0.07748660790641995
L40_gamma2p0_g0p1_T500,product,40,0.1,25.0,charge_density_wave,10,0.9225133918549382
L40_gamma2p0_g0p1_T500,product,40,0.1,25.0,charge_density_wave,11,0.07748660817703722
L40_gamma2p0_g0p1_T500,product,40,0.1,25.0,charge_density_wave,12,0.922513391816304
L40_gamma2p0_g0p1_T500,product,40,0.1,25.0,charge_density_wave,13,0.07748660818451689
L40_gamma2p0_g0p1_T500,product,40,0.1,25.0,charge_density_wave,14,0.9225133918152888
L40_gamma2p0_g0p1_T500,product,40,0.1,25.0,charge_density_wave,15,0.07748660818473305
L40_gamma2p0_g0p1_T500,product,40,0.1,25.0,charge_density_wave,16,0.9225133918152612
L40_gamma2p0_g0p1_T500,product,40,0.1,25.0,charge_density_wave,17,0.07748660818473953
L40_gamma2p0_g0p1_T500,product,40,0.1,25.0,charge_density_wave,18,0.9225133918152603
L40_gamma2p0_g0p1_T500,product,40,0.1,25.0,charge_density_wave,19,0.07748660818473972
L40_gamma2p0_g0p1_T500,product,40,0.1,25.0,charge_density_wave,20,0.9225133918152602
L40_gamma2p0_g0p1_T500,product,40,0.1,25.0,charge_density_wave,21,0.0774866081847397
L40_gamma2p0_g0p1_T500,product,40,0.1,25.0,charge_density_wave,22,0.9225133918152605
L40_gamma2p0_g0p1_T500,product,40,0.1,25.0,charge_density_wave,23,0.07748660818473893
L40_gamma2p0_g0p1_T500,product,40,0.1,25.0,charge_density_wave,24,0.9225133918152669
L40_gamma2p0_g0p1_T500,product,40,0.1,25.0,charge_density_wave,25,0.07748660818471124
L40_gamma2p0_g0p1_T500,product,40,0.1,25.0,charge_density_wave,26,0.9225133918154833
L40_gamma2p0_g0p1_T500,product,40,0.1,25.0,charge_density_wave,27,0.07748660818369599
L40_gamma2p0_g0p1_T500,product,40,0.1,25.0,charge_density_wave,28,0.9225133918229629
L40_gamma2p0_g0p1_T500,product,40,0.1,25.0,charge_density_wave,29,0.07748660814506161
L40_gamma2p0_g0p1_T500,product,40,0.1,25.0,charge_density_wave,30,0.9225133920935801
L40_gamma2p0_g0p1_T500,product,40,0.1,25.0,charge_density_wave,31,0.07748660659281054
L40_gamma2p0_g0p1_T500,product,40,0.1,25.0,charge_density_wave,32,0.922513402537984
L40_gamma2p0_g0p1_T500,product,40,0.1,25.0,charge_density_wave,33,0.07748653868771452
L40_gamma2p0_g0p1_T500,product,40,0.1,25.0,charge_density_wave,34,0.9225138494783635
L40_gamma2p0_g0p1_T500,product,40,0.1,25.0,charge_density_wave,35,0.07748309184202147
L40_gamma2p0_g0p1_T500,product,40,0.1,25.0,charge_density_wave,36,0.9225370797793291
L40_gamma2p0_g0p1_T500,product,40,0.1,25.0,charge_density_wave,37,0.07724156372070308
L40_gamma2p0_g0p1_T500,product,40,0.1,25.0,charge_density_wave,38,0.9245694645122581
L40_gamma2p0_g0p1_T500,product,40,0.1,25.0,charge_density_wave,39,0.017374260126854595
L40_gamma2p0_g0p1_T500,product,40,0.1,25.0,left,0,0.9826257398731453
L40_gamma2p0_g0p1_T500,product,40,0.1,25.0,left,1,0.07543053548774176
L40_gamma2p0_g0p1_T500,product,40,0.1,25.0,left,2,0.9227584362792975
L40_gamma2p0_g0p1_T500,product,40,0.1,25.0,left,3,0.07746292022066897
L40_gamma2p0_g0p1_T500,product,40,0.1,25.0,left,4,0.922516908157981
L40_gamma2p0_g0p1_T500,product,40,0.1,25.0,left,5,0.07748615052162884
L40_gamma2p0_g0p1_T500,product,40,0.1,25.0,left,6,0.9225134613122944
L40_gamma2p0_g0p1_T500,product,40,0.1,25.0,left,7,0.07748659746199352
L40_gamma2p0_g0p1_T500,product,40,0.1,25.0,left,8,0.9225133934072142
L40_gamma2p0_g0p1_T500,product,40,0.1,25.0,left,9,0.07748660790636787
L40_gamma2p0_g0p1_T500,product,40,0.1,25.0,left,10,0.9225133918549941
L40_gamma2p0_g0p1_T500,product,40,0.1,25.0,left,11,0.07748660817693682
L40_gamma2p0_g0p1_T500,product,40,0.1,25.0,left,12,0.9225133918164089
L40_gamma2p0_g0p1_T500,product,40,0.1,25.0,left,13,0.07748660818435245
L40_gamma2p0_g0p1_T500,product,40,0.1,25.0,left,14,0.9225133918154578
L40_gamma2p0_g0p1_T500,product,40,0.1,25.0,left,15,0.07748660818450093
L40_gamma2p0_g0p1_T500,product,40,0.1,25.0,left,16,0.922513391815497
L40_gamma2p0_g0p1_T500,product,40,0.1,25.0,left,17,0.07748660818445463
L40_gamma2p0_g0p1_T500,product,40,0.1,25.0,left,18,0.9225133918155471
L40_gamma2p0_g0p1_T500,product,40,0.1,25.0,left,19,0.07748660818443413
L40_gamma2p0_g0p1_T500,product,40,0.1,25.0,left,20,0.9225133918155658
L40_gamma2p0_g0p1_T500,product,40,0.1,25.0,left,21,0.07748660818445269
L40_gamma2p0_g0p1_T500,product,40,0.1,25.0,left,22,0.9225133918155454
L40_gamma2p0_g0p1_T500,product,40,0.1,25.0,left,23,0.07748660818450305
L40_gamma2p0_g0p1_T500,product,40,0.1,25.0,left,24,0.922513391815499
L40_gamma2p0_g0p1_T500,product,40,0.1,25.0,left,25,0.07748660818454231
L40_gamma2p0_g0p1_T500,product,40,0.1,25.0,left,26,0.9225133918156475
L40_gamma2p0_g0p1_T500,product,40,0.1,25.0,left,27,0.07748660818359127
L40_gamma2p0_g0p1_T500,product,40,0.1,25.0,left,28,0.9225133918230631
L40_gamma2p0_g0p1_T500,product,40,0.1,25.0,left,29,0.07748660814500608
L40_gamma2p0_g0p1_T500,product,40,0.1,25.0,left,30,0.9225133920936321
L40_gamma2p0_g0p1_T500,product,40,0.1,25.0,left,31,0.07748660659278578
L40_gamma2p0_g0p1_T500,product,40,0.1,25.0,left,32,0.9225134025380064
L40_gamma2p0_g0p1_T500,product,40,0.1,25.0,left,33,0.07748653868770547
L40_gamma2p0_g0p1_T500,product,40,0.1,25.0,left,34,0.9225138494783711
L40_gamma2p0_g0p1_T500,product,40,0.1,25.0,left,35,0.07748309184201892
L40_gamma2p0_g0p1_T500,product,40,0.1,25.0,left,36,0.922537079779331
L40_gamma2p0_g0p1_T500,product,40,0.1,25.0,left,37,0.07724156372070257
L40_gamma2p0_g0p1_T500,product,40,0.1,25.0,left,38,0.9245694645122583
L40_gamma2p0_g0p1_T500,product,40,0.1,25.0,left,39,0.01737426012685457
L40_gamma2p0_g0p25_T100,product,40,0.25,5.0,charge_density_wave,0,0.9823472863429945
L40_gamma2p0_g0p25_T100,product,40,0.25,5.0,charge_density_wave,1,0.061295730906556066
L40_gamma2p0_g0p25_T100,product,40,0.25,5.0,charge_density_wave,2,0.9365124693538535
L40_gamma2p0_g0p25_T100,product,40,0.25,5.0,charge_density_wave,3,0.06364741396018192
L40_gamma2p0_g0p25_T100,product,40,0.25,5.0,charge_density_wave,4,0.9363246258305348
L40_gamma2p0_g0p25_T100,product,40,0.25,5.0,charge_density_wave,5,0.06367720616872415
L40_gamma2p0_g0p25_T100,product,40,0.25,5.0,charge_density_wave,6,0.9363221952574069
L40_gamma2p0_g0p25_T100,product,40,0.25,5.0,charge_density_wave,7,0.06367783133482952
L40_gamma2p0_g0p25_T100,product,40,0.25,5.0,charge_density_wave,8,0.9363221529916815
L40_gamma2p0_g0p25_T100,product,40,0.25,5.0,charge_density_wave,9,0.0636778473417133
L40_gamma2p0_g0p25_T100,product,40,0.25,5.0,charge_density_wave,10,0.9363221521984177
L40_gamma2p0_g0p25_T100,product,40,0.25,5.0,charge_density_wave,11,0.06367784780057968
L40_gamma2p0_g0p25_T100,product,40,0.25,5.0,charge_density_wave,12,0.9363221521848231
L40_gamma2p0_g0p25_T100,product,40,0.25,5.0,charge_density_wave,13,0.06367784781480879
L40_gamma2p0_g0p25_T100,product,40,0.25,5.0,charge_density_wave,14,0.936322152184698
L40_gamma2p0_g0p25_T100,product,40,0.25,5.0,charge_density_wave,15,0.0636778478152788
L40_gamma2p0_g0p25_T100,product,40,0.25,5.0,charge_density_wave,16,0.9363221521847036
L40_gamma2p0_g0p25_T100,product,40,0.25,5.0,charge_density_wave,17,0.06367784781529519
L40_gamma2p0_g0p25_T100,product,40,0.25,5.0,charge_density_wave,18,0.936322152184704
L40_gamma2p0_g0p25_T100,product,40,0.25,5.0,charge_density_wave,19,0.0636778478152958
L40_gamma2p0_g0p25_T100,product,40,0.25,5.0,charge_density_wave,20,0.9363221521847044
L40_gamma2p0_g0p25_T100,product,40,0.25,5.0,charge_density_wave,21,0.06367784781529585
L40_gamma2p0_g0p25_T100,product,40,0.25,5.0,charge_density_wave,22,0.9363221521847049
L40_gamma2p0_g0p25_T100,product,40,0.25,5.0,charge_density_wave,23,0.06367784781529635
L40_gamma2p0_g0p25_T100,product,40,0.25,5.0,charge_density_wave,24,0.9363221521847213
L40_gamma2p0_g0p25_T100,product,40,0.25,5.0,charge_density_wave,25,0.06367784781530195
L40_gamma2p0_g0p25_T100,product,40,0.25,5.0,charge_density_wave,26,0.9363221521851912
L40_gamma2p0_g0p25_T100,product,40,0.25,5.0,charge_density_wave,27,0.06367784781517684
L40_gamma2p0_g0p25_T100,product,40,0.25,5.0,charge_density_wave,28,0.9363221521994203
L40_gamma2p0_g0p25_T100,product,40,0.25,5.0,charge_density_wave,29,0.06367784780158237
L40_gamma2p0_g0p25_T100,product,40,0.25,5.0,charge_density_wave,30,0.9363221526582866
L40_gamma2p0_g0p25_T100,product,40,0.25,5.0,charge_density_wave,31,0.06367784700831838
L40_gamma2p0_g0p25_T100,product,40,0.25,5.0,charge_density_wave,32,0.9363221686651704
L40_gamma2p0_g0p25_T100,product,40,0.25,5.0,charge_density_wave,33,0.06367780474259299
L40_gamma2p0_g0p25_T100,product,40,0.25,5.0,charge_density_wave,34,0.9363227938312759
L40_gamma2p0_g0p25_T100,product,40,0.25,5.0,charge_density_wave,35,0.06367537416946524
L40_gamma2p0_g0p25_T100,product,40,0.25,5.0,charge_density_wave,36,0.9363525860398182
L40_gamma2p0_g0p25_T100,product,40,0.25,5.0,charge_density_wave,37,0.06348753064614655
L40_gamma2p0_g0p25_T100,product,40,0.25,5.0,charge_density_wave,38,0.938704269093444
L40_gamma2p0_g0p25_T100,product,40,0.25,5.0,charge_density_wave,39,0.017652713657005593
L40_gamma2p0_g0p25_T100,product,40,0.25,5.0,left,0,0.9999999999999893
L40_gamma2p0_g0p25_T100,product,40,0.25,5.0,left,1,0.9999999999984066
L40_gamma2p0_g0p25_T100,product,40,0.25,5.0,left,2,0.9999999999960392
L40_gamma2p0_g0p25_T100,product,40,0.25,5.0,left,3,0.9999999993973003
L40_gamma2p0_g0p25_T100,product,40,0.25,5.0,left,4,0.9999999990082783
L40_gamma2p0_g0p25_T100,product,40,0.25,5.0,left,5,0.9999998624434732
L40_gamma2p0_g0p25_T100,product,40,0.25,5.0,left,6,0.9999998635709358
L40_gamma2p0_g0p25_T100,product,40,0.25,5.0,left,7,0.9999824384487149
L40_gamma2p0_g0p25_T100,product,40,0.25,5.0,left,8,0.9999909477010662
L40_gamma2p0_g0p25_T100,product,40,0.25,5.0,left,9,0.9988706580240405
L40_gamma2p0_g0p25_T100,product,40,0.25,5.0,left,10,0.9997656988035206
L40_gamma2p0_g0p25_T100,product,40,0.25,5.0,left,11,0.9684567118088208
L40_gamma2p0_g0p25_T100,product,40,0.25,5.0,left,12,0.9984129281204345
L40_gamma2p0_g0p25_T100,product,40,0.25,5.0,left,13,0.6942584817099604
L40_gamma2p0_g0p25_T100,product,40,0.25,5.0,left,14,0.9961213372814094
L40_gamma2p0_g0p25_T100,product,40,0.25,5.0,left,15,0.29346157048262744
L40_gamma2p0_g0p25_T100,product,40,0.25,5.0,left,16,0.9549329803811362
L40_gamma2p0_g0p25_T100,product,40,0.25,5.0,left,17,0.09067974820454286
L40_gamma2p0_g0p25_T100,product,40,0.25,5.0,left,18,0.9389887896093438
L40_gamma2p0_g0p25_T100,product,40,0.25,5.0,left,19,0.06468869286299184
L40_gamma2p0_g0p25_T100,product,40,0.25,5.0,left,20,0.9353113071370082
L40_gamma2p0_g0p25_T100,product,40,0.25,5.0,left,21,0.06101121039065607
L40_gamma2p0_g0p25_T100,product,40,0.25,5.0,left,22,0.9093202517954571
L40_gamma2p0_g0p25_T100,product,40,0.25,5.0,left,23,0.04506701961886389
L40_gamma2p0_g0p25_T100,product,40,0.25,5.0,left,24,0.7065384295173726
L40_gamma2p0_g0p25_T100,product,40,0.25,5.0,left,25,0.0038786627185906004
L40_gamma2p0_g0p25_T100,product,40,0.25,5.0,left,26,0.3057415182900396
L40_gamma2p0_g0p25_T100,product,40,0.25,5.0,left,27,0.0015870718795654034
L40_gamma2p0_g0p25_T100,product,40,0.25,5.0,left,28,0.03154328819117929
L40_gamma2p0_g0p25_T100,product,40,0.25,5.0,left,29,0.00023430119647941799
L40_gamma2p0_g0p25_T100,product,40,0.25,5.0,left,30,0.0011293419759594349
L40_gamma2p0_g0p25_T100,product,40,0.25,5.0,left,31,9.052298933902165e-06
L40_gamma2p0_g0p25_T100,product,40,0.25,5.0,left,32,1.756155128513205e-05
L40_gamma2p0_g0p25_T100,product,40,0.25,5.0,left,33,1.3642906416057977e-07
L40_gamma2p0_g0p25_T100,product,40,0.25,5.0,left,34,1.3755652682286127e-07
L40_gamma2p0_g0p25_T100,product,40,0.25,5.0,left,35,9.917214962606277e-10
L40_gamma2p0_g0p25_T100,product,40,0.25,5.0,left,36,6.026996738249559e-10
L40_gamma2p0_g0p25_T100,product,40,0.25,5.0,left,37,3.960646973454179e-12
L40_gamma2p0_g0p25_T100,product,40,0.25,5.0,left,38,1.5932735602478925e-12
L40_gamma2p0_g0p25_T100,product,40,0.25,5.0,left,39,1.0731549331176863e-14
L40_gamma2p0_g0p25_T150,product,40,0.25,7.5,charge_density_wave,0,0.9823472806719994
L40_gamma2p0_g0p25_T150,product,40,0.25,7.5,charge_density_wave,1,0.06129575683787672
L40_gamma2p0_g0p25_T150,product,40,0.25,7.5,charge_density_wave,2,0.9365124243329248
L40_gamma2p0_g0p25_T150,product,40,0.25,7.5,charge_density_wave,3,0.06364747132544843
L40_gamma2p0_g0p25_T150,product,40,0.25,7.5,charge_density_wave,4,0.9363245620233694
L40_gamma2p0_g0p25_T150,product,40,0.25,7.5,charge_density_wave,5,0.06367727236437287
L40_gamma2p0_g0p25_T150,product,40,0.25,7.5,charge_density_wave,6,0.9363221280689928
L40_gamma2p0_g0p25_T150,product,40,0.25,7.5,charge_density_wave,7,0.06367789877778465
L40_gamma2p0_g0p25_T150,product,40,0.25,7.5,charge_density_wave,8,0.9363220854503215
L40_gamma2p0_g0p25_T150,product,40,0.25,7.5,charge_density_wave,9,0.06367791490166151
L40_gamma2p0_g0p25_T150,product,40,0.25,7.5,charge_density_wave,10,0.9363220846310629
L40_gamma2p0_g0p25_T150,product,40,0.25,7.5,charge_density_wave,11,0.06367791536897219
L40_gamma2p0_g0p25_T150,product,40,0.25,7.5,charge_density_wave,12,0.9363220846159634
L40_gamma2p0_g0p25_T150,product,40,0.25,7.5,charge_density_wave,13,0.06367791538371488
L40_gamma2p0_g0p25_T150,product,40,0.25,7.5,charge_density_wave,14,0.9363220846157655
L40_gamma2p0_g0p25_T150,product,40,0.25,7.5,charge_density_wave,15,0.06367791538421289
L40_gamma2p0_g0p25_T150,product,40,0.25,7.5,charge_density_wave,16,0.936322084615768
L40_gamma2p0_g0p25_T150,product,40,0.25,7.5,charge_density_wave,17,0.06367791538423068
L40_gamma2p0_g0p25_T150,product,40,0.25,7.5,charge_density_wave,18,0.9363220846157685
L40_gamma2p0_g0p25_T150,product,40,0.25,7.5,charge_density_wave,19,0.06367791538423138
L40_gamma2p0_g0p25_T150,product,40,0.25,7.5,charge_density_wave,20,0.9363220846157684
L40_gamma2p0_g0p25_T150,product,40,0.25,7.5,charge_density_wave,21,0.06367791538423143
L40_gamma2p0_g0p25_T150,product,40,0.25,7.5,charge_density_wave,22,0.9363220846157692
L40_gamma2p0_g0p25_T150,product,40,0.25,7.5,charge_density_wave,23,0.06367791538423184
L40_gamma2p0_g0p25_T150,product,40,0.25,7.5,charge_density_wave,24,0.936322084615787
L40_gamma2p0_g0p25_T150,product,40,0.25,7.5,charge_density_wave,25,0.06367791538423441
L40_gamma2p0_g0p25_T150,product,40,0.25,7.5,charge_density_wave,26,0.9363220846162853
L40_gamma2p0_g0p25_T150,product,40,0.25,7.5,charge_density_wave,27,0.06367791538403643
L40_gamma2p0_g0p25_T150,product,40,0.25,7.5,charge_density_wave,28,0.9363220846310278
L40_gamma2p0_g0p25_T150,product,40,0.25,7.5,charge_density_wave,29,0.06367791536893712
L40_gamma2p0_g0p25_T150,product,40,0.25,7.5,charge_density_wave,30,0.9363220850983385
L40_gamma2p0_g0p25_T150,product,40,0.25,7.5,charge_density_wave,31,0.06367791454967853
L40_gamma2p0_g0p25_T150,product,40,0.25,7.5,charge_density_wave,32,0.9363221012222155
L40_gamma2p0_g0p25_T150,product,40,0.25,7.5,charge_density_wave,33,0.06367787193100709
L40_gamma2p0_g0p25_T150,product,40,0.25,7.5,charge_density_wave,34,0.936322727635627
L40_gamma2p0_g0p25_T150,product,40,0.25,7.5,charge_density_wave,35,0.06367543797663056
L40_gamma2p0_g0p25_T150,product,40,0.25,7.5,charge_density_wave,36,0.9363525286745515
L40_gamma2p0_g0p25_T150,product,40,0.25,7.5,charge_density_wave,37,0.06348757566707515
L40_gamma2p0_g0p25_T150,product,40,0.25,7.5,charge_density_wave,38,0.9387042431621232
L40_gamma2p0_g0p25_T150,product,40,0.25,7.5,charge_density_wave,39,0.017652719328000437
L40_gamma2p0_g0p25_T150,product,40,0.25,7.5,left,0,0.9999999720087919
L40_gamma2p0_g0p25_T150,product,40,0.25,7.5,left,1,0.9999973583080098
L40_gamma2p0_g0p25_T150,product,40,0.25,7.5,left,2,0.9999988155972557
L40_gamma2p0_g0p25_T150,product,40,0.25,7.5,left,3,0.9998454663950732
L40_gamma2p0_g0p25_T150,product,40,0.25,7.5,left,4,0.9999649721739998
L40_gamma2p0_g0p25_T150,product,40,0.25,7.5,left,5,0.9951134176964845
L40_gamma2p0_g0p25_T150,product,40,0.25,7.5,left,6,0.9995880942049662
L40_gamma2p0_g0p25_T150,product,40,0.25,7.5,left,7,0.9274356568980721
L40_gamma2p0_g0p25_T150,product,40,0.25,7.5,left,8,0.9989945636373811
L40_gamma2p0_g0p25_T150,product,40,0.25,7.5,left,9,0.6089602950534503
L40_gamma2p0_g0p25_T150,product,40,0.25,7.5,left,10,0.9950139790211958
L40_gamma2p0_g0p25_T150,product,40,0.25,7.5,left,11,0.44088240809109847
L40_gamma2p0_g0p25_T150,product,40,0.25,7.5,left,12,0.972027884587725
L40_gamma2p0_g0p25_T150,product,40,0.25,7.5,left,13,0.1905807343988512
L40_gamma2p0_g0p25_T150,product,40,0.25,7.5,left,14,0.9476290685525232
L40_gamma2p0_g0p25_T150,product,40,0.25,7.5,left,15,0.08909816425790788
L40_gamma2p0_g0p25_T150,product,40,0.25,7.5,left,16,0.9387419762570601
L40_gamma2p0_g0p25_T150,product,40,0.25,7.5,left,17,0.06670825587293024
L40_gamma2p0_g0p25_T150,product,40,0.25,7.5,left,18,0.9369741482567795
L40_gamma2p0_g0p25_T150,product,40,0.25,7.5,left,19,0.06353060350828575
L40_gamma2p0_g0p25_T150,product,40,0.25,7.5,left,20,0.9364693964917142
L40_gamma2p0_g0p25_T150,product,40,0.25,7.5,left,21,0.06302585174322034
L40_gamma2p0_g0p25_T150,product,40,0.25,7.5,left,22,0.9332917441270698
L40_gamma2p0_g0p25_T150,product,40,0.25,7.5,left,23,0.0612580237429401
L40_gamma2p0_g0p25_T150,product,40,0.25,7.5,left,24,0.9109018357420922
L40_gamma2p0_g0p25_T150,product,40,0.25,7.5,left,25,0.05237093144747684
L40_gamma2p0_g0p25_T150,product,40,0.25,7.5,left,26,0.809419265601149
L40_gamma2p0_g0p25_T150,product,40,0.25,7.5,left,27,0.027972115412274783
L40_gamma2p0_g0p25_T150,product,40,0.25,7.5,left,28,0.5591175919089014
L40_gamma2p0_g0p25_T150,product,40,0.25,7.5,left,29,0.0049860209788041366
L40_gamma2p0_g0p25_T150,product,40,0.25,7.5,left,30,0.3910397049465498
L40_gamma2p0_g0p25_T150,product,40,0.25,7.5,left,31,0.0010054363626188119
L40_gamma2p0_g0p25_T150,product,40,0.25,7.5,left,32,0.07256434310192789
L40_gamma2p0_g0p25_T150,product,40,0.25,7.5,left,33,0.0004119057950337405
L40_gamma2p0_g0p25_T150,product,40,0.25,7.5,left,34,0.0048865823035154805
L40_gamma2p0_g0p25_T150,product,40,0.25,7.5,left,35,3.502782600031624e-05
L40_gamma2p0_g0p25_T150,product,40,0.25,7.5,left,36,0.00015453360492689985
L40_gamma2p0_g0p25_T150,product,40,0.25,7.5,left,37,1.1844027442011219e-06
L40_gamma2p0_g0p25_T150,product,40,0.25,7.5,left,38,2.6416919901992806e-06
L40_gamma2p0_g0p25_T150,product,40,0.25,7.5,left,39,2.7991208198888702e-08
L40_gamma2p0_g0p25_T200,product,40,0.25,10.0,charge_density_wave,0,0.9823472806677869
L40_gamma2p0_g0p25_T200,product,40,0.25,10.0,charge_density_wave,1,0.06129575685811456
L40_gamma2p0_g0p25_T200,product,40,0.25,10.0,charge_density_wave,2,0.936512424294134
L40_gamma2p0_g0p25_T200,product,40,0.25,10.0,charge_density_wave,3,0.06364747137957695
L40_gamma2p0_g0p25_T200,product,40,0.25,10.0,charge_density_wave,4,0.9363245619589183
L40_gamma2p0_g0p25_T200,product,40,0.25,10.0,charge_density_wave,5,0.06367727243408237
L40_gamma2p0_g0p25_T200,product,40,0.25,10.0,charge_density_wave,6,0.9363221279965572
L40_gamma2p0_g0p25_T200,product,40,0.25,10.0,charge_density_wave,7,0.06367789885122546
L40_gamma2p0_g0p25_T200,product,40,0.25,10.0,charge_density_wave,8,0.9363220853764284
L40_gamma2p0_g0p25_T200,product,40,0.25,10.0,charge_density_wave,9,0.06367791497568391
L40_gamma2p0_g0p25_T200,product,40,0.25,10.0,charge_density_wave,10,0.9363220845569862
L40_gamma2p0_g0p25_T200,product,40,0.25,10.0,charge_density_wave,11,0.06367791544306141
L40_gamma2p0_g0p25_T200,product,40,0.25,10.0,charge_density_wave,12,0.9363220845418692
L40_gamma2p0_g0p25_T200,product,40,0.25,10.0,charge_density_wave,13,0.06367791545781025
L40_gamma2p0_g0p25_T200,product,40,0.25,10.0,charge_density_wave,14,0.9363220845416698
L40_gamma2p0_g0p25_T200,product,40,0.25,10.0,charge_density_wave,15,0.06367791545830873
L40_gamma2p0_g0p25_T200,product,40,0.25,10.0,charge_density_wave,16,0.9363220845416722
L40_gamma2p0_g0p25_T200,product,40,0.25,10.0,charge_density_wave,17,0.06367791545832657
L40_gamma2p0_g0p25_T200,product,40,0.25,10.0,charge_density_wave,18,0.9363220845416727
L40_gamma2p0_g0p25_T200,product,40,0.25,10.0,charge_density_wave,19,0.06367791545832725
L40_gamma2p0_g0p25_T200,product,40,0.25,10.0,charge_density_wave,20,0.9363220845416728
L40_gamma2p0_g0p25_T200,product,40,0.25,10.0,charge_density_wave,21,0.0636779154583273
L40_gamma2p0_g0p25_T200,product,40,0.25,10.0,charge_density_wave,22,0.9363220845416733
L40_gamma2p0_g0p25_T200,product,40,0.25,10.0,charge_density_wave,23,0.06367791545832771
L40_gamma2p0_g0p25_T200,product,40,0.25,10.0,charge_density_wave,24,0.9363220845416914
L40_gamma2p0_g0p25_T200,product,40,0.25,10.0,charge_density_wave,25,0.06367791545833017
L40_gamma2p0_g0p25_T200,product,40,0.25,10.0,charge_density_wave,26,0.9363220845421897
L40_gamma2p0_g0p25_T200,product,40,0.25,10.0,charge_density_wave,27,0.06367791545813084
L40_gamma2p0_g0p25_T200,product,40,0.25,10.0,charge_density_wave,28,0.9363220845569388
L40_gamma2p0_g0p25_T200,product,40,0.25,10.0,charge_density_wave,29,0.06367791544301392
L40_gamma2p0_g0p25_T200,product,40,0.25,10.0,charge_density_wave,30,0.936322085024316
L40_gamma2p0_g0p25_T200,product,40,0.25,10.0,charge_density_wave,31,0.06367791462357172
L40_gamma2p0_g0p25_T200,product,40,0.25,10.0,charge_density_wave,32,0.9363221011487746
L40_gamma2p0_g0p25_T200,product,40,0.25,10.0,charge_density_wave,33,0.06367787200344274
L40_gamma2p0_g0p25_T200,product,40,0.25,10.0,charge_density_wave,34,0.9363227275659178
L40_gamma2p0_g0p25_T200,product,40,0.25,10.0,charge_density_wave,35,0.0636754380410817
L40_gamma2p0_g0p25_T200,product,40,0.25,10.0,charge_density_wave,36,0.936352528620423
L40_gamma2p0_g0p25_T200,product,40,0.25,10.0,charge_density_wave,37,0.06348757570586583
L40_gamma2p0_g0p25_T200,product,40,0.25,10.0,charge_density_wave,38,0.9387042431418854
L40_gamma2p0_g0p25_T200,product,40,0.25,10.0,charge_density_wave,39,0.01765271933221311
L40_gamma2p0_g0p25_T200,product,40,0.25,10.0,left,0,0.999959095845536
L40_gamma2p0_g0p25_T200,product,40,0.25,10.0,left,1,0.9969849465550163
L40_gamma2p0_g0p25_T200,product,40,0.25,10.0,left,2,0.9997969379555508
L40_gamma2p0_g0p25_T200,product,40,0.25,10.0,left,3,0.9603399100062463
L40_gamma2p0_g0p25_T200,product,40,0.25,10.0,left,4,0.9993829079108882
L40_gamma2p0_g0p25_T200,product,40,0.25,10.0,left,5,0.7647647329929084
L40_gamma2p0_g0p25_T200,product,40,0.25,10.0,left,6,0.9989682087982137
L40_gamma2p0_g0p25_T200,product,40,0.25,10.0,left,7,0.4875466729852718
L40_gamma2p0_g0p25_T200,product,40,0.25,10.0,left,8,0.9861814796365994
L40_gamma2p0_g0p25_T200,product,40,0.25,10.0,left,9,0.48149737756041144
L40_gamma2p0_g0p25_T200,product,40,0.25,10.0,left,10,0.982177695912253
L40_gamma2p0_g0p25_T200,product,40,0.25,10.0,left,11,0.2831802956563052
L40_gamma2p0_g0p25_T200,product,40,0.25,10.0,left,12,0.9567876661040925
L40_gamma2p0_g0p25_T200,product,40,0.25,10.0,left,13,0.11932043769969797
L40_gamma2p0_g0p25_T200,product,40,0.25,10.0,left,14,0.9411748150265359
L40_gamma2p0_g0p25_T200,product,40,0.25,10.0,left,15,0.07234747665072873
L40_gamma2p0_g0p25_T200,product,40,0.25,10.0,left,16,0.9370887472780834
L40_gamma2p0_g0p25_T200,product,40,0.25,10.0,left,17,0.06461298422603338
L40_gamma2p0_g0p25_T200,product,40,0.25,10.0,left,18,0.9364407245260742
L40_gamma2p0_g0p25_T200,product,40,0.25,10.0,left,19,0.06370976956818958
L40_gamma2p0_g0p25_T200,product,40,0.25,10.0,left,20,0.9362902304318104
L40_gamma2p0_g0p25_T200,product,40,0.25,10.0,left,21,0.063559275473926
L40_gamma2p0_g0p25_T200,product,40,0.25,10.0,left,22,0.9353870157739664
L40_gamma2p0_g0p25_T200,product,40,0.25,10.0,left,23,0.06291125272191637
L40_gamma2p0_g0p25_T200,product,40,0.25,10.0,left,24,0.9276525233492712
L40_gamma2p0_g0p25_T200,product,40,0.25,10.0,left,25,0.05882518497346425
L40_gamma2p0_g0p25_T200,product,40,0.25,10.0,left,26,0.8806795623003021
L40_gamma2p0_g0p25_T200,product,40,0.25,10.0,left,27,0.04321233389590757
L40_gamma2p0_g0p25_T200,product,40,0.25,10.0,left,28,0.7168197043436948
L40_gamma2p0_g0p25_T200,product,40,0.25,10.0,left,29,0.01782230408774699
L40_gamma2p0_g0p25_T200,product,40,0.25,10.0,left,30,0.5185026224395887
L40_gamma2p0_g0p25_T200,product,40,0.25,10.0,left,31,0.01381852036340059
L40_gamma2p0_g0p25_T200,product,40,0.25,10.0,left,32,0.5124533270147281
L40_gamma2p0_g0p25_T200,product,40,0.25,10.0,left,33,0.0010317912017862433
L40_gamma2p0_g0p25_T200,product,40,0.25,10.0,left,34,0.23523526700709171
L40_gamma2p0_g0p25_T200,product,40,0.25,10.0,left,35,0.0006170920891119494
L40_gamma2p0_g0p25_T200,product,40,0.25,10.0,left,36,0.039660089993753624
L40_gamma2p0_g0p25_T200,product,40,0.25,10.0,left,37,0.00020306204444916424
L40_gamma2p0_g0p25_T200,product,40,0.25,10.0,left,38,0.0030150534449835424
L40_gamma2p0_g0p25_T200,product,40,0.25,10.0,left,39,4.090415446392031e-05
L40_gamma2p0_g0p25_T250,product,40,0.25,12.5,charge_density_wave,0,0.9823472806677831
L40_gamma2p0_g0p25_T250,product,40,0.25,12.5,charge_density_wave,1,0.06129575685813265
L40_gamma2p0_g0p25_T250,product,40,0.25,12.5,charge_density_wave,2,0.9365124242940974
L40_gamma2p0_g0p25_T250,product,40,0.25,12.5,charge_density_wave,3,0.06364747137963113
L40_gamma2p0_g0p25_T250,product,40,0.25,12.5,charge_density_wave,4,0.9363245619588504
L40_gamma2p0_g0p25_T250,product,40,0.25,12.5,charge_density_wave,5,0.06367727243415884
L40_gamma2p0_g0p25_T250,product,40,0.25,12.5,charge_density_wave,6,0.9363221279964755
L40_gamma2p0_g0p25_T250,product,40,0.25,12.5,charge_density_wave,7,0.06367789885130948
L40_gamma2p0_g0p25_T250,product,40,0.25,12.5,charge_density_wave,8,0.9363220853763431
L40_gamma2p0_g0p25_T250,product,40,0.25,12.5,charge_density_wave,9,0.0636779149757696
L40_gamma2p0_g0p25_T250,product,40,0.25,12.5,charge_density_wave,10,0.9363220845569
L40_gamma2p0_g0p25_T250,product,40,0.25,12.5,charge_density_wave,11,0.0636779154431474
L40_gamma2p0_g0p25_T250,product,40,0.25,12.5,charge_density_wave,12,0.9363220845417832
L40_gamma2p0_g0p25_T250,product,40,0.25,12.5,charge_density_wave,13,0.06367791545789626
L40_gamma2p0_g0p25_T250,product,40,0.25,12.5,charge_density_wave,14,0.9363220845415837
L40_gamma2p0_g0p25_T250,product,40,0.25,12.5,charge_density_wave,15,0.06367791545839473
L40_gamma2p0_g0p25_T250,product,40,0.25,12.5,charge_density_wave,16,0.9363220845415863
L40_gamma2p0_g0p25_T250,product,40,0.25,12.5,charge_density_wave,17,0.0636779154584126
L40_gamma2p0_g0p25_T250,product,40,0.25,12.5,charge_density_wave,18,0.9363220845415867
L40_gamma2p0_g0p25_T250,product,40,0.25,12.5,charge_density_wave,19,0.06367791545841328
L40_gamma2p0_g0p25_T250,product,40,0.25,12.5,charge_density_wave,20,0.9363220845415868
L40_gamma2p0_g0p25_T250,product,40,0.25,12.5,charge_density_wave,21,0.06367791545841334
L40_gamma2p0_g0p25_T250,product,40,0.25,12.5,charge_density_wave,22,0.9363220845415874
L40_gamma2p0_g0p25_T250,product,40,0.25,12.5,charge_density_wave,23,0.06367791545841374
L40_gamma2p0_g0p25_T250,product,40,0.25,12.5,charge_density_wave,24,0.9363220845416053
L40_gamma2p0_g0p25_T250,product,40,0.25,12.5,charge_density_wave,25,0.06367791545841621
L40_gamma2p0_g0p25_T250,product,40,0.25,12.5,charge_density_wave,26,0.9363220845421039
L40_gamma2p0_g0p25_T250,product,40,0.25,12.5,charge_density_wave,27,0.06367791545821687
L40_gamma2p0_g0p25_T250,product,40,0.25,12.5,charge_density_wave,28,0.9363220845568526
L40_gamma2p0_g0p25_T250,product,40,0.25,12.5,charge_density_wave,29,0.06367791544309986
L40_gamma2p0_g0p25_T250,product,40,0.25,12.5,charge_density_wave,30,0.9363220850242304
L40_gamma2p0_g0p25_T250,product,40,0.25,12.5,charge_density_wave,31,0.06367791462365699
L40_gamma2p0_g0p25_T250,product,40,0.25,12.5,charge_density_wave,32,0.9363221011486906
L40_gamma2p0_g0p25_T250,product,40,0.25,12.5,charge_density_wave,33,0.0636778720035244
L40_gamma2p0_g0p25_T250,product,40,0.25,12.5,charge_density_wave,34,0.936322727565841
L40_gamma2p0_g0p25_T250,product,40,0.25,12.5,charge_density_wave,35,0.06367543804114968
L40_gamma2p0_g0p25_T250,product,40,0.25,12.5,charge_density_wave,36,0.9363525286203689
L40_gamma2p0_g0p25_T250,product,40,0.25,12.5,charge_density_wave,37,0.06348757570590248
L40_gamma2p0_g0p25_T250,product,40,0.25,12.5,charge_density_wave,38,0.9387042431418673
L40_gamma2p0_g0p25_T250,product,40,0.25,12.5,charge_density_wave,39,0.017652719332216786
L40_gamma2p0_g0p25_T250,product,40,0.25,12.5,left,0,0.9961611717358574
L40_gamma2p0_g0p25_T250,product,40,0.25,12.5,left,1,0.7655736685857124
L40_gamma2p0_g0p25_T250,product,40,0.25,12.5,left,2,0.9986170226888271
L40_gamma2p0_g0p25_T250,product,40,0.25,12.5,left,3,0.5236553319490489
L40_gamma2p0_g0p25_T250,product,40,0.25,12.5,left,4,0.9879119029594517
L40_gamma2p0_g0p25_T250,product,40,0.25,12.5,left,5,0.48672427232467264
L40_gamma2p0_g0p25_T250,product,40,0.25,12.5,left,6,0.9840991969191789
L40_gamma2p0_g0p25_T250,product,40,0.25,12.5,left,7,0.38380494640012025
L40_gamma2p0_g0p25_T250,product,40,0.25,12.5,left,8,0.9728607729369186
L40_gamma2p0_g0p25_T250,product,40,0.25,12.5,left,9,0.26144674325619605
L40_gamma2p0_g0p25_T250,product,40,0.25,12.5,left,10,0.9566474213144335
L40_gamma2p0_g0p25_T250,product,40,0.25,12.5,left,11,0.13939854423456072
L40_gamma2p0_g0p25_T250,product,40,0.25,12.5,left,12,0.9434357554153743
L40_gamma2p0_g0p25_T250,product,40,0.25,12.5,left,13,0.0821342592752264
L40_gamma2p0_g0p25_T250,product,40,0.25,12.5,left,14,0.9379824507730509
L40_gamma2p0_g0p25_T250,product,40,0.25,12.5,left,15,0.06683302876133042
L40_gamma2p0_g0p25_T250,product,40,0.25,12.5,left,16,0.9366201919751767
L40_gamma2p0_g0p25_T250,product,40,0.25,12.5,left,17,0.06406794812073838
L40_gamma2p0_g0p25_T250,product,40,0.25,12.5,left,18,0.9363830220796291
L40_gamma2p0_g0p25_T250,product,40,0.25,12.5,left,19,0.06368764308182422
L40_gamma2p0_g0p25_T250,product,40,0.25,12.5,left,20,0.9363123569181757
L40_gamma2p0_g0p25_T250,product,40,0.25,12.5,left,21,0.06361697792037103
L40_gamma2p0_g0p25_T250,product,40,0.25,12.5,left,22,0.9359320518792617
L40_gamma2p0_g0p25_T250,product,40,0.25,12.5,left,23,0.06337980802482335
L40_gamma2p0_g0p25_T250,product,40,0.25,12.5,left,24,0.9331669712386694
L40_gamma2p0_g0p25_T250,product,40,0.25,12.5,left,25,0.06201754922694911
L40_gamma2p0_g0p25_T250,product,40,0.25,12.5,left,26,0.9178657407247737
L40_gamma2p0_g0p25_T250,product,40,0.25,12.5,left,27,0.05656424458462578
L40_gamma2p0_g0p25_T250,product,40,0.25,12.5,left,28,0.8606014557654393
L40_gamma2p0_g0p25_T250,product,40,0.25,12.5,left,29,0.043352578685566405
L40_gamma2p0_g0p25_T250,product,40,0.25,12.5,left,30,0.7385532567438039
L40_gamma2p0_g0p25_T250,product,40,0.25,12.5,left,31,0.02713922706308143
L40_gamma2p0_g0p25_T250,product,40,0.25,12.5,left,32,0.6161950535998797
L40_gamma2p0_g0p25_T250,product,40,0.25,12.5,left,33,0.01590080308082105
L40_gamma2p0_g0p25_T250,product,40,0.25,12.5,left,34,0.5132757276753274
L40_gamma2p0_g0p25_T250,product,40,0.25,12.5,left,35,0.012088097040548201
L40_gamma2p0_g0p25_T250,product,40,0.25,12.5,left,36,0.4763446680509511
L40_gamma2p0_g0p25_T250,product,40,0.25,12.5,left,37,0.0013829773111728339
L40_gamma2p0_g0p25_T250,product,40,0.25,12.5,left,38,0.2344263314142877
L40_gamma2p0_g0p25_T250,product,40,0.25,12.5,left,39,0.003838828264142394
L40_gamma2p0_g0p25_T300,product,40,0.25,15.0,charge_density_wave,0,0.9823472806677833
L40_gamma2p0_g0p25_T300,product,40,0.25,15.0,charge_density_wave,1,0.06129575685813267
L40_gamma2p0_g0p25_T300,product,40,0.25,15.0,charge_density_wave,2,0.9365124242940974
L40_gamma2p0_g0p25_T300,product,40,0.25,15.0,charge_density_wave,3,0.0636474713796312
L40_gamma2p0_g0p25_T300,product,40,0.25,15.0,charge_density_wave,4,0.9363245619588502
L40_gamma2p0_g0p25_T300,product,40,0.25,15.0,charge_density_wave,5,0.06367727243415892
L40_gamma2p0_g0p25_T300,product,40,0.25,15.0,charge_density_wave,6,0.9363221279964755
L40_gamma2p0_g0p25_T300,product,40,0.25,15.0,charge_density_wave,7,0.06367789885130959
L40_gamma2p0_g0p25_T300,product,40,0.25,15.0,charge_density_wave,8,0.9363220853763431
L40_gamma2p0_g0p25_T300,product,40,0.25,15.0,charge_density_wave,9,0.06367791497576972
L40_gamma2p0_g0p25_T300,product,40,0.25,15.0,charge_density_wave,10,0.9363220845569002
L40_gamma2p0_g0p25_T300,product,40,0.25,15.0,charge_density_wave,11,0.06367791544314748
L40_gamma2p0_g0p25_T300,product,40,0.25,15.0,charge_density_wave,12,0.9363220845417832
L40_gamma2p0_g0p25_T300,product,40,0.25,15.0,charge_density_wave,13,0.06367791545789636
L40_gamma2p0_g0p25_T300,product,40,0.25,15.0,charge_density_wave,14,0.9363220845415836
L40_gamma2p0_g0p25_T300,product,40,0.25,15.0,charge_density_wave,15,0.06367791545839484
L40_gamma2p0_g0p25_T300,product,40,0.25,15.0,charge_density_wave,16,0.9363220845415863
L40_gamma2p0_g0p25_T300,product,40,0.25,15.0,charge_density_wave,17,0.0636779154584127
L40_gamma2p0_g0p25_T300,product,40,0.25,15.0,charge_density_wave,18,0.9363220845415865
L40_gamma2p0_g0p25_T300,product,40,0.25,15.0,charge_density_wave,19,0.06367791545841338
L40_gamma2p0_g0p25_T300,product,40,0.25,15.0,charge_density_wave,20,0.9363220845415866
L40_gamma2p0_g0p25_T300,product,40,0.25,15.0,charge_density_wave,21,0.06367791545841345
L40_gamma2p0_g0p25_T300,product,40,0.25,15.0,charge_density_wave,22,0.9363220845415874
L40_gamma2p0_g0p25_T300,product,40,0.25,15.0,charge_density_wave,23,0.06367791545841384
L40_gamma2p0_g0p25_T300,product,40,0.25,15.0,charge_density_wave,24,0.9363220845416053
L40_gamma2p0_g0p25_T300,product,40,0.25,15.0,charge_density_wave,25,0.0636779154584163
L40_gamma2p0_g0p25_T300,product,40,0.25,15.0,charge_density_wave,26,0.9363220845421036
L40_gamma2p0_g0p25_T300,product,40,0.25,15.0,charge_density_wave,27,0.06367791545821697
L40_gamma2p0_g0p25_T300,product,40,0.25,15.0,charge_density_wave,28,0.9363220845568525
L40_gamma2p0_g0p25_T300,product,40,0.25,15.0,charge_density_wave,29,0.06367791544309996
L40_gamma2p0_g0p25_T300,product,40,0.25,15.0,charge_density_wave,30,0.9363220850242303
L40_gamma2p0_g0p25_T300,product,40,0.25,15.0,charge_density_wave,31,0.0636779146236571
L40_gamma2p0_g0p25_T300,product,40,0.25,15.0,charge_density_wave,32,0.9363221011486904
L40_gamma2p0_g0p25_T300,product,40,0.25,15.0,charge_density_wave,33,0.06367787200352448
L40_gamma2p0_g0p25_T300,product,40,0.25,15.0,charge_density_wave,34,0.9363227275658412
L40_gamma2p0_g0p25_T300,product,40,0.25,15.0,charge_density_wave,35,0.06367543804114975
L40_gamma2p0_g0p25_T300,product,40,0.25,15.0,charge_density_wave,36,0.9363525286203689
L40_gamma2p0_g0p25_T300,product,40,0.25,15.0,charge_density_wave,37,0.06348757570590251
L40_gamma2p0_g0p25_T300,product,40,0.25,15.0,charge_density_wave,38,0.9387042431418673
L40_gamma2p0_g0p25_T300,product,40,0.25,15.0,charge_density_wave,39,0.01765271933221679
L40_gamma2p0_g0p25_T300,product,40,0.25,15.0,left,0,0.9861935294585953
L40_gamma2p0_g0p25_T300,product,40,0.25,15.0,left,1,0.23559260966511086
L40_gamma2p0_g0p25_T300,product,40,0.25,15.0,left,2,0.9701566912218241
L40_gamma2p0_g0p25_T300,product,40,0.25,15.0,left,3,0.41499942444702503
L40_gamma2p0_g0p25_T300,product,40,0.25,15.0,left,4,0.9801896043681589
L40_gamma2p0_g0p25_T300,product,40,0.25,15.0,left,5,0.31550669142285154
L40_gamma2p0_g0p25_T300,product,40,0.25,15.0,left,6,0.9631550753025694
L40_gamma2p0_g0p25_T300,product,40,0.25,15.0,left,7,0.17080357090898296
L40_gamma2p0_g0p25_T300,product,40,0.25,15.0,left,8,0.9468958954559211
L40_gamma2p0_g0p25_T300,product,40,0.25,15.0,left,9,0.0963879505487351
L40_gamma2p0_g0p25_T300,product,40,0.25,15.0,left,10,0.9394022755525089
L40_gamma2p0_g0p25_T300,product,40,0.25,15.0,left,11,0.0713953270139384
L40_gamma2p0_g0p25_T300,product,40,0.25,15.0,left,12,0.9370269598755365
L40_gamma2p0_g0p25_T300,product,40,0.25,15.0,left,13,0.06513121638032124
L40_gamma2p0_g0p25_T300,product,40,0.25,15.0,left,14,0.9364554348012933
L40_gamma2p0_g0p25_T300,product,40,0.25,15.0,left,15,0.06389834452585819
L40_gamma2p0_g0p25_T300,product,40,0.25,15.0,left,16,0.9363473606785193
L40_gamma2p0_g0p25_T300,product,40,0.25,15.0,left,17,0.06370058736198514
L40_gamma2p0_g0p25_T300,product,40,0.25,15.0,left,18,0.9363311751137773
L40_gamma2p0_g0p25_T300,product,40,0.25,15.0,left,19,0.06367360687272369
L40_gamma2p0_g0p25_T300,product,40,0.25,15.0,left,20,0.9363263931272762
L40_gamma2p0_g0p25_T300,product,40,0.25,15.0,left,21,0.06366882488622277
L40_gamma2p0_g0p25_T300,product,40,0.25,15.0,left,22,0.9362994126380149
L40_gamma2p0_g0p25_T300,product,40,0.25,15.0,left,23,0.0636526393214808
L40_gamma2p0_g0p25_T300,product,40,0.25,15.0,left,24,0.9361016554741419
L40_gamma2p0_g0p25_T300,product,40,0.25,15.0,left,25,0.0635445651987066
L40_gamma2p0_g0p25_T300,product,40,0.25,15.0,left,26,0.9348687836196787
L40_gamma2p0_g0p25_T300,product,40,0.25,15.0,left,27,0.06297304012446336
L40_gamma2p0_g0p25_T300,product,40,0.25,15.0,left,28,0.9286046729860616
L40_gamma2p0_g0p25_T300,product,40,0.25,15.0,left,29,0.06059772444749115
L40_gamma2p0_g0p25_T300,product,40,0.25,15.0,left,30,0.9036120494512648
L40_gamma2p0_g0p25_T300,product,40,0.25,15.0,left,31,0.053104104544078684
L40_gamma2p0_g0p25_T300,product,40,0.25,15.0,left,32,0.8291964290910171
L40_gamma2p0_g0p25_T300,product,40,0.25,15.0,left,33,0.03684492469743044
L40_gamma2p0_g0p25_T300,product,40,0.25,15.0,left,34,0.6844933085771484
L40_gamma2p0_g0p25_T300,product,40,0.25,15.0,left,35,0.01981039563184106
L40_gamma2p0_g0p25_T300,product,40,0.25,15.0,left,36,0.5850005755529749
L40_gamma2p0_g0p25_T300,product,40,0.25,15.0,left,37,0.02984330877817583
L40_gamma2p0_g0p25_T300,product,40,0.25,15.0,left,38,0.7644073903348891
L40_gamma2p0_g0p25_T300,product,40,0.25,15.0,left,39,0.013806470541404898
L40_gamma2p0_g0p25_T350,product,40,0.25,17.5,charge_density_wave,0,0.9823472806677833
L40_gamma2p0_g0p25_T350,product,40,0.25,17.5,charge_density_wave,1,0.06129575685813267
L40_gamma2p0_g0p25_T350,product,40,0.25,17.5,charge_density_wave,2,0.9365124242940974
L40_gamma2p0_g0p25_T350,product,40,0.25,17.5,charge_density_wave,3,0.0636474713796312
L40_gamma2p0_g0p25_T350,product,40,0.25,17.5,charge_density_wave,4,0.9363245619588503
L40_gamma2p0_g0p25_T350,product,40,0.25,17.5,charge_density_wave,5,0.06367727243415892
L40_gamma2p0_g0p25_T350,product,40,0.25,17.5,charge_density_wave,6,0.9363221279964757
L40_gamma2p0_g0p25_T350,product,40,0.25,17.5,charge_density_wave,7,0.06367789885130958
L40_gamma2p0_g0p25_T350,product,40,0.25,17.5,charge_density_wave,8,0.936322085376343
L40_gamma2p0_g0p25_T350,product,40,0.25,17.5,charge_density_wave,9,0.06367791497576973
L40_gamma2p0_g0p25_T350,product,40,0.25,17.5,charge_density_wave,10,0.9363220845568999
L40_gamma2p0_g0p25_T350,product,40,0.25,17.5,charge_density_wave,11,0.06367791544314752
L40_gamma2p0_g0p25_T350,product,40,0.25,17.5,charge_density_wave,12,0.936322084541783
L40_gamma2p0_g0p25_T350,product,40,0.25,17.5,charge_density_wave,13,0.06367791545789638
L40_gamma2p0_g0p25_T350,product,40,0.25,17.5,charge_density_wave,14,0.9363220845415838
L40_gamma2p0_g0p25_T350,product,40,0.25,17.5,charge_density_wave,15,0.06367791545839484
L40_gamma2p0_g0p25_T350,product,40,0.25,17.5,charge_density_wave,16,0.936322084541586
L40_gamma2p0_g0p25_T350,product,40,0.25,17.5,charge_density_wave,17,0.06367791545841273
L40_gamma2p0_g0p25_T350,product,40,0.25,17.5,charge_density_wave,18,0.9363220845415864
L40_gamma2p0_g0p25_T350,product,40,0.25,17.5,charge_density_wave,19,0.06367791545841339
L40_gamma2p0_g0p25_T350,product,40,0.25,17.5,charge_density_wave,20,0.9363220845415867
L40_gamma2p0_g0p25_T350,product,40,0.25,17.5,charge_density_wave,21,0.06367791545841345
L40_gamma2p0_g0p25_T350,product,40,0.25,17.5,charge_density_wave,22,0.9363220845415875
L40_gamma2p0_g0p25_T350,product,40,0.25,17.5,charge_density_wave,23,0.06367791545841384
L40_gamma2p0_g0p25_T350,product,40,0.25,17.5,charge_density_wave,24,0.9363220845416051
L40_gamma2p0_g0p25_T350,product,40,0.25,17.5,charge_density_wave,25,0.0636779154584163
L40_gamma2p0_g0p25_T350,product,40,0.25,17.5,charge_density_wave,26,0.9363220845421036
L40_gamma2p0_g0p25_T350,product,40,0.25,17.5,charge_density_wave,27,0.06367791545821695
L40_gamma2p0_g0p25_T350,product,40,0.25,17.5,charge_density_wave,28,0.9363220845568525
L40_gamma2p0_g0p25_T350,product,40,0.25,17.5,charge_density_wave,29,0.06367791544309996
L40_gamma2p0_g0p25_T350,product,40,0.25,17.5,charge_density_wave,30,0.9363220850242303
L40_gamma2p0_g0p25_T350,product,40,0.25,17.5,charge_density_wave,31,0.06367791462365707
L40_gamma2p0_g0p25_T350,product,40,0.25,17.5,charge_density_wave,32,0.9363221011486904
L40_gamma2p0_g0p25_T350,product,40,0.25,17.5,charge_density_wave,33,0.06367787200352448
L40_gamma2p0_g0p25_T350,product,40,0.25,17.5,charge_density_wave,34,0.9363227275658411
L40_gamma2p0_g0p25_T350,product,40,0.25,17.5,charge_density_wave,35,0.06367543804114975
L40_gamma2p0_g0p25_T350,product,40,0.25,17.5,charge_density_wave,36,0.9363525286203689
L40_gamma2p0_g0p25_T350,product,40,0.25,17.5,charge_density_wave,37,0.06348757570590251
L40_gamma2p0_g0p25_T350,product,40,0.25,17.5,charge_density_wave,38,0.9387042431418673
L40_gamma2p0_g0p25_T350,product,40,0.25,17.5,charge_density_wave,39,0.01765271933221679
L40_gamma2p0_g0p25_T350,product,40,0.25,17.5,left,0,0.9825406153359595
L40_gamma2p0_g0p25_T350,product,40,0.25,17.5,left,1,0.06976272771616461
L40_gamma2p0_g0p25_T350,product,40,0.25,17.5,left,2,0.9384967889807585
L40_gamma2p0_g0p25_T350,product,40,0.25,17.5,left,3,0.08740469502781323
L40_gamma2p0_g0p25_T350,product,40,0.25,17.5,left,4,0.9397473166726757
L40_gamma2p0_g0p25_T350,product,40,0.25,17.5,left,5,0.08741187846946948
L40_gamma2p0_g0p25_T350,product,40,0.25,17.5,left,6,0.9390908083435836
L40_gamma2p0_g0p25_T350,product,40,0.25,17.5,left,7,0.07672944792400546
L40_gamma2p0_g0p25_T350,product,40,0.25,17.5,left,8,0.9376776494444048
L40_gamma2p0_g0p25_T350,product,40,0.25,17.5,left,9,0.06839430832204262
L40_gamma2p0_g0p25_T350,product,40,0.25,17.5,left,10,0.9367790747669051
L40_gamma2p0_g0p25_T350,product,40,0.25,17.5,left,11,0.06491663551090615
L40_gamma2p0_g0p25_T350,product,40,0.25,17.5,left,12,0.936437471250427
L40_gamma2p0_g0p25_T350,product,40,0.25,17.5,left,13,0.06393014281140225
L40_gamma2p0_g0p25_T350,product,40,0.25,17.5,left,14,0.9363457458898868
L40_gamma2p0_g0p25_T350,product,40,0.25,17.5,left,15,0.0637189083409265
L40_gamma2p0_g0p25_T350,product,40,0.25,17.5,left,16,0.9363269620986205
L40_gamma2p0_g0p25_T350,product,40,0.25,17.5,left,17,0.06368247082398178
L40_gamma2p0_g0p25_T350,product,40,0.25,17.5,left,18,0.9363238994504053
L40_gamma2p0_g0p25_T350,product,40,0.25,17.5,left,19,0.06367712402504877
L40_gamma2p0_g0p25_T350,product,40,0.25,17.5,left,20,0.9363228759749512
L40_gamma2p0_g0p25_T350,product,40,0.25,17.5,left,21,0.06367610054959462
L40_gamma2p0_g0p25_T350,product,40,0.25,17.5,left,22,0.9363175291760181
L40_gamma2p0_g0p25_T350,product,40,0.25,17.5,left,23,0.06367303790137936
L40_gamma2p0_g0p25_T350,product,40,0.25,17.5,left,24,0.9362810916590735
L40_gamma2p0_g0p25_T350,product,40,0.25,17.5,left,25,0.06365425411011331
L40_gamma2p0_g0p25_T350,product,40,0.25,17.5,left,26,0.9360698571885978
L40_gamma2p0_g0p25_T350,product,40,0.25,17.5,left,27,0.06356252874957279
L40_gamma2p0_g0p25_T350,product,40,0.25,17.5,left,28,0.9350833644890938
L40_gamma2p0_g0p25_T350,product,40,0.25,17.5,left,29,0.06322092523309471
L40_gamma2p0_g0p25_T350,product,40,0.25,17.5,left,30,0.9316056916779573
L40_gamma2p0_g0p25_T350,product,40,0.25,17.5,left,31,0.0623223505555952
L40_gamma2p0_g0p25_T350,product,40,0.25,17.5,left,32,0.9232705520759945
L40_gamma2p0_g0p25_T350,product,40,0.25,17.5,left,33,0.060909191656416534
L40_gamma2p0_g0p25_T350,product,40,0.25,17.5,left,34,0.9125881215305305
L40_gamma2p0_g0p25_T350,product,40,0.25,17.5,left,35,0.060252683327324336
L40_gamma2p0_g0p25_T350,product,40,0.25,17.5,left,36,0.9125953049721869
L40_gamma2p0_g0p25_T350,product,40,0.25,17.5,left,37,0.06150321101924169
L40_gamma2p0_g0p25_T350,product,40,0.25,17.5,left,38,0.9302372722838353
L40_gamma2p0_g0p25_T350,product,40,0.25,17.5,left,39,0.017459384664040564
L40_gamma2p0_g0p25_T400,product,40,0.25,20.0,charge_density_wave,0,0.9823472806677834
L40_gamma2p0_g0p25_T400,product,40,0.25,20.0,charge_density_wave,1,0.06129575685813266
L40_gamma2p0_g0p25_T400,product,40,0.25,20.0,charge_density_wave,2,0.9365124242940974
L40_gamma2p0_g0p25_T400,product,40,0.25,20.0,charge_density_wave,3,0.06364747137963121
L40_gamma2p0_g0p25_T400,product,40,0.25,20.0,charge_density_wave,4,0.93632456195885
L40_gamma2p0_g0p25_T400,product,40,0.25,20.0,charge_density_wave,5,0.06367727243415892
L40_gamma2p0_g0p25_T400,product,40,0.25,20.0,charge_density_wave,6,0.9363221279964756
L40_gamma2p0_g0p25_T400,product,40,0.25,20.0,charge_density_wave,7,0.06367789885130958
L40_gamma2p0_g0p25_T400,product,40,0.25,20.0,charge_density_wave,8,0.9363220853763426
L40_gamma2p0_g0p25_T400,product,40,0.25,20.0,charge_density_wave,9,0.06367791497576973
L40_gamma2p0_g0p25_T400,product,40,0.25,20.0,charge_density_wave,10,0.9363220845568999
L40_gamma2p0_g0p25_T400,product,40,0.25,20.0,charge_density_wave,11,0.06367791544314749
L40_gamma2p0_g0p25_T400,product,40,0.25,20.0,charge_density_wave,12,0.936322084541783
L40_gamma2p0_g0p25_T400,product,40,0.25,20.0,charge_density_wave,13,0.06367791545789638
L40_gamma2p0_g0p25_T400,product,40,0.25,20.0,charge_density_wave,14,0.9363220845415838
L40_gamma2p0_g0p25_T400,product,40,0.25,20.0,charge_density_wave,15,0.06367791545839482
L40_gamma2p0_g0p25_T400,product,40,0.25,20.0,charge_density_wave,16,0.936322084541586
L40_gamma2p0_g0p25_T400,product,40,0.25,20.0,charge_density_wave,17,0.06367791545841271
L40_gamma2p0_g0p25_T400,product,40,0.25,20.0,charge_density_wave,18,0.9363220845415865
L40_gamma2p0_g0p25_T400,product,40,0.25,20.0,charge_density_wave,19,0.06367791545841339
L40_gamma2p0_g0p25_T400,product,40,0.25,20.0,charge_density_wave,20,0.9363220845415866
L40_gamma2p0_g0p25_T400,product,40,0.25,20.0,charge_density_wave,21,0.06367791545841343
L40_gamma2p0_g0p25_T400,product,40,0.25,20.0,charge_density_wave,22,0.9363220845415874
L40_gamma2p0_g0p25_T400,product,40,0.25,20.0,charge_density_wave,23,0.06367791545841384
L40_gamma2p0_g0p25_T400,product,40,0.25,20.0,charge_density_wave,24,0.9363220845416053
L40_gamma2p0_g0p25_T400,product,40,0.25,20.0,charge_density_wave,25,0.0636779154584163
L40_gamma2p0_g0p25_T400,product,40,0.25,20.0,charge_density_wave,26,0.9363220845421036
L40_gamma2p0_g0p25_T400,product,40,0.25,20.0,charge_density_wave,27,0.06367791545821695
L40_gamma2p0_g0p25_T400,product,40,0.25,20.0,charge_density_wave,28,0.9363220845568525
L40_gamma2p0_g0p25_T400,product,40,0.25,20.0,charge_density_wave,29,0.06367791544309995
L40_gamma2p0_g0p25_T400,product,40,0.25,20.0,charge_density_wave,30,0.9363220850242302
L40_gamma2p0_g0p25_T400,product,40,0.25,20.0,charge_density_wave,31,0.06367791462365709
L40_gamma2p0_g0p25_T400,product,40,0.25,20.0,charge_density_wave,32,0.9363221011486904
L40_gamma2p0_g0p25_T400,product,40,0.25,20.0,charge_density_wave,33,0.06367787200352448
L40_gamma2p0_g0p25_T400,product,40,0.25,20.0,charge_density_wave,34,0.9363227275658412
L40_gamma2p0_g0p25_T400,product,40,0.25,20.0,charge_density_wave,35,0.06367543804114975
L40_gamma2p0_g0p25_T400,product,40,0.25,20.0,charge_density_wave,36,0.9363525286203689
L40_gamma2p0_g0p25_T400,product,40,0.25,20.0,charge_density_wave,37,0.06348757570590252
L40_gamma2p0_g0p25_T400,product,40,0.25,20.0,charge_density_wave,38,0.9387042431418673
L40_gamma2p0_g0p25_T400,product,40,0.25,20.0,charge_density_wave,39,0.01765271933221679
L40_gamma2p0_g0p25_T400,product,40,0.25,20.0,left,0,0.9823472808584748
L40_gamma2p0_g0p25_T400,product,40,0.25,20.0,left,1,0.06129576497441132
L40_gamma2p0_g0p25_T400,product,40,0.25,20.0,left,2,0.9365124264392812
L40_gamma2p0_g0p25_T400,product,40,0.25,20.0,left,3,0.06364749846646914
L40_gamma2p0_g0p25_T400,product,40,0.25,20.0,left,4,0.936324566420365
L40_gamma2p0_g0p25_T400,product,40,0.25,20.0,left,5,0.06367730635059331
L40_gamma2p0_g0p25_T400,product,40,0.25,20.0,left,6,0.9363221327979335
L40_gamma2p0_g0p25_T400,product,40,0.25,20.0,left,7,0.06367792238763376
L40_gamma2p0_g0p25_T400,product,40,0.25,20.0,left,8,0.9363220892606995
L40_gamma2p0_g0p25_T400,product,40,0.25,20.0,left,9,0.06367792443431824
L40_gamma2p0_g0p25_T400,product,40,0.25,20.0,left,10,0.9363220882352382
L40_gamma2p0_g0p25_T400,product,40,0.25,20.0,left,11,0.06367791526529364
L40_gamma2p0_g0p25_T400,product,40,0.25,20.0,left,12,0.9363220894722283
L40_gamma2p0_g0p25_T400,product,40,0.25,20.0,left,13,0.06367790969956148
L40_gamma2p0_g0p25_T400,product,40,0.25,20.0,left,14,0.9363220917829403
L40_gamma2p0_g0p25_T400,product,40,0.25,20.0,left,15,0.06367790614750098
L40_gamma2p0_g0p25_T400,product,40,0.25,20.0,left,16,0.9363220943410178
L40_gamma2p0_g0p25_T400,product,40,0.25,20.0,left,17,0.06367790388023216
L40_gamma2p0_g0p25_T400,product,40,0.25,20.0,left,18,0.9363220962935584
L40_gamma2p0_g0p25_T400,product,40,0.25,20.0,left,19,0.0636779030231591
L40_gamma2p0_g0p25_T400,product,40,0.25,20.0,left,20,0.9363220969768408
L40_gamma2p0_g0p25_T400,product,40,0.25,20.0,left,21,0.06367790370644162
L40_gamma2p0_g0p25_T400,product,40,0.25,20.0,left,22,0.9363220961197677
L40_gamma2p0_g0p25_T400,product,40,0.25,20.0,left,23,0.06367790565898208
L40_gamma2p0_g0p25_T400,product,40,0.25,20.0,left,24,0.9363220938524992
L40_gamma2p0_g0p25_T400,product,40,0.25,20.0,left,25,0.06367790821705976
L40_gamma2p0_g0p25_T400,product,40,0.25,20.0,left,26,0.9363220903004387
L40_gamma2p0_g0p25_T400,product,40,0.25,20.0,left,27,0.06367791052777168
L40_gamma2p0_g0p25_T400,product,40,0.25,20.0,left,28,0.9363220847347065
L40_gamma2p0_g0p25_T400,product,40,0.25,20.0,left,29,0.06367791176476173
L40_gamma2p0_g0p25_T400,product,40,0.25,20.0,left,30,0.9363220755656817
L40_gamma2p0_g0p25_T400,product,40,0.25,20.0,left,31,0.06367791073930046
L40_gamma2p0_g0p25_T400,product,40,0.25,20.0,left,32,0.9363220776123664
L40_gamma2p0_g0p25_T400,product,40,0.25,20.0,left,33,0.06367786720206653
L40_gamma2p0_g0p25_T400,product,40,0.25,20.0,left,34,0.9363226936494068
L40_gamma2p0_g0p25_T400,product,40,0.25,20.0,left,35,0.0636754335796351
L40_gamma2p0_g0p25_T400,product,40,0.25,20.0,left,36,0.9363525015335308
L40_gamma2p0_g0p25_T400,product,40,0.25,20.0,left,37,0.06348757356071877
L40_gamma2p0_g0p25_T400,product,40,0.25,20.0,left,38,0.9387042350255888
L40_gamma2p0_g0p25_T400,product,40,0.25,20.0,left,39,0.017652719141525587
L40_gamma2p0_g0p25_T500,product,40,0.25,25.0,charge_density_wave,0,0.9823472806677833
L40_gamma2p0_g0p25_T500,product,40,0.25,25.0,charge_density_wave,1,0.06129575685813267
L40_gamma2p0_g0p25_T500,product,40,0.25,25.0,charge_density_wave,2,0.9365124242940975
L40_gamma2p0_g0p25_T500,product,40,0.25,25.0,charge_density_wave,3,0.06364747137963118
L40_gamma2p0_g0p25_T500,product,40,0.25,25.0,charge_density_wave,4,0.9363245619588503
L40_gamma2p0_g0p25_T500,product,40,0.25,25.0,charge_density_wave,5,0.06367727243415892
L40_gamma2p0_g0p25_T500,product,40,0.25,25.0,charge_density_wave,6,0.9363221279964754
L40_gamma2p0_g0p25_T500,product,40,0.25,25.0,charge_density_wave,7,0.06367789885130958
L40_gamma2p0_g0p25_T500,product,40,0.25,25.0,charge_density_wave,8,0.9363220853763429
L40_gamma2p0_g0p25_T500,product,40,0.25,25.0,charge_density_wave,9,0.06367791497576973
L40_gamma2p0_g0p25_T500,product,40,0.25,25.0,charge_density_wave,10,0.9363220845569
L40_gamma2p0_g0p25_T500,product,40,0.25,25.0,charge_density_wave,11,0.0636779154431475
L40_gamma2p0_g0p25_T500,product,40,0.25,25.0,charge_density_wave,12,0.9363220845417831
L40_gamma2p0_g0p25_T500,product,40,0.25,25.0,charge_density_wave,13,0.06367791545789636
L40_gamma2p0_g0p25_T500,product,40,0.25,25.0,charge_density_wave,14,0.9363220845415838
L40_gamma2p0_g0p25_T500,product,40,0.25,25.0,charge_density_wave,15,0.06367791545839482
L40_gamma2p0_g0p25_T500,product,40,0.25,25.0,charge_density_wave,16,0.9363220845415862
L40_gamma2p0_g0p25_T500,product,40,0.25,25.0,charge_density_wave,17,0.06367791545841271
L40_gamma2p0_g0p25_T500,product,40,0.25,25.0,charge_density_wave,18,0.9363220845415866
L40_gamma2p0_g0p25_T500,product,40,0.25,25.0,charge_density_wave,19,0.06367791545841339
L40_gamma2p0_g0p25_T500,product,40,0.25,25.0,charge_density_wave,20,0.9363220845415867
L40_gamma2p0_g0p25_T500,product,40,0.25,25.0,charge_density_wave,21,0.06367791545841345
L40_gamma2p0_g0p25_T500,product,40,0.25,25.0,charge_density_wave,22,0.9363220845415875
L40_gamma2p0_g0p25_T500,product,40,0.25,25.0,charge_density_wave,23,0.06367791545841384
L40_gamma2p0_g0p25_T500,product,40,0.25,25.0,charge_density_wave,24,0.9363220845416053
L40_gamma2p0_g0p25_T500,product,40,0.25,25.0,charge_density_wave,25,0.0636779154584163
L40_gamma2p0_g0p25_T500,product,40,0.25,25.0,charge_density_wave,26,0.9363220845421036
L40_gamma2p0_g0p25_T500,product,40,0.25,25.0,charge_density_wave,27,0.06367791545821697
L40_gamma2p0_g0p25_T500,product,40,0.25,25.0,charge_density_wave,28,0.9363220845568525
L40_gamma2p0_g0p25_T500,product,40,0.25,25.0,charge_density_wave,29,0.06367791544309995
L40_gamma2p0_g0p25_T500,product,40,0.25,25.0,charge_density_wave,30,0.9363220850242303
L40_gamma2p0_g0p25_T500,product,40,0.25,25.0,charge_density_wave,31,0.06367791462365709
L40_gamma2p0_g0p25_T500,product,40,0.25,25.0,charge_density_wave,32,0.9363221011486904
L40_gamma2p0_g0p25_T500,product,40,0.25,25.0,charge_density_wave,33,0.06367787200352448
L40_gamma2p0_g0p25_T500,product,40,0.25,25.0,charge_density_wave,34,0.9363227275658409
L40_gamma2p0_g0p25_T500,product,40,0.25,25.0,charge_density_wave,35,0.06367543804114975
L40_gamma2p0_g0p25_T500,product,40,0.25,25.0,charge_density_wave,36,0.9363525286203688
L40_gamma2p0_g0p25_T500,product,40,0.25,25.0,charge_density_wave,37,0.06348757570590251
L40_gamma2p0_g0p25_T500,product,40,0.25,25.0,charge_density_wave,38,0.9387042431418672
L40_gamma2p0_g0p25_T500,product,40,0.25,25.0,charge_density_wave,39,0.01765271933221679
L40_gamma2p0_g0p25_T500,product,40,0.25,25.0,left,0,0.9823472806677832
L40_gamma2p0_g0p25_T500,product,40,0.25,25.0,left,1,0.06129575685813241
L40_gamma2p0_g0p25_T500,product,40,0.25,25.0,left,2,0.9365124242940981
L40_gamma2p0_g0p25_T500,product,40,0.25,25.0,left,3,0.06364747137962957
L40_gamma2p0_g0p25_T500,product,40,0.25,25.0,left,4,0.9363245619588526
L40_gamma2p0_g0p25_T500,product,40,0.25,25.0,left,5,0.06367727243415262
L40_gamma2p0_g0p25_T500,product,40,0.25,25.0,left,6,0.9363221279964836
L40_gamma2p0_g0p25_T500,product,40,0.25,25.0,left,7,0.06367789885129131
L40_gamma2p0_g0p25_T500,product,40,0.25,25.0,left,8,0.936322085376365
L40_gamma2p0_g0p25_T500,product,40,0.25,25.0,left,9,0.06367791497572722
L40_gamma2p0_g0p25_T500,product,40,0.25,25.0,left,10,0.9363220845569487
L40_gamma2p0_g0p25_T500,product,40,0.25,25.0,left,11,0.0636779154430652
L40_gamma2p0_g0p25_T500,product,40,0.25,25.0,left,12,0.9363220845418736
L40_gamma2p0_g0p25_T500,product,40,0.25,25.0,left,13,0.06367791545776084
L40_gamma2p0_g0p25_T500,product,40,0.25,25.0,left,14,0.9363220845417286
L40_gamma2p0_g0p25_T500,product,40,0.25,25.0,left,15,0.06367791545820248
L40_gamma2p0_g0p25_T500,product,40,0.25,25.0,left,16,0.9363220845417869
L40_gamma2p0_g0p25_T500,product,40,0.25,25.0,left,17,0.06367791545817522
L40_gamma2p0_g0p25_T500,product,40,0.25,25.0,left,18,0.9363220845418292
L40_gamma2p0_g0p25_T500,product,40,0.25,25.0,left,19,0.06367791545815707
L40_gamma2p0_g0p25_T500,product,40,0.25,25.0,left,20,0.9363220845418428
L40_gamma2p0_g0p25_T500,product,40,0.25,25.0,left,21,0.06367791545817104
L40_gamma2p0_g0p25_T500,product,40,0.25,25.0,left,22,0.9363220845418246
L40_gamma2p0_g0p25_T500,product,40,0.25,25.0,left,23,0.06367791545821316
L40_gamma2p0_g0p25_T500,product,40,0.25,25.0,left,24,0.9363220845417976
L40_gamma2p0_g0p25_T500,product,40,0.25,25.0,left,25,0.06367791545827135
L40_gamma2p0_g0p25_T500,product,40,0.25,25.0,left,26,0.936322084542239
L40_gamma2p0_g0p25_T500,product,40,0.25,25.0,left,27,0.06367791545812626
L40_gamma2p0_g0p25_T500,product,40,0.25,25.0,left,28,0.9363220845569349
L40_gamma2p0_g0p25_T500,product,40,0.25,25.0,left,29,0.06367791544305132
L40_gamma2p0_g0p25_T500,product,40,0.25,25.0,left,30,0.9363220850242728
L40_gamma2p0_g0p25_T500,product,40,0.25,25.0,left,31,0.06367791462363509
L40_gamma2p0_g0p25_T500,product,40,0.25,25.0,left,32,0.9363221011487088
L40_gamma2p0_g0p25_T500,product,40,0.25,25.0,left,33,0.06367787200351632
L40_gamma2p0_g0p25_T500,product,40,0.25,25.0,left,34,0.9363227275658474
L40_gamma2p0_g0p25_T500,product,40,0.25,25.0,left,35,0.06367543804114738
L40_gamma2p0_g0p25_T500,product,40,0.25,25.0,left,36,0.9363525286203704
L40_gamma2p0_g0p25_T500,product,40,0.25,25.0,left,37,0.06348757570590202
L40_gamma2p0_g0p25_T500,product,40,0.25,25.0,left,38,0.9387042431418674
L40_gamma2p0_g0p25_T500,product,40,0.25,25.0,left,39,0.017652719332216762
L48_gamma2p0_g0p05_T200,product,48,0.05,10.0,charge_density_wave,0,0.982734664427861
L48_gamma2p0_g0p05_T200,product,48,0.05,10.0,charge_density_wave,1,0.0810454444582393
L48_gamma2p0_g0p05_T200,product,48,0.05,10.0,charge_density_wave,2,0.9172926730135832
L48_gamma2p0_g0p05_T200,product,48,0.05,10.0,charge_density_wave,3,0.08295187587340025
L48_gamma2p0_g0p05_T200,product,48,0.05,10.0,charge_density_wave,4,0.9170303618445106
L48_gamma2p0_g0p05_T200,product,48,0.05,10.0,charge_density_wave,5,0.08297314407195137
L48_gamma2p0_g0p05_T200,product,48,0.05,10.0,charge_density_wave,6,0.917026524765059
L48_gamma2p0_g0p05_T200,product,48,0.05,10.0,charge_density_wave,7,0.08297354492042516
L48_gamma2p0_g0p05_T200,product,48,0.05,10.0,charge_density_wave,8,0.9170264475016201
L48_gamma2p0_g0p05_T200,product,48,0.05,10.0,charge_density_wave,9,0.0829735541095431
L48_gamma2p0_g0p05_T200,product,48,0.05,10.0,charge_density_wave,10,0.9170264456974546
L48_gamma2p0_g0p05_T200,product,48,0.05,10.0,charge_density_wave,11,0.08297355434319542
L48_gamma2p0_g0p05_T200,product,48,0.05,10.0,charge_density_wave,12,0.9170264456515544
L48_gamma2p0_g0p05_T200,product,48,0.05,10.0,charge_density_wave,13,0.08297355434953112
L48_gamma2p0_g0p05_T200,product,48,0.05,10.0,charge_density_wave,14,0.9170264456503197
L48_gamma2p0_g0p05_T200,product,48,0.05,10.0,charge_density_wave,15,0.08297355434971063
L48_gamma2p0_g0p05_T200,product,48,0.05,10.0,charge_density_wave,16,0.9170264456502851
L48_gamma2p0_g0p05_T200,product,48,0.05,10.0,charge_density_wave,17,0.08297355434971587
L48_gamma2p0_g0p05_T200,product,48,0.05,10.0,charge_density_wave,18,0.9170264456502839
L48_gamma2p0_g0p05_T200,product,48,0.05,10.0,charge_density_wave,19,0.08297355434971605
L48_gamma2p0_g0p05_T200,product,48,0.05,10.0,charge_density_wave,20,0.9170264456502838
L48_gamma2p0_g0p05_T200,product,48,0.05,10.0,charge_density_wave,21,0.08297355434971605
L48_gamma2p0_g0p05_T200,product,48,0.05,10.0,charge_density_wave,22,0.917026445650284
L48_gamma2p0_g0p05_T200,product,48,0.05,10.0,charge_density_wave,23,0.08297355434971604
L48_gamma2p0_g0p05_T200,product,48,0.05,10.0,charge_density_wave,24,0.9170264456502839
L48_gamma2p0_g0p05_T200,product,48,0.05,10.0,charge_density_wave,25,0.08297355434971604
L48_gamma2p0_g0p05_T200,product,48,0.05,10.0,charge_density_wave,26,0.9170264456502839
L48_gamma2p0_g0p05_T200,product,48,0.05,10.0,charge_density_wave,27,0.08297355434971604
L48_gamma2p0_g0p05_T200,product,48,0.05,10.0,charge_density_wave,28,0.9170264456502839
L48_gamma2p0_g0p05_T200,product,48,0.05,10.0,charge_density_wave,29,0.08297355434971601
L48_gamma2p0_g0p05_T200,product,48,0.05,10.0,charge_density_wave,30,0.9170264456502841
L48_gamma2p0_g0p05_T200,product,48,0.05,10.0,charge_density_wave,31,0.08297355434971501
L48_gamma2p0_g0p05_T200,product,48,0.05,10.0,charge_density_wave,32,0.9170264456502892
L48_gamma2p0_g0p05_T200,product,48,0.05,10.0,charge_density_wave,33,0.08297355434968047
L48_gamma2p0_g0p05_T200,product,48,0.05,10.0,charge_density_wave,34,0.9170264456504689
L48_gamma2p0_g0p05_T200,product,48,0.05,10.0,charge_density_wave,35,0.08297355434844558
L48_gamma2p0_g0p05_T200,product,48,0.05,10.0,charge_density_wave,36,0.9170264456568046
L48_gamma2p0_g0p05_T200,product,48,0.05,10.0,charge_density_wave,37,0.08297355430254558
L48_gamma2p0_g0p05_T200,product,48,0.05,10.0,charge_density_wave,38,0.9170264458904569
L48_gamma2p0_g0p05_T200,product,48,0.05,10.0,charge_density_wave,39,0.08297355249837986
L48_gamma2p0_g0p05_T200,product,48,0.05,10.0,charge_density_wave,40,0.9170264550795748
L48_gamma2p0_g0p05_T200,product,48,0.05,10.0,charge_density_wave,41,0.08297347523494092
L48_gamma2p0_g0p05_T200,product,48,0.05,10.0,charge_density_wave,42,0.9170268559280487
L48_gamma2p0_g0p05_T200,product,48,0.05,10.0,charge_density_wave,43,0.0829696381554895
L48_gamma2p0_g0p05_T200,product,48,0.05,10.0,charge_density_wave,44,0.9170481241265998
L48_gamma2p0_g0p05_T200,product,48,0.05,10.0,charge_density_wave,45,0.08270732698641675
L48_gamma2p0_g0p05_T200,product,48,0.05,10.0,charge_density_wave,46,0.9189545555417606
L48_gamma2p0_g0p05_T200,product,48,0.05,10.0,charge_density_wave,47,0.01726533557213911
L48_gamma2p0_g0p05_T200,product,48,0.05,10.0,left,0,0.9999999969301753
L48_gamma2p0_g0p05_T200,product,48,0.05,10.0,left,1,0.9999997309462547
L48_gamma2p0_g0p05_T200,product,48,0.05,10.0,left,2,0.9999998798394655
L48_gamma2p0_g0p05_T200,product,48,0.05,10.0,left,3,0.9999834306566421
L48_gamma2p0_g0p05_T200,product,48,0.05,10.0,left,4,0.9999959691383202
L48_gamma2p0_g0p05_T200,product,48,0.05,10.0,left,5,0.9993851068101967
L48_gamma2p0_g0p05_T200,product,48,0.05,10.0,left,6,0.9999339629954909
L48_gamma2p0_g0p05_T200,product,48,0.05,10.0,left,7,0.9873156841904529
L48_gamma2p0_g0p05_T200,product,48,0.05,10.0,left,8,0.99964407491501
L48_gamma2p0_g0p05_T200,product,48,0.05,10.0,left,9,0.8750423210925395
L48_gamma2p0_g0p05_T200,product,48,0.05,10.0,left,10,0.9995899054316851
L48_gamma2p0_g0p05_T200,product,48,0.05,10.0,left,11,0.5451868458369563
L48_gamma2p0_g0p05_T200,product,48,0.05,10.0,left,12,0.9866899105028583
L48_gamma2p0_g0p05_T200,product,48,0.05,10.0,left,13,0.4809754710724663
L48_gamma2p0_g0p05_T200,product,48,0.05,10.0,left,14,0.9696255177451025
L48_gamma2p0_g0p05_T200,product,48,0.05,10.0,left,15,0.2293500860008429
L48_gamma2p0_g0p05_T200,product,48,0.05,10.0,left,16,0.9350827821588854
L48_gamma2p0_g0p05_T200,product,48,0.05,10.0,left,17,0.11230105408149044
L48_gamma2p0_g0p05_T200,product,48,0.05,10.0,left,18,0.920603695985666
L48_gamma2p0_g0p05_T200,product,48,0.05,10.0,left,19,0.08681624200492244
L48_gamma2p0_g0p05_T200,product,48,0.05,10.0,left,20,0.9175356369116101
L48_gamma2p0_g0p05_T200,product,48,0.05,10.0,left,21,0.08329511975778658
L48_gamma2p0_g0p05_T200,product,48,0.05,10.0,left,22,0.9171232115360601
L48_gamma2p0_g0p05_T200,product,48,0.05,10.0,left,23,0.08293908617980658
L48_gamma2p0_g0p05_T200,product,48,0.05,10.0,left,24,0.9170609138201934
L48_gamma2p0_g0p05_T200,product,48,0.05,10.0,left,25,0.08287678846393978
L48_gamma2p0_g0p05_T200,product,48,0.05,10.0,left,26,0.9167048802422135
L48_gamma2p0_g0p05_T200,product,48,0.05,10.0,left,27,0.08246436308838984
L48_gamma2p0_g0p05_T200,product,48,0.05,10.0,left,28,0.9131837579950777
L48_gamma2p0_g0p05_T200,product,48,0.05,10.0,left,29,0.07939630401433405
L48_gamma2p0_g0p05_T200,product,48,0.05,10.0,left,30,0.8876989459185095
L48_gamma2p0_g0p05_T200,product,48,0.05,10.0,left,31,0.06491721784111465
L48_gamma2p0_g0p05_T200,product,48,0.05,10.0,left,32,0.7706499139991569
L48_gamma2p0_g0p05_T200,product,48,0.05,10.0,left,33,0.030374482254897472
L48_gamma2p0_g0p05_T200,product,48,0.05,10.0,left,34,0.5190245289275337
L48_gamma2p0_g0p05_T200,product,48,0.05,10.0,left,35,0.01331008949714176
L48_gamma2p0_g0p05_T200,product,48,0.05,10.0,left,36,0.4548131541630435
L48_gamma2p0_g0p05_T200,product,48,0.05,10.0,left,37,0.00041009456831485514
L48_gamma2p0_g0p05_T200,product,48,0.05,10.0,left,38,0.12495767890746054
L48_gamma2p0_g0p05_T200,product,48,0.05,10.0,left,39,0.00035592508498999463
L48_gamma2p0_g0p05_T200,product,48,0.05,10.0,left,40,0.01268431580954709
L48_gamma2p0_g0p05_T200,product,48,0.05,10.0,left,41,6.603700450906005e-05
L48_gamma2p0_g0p05_T200,product,48,0.05,10.0,left,42,0.0006148931898033066
L48_gamma2p0_g0p05_T200,product,48,0.05,10.0,left,43,4.0308616798176395e-06
L48_gamma2p0_g0p05_T200,product,48,0.05,10.0,left,44,1.656934335791162e-05
L48_gamma2p0_g0p05_T200,product,48,0.05,10.0,left,45,1.201605346050236e-07
L48_gamma2p0_g0p05_T200,product,48,0.05,10.0,left,46,2.690537452543641e-07
L48_gamma2p0_g0p05_T200,product,48,0.05,10.0,left,47,3.069824810202865e-09
L48_gamma2p0_g0p05_T300,product,48,0.05,15.0,charge_density_wave,0,0.9827346644278575
L48_gamma2p0_g0p05_T300,product,48,0.05,15.0,charge_density_wave,1,0.08104544445826367
L48_gamma2p0_g0p05_T300,product,48,0.05,15.0,charge_density_wave,2,0.9172926730135429
L48_gamma2p0_g0p05_T300,product,48,0.05,15.0,charge_density_wave,3,0.0829518758734672
L48_gamma2p0_g0p05_T300,product,48,0.05,15.0,charge_density_wave,4,0.917030361844432
L48_gamma2p0_g0p05_T300,product,48,0.05,15.0,charge_density_wave,5,0.08297314407204297
L48_gamma2p0_g0p05_T300,product,48,0.05,15.0,charge_density_wave,6,0.9170265247649633
L48_gamma2p0_g0p05_T300,product,48,0.05,15.0,charge_density_wave,7,0.08297354492052472
L48_gamma2p0_g0p05_T300,product,48,0.05,15.0,charge_density_wave,8,0.9170264475015196
L48_gamma2p0_g0p05_T300,product,48,0.05,15.0,charge_density_wave,9,0.08297355410964437
L48_gamma2p0_g0p05_T300,product,48,0.05,15.0,charge_density_wave,10,0.917026445697353
L48_gamma2p0_g0p05_T300,product,48,0.05,15.0,charge_density_wave,11,0.08297355434329695
L48_gamma2p0_g0p05_T300,product,48,0.05,15.0,charge_density_wave,12,0.9170264456514527
L48_gamma2p0_g0p05_T300,product,48,0.05,15.0,charge_density_wave,13,0.08297355434963269
L48_gamma2p0_g0p05_T300,product,48,0.05,15.0,charge_density_wave,14,0.9170264456502182
L48_gamma2p0_g0p05_T300,product,48,0.05,15.0,charge_density_wave,15,0.08297355434981218
L48_gamma2p0_g0p05_T300,product,48,0.05,15.0,charge_density_wave,16,0.9170264456501833
L48_gamma2p0_g0p05_T300,product,48,0.05,15.0,charge_density_wave,17,0.08297355434981746
L48_gamma2p0_g0p05_T300,product,48,0.05,15.0,charge_density_wave,18,0.9170264456501824
L48_gamma2p0_g0p05_T300,product,48,0.05,15.0,charge_density_wave,19,0.08297355434981761
L48_gamma2p0_g0p05_T300,product,48,0.05,15.0,charge_density_wave,20,0.9170264456501824
L48_gamma2p0_g0p05_T300,product,48,0.05,15.0,charge_density_wave,21,0.08297355434981762
L48_gamma2p0_g0p05_T300,product,48,0.05,15.0,charge_density_wave,22,0.9170264456501824
L48_gamma2p0_g0p05_T300,product,48,0.05,15.0,charge_density_wave,23,0.08297355434981761
L48_gamma2p0_g0p05_T300,product,48,0.05,15.0,charge_density_wave,24,0.9170264456501824
L48_gamma2p0_g0p05_T300,product,48,0.05,15.0,charge_density_wave,25,0.0829735543498176
L48_gamma2p0_g0p05_T300,product,48,0.05,15.0,charge_density_wave,26,0.9170264456501825
L48_gamma2p0_g0p05_T300,product,48,0.05,15.0,charge_density_wave,27,0.0829735543498176
L48_gamma2p0_g0p05_T300,product,48,0.05,15.0,charge_density_wave,28,0.9170264456501823
L48_gamma2p0_g0p05_T300,product,48,0.05,15.0,charge_density_wave,29,0.08297355434981758
L48_gamma2p0_g0p05_T300,product,48,0.05,15.0,charge_density_wave,30,0.9170264456501825
L48_gamma2p0_g0p05_T300,product,48,0.05,15.0,charge_density_wave,31,0.0829735543498166
L48_gamma2p0_g0p05_T300,product,48,0.05,15.0,charge_density_wave,32,0.9170264456501878
L48_gamma2p0_g0p05_T300,product,48,0.05,15.0,charge_density_wave,33,0.08297355434978204
L48_gamma2p0_g0p05_T300,product,48,0.05,15.0,charge_density_wave,34,0.9170264456503673
L48_gamma2p0_g0p05_T300,product,48,0.05,15.0,charge_density_wave,35,0.08297355434854713
L48_gamma2p0_g0p05_T300,product,48,0.05,15.0,charge_density_wave,36,0.9170264456567031
L48_gamma2p0_g0p05_T300,product,48,0.05,15.0,charge_density_wave,37,0.08297355430264701
L48_gamma2p0_g0p05_T300,product,48,0.05,15.0,charge_density_wave,38,0.9170264458903555
L48_gamma2p0_g0p05_T300,product,48,0.05,15.0,charge_density_wave,39,0.08297355249848042
L48_gamma2p0_g0p05_T300,product,48,0.05,15.0,charge_density_wave,40,0.9170264550794752
L48_gamma2p0_g0p05_T300,product,48,0.05,15.0,charge_density_wave,41,0.08297347523503677
L48_gamma2p0_g0p05_T300,product,48,0.05,15.0,charge_density_wave,42,0.9170268559279571
L48_gamma2p0_g0p05_T300,product,48,0.05,15.0,charge_density_wave,43,0.08296963815556811
L48_gamma2p0_g0p05_T300,product,48,0.05,15.0,charge_density_wave,44,0.9170481241265327
L48_gamma2p0_g0p05_T300,product,48,0.05,15.0,charge_density_wave,45,0.08270732698645725
L48_gamma2p0_g0p05_T300,product,48,0.05,15.0,charge_density_wave,46,0.9189545555417363
L48_gamma2p0_g0p05_T300,product,48,0.05,15.0,charge_density_wave,47,0.017265335572142423
L48_gamma2p0_g0p05_T300,product,48,0.05,15.0,left,0,0.9994372211167784
L48_gamma2p0_g0p05_T300,product,48,0.05,15.0,left,1,0.9640950445956553
L48_gamma2p0_g0p05_T300,product,48,0.05,15.0,left,2,0.9997980863084215
L48_gamma2p0_g0p05_T300,product,48,0.05,15.0,left,3,0.8132843228051146
L48_gamma2p0_g0p05_T300,product,48,0.05,15.0,left,4,0.9982108634173992
L48_gamma2p0_g0p05_T300,product,48,0.05,15.0,left,5,0.5943501548227211
L48_gamma2p0_g0p05_T300,product,48,0.05,15.0,left,6,0.9884557428219249
L48_gamma2p0_g0p05_T300,product,48,0.05,15.0,left,7,0.5223854353330067
L48_gamma2p0_g0p05_T300,product,48,0.05,15.0,left,8,0.9786878189861372
L48_gamma2p0_g0p05_T300,product,48,0.05,15.0,left,9,0.4284460614577351
L48_gamma2p0_g0p05_T300,product,48,0.05,15.0,left,10,0.9715931344153381
L48_gamma2p0_g0p05_T300,product,48,0.05,15.0,left,11,0.34963507024900464
L48_gamma2p0_g0p05_T300,product,48,0.05,15.0,left,12,0.9546543077805557
L48_gamma2p0_g0p05_T300,product,48,0.05,15.0,left,13,0.19544944410857423
L48_gamma2p0_g0p05_T300,product,48,0.05,15.0,left,14,0.9316288949389654
L48_gamma2p0_g0p05_T300,product,48,0.05,15.0,left,15,0.11076030962769655
L48_gamma2p0_g0p05_T300,product,48,0.05,15.0,left,16,0.9205108139099752
L48_gamma2p0_g0p05_T300,product,48,0.05,15.0,left,17,0.08758609046307472
L48_gamma2p0_g0p05_T300,product,48,0.05,15.0,left,18,0.917601727756251
L48_gamma2p0_g0p05_T300,product,48,0.05,15.0,left,19,0.08353974171013816
L48_gamma2p0_g0p05_T300,product,48,0.05,15.0,left,20,0.9170993061826116
L48_gamma2p0_g0p05_T300,product,48,0.05,15.0,left,21,0.0830268279387657
L48_gamma2p0_g0p05_T300,product,48,0.05,15.0,left,22,0.9170353021177102
L48_gamma2p0_g0p05_T300,product,48,0.05,15.0,left,23,0.08297518355161979
L48_gamma2p0_g0p05_T300,product,48,0.05,15.0,left,24,0.9170248164483803
L48_gamma2p0_g0p05_T300,product,48,0.05,15.0,left,25,0.0829646978822898
L48_gamma2p0_g0p05_T300,product,48,0.05,15.0,left,26,0.9169731720612343
L48_gamma2p0_g0p05_T300,product,48,0.05,15.0,left,27,0.0829006938173884
L48_gamma2p0_g0p05_T300,product,48,0.05,15.0,left,28,0.9164602582898618
L48_gamma2p0_g0p05_T300,product,48,0.05,15.0,left,29,0.08239827224374896
L48_gamma2p0_g0p05_T300,product,48,0.05,15.0,left,30,0.9124139095369254
L48_gamma2p0_g0p05_T300,product,48,0.05,15.0,left,31,0.0794891860900246
L48_gamma2p0_g0p05_T300,product,48,0.05,15.0,left,32,0.8892396903723034
L48_gamma2p0_g0p05_T300,product,48,0.05,15.0,left,33,0.06837110506103453
L48_gamma2p0_g0p05_T300,product,48,0.05,15.0,left,34,0.8045505558914258
L48_gamma2p0_g0p05_T300,product,48,0.05,15.0,left,35,0.04534569221944443
L48_gamma2p0_g0p05_T300,product,48,0.05,15.0,left,36,0.6503649297509954
L48_gamma2p0_g0p05_T300,product,48,0.05,15.0,left,37,0.028406865584661864
L48_gamma2p0_g0p05_T300,product,48,0.05,15.0,left,38,0.5715539385422649
L48_gamma2p0_g0p05_T300,product,48,0.05,15.0,left,39,0.021312181013862834
L48_gamma2p0_g0p05_T300,product,48,0.05,15.0,left,40,0.4776145646669933
L48_gamma2p0_g0p05_T300,product,48,0.05,15.0,left,41,0.011544257178074962
L48_gamma2p0_g0p05_T300,product,48,0.05,15.0,left,42,0.40564984517727887
L48_gamma2p0_g0p05_T300,product,48,0.05,15.0,left,43,0.001789136582600766
L48_gamma2p0_g0p05_T300,product,48,0.05,15.0,left,44,0.18671567719488533
L48_gamma2p0_g0p05_T300,product,48,0.05,15.0,left,45,0.00020191369157852266
L48_gamma2p0_g0p05_T300,product,48,0.05,15.0,left,46,0.03590495540434452
L48_gamma2p0_g0p05_T300,product,48,0.05,15.0,left,47,0.0005627788832215985
L48_gamma2p0_g0p05_T400,product,48,0.05,20.0,charge_density_wave,0,0.9827346644278575
L48_gamma2p0_g0p05_T400,product,48,0.05,20.0,charge_density_wave,1,0.0810454444582637
L48_gamma2p0_g0p05_T400,product,48,0.05,20.0,charge_density_wave,2,0.9172926730135429
L48_gamma2p0_g0p05_T400,product,48,0.05,20.0,charge_density_wave,3,0.0829518758734672
L48_gamma2p0_g0p05_T400,product,48,0.05,20.0,charge_density_wave,4,0.917030361844432
L48_gamma2p0_g0p05_T400,product,48,0.05,20.0,charge_density_wave,5,0.08297314407204295
L48_gamma2p0_g0p05_T400,product,48,0.05,20.0,charge_density_wave,6,0.9170265247649632
L48_gamma2p0_g0p05_T400,product,48,0.05,20.0,charge_density_wave,7,0.08297354492052472
L48_gamma2p0_g0p05_T400,product,48,0.05,20.0,charge_density_wave,8,0.9170264475015195
L48_gamma2p0_g0p05_T400,product,48,0.05,20.0,charge_density_wave,9,0.08297355410964438
L48_gamma2p0_g0p05_T400,product,48,0.05,20.0,charge_density_wave,10,0.9170264456973528
L48_gamma2p0_g0p05_T400,product,48,0.05,20.0,charge_density_wave,11,0.08297355434329692
L48_gamma2p0_g0p05_T400,product,48,0.05,20.0,charge_density_wave,12,0.9170264456514527
L48_gamma2p0_g0p05_T400,product,48,0.05,20.0,charge_density_wave,13,0.08297355434963269
L48_gamma2p0_g0p05_T400,product,48,0.05,20.0,charge_density_wave,14,0.917026445650218
L48_gamma2p0_g0p05_T400,product,48,0.05,20.0,charge_density_wave,15,0.0829735543498122
L48_gamma2p0_g0p05_T400,product,48,0.05,20.0,charge_density_wave,16,0.9170264456501835
L48_gamma2p0_g0p05_T400,product,48,0.05,20.0,charge_density_wave,17,0.08297355434981744
L48_gamma2p0_g0p05_T400,product,48,0.05,20.0,charge_density_wave,18,0.9170264456501823
L48_gamma2p0_g0p05_T400,product,48,0.05,20.0,charge_density_wave,19,0.08297355434981761
L48_gamma2p0_g0p05_T400,product,48,0.05,20.0,charge_density_wave,20,0.9170264456501824
L48_gamma2p0_g0p05_T400,product,48,0.05,20.0,charge_density_wave,21,0.08297355434981762
L48_gamma2p0_g0p05_T400,product,48,0.05,20.0,charge_density_wave,22,0.9170264456501824
L48_gamma2p0_g0p05_T400,product,48,0.05,20.0,charge_density_wave,23,0.08297355434981761
L48_gamma2p0_g0p05_T400,product,48,0.05,20.0,charge_density_wave,24,0.9170264456501824
L48_gamma2p0_g0p05_T400,product,48,0.05,20.0,charge_density_wave,25,0.08297355434981761
L48_gamma2p0_g0p05_T400,product,48,0.05,20.0,charge_density_wave,26,0.9170264456501824
L48_gamma2p0_g0p05_T400,product,48,0.05,20.0,charge_density_wave,27,0.0829735543498176
L48_gamma2p0_g0p05_T400,product,48,0.05,20.0,charge_density_wave,28,0.9170264456501824
L48_gamma2p0_g0p05_T400,product,48,0.05,20.0,charge_density_wave,29,0.0829735543498176
L48_gamma2p0_g0p05_T400,product,48,0.05,20.0,charge_density_wave,30,0.9170264456501825
L48_gamma2p0_g0p05_T400,product,48,0.05,20.0,charge_density_wave,31,0.08297355434981658
L48_gamma2p0_g0p05_T400,product,48,0.05,20.0,charge_density_wave,32,0.9170264456501878
L48_gamma2p0_g0p05_T400,product,48,0.05,20.0,charge_density_wave,33,0.08297355434978203
L48_gamma2p0_g0p05_T400,product,48,0.05,20.0,charge_density_wave,34,0.9170264456503673
L48_gamma2p0_g0p05_T400,product,48,0.05,20.0,charge_density_wave,35,0.08297355434854713
L48_gamma2p0_g0p05_T400,product,48,0.05,20.0,charge_density_wave,36,0.9170264456567031
L48_gamma2p0_g0p05_T400,product,48,0.05,20.0,charge_density_wave,37,0.08297355430264701
L48_gamma2p0_g0p05_T400,product,48,0.05,20.0,charge_density_wave,38,0.9170264458903555
L48_gamma2p0_g0p05_T400,product,48,0.05,20.0,charge_density_wave,39,0.08297355249848043
L48_gamma2p0_g0p05_T400,product,48,0.05,20.0,charge_density_wave,40,0.9170264550794753
L48_gamma2p0_g0p05_T400,product,48,0.05,20.0,charge_density_wave,41,0.08297347523503677
L48_gamma2p0_g0p05_T400,product,48,0.05,20.0,charge_density_wave,42,0.9170268559279571
L48_gamma2p0_g0p05_T400,product,48,0.05,20.0,charge_density_wave,43,0.0829696381555681
L48_gamma2p0_g0p05_T400,product,48,0.05,20.0,charge_density_wave,44,0.9170481241265329
L48_gamma2p0_g0p05_T400,product,48,0.05,20.0,charge_density_wave,45,0.08270732698645722
L48_gamma2p0_g0p05_T400,product,48,0.05,20.0,charge_density_wave,46,0.9189545555417363
L48_gamma2p0_g0p05_T400,product,48,0.05,20.0,charge_density_wave,47,0.017265335572142423
L48_gamma2p0_g0p05_T400,product,48,0.05,20.0,left,0,0.9863115585967827
L48_gamma2p0_g0p05_T400,product,48,0.05,20.0,left,1,0.24833035054268532
L48_gamma2p0_g0p05_T400,product,48,0.05,20.0,left,2,0.9561970351591391
L48_gamma2p0_g0p05_T400,product,48,0.05,20.0,left,3,0.4077480601930204
L48_gamma2p0_g0p05_T400,product,48,0.05,20.0,left,4,0.970688075606063
L48_gamma2p0_g0p05_T400,product,48,0.05,20.0,left,5,0.323961456100052
L48_gamma2p0_g0p05_T400,product,48,0.05,20.0,left,6,0.9521434876832159
L48_gamma2p0_g0p05_T400,product,48,0.05,20.0,left,7,0.19108556225266682
L48_gamma2p0_g0p05_T400,product,48,0.05,20.0,left,8,0.9318745120136169
L48_gamma2p0_g0p05_T400,product,48,0.05,20.0,left,9,0.11797987638391572
L48_gamma2p0_g0p05_T400,product,48,0.05,20.0,left,10,0.9216720114716876
L48_gamma2p0_g0p05_T400,product,48,0.05,20.0,left,11,0.091774601768294
L48_gamma2p0_g0p05_T400,product,48,0.05,20.0,left,12,0.9181683227291337
L48_gamma2p0_g0p05_T400,product,48,0.05,20.0,left,13,0.08474494122019696
L48_gamma2p0_g0p05_T400,product,48,0.05,20.0,left,14,0.9172531091741494
L48_gamma2p0_g0p05_T400,product,48,0.05,20.0,left,15,0.08326469793145938
L48_gamma2p0_g0p05_T400,product,48,0.05,20.0,left,16,0.9170635148940378
L48_gamma2p0_g0p05_T400,product,48,0.05,20.0,left,17,0.08301335513590155
L48_gamma2p0_g0p05_T400,product,48,0.05,20.0,left,18,0.9170315924618716
L48_gamma2p0_g0p05_T400,product,48,0.05,20.0,left,19,0.08297809205156048
L48_gamma2p0_g0p05_T400,product,48,0.05,20.0,left,20,0.9170271427768216
L48_gamma2p0_g0p05_T400,product,48,0.05,20.0,left,21,0.08297389632353369
L48_gamma2p0_g0p05_T400,product,48,0.05,20.0,left,22,0.9170266277769968
L48_gamma2p0_g0p05_T400,product,48,0.05,20.0,left,23,0.08297345721269406
L48_gamma2p0_g0p05_T400,product,48,0.05,20.0,left,24,0.9170265427873059
L48_gamma2p0_g0p05_T400,product,48,0.05,20.0,left,25,0.08297337222300319
L48_gamma2p0_g0p05_T400,product,48,0.05,20.0,left,26,0.9170261036764662
L48_gamma2p0_g0p05_T400,product,48,0.05,20.0,left,27,0.08297285722317836
L48_gamma2p0_g0p05_T400,product,48,0.05,20.0,left,28,0.9170219079484396
L48_gamma2p0_g0p05_T400,product,48,0.05,20.0,left,29,0.08296840753812836
L48_gamma2p0_g0p05_T400,product,48,0.05,20.0,left,30,0.9169866448640984
L48_gamma2p0_g0p05_T400,product,48,0.05,20.0,left,31,0.08293648510596208
L48_gamma2p0_g0p05_T400,product,48,0.05,20.0,left,32,0.9167353020685407
L48_gamma2p0_g0p05_T400,product,48,0.05,20.0,left,33,0.0827468908258506
L48_gamma2p0_g0p05_T400,product,48,0.05,20.0,left,34,0.9152550587798032
L48_gamma2p0_g0p05_T400,product,48,0.05,20.0,left,35,0.08183167727086628
L48_gamma2p0_g0p05_T400,product,48,0.05,20.0,left,36,0.908225398231706
L48_gamma2p0_g0p05_T400,product,48,0.05,20.0,left,37,0.07832798852831242
L48_gamma2p0_g0p05_T400,product,48,0.05,20.0,left,38,0.8820201236160842
L48_gamma2p0_g0p05_T400,product,48,0.05,20.0,left,39,0.06812548798638314
L48_gamma2p0_g0p05_T400,product,48,0.05,20.0,left,40,0.8089144377473333
L48_gamma2p0_g0p05_T400,product,48,0.05,20.0,left,41,0.0478565123167841
L48_gamma2p0_g0p05_T400,product,48,0.05,20.0,left,42,0.6760385438999479
L48_gamma2p0_g0p05_T400,product,48,0.05,20.0,left,43,0.029311924393936987
L48_gamma2p0_g0p05_T400,product,48,0.05,20.0,left,44,0.5922519398069797
L48_gamma2p0_g0p05_T400,product,48,0.05,20.0,left,45,0.04380296484086079
L48_gamma2p0_g0p05_T400,product,48,0.05,20.0,left,46,0.7516696494573146
L48_gamma2p0_g0p05_T400,product,48,0.05,20.0,left,47,0.013688441403217386
L48_gamma2p0_g0p05_T500,product,48,0.05,25.0,charge_density_wave,0,0.9827346644278576
L48_gamma2p0_g0p05_T500,product,48,0.05,25.0,charge_density_wave,1,0.08104544445826367
L48_gamma2p0_g0p05_T500,product,48,0.05,25.0,charge_density_wave,2,0.9172926730135427
L48_gamma2p0_g0p05_T500,product,48,0.05,25.0,charge_density_wave,3,0.0829518758734672
L48_gamma2p0_g0p05_T500,product,48,0.05,25.0,charge_density_wave,4,0.9170303618444319
L48_gamma2p0_g0p05_T500,product,48,0.05,25.0,charge_density_wave,5,0.08297314407204297
L48_gamma2p0_g0p05_T500,product,48,0.05,25.0,charge_density_wave,6,0.9170265247649632
L48_gamma2p0_g0p05_T500,product,48,0.05,25.0,charge_density_wave,7,0.08297354492052472
L48_gamma2p0_g0p05_T500,product,48,0.05,25.0,charge_density_wave,8,0.9170264475015196
L48_gamma2p0_g0p05_T500,product,48,0.05,25.0,charge_density_wave,9,0.08297355410964437
L48_gamma2p0_g0p05_T500,product,48,0.05,25.0,charge_density_wave,10,0.9170264456973531
L48_gamma2p0_g0p05_T500,product,48,0.05,25.0,charge_density_wave,11,0.08297355434329694
L48_gamma2p0_g0p05_T500,product,48,0.05,25.0,charge_density_wave,12,0.917026445651453
L48_gamma2p0_g0p05_T500,product,48,0.05,25.0,charge_density_wave,13,0.08297355434963269
L48_gamma2p0_g0p05_T500,product,48,0.05,25.0,charge_density_wave,14,0.917026445650218
L48_gamma2p0_g0p05_T500,product,48,0.05,25.0,charge_density_wave,15,0.08297355434981221
L48_gamma2p0_g0p05_T500,product,48,0.05,25.0,charge_density_wave,16,0.9170264456501834
L48_gamma2p0_g0p05_T500,product,48,0.05,25.0,charge_density_wave,17,0.08297355434981746
L48_gamma2p0_g0p05_T500,product,48,0.05,25.0,charge_density_wave,18,0.9170264456501824
L48_gamma2p0_g0p05_T500,product,48,0.05,25.0,charge_density_wave,19,0.0829735543498176
L48_gamma2p0_g0p05_T500,product,48,0.05,25.0,charge_density_wave,20,0.9170264456501824
L48_gamma2p0_g0p05_T500,product,48,0.05,25.0,charge_density_wave,21,0.08297355434981762
L48_gamma2p0_g0p05_T500,product,48,0.05,25.0,charge_density_wave,22,0.9170264456501823
L48_gamma2p0_g0p05_T500,product,48,0.05,25.0,charge_density_wave,23,0.0829735543498176
L48_gamma2p0_g0p05_T500,product,48,0.05,25.0,charge_density_wave,24,0.9170264456501824
L48_gamma2p0_g0p05_T500,product,48,0.05,25.0,charge_density_wave,25,0.08297355434981761
L48_gamma2p0_g0p05_T500,product,48,0.05,25.0,charge_density_wave,26,0.9170264456501824
L48_gamma2p0_g0p05_T500,product,48,0.05,25.0,charge_density_wave,27,0.08297355434981762
L48_gamma2p0_g0p05_T500,product,48,0.05,25.0,charge_density_wave,28,0.9170264456501824
L48_gamma2p0_g0p05_T500,product,48,0.05,25.0,charge_density_wave,29,0.0829735543498176
L48_gamma2p0_g0p05_T500,product,48,0.05,25.0,charge_density_wave,30,0.9170264456501827
L48_gamma2p0_g0p05_T500,product,48,0.05,25.0,charge_density_wave,31,0.0829735543498166
L48_gamma2p0_g0p05_T500,product,48,0.05,25.0,charge_density_wave,32,0.9170264456501878
L48_gamma2p0_g0p05_T500,product,48,0.05,25.0,charge_density_wave,33,0.08297355434978204
L48_gamma2p0_g0p05_T500,product,48,0.05,25.0,charge_density_wave,34,0.9170264456503673
L48_gamma2p0_g0p05_T500,product,48,0.05,25.0,charge_density_wave,35,0.08297355434854714
L48_gamma2p0_g0p05_T500,product,48,0.05,25.0,charge_density_wave,36,0.917026445656703
L48_gamma2p0_g0p05_T500,product,48,0.05,25.0,charge_density_wave,37,0.08297355430264701
L48_gamma2p0_g0p05_T500,product,48,0.05,25.0,charge_density_wave,38,0.9170264458903556
L48_gamma2p0_g0p05_T500,product,48,0.05,25.0,charge_density_wave,39,0.08297355249848043
L48_gamma2p0_g0p05_T500,product,48,0.05,25.0,charge_density_wave,40,0.9170264550794753
L48_gamma2p0_g0p05_T500,product,48,0.05,25.0,charge_density_wave,41,0.0829734752350368
L48_gamma2p0_g0p05_T500,product,48,0.05,25.0,charge_density_wave,42,0.917026855927957
L48_gamma2p0_g0p05_T500,product,48,0.05,25.0,charge_density_wave,43,0.0829696381555681
L48_gamma2p0_g0p05_T500,product,48,0.05,25.0,charge_density_wave,44,0.9170481241265327
L48_gamma2p0_g0p05_T500,product,48,0.05,25.0,charge_density_wave,45,0.08270732698645725
L48_gamma2p0_g0p05_T500,product,48,0.05,25.0,charge_density_wave,46,0.9189545555417364
L48_gamma2p0_g0p05_T500,product,48,0.05,25.0,charge_density_wave,47,0.017265335572142423
L48_gamma2p0_g0p05_T500,product,48,0.05,25.0,left,0,0.982734665509125
L48_gamma2p0_g0p05_T500,product,48,0.05,25.0,left,1,0.0810454938644315
L48_gamma2p0_g0p05_T500,product,48,0.05,25.0,left,2,0.9172926863548541
L48_gamma2p0_g0p05_T500,product,48,0.05,25.0,left,3,0.0829520041136614
L48_gamma2p0_g0p05_T500,product,48,0.05,25.0,left,4,0.9170303859837734
L48_gamma2p0_g0p05_T500,product,48,0.05,25.0,left,5,0.0829732794588669
L48_gamma2p0_g0p05_T500,product,48,0.05,25.0,left,6,0.9170265465230912
L48_gamma2p0_g0p05_T500,product,48,0.05,25.0,left,7,0.08297362978399561
L48_gamma2p0_g0p05_T500,product,48,0.05,25.0,left,8,0.9170264599673384
L48_gamma2p0_g0p05_T500,product,48,0.05,25.0,left,9,0.08297359052310183
L48_gamma2p0_g0p05_T500,product,48,0.05,25.0,left,10,0.9170264507667367
L48_gamma2p0_g0p05_T500,product,48,0.05,25.0,left,11,0.08297356590429725
L48_gamma2p0_g0p05_T500,product,48,0.05,25.0,left,12,0.917026447231866
L48_gamma2p0_g0p05_T500,product,48,0.05,25.0,left,13,0.08297355717788499
L48_gamma2p0_g0p05_T500,product,48,0.05,25.0,left,14,0.9170264460801525
L48_gamma2p0_g0p05_T500,product,48,0.05,25.0,left,15,0.08297355484401048
L48_gamma2p0_g0p05_T500,product,48,0.05,25.0,left,16,0.9170264458117368
L48_gamma2p0_g0p05_T500,product,48,0.05,25.0,left,17,0.08297355432019737
L48_gamma2p0_g0p05_T500,product,48,0.05,25.0,left,18,0.9170264457889079
L48_gamma2p0_g0p05_T500,product,48,0.05,25.0,left,19,0.08297355419754596
L48_gamma2p0_g0p05_T500,product,48,0.05,25.0,left,20,0.9170264458167106
L48_gamma2p0_g0p05_T500,product,48,0.05,25.0,left,21,0.0829735541572588
L48_gamma2p0_g0p05_T500,product,48,0.05,25.0,left,22,0.9170264458436321
L48_gamma2p0_g0p05_T500,product,48,0.05,25.0,left,23,0.08297355414583511
L48_gamma2p0_g0p05_T500,product,48,0.05,25.0,left,24,0.9170264458541648
L48_gamma2p0_g0p05_T500,product,48,0.05,25.0,left,25,0.08297355415636781
L48_gamma2p0_g0p05_T500,product,48,0.05,25.0,left,26,0.9170264458427412
L48_gamma2p0_g0p05_T500,product,48,0.05,25.0,left,27,0.08297355418328933
L48_gamma2p0_g0p05_T500,product,48,0.05,25.0,left,28,0.9170264458024541
L48_gamma2p0_g0p05_T500,product,48,0.05,25.0,left,29,0.08297355421109212
L48_gamma2p0_g0p05_T500,product,48,0.05,25.0,left,30,0.9170264456798026
L48_gamma2p0_g0p05_T500,product,48,0.05,25.0,left,31,0.08297355418826323
L48_gamma2p0_g0p05_T500,product,48,0.05,25.0,left,32,0.9170264451559895
L48_gamma2p0_g0p05_T500,product,48,0.05,25.0,left,33,0.08297355391984745
L48_gamma2p0_g0p05_T500,product,48,0.05,25.0,left,34,0.9170264428221149
L48_gamma2p0_g0p05_T500,product,48,0.05,25.0,left,35,0.08297355276813402
L48_gamma2p0_g0p05_T500,product,48,0.05,25.0,left,36,0.9170264340957027
L48_gamma2p0_g0p05_T500,product,48,0.05,25.0,left,37,0.08297354923326312
L48_gamma2p0_g0p05_T500,product,48,0.05,25.0,left,38,0.9170264094768983
L48_gamma2p0_g0p05_T500,product,48,0.05,25.0,left,39,0.08297354003266147
L48_gamma2p0_g0p05_T500,product,48,0.05,25.0,left,40,0.9170263702160044
L48_gamma2p0_g0p05_T500,product,48,0.05,25.0,left,41,0.08297345347690882
L48_gamma2p0_g0p05_T500,product,48,0.05,25.0,left,42,0.9170267205411331
L48_gamma2p0_g0p05_T500,product,48,0.05,25.0,left,43,0.08296961401622657
L48_gamma2p0_g0p05_T500,product,48,0.05,25.0,left,44,0.9170479958863385
L48_gamma2p0_g0p05_T500,product,48,0.05,25.0,left,45,0.08270731364514602
L48_gamma2p0_g0p05_T500,product,48,0.05,25.0,left,46,0.9189545061355685
L48_gamma2p0_g0p05_T500,product,48,0.05,25.0,left,47,0.017265334490875164
L48_gamma2p0_g0p0_T100,product,48,0.0,5.0,charge_density_wave,0,0.9828528400784118
L48_gamma2p0_g0p0_T100,product,48,0.0,5.0,charge_density_wave,1,0.08717202527763969
L48_gamma2p0_g0p0_T100,product,48,0.0,5.0,charge_density_wave,2,0.9113280561286605
L48_gamma2p0_g0p0_T100,product,48,0.0,5.0,charge_density_wave,3,0.08894117517907332
L48_gamma2p0_g0p0_T100,product,48,0.0,5.0,charge_density_wave,4,0.9110434353986598
L48_gamma2p0_g0p0_T100,product,48,0.0,5.0,charge_density_wave,5,0.08896054163399306
L48_gamma2p0_g0p0_T100,product,48,0.0,5.0,charge_density_wave,6,0.9110391818024992
L48_gamma2p0_g0p0_T100,product,48,0.0,5.0,charge_density_wave,7,0.08896089894884243
L48_gamma2p0_g0p0_T100,product,48,0.0,5.0,charge_density_wave,8,0.9110390949546837
L48_gamma2p0_g0p0_T100,product,48,0.0,5.0,charge_density_wave,9,0.08896090693135751
L48_gamma2p0_g0p0_T100,product,48,0.0,5.0,charge_density_wave,10,0.9110390929201864
L48_gamma2p0_g0p0_T100,product,48,0.0,5.0,charge_density_wave,11,0.08896090712716208
L48_gamma2p0_g0p0_T100,product,48,0.0,5.0,charge_density_wave,12,0.9110390928690265
L48_gamma2p0_g0p0_T100,product,48,0.0,5.0,charge_density_wave,13,0.08896090713220914
L48_gamma2p0_g0p0_T100,product,48,0.0,5.0,charge_density_wave,14,0.9110390928676901
L48_gamma2p0_g0p0_T100,product,48,0.0,5.0,charge_density_wave,15,0.08896090713234275
L48_gamma2p0_g0p0_T100,product,48,0.0,5.0,charge_density_wave,16,0.9110390928676546
L48_gamma2p0_g0p0_T100,product,48,0.0,5.0,charge_density_wave,17,0.08896090713234636
L48_gamma2p0_g0p0_T100,product,48,0.0,5.0,charge_density_wave,18,0.9110390928676536
L48_gamma2p0_g0p0_T100,product,48,0.0,5.0,charge_density_wave,19,0.08896090713234645
L48_gamma2p0_g0p0_T100,product,48,0.0,5.0,charge_density_wave,20,0.9110390928676535
L48_gamma2p0_g0p0_T100,product,48,0.0,5.0,charge_density_wave,21,0.08896090713234643
L48_gamma2p0_g0p0_T100,product,48,0.0,5.0,charge_density_wave,22,0.9110390928676536
L48_gamma2p0_g0p0_T100,product,48,0.0,5.0,charge_density_wave,23,0.08896090713234645
L48_gamma2p0_g0p0_T100,product,48,0.0,5.0,charge_density_wave,24,0.9110390928676536
L48_gamma2p0_g0p0_T100,product,48,0.0,5.0,charge_density_wave,25,0.08896090713234646
L48_gamma2p0_g0p0_T100,product,48,0.0,5.0,charge_density_wave,26,0.9110390928676536
L48_gamma2p0_g0p0_T100,product,48,0.0,5.0,charge_density_wave,27,0.08896090713234645
L48_gamma2p0_g0p0_T100,product,48,0.0,5.0,charge_density_wave,28,0.9110390928676536
L48_gamma2p0_g0p0_T100,product,48,0.0,5.0,charge_density_wave,29,0.08896090713234642
L48_gamma2p0_g0p0_T100,product,48,0.0,5.0,charge_density_wave,30,0.9110390928676535
L48_gamma2p0_g0p0_T100,product,48,0.0,5.0,charge_density_wave,31,0.08896090713234545
L48_gamma2p0_g0p0_T100,product,48,0.0,5.0,charge_density_wave,32,0.911039092867657
L48_gamma2p0_g0p0_T100,product,48,0.0,5.0,charge_density_wave,33,0.08896090713230982
L48_gamma2p0_g0p0_T100,product,48,0.0,5.0,charge_density_wave,34,0.911039092867791
L48_gamma2p0_g0p0_T100,product,48,0.0,5.0,charge_density_wave,35,0.0889609071309734
L48_gamma2p0_g0p0_T100,product,48,0.0,5.0,charge_density_wave,36,0.911039092872838
L48_gamma2p0_g0p0_T100,product,48,0.0,5.0,charge_density_wave,37,0.08896090707981355
L48_gamma2p0_g0p0_T100,product,48,0.0,5.0,charge_density_wave,38,0.9110390930686423
L48_gamma2p0_g0p0_T100,product,48,0.0,5.0,charge_density_wave,39,0.0889609050453162
L48_gamma2p0_g0p0_T100,product,48,0.0,5.0,charge_density_wave,40,0.9110391010511576
L48_gamma2p0_g0p0_T100,product,48,0.0,5.0,charge_density_wave,41,0.08896081819750067
L48_gamma2p0_g0p0_T100,product,48,0.0,5.0,charge_density_wave,42,0.9110394583660069
L48_gamma2p0_g0p0_T100,product,48,0.0,5.0,charge_density_wave,43,0.08895656460134017
L48_gamma2p0_g0p0_T100,product,48,0.0,5.0,charge_density_wave,44,0.9110588248209267
L48_gamma2p0_g0p0_T100,product,48,0.0,5.0,charge_density_wave,45,0.0886719438713395
L48_gamma2p0_g0p0_T100,product,48,0.0,5.0,charge_density_wave,46,0.9128279747223603
L48_gamma2p0_g0p0_T100,product,48,0.0,5.0,charge_density_wave,47,0.01714715992158815
L48_gamma2p0_g0p0_T100,product,48,0.0,5.0,left,0,0.9999999999999999
L48_gamma2p0_g0p0_T100,product,48,0.0,5.0,left,1,1.0
L48_gamma2p0_g0p0_T100,product,48,0.0,5.0,left,2,1.0
L48_gamma2p0_g0p0_T100,product,48,0.0,5.0,left,3,1.0
L48_gamma2p0_g0p0_T100,product,48,0.0,5.0,left,4,1.0
L48_gamma2p0_g0p0_T100,product,48,0.0,5.0,left,5,0.9999999999999846
L48_gamma2p0_g0p0_T100,product,48,0.0,5.0,left,6,0.9999999999999307
L48_gamma2p0_g0p0_T100,product,48,0.0,5.0,left,7,0.9999999999891855
L48_gamma2p0_g0p0_T100,product,48,0.0,5.0,left,8,0.9999999999670715
L48_gamma2p0_g0p0_T100,product,48,0.0,5.0,left,9,0.9999999953149946
L48_gamma2p0_g0p0_T100,product,48,0.0,5.0,left,10,0.9999999910746282
L48_gamma2p0_g0p0_T100,product,48,0.0,5.0,left,11,0.9999988274605918
L48_gamma2p0_g0p0_T100,product,48,0.0,5.0,left,12,0.9999987739286217
L48_gamma2p0_g0p0_T100,product,48,0.0,5.0,left,13,0.9998463489322439
L48_gamma2p0_g0p0_T100,product,48,0.0,5.0,left,14,0.9999301978668951
L48_gamma2p0_g0p0_T100,product,48,0.0,5.0,left,15,0.9909213847481768
L48_gamma2p0_g0p0_T100,product,48,0.0,5.0,left,16,0.9989576366412329
L48_gamma2p0_g0p0_T100,product,48,0.0,5.0,left,17,0.8136357114277009
L48_gamma2p0_g0p0_T100,product,48,0.0,5.0,left,18,0.9987983734490196
L48_gamma2p0_g0p0_T100,product,48,0.0,5.0,left,19,0.23905964333161528
L48_gamma2p0_g0p0_T100,product,48,0.0,5.0,left,20,0.9291699897438876
L48_gamma2p0_g0p0_T100,product,48,0.0,5.0,left,21,0.09866183769087868
L48_gamma2p0_g0p0_T100,product,48,0.0,5.0,left,22,0.9129508528290535
L48_gamma2p0_g0p0_T100,product,48,0.0,5.0,left,23,0.08855304862755463
L48_gamma2p0_g0p0_T100,product,48,0.0,5.0,left,24,0.9114469513724452
L48_gamma2p0_g0p0_T100,product,48,0.0,5.0,left,25,0.08704914717094639
L48_gamma2p0_g0p0_T100,product,48,0.0,5.0,left,26,0.9013381623091211
L48_gamma2p0_g0p0_T100,product,48,0.0,5.0,left,27,0.0708300102561124
L48_gamma2p0_g0p0_T100,product,48,0.0,5.0,left,28,0.7609403566683847
L48_gamma2p0_g0p0_T100,product,48,0.0,5.0,left,29,0.0012016265509805068
L48_gamma2p0_g0p0_T100,product,48,0.0,5.0,left,30,0.18636428857229903
L48_gamma2p0_g0p0_T100,product,48,0.0,5.0,left,31,0.001042363358767028
L48_gamma2p0_g0p0_T100,product,48,0.0,5.0,left,32,0.00907861525182339
L48_gamma2p0_g0p0_T100,product,48,0.0,5.0,left,33,6.980213310483589e-05
L48_gamma2p0_g0p0_T100,product,48,0.0,5.0,left,34,0.0001536510677559854
L48_gamma2p0_g0p0_T100,product,48,0.0,5.0,left,35,1.2260713783262675e-06
L48_gamma2p0_g0p0_T100,product,48,0.0,5.0,left,36,1.1725394082605543e-06
L48_gamma2p0_g0p0_T100,product,48,0.0,5.0,left,37,8.925371730170288e-09
L48_gamma2p0_g0p0_T100,product,48,0.0,5.0,left,38,4.685005434215117e-09
L48_gamma2p0_g0p0_T100,product,48,0.0,5.0,left,39,3.292864655130916e-11
L48_gamma2p0_g0p0_T100,product,48,0.0,5.0,left,40,1.0814643789129782e-11
L48_gamma2p0_g0p0_T100,product,48,0.0,5.0,left,41,6.924039146739962e-14
L48_gamma2p0_g0p0_T100,product,48,0.0,5.0,left,42,1.54764684744156e-14
L48_gamma2p0_g0p0_T100,product,48,0.0,5.0,left,43,8.979685750973394e-17
L48_gamma2p0_g0p0_T100,product,48,0.0,5.0,left,44,1.4485438569863656e-17
L48_gamma2p0_g0p0_T100,product,48,0.0,5.0,left,45,7.608627623008324e-20
L48_gamma2p0_g0p0_T100,product,48,0.0,5.0,left,46,9.242703892816935e-21
L48_gamma2p0_g0p0_T100,product,48,0.0,5.0,left,47,4.7758358829703707e-23
L48_gamma2p0_g0p0_T150,product,48,0.0,7.5,charge_density_wave,0,0.9828528349976614
L48_gamma2p0_g0p0_T150,product,48,0.0,7.5,charge_density_wave,1,0.08717206253575618
L48_gamma2p0_g0p0_T150,product,48,0.0,7.5,charge_density_wave,2,0.9113280029409442
L48_gamma2p0_g0p0_T150,product,48,0.0,7.5,charge_density_wave,3,0.08894124882533594
L48_gamma2p0_g0p0_T150,product,48,0.0,7.5,charge_density_wave,4,0.9110433567296488
L48_gamma2p0_g0p0_T150,product,48,0.0,7.5,charge_density_wave,5,0.08896062438339297
L48_gamma2p0_g0p0_T150,product,48,0.0,7.5,charge_density_wave,6,0.9110390983343752
L48_gamma2p0_g0p0_T150,product,48,0.0,7.5,charge_density_wave,7,0.08896098287026882
L48_gamma2p0_g0p0_T150,product,48,0.0,7.5,charge_density_wave,8,0.9110390109678145
L48_gamma2p0_g0p0_T150,product,48,0.0,7.5,charge_density_wave,9,0.08896099095341481
L48_gamma2p0_g0p0_T150,product,48,0.0,7.5,charge_density_wave,10,0.911039008893668
L48_gamma2p0_g0p0_T150,product,48,0.0,7.5,charge_density_wave,11,0.08896099115583568
L48_gamma2p0_g0p0_T150,product,48,0.0,7.5,charge_density_wave,12,0.911039008840103
L48_gamma2p0_g0p0_T150,product,48,0.0,7.5,charge_density_wave,13,0.08896099116124476
L48_gamma2p0_g0p0_T150,product,48,0.0,7.5,charge_density_wave,14,0.9110390088386424
L48_gamma2p0_g0p0_T150,product,48,0.0,7.5,charge_density_wave,15,0.08896099116139575
L48_gamma2p0_g0p0_T150,product,48,0.0,7.5,charge_density_wave,16,0.9110390088386011
L48_gamma2p0_g0p0_T150,product,48,0.0,7.5,charge_density_wave,17,0.08896099116140012
L48_gamma2p0_g0p0_T150,product,48,0.0,7.5,charge_density_wave,18,0.9110390088385998
L48_gamma2p0_g0p0_T150,product,48,0.0,7.5,charge_density_wave,19,0.08896099116140024
L48_gamma2p0_g0p0_T150,product,48,0.0,7.5,charge_density_wave,20,0.9110390088385997
L48_gamma2p0_g0p0_T150,product,48,0.0,7.5,charge_density_wave,21,0.08896099116140024
L48_gamma2p0_g0p0_T150,product,48,0.0,7.5,charge_density_wave,22,0.9110390088385998
L48_gamma2p0_g0p0_T150,product,48,0.0,7.5,charge_density_wave,23,0.08896099116140024
L48_gamma2p0_g0p0_T150,product,48,0.0,7.5,charge_density_wave,24,0.9110390088385998
L48_gamma2p0_g0p0_T150,product,48,0.0,7.5,charge_density_wave,25,0.08896099116140026
L48_gamma2p0_g0p0_T150,product,48,0.0,7.5,charge_density_wave,26,0.9110390088385997
L48_gamma2p0_g0p0_T150,product,48,0.0,7.5,charge_density_wave,27,0.08896099116140026
L48_gamma2p0_g0p0_T150,product,48,0.0,7.5,charge_density_wave,28,0.9110390088385998
L48_gamma2p0_g0p0_T150,product,48,0.0,7.5,charge_density_wave,29,0.08896099116140022
L48_gamma2p0_g0p0_T150,product,48,0.0,7.5,charge_density_wave,30,0.9110390088386
L48_gamma2p0_g0p0_T150,product,48,0.0,7.5,charge_density_wave,31,0.088960991161399
L48_gamma2p0_g0p0_T150,product,48,0.0,7.5,charge_density_wave,32,0.9110390088386041
L48_gamma2p0_g0p0_T150,product,48,0.0,7.5,charge_density_wave,33,0.08896099116135765
L48_gamma2p0_g0p0_T150,product,48,0.0,7.5,charge_density_wave,34,0.9110390088387553
L48_gamma2p0_g0p0_T150,product,48,0.0,7.5,charge_density_wave,35,0.08896099115989695
L48_gamma2p0_g0p0_T150,product,48,0.0,7.5,charge_density_wave,36,0.9110390088441642
L48_gamma2p0_g0p0_T150,product,48,0.0,7.5,charge_density_wave,37,0.08896099110633196
L48_gamma2p0_g0p0_T150,product,48,0.0,7.5,charge_density_wave,38,0.9110390090465852
L48_gamma2p0_g0p0_T150,product,48,0.0,7.5,charge_density_wave,39,0.08896098903218551
L48_gamma2p0_g0p0_T150,product,48,0.0,7.5,charge_density_wave,40,0.9110390171297312
L48_gamma2p0_g0p0_T150,product,48,0.0,7.5,charge_density_wave,41,0.08896090166562477
L48_gamma2p0_g0p0_T150,product,48,0.0,7.5,charge_density_wave,42,0.9110393756166071
L48_gamma2p0_g0p0_T150,product,48,0.0,7.5,charge_density_wave,43,0.08895664327035128
L48_gamma2p0_g0p0_T150,product,48,0.0,7.5,charge_density_wave,44,0.9110587511746641
L48_gamma2p0_g0p0_T150,product,48,0.0,7.5,charge_density_wave,45,0.08867199705905582
L48_gamma2p0_g0p0_T150,product,48,0.0,7.5,charge_density_wave,46,0.9128279374642436
L48_gamma2p0_g0p0_T150,product,48,0.0,7.5,charge_density_wave,47,0.017147165002338628
L48_gamma2p0_g0p0_T150,product,48,0.0,7.5,left,0,0.9999999999999944
L48_gamma2p0_g0p0_T150,product,48,0.0,7.5,left,1,0.9999999999993554
L48_gamma2p0_g0p0_T150,product,48,0.0,7.5,left,2,0.9999999999987775
L48_gamma2p0_g0p0_T150,product,48,0.0,7.5,left,3,0.999999999833591
L48_gamma2p0_g0p0_T150,product,48,0.0,7.5,left,4,0.999999999787288
L48_gamma2p0_g0p0_T150,product,48,0.0,7.5,left,5,0.9999999720038828
L48_gamma2p0_g0p0_T150,product,48,0.0,7.5,left,6,0.9999999777317884
L48_gamma2p0_g0p0_T150,product,48,0.0,7.5,left,7,0.9999970881892056
L48_gamma2p0_g0p0_T150,product,48,0.0,7.5,left,8,0.9999987324485702
L48_gamma2p0_g0p0_T150,product,48,0.0,7.5,left,9,0.9998262458118617
L48_gamma2p0_g0p0_T150,product,48,0.0,7.5,left,10,0.9999665886630094
L48_gamma2p0_g0p0_T150,product,48,0.0,7.5,left,11,0.9946226385023832
L48_gamma2p0_g0p0_T150,product,48,0.0,7.5,left,12,0.9996938921102592
L48_gamma2p0_g0p0_T150,product,48,0.0,7.5,left,13,0.9248435663521353
L48_gamma2p0_g0p0_T150,product,48,0.0,7.5,left,14,0.9991032040757218
L48_gamma2p0_g0p0_T150,product,48,0.0,7.5,left,15,0.6062330062358406
L48_gamma2p0_g0p0_T150,product,48,0.0,7.5,left,16,0.9886460146923418
L48_gamma2p0_g0p0_T150,product,48,0.0,7.5,left,17,0.3723707881426679
L48_gamma2p0_g0p0_T150,product,48,0.0,7.5,left,18,0.9474357402582492
L48_gamma2p0_g0p0_T150,product,48,0.0,7.5,left,19,0.13842997288211623
L48_gamma2p0_g0p0_T150,product,48,0.0,7.5,left,20,0.9174384968643359
L48_gamma2p0_g0p0_T150,product,48,0.0,7.5,left,21,0.0933371193971308
L48_gamma2p0_g0p0_T150,product,48,0.0,7.5,left,22,0.9117235203684528
L48_gamma2p0_g0p0_T150,product,48,0.0,7.5,left,23,0.08908001837050966
L48_gamma2p0_g0p0_T150,product,48,0.0,7.5,left,24,0.9109199816294903
L48_gamma2p0_g0p0_T150,product,48,0.0,7.5,left,25,0.08827647963154717
L48_gamma2p0_g0p0_T150,product,48,0.0,7.5,left,26,0.9066628806028691
L48_gamma2p0_g0p0_T150,product,48,0.0,7.5,left,27,0.08256150313566424
L48_gamma2p0_g0p0_T150,product,48,0.0,7.5,left,28,0.8615700271178837
L48_gamma2p0_g0p0_T150,product,48,0.0,7.5,left,29,0.05256425974175078
L48_gamma2p0_g0p0_T150,product,48,0.0,7.5,left,30,0.6276292118573321
L48_gamma2p0_g0p0_T150,product,48,0.0,7.5,left,31,0.01135398530765813
L48_gamma2p0_g0p0_T150,product,48,0.0,7.5,left,32,0.3937669937641593
L48_gamma2p0_g0p0_T150,product,48,0.0,7.5,left,33,0.0008967959242780464
L48_gamma2p0_g0p0_T150,product,48,0.0,7.5,left,34,0.07515643364786463
L48_gamma2p0_g0p0_T150,product,48,0.0,7.5,left,35,0.00030610788974072425
L48_gamma2p0_g0p0_T150,product,48,0.0,7.5,left,36,0.005377361497616856
L48_gamma2p0_g0p0_T150,product,48,0.0,7.5,left,37,3.341133699067746e-05
L48_gamma2p0_g0p0_T150,product,48,0.0,7.5,left,38,0.00017375418813820757
L48_gamma2p0_g0p0_T150,product,48,0.0,7.5,left,39,1.267551429904428e-06
L48_gamma2p0_g0p0_T150,product,48,0.0,7.5,left,40,2.9118107944577593e-06
L48_gamma2p0_g0p0_T150,product,48,0.0,7.5,left,41,2.2268211604124256e-08
L48_gamma2p0_g0p0_T150,product,48,0.0,7.5,left,42,2.7996117292341946e-08
L48_gamma2p0_g0p0_T150,product,48,0.0,7.5,left,43,2.1271195210774663e-10
L48_gamma2p0_g0p0_T150,product,48,0.0,7.5,left,44,1.664090575643866e-10
L48_gamma2p0_g0p0_T150,product,48,0.0,7.5,left,45,1.2224616700502675e-12
L48_gamma2p0_g0p0_T150,product,48,0.0,7.5,left,46,6.443783698110725e-13
L48_gamma2p0_g0p0_T150,product,48,0.0,7.5,left,47,5.543260901920203e-15
L48_gamma2p0_g0p0_T200,product,48,0.0,10.0,charge_density_wave,0,0.9828528349939387
L48_gamma2p0_g0p0_T200,product,48,0.0,10.0,charge_density_wave,1,0.08717206256502662
L48_gamma2p0_g0p0_T200,product,48,0.0,10.0,charge_density_wave,2,0.9113280028962679
L48_gamma2p0_g0p0_T200,product,48,0.0,10.0,charge_density_wave,3,0.08894124889543159
L48_gamma2p0_g0p0_T200,product,48,0.0,10.0,charge_density_wave,4,0.9110433566513341
L48_gamma2p0_g0p0_T200,product,48,0.0,10.0,charge_density_wave,5,0.08896062447058087
L48_gamma2p0_g0p0_T200,product,48,0.0,10.0,charge_density_wave,6,0.9110390982451101
L48_gamma2p0_g0p0_T200,product,48,0.0,10.0,charge_density_wave,7,0.0889609829612664
L48_gamma2p0_g0p0_T200,product,48,0.0,10.0,charge_density_wave,8,0.9110390108764889
L48_gamma2p0_g0p0_T200,product,48,0.0,10.0,charge_density_wave,9,0.08896099104496936
L48_gamma2p0_g0p0_T200,product,48,0.0,10.0,charge_density_wave,10,0.9110390088020761
L48_gamma2p0_g0p0_T200,product,48,0.0,10.0,charge_density_wave,11,0.08896099124745038
L48_gamma2p0_g0p0_T200,product,48,0.0,10.0,charge_density_wave,12,0.911039008748485
L48_gamma2p0_g0p0_T200,product,48,0.0,10.0,charge_density_wave,13,0.08896099125286465
L48_gamma2p0_g0p0_T200,product,48,0.0,10.0,charge_density_wave,14,0.9110390087470221
L48_gamma2p0_g0p0_T200,product,48,0.0,10.0,charge_density_wave,15,0.08896099125301603
L48_gamma2p0_g0p0_T200,product,48,0.0,10.0,charge_density_wave,16,0.9110390087469808
L48_gamma2p0_g0p0_T200,product,48,0.0,10.0,charge_density_wave,17,0.0889609912530204
L48_gamma2p0_g0p0_T200,product,48,0.0,10.0,charge_density_wave,18,0.9110390087469795
L48_gamma2p0_g0p0_T200,product,48,0.0,10.0,charge_density_wave,19,0.08896099125302052
L48_gamma2p0_g0p0_T200,product,48,0.0,10.0,charge_density_wave,20,0.9110390087469795
L48_gamma2p0_g0p0_T200,product,48,0.0,10.0,charge_density_wave,21,0.08896099125302052
L48_gamma2p0_g0p0_T200,product,48,0.0,10.0,charge_density_wave,22,0.9110390087469795
L48_gamma2p0_g0p0_T200,product,48,0.0,10.0,charge_density_wave,23,0.08896099125302052
L48_gamma2p0_g0p0_T200,product,48,0.0,10.0,charge_density_wave,24,0.9110390087469794
L48_gamma2p0_g0p0_T200,product,48,0.0,10.0,charge_density_wave,25,0.08896099125302052
L48_gamma2p0_g0p0_T200,product,48,0.0,10.0,charge_density_wave,26,0.9110390087469795
L48_gamma2p0_g0p0_T200,product,48,0.0,10.0,charge_density_wave,27,0.08896099125302052
L48_gamma2p0_g0p0_T200,product,48,0.0,10.0,charge_density_wave,28,0.9110390087469794
L48_gamma2p0_g0p0_T200,product,48,0.0,10.0,charge_density_wave,29,0.08896099125302051
L48_gamma2p0_g0p0_T200,product,48,0.0,10.0,charge_density_wave,30,0.9110390087469795
L48_gamma2p0_g0p0_T200,product,48,0.0,10.0,charge_density_wave,31,0.08896099125301928
L48_gamma2p0_g0p0_T200,product,48,0.0,10.0,charge_density_wave,32,0.911039008746984
L48_gamma2p0_g0p0_T200,product,48,0.0,10.0,charge_density_wave,33,0.08896099125297777
L48_gamma2p0_g0p0_T200,product,48,0.0,10.0,charge_density_wave,34,0.9110390087471354
L48_gamma2p0_g0p0_T200,product,48,0.0,10.0,charge_density_wave,35,0.08896099125151498
L48_gamma2p0_g0p0_T200,product,48,0.0,10.0,charge_density_wave,36,0.9110390087525496
L48_gamma2p0_g0p0_T200,product,48,0.0,10.0,charge_density_wave,37,0.08896099119792378
L48_gamma2p0_g0p0_T200,product,48,0.0,10.0,charge_density_wave,38,0.9110390089550306
L48_gamma2p0_g0p0_T200,product,48,0.0,10.0,charge_density_wave,39,0.08896098912351108
L48_gamma2p0_g0p0_T200,product,48,0.0,10.0,charge_density_wave,40,0.9110390170387336
L48_gamma2p0_g0p0_T200,product,48,0.0,10.0,charge_density_wave,41,0.08896090175488996
L48_gamma2p0_g0p0_T200,product,48,0.0,10.0,charge_density_wave,42,0.911039375529419
L48_gamma2p0_g0p0_T200,product,48,0.0,10.0,charge_density_wave,43,0.0889566433486658
L48_gamma2p0_g0p0_T200,product,48,0.0,10.0,charge_density_wave,44,0.9110587511045685
L48_gamma2p0_g0p0_T200,product,48,0.0,10.0,charge_density_wave,45,0.08867199710373208
L48_gamma2p0_g0p0_T200,product,48,0.0,10.0,charge_density_wave,46,0.9128279374349733
L48_gamma2p0_g0p0_T200,product,48,0.0,10.0,charge_density_wave,47,0.01714716500606107
L48_gamma2p0_g0p0_T200,product,48,0.0,10.0,left,0,0.9999999984802762
L48_gamma2p0_g0p0_T200,product,48,0.0,10.0,left,1,0.999999866665182
L48_gamma2p0_g0p0_T200,product,48,0.0,10.0,left,2,0.9999999337357626
L48_gamma2p0_g0p0_T200,product,48,0.0,10.0,left,3,0.9999908679963503
L48_gamma2p0_g0p0_T200,product,48,0.0,10.0,left,4,0.9999975182168122
L48_gamma2p0_g0p0_T200,product,48,0.0,10.0,left,5,0.9996221817293282
L48_gamma2p0_g0p0_T200,product,48,0.0,10.0,left,6,0.9999542885294015
L48_gamma2p0_g0p0_T200,product,48,0.0,10.0,left,7,0.9912741051183674
L48_gamma2p0_g0p0_T200,product,48,0.0,10.0,left,8,0.9997171722610171
L48_gamma2p0_g0p0_T200,product,48,0.0,10.0,left,9,0.9029459060562401
L48_gamma2p0_g0p0_T200,product,48,0.0,10.0,left,10,0.9996606837519395
L48_gamma2p0_g0p0_T200,product,48,0.0,10.0,left,11,0.594050957809529
L48_gamma2p0_g0p0_T200,product,48,0.0,10.0,left,12,0.988092604029414
L48_gamma2p0_g0p0_T200,product,48,0.0,10.0,left,13,0.47809485882354286
L48_gamma2p0_g0p0_T200,product,48,0.0,10.0,left,14,0.9667527814498602
L48_gamma2p0_g0p0_T200,product,48,0.0,10.0,left,15,0.24577260181171587
L48_gamma2p0_g0p0_T200,product,48,0.0,10.0,left,16,0.9323585025582297
L48_gamma2p0_g0p0_T200,product,48,0.0,10.0,left,17,0.12493409002745809
L48_gamma2p0_g0p0_T200,product,48,0.0,10.0,left,18,0.9158297958817138
L48_gamma2p0_g0p0_T200,product,48,0.0,10.0,left,19,0.0940196277319422
L48_gamma2p0_g0p0_T200,product,48,0.0,10.0,left,20,0.9117545814710928
L48_gamma2p0_g0p0_T200,product,48,0.0,10.0,left,21,0.08940293259006699
L48_gamma2p0_g0p0_T200,product,48,0.0,10.0,left,22,0.9111554874709207
L48_gamma2p0_g0p0_T200,product,48,0.0,10.0,left,23,0.0889338783655034
L48_gamma2p0_g0p0_T200,product,48,0.0,10.0,left,24,0.9110661216344966
L48_gamma2p0_g0p0_T200,product,48,0.0,10.0,left,25,0.08884451252907927
L48_gamma2p0_g0p0_T200,product,48,0.0,10.0,left,26,0.9105970674099331
L48_gamma2p0_g0p0_T200,product,48,0.0,10.0,left,27,0.08824541852890719
L48_gamma2p0_g0p0_T200,product,48,0.0,10.0,left,28,0.9059803722680578
L48_gamma2p0_g0p0_T200,product,48,0.0,10.0,left,29,0.08417020411828627
L48_gamma2p0_g0p0_T200,product,48,0.0,10.0,left,30,0.875065909972542
L48_gamma2p0_g0p0_T200,product,48,0.0,10.0,left,31,0.06764149744177016
L48_gamma2p0_g0p0_T200,product,48,0.0,10.0,left,32,0.7542273981882841
L48_gamma2p0_g0p0_T200,product,48,0.0,10.0,left,33,0.03324721855013984
L48_gamma2p0_g0p0_T200,product,48,0.0,10.0,left,34,0.5219051411764571
L48_gamma2p0_g0p0_T200,product,48,0.0,10.0,left,35,0.011907395970585927
L48_gamma2p0_g0p0_T200,product,48,0.0,10.0,left,36,0.4059490421904709
L48_gamma2p0_g0p0_T200,product,48,0.0,10.0,left,37,0.0003393162480604061
L48_gamma2p0_g0p0_T200,product,48,0.0,10.0,left,38,0.09705409394375998
L48_gamma2p0_g0p0_T200,product,48,0.0,10.0,left,39,0.00028282773898301013
L48_gamma2p0_g0p0_T200,product,48,0.0,10.0,left,40,0.008725894881632489
L48_gamma2p0_g0p0_T200,product,48,0.0,10.0,left,41,4.571147059844778e-05
L48_gamma2p0_g0p0_T200,product,48,0.0,10.0,left,42,0.0003778182706717976
L48_gamma2p0_g0p0_T200,product,48,0.0,10.0,left,43,2.481783187866669e-06
L48_gamma2p0_g0p0_T200,product,48,0.0,10.0,left,44,9.132003649840436e-06
L48_gamma2p0_g0p0_T200,product,48,0.0,10.0,left,45,6.626423754082063e-08
L48_gamma2p0_g0p0_T200,product,48,0.0,10.0,left,46,1.3333481786659596e-07
L48_gamma2p0_g0p0_T200,product,48,0.0,10.0,left,47,1.5197236945127685e-09
L48_gamma2p0_g0p0_T250,product,48,0.0,12.5,charge_density_wave,0,0.9828528349939358
L48_gamma2p0_g0p0_T250,product,48,0.0,12.5,charge_density_wave,1,0.08717206256505286
L48_gamma2p0_g0p0_T250,product,48,0.0,12.5,charge_density_wave,2,0.9113280028962263
L48_gamma2p0_g0p0_T250,product,48,0.0,12.5,charge_density_wave,3,0.08894124889550226
L48_gamma2p0_g0p0_T250,product,48,0.0,12.5,charge_density_wave,4,0.9110433566512526
L48_gamma2p0_g0p0_T250,product,48,0.0,12.5,charge_density_wave,5,0.08896062447067685
L48_gamma2p0_g0p0_T250,product,48,0.0,12.5,charge_density_wave,6,0.9110390982450102
L48_gamma2p0_g0p0_T250,product,48,0.0,12.5,charge_density_wave,7,0.08896098296137048
L48_gamma2p0_g0p0_T250,product,48,0.0,12.5,charge_density_wave,8,0.9110390108763838
L48_gamma2p0_g0p0_T250,product,48,0.0,12.5,charge_density_wave,9,0.08896099104507514
L48_gamma2p0_g0p0_T250,product,48,0.0,12.5,charge_density_wave,10,0.9110390088019702
L48_gamma2p0_g0p0_T250,product,48,0.0,12.5,charge_density_wave,11,0.08896099124755644
L48_gamma2p0_g0p0_T250,product,48,0.0,12.5,charge_density_wave,12,0.911039008748379
L48_gamma2p0_g0p0_T250,product,48,0.0,12.5,charge_density_wave,13,0.08896099125297073
L48_gamma2p0_g0p0_T250,product,48,0.0,12.5,charge_density_wave,14,0.911039008746916
L48_gamma2p0_g0p0_T250,product,48,0.0,12.5,charge_density_wave,15,0.08896099125312212
L48_gamma2p0_g0p0_T250,product,48,0.0,12.5,charge_density_wave,16,0.9110390087468746
L48_gamma2p0_g0p0_T250,product,48,0.0,12.5,charge_density_wave,17,0.0889609912531265
L48_gamma2p0_g0p0_T250,product,48,0.0,12.5,charge_density_wave,18,0.9110390087468735
L48_gamma2p0_g0p0_T250,product,48,0.0,12.5,charge_density_wave,19,0.0889609912531266
L48_gamma2p0_g0p0_T250,product,48,0.0,12.5,charge_density_wave,20,0.9110390087468733
L48_gamma2p0_g0p0_T250,product,48,0.0,12.5,charge_density_wave,21,0.08896099125312662
L48_gamma2p0_g0p0_T250,product,48,0.0,12.5,charge_density_wave,22,0.9110390087468734
L48_gamma2p0_g0p0_T250,product,48,0.0,12.5,charge_density_wave,23,0.08896099125312662
L48_gamma2p0_g0p0_T250,product,48,0.0,12.5,charge_density_wave,24,0.9110390087468734
L48_gamma2p0_g0p0_T250,product,48,0.0,12.5,charge_density_wave,25,0.08896099125312662
L48_gamma2p0_g0p0_T250,product,48,0.0,12.5,charge_density_wave,26,0.9110390087468734
L48_gamma2p0_g0p0_T250,product,48,0.0,12.5,charge_density_wave,27,0.08896099125312662
L48_gamma2p0_g0p0_T250,product,48,0.0,12.5,charge_density_wave,28,0.9110390087468734
L48_gamma2p0_g0p0_T250,product,48,0.0,12.5,charge_density_wave,29,0.08896099125312658
L48_gamma2p0_g0p0_T250,product,48,0.0,12.5,charge_density_wave,30,0.9110390087468736
L48_gamma2p0_g0p0_T250,product,48,0.0,12.5,charge_density_wave,31,0.08896099125312538
L48_gamma2p0_g0p0_T250,product,48,0.0,12.5,charge_density_wave,32,0.9110390087468779
L48_gamma2p0_g0p0_T250,product,48,0.0,12.5,charge_density_wave,33,0.08896099125308388
L48_gamma2p0_g0p0_T250,product,48,0.0,12.5,charge_density_wave,34,0.9110390087470293
L48_gamma2p0_g0p0_T250,product,48,0.0,12.5,charge_density_wave,35,0.08896099125162105
L48_gamma2p0_g0p0_T250,product,48,0.0,12.5,charge_density_wave,36,0.9110390087524436
L48_gamma2p0_g0p0_T250,product,48,0.0,12.5,charge_density_wave,37,0.08896099119802975
L48_gamma2p0_g0p0_T250,product,48,0.0,12.5,charge_density_wave,38,0.9110390089549248
L48_gamma2p0_g0p0_T250,product,48,0.0,12.5,charge_density_wave,39,0.08896098912361608
L48_gamma2p0_g0p0_T250,product,48,0.0,12.5,charge_density_wave,40,0.9110390170386296
L48_gamma2p0_g0p0_T250,product,48,0.0,12.5,charge_density_wave,41,0.08896090175499
L48_gamma2p0_g0p0_T250,product,48,0.0,12.5,charge_density_wave,42,0.9110393755293231
L48_gamma2p0_g0p0_T250,product,48,0.0,12.5,charge_density_wave,43,0.08895664334874752
L48_gamma2p0_g0p0_T250,product,48,0.0,12.5,charge_density_wave,44,0.9110587511044977
L48_gamma2p0_g0p0_T250,product,48,0.0,12.5,charge_density_wave,45,0.08867199710377367
L48_gamma2p0_g0p0_T250,product,48,0.0,12.5,charge_density_wave,46,0.9128279374349472
L48_gamma2p0_g0p0_T250,product,48,0.0,12.5,charge_density_wave,47,0.017147165006064287
L48_gamma2p0_g0p0_T250,product,48,0.0,12.5,left,0,0.9999979431858327
L48_gamma2p0_g0p0_T250,product,48,0.0,12.5,left,1,0.9998482648011862
L48_gamma2p0_g0p0_T250,product,48,0.0,12.5,left,2,0.9999827791067928
L48_gamma2p0_g0p0_T250,product,48,0.0,12.5,left,3,0.9965876909676066
L48_gamma2p0_g0p0_T250,product,48,0.0,12.5,left,4,0.9998755742273256
L48_gamma2p0_g0p0_T250,product,48,0.0,12.5,left,5,0.9590296542734293
L48_gamma2p0_g0p0_T250,product,48,0.0,12.5,left,6,0.9998025894985558
L48_gamma2p0_g0p0_T250,product,48,0.0,12.5,left,7,0.7659688939173717
L48_gamma2p0_g0p0_T250,product,48,0.0,12.5,left,8,0.9977841845486843
L48_gamma2p0_g0p0_T250,product,48,0.0,12.5,left,9,0.5014390099315944
L48_gamma2p0_g0p0_T250,product,48,0.0,12.5,left,10,0.9776923184740435
L48_gamma2p0_g0p0_T250,product,48,0.0,12.5,left,11,0.4978316854561061
L48_gamma2p0_g0p0_T250,product,48,0.0,12.5,left,12,0.9747240323976732
L48_gamma2p0_g0p0_T250,product,48,0.0,12.5,left,13,0.3030866079321286
L48_gamma2p0_g0p0_T250,product,48,0.0,12.5,left,14,0.9406985763616844
L48_gamma2p0_g0p0_T250,product,48,0.0,12.5,left,15,0.14151507457862378
L48_gamma2p0_g0p0_T250,product,48,0.0,12.5,left,16,0.9180829692790538
L48_gamma2p0_g0p0_T250,product,48,0.0,12.5,left,17,0.09668431709145948
L48_gamma2p0_g0p0_T250,product,48,0.0,12.5,left,18,0.9120841446845416
L48_gamma2p0_g0p0_T250,product,48,0.0,12.5,left,19,0.08975060222083922
L48_gamma2p0_g0p0_T250,product,48,0.0,12.5,left,20,0.911152841779269
L48_gamma2p0_g0p0_T250,product,48,0.0,12.5,left,21,0.08901819203394024
L48_gamma2p0_g0p0_T250,product,48,0.0,12.5,left,22,0.9110531485815161
L48_gamma2p0_g0p0_T250,product,48,0.0,12.5,left,23,0.0889584172071871
L48_gamma2p0_g0p0_T250,product,48,0.0,12.5,left,24,0.9110415827928129
L48_gamma2p0_g0p0_T250,product,48,0.0,12.5,left,25,0.08894685141848391
L48_gamma2p0_g0p0_T250,product,48,0.0,12.5,left,26,0.9109818079660598
L48_gamma2p0_g0p0_T250,product,48,0.0,12.5,left,27,0.08884715822073092
L48_gamma2p0_g0p0_T250,product,48,0.0,12.5,left,28,0.9102493977791608
L48_gamma2p0_g0p0_T250,product,48,0.0,12.5,left,29,0.08791585531545842
L48_gamma2p0_g0p0_T250,product,48,0.0,12.5,left,30,0.9033156829085405
L48_gamma2p0_g0p0_T250,product,48,0.0,12.5,left,31,0.08191703072094622
L48_gamma2p0_g0p0_T250,product,48,0.0,12.5,left,32,0.8584849254213762
L48_gamma2p0_g0p0_T250,product,48,0.0,12.5,left,33,0.05930142363831564
L48_gamma2p0_g0p0_T250,product,48,0.0,12.5,left,34,0.6969133920678714
L48_gamma2p0_g0p0_T250,product,48,0.0,12.5,left,35,0.025275967602326768
L48_gamma2p0_g0p0_T250,product,48,0.0,12.5,left,36,0.502168314543894
L48_gamma2p0_g0p0_T250,product,48,0.0,12.5,left,37,0.02230768152595654
L48_gamma2p0_g0p0_T250,product,48,0.0,12.5,left,38,0.49856099006840565
L48_gamma2p0_g0p0_T250,product,48,0.0,12.5,left,39,0.0022158154513156705
L48_gamma2p0_g0p0_T250,product,48,0.0,12.5,left,40,0.23403110608262825
L48_gamma2p0_g0p0_T250,product,48,0.0,12.5,left,41,0.0001974105014440846
L48_gamma2p0_g0p0_T250,product,48,0.0,12.5,left,42,0.04097034572657073
L48_gamma2p0_g0p0_T250,product,48,0.0,12.5,left,43,0.00012442577267445472
L48_gamma2p0_g0p0_T250,product,48,0.0,12.5,left,44,0.0034123090323933763
L48_gamma2p0_g0p0_T250,product,48,0.0,12.5,left,45,1.7220893207194502e-05
L48_gamma2p0_g0p0_T250,product,48,0.0,12.5,left,46,0.00015173519881401694
L48_gamma2p0_g0p0_T250,product,48,0.0,12.5,left,47,2.0568141674616103e-06
L48_gamma2p0_g0p0_T300,product,48,0.0,15.0,charge_density_wave,0,0.9828528349939358
L48_gamma2p0_g0p0_T300,product,48,0.0,15.0,charge_density_wave,1,0.08717206256505289
L48_gamma2p0_g0p0_T300,product,48,0.0,15.0,charge_density_wave,2,0.9113280028962263
L48_gamma2p0_g0p0_T300,product,48,0.0,15.0,charge_density_wave,3,0.08894124889550234
L48_gamma2p0_g0p0_T300,product,48,0.0,15.0,charge_density_wave,4,0.9110433566512524
L48_gamma2p0_g0p0_T300,product,48,0.0,15.0,charge_density_wave,5,0.08896062447067697
L48_gamma2p0_g0p0_T300,product,48,0.0,15.0,charge_density_wave,6,0.9110390982450098
L48_gamma2p0_g0p0_T300,product,48,0.0,15.0,charge_density_wave,7,0.08896098296137059
L48_gamma2p0_g0p0_T300,product,48,0.0,15.0,charge_density_wave,8,0.9110390108763838
L48_gamma2p0_g0p0_T300,product,48,0.0,15.0,charge_density_wave,9,0.08896099104507527
L48_gamma2p0_g0p0_T300,product,48,0.0,15.0,charge_density_wave,10,0.9110390088019702
L48_gamma2p0_g0p0_T300,product,48,0.0,15.0,charge_density_wave,11,0.08896099124755656
L48_gamma2p0_g0p0_T300,product,48,0.0,15.0,charge_density_wave,12,0.9110390087483788
L48_gamma2p0_g0p0_T300,product,48,0.0,15.0,charge_density_wave,13,0.08896099125297087
L48_gamma2p0_g0p0_T300,product,48,0.0,15.0,charge_density_wave,14,0.911039008746916
L48_gamma2p0_g0p0_T300,product,48,0.0,15.0,charge_density_wave,15,0.08896099125312226
L48_gamma2p0_g0p0_T300,product,48,0.0,15.0,charge_density_wave,16,0.9110390087468745
L48_gamma2p0_g0p0_T300,product,48,0.0,15.0,charge_density_wave,17,0.08896099125312659
L48_gamma2p0_g0p0_T300,product,48,0.0,15.0,charge_density_wave,18,0.9110390087468733
L48_gamma2p0_g0p0_T300,product,48,0.0,15.0,charge_density_wave,19,0.08896099125312676
L48_gamma2p0_g0p0_T300,product,48,0.0,15.0,charge_density_wave,20,0.9110390087468733
L48_gamma2p0_g0p0_T300,product,48,0.0,15.0,charge_density_wave,21,0.08896099125312674
L48_gamma2p0_g0p0_T300,product,48,0.0,15.0,charge_density_wave,22,0.9110390087468732
L48_gamma2p0_g0p0_T300,product,48,0.0,15.0,charge_density_wave,23,0.08896099125312676
L48_gamma2p0_g0p0_T300,product,48,0.0,15.0,charge_density_wave,24,0.9110390087468732
L48_gamma2p0_g0p0_T300,product,48,0.0,15.0,charge_density_wave,25,0.08896099125312676
L48_gamma2p0_g0p0_T300,product,48,0.0,15.0,charge_density_wave,26,0.9110390087468732
L48_gamma2p0_g0p0_T300,product,48,0.0,15.0,charge_density_wave,27,0.08896099125312676
L48_gamma2p0_g0p0_T300,product,48,0.0,15.0,charge_density_wave,28,0.9110390087468734
L48_gamma2p0_g0p0_T300,product,48,0.0,15.0,charge_density_wave,29,0.0889609912531267
L48_gamma2p0_g0p0_T300,product,48,0.0,15.0,charge_density_wave,30,0.9110390087468734
L48_gamma2p0_g0p0_T300,product,48,0.0,15.0,charge_density_wave,31,0.08896099125312551
L48_gamma2p0_g0p0_T300,product,48,0.0,15.0,charge_density_wave,32,0.9110390087468778
L48_gamma2p0_g0p0_T300,product,48,0.0,15.0,charge_density_wave,33,0.088960991253084
L48_gamma2p0_g0p0_T300,product,48,0.0,15.0,charge_density_wave,34,0.9110390087470293
L48_gamma2p0_g0p0_T300,product,48,0.0,15.0,charge_density_wave,35,0.08896099125162119
L48_gamma2p0_g0p0_T300,product,48,0.0,15.0,charge_density_wave,36,0.9110390087524434
L48_gamma2p0_g0p0_T300,product,48,0.0,15.0,charge_density_wave,37,0.08896099119802987
L48_gamma2p0_g0p0_T300,product,48,0.0,15.0,charge_density_wave,38,0.9110390089549247
L48_gamma2p0_g0p0_T300,product,48,0.0,15.0,charge_density_wave,39,0.0889609891236162
L48_gamma2p0_g0p0_T300,product,48,0.0,15.0,charge_density_wave,40,0.9110390170386293
L48_gamma2p0_g0p0_T300,product,48,0.0,15.0,charge_density_wave,41,0.08896090175499011
L48_gamma2p0_g0p0_T300,product,48,0.0,15.0,charge_density_wave,42,0.9110393755293231
L48_gamma2p0_g0p0_T300,product,48,0.0,15.0,charge_density_wave,43,0.08895664334874762
L48_gamma2p0_g0p0_T300,product,48,0.0,15.0,charge_density_wave,44,0.9110587511044976
L48_gamma2p0_g0p0_T300,product,48,0.0,15.0,charge_density_wave,45,0.0886719971037737
L48_gamma2p0_g0p0_T300,product,48,0.0,15.0,charge_density_wave,46,0.9128279374349471
L48_gamma2p0_g0p0_T300,product,48,0.0,15.0,charge_density_wave,47,0.017147165006064294
L48_gamma2p0_g0p0_T300,product,48,0.0,15.0,left,0,0.9997401896231094
L48_gamma2p0_g0p0_T300,product,48,0.0,15.0,left,1,0.9831203701907348
L48_gamma2p0_g0p0_T300,product,48,0.0,15.0,left,2,0.999830815267436
L48_gamma2p0_g0p0_T300,product,48,0.0,15.0,left,3,0.8805540529038931
L48_gamma2p0_g0p0_T300,product,48,0.0,15.0,left,4,0.9994014421079296
L48_gamma2p0_g0p0_T300,product,48,0.0,15.0,left,5,0.6382364032575127
L48_gamma2p0_g0p0_T300,product,48,0.0,15.0,left,6,0.9915499093197091
L48_gamma2p0_g0p0_T300,product,48,0.0,15.0,left,7,0.5294144405640223
L48_gamma2p0_g0p0_T300,product,48,0.0,15.0,left,8,0.9763971503827031
L48_gamma2p0_g0p0_T300,product,48,0.0,15.0,left,9,0.45488880169769175
L48_gamma2p0_g0p0_T300,product,48,0.0,15.0,left,10,0.9735487762876155
L48_gamma2p0_g0p0_T300,product,48,0.0,15.0,left,11,0.3768992694666271
L48_gamma2p0_g0p0_T300,product,48,0.0,15.0,left,12,0.9541438587532786
L48_gamma2p0_g0p0_T300,product,48,0.0,15.0,left,13,0.20064258129660234
L48_gamma2p0_g0p0_T300,product,48,0.0,15.0,left,14,0.9265864182399237
L48_gamma2p0_g0p0_T300,product,48,0.0,15.0,left,15,0.11377666164463315
L48_gamma2p0_g0p0_T300,product,48,0.0,15.0,left,16,0.9144187818570241
L48_gamma2p0_g0p0_T300,product,48,0.0,15.0,left,17,0.09265063351831354
L48_gamma2p0_g0p0_T300,product,48,0.0,15.0,left,18,0.9115442302783623
L48_gamma2p0_g0p0_T300,product,48,0.0,15.0,left,19,0.08936684883156742
L48_gamma2p0_g0p0_T300,product,48,0.0,15.0,left,20,0.9110963774358245
L48_gamma2p0_g0p0_T300,product,48,0.0,15.0,left,21,0.08899557827746876
L48_gamma2p0_g0p0_T300,product,48,0.0,15.0,left,22,0.9110448586321374
L48_gamma2p0_g0p0_T300,product,48,0.0,15.0,left,23,0.08896218369409015
L48_gamma2p0_g0p0_T300,product,48,0.0,15.0,left,24,0.9110378163059099
L48_gamma2p0_g0p0_T300,product,48,0.0,15.0,left,25,0.08895514136786267
L48_gamma2p0_g0p0_T300,product,48,0.0,15.0,left,26,0.9110044217225312
L48_gamma2p0_g0p0_T300,product,48,0.0,15.0,left,27,0.08890362256417546
L48_gamma2p0_g0p0_T300,product,48,0.0,15.0,left,28,0.9106331511684327
L48_gamma2p0_g0p0_T300,product,48,0.0,15.0,left,29,0.08845576972163763
L48_gamma2p0_g0p0_T300,product,48,0.0,15.0,left,30,0.9073493664816865
L48_gamma2p0_g0p0_T300,product,48,0.0,15.0,left,31,0.085581218142976
L48_gamma2p0_g0p0_T300,product,48,0.0,15.0,left,32,0.8862233383553668
L48_gamma2p0_g0p0_T300,product,48,0.0,15.0,left,33,0.07341358176007629
L48_gamma2p0_g0p0_T300,product,48,0.0,15.0,left,34,0.7993574187033975
L48_gamma2p0_g0p0_T300,product,48,0.0,15.0,left,35,0.045856141246721493
L48_gamma2p0_g0p0_T300,product,48,0.0,15.0,left,36,0.6231007305333729
L48_gamma2p0_g0p0_T300,product,48,0.0,15.0,left,37,0.02645122371238465
L48_gamma2p0_g0p0_T300,product,48,0.0,15.0,left,38,0.5451111983023083
L48_gamma2p0_g0p0_T300,product,48,0.0,15.0,left,39,0.02360284961729672
L48_gamma2p0_g0p0_T300,product,48,0.0,15.0,left,40,0.4705855594359777
L48_gamma2p0_g0p0_T300,product,48,0.0,15.0,left,41,0.008450090680290772
L48_gamma2p0_g0p0_T300,product,48,0.0,15.0,left,42,0.36176359674248726
L48_gamma2p0_g0p0_T300,product,48,0.0,15.0,left,43,0.000598557892070412
L48_gamma2p0_g0p0_T300,product,48,0.0,15.0,left,44,0.11944594709610692
L48_gamma2p0_g0p0_T300,product,48,0.0,15.0,left,45,0.0001691847325638952
L48_gamma2p0_g0p0_T300,product,48,0.0,15.0,left,46,0.016879629809265214
L48_gamma2p0_g0p0_T300,product,48,0.0,15.0,left,47,0.00025981037689061813
L48_gamma2p0_g0p0_T350,product,48,0.0,17.5,charge_density_wave,0,0.9828528349939357
L48_gamma2p0_g0p0_T350,product,48,0.0,17.5,charge_density_wave,1,0.08717206256505292
L48_gamma2p0_g0p0_T350,product,48,0.0,17.5,charge_density_wave,2,0.9113280028962263
L48_gamma2p0_g0p0_T350,product,48,0.0,17.5,charge_density_wave,3,0.08894124889550234
L48_gamma2p0_g0p0_T350,product,48,0.0,17.5,charge_density_wave,4,0.9110433566512524
L48_gamma2p0_g0p0_T350,product,48,0.0,17.5,charge_density_wave,5,0.08896062447067697
L48_gamma2p0_g0p0_T350,product,48,0.0,17.5,charge_density_wave,6,0.9110390982450098
L48_gamma2p0_g0p0_T350,product,48,0.0,17.5,charge_density_wave,7,0.0889609829613706
L48_gamma2p0_g0p0_T350,product,48,0.0,17.5,charge_density_wave,8,0.9110390108763837
L48_gamma2p0_g0p0_T350,product,48,0.0,17.5,charge_density_wave,9,0.08896099104507527
L48_gamma2p0_g0p0_T350,product,48,0.0,17.5,charge_density_wave,10,0.9110390088019702
L48_gamma2p0_g0p0_T350,product,48,0.0,17.5,charge_density_wave,11,0.08896099124755656
L48_gamma2p0_g0p0_T350,product,48,0.0,17.5,charge_density_wave,12,0.9110390087483788
L48_gamma2p0_g0p0_T350,product,48,0.0,17.5,charge_density_wave,13,0.08896099125297086
L48_gamma2p0_g0p0_T350,product,48,0.0,17.5,charge_density_wave,14,0.9110390087469158
L48_gamma2p0_g0p0_T350,product,48,0.0,17.5,charge_density_wave,15,0.08896099125312225
L48_gamma2p0_g0p0_T350,product,48,0.0,17.5,charge_density_wave,16,0.9110390087468745
L48_gamma2p0_g0p0_T350,product,48,0.0,17.5,charge_density_wave,17,0.08896099125312662
L48_gamma2p0_g0p0_T350,product,48,0.0,17.5,charge_density_wave,18,0.9110390087468732
L48_gamma2p0_g0p0_T350,product,48,0.0,17.5,charge_density_wave,19,0.08896099125312676
L48_gamma2p0_g0p0_T350,product,48,0.0,17.5,charge_density_wave,20,0.9110390087468734
L48_gamma2p0_g0p0_T350,product,48,0.0,17.5,charge_density_wave,21,0.08896099125312676
L48_gamma2p0_g0p0_T350,product,48,0.0,17.5,charge_density_wave,22,0.9110390087468733
L48_gamma2p0_g0p0_T350,product,48,0.0,17.5,charge_density_wave,23,0.08896099125312676
L48_gamma2p0_g0p0_T350,product,48,0.0,17.5,charge_density_wave,24,0.9110390087468733
L48_gamma2p0_g0p0_T350,product,48,0.0,17.5,charge_density_wave,25,0.08896099125312676
L48_gamma2p0_g0p0_T350,product,48,0.0,17.5,charge_density_wave,26,0.9110390087468732
L48_gamma2p0_g0p0_T350,product,48,0.0,17.5,charge_density_wave,27,0.08896099125312674
L48_gamma2p0_g0p0_T350,product,48,0.0,17.5,charge_density_wave,28,0.9110390087468732
L48_gamma2p0_g0p0_T350,product,48,0.0,17.5,charge_density_wave,29,0.08896099125312672
L48_gamma2p0_g0p0_T350,product,48,0.0,17.5,charge_density_wave,30,0.9110390087468734
L48_gamma2p0_g0p0_T350,product,48,0.0,17.5,charge_density_wave,31,0.08896099125312548
L48_gamma2p0_g0p0_T350,product,48,0.0,17.5,charge_density_wave,32,0.9110390087468778
L48_gamma2p0_g0p0_T350,product,48,0.0,17.5,charge_density_wave,33,0.08896099125308399
L48_gamma2p0_g0p0_T350,product,48,0.0,17.5,charge_density_wave,34,0.911039008747029
L48_gamma2p0_g0p0_T350,product,48,0.0,17.5,charge_density_wave,35,0.0889609912516212
L48_gamma2p0_g0p0_T350,product,48,0.0,17.5,charge_density_wave,36,0.9110390087524435
L48_gamma2p0_g0p0_T350,product,48,0.0,17.5,charge_density_wave,37,0.08896099119802986
L48_gamma2p0_g0p0_T350,product,48,0.0,17.5,charge_density_wave,38,0.9110390089549247
L48_gamma2p0_g0p0_T350,product,48,0.0,17.5,charge_density_wave,39,0.0889609891236162
L48_gamma2p0_g0p0_T350,product,48,0.0,17.5,charge_density_wave,40,0.9110390170386293
L48_gamma2p0_g0p0_T350,product,48,0.0,17.5,charge_density_wave,41,0.08896090175499011
L48_gamma2p0_g0p0_T350,product,48,0.0,17.5,charge_density_wave,42,0.9110393755293229
L48_gamma2p0_g0p0_T350,product,48,0.0,17.5,charge_density_wave,43,0.08895664334874762
L48_gamma2p0_g0p0_T350,product,48,0.0,17.5,charge_density_wave,44,0.9110587511044976
L48_gamma2p0_g0p0_T350,product,48,0.0,17.5,charge_density_wave,45,0.08867199710377373
L48_gamma2p0_g0p0_T350,product,48,0.0,17.5,charge_density_wave,46,0.9128279374349471
L48_gamma2p0_g0p0_T350,product,48,0.0,17.5,charge_density_wave,47,0.01714716500606429
L48_gamma2p0_g0p0_T350,product,48,0.0,17.5,left,0,0.9948734688520238
L48_gamma2p0_g0p0_T350,product,48,0.0,17.5,left,1,0.6997328107545476
L48_gamma2p0_g0p0_T350,product,48,0.0,17.5,left,2,0.994682259205942
L48_gamma2p0_g0p0_T350,product,48,0.0,17.5,left,3,0.49737926291377066
L48_gamma2p0_g0p0_T350,product,48,0.0,17.5,left,4,0.9755048756902882
L48_gamma2p0_g0p0_T350,product,48,0.0,17.5,left,5,0.4794754221932491
L48_gamma2p0_g0p0_T350,product,48,0.0,17.5,left,6,0.9747654922284221
L48_gamma2p0_g0p0_T350,product,48,0.0,17.5,left,7,0.4028638781974107
L48_gamma2p0_g0p0_T350,product,48,0.0,17.5,left,8,0.962516026816953
L48_gamma2p0_g0p0_T350,product,48,0.0,17.5,left,9,0.29639747500273594
L48_gamma2p0_g0p0_T350,product,48,0.0,17.5,left,10,0.9430874758349285
L48_gamma2p0_g0p0_T350,product,48,0.0,17.5,left,11,0.18064402521794545
L48_gamma2p0_g0p0_T350,product,48,0.0,17.5,left,12,0.9242905099969931
L48_gamma2p0_g0p0_T350,product,48,0.0,17.5,left,13,0.11487132596025076
L48_gamma2p0_g0p0_T350,product,48,0.0,17.5,left,14,0.914651577263535
L48_gamma2p0_g0p0_T350,product,48,0.0,17.5,left,15,0.09399443185632408
L48_gamma2p0_g0p0_T350,product,48,0.0,17.5,left,16,0.9117329805989426
L48_gamma2p0_g0p0_T350,product,48,0.0,17.5,left,17,0.08968584036129146
L48_gamma2p0_g0p0_T350,product,48,0.0,17.5,left,18,0.9111396949926247
L48_gamma2p0_g0p0_T350,product,48,0.0,17.5,left,19,0.08904274462090232
L48_gamma2p0_g0p0_T350,product,48,0.0,17.5,left,20,0.9110510059142203
L48_gamma2p0_g0p0_T350,product,48,0.0,17.5,left,21,0.08896807869686954
L48_gamma2p0_g0p0_T350,product,48,0.0,17.5,left,22,0.9110406371458101
L48_gamma2p0_g0p0_T350,product,48,0.0,17.5,left,23,0.08896089349958498
L48_gamma2p0_g0p0_T350,product,48,0.0,17.5,left,24,0.9110391065004151
L48_gamma2p0_g0p0_T350,product,48,0.0,17.5,left,25,0.08895936285418991
L48_gamma2p0_g0p0_T350,product,48,0.0,17.5,left,26,0.9110319213031305
L48_gamma2p0_g0p0_T350,product,48,0.0,17.5,left,27,0.08894899408577975
L48_gamma2p0_g0p0_T350,product,48,0.0,17.5,left,28,0.9109572553790977
L48_gamma2p0_g0p0_T350,product,48,0.0,17.5,left,29,0.08886030500737531
L48_gamma2p0_g0p0_T350,product,48,0.0,17.5,left,30,0.9103141596387085
L48_gamma2p0_g0p0_T350,product,48,0.0,17.5,left,31,0.08826701940105752
L48_gamma2p0_g0p0_T350,product,48,0.0,17.5,left,32,0.9060055681436759
L48_gamma2p0_g0p0_T350,product,48,0.0,17.5,left,33,0.08534842273646512
L48_gamma2p0_g0p0_T350,product,48,0.0,17.5,left,34,0.8851286740397493
L48_gamma2p0_g0p0_T350,product,48,0.0,17.5,left,35,0.07570949000300681
L48_gamma2p0_g0p0_T350,product,48,0.0,17.5,left,36,0.8193559747820546
L48_gamma2p0_g0p0_T350,product,48,0.0,17.5,left,37,0.05691252416507163
L48_gamma2p0_g0p0_T350,product,48,0.0,17.5,left,38,0.703602524997264
L48_gamma2p0_g0p0_T350,product,48,0.0,17.5,left,39,0.037483973183046984
L48_gamma2p0_g0p0_T350,product,48,0.0,17.5,left,40,0.5971361218025893
L48_gamma2p0_g0p0_T350,product,48,0.0,17.5,left,41,0.025234507771577985
L48_gamma2p0_g0p0_T350,product,48,0.0,17.5,left,42,0.5205245778067509
L48_gamma2p0_g0p0_T350,product,48,0.0,17.5,left,43,0.024495124309711652
L48_gamma2p0_g0p0_T350,product,48,0.0,17.5,left,44,0.5026207370862293
L48_gamma2p0_g0p0_T350,product,48,0.0,17.5,left,45,0.005317740794058069
L48_gamma2p0_g0p0_T350,product,48,0.0,17.5,left,46,0.30026718924545237
L48_gamma2p0_g0p0_T350,product,48,0.0,17.5,left,47,0.005126531147976198
L48_gamma2p0_g0p0_T400,product,48,0.0,20.0,charge_density_wave,0,0.9828528349939356
L48_gamma2p0_g0p0_T400,product,48,0.0,20.0,charge_density_wave,1,0.08717206256505289
L48_gamma2p0_g0p0_T400,product,48,0.0,20.0,charge_density_wave,2,0.9113280028962263
L48_gamma2p0_g0p0_T400,product,48,0.0,20.0,charge_density_wave,3,0.08894124889550235
L48_gamma2p0_g0p0_T400,product,48,0.0,20.0,charge_density_wave,4,0.9110433566512525
L48_gamma2p0_g0p0_T400,product,48,0.0,20.0,charge_density_wave,5,0.08896062447067697
L48_gamma2p0_g0p0_T400,product,48,0.0,20.0,charge_density_wave,6,0.9110390982450098
L48_gamma2p0_g0p0_T400,product,48,0.0,20.0,charge_density_wave,7,0.08896098296137059
L48_gamma2p0_g0p0_T400,product,48,0.0,20.0,charge_density_wave,8,0.9110390108763837
L48_gamma2p0_g0p0_T400,product,48,0.0,20.0,charge_density_wave,9,0.08896099104507527
L48_gamma2p0_g0p0_T400,product,48,0.0,20.0,charge_density_wave,10,0.9110390088019702
L48_gamma2p0_g0p0_T400,product,48,0.0,20.0,charge_density_wave,11,0.08896099124755655
L48_gamma2p0_g0p0_T400,product,48,0.0,20.0,charge_density_wave,12,0.9110390087483788
L48_gamma2p0_g0p0_T400,product,48,0.0,20.0,charge_density_wave,13,0.08896099125297086
L48_gamma2p0_g0p0_T400,product,48,0.0,20.0,charge_density_wave,14,0.9110390087469159
L48_gamma2p0_g0p0_T400,product,48,0.0,20.0,charge_density_wave,15,0.08896099125312223
L48_gamma2p0_g0p0_T400,product,48,0.0,20.0,charge_density_wave,16,0.9110390087468745
L48_gamma2p0_g0p0_T400,product,48,0.0,20.0,charge_density_wave,17,0.08896099125312662
L48_gamma2p0_g0p0_T400,product,48,0.0,20.0,charge_density_wave,18,0.9110390087468732
L48_gamma2p0_g0p0_T400,product,48,0.0,20.0,charge_density_wave,19,0.08896099125312673
L48_gamma2p0_g0p0_T400,product,48,0.0,20.0,charge_density_wave,20,0.9110390087468734
L48_gamma2p0_g0p0_T400,product,48,0.0,20.0,charge_density_wave,21,0.08896099125312676
L48_gamma2p0_g0p0_T400,product,48,0.0,20.0,charge_density_wave,22,0.9110390087468732
L48_gamma2p0_g0p0_T400,product,48,0.0,20.0,charge_density_wave,23,0.08896099125312674
L48_gamma2p0_g0p0_T400,product,48,0.0,20.0,charge_density_wave,24,0.9110390087468732
L48_gamma2p0_g0p0_T400,product,48,0.0,20.0,charge_density_wave,25,0.08896099125312676
L48_gamma2p0_g0p0_T400,product,48,0.0,20.0,charge_density_wave,26,0.9110390087468732
L48_gamma2p0_g0p0_T400,product,48,0.0,20.0,charge_density_wave,27,0.08896099125312674
L48_gamma2p0_g0p0_T400,product,48,0.0,20.0,charge_density_wave,28,0.9110390087468733
L48_gamma2p0_g0p0_T400,product,48,0.0,20.0,charge_density_wave,29,0.0889609912531267
L48_gamma2p0_g0p0_T400,product,48,0.0,20.0,charge_density_wave,30,0.9110390087468735
L48_gamma2p0_g0p0_T400,product,48,0.0,20.0,charge_density_wave,31,0.08896099125312548
L48_gamma2p0_g0p0_T400,product,48,0.0,20.0,charge_density_wave,32,0.9110390087468777
L48_gamma2p0_g0p0_T400,product,48,0.0,20.0,charge_density_wave,33,0.08896099125308399
L48_gamma2p0_g0p0_T400,product,48,0.0,20.0,charge_density_wave,34,0.911039008747029
L48_gamma2p0_g0p0_T400,product,48,0.0,20.0,charge_density_wave,35,0.08896099125162119
L48_gamma2p0_g0p0_T400,product,48,0.0,20.0,charge_density_wave,36,0.9110390087524433
L48_gamma2p0_g0p0_T400,product,48,0.0,20.0,charge_density_wave,37,0.08896099119802986
L48_gamma2p0_g0p0_T400,product,48,0.0,20.0,charge_density_wave,38,0.9110390089549247
L48_gamma2p0_g0p0_T400,product,48,0.0,20.0,charge_density_wave,39,0.0889609891236162
L48_gamma2p0_g0p0_T400,product,48,0.0,20.0,charge_density_wave,40,0.9110390170386294
L48_gamma2p0_g0p0_T400,product,48,0.0,20.0,charge_density_wave,41,0.08896090175499011
L48_gamma2p0_g0p0_T400,product,48,0.0,20.0,charge_density_wave,42,0.9110393755293231
L48_gamma2p0_g0p0_T400,product,48,0.0,20.0,charge_density_wave,43,0.08895664334874762
L48_gamma2p0_g0p0_T400,product,48,0.0,20.0,charge_density_wave,44,0.9110587511044977
L48_gamma2p0_g0p0_T400,product,48,0.0,20.0,charge_density_wave,45,0.08867199710377371
L48_gamma2p0_g0p0_T400,product,48,0.0,20.0,charge_density_wave,46,0.9128279374349472
L48_gamma2p0_g0p0_T400,product,48,0.0,20.0,charge_density_wave,47,0.01714716500606429
L48_gamma2p0_g0p0_T400,product,48,0.0,20.0,left,0,0.9876023690404899
L48_gamma2p0_g0p0_T400,product,48,0.0,20.0,left,1,0.3149054361149214
L48_gamma2p0_g0p0_T400,product,48,0.0,20.0,left,2,0.9606637496123882
L48_gamma2p0_g0p0_T400,product,48,0.0,20.0,left,3,0.43319559196666835
L48_gamma2p0_g0p0_T400,product,48,0.0,20.0,left,4,0.9687362215429208
L48_gamma2p0_g0p0_T400,product,48,0.0,20.0,left,5,0.3240614333170618
L48_gamma2p0_g0p0_T400,product,48,0.0,20.0,left,6,0.9489720591447102
L48_gamma2p0_g0p0_T400,product,48,0.0,20.0,left,7,0.21816514484463853
L48_gamma2p0_g0p0_T400,product,48,0.0,20.0,left,8,0.9311458629716931
L48_gamma2p0_g0p0_T400,product,48,0.0,20.0,left,9,0.14452036267064025
L48_gamma2p0_g0p0_T400,product,48,0.0,20.0,left,10,0.9192476610070652
L48_gamma2p0_g0p0_T400,product,48,0.0,20.0,left,11,0.10607298396525688
L48_gamma2p0_g0p0_T400,product,48,0.0,20.0,left,12,0.9134746629498802
L48_gamma2p0_g0p0_T400,product,48,0.0,20.0,left,13,0.09278400291729627
L48_gamma2p0_g0p0_T400,product,48,0.0,20.0,left,14,0.911573217477304
L48_gamma2p0_g0p0_T400,product,48,0.0,20.0,left,15,0.08960973798325457
L48_gamma2p0_g0p0_T400,product,48,0.0,20.0,left,16,0.9111293169889159
L48_gamma2p0_g0p0_T400,product,48,0.0,20.0,left,17,0.08904844157571329
L48_gamma2p0_g0p0_T400,product,48,0.0,20.0,left,18,0.9110513195752744
L48_gamma2p0_g0p0_T400,product,48,0.0,20.0,left,19,0.08897064128404653
L48_gamma2p0_g0p0_T400,product,48,0.0,20.0,left,20,0.9110404816840028
L48_gamma2p0_g0p0_T400,product,48,0.0,20.0,left,21,0.08896179907132691
L48_gamma2p0_g0p0_T400,product,48,0.0,20.0,left,22,0.9110392490883028
L48_gamma2p0_g0p0_T400,product,48,0.0,20.0,left,23,0.0889609353003706
L48_gamma2p0_g0p0_T400,product,48,0.0,20.0,left,24,0.9110390646996295
L48_gamma2p0_g0p0_T400,product,48,0.0,20.0,left,25,0.08896075091169729
L48_gamma2p0_g0p0_T400,product,48,0.0,20.0,left,26,0.9110382009286732
L48_gamma2p0_g0p0_T400,product,48,0.0,20.0,left,27,0.0889595183159973
L48_gamma2p0_g0p0_T400,product,48,0.0,20.0,left,28,0.9110293587159536
L48_gamma2p0_g0p0_T400,product,48,0.0,20.0,left,29,0.08894868042472553
L48_gamma2p0_g0p0_T400,product,48,0.0,20.0,left,30,0.9109515584242867
L48_gamma2p0_g0p0_T400,product,48,0.0,20.0,left,31,0.08887068301108414
L48_gamma2p0_g0p0_T400,product,48,0.0,20.0,left,32,0.9103902620167456
L48_gamma2p0_g0p0_T400,product,48,0.0,20.0,left,33,0.08842678252269598
L48_gamma2p0_g0p0_T400,product,48,0.0,20.0,left,34,0.9072159970827036
L48_gamma2p0_g0p0_T400,product,48,0.0,20.0,left,35,0.08652533705011979
L48_gamma2p0_g0p0_T400,product,48,0.0,20.0,left,36,0.893927016034743
L48_gamma2p0_g0p0_T400,product,48,0.0,20.0,left,37,0.08075233899293473
L48_gamma2p0_g0p0_T400,product,48,0.0,20.0,left,38,0.8554796373293598
L48_gamma2p0_g0p0_T400,product,48,0.0,20.0,left,39,0.0688541370283069
L48_gamma2p0_g0p0_T400,product,48,0.0,20.0,left,40,0.7818348551553614
L48_gamma2p0_g0p0_T400,product,48,0.0,20.0,left,41,0.05102794085528989
L48_gamma2p0_g0p0_T400,product,48,0.0,20.0,left,42,0.6759385666829383
L48_gamma2p0_g0p0_T400,product,48,0.0,20.0,left,43,0.03126377845707907
L48_gamma2p0_g0p0_T400,product,48,0.0,20.0,left,44,0.5668044080333317
L48_gamma2p0_g0p0_T400,product,48,0.0,20.0,left,45,0.03933625038761184
L48_gamma2p0_g0p0_T400,product,48,0.0,20.0,left,46,0.6850945638850786
L48_gamma2p0_g0p0_T400,product,48,0.0,20.0,left,47,0.012397630959510122
L48_gamma2p0_g0p0_T500,product,48,0.0,25.0,charge_density_wave,0,0.9828528349939357
L48_gamma2p0_g0p0_T500,product,48,0.0,25.0,charge_density_wave,1,0.08717206256505289
L48_gamma2p0_g0p0_T500,product,48,0.0,25.0,charge_density_wave,2,0.9113280028962263
L48_gamma2p0_g0p0_T500,product,48,0.0,25.0,charge_density_wave,3,0.08894124889550234
L48_gamma2p0_g0p0_T500,product,48,0.0,25.0,charge_density_wave,4,0.9110433566512524
L48_gamma2p0_g0p0_T500,product,48,0.0,25.0,charge_density_wave,5,0.08896062447067697
L48_gamma2p0_g0p0_T500,product,48,0.0,25.0,charge_density_wave,6,0.9110390982450098
L48_gamma2p0_g0p0_T500,product,48,0.0,25.0,charge_density_wave,7,0.0889609829613706
L48_gamma2p0_g0p0_T500,product,48,0.0,25.0,charge_density_wave,8,0.9110390108763837
L48_gamma2p0_g0p0_T500,product,48,0.0,25.0,charge_density_wave,9,0.08896099104507527
L48_gamma2p0_g0p0_T500,product,48,0.0,25.0,charge_density_wave,10,0.9110390088019702
L48_gamma2p0_g0p0_T500,product,48,0.0,25.0,charge_density_wave,11,0.08896099124755658
L48_gamma2p0_g0p0_T500,product,48,0.0,25.0,charge_density_wave,12,0.9110390087483788
L48_gamma2p0_g0p0_T500,product,48,0.0,25.0,charge_density_wave,13,0.08896099125297086
L48_gamma2p0_g0p0_T500,product,48,0.0,25.0,charge_density_wave,14,0.911039008746916
L48_gamma2p0_g0p0_T500,product,48,0.0,25.0,charge_density_wave,15,0.08896099125312223
L48_gamma2p0_g0p0_T500,product,48,0.0,25.0,charge_density_wave,16,0.9110390087468745
L48_gamma2p0_g0p0_T500,product,48,0.0,25.0,charge_density_wave,17,0.0889609912531266
L48_gamma2p0_g0p0_T500,product,48,0.0,25.0,charge_density_wave,18,0.9110390087468734
L48_gamma2p0_g0p0_T500,product,48,0.0,25.0,charge_density_wave,19,0.08896099125312674
L48_gamma2p0_g0p0_T500,product,48,0.0,25.0,charge_density_wave,20,0.9110390087468733
L48_gamma2p0_g0p0_T500,product,48,0.0,25.0,charge_density_wave,21,0.08896099125312673
L48_gamma2p0_g0p0_T500,product,48,0.0,25.0,charge_density_wave,22,0.9110390087468733
L48_gamma2p0_g0p0_T500,product,48,0.0,25.0,charge_density_wave,23,0.08896099125312676
L48_gamma2p0_g0p0_T500,product,48,0.0,25.0,charge_density_wave,24,0.9110390087468734
L48_gamma2p0_g0p0_T500,product,48,0.0,25.0,charge_density_wave,25,0.08896099125312673
L48_gamma2p0_g0p0_T500,product,48,0.0,25.0,charge_density_wave,26,0.9110390087468732
L48_gamma2p0_g0p0_T500,product,48,0.0,25.0,charge_density_wave,27,0.08896099125312673
L48_gamma2p0_g0p0_T500,product,48,0.0,25.0,charge_density_wave,28,0.9110390087468732
L48_gamma2p0_g0p0_T500,product,48,0.0,25.0,charge_density_wave,29,0.08896099125312672
L48_gamma2p0_g0p0_T500,product,48,0.0,25.0,charge_density_wave,30,0.9110390087468734
L48_gamma2p0_g0p0_T500,product,48,0.0,25.0,charge_density_wave,31,0.08896099125312551
L48_gamma2p0_g0p0_T500,product,48,0.0,25.0,charge_density_wave,32,0.9110390087468778
L48_gamma2p0_g0p0_T500,product,48,0.0,25.0,charge_density_wave,33,0.08896099125308402
L48_gamma2p0_g0p0_T500,product,48,0.0,25.0,charge_density_wave,34,0.9110390087470291
L48_gamma2p0_g0p0_T500,product,48,0.0,25.0,charge_density_wave,35,0.08896099125162119
L48_gamma2p0_g0p0_T500,product,48,0.0,25.0,charge_density_wave,36,0.9110390087524434
L48_gamma2p0_g0p0_T500,product,48,0.0,25.0,charge_density_wave,37,0.08896099119802987
L48_gamma2p0_g0p0_T500,product,48,0.0,25.0,charge_density_wave,38,0.9110390089549247
L48_gamma2p0_g0p0_T500,product,48,0.0,25.0,charge_density_wave,39,0.08896098912361622
L48_gamma2p0_g0p0_T500,product,48,0.0,25.0,charge_density_wave,40,0.9110390170386294
L48_gamma2p0_g0p0_T500,product,48,0.0,25.0,charge_density_wave,41,0.08896090175499011
L48_gamma2p0_g0p0_T500,product,48,0.0,25.0,charge_density_wave,42,0.9110393755293231
L48_gamma2p0_g0p0_T500,product,48,0.0,25.0,charge_density_wave,43,0.08895664334874762
L48_gamma2p0_g0p0_T500,product,48,0.0,25.0,charge_density_wave,44,0.9110587511044976
L48_gamma2p0_g0p0_T500,product,48,0.0,25.0,charge_density_wave,45,0.08867199710377373
L48_gamma2p0_g0p0_T500,product,48,0.0,25.0,charge_density_wave,46,0.9128279374349471
L48_gamma2p0_g0p0_T500,product,48,0.0,25.0,charge_density_wave,47,0.01714716500606429
L48_gamma2p0_g0p0_T500,product,48,0.0,25.0,left,0,0.9828528435880383
L48_gamma2p0_g0p0_T500,product,48,0.0,25.0,left,1,0.08717246142739596
L48_gamma2p0_g0p0_T500,product,48,0.0,25.0,left,2,0.9113281103412458
L48_gamma2p0_g0p0_T500,product,48,0.0,25.0,left,3,0.08894218046942054
L48_gamma2p0_g0p0_T500,product,48,0.0,25.0,left,4,0.9110435370165402
L48_gamma2p0_g0p0_T500,product,48,0.0,25.0,left,5,0.0889615111820779
L48_gamma2p0_g0p0_T500,product,48,0.0,25.0,left,6,0.9110392472873956
L48_gamma2p0_g0p0_T500,product,48,0.0,25.0,left,7,0.08896148434635402
L48_gamma2p0_g0p0_T500,product,48,0.0,25.0,left,8,0.9110390887976533
L48_gamma2p0_g0p0_T500,product,48,0.0,25.0,left,9,0.08896118517841761
L48_gamma2p0_g0p0_T500,product,48,0.0,25.0,left,10,0.9110390376090522
L48_gamma2p0_g0p0_T500,product,48,0.0,25.0,left,11,0.0889610469441372
L48_gamma2p0_g0p0_T500,product,48,0.0,25.0,left,12,0.9110390168169034
L48_gamma2p0_g0p0_T500,product,48,0.0,25.0,left,13,0.0889610036959891
L48_gamma2p0_g0p0_T500,product,48,0.0,25.0,left,14,0.9110390105778541
L48_gamma2p0_g0p0_T500,product,48,0.0,25.0,left,15,0.08896099343674227
L48_gamma2p0_g0p0_T500,product,48,0.0,25.0,left,16,0.9110390091587104
L48_gamma2p0_g0p0_T500,product,48,0.0,25.0,left,17,0.08896099146384434
L48_gamma2p0_g0p0_T500,product,48,0.0,25.0,left,18,0.9110390089282215
L48_gamma2p0_g0p0_T500,product,48,0.0,25.0,left,19,0.08896099112131131
L48_gamma2p0_g0p0_T500,product,48,0.0,25.0,left,20,0.9110390089266768
L48_gamma2p0_g0p0_T500,product,48,0.0,25.0,left,21,0.08896099105202179
L48_gamma2p0_g0p0_T500,product,48,0.0,25.0,left,22,0.9110390089515554
L48_gamma2p0_g0p0_T500,product,48,0.0,25.0,left,23,0.08896099103746985
L48_gamma2p0_g0p0_T500,product,48,0.0,25.0,left,24,0.9110390089625302
L48_gamma2p0_g0p0_T500,product,48,0.0,25.0,left,25,0.08896099104844463
L48_gamma2p0_g0p0_T500,product,48,0.0,25.0,left,26,0.9110390089479782
L48_gamma2p0_g0p0_T500,product,48,0.0,25.0,left,27,0.08896099107332323
L48_gamma2p0_g0p0_T500,product,48,0.0,25.0,left,28,0.9110390088786888
L48_gamma2p0_g0p0_T500,product,48,0.0,25.0,left,29,0.08896099107177845
L48_gamma2p0_g0p0_T500,product,48,0.0,25.0,left,30,0.9110390085361556
L48_gamma2p0_g0p0_T500,product,48,0.0,25.0,left,31,0.08896099084128972
L48_gamma2p0_g0p0_T500,product,48,0.0,25.0,left,32,0.9110390065632578
L48_gamma2p0_g0p0_T500,product,48,0.0,25.0,left,33,0.08896098942214598
L48_gamma2p0_g0p0_T500,product,48,0.0,25.0,left,34,0.9110389963040109
L48_gamma2p0_g0p0_T500,product,48,0.0,25.0,left,35,0.08896098318309661
L48_gamma2p0_g0p0_T500,product,48,0.0,25.0,left,36,0.9110389530558628
L48_gamma2p0_g0p0_T500,product,48,0.0,25.0,left,37,0.08896096239094778
L48_gamma2p0_g0p0_T500,product,48,0.0,25.0,left,38,0.9110388148215824
L48_gamma2p0_g0p0_T500,product,48,0.0,25.0,left,39,0.08896091120234659
L48_gamma2p0_g0p0_T500,product,48,0.0,25.0,left,40,0.9110385156536459
L48_gamma2p0_g0p0_T500,product,48,0.0,25.0,left,41,0.08896075271260445
L48_gamma2p0_g0p0_T500,product,48,0.0,25.0,left,42,0.9110384888179219
L48_gamma2p0_g0p0_T500,product,48,0.0,25.0,left,43,0.08895646298345983
L48_gamma2p0_g0p0_T500,product,48,0.0,25.0,left,44,0.9110578195305796
L48_gamma2p0_g0p0_T500,product,48,0.0,25.0,left,45,0.08867188965875404
L48_gamma2p0_g0p0_T500,product,48,0.0,25.0,left,46,0.9128275385726039
L48_gamma2p0_g0p0_T500,product,48,0.0,25.0,left,47,0.017147156411961687
L48_gamma2p0_g0p1_T200,product,48,0.1,10.0,charge_density_wave,0,0.9826257398731488
L48_gamma2p0_g0p1_T200,product,48,0.1,10.0,charge_density_wave,1,0.07543053548771944
L48_gamma2p0_g0p1_T200,product,48,0.1,10.0,charge_density_wave,2,0.9227584362793363
L48_gamma2p0_g0p1_T200,product,48,0.1,10.0,charge_density_wave,3,0.0774629202206076
L48_gamma2p0_g0p1_T200,product,48,0.1,10.0,charge_density_wave,4,0.9225169081580542
L48_gamma2p0_g0p1_T200,product,48,0.1,10.0,charge_density_wave,5,0.07748615052154927
L48_gamma2p0_g0p1_T200,product,48,0.1,10.0,charge_density_wave,6,0.9225134613123774
L48_gamma2p0_g0p1_T200,product,48,0.1,10.0,charge_density_wave,7,0.0774865974619208
L48_gamma2p0_g0p1_T200,product,48,0.1,10.0,charge_density_wave,8,0.9225133934072857
L48_gamma2p0_g0p1_T200,product,48,0.1,10.0,charge_density_wave,9,0.07748660790632304
L48_gamma2p0_g0p1_T200,product,48,0.1,10.0,charge_density_wave,10,0.9225133918550354
L48_gamma2p0_g0p1_T200,product,48,0.1,10.0,charge_density_wave,11,0.07748660817694003
L48_gamma2p0_g0p1_T200,product,48,0.1,10.0,charge_density_wave,12,0.9225133918164011
L48_gamma2p0_g0p1_T200,product,48,0.1,10.0,charge_density_wave,13,0.07748660818441966
L48_gamma2p0_g0p1_T200,product,48,0.1,10.0,charge_density_wave,14,0.9225133918153858
L48_gamma2p0_g0p1_T200,product,48,0.1,10.0,charge_density_wave,15,0.07748660818463583
L48_gamma2p0_g0p1_T200,product,48,0.1,10.0,charge_density_wave,16,0.9225133918153583
L48_gamma2p0_g0p1_T200,product,48,0.1,10.0,charge_density_wave,17,0.07748660818464229
L48_gamma2p0_g0p1_T200,product,48,0.1,10.0,charge_density_wave,18,0.9225133918153575
L48_gamma2p0_g0p1_T200,product,48,0.1,10.0,charge_density_wave,19,0.07748660818464248
L48_gamma2p0_g0p1_T200,product,48,0.1,10.0,charge_density_wave,20,0.9225133918153574
L48_gamma2p0_g0p1_T200,product,48,0.1,10.0,charge_density_wave,21,0.0774866081846425
L48_gamma2p0_g0p1_T200,product,48,0.1,10.0,charge_density_wave,22,0.9225133918153576
L48_gamma2p0_g0p1_T200,product,48,0.1,10.0,charge_density_wave,23,0.0774866081846425
L48_gamma2p0_g0p1_T200,product,48,0.1,10.0,charge_density_wave,24,0.9225133918153574
L48_gamma2p0_g0p1_T200,product,48,0.1,10.0,charge_density_wave,25,0.0774866081846425
L48_gamma2p0_g0p1_T200,product,48,0.1,10.0,charge_density_wave,26,0.9225133918153574
L48_gamma2p0_g0p1_T200,product,48,0.1,10.0,charge_density_wave,27,0.07748660818464248
L48_gamma2p0_g0p1_T200,product,48,0.1,10.0,charge_density_wave,28,0.9225133918153574
L48_gamma2p0_g0p1_T200,product,48,0.1,10.0,charge_density_wave,29,0.07748660818464247
L48_gamma2p0_g0p1_T200,product,48,0.1,10.0,charge_density_wave,30,0.9225133918153576
L48_gamma2p0_g0p1_T200,product,48,0.1,10.0,charge_density_wave,31,0.07748660818464169
L48_gamma2p0_g0p1_T200,product,48,0.1,10.0,charge_density_wave,32,0.9225133918153642
L48_gamma2p0_g0p1_T200,product,48,0.1,10.0,charge_density_wave,33,0.07748660818461403
L48_gamma2p0_g0p1_T200,product,48,0.1,10.0,charge_density_wave,34,0.9225133918155803
L48_gamma2p0_g0p1_T200,product,48,0.1,10.0,charge_density_wave,35,0.07748660818359879
L48_gamma2p0_g0p1_T200,product,48,0.1,10.0,charge_density_wave,36,0.9225133918230599
L48_gamma2p0_g0p1_T200,product,48,0.1,10.0,charge_density_wave,37,0.07748660814496451
L48_gamma2p0_g0p1_T200,product,48,0.1,10.0,charge_density_wave,38,0.922513392093677
L48_gamma2p0_g0p1_T200,product,48,0.1,10.0,charge_density_wave,39,0.07748660659271425
L48_gamma2p0_g0p1_T200,product,48,0.1,10.0,charge_density_wave,40,0.9225134025380792
L48_gamma2p0_g0p1_T200,product,48,0.1,10.0,charge_density_wave,41,0.07748653868762262
L48_gamma2p0_g0p1_T200,product,48,0.1,10.0,charge_density_wave,42,0.9225138494784508
L48_gamma2p0_g0p1_T200,product,48,0.1,10.0,charge_density_wave,43,0.07748309184194584
L48_gamma2p0_g0p1_T200,product,48,0.1,10.0,charge_density_wave,44,0.9225370797793924
L48_gamma2p0_g0p1_T200,product,48,0.1,10.0,charge_density_wave,45,0.0772415637206637
L48_gamma2p0_g0p1_T200,product,48,0.1,10.0,charge_density_wave,46,0.9245694645122806
L48_gamma2p0_g0p1_T200,product,48,0.1,10.0,charge_density_wave,47,0.017374260126851192
L48_gamma2p0_g0p1_T200,product,48,0.1,10.0,left,0,0.9999999941982411
L48_gamma2p0_g0p1_T200,product,48,0.1,10.0,left,1,0.9999994921088297
L48_gamma2p0_g0p1_T200,product,48,0.1,10.0,left,2,0.9999997963172145
L48_gamma2p0_g0p1_T200,product,48,0.1,10.0,left,3,0.999971894300661
L48_gamma2p0_g0p1_T200,product,48,0.1,10.0,left,4,0.9999938824351384
L48_gamma2p0_g0p1_T200,product,48,0.1,10.0,left,5,0.9990647986579656
L48_gamma2p0_g0p1_T200,product,48,0.1,10.0,left,6,0.9999107928717192
L48_gamma2p0_g0p1_T200,product,48,0.1,10.0,left,7,0.9827634584018625
L48_gamma2p0_g0p1_T200,product,48,0.1,10.0,left,8,0.9995784321904382
L48_gamma2p0_g0p1_T200,product,48,0.1,10.0,left,9,0.849261669963912
L48_gamma2p0_g0p1_T200,product,48,0.1,10.0,left,10,0.999500367908072
L48_gamma2p0_g0p1_T200,product,48,0.1,10.0,left,11,0.5176123771522934
L48_gamma2p0_g0p1_T200,product,48,0.1,10.0,left,12,0.986139401991518
L48_gamma2p0_g0p1_T200,product,48,0.1,10.0,left,13,0.48582048292168684
L48_gamma2p0_g0p1_T200,product,48,0.1,10.0,left,14,0.9733344603479557
L48_gamma2p0_g0p1_T200,product,48,0.1,10.0,left,15,0.23309427756260032
L48_gamma2p0_g0p1_T200,product,48,0.1,10.0,left,16,0.9401153977286094
L48_gamma2p0_g0p1_T200,product,48,0.1,10.0,left,17,0.10758202542945045
L48_gamma2p0_g0p1_T200,product,48,0.1,10.0,left,18,0.9258591195394335
L48_gamma2p0_g0p1_T200,product,48,0.1,10.0,left,19,0.08123787302466058
L48_gamma2p0_g0p1_T200,product,48,0.1,10.0,left,20,0.9229681867131535
L48_gamma2p0_g0p1_T200,product,48,0.1,10.0,left,21,0.07779034526303877
L48_gamma2p0_g0p1_T200,product,48,0.1,10.0,left,22,0.922601321564895
L48_gamma2p0_g0p1_T200,product,48,0.1,10.0,left,23,0.0774538192695256
L48_gamma2p0_g0p1_T200,product,48,0.1,10.0,left,24,0.9225461807304743
L48_gamma2p0_g0p1_T200,product,48,0.1,10.0,left,25,0.0773986784351049
L48_gamma2p0_g0p1_T200,product,48,0.1,10.0,left,26,0.9222096547369614
L48_gamma2p0_g0p1_T200,product,48,0.1,10.0,left,27,0.0770318132868465
L48_gamma2p0_g0p1_T200,product,48,0.1,10.0,left,28,0.9187621269753394
L48_gamma2p0_g0p1_T200,product,48,0.1,10.0,left,29,0.07414088046056655
L48_gamma2p0_g0p1_T200,product,48,0.1,10.0,left,30,0.8924179745705494
L48_gamma2p0_g0p1_T200,product,48,0.1,10.0,left,31,0.05988460227139072
L48_gamma2p0_g0p1_T200,product,48,0.1,10.0,left,32,0.7669057224373996
L48_gamma2p0_g0p1_T200,product,48,0.1,10.0,left,33,0.026665539652044344
L48_gamma2p0_g0p1_T200,product,48,0.1,10.0,left,34,0.5141795170783131
L48_gamma2p0_g0p1_T200,product,48,0.1,10.0,left,35,0.013860598008481958
L48_gamma2p0_g0p1_T200,product,48,0.1,10.0,left,36,0.4823876228477067
L48_gamma2p0_g0p1_T200,product,48,0.1,10.0,left,37,0.0004996320919280255
L48_gamma2p0_g0p1_T200,product,48,0.1,10.0,left,38,0.15073833003608822
L48_gamma2p0_g0p1_T200,product,48,0.1,10.0,left,39,0.0004215678095617973
L48_gamma2p0_g0p1_T200,product,48,0.1,10.0,left,40,0.017236541598137315
L48_gamma2p0_g0p1_T200,product,48,0.1,10.0,left,41,8.920712828076919e-05
L48_gamma2p0_g0p1_T200,product,48,0.1,10.0,left,42,0.0009352013420345301
L48_gamma2p0_g0p1_T200,product,48,0.1,10.0,left,43,6.117564861492897e-06
L48_gamma2p0_g0p1_T200,product,48,0.1,10.0,left,44,2.8105699338928987e-05
L48_gamma2p0_g0p1_T200,product,48,0.1,10.0,left,45,2.0368278550468674e-07
L48_gamma2p0_g0p1_T200,product,48,0.1,10.0,left,46,5.078911704090699e-07
L48_gamma2p0_g0p1_T200,product,48,0.1,10.0,left,47,5.801758766631418e-09
L48_gamma2p0_g0p1_T300,product,48,0.1,15.0,charge_density_wave,0,0.9826257398731454
L48_gamma2p0_g0p1_T300,product,48,0.1,15.0,charge_density_wave,1,0.07543053548774208
L48_gamma2p0_g0p1_T300,product,48,0.1,15.0,charge_density_wave,2,0.9227584362792969
L48_gamma2p0_g0p1_T300,product,48,0.1,15.0,charge_density_wave,3,0.07746292022067103
L48_gamma2p0_g0p1_T300,product,48,0.1,15.0,charge_density_wave,4,0.9225169081579786
L48_gamma2p0_g0p1_T300,product,48,0.1,15.0,charge_density_wave,5,0.07748615052163667
L48_gamma2p0_g0p1_T300,product,48,0.1,15.0,charge_density_wave,6,0.9225134613122855
L48_gamma2p0_g0p1_T300,product,48,0.1,15.0,charge_density_wave,7,0.07748659746201604
L48_gamma2p0_g0p1_T300,product,48,0.1,15.0,charge_density_wave,8,0.9225133934071894
L48_gamma2p0_g0p1_T300,product,48,0.1,15.0,charge_density_wave,9,0.07748660790641997
L48_gamma2p0_g0p1_T300,product,48,0.1,15.0,charge_density_wave,10,0.9225133918549385
L48_gamma2p0_g0p1_T300,product,48,0.1,15.0,charge_density_wave,11,0.07748660817703723
L48_gamma2p0_g0p1_T300,product,48,0.1,15.0,charge_density_wave,12,0.922513391816304
L48_gamma2p0_g0p1_T300,product,48,0.1,15.0,charge_density_wave,13,0.07748660818451689
L48_gamma2p0_g0p1_T300,product,48,0.1,15.0,charge_density_wave,14,0.9225133918152888
L48_gamma2p0_g0p1_T300,product,48,0.1,15.0,charge_density_wave,15,0.07748660818473306
L48_gamma2p0_g0p1_T300,product,48,0.1,15.0,charge_density_wave,16,0.9225133918152613
L48_gamma2p0_g0p1_T300,product,48,0.1,15.0,charge_density_wave,17,0.07748660818473951
L48_gamma2p0_g0p1_T300,product,48,0.1,15.0,charge_density_wave,18,0.9225133918152603
L48_gamma2p0_g0p1_T300,product,48,0.1,15.0,charge_density_wave,19,0.07748660818473972
L48_gamma2p0_g0p1_T300,product,48,0.1,15.0,charge_density_wave,20,0.9225133918152602
L48_gamma2p0_g0p1_T300,product,48,0.1,15.0,charge_density_wave,21,0.07748660818473972
L48_gamma2p0_g0p1_T300,product,48,0.1,15.0,charge_density_wave,22,0.9225133918152604
L48_gamma2p0_g0p1_T300,product,48,0.1,15.0,charge_density_wave,23,0.07748660818473974
L48_gamma2p0_g0p1_T300,product,48,0.1,15.0,charge_density_wave,24,0.9225133918152604
L48_gamma2p0_g0p1_T300,product,48,0.1,15.0,charge_density_wave,25,0.07748660818473972
L48_gamma2p0_g0p1_T300,product,48,0.1,15.0,charge_density_wave,26,0.9225133918152602
L48_gamma2p0_g0p1_T300,product,48,0.1,15.0,charge_density_wave,27,0.07748660818473972
L48_gamma2p0_g0p1_T300,product,48,0.1,15.0,charge_density_wave,28,0.9225133918152604
L48_gamma2p0_g0p1_T300,product,48,0.1,15.0,charge_density_wave,29,0.07748660818473971
L48_gamma2p0_g0p1_T300,product,48,0.1,15.0,charge_density_wave,30,0.9225133918152605
L48_gamma2p0_g0p1_T300,product,48,0.1,15.0,charge_density_wave,31,0.07748660818473893
L48_gamma2p0_g0p1_T300,product,48,0.1,15.0,charge_density_wave,32,0.9225133918152668
L48_gamma2p0_g0p1_T300,product,48,0.1,15.0,charge_density_wave,33,0.07748660818471123
L48_gamma2p0_g0p1_T300,product,48,0.1,15.0,charge_density_wave,34,0.9225133918154831
L48_gamma2p0_g0p1_T300,product,48,0.1,15.0,charge_density_wave,35,0.07748660818369599
L48_gamma2p0_g0p1_T300,product,48,0.1,15.0,charge_density_wave,36,0.9225133918229629
L48_gamma2p0_g0p1_T300,product,48,0.1,15.0,charge_density_wave,37,0.07748660814506161
L48_gamma2p0_g0p1_T300,product,48,0.1,15.0,charge_density_wave,38,0.92251339209358
L48_gamma2p0_g0p1_T300,product,48,0.1,15.0,charge_density_wave,39,0.07748660659281052
L48_gamma2p0_g0p1_T300,product,48,0.1,15.0,charge_density_wave,40,0.922513402537984
L48_gamma2p0_g0p1_T300,product,48,0.1,15.0,charge_density_wave,41,0.07748653868771452
L48_gamma2p0_g0p1_T300,product,48,0.1,15.0,charge_density_wave,42,0.9225138494783633
L48_gamma2p0_g0p1_T300,product,48,0.1,15.0,charge_density_wave,43,0.07748309184202148
L48_gamma2p0_g0p1_T300,product,48,0.1,15.0,charge_density_wave,44,0.922537079779329
L48_gamma2p0_g0p1_T300,product,48,0.1,15.0,charge_density_wave,45,0.07724156372070307
L48_gamma2p0_g0p1_T300,product,48,0.1,15.0,charge_density_wave,46,0.9245694645122579
L48_gamma2p0_g0p1_T300,product,48,0.1,15.0,charge_density_wave,47,0.017374260126854595
L48_gamma2p0_g0p1_T300,product,48,0.1,15.0,left,0,0.9987706768471946
L48_gamma2p0_g0p1_T300,product,48,0.1,15.0,left,1,0.9226718839026142
L48_gamma2p0_g0p1_T300,product,48,0.1,15.0,left,2,0.9997544294528542
L48_gamma2p0_g0p1_T300,product,48,0.1,15.0,left,3,0.6994839128648881
L48_gamma2p0_g0p1_T300,product,48,0.1,15.0,left,4,0.9957100144363766
L48_gamma2p0_g0p1_T300,product,48,0.1,15.0,left,5,0.5541941602444675
L48_gamma2p0_g0p1_T300,product,48,0.1,15.0,left,6,0.984253094438672
L48_gamma2p0_g0p1_T300,product,48,0.1,15.0,left,7,0.48511087726721547
L48_gamma2p0_g0p1_T300,product,48,0.1,15.0,left,8,0.9798197443152901
L48_gamma2p0_g0p1_T300,product,48,0.1,15.0,left,9,0.4071967249122324
L48_gamma2p0_g0p1_T300,product,48,0.1,15.0,left,10,0.9688321094407053
L48_gamma2p0_g0p1_T300,product,48,0.1,15.0,left,11,0.28543361586160476
L48_gamma2p0_g0p1_T300,product,48,0.1,15.0,left,12,0.9494554068024676
L48_gamma2p0_g0p1_T300,product,48,0.1,15.0,left,13,0.16074075174585023
L48_gamma2p0_g0p1_T300,product,48,0.1,15.0,left,14,0.9325462073767457
L48_gamma2p0_g0p1_T300,product,48,0.1,15.0,left,15,0.0988350770247742
L48_gamma2p0_g0p1_T300,product,48,0.1,15.0,left,16,0.9249869742517439
L48_gamma2p0_g0p1_T300,product,48,0.1,15.0,left,17,0.08130124984399728
L48_gamma2p0_g0p1_T300,product,48,0.1,15.0,left,18,0.9229506160283639
L48_gamma2p0_g0p1_T300,product,48,0.1,15.0,left,19,0.07799722261731357
L48_gamma2p0_g0p1_T300,product,48,0.1,15.0,left,20,0.9225751557179984
L48_gamma2p0_g0p1_T300,product,48,0.1,15.0,left,21,0.07753766967604236
L48_gamma2p0_g0p1_T300,product,48,0.1,15.0,left,22,0.9225235122266553
L48_gamma2p0_g0p1_T300,product,48,0.1,15.0,left,23,0.07748648618021865
L48_gamma2p0_g0p1_T300,product,48,0.1,15.0,left,24,0.9225135138197813
L48_gamma2p0_g0p1_T300,product,48,0.1,15.0,left,25,0.07747648777334473
L48_gamma2p0_g0p1_T300,product,48,0.1,15.0,left,26,0.9224623303239576
L48_gamma2p0_g0p1_T300,product,48,0.1,15.0,left,27,0.07742484428200157
L48_gamma2p0_g0p1_T300,product,48,0.1,15.0,left,28,0.9220027773826864
L48_gamma2p0_g0p1_T300,product,48,0.1,15.0,left,29,0.07704938397163609
L48_gamma2p0_g0p1_T300,product,48,0.1,15.0,left,30,0.9186987501560027
L48_gamma2p0_g0p1_T300,product,48,0.1,15.0,left,31,0.07501302574825594
L48_gamma2p0_g0p1_T300,product,48,0.1,15.0,left,32,0.9011649229752259
L48_gamma2p0_g0p1_T300,product,48,0.1,15.0,left,33,0.0674537926232544
L48_gamma2p0_g0p1_T300,product,48,0.1,15.0,left,34,0.8392592482541497
L48_gamma2p0_g0p1_T300,product,48,0.1,15.0,left,35,0.050544593197532434
L48_gamma2p0_g0p1_T300,product,48,0.1,15.0,left,36,0.7145663841383952
L48_gamma2p0_g0p1_T300,product,48,0.1,15.0,left,37,0.031167890559294725
L48_gamma2p0_g0p1_T300,product,48,0.1,15.0,left,38,0.5928032750877676
L48_gamma2p0_g0p1_T300,product,48,0.1,15.0,left,39,0.02018025568471003
L48_gamma2p0_g0p1_T300,product,48,0.1,15.0,left,40,0.5148891227327845
L48_gamma2p0_g0p1_T300,product,48,0.1,15.0,left,41,0.015746905561328028
L48_gamma2p0_g0p1_T300,product,48,0.1,15.0,left,42,0.4458058397555324
L48_gamma2p0_g0p1_T300,product,48,0.1,15.0,left,43,0.004289985563623463
L48_gamma2p0_g0p1_T300,product,48,0.1,15.0,left,44,0.3005160871351118
L48_gamma2p0_g0p1_T300,product,48,0.1,15.0,left,45,0.0002455705471456969
L48_gamma2p0_g0p1_T300,product,48,0.1,15.0,left,46,0.07732811609738584
L48_gamma2p0_g0p1_T300,product,48,0.1,15.0,left,47,0.0012293231528054626
L48_gamma2p0_g0p1_T400,product,48,0.1,20.0,charge_density_wave,0,0.9826257398731455
L48_gamma2p0_g0p1_T400,product,48,0.1,20.0,charge_density_wave,1,0.07543053548774208
L48_gamma2p0_g0p1_T400,product,48,0.1,20.0,charge_density_wave,2,0.9227584362792969
L48_gamma2p0_g0p1_T400,product,48,0.1,20.0,charge_density_wave,3,0.07746292022067103
L48_gamma2p0_g0p1_T400,product,48,0.1,20.0,charge_density_wave,4,0.9225169081579785
L48_gamma2p0_g0p1_T400,product,48,0.1,20.0,charge_density_wave,5,0.07748615052163667
L48_gamma2p0_g0p1_T400,product,48,0.1,20.0,charge_density_wave,6,0.9225134613122855
L48_gamma2p0_g0p1_T400,product,48,0.1,20.0,charge_density_wave,7,0.07748659746201603
L48_gamma2p0_g0p1_T400,product,48,0.1,20.0,charge_density_wave,8,0.9225133934071894
L48_gamma2p0_g0p1_T400,product,48,0.1,20.0,charge_density_wave,9,0.07748660790641998
L48_gamma2p0_g0p1_T400,product,48,0.1,20.0,charge_density_wave,10,0.9225133918549383
L48_gamma2p0_g0p1_T400,product,48,0.1,20.0,charge_density_wave,11,0.07748660817703723
L48_gamma2p0_g0p1_T400,product,48,0.1,20.0,charge_density_wave,12,0.922513391816304
L48_gamma2p0_g0p1_T400,product,48,0.1,20.0,charge_density_wave,13,0.07748660818451689
L48_gamma2p0_g0p1_T400,product,48,0.1,20.0,charge_density_wave,14,0.9225133918152888
L48_gamma2p0_g0p1_T400,product,48,0.1,20.0,charge_density_wave,15,0.07748660818473306
L48_gamma2p0_g0p1_T400,product,48,0.1,20.0,charge_density_wave,16,0.922513391815261
L48_gamma2p0_g0p1_T400,product,48,0.1,20.0,charge_density_wave,17,0.07748660818473951
L48_gamma2p0_g0p1_T400,product,48,0.1,20.0,charge_density_wave,18,0.9225133918152603
L48_gamma2p0_g0p1_T400,product,48,0.1,20.0,charge_density_wave,19,0.07748660818473972
L48_gamma2p0_g0p1_T400,product,48,0.1,20.0,charge_density_wave,20,0.9225133918152604
L48_gamma2p0_g0p1_T400,product,48,0.1,20.0,charge_density_wave,21,0.07748660818473972
L48_gamma2p0_g0p1_T400,product,48,0.1,20.0,charge_density_wave,22,0.9225133918152604
L48_gamma2p0_g0p1_T400,product,48,0.1,20.0,charge_density_wave,23,0.07748660818473971
L48_gamma2p0_g0p1_T400,product,48,0.1,20.0,charge_density_wave,24,0.9225133918152604
L48_gamma2p0_g0p1_T400,product,48,0.1,20.0,charge_density_wave,25,0.07748660818473972
L48_gamma2p0_g0p1_T400,product,48,0.1,20.0,charge_density_wave,26,0.9225133918152602
L48_gamma2p0_g0p1_T400,product,48,0.1,20.0,charge_density_wave,27,0.07748660818473971
L48_gamma2p0_g0p1_T400,product,48,0.1,20.0,charge_density_wave,28,0.9225133918152603
L48_gamma2p0_g0p1_T400,product,48,0.1,20.0,charge_density_wave,29,0.07748660818473971
L48_gamma2p0_g0p1_T400,product,48,0.1,20.0,charge_density_wave,30,0.9225133918152606
L48_gamma2p0_g0p1_T400,product,48,0.1,20.0,charge_density_wave,31,0.07748660818473892
L48_gamma2p0_g0p1_T400,product,48,0.1,20.0,charge_density_wave,32,0.922513391815267
L48_gamma2p0_g0p1_T400,product,48,0.1,20.0,charge_density_wave,33,0.07748660818471124
L48_gamma2p0_g0p1_T400,product,48,0.1,20.0,charge_density_wave,34,0.9225133918154833
L48_gamma2p0_g0p1_T400,product,48,0.1,20.0,charge_density_wave,35,0.077486608183696
L48_gamma2p0_g0p1_T400,product,48,0.1,20.0,charge_density_wave,36,0.9225133918229628
L48_gamma2p0_g0p1_T400,product,48,0.1,20.0,charge_density_wave,37,0.07748660814506163
L48_gamma2p0_g0p1_T400,product,48,0.1,20.0,charge_density_wave,38,0.92251339209358
L48_gamma2p0_g0p1_T400,product,48,0.1,20.0,charge_density_wave,39,0.07748660659281052
L48_gamma2p0_g0p1_T400,product,48,0.1,20.0,charge_density_wave,40,0.9225134025379841
L48_gamma2p0_g0p1_T400,product,48,0.1,20.0,charge_density_wave,41,0.07748653868771452
L48_gamma2p0_g0p1_T400,product,48,0.1,20.0,charge_density_wave,42,0.9225138494783633
L48_gamma2p0_g0p1_T400,product,48,0.1,20.0,charge_density_wave,43,0.07748309184202148
L48_gamma2p0_g0p1_T400,product,48,0.1,20.0,charge_density_wave,44,0.922537079779329
L48_gamma2p0_g0p1_T400,product,48,0.1,20.0,charge_density_wave,45,0.07724156372070307
L48_gamma2p0_g0p1_T400,product,48,0.1,20.0,charge_density_wave,46,0.924569464512258
L48_gamma2p0_g0p1_T400,product,48,0.1,20.0,charge_density_wave,47,0.017374260126854595
L48_gamma2p0_g0p1_T400,product,48,0.1,20.0,left,0,0.9856280926238934
L48_gamma2p0_g0p1_T400,product,48,0.1,20.0,left,1,0.21329907112007476
L48_gamma2p0_g0p1_T400,product,48,0.1,20.0,left,2,0.9554802025993792
L48_gamma2p0_g0p1_T400,product,48,0.1,20.0,left,3,0.38539736714217376
L48_gamma2p0_g0p1_T400,product,48,0.1,20.0,left,4,0.9721083137979305
L48_gamma2p0_g0p1_T400,product,48,0.1,20.0,left,5,0.33162646268768037
L48_gamma2p0_g0p1_T400,product,48,0.1,20.0,left,6,0.9574165244997918
L48_gamma2p0_g0p1_T400,product,48,0.1,20.0,left,7,0.1960166227682989
L48_gamma2p0_g0p1_T400,product,48,0.1,20.0,left,8,0.9375063517739443
L48_gamma2p0_g0p1_T400,product,48,0.1,20.0,left,9,0.11461790846924033
L48_gamma2p0_g0p1_T400,product,48,0.1,20.0,left,10,0.9270013353607002
L48_gamma2p0_g0p1_T400,product,48,0.1,20.0,left,11,0.08610350488251518
L48_gamma2p0_g0p1_T400,product,48,0.1,20.0,left,12,0.9235290336169082
L48_gamma2p0_g0p1_T400,product,48,0.1,20.0,left,13,0.07906504410546553
L48_gamma2p0_g0p1_T400,product,48,0.1,20.0,left,14,0.922697060904456
L48_gamma2p0_g0p1_T400,product,48,0.1,20.0,left,15,0.07772505118808565
L48_gamma2p0_g0p1_T400,product,48,0.1,20.0,left,16,0.92254103868764
L48_gamma2p0_g0p1_T400,product,48,0.1,20.0,left,17,0.0775172135207369
L48_gamma2p0_g0p1_T400,product,48,0.1,20.0,left,18,0.9225170148088182
L48_gamma2p0_g0p1_T400,product,48,0.1,20.0,left,19,0.07748994839365868
L48_gamma2p0_g0p1_T400,product,48,0.1,20.0,left,20,0.9225138909822288
L48_gamma2p0_g0p1_T400,product,48,0.1,20.0,left,21,0.07748682992613615
L48_gamma2p0_g0p1_T400,product,48,0.1,20.0,left,22,0.9225135493699916
L48_gamma2p0_g0p1_T400,product,48,0.1,20.0,left,23,0.07748650749503896
L48_gamma2p0_g0p1_T400,product,48,0.1,20.0,left,24,0.9225134925049611
L48_gamma2p0_g0p1_T400,product,48,0.1,20.0,left,25,0.07748645063000824
L48_gamma2p0_g0p1_T400,product,48,0.1,20.0,left,26,0.9225131700738638
L48_gamma2p0_g0p1_T400,product,48,0.1,20.0,left,27,0.07748610901777103
L48_gamma2p0_g0p1_T400,product,48,0.1,20.0,left,28,0.9225100516063414
L48_gamma2p0_g0p1_T400,product,48,0.1,20.0,left,29,0.07748298519118185
L48_gamma2p0_g0p1_T400,product,48,0.1,20.0,left,30,0.9224827864792632
L48_gamma2p0_g0p1_T400,product,48,0.1,20.0,left,31,0.07745896131235994
L48_gamma2p0_g0p1_T400,product,48,0.1,20.0,left,32,0.9222749488119144
L48_gamma2p0_g0p1_T400,product,48,0.1,20.0,left,33,0.07730293909554393
L48_gamma2p0_g0p1_T400,product,48,0.1,20.0,left,34,0.9209349558945346
L48_gamma2p0_g0p1_T400,product,48,0.1,20.0,left,35,0.07647096638309177
L48_gamma2p0_g0p1_T400,product,48,0.1,20.0,left,36,0.9138964951174848
L48_gamma2p0_g0p1_T400,product,48,0.1,20.0,left,37,0.07299866463929999
L48_gamma2p0_g0p1_T400,product,48,0.1,20.0,left,38,0.8853820915307596
L48_gamma2p0_g0p1_T400,product,48,0.1,20.0,left,39,0.06249364822605569
L48_gamma2p0_g0p1_T400,product,48,0.1,20.0,left,40,0.8039833772317011
L48_gamma2p0_g0p1_T400,product,48,0.1,20.0,left,41,0.04258347550020819
L48_gamma2p0_g0p1_T400,product,48,0.1,20.0,left,42,0.6683735373123196
L48_gamma2p0_g0p1_T400,product,48,0.1,20.0,left,43,0.027891686202069527
L48_gamma2p0_g0p1_T400,product,48,0.1,20.0,left,44,0.6146026328578262
L48_gamma2p0_g0p1_T400,product,48,0.1,20.0,left,45,0.04451979740062091
L48_gamma2p0_g0p1_T400,product,48,0.1,20.0,left,46,0.7867009288799253
L48_gamma2p0_g0p1_T400,product,48,0.1,20.0,left,47,0.014371907376106653
L48_gamma2p0_g0p1_T500,product,48,0.1,25.0,charge_density_wave,0,0.9826257398731455
L48_gamma2p0_g0p1_T500,product,48,0.1,25.0,charge_density_wave,1,0.07543053548774209
L48_gamma2p0_g0p1_T500,product,48,0.1,25.0,charge_density_wave,2,0.9227584362792969
L48_gamma2p0_g0p1_T500,product,48,0.1,25.0,charge_density_wave,3,0.07746292022067103
L48_gamma2p0_g0p1_T500,product,48,0.1,25.0,charge_density_wave,4,0.9225169081579786
L48_gamma2p0_g0p1_T500,product,48,0.1,25.0,charge_density_wave,5,0.07748615052163665
L48_gamma2p0_g0p1_T500,product,48,0.1,25.0,charge_density_wave,6,0.9225134613122854
L48_gamma2p0_g0p1_T500,product,48,0.1,25.0,charge_density_wave,7,0.07748659746201604
L48_gamma2p0_g0p1_T500,product,48,0.1,25.0,charge_density_wave,8,0.9225133934071895
L48_gamma2p0_g0p1_T500,product,48,0.1,25.0,charge_density_wave,9,0.07748660790641995
L48_gamma2p0_g0p1_T500,product,48,0.1,25.0,charge_density_wave,10,0.9225133918549384
L48_gamma2p0_g0p1_T500,product,48,0.1,25.0,charge_density_wave,11,0.07748660817703723
L48_gamma2p0_g0p1_T500,product,48,0.1,25.0,charge_density_wave,12,0.922513391816304
L48_gamma2p0_g0p1_T500,product,48,0.1,25.0,charge_density_wave,13,0.07748660818451689
L48_gamma2p0_g0p1_T500,product,48,0.1,25.0,charge_density_wave,14,0.9225133918152887
L48_gamma2p0_g0p1_T500,product,48,0.1,25.0,charge_density_wave,15,0.07748660818473305
L48_gamma2p0_g0p1_T500,product,48,0.1,25.0,charge_density_wave,16,0.922513391815261
L48_gamma2p0_g0p1_T500,product,48,0.1,25.0,charge_density_wave,17,0.07748660818473951
L48_gamma2p0_g0p1_T500,product,48,0.1,25.0,charge_density_wave,18,0.9225133918152604
L48_gamma2p0_g0p1_T500,product,48,0.1,25.0,charge_density_wave,19,0.07748660818473972
L48_gamma2p0_g0p1_T500,product,48,0.1,25.0,charge_density_wave,20,0.9225133918152603
L48_gamma2p0_g0p1_T500,product,48,0.1,25.0,charge_density_wave,21,0.07748660818473971
L48_gamma2p0_g0p1_T500,product,48,0.1,25.0,charge_density_wave,22,0.9225133918152603
L48_gamma2p0_g0p1_T500,product,48,0.1,25.0,charge_density_wave,23,0.07748660818473974
L48_gamma2p0_g0p1_T500,product,48,0.1,25.0,charge_density_wave,24,0.9225133918152604
L48_gamma2p0_g0p1_T500,product,48,0.1,25.0,charge_density_wave,25,0.07748660818473971
L48_gamma2p0_g0p1_T500,product,48,0.1,25.0,charge_density_wave,26,0.9225133918152604
L48_gamma2p0_g0p1_T500,product,48,0.1,25.0,charge_density_wave,27,0.07748660818473972
L48_gamma2p0_g0p1_T500,product,48,0.1,25.0,charge_density_wave,28,0.9225133918152603
L48_gamma2p0_g0p1_T500,product,48,0.1,25.0,charge_density_wave,29,0.0774866081847397
L48_gamma2p0_g0p1_T500,product,48,0.1,25.0,charge_density_wave,30,0.9225133918152605
L48_gamma2p0_g0p1_T500,product,48,0.1,25.0,charge_density_wave,31,0.07748660818473893
L48_gamma2p0_g0p1_T500,product,48,0.1,25.0,charge_density_wave,32,0.9225133918152669
L48_gamma2p0_g0p1_T500,product,48,0.1,25.0,charge_density_wave,33,0.07748660818471124
L48_gamma2p0_g0p1_T500,product,48,0.1,25.0,charge_density_wave,34,0.9225133918154831
L48_gamma2p0_g0p1_T500,product,48,0.1,25.0,charge_density_wave,35,0.07748660818369599
L48_gamma2p0_g0p1_T500,product,48,0.1,25.0,charge_density_wave,36,0.9225133918229628
L48_gamma2p0_g0p1_T500,product,48,0.1,25.0,charge_density_wave,37,0.07748660814506161
L48_gamma2p0_g0p1_T500,product,48,0.1,25.0,charge_density_wave,38,0.92251339209358
L48_gamma2p0_g0p1_T500,product,48,0.1,25.0,charge_density_wave,39,0.07748660659281054
L48_gamma2p0_g0p1_T500,product,48,0.1,25.0,charge_density_wave,40,0.922513402537984
L48_gamma2p0_g0p1_T500,product,48,0.1,25.0,charge_density_wave,41,0.07748653868771452
L48_gamma2p0_g0p1_T500,product,48,0.1,25.0,charge_density_wave,42,0.9225138494783633
L48_gamma2p0_g0p1_T500,product,48,0.1,25.0,charge_density_wave,43,0.07748309184202148
L48_gamma2p0_g0p1_T500,product,48,0.1,25.0,charge_density_wave,44,0.9225370797793289
L48_gamma2p0_g0p1_T500,product,48,0.1,25.0,charge_density_wave,45,0.07724156372070307
L48_gamma2p0_g0p1_T500,product,48,0.1,25.0,charge_density_wave,46,0.924569464512258
L48_gamma2p0_g0p1_T500,product,48,0.1,25.0,charge_density_wave,47,0.017374260126854595
L48_gamma2p0_g0p1_T500,product,48,0.1,25.0,left,0,0.9826257400114243
L48_gamma2p0_g0p1_T500,product,48,0.1,25.0,left,1,0.07543054169649907
L48_gamma2p0_g0p1_T500,product,48,0.1,25.0,left,2,0.9227584379705445
L48_gamma2p0_g0p1_T500,product,48,0.1,25.0,left,3,0.07746293812261129
L48_gamma2p0_g0p1_T500,product,48,0.1,25.0,left,4,0.9225169114542952
L48_gamma2p0_g0p1_T500,product,48,0.1,25.0,left,5,0.07748617147645963
L48_gamma2p0_g0p1_T500,product,48,0.1,25.0,left,6,0.9225134645523961
L48_gamma2p0_g0p1_T500,product,48,0.1,25.0,left,7,0.07748661201594381
L48_gamma2p0_g0p1_T500,product,48,0.1,25.0,left,8,0.9225133954434124
L48_gamma2p0_g0p1_T500,product,48,0.1,25.0,left,9,0.07748661481855695
L48_gamma2p0_g0p1_T500,product,48,0.1,25.0,left,10,0.9225133927722933
L48_gamma2p0_g0p1_T500,product,48,0.1,25.0,left,11,0.07748661059171646
L48_gamma2p0_g0p1_T500,product,48,0.1,25.0,left,12,0.9225133921485946
L48_gamma2p0_g0p1_T500,product,48,0.1,25.0,left,13,0.07748660880731717
L48_gamma2p0_g0p1_T500,product,48,0.1,25.0,left,14,0.9225133919471593
L48_gamma2p0_g0p1_T500,product,48,0.1,25.0,left,15,0.07748660825314665
L48_gamma2p0_g0p1_T500,product,48,0.1,25.0,left,16,0.9225133919154755
L48_gamma2p0_g0p1_T500,product,48,0.1,25.0,left,17,0.07748660809295918
L48_gamma2p0_g0p1_T500,product,48,0.1,25.0,left,18,0.9225133919384532
L48_gamma2p0_g0p1_T500,product,48,0.1,25.0,left,19,0.07748660803283353
L48_gamma2p0_g0p1_T500,product,48,0.1,25.0,left,20,0.9225133919719647
L48_gamma2p0_g0p1_T500,product,48,0.1,25.0,left,21,0.0774866080023851
L48_gamma2p0_g0p1_T500,product,48,0.1,25.0,left,22,0.9225133919981067
L48_gamma2p0_g0p1_T500,product,48,0.1,25.0,left,23,0.07748660799215608
L48_gamma2p0_g0p1_T500,product,48,0.1,25.0,left,24,0.9225133920078439
L48_gamma2p0_g0p1_T500,product,48,0.1,25.0,left,25,0.07748660800189341
L48_gamma2p0_g0p1_T500,product,48,0.1,25.0,left,26,0.9225133919976147
L48_gamma2p0_g0p1_T500,product,48,0.1,25.0,left,27,0.07748660802803527
L48_gamma2p0_g0p1_T500,product,48,0.1,25.0,left,28,0.9225133919671664
L48_gamma2p0_g0p1_T500,product,48,0.1,25.0,left,29,0.07748660806154686
L48_gamma2p0_g0p1_T500,product,48,0.1,25.0,left,30,0.9225133919070407
L48_gamma2p0_g0p1_T500,product,48,0.1,25.0,left,31,0.0774866080845245
L48_gamma2p0_g0p1_T500,product,48,0.1,25.0,left,32,0.9225133917468533
L48_gamma2p0_g0p1_T500,product,48,0.1,25.0,left,33,0.07748660805284069
L48_gamma2p0_g0p1_T500,product,48,0.1,25.0,left,34,0.9225133911926828
L48_gamma2p0_g0p1_T500,product,48,0.1,25.0,left,35,0.07748660785140549
L48_gamma2p0_g0p1_T500,product,48,0.1,25.0,left,36,0.9225133894082835
L48_gamma2p0_g0p1_T500,product,48,0.1,25.0,left,37,0.07748660722770666
L48_gamma2p0_g0p1_T500,product,48,0.1,25.0,left,38,0.922513385181443
L48_gamma2p0_g0p1_T500,product,48,0.1,25.0,left,39,0.07748660455658771
L48_gamma2p0_g0p1_T500,product,48,0.1,25.0,left,40,0.9225133879840561
L48_gamma2p0_g0p1_T500,product,48,0.1,25.0,left,41,0.07748653544760385
L48_gamma2p0_g0p1_T500,product,48,0.1,25.0,left,42,0.9225138285235404
L48_gamma2p0_g0p1_T500,product,48,0.1,25.0,left,43,0.07748308854570478
L48_gamma2p0_g0p1_T500,product,48,0.1,25.0,left,44,0.9225370618773887
L48_gamma2p0_g0p1_T500,product,48,0.1,25.0,left,45,0.07724156202945553
L48_gamma2p0_g0p1_T500,product,48,0.1,25.0,left,46,0.9245694583035009
L48_gamma2p0_g0p1_T500,product,48,0.1,25.0,left,47,0.01737425998857548
L48_gamma2p0_g0p25_T100,product,48,0.25,5.0,charge_density_wave,0,0.9823472863429945
L48_gamma2p0_g0p25_T100,product,48,0.25,5.0,charge_density_wave,1,0.061295730906556066
L48_gamma2p0_g0p25_T100,product,48,0.25,5.0,charge_density_wave,2,0.9365124693538535
L48_gamma2p0_g0p25_T100,product,48,0.25,5.0,charge_density_wave,3,0.06364741396018192
L48_gamma2p0_g0p25_T100,product,48,0.25,5.0,charge_density_wave,4,0.9363246258305347
L48_gamma2p0_g0p25_T100,product,48,0.25,5.0,charge_density_wave,5,0.06367720616872415
L48_gamma2p0_g0p25_T100,product,48,0.25,5.0,charge_density_wave,6,0.9363221952574069
L48_gamma2p0_g0p25_T100,product,48,0.25,5.0,charge_density_wave,7,0.06367783133482953
L48_gamma2p0_g0p25_T100,product,48,0.25,5.0,charge_density_wave,8,0.9363221529916814
L48_gamma2p0_g0p25_T100,product,48,0.25,5.0,charge_density_wave,9,0.0636778473417133
L48_gamma2p0_g0p25_T100,product,48,0.25,5.0,charge_density_wave,10,0.9363221521984176
L48_gamma2p0_g0p25_T100,product,48,0.25,5.0,charge_density_wave,11,0.06367784780057967
L48_gamma2p0_g0p25_T100,product,48,0.25,5.0,charge_density_wave,12,0.9363221521848231
L48_gamma2p0_g0p25_T100,product,48,0.25,5.0,charge_density_wave,13,0.06367784781480879
L48_gamma2p0_g0p25_T100,product,48,0.25,5.0,charge_density_wave,14,0.9363221521846978
L48_gamma2p0_g0p25_T100,product,48,0.25,5.0,charge_density_wave,15,0.06367784781527878
L48_gamma2p0_g0p25_T100,product,48,0.25,5.0,charge_density_wave,16,0.9363221521847036
L48_gamma2p0_g0p25_T100,product,48,0.25,5.0,charge_density_wave,17,0.06367784781529519
L48_gamma2p0_g0p25_T100,product,48,0.25,5.0,charge_density_wave,18,0.936322152184704
L48_gamma2p0_g0p25_T100,product,48,0.25,5.0,charge_density_wave,19,0.0636778478152958
L48_gamma2p0_g0p25_T100,product,48,0.25,5.0,charge_density_wave,20,0.9363221521847042
L48_gamma2p0_g0p25_T100,product,48,0.25,5.0,charge_density_wave,21,0.06367784781529581
L48_gamma2p0_g0p25_T100,product,48,0.25,5.0,charge_density_wave,22,0.9363221521847043
L48_gamma2p0_g0p25_T100,product,48,0.25,5.0,charge_density_wave,23,0.06367784781529583
L48_gamma2p0_g0p25_T100,product,48,0.25,5.0,charge_density_wave,24,0.9363221521847042
L48_gamma2p0_g0p25_T100,product,48,0.25,5.0,charge_density_wave,25,0.06367784781529583
L48_gamma2p0_g0p25_T100,product,48,0.25,5.0,charge_density_wave,26,0.9363221521847043
L48_gamma2p0_g0p25_T100,product,48,0.25,5.0,charge_density_wave,27,0.06367784781529583
L48_gamma2p0_g0p25_T100,product,48,0.25,5.0,charge_density_wave,28,0.9363221521847043
L48_gamma2p0_g0p25_T100,product,48,0.25,5.0,charge_density_wave,29,0.06367784781529585
L48_gamma2p0_g0p25_T100,product,48,0.25,5.0,charge_density_wave,30,0.9363221521847048
L48_gamma2p0_g0p25_T100,product,48,0.25,5.0,charge_density_wave,31,0.06367784781529637
L48_gamma2p0_g0p25_T100,product,48,0.25,5.0,charge_density_wave,32,0.9363221521847213
L48_gamma2p0_g0p25_T100,product,48,0.25,5.0,charge_density_wave,33,0.06367784781530197
L48_gamma2p0_g0p25_T100,product,48,0.25,5.0,charge_density_wave,34,0.9363221521851912
L48_gamma2p0_g0p25_T100,product,48,0.25,5.0,charge_density_wave,35,0.06367784781517684
L48_gamma2p0_g0p25_T100,product,48,0.25,5.0,charge_density_wave,36,0.9363221521994203
L48_gamma2p0_g0p25_T100,product,48,0.25,5.0,charge_density_wave,37,0.06367784780158237
L48_gamma2p0_g0p25_T100,product,48,0.25,5.0,charge_density_wave,38,0.9363221526582867
L48_gamma2p0_g0p25_T100,product,48,0.25,5.0,charge_density_wave,39,0.06367784700831838
L48_gamma2p0_g0p25_T100,product,48,0.25,5.0,charge_density_wave,40,0.9363221686651704
L48_gamma2p0_g0p25_T100,product,48,0.25,5.0,charge_density_wave,41,0.06367780474259299
L48_gamma2p0_g0p25_T100,product,48,0.25,5.0,charge_density_wave,42,0.9363227938312759
L48_gamma2p0_g0p25_T100,product,48,0.25,5.0,charge_density_wave,43,0.06367537416946524
L48_gamma2p0_g0p25_T100,product,48,0.25,5.0,charge_density_wave,44,0.9363525860398181
L48_gamma2p0_g0p25_T100,product,48,0.25,5.0,charge_density_wave,45,0.06348753064614655
L48_gamma2p0_g0p25_T100,product,48,0.25,5.0,charge_density_wave,46,0.9387042690934438
L48_gamma2p0_g0p25_T100,product,48,0.25,5.0,charge_density_wave,47,0.017652713657005593
L48_gamma2p0_g0p25_T100,product,48,0.25,5.0,left,0,1.0
L48_gamma2p0_g0p25_T100,product,48,0.25,5.0,left,1,0.9999999999999999
L48_gamma2p0_g0p25_T100,product,48,0.25,5.0,left,2,1.0
L48_gamma2p0_g0p25_T100,product,48,0.25,5.0,left,3,0.9999999999999972
L48_gamma2p0_g0p25_T100,product,48,0.25,5.0,left,4,0.9999999999999905
L48_gamma2p0_g0p25_T100,product,48,0.25,5.0,left,5,0.9999999999984039
L48_gamma2p0_g0p25_T100,product,48,0.25,5.0,left,6,0.9999999999960398
L48_gamma2p0_g0p25_T100,product,48,0.25,5.0,left,7,0.9999999993972994
L48_gamma2p0_g0p25_T100,product,48,0.25,5.0,left,8,0.9999999990082786
L48_gamma2p0_g0p25_T100,product,48,0.25,5.0,left,9,0.9999998624434729
L48_gamma2p0_g0p25_T100,product,48,0.25,5.0,left,10,0.9999998635709358
L48_gamma2p0_g0p25_T100,product,48,0.25,5.0,left,11,0.9999824384487148
L48_gamma2p0_g0p25_T100,product,48,0.25,5.0,left,12,0.999990947701066
L48_gamma2p0_g0p25_T100,product,48,0.25,5.0,left,13,0.9988706580240405
L48_gamma2p0_g0p25_T100,product,48,0.25,5.0,left,14,0.9997656988035204
L48_gamma2p0_g0p25_T100,product,48,0.25,5.0,left,15,0.9684567118088201
L48_gamma2p0_g0p25_T100,product,48,0.25,5.0,left,16,0.9984129281204346
L48_gamma2p0_g0p25_T100,product,48,0.25,5.0,left,17,0.6942584817099596
L48_gamma2p0_g0p25_T100,product,48,0.25,5.0,left,18,0.9961213372814093
L48_gamma2p0_g0p25_T100,product,48,0.25,5.0,left,19,0.29346157048262705
L48_gamma2p0_g0p25_T100,product,48,0.25,5.0,left,20,0.954932980381136
L48_gamma2p0_g0p25_T100,product,48,0.25,5.0,left,21,0.09067974820454296
L48_gamma2p0_g0p25_T100,product,48,0.25,5.0,left,22,0.938988789609344
L48_gamma2p0_g0p25_T100,product,48,0.25,5.0,left,23,0.06468869286299184
L48_gamma2p0_g0p25_T100,product,48,0.25,5.0,left,24,0.9353113071370083
L48_gamma2p0_g0p25_T100,product,48,0.25,5.0,left,25,0.06101121039065606
L48_gamma2p0_g0p25_T100,product,48,0.25,5.0,left,26,0.9093202517954571
L48_gamma2p0_g0p25_T100,product,48,0.25,5.0,left,27,0.045067019618863904
L48_gamma2p0_g0p25_T100,product,48,0.25,5.0,left,28,0.706538429517373
L48_gamma2p0_g0p25_T100,product,48,0.25,5.0,left,29,0.0038786627185907465
L48_gamma2p0_g0p25_T100,product,48,0.25,5.0,left,30,0.3057415182900405
L48_gamma2p0_g0p25_T100,product,48,0.25,5.0,left,31,0.0015870718795654014
L48_gamma2p0_g0p25_T100,product,48,0.25,5.0,left,32,0.031543288191179845
L48_gamma2p0_g0p25_T100,product,48,0.25,5.0,left,33,0.00023430119647942143
L48_gamma2p0_g0p25_T100,product,48,0.25,5.0,left,34,0.001129341975959475
L48_gamma2p0_g0p25_T100,product,48,0.25,5.0,left,35,9.052298933900734e-06
L48_gamma2p0_g0p25_T100,product,48,0.25,5.0,left,36,1.7561551285159263e-05
L48_gamma2p0_g0p25_T100,product,48,0.25,5.0,left,37,1.3642906414166055e-07
L48_gamma2p0_g0p25_T100,product,48,0.25,5.0,left,38,1.375565270149767e-07
L48_gamma2p0_g0p25_T100,product,48,0.25,5.0,left,39,9.91721376323525e-10
L48_gamma2p0_g0p25_T100,product,48,0.25,5.0,left,40,6.027005619121549e-10
L48_gamma2p0_g0p25_T100,product,48,0.25,5.0,left,41,3.960173823352031e-12
L48_gamma2p0_g0p25_T100,product,48,0.25,5.0,left,42,1.595961239888574e-12
L48_gamma2p0_g0p25_T100,product,48,0.25,5.0,left,43,9.490838355008815e-15
L48_gamma2p0_g0p25_T100,product,48,0.25,5.0,left,44,2.709716978607679e-15
L48_gamma2p0_g0p25_T100,product,48,0.25,5.0,left,45,1.4559355307975607e-17
L48_gamma2p0_g0p25_T100,product,48,0.25,5.0,left,46,3.087944861913665e-18
L48_gamma2p0_g0p25_T100,product,48,0.25,5.0,left,47,1.6332784016286914e-20
L48_gamma2p0_g0p25_T150,product,48,0.25,7.5,charge_density_wave,0,0.9823472806719994
L48_gamma2p0_g0p25_T150,product,48,0.25,7.5,charge_density_wave,1,0.061295756837876705
L48_gamma2p0_g0p25_T150,product,48,0.25,7.5,charge_density_wave,2,0.9365124243329249
L48_gamma2p0_g0p25_T150,product,48,0.25,7.5,charge_density_wave,3,0.06364747132544843
L48_gamma2p0_g0p25_T150,product,48,0.25,7.5,charge_density_wave,4,0.9363245620233696
L48_gamma2p0_g0p25_T150,product,48,0.25,7.5,charge_density_wave,5,0.06367727236437286
L48_gamma2p0_g0p25_T150,product,48,0.25,7.5,charge_density_wave,6,0.9363221280689928
L48_gamma2p0_g0p25_T150,product,48,0.25,7.5,charge_density_wave,7,0.06367789877778463
L48_gamma2p0_g0p25_T150,product,48,0.25,7.5,charge_density_wave,8,0.9363220854503216
L48_gamma2p0_g0p25_T150,product,48,0.25,7.5,charge_density_wave,9,0.06367791490166151
L48_gamma2p0_g0p25_T150,product,48,0.25,7.5,charge_density_wave,10,0.9363220846310629
L48_gamma2p0_g0p25_T150,product,48,0.25,7.5,charge_density_wave,11,0.06367791536897219
L48_gamma2p0_g0p25_T150,product,48,0.25,7.5,charge_density_wave,12,0.9363220846159637
L48_gamma2p0_g0p25_T150,product,48,0.25,7.5,charge_density_wave,13,0.0636779153837149
L48_gamma2p0_g0p25_T150,product,48,0.25,7.5,charge_density_wave,14,0.9363220846157656
L48_gamma2p0_g0p25_T150,product,48,0.25,7.5,charge_density_wave,15,0.06367791538421287
L48_gamma2p0_g0p25_T150,product,48,0.25,7.5,charge_density_wave,16,0.9363220846157682
L48_gamma2p0_g0p25_T150,product,48,0.25,7.5,charge_density_wave,17,0.0636779153842307
L48_gamma2p0_g0p25_T150,product,48,0.25,7.5,charge_density_wave,18,0.9363220846157685
L48_gamma2p0_g0p25_T150,product,48,0.25,7.5,charge_density_wave,19,0.06367791538423138
L48_gamma2p0_g0p25_T150,product,48,0.25,7.5,charge_density_wave,20,0.9363220846157686
L48_gamma2p0_g0p25_T150,product,48,0.25,7.5,charge_density_wave,21,0.06367791538423141
L48_gamma2p0_g0p25_T150,product,48,0.25,7.5,charge_density_wave,22,0.9363220846157686
L48_gamma2p0_g0p25_T150,product,48,0.25,7.5,charge_density_wave,23,0.0636779153842314
L48_gamma2p0_g0p25_T150,product,48,0.25,7.5,charge_density_wave,24,0.9363220846157686
L48_gamma2p0_g0p25_T150,product,48,0.25,7.5,charge_density_wave,25,0.0636779153842314
L48_gamma2p0_g0p25_T150,product,48,0.25,7.5,charge_density_wave,26,0.9363220846157686
L48_gamma2p0_g0p25_T150,product,48,0.25,7.5,charge_density_wave,27,0.06367791538423141
L48_gamma2p0_g0p25_T150,product,48,0.25,7.5,charge_density_wave,28,0.9363220846157686
L48_gamma2p0_g0p25_T150,product,48,0.25,7.5,charge_density_wave,29,0.06367791538423143
L48_gamma2p0_g0p25_T150,product,48,0.25,7.5,charge_density_wave,30,0.9363220846157693
L48_gamma2p0_g0p25_T150,product,48,0.25,7.5,charge_density_wave,31,0.06367791538423184
L48_gamma2p0_g0p25_T150,product,48,0.25,7.5,charge_density_wave,32,0.9363220846157873
L48_gamma2p0_g0p25_T150,product,48,0.25,7.5,charge_density_wave,33,0.0636779153842344
L48_gamma2p0_g0p25_T150,product,48,0.25,7.5,charge_density_wave,34,0.9363220846162851
L48_gamma2p0_g0p25_T150,product,48,0.25,7.5,charge_density_wave,35,0.06367791538403644
L48_gamma2p0_g0p25_T150,product,48,0.25,7.5,charge_density_wave,36,0.9363220846310278
L48_gamma2p0_g0p25_T150,product,48,0.25,7.5,charge_density_wave,37,0.06367791536893713
L48_gamma2p0_g0p25_T150,product,48,0.25,7.5,charge_density_wave,38,0.9363220850983385
L48_gamma2p0_g0p25_T150,product,48,0.25,7.5,charge_density_wave,39,0.06367791454967853
L48_gamma2p0_g0p25_T150,product,48,0.25,7.5,charge_density_wave,40,0.9363221012222154
L48_gamma2p0_g0p25_T150,product,48,0.25,7.5,charge_density_wave,41,0.06367787193100709
L48_gamma2p0_g0p25_T150,product,48,0.25,7.5,charge_density_wave,42,0.9363227276356272
L48_gamma2p0_g0p25_T150,product,48,0.25,7.5,charge_density_wave,43,0.06367543797663056
L48_gamma2p0_g0p25_T150,product,48,0.25,7.5,charge_density_wave,44,0.9363525286745515
L48_gamma2p0_g0p25_T150,product,48,0.25,7.5,charge_density_wave,45,0.06348757566707514
L48_gamma2p0_g0p25_T150,product,48,0.25,7.5,charge_density_wave,46,0.9387042431621232
L48_gamma2p0_g0p25_T150,product,48,0.25,7.5,charge_density_wave,47,0.017652719328000433
L48_gamma2p0_g0p25_T150,product,48,0.25,7.5,left,0,0.9999999999983985
L48_gamma2p0_g0p25_T150,product,48,0.25,7.5,left,1,0.9999999998154854
L48_gamma2p0_g0p25_T150,product,48,0.25,7.5,left,2,0.9999999997952121
L48_gamma2p0_g0p25_T150,product,48,0.25,7.5,left,3,0.9999999722801383
L48_gamma2p0_g0p25_T150,product,48,0.25,7.5,left,4,0.9999999796301067
L48_gamma2p0_g0p25_T150,product,48,0.25,7.5,left,5,0.9999973314223147
L48_gamma2p0_g0p25_T150,product,48,0.25,7.5,left,6,0.9999988181297195
L48_gamma2p0_g0p25_T150,product,48,0.25,7.5,left,7,0.99984545805832
L48_gamma2p0_g0p25_T150,product,48,0.25,7.5,left,8,0.9999649727094287
L48_gamma2p0_g0p25_T150,product,48,0.25,7.5,left,9,0.9951134162935257
L48_gamma2p0_g0p25_T150,product,48,0.25,7.5,left,10,0.9995880942805866
L48_gamma2p0_g0p25_T150,product,48,0.25,7.5,left,11,0.9274356597064671
L48_gamma2p0_g0p25_T150,product,48,0.25,7.5,left,12,0.9989945636707738
L48_gamma2p0_g0p25_T150,product,48,0.25,7.5,left,13,0.6089603104715974
L48_gamma2p0_g0p25_T150,product,48,0.25,7.5,left,14,0.9950139791587884
L48_gamma2p0_g0p25_T150,product,48,0.25,7.5,left,15,0.44088241638220604
L48_gamma2p0_g0p25_T150,product,48,0.25,7.5,left,16,0.972027885762027
L48_gamma2p0_g0p25_T150,product,48,0.25,7.5,left,17,0.19058074398223307
L48_gamma2p0_g0p25_T150,product,48,0.25,7.5,left,18,0.9476290693630227
L48_gamma2p0_g0p25_T150,product,48,0.25,7.5,left,19,0.08909816605426057
L48_gamma2p0_g0p25_T150,product,48,0.25,7.5,left,20,0.9387419763868762
L48_gamma2p0_g0p25_T150,product,48,0.25,7.5,left,21,0.06670825603435714
L48_gamma2p0_g0p25_T150,product,48,0.25,7.5,left,22,0.9369741482514686
L48_gamma2p0_g0p25_T150,product,48,0.25,7.5,left,23,0.06353060353244118
L48_gamma2p0_g0p25_T150,product,48,0.25,7.5,left,24,0.9364693964675588
L48_gamma2p0_g0p25_T150,product,48,0.25,7.5,left,25,0.06302585174853143
L48_gamma2p0_g0p25_T150,product,48,0.25,7.5,left,26,0.9332917439656427
L48_gamma2p0_g0p25_T150,product,48,0.25,7.5,left,27,0.06125802361312391
L48_gamma2p0_g0p25_T150,product,48,0.25,7.5,left,28,0.9109018339457394
L48_gamma2p0_g0p25_T150,product,48,0.25,7.5,left,29,0.052370930636977266
L48_gamma2p0_g0p25_T150,product,48,0.25,7.5,left,30,0.8094192560177669
L48_gamma2p0_g0p25_T150,product,48,0.25,7.5,left,31,0.027972114237973113
L48_gamma2p0_g0p25_T150,product,48,0.25,7.5,left,32,0.5591175836177938
L48_gamma2p0_g0p25_T150,product,48,0.25,7.5,left,33,0.00498602084121143
L48_gamma2p0_g0p25_T150,product,48,0.25,7.5,left,34,0.39103968952840257
L48_gamma2p0_g0p25_T150,product,48,0.25,7.5,left,35,0.001005436329226064
L48_gamma2p0_g0p25_T150,product,48,0.25,7.5,left,36,0.07256434029353293
L48_gamma2p0_g0p25_T150,product,48,0.25,7.5,left,37,0.0004119057194133511
L48_gamma2p0_g0p25_T150,product,48,0.25,7.5,left,38,0.004886583706474321
L48_gamma2p0_g0p25_T150,product,48,0.25,7.5,left,39,3.5027290571185455e-05
L48_gamma2p0_g0p25_T150,product,48,0.25,7.5,left,40,0.0001545419416801162
L48_gamma2p0_g0p25_T150,product,48,0.25,7.5,left,41,1.1818702804799448e-06
L48_gamma2p0_g0p25_T150,product,48,0.25,7.5,left,42,2.668577685317948e-06
L48_gamma2p0_g0p25_T150,product,48,0.25,7.5,left,43,2.0369893346919624e-08
L48_gamma2p0_g0p25_T150,product,48,0.25,7.5,left,44,2.771986162102774e-08
L48_gamma2p0_g0p25_T150,product,48,0.25,7.5,left,45,2.0478780246624768e-10
L48_gamma2p0_g0p25_T150,product,48,0.25,7.5,left,46,1.8451477787713837e-10
L48_gamma2p0_g0p25_T150,product,48,0.25,7.5,left,47,1.6014071262526403e-12
L48_gamma2p0_g0p25_T200,product,48,0.25,10.0,charge_density_wave,0,0.982347280667787
L48_gamma2p0_g0p25_T200,product,48,0.25,10.0,charge_density_wave,1,0.06129575685811456
L48_gamma2p0_g0p25_T200,product,48,0.25,10.0,charge_density_wave,2,0.9365124242941341
L48_gamma2p0_g0p25_T200,product,48,0.25,10.0,charge_density_wave,3,0.06364747137957696
L48_gamma2p0_g0p25_T200,product,48,0.25,10.0,charge_density_wave,4,0.9363245619589182
L48_gamma2p0_g0p25_T200,product,48,0.25,10.0,charge_density_wave,5,0.06367727243408237
L48_gamma2p0_g0p25_T200,product,48,0.25,10.0,charge_density_wave,6,0.9363221279965572
L48_gamma2p0_g0p25_T200,product,48,0.25,10.0,charge_density_wave,7,0.06367789885122546
L48_gamma2p0_g0p25_T200,product,48,0.25,10.0,charge_density_wave,8,0.9363220853764282
L48_gamma2p0_g0p25_T200,product,48,0.25,10.0,charge_density_wave,9,0.06367791497568391
L48_gamma2p0_g0p25_T200,product,48,0.25,10.0,charge_density_wave,10,0.936322084556986
L48_gamma2p0_g0p25_T200,product,48,0.25,10.0,charge_density_wave,11,0.06367791544306142
L48_gamma2p0_g0p25_T200,product,48,0.25,10.0,charge_density_wave,12,0.9363220845418692
L48_gamma2p0_g0p25_T200,product,48,0.25,10.0,charge_density_wave,13,0.06367791545781025
L48_gamma2p0_g0p25_T200,product,48,0.25,10.0,charge_density_wave,14,0.9363220845416698
L48_gamma2p0_g0p25_T200,product,48,0.25,10.0,charge_density_wave,15,0.0636779154583087
L48_gamma2p0_g0p25_T200,product,48,0.25,10.0,charge_density_wave,16,0.9363220845416723
L48_gamma2p0_g0p25_T200,product,48,0.25,10.0,charge_density_wave,17,0.06367791545832657
L48_gamma2p0_g0p25_T200,product,48,0.25,10.0,charge_density_wave,18,0.9363220845416727
L48_gamma2p0_g0p25_T200,product,48,0.25,10.0,charge_density_wave,19,0.06367791545832724
L48_gamma2p0_g0p25_T200,product,48,0.25,10.0,charge_density_wave,20,0.9363220845416727
L48_gamma2p0_g0p25_T200,product,48,0.25,10.0,charge_density_wave,21,0.06367791545832728
L48_gamma2p0_g0p25_T200,product,48,0.25,10.0,charge_density_wave,22,0.9363220845416727
L48_gamma2p0_g0p25_T200,product,48,0.25,10.0,charge_density_wave,23,0.06367791545832728
L48_gamma2p0_g0p25_T200,product,48,0.25,10.0,charge_density_wave,24,0.9363220845416728
L48_gamma2p0_g0p25_T200,product,48,0.25,10.0,charge_density_wave,25,0.06367791545832728
L48_gamma2p0_g0p25_T200,product,48,0.25,10.0,charge_density_wave,26,0.9363220845416727
L48_gamma2p0_g0p25_T200,product,48,0.25,10.0,charge_density_wave,27,0.0636779154583273
L48_gamma2p0_g0p25_T200,product,48,0.25,10.0,charge_density_wave,28,0.9363220845416728
L48_gamma2p0_g0p25_T200,product,48,0.25,10.0,charge_density_wave,29,0.06367791545832731
L48_gamma2p0_g0p25_T200,product,48,0.25,10.0,charge_density_wave,30,0.9363220845416734
L48_gamma2p0_g0p25_T200,product,48,0.25,10.0,charge_density_wave,31,0.0636779154583277
L48_gamma2p0_g0p25_T200,product,48,0.25,10.0,charge_density_wave,32,0.9363220845416914
L48_gamma2p0_g0p25_T200,product,48,0.25,10.0,charge_density_wave,33,0.06367791545833017
L48_gamma2p0_g0p25_T200,product,48,0.25,10.0,charge_density_wave,34,0.9363220845421898
L48_gamma2p0_g0p25_T200,product,48,0.25,10.0,charge_density_wave,35,0.06367791545813084
L48_gamma2p0_g0p25_T200,product,48,0.25,10.0,charge_density_wave,36,0.9363220845569387
L48_gamma2p0_g0p25_T200,product,48,0.25,10.0,charge_density_wave,37,0.06367791544301393
L48_gamma2p0_g0p25_T200,product,48,0.25,10.0,charge_density_wave,38,0.9363220850243161
L48_gamma2p0_g0p25_T200,product,48,0.25,10.0,charge_density_wave,39,0.06367791462357172
L48_gamma2p0_g0p25_T200,product,48,0.25,10.0,charge_density_wave,40,0.9363221011487746
L48_gamma2p0_g0p25_T200,product,48,0.25,10.0,charge_density_wave,41,0.06367787200344274
L48_gamma2p0_g0p25_T200,product,48,0.25,10.0,charge_density_wave,42,0.9363227275659176
L48_gamma2p0_g0p25_T200,product,48,0.25,10.0,charge_density_wave,43,0.0636754380410817
L48_gamma2p0_g0p25_T200,product,48,0.25,10.0,charge_density_wave,44,0.9363525286204231
L48_gamma2p0_g0p25_T200,product,48,0.25,10.0,charge_density_wave,45,0.06348757570586581
L48_gamma2p0_g0p25_T200,product,48,0.25,10.0,charge_density_wave,46,0.9387042431418854
L48_gamma2p0_g0p25_T200,product,48,0.25,10.0,charge_density_wave,47,0.017652719332213112
L48_gamma2p0_g0p25_T200,product,48,0.25,10.0,left,0,0.9999999589591446
L48_gamma2p0_g0p25_T200,product,48,0.25,10.0,left,1,0.9999964483129788
L48_gamma2p0_g0p25_T200,product,48,0.25,10.0,left,2,0.9999990172123266
L48_gamma2p0_g0p25_T200,product,48,0.25,10.0,left,3,0.9998633426721069
L48_gamma2p0_g0p25_T200,product,48,0.25,10.0,left,4,0.9999798131332653
L48_gamma2p0_g0p25_T200,product,48,0.25,10.0,left,5,0.9968585196157203
L48_gamma2p0_g0p25_T200,product,48,0.25,10.0,left,6,0.999801912381413
L48_gamma2p0_g0p25_T200,product,48,0.25,10.0,left,7,0.9603107074907286
L48_gamma2p0_g0p25_T200,product,48,0.25,10.0,left,8,0.9993835724317395
L48_gamma2p0_g0p25_T200,product,48,0.25,10.0,left,9,0.7648084028012037
L48_gamma2p0_g0p25_T200,product,48,0.25,10.0,left,10,0.9989678831390281
L48_gamma2p0_g0p25_T200,product,48,0.25,10.0,left,11,0.4876346149250236
L48_gamma2p0_g0p25_T200,product,48,0.25,10.0,left,12,0.98618464158802
L48_gamma2p0_g0p25_T200,product,48,0.25,10.0,left,13,0.48148929576483834
L48_gamma2p0_g0p25_T200,product,48,0.25,10.0,left,14,0.9821779318826607
L48_gamma2p0_g0p25_T200,product,48,0.25,10.0,left,15,0.2832180999880597
L48_gamma2p0_g0p25_T200,product,48,0.25,10.0,left,16,0.9567921629041033
L48_gamma2p0_g0p25_T200,product,48,0.25,10.0,left,17,0.1193457446943867
L48_gamma2p0_g0p25_T200,product,48,0.25,10.0,left,18,0.9411771525109421
L48_gamma2p0_g0p25_T200,product,48,0.25,10.0,left,19,0.0723536384864972
L48_gamma2p0_g0p25_T200,product,48,0.25,10.0,left,20,0.9370892852361807
L48_gamma2p0_g0p25_T200,product,48,0.25,10.0,left,21,0.06461387282312933
L48_gamma2p0_g0p25_T200,product,48,0.25,10.0,left,22,0.9364408022441207
L48_gamma2p0_g0p25_T200,product,48,0.25,10.0,left,23,0.0637098456714049
L48_gamma2p0_g0p25_T200,product,48,0.25,10.0,left,24,0.9362901543285951
L48_gamma2p0_g0p25_T200,product,48,0.25,10.0,left,25,0.06355919775587926
L48_gamma2p0_g0p25_T200,product,48,0.25,10.0,left,26,0.9353861271768706
L48_gamma2p0_g0p25_T200,product,48,0.25,10.0,left,27,0.06291071476381926
L48_gamma2p0_g0p25_T200,product,48,0.25,10.0,left,28,0.9276463615135028
L48_gamma2p0_g0p25_T200,product,48,0.25,10.0,left,29,0.058822847489057785
L48_gamma2p0_g0p25_T200,product,48,0.25,10.0,left,30,0.8806542553056134
L48_gamma2p0_g0p25_T200,product,48,0.25,10.0,left,31,0.043207837095896734
L48_gamma2p0_g0p25_T200,product,48,0.25,10.0,left,32,0.7167819000119404
L48_gamma2p0_g0p25_T200,product,48,0.25,10.0,left,33,0.017822068117339378
L48_gamma2p0_g0p25_T200,product,48,0.25,10.0,left,34,0.5185107042351618
L48_gamma2p0_g0p25_T200,product,48,0.25,10.0,left,35,0.01381535841198009
L48_gamma2p0_g0p25_T200,product,48,0.25,10.0,left,36,0.5123653850749764
L48_gamma2p0_g0p25_T200,product,48,0.25,10.0,left,37,0.0010321168609719142
L48_gamma2p0_g0p25_T200,product,48,0.25,10.0,left,38,0.23519159719879631
L48_gamma2p0_g0p25_T200,product,48,0.25,10.0,left,39,0.0006164275682606062
L48_gamma2p0_g0p25_T200,product,48,0.25,10.0,left,40,0.0396892925092715
L48_gamma2p0_g0p25_T200,product,48,0.25,10.0,left,41,0.00019808761858702056
L48_gamma2p0_g0p25_T200,product,48,0.25,10.0,left,42,0.003141480384279814
L48_gamma2p0_g0p25_T200,product,48,0.25,10.0,left,43,2.0186866734682214e-05
L48_gamma2p0_g0p25_T200,product,48,0.25,10.0,left,44,0.00013665732789312646
L48_gamma2p0_g0p25_T200,product,48,0.25,10.0,left,45,9.827876733366115e-07
L48_gamma2p0_g0p25_T200,product,48,0.25,10.0,left,46,3.551687021271879e-06
L48_gamma2p0_g0p25_T200,product,48,0.25,10.0,left,47,4.104085546487513e-08
L48_gamma2p0_g0p25_T250,product,48,0.25,12.5,charge_density_wave,0,0.982347280667783
L48_gamma2p0_g0p25_T250,product,48,0.25,12.5,charge_density_wave,1,0.06129575685813265
L48_gamma2p0_g0p25_T250,product,48,0.25,12.5,charge_density_wave,2,0.9365124242940976
L48_gamma2p0_g0p25_T250,product,48,0.25,12.5,charge_density_wave,3,0.06364747137963114
L48_gamma2p0_g0p25_T250,product,48,0.25,12.5,charge_density_wave,4,0.9363245619588503
L48_gamma2p0_g0p25_T250,product,48,0.25,12.5,charge_density_wave,5,0.06367727243415885
L48_gamma2p0_g0p25_T250,product,48,0.25,12.5,charge_density_wave,6,0.9363221279964755
L48_gamma2p0_g0p25_T250,product,48,0.25,12.5,charge_density_wave,7,0.06367789885130948
L48_gamma2p0_g0p25_T250,product,48,0.25,12.5,charge_density_wave,8,0.936322085376343
L48_gamma2p0_g0p25_T250,product,48,0.25,12.5,charge_density_wave,9,0.06367791497576963
L48_gamma2p0_g0p25_T250,product,48,0.25,12.5,charge_density_wave,10,0.9363220845569001
L48_gamma2p0_g0p25_T250,product,48,0.25,12.5,charge_density_wave,11,0.06367791544314741
L48_gamma2p0_g0p25_T250,product,48,0.25,12.5,charge_density_wave,12,0.9363220845417831
L48_gamma2p0_g0p25_T250,product,48,0.25,12.5,charge_density_wave,13,0.06367791545789626
L48_gamma2p0_g0p25_T250,product,48,0.25,12.5,charge_density_wave,14,0.9363220845415838
L48_gamma2p0_g0p25_T250,product,48,0.25,12.5,charge_density_wave,15,0.06367791545839474
L48_gamma2p0_g0p25_T250,product,48,0.25,12.5,charge_density_wave,16,0.9363220845415864
L48_gamma2p0_g0p25_T250,product,48,0.25,12.5,charge_density_wave,17,0.06367791545841262
L48_gamma2p0_g0p25_T250,product,48,0.25,12.5,charge_density_wave,18,0.9363220845415867
L48_gamma2p0_g0p25_T250,product,48,0.25,12.5,charge_density_wave,19,0.06367791545841328
L48_gamma2p0_g0p25_T250,product,48,0.25,12.5,charge_density_wave,20,0.9363220845415867
L48_gamma2p0_g0p25_T250,product,48,0.25,12.5,charge_density_wave,21,0.06367791545841331
L48_gamma2p0_g0p25_T250,product,48,0.25,12.5,charge_density_wave,22,0.9363220845415867
L48_gamma2p0_g0p25_T250,product,48,0.25,12.5,charge_density_wave,23,0.06367791545841331
L48_gamma2p0_g0p25_T250,product,48,0.25,12.5,charge_density_wave,24,0.9363220845415867
L48_gamma2p0_g0p25_T250,product,48,0.25,12.5,charge_density_wave,25,0.06367791545841331
L48_gamma2p0_g0p25_T250,product,48,0.25,12.5,charge_density_wave,26,0.9363220845415867
L48_gamma2p0_g0p25_T250,product,48,0.25,12.5,charge_density_wave,27,0.06367791545841331
L48_gamma2p0_g0p25_T250,product,48,0.25,12.5,charge_density_wave,28,0.9363220845415866
L48_gamma2p0_g0p25_T250,product,48,0.25,12.5,charge_density_wave,29,0.06367791545841334
L48_gamma2p0_g0p25_T250,product,48,0.25,12.5,charge_density_wave,30,0.9363220845415874
L48_gamma2p0_g0p25_T250,product,48,0.25,12.5,charge_density_wave,31,0.06367791545841374
L48_gamma2p0_g0p25_T250,product,48,0.25,12.5,charge_density_wave,32,0.9363220845416054
L48_gamma2p0_g0p25_T250,product,48,0.25,12.5,charge_density_wave,33,0.06367791545841621
L48_gamma2p0_g0p25_T250,product,48,0.25,12.5,charge_density_wave,34,0.9363220845421039
L48_gamma2p0_g0p25_T250,product,48,0.25,12.5,charge_density_wave,35,0.06367791545821685
L48_gamma2p0_g0p25_T250,product,48,0.25,12.5,charge_density_wave,36,0.9363220845568526
L48_gamma2p0_g0p25_T250,product,48,0.25,12.5,charge_density_wave,37,0.06367791544309985
L48_gamma2p0_g0p25_T250,product,48,0.25,12.5,charge_density_wave,38,0.9363220850242303
L48_gamma2p0_g0p25_T250,product,48,0.25,12.5,charge_density_wave,39,0.06367791462365699
L48_gamma2p0_g0p25_T250,product,48,0.25,12.5,charge_density_wave,40,0.9363221011486905
L48_gamma2p0_g0p25_T250,product,48,0.25,12.5,charge_density_wave,41,0.0636778720035244
L48_gamma2p0_g0p25_T250,product,48,0.25,12.5,charge_density_wave,42,0.9363227275658411
L48_gamma2p0_g0p25_T250,product,48,0.25,12.5,charge_density_wave,43,0.06367543804114968
L48_gamma2p0_g0p25_T250,product,48,0.25,12.5,charge_density_wave,44,0.9363525286203689
L48_gamma2p0_g0p25_T250,product,48,0.25,12.5,charge_density_wave,45,0.0634875757059025
L48_gamma2p0_g0p25_T250,product,48,0.25,12.5,charge_density_wave,46,0.9387042431418673
L48_gamma2p0_g0p25_T250,product,48,0.25,12.5,charge_density_wave,47,0.017652719332216783
L48_gamma2p0_g0p25_T250,product,48,0.25,12.5,left,0,0.9998940594506787
L48_gamma2p0_g0p25_T250,product,48,0.25,12.5,left,1,0.9925818738021266
L48_gamma2p0_g0p25_T250,product,48,0.25,12.5,left,2,0.9997547168324851
L48_gamma2p0_g0p25_T250,product,48,0.25,12.5,left,3,0.9347324205640335
L48_gamma2p0_g0p25_T250,product,48,0.25,12.5,left,4,0.9996129408469288
L48_gamma2p0_g0p25_T250,product,48,0.25,12.5,left,5,0.7379558737864108
L48_gamma2p0_g0p25_T250,product,48,0.25,12.5,left,6,0.9980851959945078
L48_gamma2p0_g0p25_T250,product,48,0.25,12.5,left,7,0.552819317463301
L48_gamma2p0_g0p25_T250,product,48,0.25,12.5,left,8,0.9886029435706021
L48_gamma2p0_g0p25_T250,product,48,0.25,12.5,left,9,0.48373313434330273
L48_gamma2p0_g0p25_T250,product,48,0.25,12.5,left,10,0.9844721203871036
L48_gamma2p0_g0p25_T250,product,48,0.25,12.5,left,11,0.3908845490819871
L48_gamma2p0_g0p25_T250,product,48,0.25,12.5,left,12,0.9731441723368447
L48_gamma2p0_g0p25_T250,product,48,0.25,12.5,left,13,0.2562197227196068
L48_gamma2p0_g0p25_T250,product,48,0.25,12.5,left,14,0.9559185415157163
L48_gamma2p0_g0p25_T250,product,48,0.25,12.5,left,15,0.13484716652185286
L48_gamma2p0_g0p25_T250,product,48,0.25,12.5,left,16,0.9429885042663206
L48_gamma2p0_g0p25_T250,product,48,0.25,12.5,left,17,0.08077292574828028
L48_gamma2p0_g0p25_T250,product,48,0.25,12.5,left,18,0.9378606483314134
L48_gamma2p0_g0p25_T250,product,48,0.25,12.5,left,19,0.06658532221418975
L48_gamma2p0_g0p25_T250,product,48,0.25,12.5,left,20,0.9365996186637121
L48_gamma2p0_g0p25_T250,product,48,0.25,12.5,left,21,0.06403426592867742
L48_gamma2p0_g0p25_T250,product,48,0.25,12.5,left,22,0.9363817130772727
L48_gamma2p0_g0p25_T250,product,48,0.25,12.5,left,23,0.06368320393014933
L48_gamma2p0_g0p25_T250,product,48,0.25,12.5,left,24,0.9363167960698506
L48_gamma2p0_g0p25_T250,product,48,0.25,12.5,left,25,0.06361828692272724
L48_gamma2p0_g0p25_T250,product,48,0.25,12.5,left,26,0.9359657340713226
L48_gamma2p0_g0p25_T250,product,48,0.25,12.5,left,27,0.06340038133628786
L48_gamma2p0_g0p25_T250,product,48,0.25,12.5,left,28,0.9334146777858102
L48_gamma2p0_g0p25_T250,product,48,0.25,12.5,left,29,0.062139351668586536
L48_gamma2p0_g0p25_T250,product,48,0.25,12.5,left,30,0.9192270742517197
L48_gamma2p0_g0p25_T250,product,48,0.25,12.5,left,31,0.057011495733679404
L48_gamma2p0_g0p25_T250,product,48,0.25,12.5,left,32,0.8651528334781471
L48_gamma2p0_g0p25_T250,product,48,0.25,12.5,left,33,0.04408145848428374
L48_gamma2p0_g0p25_T250,product,48,0.25,12.5,left,34,0.7437802772803932
L48_gamma2p0_g0p25_T250,product,48,0.25,12.5,left,35,0.026855827663155335
L48_gamma2p0_g0p25_T250,product,48,0.25,12.5,left,36,0.6091154509180129
L48_gamma2p0_g0p25_T250,product,48,0.25,12.5,left,37,0.015527879612896424
L48_gamma2p0_g0p25_T250,product,48,0.25,12.5,left,38,0.5162668656566972
L48_gamma2p0_g0p25_T250,product,48,0.25,12.5,left,39,0.011397056429397753
L48_gamma2p0_g0p25_T250,product,48,0.25,12.5,left,40,0.44718068253669896
L48_gamma2p0_g0p25_T250,product,48,0.25,12.5,left,41,0.0019148040054920764
L48_gamma2p0_g0p25_T250,product,48,0.25,12.5,left,42,0.26204412621358925
L48_gamma2p0_g0p25_T250,product,48,0.25,12.5,left,43,0.0003870591530712067
L48_gamma2p0_g0p25_T250,product,48,0.25,12.5,left,44,0.06526757943596664
L48_gamma2p0_g0p25_T250,product,48,0.25,12.5,left,45,0.0002452831675150002
L48_gamma2p0_g0p25_T250,product,48,0.25,12.5,left,46,0.007418126197873501
L48_gamma2p0_g0p25_T250,product,48,0.25,12.5,left,47,0.00010594054932124881
L48_gamma2p0_g0p25_T300,product,48,0.25,15.0,charge_density_wave,0,0.9823472806677832
L48_gamma2p0_g0p25_T300,product,48,0.25,15.0,charge_density_wave,1,0.06129575685813267
L48_gamma2p0_g0p25_T300,product,48,0.25,15.0,charge_density_wave,2,0.9365124242940974
L48_gamma2p0_g0p25_T300,product,48,0.25,15.0,charge_density_wave,3,0.0636474713796312
L48_gamma2p0_g0p25_T300,product,48,0.25,15.0,charge_density_wave,4,0.9363245619588503
L48_gamma2p0_g0p25_T300,product,48,0.25,15.0,charge_density_wave,5,0.06367727243415894
L48_gamma2p0_g0p25_T300,product,48,0.25,15.0,charge_density_wave,6,0.9363221279964755
L48_gamma2p0_g0p25_T300,product,48,0.25,15.0,charge_density_wave,7,0.06367789885130959
L48_gamma2p0_g0p25_T300,product,48,0.25,15.0,charge_density_wave,8,0.936322085376343
L48_gamma2p0_g0p25_T300,product,48,0.25,15.0,charge_density_wave,9,0.06367791497576973
L48_gamma2p0_g0p25_T300,product,48,0.25,15.0,charge_density_wave,10,0.9363220845569
L48_gamma2p0_g0p25_T300,product,48,0.25,15.0,charge_density_wave,11,0.0636779154431475
L48_gamma2p0_g0p25_T300,product,48,0.25,15.0,charge_density_wave,12,0.936322084541783
L48_gamma2p0_g0p25_T300,product,48,0.25,15.0,charge_density_wave,13,0.06367791545789638
L48_gamma2p0_g0p25_T300,product,48,0.25,15.0,charge_density_wave,14,0.9363220845415836
L48_gamma2p0_g0p25_T300,product,48,0.25,15.0,charge_density_wave,15,0.06367791545839484
L48_gamma2p0_g0p25_T300,product,48,0.25,15.0,charge_density_wave,16,0.9363220845415863
L48_gamma2p0_g0p25_T300,product,48,0.25,15.0,charge_density_wave,17,0.0636779154584127
L48_gamma2p0_g0p25_T300,product,48,0.25,15.0,charge_density_wave,18,0.9363220845415865
L48_gamma2p0_g0p25_T300,product,48,0.25,15.0,charge_density_wave,19,0.06367791545841338
L48_gamma2p0_g0p25_T300,product,48,0.25,15.0,charge_density_wave,20,0.9363220845415865
L48_gamma2p0_g0p25_T300,product,48,0.25,15.0,charge_density_wave,21,0.06367791545841342
L48_gamma2p0_g0p25_T300,product,48,0.25,15.0,charge_density_wave,22,0.9363220845415866
L48_gamma2p0_g0p25_T300,product,48,0.25,15.0,charge_density_wave,23,0.06367791545841342
L48_gamma2p0_g0p25_T300,product,48,0.25,15.0,charge_density_wave,24,0.9363220845415865
L48_gamma2p0_g0p25_T300,product,48,0.25,15.0,charge_density_wave,25,0.06367791545841342
L48_gamma2p0_g0p25_T300,product,48,0.25,15.0,charge_density_wave,26,0.9363220845415867
L48_gamma2p0_g0p25_T300,product,48,0.25,15.0,charge_density_wave,27,0.06367791545841342
L48_gamma2p0_g0p25_T300,product,48,0.25,15.0,charge_density_wave,28,0.9363220845415866
L48_gamma2p0_g0p25_T300,product,48,0.25,15.0,charge_density_wave,29,0.06367791545841345
L48_gamma2p0_g0p25_T300,product,48,0.25,15.0,charge_density_wave,30,0.9363220845415872
L48_gamma2p0_g0p25_T300,product,48,0.25,15.0,charge_density_wave,31,0.06367791545841384
L48_gamma2p0_g0p25_T300,product,48,0.25,15.0,charge_density_wave,32,0.9363220845416051
L48_gamma2p0_g0p25_T300,product,48,0.25,15.0,charge_density_wave,33,0.0636779154584163
L48_gamma2p0_g0p25_T300,product,48,0.25,15.0,charge_density_wave,34,0.9363220845421036
L48_gamma2p0_g0p25_T300,product,48,0.25,15.0,charge_density_wave,35,0.06367791545821697
L48_gamma2p0_g0p25_T300,product,48,0.25,15.0,charge_density_wave,36,0.9363220845568525
L48_gamma2p0_g0p25_T300,product,48,0.25,15.0,charge_density_wave,37,0.06367791544309995
L48_gamma2p0_g0p25_T300,product,48,0.25,15.0,charge_density_wave,38,0.9363220850242303
L48_gamma2p0_g0p25_T300,product,48,0.25,15.0,charge_density_wave,39,0.06367791462365709
L48_gamma2p0_g0p25_T300,product,48,0.25,15.0,charge_density_wave,40,0.9363221011486904
L48_gamma2p0_g0p25_T300,product,48,0.25,15.0,charge_density_wave,41,0.06367787200352447
L48_gamma2p0_g0p25_T300,product,48,0.25,15.0,charge_density_wave,42,0.9363227275658411
L48_gamma2p0_g0p25_T300,product,48,0.25,15.0,charge_density_wave,43,0.06367543804114975
L48_gamma2p0_g0p25_T300,product,48,0.25,15.0,charge_density_wave,44,0.9363525286203688
L48_gamma2p0_g0p25_T300,product,48,0.25,15.0,charge_density_wave,45,0.06348757570590251
L48_gamma2p0_g0p25_T300,product,48,0.25,15.0,charge_density_wave,46,0.9387042431418674
L48_gamma2p0_g0p25_T300,product,48,0.25,15.0,charge_density_wave,47,0.01765271933221679
L48_gamma2p0_g0p25_T300,product,48,0.25,15.0,left,0,0.9968692021177213
L48_gamma2p0_g0p25_T300,product,48,0.25,15.0,left,1,0.8059172310967018
L48_gamma2p0_g0p25_T300,product,48,0.25,15.0,left,2,0.9994674573610052
L48_gamma2p0_g0p25_T300,product,48,0.25,15.0,left,3,0.5390224444946052
L48_gamma2p0_g0p25_T300,product,48,0.25,15.0,left,4,0.991785013894164
L48_gamma2p0_g0p25_T300,product,48,0.25,15.0,left,5,0.5538397095567257
L48_gamma2p0_g0p25_T300,product,48,0.25,15.0,left,6,0.9861125223959112
L48_gamma2p0_g0p25_T300,product,48,0.25,15.0,left,7,0.40459226762887507
L48_gamma2p0_g0p25_T300,product,48,0.25,15.0,left,8,0.9805133853267131
L48_gamma2p0_g0p25_T300,product,48,0.25,15.0,left,9,0.40885743333872027
L48_gamma2p0_g0p25_T300,product,48,0.25,15.0,left,10,0.9768910538780685
L48_gamma2p0_g0p25_T300,product,48,0.25,15.0,left,11,0.27680661043895016
L48_gamma2p0_g0p25_T300,product,48,0.25,15.0,left,12,0.9579857002401855
L48_gamma2p0_g0p25_T300,product,48,0.25,15.0,left,13,0.13874341588661632
L48_gamma2p0_g0p25_T300,product,48,0.25,15.0,left,14,0.943347974768364
L48_gamma2p0_g0p25_T300,product,48,0.25,15.0,left,15,0.08116171764131319
L48_gamma2p0_g0p25_T300,product,48,0.25,15.0,left,16,0.9378889786565423
L48_gamma2p0_g0p25_T300,product,48,0.25,15.0,left,17,0.06667818515848206
L48_gamma2p0_g0p25_T300,product,48,0.25,15.0,left,18,0.936587259147958
L48_gamma2p0_g0p25_T300,product,48,0.25,15.0,left,19,0.06408339340992293
L48_gamma2p0_g0p25_T300,product,48,0.25,15.0,left,20,0.9363611491845654
L48_gamma2p0_g0p25_T300,product,48,0.25,15.0,left,21,0.06371981011347891
L48_gamma2p0_g0p25_T300,product,48,0.25,15.0,left,22,0.9363303622358559
L48_gamma2p0_g0p25_T300,product,48,0.25,15.0,left,23,0.06367708456502481
L48_gamma2p0_g0p25_T300,product,48,0.25,15.0,left,24,0.9363229154349751
L48_gamma2p0_g0p25_T300,product,48,0.25,15.0,left,25,0.06366963776414403
L48_gamma2p0_g0p25_T300,product,48,0.25,15.0,left,26,0.9362801898865211
L48_gamma2p0_g0p25_T300,product,48,0.25,15.0,left,27,0.06363885081543467
L48_gamma2p0_g0p25_T300,product,48,0.25,15.0,left,28,0.9359166065900771
L48_gamma2p0_g0p25_T300,product,48,0.25,15.0,left,29,0.0634127408520419
L48_gamma2p0_g0p25_T300,product,48,0.25,15.0,left,30,0.9333218148415179
L48_gamma2p0_g0p25_T300,product,48,0.25,15.0,left,31,0.06211102134345768
L48_gamma2p0_g0p25_T300,product,48,0.25,15.0,left,32,0.9188382823586869
L48_gamma2p0_g0p25_T300,product,48,0.25,15.0,left,33,0.05665202523163617
L48_gamma2p0_g0p25_T300,product,48,0.25,15.0,left,34,0.8612565841133836
L48_gamma2p0_g0p25_T300,product,48,0.25,15.0,left,35,0.042014299759814515
L48_gamma2p0_g0p25_T300,product,48,0.25,15.0,left,36,0.7231933895610498
L48_gamma2p0_g0p25_T300,product,48,0.25,15.0,left,37,0.02310894612193163
L48_gamma2p0_g0p25_T300,product,48,0.25,15.0,left,38,0.5911425666612797
L48_gamma2p0_g0p25_T300,product,48,0.25,15.0,left,39,0.019486614673286835
L48_gamma2p0_g0p25_T300,product,48,0.25,15.0,left,40,0.5954077323711249
L48_gamma2p0_g0p25_T300,product,48,0.25,15.0,left,41,0.013887477604088788
L48_gamma2p0_g0p25_T300,product,48,0.25,15.0,left,42,0.4461602904432744
L48_gamma2p0_g0p25_T300,product,48,0.25,15.0,left,43,0.008214986105836
L48_gamma2p0_g0p25_T300,product,48,0.25,15.0,left,44,0.46097755550539493
L48_gamma2p0_g0p25_T300,product,48,0.25,15.0,left,45,0.0005325426389946931
L48_gamma2p0_g0p25_T300,product,48,0.25,15.0,left,46,0.19408276890329826
L48_gamma2p0_g0p25_T300,product,48,0.25,15.0,left,47,0.003130797882278741
L48_gamma2p0_g0p25_T350,product,48,0.25,17.5,charge_density_wave,0,0.9823472806677832
L48_gamma2p0_g0p25_T350,product,48,0.25,17.5,charge_density_wave,1,0.06129575685813267
L48_gamma2p0_g0p25_T350,product,48,0.25,17.5,charge_density_wave,2,0.9365124242940974
L48_gamma2p0_g0p25_T350,product,48,0.25,17.5,charge_density_wave,3,0.0636474713796312
L48_gamma2p0_g0p25_T350,product,48,0.25,17.5,charge_density_wave,4,0.9363245619588502
L48_gamma2p0_g0p25_T350,product,48,0.25,17.5,charge_density_wave,5,0.06367727243415894
L48_gamma2p0_g0p25_T350,product,48,0.25,17.5,charge_density_wave,6,0.9363221279964754
L48_gamma2p0_g0p25_T350,product,48,0.25,17.5,charge_density_wave,7,0.06367789885130959
L48_gamma2p0_g0p25_T350,product,48,0.25,17.5,charge_density_wave,8,0.936322085376343
L48_gamma2p0_g0p25_T350,product,48,0.25,17.5,charge_density_wave,9,0.06367791497576972
L48_gamma2p0_g0p25_T350,product,48,0.25,17.5,charge_density_wave,10,0.9363220845569
L48_gamma2p0_g0p25_T350,product,48,0.25,17.5,charge_density_wave,11,0.0636779154431475
L48_gamma2p0_g0p25_T350,product,48,0.25,17.5,charge_density_wave,12,0.936322084541783
L48_gamma2p0_g0p25_T350,product,48,0.25,17.5,charge_density_wave,13,0.06367791545789636
L48_gamma2p0_g0p25_T350,product,48,0.25,17.5,charge_density_wave,14,0.9363220845415837
L48_gamma2p0_g0p25_T350,product,48,0.25,17.5,charge_density_wave,15,0.06367791545839484
L48_gamma2p0_g0p25_T350,product,48,0.25,17.5,charge_density_wave,16,0.936322084541586
L48_gamma2p0_g0p25_T350,product,48,0.25,17.5,charge_density_wave,17,0.06367791545841271
L48_gamma2p0_g0p25_T350,product,48,0.25,17.5,charge_density_wave,18,0.9363220845415865
L48_gamma2p0_g0p25_T350,product,48,0.25,17.5,charge_density_wave,19,0.06367791545841339
L48_gamma2p0_g0p25_T350,product,48,0.25,17.5,charge_density_wave,20,0.9363220845415867
L48_gamma2p0_g0p25_T350,product,48,0.25,17.5,charge_density_wave,21,0.0636779154584134
L48_gamma2p0_g0p25_T350,product,48,0.25,17.5,charge_density_wave,22,0.9363220845415866
L48_gamma2p0_g0p25_T350,product,48,0.25,17.5,charge_density_wave,23,0.06367791545841342
L48_gamma2p0_g0p25_T350,product,48,0.25,17.5,charge_density_wave,24,0.9363220845415866
L48_gamma2p0_g0p25_T350,product,48,0.25,17.5,charge_density_wave,25,0.06367791545841342
L48_gamma2p0_g0p25_T350,product,48,0.25,17.5,charge_density_wave,26,0.9363220845415866
L48_gamma2p0_g0p25_T350,product,48,0.25,17.5,charge_density_wave,27,0.06367791545841342
L48_gamma2p0_g0p25_T350,product,48,0.25,17.5,charge_density_wave,28,0.9363220845415866
L48_gamma2p0_g0p25_T350,product,48,0.25,17.5,charge_density_wave,29,0.06367791545841345
L48_gamma2p0_g0p25_T350,product,48,0.25,17.5,charge_density_wave,30,0.9363220845415872
L48_gamma2p0_g0p25_T350,product,48,0.25,17.5,charge_density_wave,31,0.06367791545841384
L48_gamma2p0_g0p25_T350,product,48,0.25,17.5,charge_density_wave,32,0.9363220845416051
L48_gamma2p0_g0p25_T350,product,48,0.25,17.5,charge_density_wave,33,0.0636779154584163
L48_gamma2p0_g0p25_T350,product,48,0.25,17.5,charge_density_wave,34,0.9363220845421036
L48_gamma2p0_g0p25_T350,product,48,0.25,17.5,charge_density_wave,35,0.06367791545821697
L48_gamma2p0_g0p25_T350,product,48,0.25,17.5,charge_density_wave,36,0.9363220845568524
L48_gamma2p0_g0p25_T350,product,48,0.25,17.5,charge_density_wave,37,0.06367791544309995
L48_gamma2p0_g0p25_T350,product,48,0.25,17.5,charge_density_wave,38,0.9363220850242303
L48_gamma2p0_g0p25_T350,product,48,0.25,17.5,charge_density_wave,39,0.06367791462365709
L48_gamma2p0_g0p25_T350,product,48,0.25,17.5,charge_density_wave,40,0.9363221011486904
L48_gamma2p0_g0p25_T350,product,48,0.25,17.5,charge_density_wave,41,0.06367787200352448
L48_gamma2p0_g0p25_T350,product,48,0.25,17.5,charge_density_wave,42,0.936322727565841
L48_gamma2p0_g0p25_T350,product,48,0.25,17.5,charge_density_wave,43,0.06367543804114977
L48_gamma2p0_g0p25_T350,product,48,0.25,17.5,charge_density_wave,44,0.9363525286203688
L48_gamma2p0_g0p25_T350,product,48,0.25,17.5,charge_density_wave,45,0.06348757570590252
L48_gamma2p0_g0p25_T350,product,48,0.25,17.5,charge_density_wave,46,0.9387042431418673
L48_gamma2p0_g0p25_T350,product,48,0.25,17.5,charge_density_wave,47,0.01765271933221679
L48_gamma2p0_g0p25_T350,product,48,0.25,17.5,left,0,0.9893875072014547
L48_gamma2p0_g0p25_T350,product,48,0.25,17.5,left,1,0.3943286507484352
L48_gamma2p0_g0p25_T350,product,48,0.25,17.5,left,2,0.9863116170583233
L48_gamma2p0_g0p25_T350,product,48,0.25,17.5,left,3,0.49735133297601775
L48_gamma2p0_g0p25_T350,product,48,0.25,17.5,left,4,0.9818280463455196
L48_gamma2p0_g0p25_T350,product,48,0.25,17.5,left,5,0.3499486357707321
L48_gamma2p0_g0p25_T350,product,48,0.25,17.5,left,6,0.9752813213672247
L48_gamma2p0_g0p25_T350,product,48,0.25,17.5,left,7,0.3831100941824709
L48_gamma2p0_g0p25_T350,product,48,0.25,17.5,left,8,0.976896062802812
L48_gamma2p0_g0p25_T350,product,48,0.25,17.5,left,9,0.3061320370527312
L48_gamma2p0_g0p25_T350,product,48,0.25,17.5,left,10,0.9626544659323796
L48_gamma2p0_g0p25_T350,product,48,0.25,17.5,left,11,0.17120512557243597
L48_gamma2p0_g0p25_T350,product,48,0.25,17.5,left,12,0.9469205247004577
L48_gamma2p0_g0p25_T350,product,48,0.25,17.5,left,13,0.09532809891953917
L48_gamma2p0_g0p25_T350,product,48,0.25,17.5,left,14,0.9392689257141126
L48_gamma2p0_g0p25_T350,product,48,0.25,17.5,left,15,0.07051229735922801
L48_gamma2p0_g0p25_T350,product,48,0.25,17.5,left,16,0.9369375104025826
L48_gamma2p0_g0p25_T350,product,48,0.25,17.5,left,17,0.06483717152661447
L48_gamma2p0_g0p25_T350,product,48,0.25,17.5,left,18,0.9364248245449276
L48_gamma2p0_g0p25_T350,product,48,0.25,17.5,left,19,0.06383967255379978
L48_gamma2p0_g0p25_T350,product,48,0.25,17.5,left,20,0.9363368075649554
L48_gamma2p0_g0p25_T350,product,48,0.25,17.5,left,21,0.06369663933994486
L48_gamma2p0_g0p25_T350,product,48,0.25,17.5,left,22,0.9363242765622238
L48_gamma2p0_g0p25_T350,product,48,0.25,17.5,left,23,0.06367903998861987
L48_gamma2p0_g0p25_T350,product,48,0.25,17.5,left,24,0.9363209600113803
L48_gamma2p0_g0p25_T350,product,48,0.25,17.5,left,25,0.06367572343777615
L48_gamma2p0_g0p25_T350,product,48,0.25,17.5,left,26,0.9363033606600552
L48_gamma2p0_g0p25_T350,product,48,0.25,17.5,left,27,0.06366319243504451
L48_gamma2p0_g0p25_T350,product,48,0.25,17.5,left,28,0.9361603274462003
L48_gamma2p0_g0p25_T350,product,48,0.25,17.5,left,29,0.06357517545507238
L48_gamma2p0_g0p25_T350,product,48,0.25,17.5,left,30,0.9351628284733855
L48_gamma2p0_g0p25_T350,product,48,0.25,17.5,left,31,0.06306248959741748
L48_gamma2p0_g0p25_T350,product,48,0.25,17.5,left,32,0.9294877026407721
L48_gamma2p0_g0p25_T350,product,48,0.25,17.5,left,33,0.06073107428588755
L48_gamma2p0_g0p25_T350,product,48,0.25,17.5,left,34,0.9046719010804609
L48_gamma2p0_g0p25_T350,product,48,0.25,17.5,left,35,0.053079475299542135
L48_gamma2p0_g0p25_T350,product,48,0.25,17.5,left,36,0.8287948744275639
L48_gamma2p0_g0p25_T350,product,48,0.25,17.5,left,37,0.03734553406762052
L48_gamma2p0_g0p25_T350,product,48,0.25,17.5,left,38,0.6938679629472688
L48_gamma2p0_g0p25_T350,product,48,0.25,17.5,left,39,0.023103937197187892
L48_gamma2p0_g0p25_T350,product,48,0.25,17.5,left,40,0.6168899058175292
L48_gamma2p0_g0p25_T350,product,48,0.25,17.5,left,41,0.024718678632775527
L48_gamma2p0_g0p25_T350,product,48,0.25,17.5,left,42,0.6500513642292679
L48_gamma2p0_g0p25_T350,product,48,0.25,17.5,left,43,0.018171953654480374
L48_gamma2p0_g0p25_T350,product,48,0.25,17.5,left,44,0.5026486670239823
L48_gamma2p0_g0p25_T350,product,48,0.25,17.5,left,45,0.013688382941676796
L48_gamma2p0_g0p25_T350,product,48,0.25,17.5,left,46,0.6056713492515647
L48_gamma2p0_g0p25_T350,product,48,0.25,17.5,left,47,0.010612492798545389
L48_gamma2p0_g0p25_T400,product,48,0.25,20.0,charge_density_wave,0,0.9823472806677833
L48_gamma2p0_g0p25_T400,product,48,0.25,20.0,charge_density_wave,1,0.06129575685813267
L48_gamma2p0_g0p25_T400,product,48,0.25,20.0,charge_density_wave,2,0.9365124242940974
L48_gamma2p0_g0p25_T400,product,48,0.25,20.0,charge_density_wave,3,0.0636474713796312
L48_gamma2p0_g0p25_T400,product,48,0.25,20.0,charge_density_wave,4,0.9363245619588502
L48_gamma2p0_g0p25_T400,product,48,0.25,20.0,charge_density_wave,5,0.06367727243415894
L48_gamma2p0_g0p25_T400,product,48,0.25,20.0,charge_density_wave,6,0.9363221279964754
L48_gamma2p0_g0p25_T400,product,48,0.25,20.0,charge_density_wave,7,0.06367789885130959
L48_gamma2p0_g0p25_T400,product,48,0.25,20.0,charge_density_wave,8,0.9363220853763429
L48_gamma2p0_g0p25_T400,product,48,0.25,20.0,charge_density_wave,9,0.06367791497576972
L48_gamma2p0_g0p25_T400,product,48,0.25,20.0,charge_density_wave,10,0.9363220845569
L48_gamma2p0_g0p25_T400,product,48,0.25,20.0,charge_density_wave,11,0.06367791544314752
L48_gamma2p0_g0p25_T400,product,48,0.25,20.0,charge_density_wave,12,0.936322084541783
L48_gamma2p0_g0p25_T400,product,48,0.25,20.0,charge_density_wave,13,0.06367791545789636
L48_gamma2p0_g0p25_T400,product,48,0.25,20.0,charge_density_wave,14,0.9363220845415836
L48_gamma2p0_g0p25_T400,product,48,0.25,20.0,charge_density_wave,15,0.06367791545839484
L48_gamma2p0_g0p25_T400,product,48,0.25,20.0,charge_density_wave,16,0.9363220845415862
L48_gamma2p0_g0p25_T400,product,48,0.25,20.0,charge_density_wave,17,0.0636779154584127
L48_gamma2p0_g0p25_T400,product,48,0.25,20.0,charge_density_wave,18,0.9363220845415865
L48_gamma2p0_g0p25_T400,product,48,0.25,20.0,charge_density_wave,19,0.06367791545841339
L48_gamma2p0_g0p25_T400,product,48,0.25,20.0,charge_density_wave,20,0.9363220845415866
L48_gamma2p0_g0p25_T400,product,48,0.25,20.0,charge_density_wave,21,0.0636779154584134
L48_gamma2p0_g0p25_T400,product,48,0.25,20.0,charge_density_wave,22,0.9363220845415865
L48_gamma2p0_g0p25_T400,product,48,0.25,20.0,charge_density_wave,23,0.06367791545841342
L48_gamma2p0_g0p25_T400,product,48,0.25,20.0,charge_density_wave,24,0.9363220845415866
L48_gamma2p0_g0p25_T400,product,48,0.25,20.0,charge_density_wave,25,0.0636779154584134
L48_gamma2p0_g0p25_T400,product,48,0.25,20.0,charge_density_wave,26,0.9363220845415865
L48_gamma2p0_g0p25_T400,product,48,0.25,20.0,charge_density_wave,27,0.06367791545841342
L48_gamma2p0_g0p25_T400,product,48,0.25,20.0,charge_density_wave,28,0.9363220845415865
L48_gamma2p0_g0p25_T400,product,48,0.25,20.0,charge_density_wave,29,0.06367791545841343
L48_gamma2p0_g0p25_T400,product,48,0.25,20.0,charge_density_wave,30,0.9363220845415872
L48_gamma2p0_g0p25_T400,product,48,0.25,20.0,charge_density_wave,31,0.06367791545841384
L48_gamma2p0_g0p25_T400,product,48,0.25,20.0,charge_density_wave,32,0.9363220845416051
L48_gamma2p0_g0p25_T400,product,48,0.25,20.0,charge_density_wave,33,0.0636779154584163
L48_gamma2p0_g0p25_T400,product,48,0.25,20.0,charge_density_wave,34,0.9363220845421036
L48_gamma2p0_g0p25_T400,product,48,0.25,20.0,charge_density_wave,35,0.06367791545821697
L48_gamma2p0_g0p25_T400,product,48,0.25,20.0,charge_density_wave,36,0.9363220845568525
L48_gamma2p0_g0p25_T400,product,48,0.25,20.0,charge_density_wave,37,0.06367791544309995
L48_gamma2p0_g0p25_T400,product,48,0.25,20.0,charge_density_wave,38,0.9363220850242304
L48_gamma2p0_g0p25_T400,product,48,0.25,20.0,charge_density_wave,39,0.06367791462365709
L48_gamma2p0_g0p25_T400,product,48,0.25,20.0,charge_density_wave,40,0.9363221011486904
L48_gamma2p0_g0p25_T400,product,48,0.25,20.0,charge_density_wave,41,0.06367787200352448
L48_gamma2p0_g0p25_T400,product,48,0.25,20.0,charge_density_wave,42,0.9363227275658411
L48_gamma2p0_g0p25_T400,product,48,0.25,20.0,charge_density_wave,43,0.06367543804114975
L48_gamma2p0_g0p25_T400,product,48,0.25,20.0,charge_density_wave,44,0.9363525286203689
L48_gamma2p0_g0p25_T400,product,48,0.25,20.0,charge_density_wave,45,0.06348757570590251
L48_gamma2p0_g0p25_T400,product,48,0.25,20.0,charge_density_wave,46,0.9387042431418673
L48_gamma2p0_g0p25_T400,product,48,0.25,20.0,charge_density_wave,47,0.01765271933221679
L48_gamma2p0_g0p25_T400,product,48,0.25,20.0,left,0,0.9841788093963422
L48_gamma2p0_g0p25_T400,product,48,0.25,20.0,left,1,0.14067505538143527
L48_gamma2p0_g0p25_T400,product,48,0.25,20.0,left,2,0.9562074882473188
L48_gamma2p0_g0p25_T400,product,48,0.25,20.0,left,3,0.30836824692666176
L48_gamma2p0_g0p25_T400,product,48,0.25,20.0,left,4,0.9734888733528708
L48_gamma2p0_g0p25_T400,product,48,0.25,20.0,left,5,0.33970281811753156
L48_gamma2p0_g0p25_T400,product,48,0.25,20.0,left,6,0.9700113266760464
L48_gamma2p0_g0p25_T400,product,48,0.25,20.0,left,7,0.23718124474452645
L48_gamma2p0_g0p25_T400,product,48,0.25,20.0,left,8,0.9550292164582009
L48_gamma2p0_g0p25_T400,product,48,0.25,20.0,left,9,0.13564015636852586
L48_gamma2p0_g0p25_T400,product,48,0.25,20.0,left,10,0.9435043823305628
L48_gamma2p0_g0p25_T400,product,48,0.25,20.0,left,11,0.08536027809810562
L48_gamma2p0_g0p25_T400,product,48,0.25,20.0,left,12,0.9383801195923082
L48_gamma2p0_g0p25_T400,product,48,0.25,20.0,left,13,0.0687367755914787
L48_gamma2p0_g0p25_T400,product,48,0.25,20.0,left,14,0.9367865808253183
L48_gamma2p0_g0p25_T400,product,48,0.25,20.0,left,15,0.06463499800305919
L48_gamma2p0_g0p25_T400,product,48,0.25,20.0,left,16,0.9364080933776565
L48_gamma2p0_g0p25_T400,product,48,0.25,20.0,left,17,0.06382992564810566
L48_gamma2p0_g0p25_T400,product,48,0.25,20.0,left,18,0.9363356164093065
L48_gamma2p0_g0p25_T400,product,48,0.25,20.0,left,19,0.0636986855942079
L48_gamma2p0_g0p25_T400,product,48,0.25,20.0,left,20,0.9363240026205999
L48_gamma2p0_g0p25_T400,product,48,0.25,20.0,left,21,0.06368033209205641
L48_gamma2p0_g0p25_T400,product,48,0.25,20.0,left,22,0.9363223848598101
L48_gamma2p0_g0p25_T400,product,48,0.25,20.0,left,23,0.06367805315512248
L48_gamma2p0_g0p25_T400,product,48,0.25,20.0,left,24,0.9363219468448774
L48_gamma2p0_g0p25_T400,product,48,0.25,20.0,left,25,0.06367761514018977
L48_gamma2p0_g0p25_T400,product,48,0.25,20.0,left,26,0.9363196679079435
L48_gamma2p0_g0p25_T400,product,48,0.25,20.0,left,27,0.0636759973794002
L48_gamma2p0_g0p25_T400,product,48,0.25,20.0,left,28,0.9363013144057921
L48_gamma2p0_g0p25_T400,product,48,0.25,20.0,left,29,0.06366438359069347
L48_gamma2p0_g0p25_T400,product,48,0.25,20.0,left,30,0.9361700743518943
L48_gamma2p0_g0p25_T400,product,48,0.25,20.0,left,31,0.06359190662234347
L48_gamma2p0_g0p25_T400,product,48,0.25,20.0,left,32,0.9353650019969408
L48_gamma2p0_g0p25_T400,product,48,0.25,20.0,left,33,0.0632134191746818
L48_gamma2p0_g0p25_T400,product,48,0.25,20.0,left,34,0.9312632244085213
L48_gamma2p0_g0p25_T400,product,48,0.25,20.0,left,35,0.06161988040769186
L48_gamma2p0_g0p25_T400,product,48,0.25,20.0,left,36,0.9146397219018945
L48_gamma2p0_g0p25_T400,product,48,0.25,20.0,left,37,0.05649561766943717
L48_gamma2p0_g0p25_T400,product,48,0.25,20.0,left,38,0.8643598436314741
L48_gamma2p0_g0p25_T400,product,48,0.25,20.0,left,39,0.044970783541798925
L48_gamma2p0_g0p25_T400,product,48,0.25,20.0,left,40,0.7628187552554735
L48_gamma2p0_g0p25_T400,product,48,0.25,20.0,left,41,0.029988673323953628
L48_gamma2p0_g0p25_T400,product,48,0.25,20.0,left,42,0.6602971818824684
L48_gamma2p0_g0p25_T400,product,48,0.25,20.0,left,43,0.026511126647129107
L48_gamma2p0_g0p25_T400,product,48,0.25,20.0,left,44,0.6916317530733382
L48_gamma2p0_g0p25_T400,product,48,0.25,20.0,left,45,0.04379251175268114
L48_gamma2p0_g0p25_T400,product,48,0.25,20.0,left,46,0.8593249446185648
L48_gamma2p0_g0p25_T400,product,48,0.25,20.0,left,47,0.015821190603657883
L48_gamma2p0_g0p25_T500,product,48,0.25,25.0,charge_density_wave,0,0.9823472806677831
L48_gamma2p0_g0p25_T500,product,48,0.25,25.0,charge_density_wave,1,0.061295756858132655
L48_gamma2p0_g0p25_T500,product,48,0.25,25.0,charge_density_wave,2,0.9365124242940974
L48_gamma2p0_g0p25_T500,product,48,0.25,25.0,charge_density_wave,3,0.0636474713796312
L48_gamma2p0_g0p25_T500,product,48,0.25,25.0,charge_density_wave,4,0.9363245619588503
L48_gamma2p0_g0p25_T500,product,48,0.25,25.0,charge_density_wave,5,0.06367727243415894
L48_gamma2p0_g0p25_T500,product,48,0.25,25.0,charge_density_wave,6,0.9363221279964755
L48_gamma2p0_g0p25_T500,product,48,0.25,25.0,charge_density_wave,7,0.06367789885130959
L48_gamma2p0_g0p25_T500,product,48,0.25,25.0,charge_density_wave,8,0.936322085376343
L48_gamma2p0_g0p25_T500,product,48,0.25,25.0,charge_density_wave,9,0.06367791497576973
L48_gamma2p0_g0p25_T500,product,48,0.25,25.0,charge_density_wave,10,0.9363220845569
L48_gamma2p0_g0p25_T500,product,48,0.25,25.0,charge_density_wave,11,0.0636779154431475
L48_gamma2p0_g0p25_T500,product,48,0.25,25.0,charge_density_wave,12,0.936322084541783
L48_gamma2p0_g0p25_T500,product,48,0.25,25.0,charge_density_wave,13,0.06367791545789636
L48_gamma2p0_g0p25_T500,product,48,0.25,25.0,charge_density_wave,14,0.9363220845415836
L48_gamma2p0_g0p25_T500,product,48,0.25,25.0,charge_density_wave,15,0.06367791545839484
L48_gamma2p0_g0p25_T500,product,48,0.25,25.0,charge_density_wave,16,0.9363220845415863
L48_gamma2p0_g0p25_T500,product,48,0.25,25.0,charge_density_wave,17,0.06367791545841271
L48_gamma2p0_g0p25_T500,product,48,0.25,25.0,charge_density_wave,18,0.9363220845415866
L48_gamma2p0_g0p25_T500,product,48,0.25,25.0,charge_density_wave,19,0.06367791545841339
L48_gamma2p0_g0p25_T500,product,48,0.25,25.0,charge_density_wave,20,0.9363220845415865
L48_gamma2p0_g0p25_T500,product,48,0.25,25.0,charge_density_wave,21,0.06367791545841342
L48_gamma2p0_g0p25_T500,product,48,0.25,25.0,charge_density_wave,22,0.9363220845415866
L48_gamma2p0_g0p25_T500,product,48,0.25,25.0,charge_density_wave,23,0.06367791545841342
L48_gamma2p0_g0p25_T500,product,48,0.25,25.0,charge_density_wave,24,0.9363220845415867
L48_gamma2p0_g0p25_T500,product,48,0.25,25.0,charge_density_wave,25,0.06367791545841342
L48_gamma2p0_g0p25_T500,product,48,0.25,25.0,charge_density_wave,26,0.9363220845415867
L48_gamma2p0_g0p25_T500,product,48,0.25,25.0,charge_density_wave,27,0.06367791545841342
L48_gamma2p0_g0p25_T500,product,48,0.25,25.0,charge_density_wave,28,0.9363220845415866
L48_gamma2p0_g0p25_T500,product,48,0.25,25.0,charge_density_wave,29,0.06367791545841343
L48_gamma2p0_g0p25_T500,product,48,0.25,25.0,charge_density_wave,30,0.9363220845415874
L48_gamma2p0_g0p25_T500,product,48,0.25,25.0,charge_density_wave,31,0.06367791545841384
L48_gamma2p0_g0p25_T500,product,48,0.25,25.0,charge_density_wave,32,0.9363220845416051
L48_gamma2p0_g0p25_T500,product,48,0.25,25.0,charge_density_wave,33,0.0636779154584163
L48_gamma2p0_g0p25_T500,product,48,0.25,25.0,charge_density_wave,34,0.9363220845421036
L48_gamma2p0_g0p25_T500,product,48,0.25,25.0,charge_density_wave,35,0.06367791545821697
L48_gamma2p0_g0p25_T500,product,48,0.25,25.0,charge_density_wave,36,0.9363220845568525
L48_gamma2p0_g0p25_T500,product,48,0.25,25.0,charge_density_wave,37,0.06367791544309995
L48_gamma2p0_g0p25_T500,product,48,0.25,25.0,charge_density_wave,38,0.9363220850242303
L48_gamma2p0_g0p25_T500,product,48,0.25,25.0,charge_density_wave,39,0.06367791462365709
L48_gamma2p0_g0p25_T500,product,48,0.25,25.0,charge_density_wave,40,0.9363221011486904
L48_gamma2p0_g0p25_T500,product,48,0.25,25.0,charge_density_wave,41,0.06367787200352448
L48_gamma2p0_g0p25_T500,product,48,0.25,25.0,charge_density_wave,42,0.936322727565841
L48_gamma2p0_g0p25_T500,product,48,0.25,25.0,charge_density_wave,43,0.06367543804114975
L48_gamma2p0_g0p25_T500,product,48,0.25,25.0,charge_density_wave,44,0.9363525286203687
L48_gamma2p0_g0p25_T500,product,48,0.25,25.0,charge_density_wave,45,0.06348757570590252
L48_gamma2p0_g0p25_T500,product,48,0.25,25.0,charge_density_wave,46,0.9387042431418673
L48_gamma2p0_g0p25_T500,product,48,0.25,25.0,charge_density_wave,47,0.01765271933221679
L48_gamma2p0_g0p25_T500,product,48,0.25,25.0,left,0,0.9823472806681114
L48_gamma2p0_g0p25_T500,product,48,0.25,25.0,left,1,0.061295756871728516
L48_gamma2p0_g0p25_T500,product,48,0.25,25.0,left,2,0.9365124242981314
L48_gamma2p0_g0p25_T500,product,48,0.25,25.0,left,3,0.06364747143313285
L48_gamma2p0_g0p25_T500,product,48,0.25,25.0,left,4,0.9363245619688529
L48_gamma2p0_g0p25_T500,product,48,0.25,25.0,left,5,0.0636772725186808
L48_gamma2p0_g0p25_T500,product,48,0.25,25.0,left,6,0.9363221280101488
L48_gamma2p0_g0p25_T500,product,48,0.25,25.0,left,7,0.06367789892849751
L48_gamma2p0_g0p25_T500,product,48,0.25,25.0,left,8,0.9363220853907926
L48_gamma2p0_g0p25_T500,product,48,0.25,25.0,left,9,0.06367791501833275
L48_gamma2p0_g0p25_T500,product,48,0.25,25.0,left,10,0.9363220845738376
L48_gamma2p0_g0p25_T500,product,48,0.25,25.0,left,11,0.06367791544679226
L48_gamma2p0_g0p25_T500,product,48,0.25,25.0,left,12,0.936322084567928
L48_gamma2p0_g0p25_T500,product,48,0.25,25.0,left,13,0.06367791542670338
L48_gamma2p0_g0p25_T500,product,48,0.25,25.0,left,14,0.9363220845859863
L48_gamma2p0_g0p25_T500,product,48,0.25,25.0,left,15,0.06367791539393916
L48_gamma2p0_g0p25_T500,product,48,0.25,25.0,left,16,0.9363220846125947
L48_gamma2p0_g0p25_T500,product,48,0.25,25.0,left,17,0.06367791536028891
L48_gamma2p0_g0p25_T500,product,48,0.25,25.0,left,18,0.9363220846439521
L48_gamma2p0_g0p25_T500,product,48,0.25,25.0,left,19,0.0636779153290185
L48_gamma2p0_g0p25_T500,product,48,0.25,25.0,left,20,0.9363220846739735
L48_gamma2p0_g0p25_T500,product,48,0.25,25.0,left,21,0.06367791530608649
L48_gamma2p0_g0p25_T500,product,48,0.25,25.0,left,22,0.9363220846955352
L48_gamma2p0_g0p25_T500,product,48,0.25,25.0,left,23,0.06367791529711393
L48_gamma2p0_g0p25_T500,product,48,0.25,25.0,left,24,0.936322084702886
L48_gamma2p0_g0p25_T500,product,48,0.25,25.0,left,25,0.0636779153044647
L48_gamma2p0_g0p25_T500,product,48,0.25,25.0,left,26,0.9363220846939134
L48_gamma2p0_g0p25_T500,product,48,0.25,25.0,left,27,0.06367791532602647
L48_gamma2p0_g0p25_T500,product,48,0.25,25.0,left,28,0.9363220846709814
L48_gamma2p0_g0p25_T500,product,48,0.25,25.0,left,29,0.06367791535604794
L48_gamma2p0_g0p25_T500,product,48,0.25,25.0,left,30,0.9363220846397111
L48_gamma2p0_g0p25_T500,product,48,0.25,25.0,left,31,0.06367791538740536
L48_gamma2p0_g0p25_T500,product,48,0.25,25.0,left,32,0.9363220846060608
L48_gamma2p0_g0p25_T500,product,48,0.25,25.0,left,33,0.06367791541401373
L48_gamma2p0_g0p25_T500,product,48,0.25,25.0,left,34,0.9363220845732966
L48_gamma2p0_g0p25_T500,product,48,0.25,25.0,left,35,0.06367791543207212
L48_gamma2p0_g0p25_T500,product,48,0.25,25.0,left,36,0.9363220845532078
L48_gamma2p0_g0p25_T500,product,48,0.25,25.0,left,37,0.06367791542616247
L48_gamma2p0_g0p25_T500,product,48,0.25,25.0,left,38,0.9363220849816672
L48_gamma2p0_g0p25_T500,product,48,0.25,25.0,left,39,0.06367791460920724
L48_gamma2p0_g0p25_T500,product,48,0.25,25.0,left,40,0.9363221010715024
L48_gamma2p0_g0p25_T500,product,48,0.25,25.0,left,41,0.0636778719898512
L48_gamma2p0_g0p25_T500,product,48,0.25,25.0,left,42,0.9363227274813192
L48_gamma2p0_g0p25_T500,product,48,0.25,25.0,left,43,0.06367543803114716
L48_gamma2p0_g0p25_T500,product,48,0.25,25.0,left,44,0.9363525285668671
L48_gamma2p0_g0p25_T500,product,48,0.25,25.0,left,45,0.06348757570186861
L48_gamma2p0_g0p25_T500,product,48,0.25,25.0,left,46,0.9387042431282715
L48_gamma2p0_g0p25_T500,product,48,0.25,25.0,left,47,0.017652719331888486
L16_gamma2p0_g0p0_T100,general,16,0.0,5.0,hermitian_ground,0,0.9828528438102578
L16_gamma2p0_g0p0_T100,general,16,0.0,5.0,hermitian_ground,1,0.08717199827560332
L16_gamma2p0_g0p0_T100,general,16,0.0,5.0,hermitian_ground,2,0.9113280941944747
L16_gamma2p0_g0p0_T100,general,16,0.0,5.0,hermitian_ground,3,0.0889411236089102
L16_gamma2p0_g0p0_T100,general,16,0.0,5.0,hermitian_ground,4,0.9110434901049164
L16_gamma2p0_g0p0_T100,general,16,0.0,5.0,hermitian_ground,5,0.08896048448496643
L16_gamma2p0_g0p0_T100,general,16,0.0,5.0,hermitian_ground,6,0.9110392394947286
L16_gamma2p0_g0p0_T100,general,16,0.0,5.0,hermitian_ground,7,0.08896083915179627
L16_gamma2p0_g0p0_T100,general,16,0.0,5.0,hermitian_ground,8,0.9110391608482037
L16_gamma2p0_g0p0_T100,general,16,0.0,5.0,hermitian_ground,9,0.08896076050527134
L16_gamma2p0_g0p0_T100,general,16,0.0,5.0,hermitian_ground,10,0.9110395155150335
L16_gamma2p0_g0p0_T100,general,16,0.0,5.0,hermitian_ground,11,0.08895650989508357
L16_gamma2p0_g0p0_T100,general,16,0.0,5.0,hermitian_ground,12,0.9110588763910898
L16_gamma2p0_g0p0_T100,general,16,0.0,5.0,hermitian_ground,13,0.08867190580552532
L16_gamma2p0_g0p0_T100,general,16,0.0,5.0,hermitian_ground,14,0.9128280017243967
L16_gamma2p0_g0p0_T100,general,16,0.0,5.0,hermitian_ground,15,0.01714715618974201
L16_gamma2p0_g0p0_T100,general,16,0.0,5.0,random_00,0,0.9828528470961757
L16_gamma2p0_g0p0_T100,general,16,0.0,5.0,random_00,1,0.08717198155763829
L16_gamma2p0_g0p0_T100,general,16,0.0,5.0,random_00,2,0.9113281870332299
L16_gamma2p0_g0p0_T100,general,16,0.0,5.0,random_00,3,0.08894094381662726
L16_gamma2p0_g0p0_T100,general,16,0.0,5.0,random_00,4,0.9110436350375533
L16_gamma2p0_g0p0_T100,general,16,0.0,5.0,random_00,5,0.08896043339619147
L16_gamma2p0_g0p0_T100,general,16,0.0,5.0,random_00,6,0.9110392706416848
L16_gamma2p0_g0p0_T100,general,16,0.0,5.0,random_00,7,0.08896075888696861
L16_gamma2p0_g0p0_T100,general,16,0.0,5.0,random_00,8,0.911039266749067
L16_gamma2p0_g0p0_T100,general,16,0.0,5.0,random_00,9,0.08896064965899769
L16_gamma2p0_g0p0_T100,general,16,0.0,5.0,random_00,10,0.9110396443043322
L16_gamma2p0_g0p0_T100,general,16,0.0,5.0,random_00,11,0.08895630003043675
L16_gamma2p0_g0p0_T100,general,16,0.0,5.0,random_00,12,0.9110591202953393
L16_gamma2p0_g0p0_T100,general,16,0.0,5.0,random_00,13,0.08867170205074382
L16_gamma2p0_g0p0_T100,general,16,0.0,5.0,random_00,14,0.9128281146319376
L16_gamma2p0_g0p0_T100,general,16,0.0,5.0,random_00,15,0.017147144813076533
L16_gamma2p0_g0p0_T100,general,16,0.0,5.0,random_01,0,0.9828528592446245
L16_gamma2p0_g0p0_T100,general,16,0.0,5.0,random_01,1,0.08717181008791572
L16_gamma2p0_g0p0_T100,general,16,0.0,5.0,random_01,2,0.9113284223585856
L16_gamma2p0_g0p0_T100,general,16,0.0,5.0,random_01,3,0.08894061158448723
L16_gamma2p0_g0p0_T100,general,16,0.0,5.0,random_01,4,0.9110440542202014
L16_gamma2p0_g0p0_T100,general,16,0.0,5.0,random_01,5,0.08896000587327979
L16_gamma2p0_g0p0_T100,general,16,0.0,5.0,random_01,6,0.9110396278806662
L16_gamma2p0_g0p0_T100,general,16,0.0,5.0,random_01,7,0.08896050961366553
L16_gamma2p0_g0p0_T100,general,16,0.0,5.0,random_01,8,0.9110394586999248
L16_gamma2p0_g0p0_T100,general,16,0.0,5.0,random_01,9,0.0889604812028714
L16_gamma2p0_g0p0_T100,general,16,0.0,5.0,random_01,10,0.9110397698939381
L16_gamma2p0_g0p0_T100,general,16,0.0,5.0,random_01,11,0.08895646660138182
L16_gamma2p0_g0p0_T100,general,16,0.0,5.0,random_01,12,0.9110588463876947
L16_gamma2p0_g0p0_T100,general,16,0.0,5.0,random_01,13,0.08867198092141283
L16_gamma2p0_g0p0_T100,general,16,0.0,5.0,random_01,14,0.9128279250247564
L16_gamma2p0_g0p0_T100,general,16,0.0,5.0,random_01,15,0.017147170404594445
L16_gamma2p0_g0p0_T100,general,16,0.0,5.0,random_02,0,0.9828528455731814
L16_gamma2p0_g0p0_T100,general,16,0.0,5.0,random_02,1,0.0871719841237528
L16_gamma2p0_g0p0_T100,general,16,0.0,5.0,random_02,2,0.9113281093434458
L16_gamma2p0_g0p0_T100,general,16,0.0,5.0,random_02,3,0.08894113397055504
L16_gamma2p0_g0p0_T100,general,16,0.0,5.0,random_02,4,0.9110435158507839
L16_gamma2p0_g0p0_T100,general,16,0.0,5.0,random_02,5,0.08896038400128062
L16_gamma2p0_g0p0_T100,general,16,0.0,5.0,random_02,6,0.911039369393905
L16_gamma2p0_g0p0_T100,general,16,0.0,5.0,random_02,7,0.08896066783088817
L16_gamma2p0_g0p0_T100,general,16,0.0,5.0,random_02,8,0.9110393134821154
L16_gamma2p0_g0p0_T100,general,16,0.0,5.0,random_02,9,0.08896062149360866
L16_gamma2p0_g0p0_T100,general,16,0.0,5.0,random_02,10,0.9110396679902268
L16_gamma2p0_g0p0_T100,general,16,0.0,5.0,random_02,11,0.08895642277203605
L16_gamma2p0_g0p0_T100,general,16,0.0,5.0,random_02,12,0.9110589640022748
L16_gamma2p0_g0p0_T100,general,16,0.0,5.0,random_02,13,0.08867184682553836
L16_gamma2p0_g0p0_T100,general,16,0.0,5.0,random_02,14,0.9128279987744088
L16_gamma2p0_g0p0_T100,general,16,0.0,5.0,random_02,15,0.017147154571998176
L16_gamma2p0_g0p0_T100,general,16,0.0,5.0,random_03,0,0.9828528467507378
L16_gamma2p0_g0p0_T100,general,16,0.0,5.0,random_03,1,0.0871719891761853
L16_gamma2p0_g0p0_T100,general,16,0.0,5.0,random_03,2,0.9113281006046345
L16_gamma2p0_g0p0_T100,general,16,0.0,5.0,random_03,3,0.08894112090920654
L16_gamma2p0_g0p0_T100,general,16,0.0,5.0,random_03,4,0.9110434754753916
L16_gamma2p0_g0p0_T100,general,16,0.0,5.0,random_03,5,0.0889605150616115
L16_gamma2p0_g0p0_T100,general,16,0.0,5.0,random_03,6,0.9110392671986056
L16_gamma2p0_g0p0_T100,general,16,0.0,5.0,random_03,7,0.08896070005494122
L16_gamma2p0_g0p0_T100,general,16,0.0,5.0,random_03,8,0.9110393528070629
L16_gamma2p0_g0p0_T100,general,16,0.0,5.0,random_03,9,0.08896043396387388
L16_gamma2p0_g0p0_T100,general,16,0.0,5.0,random_03,10,0.9110398666854129
L16_gamma2p0_g0p0_T100,general,16,0.0,5.0,random_03,11,0.0889561390122569
L16_gamma2p0_g0p0_T100,general,16,0.0,5.0,random_03,12,0.9110592243067778
L16_gamma2p0_g0p0_T100,general,16,0.0,5.0,random_03,13,0.08867169445946414
L16_gamma2p0_g0p0_T100,general,16,0.0,5.0,random_03,14,0.9128281287692857
L16_gamma2p0_g0p0_T100,general,16,0.0,5.0,random_03,15,0.01714714476455173
L16_gamma2p0_g0p0_T100,general,16,0.0,5.0,random_04,0,0.9828528557745653
L16_gamma2p0_g0p0_T100,general,16,0.0,5.0,random_04,1,0.08717190656935504
L16_gamma2p0_g0p0_T100,general,16,0.0,5.0,random_04,2,0.9113282270706109
L16_gamma2p0_g0p0_T100,general,16,0.0,5.0,random_04,3,0.08894099117220385
L16_gamma2p0_g0p0_T100,general,16,0.0,5.0,random_04,4,0.9110435416347236
L16_gamma2p0_g0p0_T100,general,16,0.0,5.0,random_04,5,0.08896054621910182
L16_gamma2p0_g0p0_T100,general,16,0.0,5.0,random_04,6,0.9110391526017732
L16_gamma2p0_g0p0_T100,general,16,0.0,5.0,random_04,7,0.08896089433345465
L16_gamma2p0_g0p0_T100,general,16,0.0,5.0,random_04,8,0.9110391596922112
L16_gamma2p0_g0p0_T100,general,16,0.0,5.0,random_04,9,0.08896071748455382
L16_gamma2p0_g0p0_T100,general,16,0.0,5.0,random_04,10,0.9110395733789396
L16_gamma2p0_g0p0_T100,general,16,0.0,5.0,random_04,11,0.08895639363685129
L16_gamma2p0_g0p0_T100,general,16,0.0,5.0,random_04,12,0.9110590010836483
L16_gamma2p0_g0p0_T100,general,16,0.0,5.0,random_04,13,0.08867183801543004
L16_gamma2p0_g0p0_T100,general,16,0.0,5.0,random_04,14,0.9128280524190739
L16_gamma2p0_g0p0_T100,general,16,0.0,5.0,random_04,15,0.017147148913504048
L16_gamma2p0_g0p0_T100,general,16,0.0,5.0,random_05,0,0.982852859758707
L16_gamma2p0_g0p0_T100,general,16,0.0,5.0,random_05,1,0.08717191896069112
L16_gamma2p0_g0p0_T100,general,16,0.0,5.0,random_05,2,0.9113282356012449
L16_gamma2p0_g0p0_T100,general,16,0.0,5.0,random_05,3,0.08894098360768815
L16_gamma2p0_g0p0_T100,general,16,0.0,5.0,random_05,4,0.9110436095434652
L16_gamma2p0_g0p0_T100,general,16,0.0,5.0,random_05,5,0.08896042799702322
L16_gamma2p0_g0p0_T100,general,16,0.0,5.0,random_05,6,0.9110392522685526
L16_gamma2p0_g0p0_T100,general,16,0.0,5.0,random_05,7,0.08896080345275785
L16_gamma2p0_g0p0_T100,general,16,0.0,5.0,random_05,8,0.9110392245839578
L16_gamma2p0_g0p0_T100,general,16,0.0,5.0,random_05,9,0.0889606363803884
L16_gamma2p0_g0p0_T100,general,16,0.0,5.0,random_05,10,0.9110396260988958
L16_gamma2p0_g0p0_T100,general,16,0.0,5.0,random_05,11,0.08895650844533669
L16_gamma2p0_g0p0_T100,general,16,0.0,5.0,random_05,12,0.9110588369897705
L16_gamma2p0_g0p0_T100,general,16,0.0,5.0,random_05,13,0.08867195218621292
L16_gamma2p0_g0p0_T100,general,16,0.0,5.0,random_05,14,0.912827961050997
L16_gamma2p0_g0p0_T100,general,16,0.0,5.0,random_05,15,0.01714716307431107
L16_gamma2p0_g0p0_T100,general,16,0.0,5.0,random_06,0,0.9828528556968753
L16_gamma2p0_g0p0_T100,general,16,0.0,5.0,random_06,1,0.08717191873156321
L16_gamma2p0_g0p0_T100,general,16,0.0,5.0,random_06,2,0.9113282221899502
L16_gamma2p0_g0p0_T100,general,16,0.0,5.0,random_06,3,0.08894092170404208
L16_gamma2p0_g0p0_T100,general,16,0.0,5.0,random_06,4,0.9110436882975266
L16_gamma2p0_g0p0_T100,general,16,0.0,5.0,random_06,5,0.08896033848955469
L16_gamma2p0_g0p0_T100,general,16,0.0,5.0,random_06,6,0.9110393394714262
L16_gamma2p0_g0p0_T100,general,16,0.0,5.0,random_06,7,0.08896082106653494
L16_gamma2p0_g0p0_T100,general,16,0.0,5.0,random_06,8,0.9110391832389388
L16_gamma2p0_g0p0_T100,general,16,0.0,5.0,random_06,9,0.08896070345180718
L16_gamma2p0_g0p0_T100,general,16,0.0,5.0,random_06,10,0.9110395409618175
L16_gamma2p0_g0p0_T100,general,16,0.0,5.0,random_06,11,0.08895659816600572
L16_gamma2p0_g0p0_T100,general,16,0.0,5.0,random_06,12,0.9110587458472879
L16_gamma2p0_g0p0_T100,general,16,0.0,5.0,random_06,13,0.0886720357774968
L16_gamma2p0_g0p0_T100,general,16,0.0,5.0,random_06,14,0.912827925238042
L16_gamma2p0_g0p0_T100,general,16,0.0,5.0,random_06,15,0.01714716167113118
L16_gamma2p0_g0p0_T100,general,16,0.0,5.0,random_07,0,0.9828528427655966
L16_gamma2p0_g0p0_T100,general,16,0.0,5.0,random_07,1,0.08717201043688524
L16_gamma2p0_g0p0_T100,general,16,0.0,5.0,random_07,2,0.9113280934426193
L16_gamma2p0_g0p0_T100,general,16,0.0,5.0,random_07,3,0.08894110165129931
L16_gamma2p0_g0p0_T100,general,16,0.0,5.0,random_07,4,0.9110435411006317
L16_gamma2p0_g0p0_T100,general,16,0.0,5.0,random_07,5,0.08896045269238122
L16_gamma2p0_g0p0_T100,general,16,0.0,5.0,random_07,6,0.9110392321552994
L16_gamma2p0_g0p0_T100,general,16,0.0,5.0,random_07,7,0.08896092808338665
L16_gamma2p0_g0p0_T100,general,16,0.0,5.0,random_07,8,0.9110390638344603
L16_gamma2p0_g0p0_T100,general,16,0.0,5.0,random_07,9,0.0889607812710358
L16_gamma2p0_g0p0_T100,general,16,0.0,5.0,random_07,10,0.911039548697902
L16_gamma2p0_g0p0_T100,general,16,0.0,5.0,random_07,11,0.08895646658089167
L16_gamma2p0_g0p0_T100,general,16,0.0,5.0,random_07,12,0.9110589055817313
L16_gamma2p0_g0p0_T100,general,16,0.0,5.0,random_07,13,0.08867181920854862
L16_gamma2p0_g0p0_T100,general,16,0.0,5.0,random_07,14,0.9128280630122754
L16_gamma2p0_g0p0_T100,general,16,0.0,5.0,random_07,15,0.017147149485055774
L16_gamma2p0_g0p0_T100,general,16,0.0,5.0,random_08,0,0.9828528361820104
L16_gamma2p0_g0p0_T100,general,16,0.0,5.0,random_08,1,0.08717211422517857
L16_gamma2p0_g0p0_T100,general,16,0.0,5.0,random_08,2,0.9113278585175314
L16_gamma2p0_g0p0_T100,general,16,0.0,5.0,random_08,3,0.0889413203734732
L16_gamma2p0_g0p0_T100,general,16,0.0,5.0,random_08,4,0.9110432665569557
L16_gamma2p0_g0p0_T100,general,16,0.0,5.0,random_08,5,0.08896079256134462
L16_gamma2p0_g0p0_T100,general,16,0.0,5.0,random_08,6,0.9110390650005405
L16_gamma2p0_g0p0_T100,general,16,0.0,5.0,random_08,7,0.08896084074344401
L16_gamma2p0_g0p0_T100,general,16,0.0,5.0,random_08,8,0.9110391733734879
L16_gamma2p0_g0p0_T100,general,16,0.0,5.0,random_08,9,0.08896058808967156
L16_gamma2p0_g0p0_T100,general,16,0.0,5.0,random_08,10,0.9110397362148791
L16_gamma2p0_g0p0_T100,general,16,0.0,5.0,random_08,11,0.08895653946013496
L16_gamma2p0_g0p0_T100,general,16,0.0,5.0,random_08,12,0.9110587427804145
L16_gamma2p0_g0p0_T100,general,16,0.0,5.0,random_08,13,0.08867216087284088
L16_gamma2p0_g0p0_T100,general,16,0.0,5.0,random_08,14,0.9128277794893727
L16_gamma2p0_g0p0_T100,general,16,0.0,5.0,random_08,15,0.01714718555871971
L16_gamma2p0_g0p0_T100,general,16,0.0,5.0,random_09,0,0.9828528432617042
L16_gamma2p0_g0p0_T100,general,16,0.0,5.0,random_09,1,0.08717201028687269
L16_gamma2p0_g0p0_T100,general,16,0.0,5.0,random_09,2,0.9113280794040765
L16_gamma2p0_g0p0_T100,general,16,0.0,5.0,random_09,3,0.08894115366007671
L16_gamma2p0_g0p0_T100,general,16,0.0,5.0,random_09,4,0.9110434614187697
L16_gamma2p0_g0p0_T100,general,16,0.0,5.0,random_09,5,0.08896047433588039
L16_gamma2p0_g0p0_T100,general,16,0.0,5.0,random_09,6,0.9110392817873995
L16_gamma2p0_g0p0_T100,general,16,0.0,5.0,random_09,7,0.08896072679667362
L16_gamma2p0_g0p0_T100,general,16,0.0,5.0,random_09,8,0.9110392662341257
L16_gamma2p0_g0p0_T100,general,16,0.0,5.0,random_09,9,0.08896072815380593
L16_gamma2p0_g0p0_T100,general,16,0.0,5.0,random_09,10,0.9110395149154089
L16_gamma2p0_g0p0_T100,general,16,0.0,5.0,random_09,11,0.08895655137819919
L16_gamma2p0_g0p0_T100,general,16,0.0,5.0,random_09,12,0.9110588538338743
L16_gamma2p0_g0p0_T100,general,16,0.0,5.0,random_09,13,0.08867189463444947
L16_gamma2p0_g0p0_T100,general,16,0.0,5.0,random_09,14,0.9128280099565259
L16_gamma2p0_g0p0_T100,general,16,0.0,5.0,random_09,15,0.017147149942157207
L16_gamma2p0_g0p0_T100,general,16,0.0,5.0,random_10,0,0.982852840798133
L16_gamma2p0_g0p0_T100,general,16,0.0,5.0,random_10,1,0.0871720100921346
L16_gamma2p0_g0p0_T100,general,16,0.0,5.0,random_10,2,0.911328073916904
L16_gamma2p0_g0p0_T100,general,16,0.0,5.0,random_10,3,0.08894121056427697
L16_gamma2p0_g0p0_T100,general,16,0.0,5.0,random_10,4,0.9110433968181364
L16_gamma2p0_g0p0_T100,general,16,0.0,5.0,random_10,5,0.08896058153628675
L16_gamma2p0_g0p0_T100,general,16,0.0,5.0,random_10,6,0.911039150592403
L16_gamma2p0_g0p0_T100,general,16,0.0,5.0,random_10,7,0.08896087232373465
L16_gamma2p0_g0p0_T100,general,16,0.0,5.0,random_10,8,0.911039153243201
L16_gamma2p0_g0p0_T100,general,16,0.0,5.0,random_10,9,0.08896083547448445
L16_gamma2p0_g0p0_T100,general,16,0.0,5.0,random_10,10,0.9110394032822474
L16_gamma2p0_g0p0_T100,general,16,0.0,5.0,random_10,11,0.08895656366231533
L16_gamma2p0_g0p0_T100,general,16,0.0,5.0,random_10,12,0.9110588524889351
L16_gamma2p0_g0p0_T100,general,16,0.0,5.0,random_10,13,0.08867188547315208
L16_gamma2p0_g0p0_T100,general,16,0.0,5.0,random_10,14,0.912828014253046
L16_gamma2p0_g0p0_T100,general,16,0.0,5.0,random_10,15,0.01714715548060943
L16_gamma2p0_g0p0_T100,general,16,0.0,5.0,random_11,0,0.9828528501760172
L16_gamma2p0_g0p0_T100,general,16,0.0,5.0,random_11,1,0.08717194683982277
L16_gamma2p0_g0p0_T100,general,16,0.0,5.0,random_11,2,0.9113281594819511
L16_gamma2p0_g0p0_T100,general,16,0.0,5.0,random_11,3,0.08894109399588983
L16_gamma2p0_g0p0_T100,general,16,0.0,5.0,random_11,4,0.9110434810804526
L16_gamma2p0_g0p0_T100,general,16,0.0,5.0,random_11,5,0.08896056203152698
L16_gamma2p0_g0p0_T100,general,16,0.0,5.0,random_11,6,0.9110391713778363
L16_gamma2p0_g0p0_T100,general,16,0.0,5.0,random_11,7,0.08896088845806721
L16_gamma2p0_g0p0_T100,general,16,0.0,5.0,random_11,8,0.9110391528039141
L16_gamma2p0_g0p0_T100,general,16,0.0,5.0,random_11,9,0.0889606602008512
L16_gamma2p0_g0p0_T100,general,16,0.0,5.0,random_11,10,0.9110396204389009
L16_gamma2p0_g0p0_T100,general,16,0.0,5.0,random_11,11,0.08895644226383972
L16_gamma2p0_g0p0_T100,general,16,0.0,5.0,random_11,12,0.9110589142266204
L16_gamma2p0_g0p0_T100,general,16,0.0,5.0,random_11,13,0.0886719079345471
L16_gamma2p0_g0p0_T100,general,16,0.0,5.0,random_11,14,0.9128279890338316
L16_gamma2p0_g0p0_T100,general,16,0.0,5.0,random_11,15,0.01714715965593088
L16_gamma2p0_g0p0_T100,general,16,0.0,5.0,random_12,0,0.9828528507123472
L16_gamma2p0_g0p0_T100,general,16,0.0,5.0,random_12,1,0.08717195403328784
L16_gamma2p0_g0p0_T100,general,16,0.0,5.0,random_12,2,0.9113281541339493
L16_gamma2p0_g0p0_T100,general,16,0.0,5.0,random_12,3,0.08894105245121406
L16_gamma2p0_g0p0_T100,general,16,0.0,5.0,random_12,4,0.9110435636528399
L16_gamma2p0_g0p0_T100,general,16,0.0,5.0,random_12,5,0.08896042262646807
L16_gamma2p0_g0p0_T100,general,16,0.0,5.0,random_12,6,0.9110392787557505
L16_gamma2p0_g0p0_T100,general,16,0.0,5.0,random_12,7,0.08896083241963962
L16_gamma2p0_g0p0_T100,general,16,0.0,5.0,random_12,8,0.9110391502435798
L16_gamma2p0_g0p0_T100,general,16,0.0,5.0,random_12,9,0.08896076143024319
L16_gamma2p0_g0p0_T100,general,16,0.0,5.0,random_12,10,0.9110395220864028
L16_gamma2p0_g0p0_T100,general,16,0.0,5.0,random_12,11,0.08895649938655213
L16_gamma2p0_g0p0_T100,general,16,0.0,5.0,random_12,12,0.9110588752103947
L16_gamma2p0_g0p0_T100,general,16,0.0,5.0,random_12,13,0.08867193128784656
L16_gamma2p0_g0p0_T100,general,16,0.0,5.0,random_12,14,0.9128279892388262
L16_gamma2p0_g0p0_T100,general,16,0.0,5.0,random_12,15,0.01714716233065807
L16_gamma2p0_g0p0_T100,general,16,0.0,5.0,random_13,0,0.9828528332293504
L16_gamma2p0_g0p0_T100,general,16,0.0,5.0,random_13,1,0.0871720429200972
L16_gamma2p0_g0p0_T100,general,16,0.0,5.0,random_13,2,0.911328061326233
L16_gamma2p0_g0p0_T100,general,16,0.0,5.0,random_13,3,0.08894129033315484
L16_gamma2p0_g0p0_T100,general,16,0.0,5.0,random_13,4,0.9110432664198679
L16_gamma2p0_g0p0_T100,general,16,0.0,5.0,random_13,5,0.08896076857054003
L16_gamma2p0_g0p0_T100,general,16,0.0,5.0,random_13,6,0.9110390529194545
L16_gamma2p0_g0p0_T100,general,16,0.0,5.0,random_13,7,0.08896077671770812
L16_gamma2p0_g0p0_T100,general,16,0.0,5.0,random_13,8,0.9110392051112386
L16_gamma2p0_g0p0_T100,general,16,0.0,5.0,random_13,9,0.08896079132872578
L16_gamma2p0_g0p0_T100,general,16,0.0,5.0,random_13,10,0.9110393944855242
L16_gamma2p0_g0p0_T100,general,16,0.0,5.0,random_13,11,0.08895658273682353
L16_gamma2p0_g0p0_T100,general,16,0.0,5.0,random_13,12,0.9110588423947575
L16_gamma2p0_g0p0_T100,general,16,0.0,5.0,random_13,13,0.0886719724033642
L16_gamma2p0_g0p0_T100,general,16,0.0,5.0,random_13,14,0.9128279509172883
L16_gamma2p0_g0p0_T100,general,16,0.0,5.0,random_13,15,0.017147168185871642
L16_gamma2p0_g0p0_T100,general,16,0.0,5.0,random_14,0,0.9828528483311066
L16_gamma2p0_g0p0_T100,general,16,0.0,5.0,random_14,1,0.08717197355811215
L16_gamma2p0_g0p0_T100,general,16,0.0,5.0,random_14,2,0.9113280998081998
L16_gamma2p0_g0p0_T100,general,16,0.0,5.0,random_14,3,0.08894119335980372
L16_gamma2p0_g0p0_T100,general,16,0.0,5.0,random_14,4,0.9110434126027466
L16_gamma2p0_g0p0_T100,general,16,0.0,5.0,random_14,5,0.08896059861629288
L16_gamma2p0_g0p0_T100,general,16,0.0,5.0,random_14,6,0.9110391461323162
L16_gamma2p0_g0p0_T100,general,16,0.0,5.0,random_14,7,0.08896084230459937
L16_gamma2p0_g0p0_T100,general,16,0.0,5.0,random_14,8,0.9110391978342383
L16_gamma2p0_g0p0_T100,general,16,0.0,5.0,random_14,9,0.08896068102712353
L16_gamma2p0_g0p0_T100,general,16,0.0,5.0,random_14,10,0.9110395764174934
L16_gamma2p0_g0p0_T100,general,16,0.0,5.0,random_14,11,0.08895654588076062
L16_gamma2p0_g0p0_T100,general,16,0.0,5.0,random_14,12,0.9110587798712608
L16_gamma2p0_g0p0_T100,general,16,0.0,5.0,random_14,13,0.0886719968792951
L16_gamma2p0_g0p0_T100,general,16,0.0,5.0,random_14,14,0.9128279349934096
L16_gamma2p0_g0p0_T100,general,16,0.0,5.0,random_14,15,0.01714717238324118
L16_gamma2p0_g0p0_T100,general,16,0.0,5.0,random_15,0,0.982852871389661
L16_gamma2p0_g0p0_T100,general,16,0.0,5.0,random_15,1,0.08717187117742656
L16_gamma2p0_g0p0_T100,general,16,0.0,5.0,random_15,2,0.9113282946945946
L16_gamma2p0_g0p0_T100,general,16,0.0,5.0,random_15,3,0.08894090800383046
L16_gamma2p0_g0p0_T100,general,16,0.0,5.0,random_15,4,0.9110436637541083
L16_gamma2p0_g0p0_T100,general,16,0.0,5.0,random_15,5,0.08896041676289404
L16_gamma2p0_g0p0_T100,general,16,0.0,5.0,random_15,6,0.9110392596454957
L16_gamma2p0_g0p0_T100,general,16,0.0,5.0,random_15,7,0.08896089192795587
L16_gamma2p0_g0p0_T100,general,16,0.0,5.0,random_15,8,0.9110390499475833
L16_gamma2p0_g0p0_T100,general,16,0.0,5.0,random_15,9,0.08896094304486413
L16_gamma2p0_g0p0_T100,general,16,0.0,5.0,random_15,10,0.9110393043479499
L16_gamma2p0_g0p0_T100,general,16,0.0,5.0,random_15,11,0.08895673349754044
L16_gamma2p0_g0p0_T100,general,16,0.0,5.0,random_15,12,0.9110586979654398
L16_gamma2p0_g0p0_T100,general,16,0.0,5.0,random_15,13,0.08867197607668761
L16_gamma2p0_g0p0_T100,general,16,0.0,5.0,random_15,14,0.9128279640456314
L16_gamma2p0_g0p0_T100,general,16,0.0,5.0,random_15,15,0.017147153718336812
L16_gamma2p0_g0p0_T100,general,16,0.0,5.0,random_16,0,0.9828528786893413
L16_gamma2p0_g0p0_T100,general,16,0.0,5.0,random_16,1,0.08717172904974269
L16_gamma2p0_g0p0_T100,general,16,0.0,5.0,random_16,2,0.9113284280712055
L16_gamma2p0_g0p0_T100,general,16,0.0,5.0,random_16,3,0.08894090207531047
L16_gamma2p0_g0p0_T100,general,16,0.0,5.0,random_16,4,0.9110436466545576
L16_gamma2p0_g0p0_T100,general,16,0.0,5.0,random_16,5,0.08896042986947948
L16_gamma2p0_g0p0_T100,general,16,0.0,5.0,random_16,6,0.9110392586179485
L16_gamma2p0_g0p0_T100,general,16,0.0,5.0,random_16,7,0.0889608598259655
L16_gamma2p0_g0p0_T100,general,16,0.0,5.0,random_16,8,0.9110391397602254
L16_gamma2p0_g0p0_T100,general,16,0.0,5.0,random_16,9,0.08896090508130915
L16_gamma2p0_g0p0_T100,general,16,0.0,5.0,random_16,10,0.9110393360213397
L16_gamma2p0_g0p0_T100,general,16,0.0,5.0,random_16,11,0.08895656948599573
L16_gamma2p0_g0p0_T100,general,16,0.0,5.0,random_16,12,0.9110588566922402
L16_gamma2p0_g0p0_T100,general,16,0.0,5.0,random_16,13,0.0886717661960226
L16_gamma2p0_g0p0_T100,general,16,0.0,5.0,random_16,14,0.9128281529626604
L16_gamma2p0_g0p0_T100,general,16,0.0,5.0,random_16,15,0.01714714094665535
L16_gamma2p0_g0p0_T100,general,16,0.0,5.0,random_17,0,0.9828528433297135
L16_gamma2p0_g0p0_T100,general,16,0.0,5.0,random_17,1,0.08717199855399466
L16_gamma2p0_g0p0_T100,general,16,0.0,5.0,random_17,2,0.9113280823305265
L16_gamma2p0_g0p0_T100,general,16,0.0,5.0,random_17,3,0.088941124779472
L16_gamma2p0_g0p0_T100,general,16,0.0,5.0,random_17,4,0.9110435141015538
L16_gamma2p0_g0p0_T100,general,16,0.0,5.0,random_17,5,0.0889604830006933
L16_gamma2p0_g0p0_T100,general,16,0.0,5.0,random_17,6,0.9110392367682452
L16_gamma2p0_g0p0_T100,general,16,0.0,5.0,random_17,7,0.08896084713575163
L16_gamma2p0_g0p0_T100,general,16,0.0,5.0,random_17,8,0.9110390893077012
L16_gamma2p0_g0p0_T100,general,16,0.0,5.0,random_17,9,0.08896093008410179
L16_gamma2p0_g0p0_T100,general,16,0.0,5.0,random_17,10,0.9110393365537119
L16_gamma2p0_g0p0_T100,general,16,0.0,5.0,random_17,11,0.08895669337473334
L16_gamma2p0_g0p0_T100,general,16,0.0,5.0,random_17,12,0.9110587139522459
L16_gamma2p0_g0p0_T100,general,16,0.0,5.0,random_17,13,0.08867203660285014
L16_gamma2p0_g0p0_T100,general,16,0.0,5.0,random_17,14,0.912827907248525
L16_gamma2p0_g0p0_T100,general,16,0.0,5.0,random_17,15,0.017147162876179747
L16_gamma2p0_g0p0_T100,general,16,0.0,5.0,random_18,0,0.9828528584462952
L16_gamma2p0_g0p0_T100,general,16,0.0,5.0,random_18,1,0.0871719122588493
L16_gamma2p0_g0p0_T100,general,16,0.0,5.0,random_18,2,0.9113281904455142
L16_gamma2p0_g0p0_T100,general,16,0.0,5.0,random_18,3,0.08894106408095472
L16_gamma2p0_g0p0_T100,general,16,0.0,5.0,random_18,4,0.9110435261895495
L16_gamma2p0_g0p0_T100,general,16,0.0,5.0,random_18,5,0.08896045534176543
L16_gamma2p0_g0p0_T100,general,16,0.0,5.0,random_18,6,0.9110392838811656
L16_gamma2p0_g0p0_T100,general,16,0.0,5.0,random_18,7,0.08896070784269008
L16_gamma2p0_g0p0_T100,general,16,0.0,5.0,random_18,8,0.9110393079022607
L16_gamma2p0_g0p0_T100,general,16,0.0,5.0,random_18,9,0.08896062488473017
L16_gamma2p0_g0p0_T100,general,16,0.0,5.0,random_18,10,0.9110396329599846
L16_gamma2p0_g0p0_T100,general,16,0.0,5.0,random_18,11,0.08895647297640344
L16_gamma2p0_g0p0_T100,general,16,0.0,5.0,random_18,12,0.9110589047567552
L16_gamma2p0_g0p0_T100,general,16,0.0,5.0,random_18,13,0.08867189996630698
L16_gamma2p0_g0p0_T100,general,16,0.0,5.0,random_18,14,0.9128280049651813
L16_gamma2p0_g0p0_T100,general,16,0.0,5.0,random_18,15,0.017147153101593426
L16_gamma2p0_g0p0_T100,general,16,0.0,5.0,random_19,0,0.9828528435908371
L16_gamma2p0_g0p0_T100,general,16,0.0,5.0,random_19,1,0.0871719933513114
L16_gamma2p0_g0p0_T100,general,16,0.0,5.0,random_19,2,0.9113280926313182
L16_gamma2p0_g0p0_T100,general,16,0.0,5.0,random_19,3,0.08894112622956707
L16_gamma2p0_g0p0_T100,general,16,0.0,5.0,random_19,4,0.9110434422463598
L16_gamma2p0_g0p0_T100,general,16,0.0,5.0,random_19,5,0.08896058805416737
L16_gamma2p0_g0p0_T100,general,16,0.0,5.0,random_19,6,0.9110391483093363
L16_gamma2p0_g0p0_T100,general,16,0.0,5.0,random_19,7,0.08896083763620423
L16_gamma2p0_g0p0_T100,general,16,0.0,5.0,random_19,8,0.9110392282440047
L16_gamma2p0_g0p0_T100,general,16,0.0,5.0,random_19,9,0.08896063948284763
L16_gamma2p0_g0p0_T100,general,16,0.0,5.0,random_19,10,0.9110396328879709
L16_gamma2p0_g0p0_T100,general,16,0.0,5.0,random_19,11,0.08895640592533437
L16_gamma2p0_g0p0_T100,general,16,0.0,5.0,random_19,12,0.9110589471619799
L16_gamma2p0_g0p0_T100,general,16,0.0,5.0,random_19,13,0.08867186276896732
L16_gamma2p0_g0p0_T100,general,16,0.0,5.0,random_19,14,0.9128280614803639
L16_gamma2p0_g0p0_T100,general,16,0.0,5.0,random_19,15,0.017147149999429564
L16_gamma2p0_g0p0_T300,general,16,0.0,15.0,hermitian_ground,0,0.982852834993938
L16_gamma2p0_g0p0_T300,general,16,0.0,15.0,hermitian_ground,1,0.0871720625650126
L16_gamma2p0_g0p0_T300,general,16,0.0,15.0,hermitian_ground,2,0.9113280028963796
L16_gamma2p0_g0p0_T300,general,16,0.0,15.0,hermitian_ground,3,0.08894124889399926
L16_gamma2p0_g0p0_T300,general,16,0.0,15.0,hermitian_ground,4,0.9110433566568202
L16_gamma2p0_g0p0_T300,general,16,0.0,15.0,hermitian_ground,5,0.08896062441558257
L16_gamma2p0_g0p0_T300,general,16,0.0,15.0,hermitian_ground,6,0.911039098453059
L16_gamma2p0_g0p0_T300,general,16,0.0,15.0,hermitian_ground,7,0.08896098083186256
L16_gamma2p0_g0p0_T300,general,16,0.0,15.0,hermitian_ground,8,0.9110390191681375
L16_gamma2p0_g0p0_T300,general,16,0.0,15.0,hermitian_ground,9,0.08896090154694113
L16_gamma2p0_g0p0_T300,general,16,0.0,15.0,hermitian_ground,10,0.9110393755844174
L16_gamma2p0_g0p0_T300,general,16,0.0,15.0,hermitian_ground,11,0.0889566433431799
L16_gamma2p0_g0p0_T300,general,16,0.0,15.0,hermitian_ground,12,0.9110587511060007
L16_gamma2p0_g0p0_T300,general,16,0.0,15.0,hermitian_ground,13,0.08867199710362032
L16_gamma2p0_g0p0_T300,general,16,0.0,15.0,hermitian_ground,14,0.9128279374349872
L16_gamma2p0_g0p0_T300,general,16,0.0,15.0,hermitian_ground,15,0.017147165006061935
L16_gamma2p0_g0p0_T300,general,16,0.0,15.0,random_00,0,0.982852834993938
L16_gamma2p0_g0p0_T300,general,16,0.0,15.0,random_00,1,0.0871720625650126
L16_gamma2p0_g0p0_T300,general,16,0.0,15.0,random_00,2,0.9113280028963796
L16_gamma2p0_g0p0_T300,general,16,0.0,15.0,random_00,3,0.08894124889399926
L16_gamma2p0_g0p0_T300,general,16,0.0,15.0,random_00,4,0.91104335665682
L16_gamma2p0_g0p0_T300,general,16,0.0,15.0,random_00,5,0.08896062441558258
L16_gamma2p0_g0p0_T300,general,16,0.0,15.0,random_00,6,0.911039098453059
L16_gamma2p0_g0p0_T300,general,16,0.0,15.0,random_00,7,0.08896098083186256
L16_gamma2p0_g0p0_T300,general,16,0.0,15.0,random_00,8,0.9110390191681373
L16_gamma2p0_g0p0_T300,general,16,0.0,15.0,random_00,9,0.08896090154694111
L16_gamma2p0_g0p0_T300,general,16,0.0,15.0,random_00,10,0.9110393755844173
L16_gamma2p0_g0p0_T300,general,16,0.0,15.0,random_00,11,0.08895664334317992
L16_gamma2p0_g0p0_T300,general,16,0.0,15.0,random_00,12,0.9110587511060007
L16_gamma2p0_g0p0_T300,general,16,0.0,15.0,random_00,13,0.08867199710362032
L16_gamma2p0_g0p0_T300,general,16,0.0,15.0,random_00,14,0.9128279374349875
L16_gamma2p0_g0p0_T300,general,16,0.0,15.0,random_00,15,0.017147165006061938
L16_gamma2p0_g0p0_T300,general,16,0.0,15.0,random_01,0,0.9828528349939382
L16_gamma2p0_g0p0_T300,general,16,0.0,15.0,random_01,1,0.08717206256501259
L16_gamma2p0_g0p0_T300,general,16,0.0,15.0,random_01,2,0.9113280028963797
L16_gamma2p0_g0p0_T300,general,16,0.0,15.0,random_01,3,0.08894124889399926
L16_gamma2p0_g0p0_T300,general,16,0.0,15.0,random_01,4,0.9110433566568201
L16_gamma2p0_g0p0_T300,general,16,0.0,15.0,random_01,5,0.08896062441558261
L16_gamma2p0_g0p0_T300,general,16,0.0,15.0,random_01,6,0.9110390984530587
L16_gamma2p0_g0p0_T300,general,16,0.0,15.0,random_01,7,0.08896098083186255
L16_gamma2p0_g0p0_T300,general,16,0.0,15.0,random_01,8,0.9110390191681373
L16_gamma2p0_g0p0_T300,general,16,0.0,15.0,random_01,9,0.08896090154694114
L16_gamma2p0_g0p0_T300,general,16,0.0,15.0,random_01,10,0.9110393755844173
L16_gamma2p0_g0p0_T300,general,16,0.0,15.0,random_01,11,0.08895664334317993
L16_gamma2p0_g0p0_T300,general,16,0.0,15.0,random_01,12,0.9110587511060007
L16_gamma2p0_g0p0_T300,general,16,0.0,15.0,random_01,13,0.08867199710362032
L16_gamma2p0_g0p0_T300,general,16,0.0,15.0,random_01,14,0.9128279374349876
L16_gamma2p0_g0p0_T300,general,16,0.0,15.0,random_01,15,0.017147165006061935
L16_gamma2p0_g0p0_T300,general,16,0.0,15.0,random_02,0,0.9828528349939382
L16_gamma2p0_g0p0_T300,general,16,0.0,15.0,random_02,1,0.08717206256501261
L16_gamma2p0_g0p0_T300,general,16,0.0,15.0,random_02,2,0.9113280028963797
L16_gamma2p0_g0p0_T300,general,16,0.0,15.0,random_02,3,0.08894124889399926
L16_gamma2p0_g0p0_T300,general,16,0.0,15.0,random_02,4,0.9110433566568202
L16_gamma2p0_g0p0_T300,general,16,0.0,15.0,random_02,5,0.0889606244155826
L16_gamma2p0_g0p0_T300,general,16,0.0,15.0,random_02,6,0.9110390984530589
L16_gamma2p0_g0p0_T300,general,16,0.0,15.0,random_02,7,0.08896098083186255
L16_gamma2p0_g0p0_T300,general,16,0.0,15.0,random_02,8,0.9110390191681375
L16_gamma2p0_g0p0_T300,general,16,0.0,15.0,random_02,9,0.08896090154694114
L16_gamma2p0_g0p0_T300,general,16,0.0,15.0,random_02,10,0.9110393755844176
L16_gamma2p0_g0p0_T300,general,16,0.0,15.0,random_02,11,0.08895664334317993
L16_gamma2p0_g0p0_T300,general,16,0.0,15.0,random_02,12,0.9110587511060008
L16_gamma2p0_g0p0_T300,general,16,0.0,15.0,random_02,13,0.08867199710362034
L16_gamma2p0_g0p0_T300,general,16,0.0,15.0,random_02,14,0.9128279374349872
L16_gamma2p0_g0p0_T300,general,16,0.0,15.0,random_02,15,0.017147165006061935
L16_gamma2p0_g0p0_T300,general,16,0.0,15.0,random_03,0,0.9828528349939379
L16_gamma2p0_g0p0_T300,general,16,0.0,15.0,random_03,1,0.0871720625650126
L16_gamma2p0_g0p0_T300,general,16,0.0,15.0,random_03,2,0.9113280028963797
L16_gamma2p0_g0p0_T300,general,16,0.0,15.0,random_03,3,0.08894124889399926
L16_gamma2p0_g0p0_T300,general,16,0.0,15.0,random_03,4,0.9110433566568199
L16_gamma2p0_g0p0_T300,general,16,0.0,15.0,random_03,5,0.08896062441558258
L16_gamma2p0_g0p0_T300,general,16,0.0,15.0,random_03,6,0.911039098453059
L16_gamma2p0_g0p0_T300,general,16,0.0,15.0,random_03,7,0.08896098083186255
L16_gamma2p0_g0p0_T300,general,16,0.0,15.0,random_03,8,0.9110390191681375
L16_gamma2p0_g0p0_T300,general,16,0.0,15.0,random_03,9,0.08896090154694111
L16_gamma2p0_g0p0_T300,general,16,0.0,15.0,random_03,10,0.9110393755844173
L16_gamma2p0_g0p0_T300,general,16,0.0,15.0,random_03,11,0.0889566433431799
L16_gamma2p0_g0p0_T300,general,16,0.0,15.0,random_03,12,0.9110587511060007
L16_gamma2p0_g0p0_T300,general,16,0.0,15.0,random_03,13,0.08867199710362031
L16_gamma2p0_g0p0_T300,general,16,0.0,15.0,random_03,14,0.9128279374349874
L16_gamma2p0_g0p0_T300,general,16,0.0,15.0,random_03,15,0.01714716500606194
L16_gamma2p0_g0p0_T300,general,16,0.0,15.0,random_04,0,0.9828528349939382
L16_gamma2p0_g0p0_T300,general,16,0.0,15.0,random_04,1,0.08717206256501259
L16_gamma2p0_g0p0_T300,general,16,0.0,15.0,random_04,2,0.9113280028963797
L16_gamma2p0_g0p0_T300,general,16,0.0,15.0,random_04,3,0.08894124889399928
L16_gamma2p0_g0p0_T300,general,16,0.0,15.0,random_04,4,0.9110433566568202
L16_gamma2p0_g0p0_T300,general,16,0.0,15.0,random_04,5,0.08896062441558258
L16_gamma2p0_g0p0_T300,general,16,0.0,15.0,random_04,6,0.9110390984530589
L16_gamma2p0_g0p0_T300,general,16,0.0,15.0,random_04,7,0.08896098083186256
L16_gamma2p0_g0p0_T300,general,16,0.0,15.0,random_04,8,0.9110390191681375
L16_gamma2p0_g0p0_T300,general,16,0.0,15.0,random_04,9,0.08896090154694111
L16_gamma2p0_g0p0_T300,general,16,0.0,15.0,random_04,10,0.9110393755844173
L16_gamma2p0_g0p0_T300,general,16,0.0,15.0,random_04,11,0.08895664334317992
L16_gamma2p0_g0p0_T300,general,16,0.0,15.0,random_04,12,0.9110587511060007
L16_gamma2p0_g0p0_T300,general,16,0.0,15.0,random_04,13,0.08867199710362031
L16_gamma2p0_g0p0_T300,general,16,0.0,15.0,random_04,14,0.9128279374349874
L16_gamma2p0_g0p0_T300,general,16,0.0,15.0,random_04,15,0.01714716500606194
L16_gamma2p0_g0p0_T300,general,16,0.0,15.0,random_05,0,0.982852834993938
L16_gamma2p0_g0p0_T300,general,16,0.0,15.0,random_05,1,0.0871720625650126
L16_gamma2p0_g0p0_T300,general,16,0.0,15.0,random_05,2,0.9113280028963797
L16_gamma2p0_g0p0_T300,general,16,0.0,15.0,random_05,3,0.08894124889399926
L16_gamma2p0_g0p0_T300,general,16,0.0,15.0,random_05,4,0.91104335665682
L16_gamma2p0_g0p0_T300,general,16,0.0,15.0,random_05,5,0.08896062441558258
L16_gamma2p0_g0p0_T300,general,16,0.0,15.0,random_05,6,0.9110390984530589
L16_gamma2p0_g0p0_T300,general,16,0.0,15.0,random_05,7,0.08896098083186256
L16_gamma2p0_g0p0_T300,general,16,0.0,15.0,random_05,8,0.9110390191681377
L16_gamma2p0_g0p0_T300,general,16,0.0,15.0,random_05,9,0.08896090154694111
L16_gamma2p0_g0p0_T300,general,16,0.0,15.0,random_05,10,0.9110393755844175
L16_gamma2p0_g0p0_T300,general,16,0.0,15.0,random_05,11,0.08895664334317994
L16_gamma2p0_g0p0_T300,general,16,0.0,15.0,random_05,12,0.9110587511060007
L16_gamma2p0_g0p0_T300,general,16,0.0,15.0,random_05,13,0.08867199710362031
L16_gamma2p0_g0p0_T300,general,16,0.0,15.0,random_05,14,0.9128279374349874
L16_gamma2p0_g0p0_T300,general,16,0.0,15.0,random_05,15,0.017147165006061935
L16_gamma2p0_g0p0_T300,general,16,0.0,15.0,random_06,0,0.9828528349939378
L16_gamma2p0_g0p0_T300,general,16,0.0,15.0,random_06,1,0.08717206256501261
L16_gamma2p0_g0p0_T300,general,16,0.0,15.0,random_06,2,0.9113280028963799
L16_gamma2p0_g0p0_T300,general,16,0.0,15.0,random_06,3,0.08894124889399925
L16_gamma2p0_g0p0_T300,general,16,0.0,15.0,random_06,4,0.91104335665682
L16_gamma2p0_g0p0_T300,general,16,0.0,15.0,random_06,5,0.08896062441558257
L16_gamma2p0_g0p0_T300,general,16,0.0,15.0,random_06,6,0.9110390984530587
L16_gamma2p0_g0p0_T300,general,16,0.0,15.0,random_06,7,0.08896098083186255
L16_gamma2p0_g0p0_T300,general,16,0.0,15.0,random_06,8,0.9110390191681375
L16_gamma2p0_g0p0_T300,general,16,0.0,15.0,random_06,9,0.08896090154694113
L16_gamma2p0_g0p0_T300,general,16,0.0,15.0,random_06,10,0.9110393755844173
L16_gamma2p0_g0p0_T300,general,16,0.0,15.0,random_06,11,0.08895664334317993
L16_gamma2p0_g0p0_T300,general,16,0.0,15.0,random_06,12,0.9110587511060008
L16_gamma2p0_g0p0_T300,general,16,0.0,15.0,random_06,13,0.08867199710362032
L16_gamma2p0_g0p0_T300,general,16,0.0,15.0,random_06,14,0.9128279374349872
L16_gamma2p0_g0p0_T300,general,16,0.0,15.0,random_06,15,0.01714716500606194
L16_gamma2p0_g0p0_T300,general,16,0.0,15.0,random_07,0,0.9828528349939382
L16_gamma2p0_g0p0_T300,general,16,0.0,15.0,random_07,1,0.08717206256501261
L16_gamma2p0_g0p0_T300,general,16,0.0,15.0,random_07,2,0.9113280028963795
L16_gamma2p0_g0p0_T300,general,16,0.0,15.0,random_07,3,0.08894124889399928
L16_gamma2p0_g0p0_T300,general,16,0.0,15.0,random_07,4,0.9110433566568201
L16_gamma2p0_g0p0_T300,general,16,0.0,15.0,random_07,5,0.08896062441558258
L16_gamma2p0_g0p0_T300,general,16,0.0,15.0,random_07,6,0.9110390984530587
L16_gamma2p0_g0p0_T300,general,16,0.0,15.0,random_07,7,0.08896098083186255
L16_gamma2p0_g0p0_T300,general,16,0.0,15.0,random_07,8,0.9110390191681373
L16_gamma2p0_g0p0_T300,general,16,0.0,15.0,random_07,9,0.08896090154694113
L16_gamma2p0_g0p0_T300,general,16,0.0,15.0,random_07,10,0.9110393755844173
L16_gamma2p0_g0p0_T300,general,16,0.0,15.0,random_07,11,0.08895664334317992
L16_gamma2p0_g0p0_T300,general,16,0.0,15.0,random_07,12,0.9110587511060009
L16_gamma2p0_g0p0_T300,general,16,0.0,15.0,random_07,13,0.08867199710362031
L16_gamma2p0_g0p0_T300,general,16,0.0,15.0,random_07,14,0.9128279374349875
L16_gamma2p0_g0p0_T300,general,16,0.0,15.0,random_07,15,0.017147165006061938
L16_gamma2p0_g0p0_T300,general,16,0.0,15.0,random_08,0,0.982852834993938
L16_gamma2p0_g0p0_T300,general,16,0.0,15.0,random_08,1,0.08717206256501261
L16_gamma2p0_g0p0_T300,general,16,0.0,15.0,random_08,2,0.9113280028963799
L16_gamma2p0_g0p0_T300,general,16,0.0,15.0,random_08,3,0.08894124889399926
L16_gamma2p0_g0p0_T300,general,16,0.0,15.0,random_08,4,0.9110433566568201
L16_gamma2p0_g0p0_T300,general,16,0.0,15.0,random_08,5,0.08896062441558257
L16_gamma2p0_g0p0_T300,general,16,0.0,15.0,random_08,6,0.911039098453059
L16_gamma2p0_g0p0_T300,general,16,0.0,15.0,random_08,7,0.08896098083186256
L16_gamma2p0_g0p0_T300,general,16,0.0,15.0,random_08,8,0.9110390191681375
L16_gamma2p0_g0p0_T300,general,16,0.0,15.0,random_08,9,0.08896090154694113
L16_gamma2p0_g0p0_T300,general,16,0.0,15.0,random_08,10,0.9110393755844173
L16_gamma2p0_g0p0_T300,general,16,0.0,15.0,random_08,11,0.08895664334317992
L16_gamma2p0_g0p0_T300,general,16,0.0,15.0,random_08,12,0.9110587511060009
L16_gamma2p0_g0p0_T300,general,16,0.0,15.0,random_08,13,0.08867199710362031
L16_gamma2p0_g0p0_T300,general,16,0.0,15.0,random_08,14,0.9128279374349875
L16_gamma2p0_g0p0_T300,general,16,0.0,15.0,random_08,15,0.017147165006061935
L16_gamma2p0_g0p0_T300,general,16,0.0,15.0,random_09,0,0.9828528349939379
L16_gamma2p0_g0p0_T300,general,16,0.0,15.0,random_09,1,0.08717206256501261
L16_gamma2p0_g0p0_T300,general,16,0.0,15.0,random_09,2,0.9113280028963796
L16_gamma2p0_g0p0_T300,general,16,0.0,15.0,random_09,3,0.08894124889399925
L16_gamma2p0_g0p0_T300,general,16,0.0,15.0,random_09,4,0.9110433566568201
L16_gamma2p0_g0p0_T300,general,16,0.0,15.0,random_09,5,0.08896062441558258
L16_gamma2p0_g0p0_T300,general,16,0.0,15.0,random_09,6,0.9110390984530587
L16_gamma2p0_g0p0_T300,general,16,0.0,15.0,random_09,7,0.08896098083186255
L16_gamma2p0_g0p0_T300,general,16,0.0,15.0,random_09,8,0.9110390191681375
L16_gamma2p0_g0p0_T300,general,16,0.0,15.0,random_09,9,0.08896090154694111
L16_gamma2p0_g0p0_T300,general,16,0.0,15.0,random_09,10,0.9110393755844174
L16_gamma2p0_g0p0_T300,general,16,0.0,15.0,random_09,11,0.08895664334317993
L16_gamma2p0_g0p0_T300,general,16,0.0,15.0,random_09,12,0.9110587511060007
L16_gamma2p0_g0p0_T300,general,16,0.0,15.0,random_09,13,0.08867199710362032
L16_gamma2p0_g0p0_T300,general,16,0.0,15.0,random_09,14,0.9128279374349875
L16_gamma2p0_g0p0_T300,general,16,0.0,15.0,random_09,15,0.017147165006061935
L16_gamma2p0_g0p0_T300,general,16,0.0,15.0,random_10,0,0.9828528349939378
L16_gamma2p0_g0p0_T300,general,16,0.0,15.0,random_10,1,0.08717206256501261
L16_gamma2p0_g0p0_T300,general,16,0.0,15.0,random_10,2,0.9113280028963797
L16_gamma2p0_g0p0_T300,general,16,0.0,15.0,random_10,3,0.08894124889399926
L16_gamma2p0_g0p0_T300,general,16,0.0,15.0,random_10,4,0.9110433566568201
L16_gamma2p0_g0p0_T300,general,16,0.0,15.0,random_10,5,0.08896062441558258
L16_gamma2p0_g0p0_T300,general,16,0.0,15.0,random_10,6,0.9110390984530589
L16_gamma2p0_g0p0_T300,general,16,0.0,15.0,random_10,7,0.08896098083186256
L16_gamma2p0_g0p0_T300,general,16,0.0,15.0,random_10,8,0.9110390191681375
L16_gamma2p0_g0p0_T300,general,16,0.0,15.0,random_10,9,0.08896090154694113
L16_gamma2p0_g0p0_T300,general,16,0.0,15.0,random_10,10,0.9110393755844174
L16_gamma2p0_g0p0_T300,general,16,0.0,15.0,random_10,11,0.08895664334317992
L16_gamma2p0_g0p0_T300,general,16,0.0,15.0,random_10,12,0.9110587511060007
L16_gamma2p0_g0p0_T300,general,16,0.0,15.0,random_10,13,0.08867199710362031
L16_gamma2p0_g0p0_T300,general,16,0.0,15.0,random_10,14,0.9128279374349875
L16_gamma2p0_g0p0_T300,general,16,0.0,15.0,random_10,15,0.017147165006061935
L16_gamma2p0_g0p0_T300,general,16,0.0,15.0,random_11,0,0.9828528349939383
L16_gamma2p0_g0p0_T300,general,16,0.0,15.0,random_11,1,0.0871720625650126
L16_gamma2p0_g0p0_T300,general,16,0.0,15.0,random_11,2,0.9113280028963798
L16_gamma2p0_g0p0_T300,general,16,0.0,15.0,random_11,3,0.08894124889399926
L16_gamma2p0_g0p0_T300,general,16,0.0,15.0,random_11,4,0.9110433566568201
L16_gamma2p0_g0p0_T300,general,16,0.0,15.0,random_11,5,0.08896062441558257
L16_gamma2p0_g0p0_T300,general,16,0.0,15.0,random_11,6,0.9110390984530589
L16_gamma2p0_g0p0_T300,general,16,0.0,15.0,random_11,7,0.08896098083186255
L16_gamma2p0_g0p0_T300,general,16,0.0,15.0,random_11,8,0.9110390191681375
L16_gamma2p0_g0p0_T300,general,16,0.0,15.0,random_11,9,0.08896090154694111
L16_gamma2p0_g0p0_T300,general,16,0.0,15.0,random_11,10,0.9110393755844175
L16_gamma2p0_g0p0_T300,general,16,0.0,15.0,random_11,11,0.08895664334317993
L16_gamma2p0_g0p0_T300,general,16,0.0,15.0,random_11,12,0.9110587511060009
L16_gamma2p0_g0p0_T300,general,16,0.0,15.0,random_11,13,0.08867199710362032
L16_gamma2p0_g0p0_T300,general,16,0.0,15.0,random_11,14,0.9128279374349875
L16_gamma2p0_g0p0_T300,general,16,0.0,15.0,random_11,15,0.017147165006061938
L16_gamma2p0_g0p0_T300,general,16,0.0,15.0,random_12,0,0.982852834993938
L16_gamma2p0_g0p0_T300,general,16,0.0,15.0,random_12,1,0.08717206256501259
L16_gamma2p0_g0p0_T300,general,16,0.0,15.0,random_12,2,0.9113280028963798
L16_gamma2p0_g0p0_T300,general,16,0.0,15.0,random_12,3,0.08894124889399928
L16_gamma2p0_g0p0_T300,general,16,0.0,15.0,random_12,4,0.9110433566568201
L16_gamma2p0_g0p0_T300,general,16,0.0,15.0,random_12,5,0.0889606244155826
L16_gamma2p0_g0p0_T300,general,16,0.0,15.0,random_12,6,0.911039098453059
L16_gamma2p0_g0p0_T300,general,16,0.0,15.0,random_12,7,0.08896098083186255
L16_gamma2p0_g0p0_T300,general,16,0.0,15.0,random_12,8,0.9110390191681375
L16_gamma2p0_g0p0_T300,general,16,0.0,15.0,random_12,9,0.08896090154694114
L16_gamma2p0_g0p0_T300,general,16,0.0,15.0,random_12,10,0.9110393755844175
L16_gamma2p0_g0p0_T300,general,16,0.0,15.0,random_12,11,0.0889566433431799
L16_gamma2p0_g0p0_T300,general,16,0.0,15.0,random_12,12,0.9110587511060007
L16_gamma2p0_g0p0_T300,general,16,0.0,15.0,random_12,13,0.08867199710362032
L16_gamma2p0_g0p0_T300,general,16,0.0,15.0,random_12,14,0.9128279374349875
L16_gamma2p0_g0p0_T300,general,16,0.0,15.0,random_12,15,0.017147165006061935
L16_gamma2p0_g0p0_T300,general,16,0.0,15.0,random_13,0,0.9828528349939379
L16_gamma2p0_g0p0_T300,general,16,0.0,15.0,random_13,1,0.08717206256501259
L16_gamma2p0_g0p0_T300,general,16,0.0,15.0,random_13,2,0.9113280028963796
L16_gamma2p0_g0p0_T300,general,16,0.0,15.0,random_13,3,0.08894124889399926
L16_gamma2p0_g0p0_T300,general,16,0.0,15.0,random_13,4,0.9110433566568201
L16_gamma2p0_g0p0_T300,general,16,0.0,15.0,random_13,5,0.0889606244155826
L16_gamma2p0_g0p0_T300,general,16,0.0,15.0,random_13,6,0.9110390984530589
L16_gamma2p0_g0p0_T300,general,16,0.0,15.0,random_13,7,0.08896098083186257
L16_gamma2p0_g0p0_T300,general,16,0.0,15.0,random_13,8,0.9110390191681373
L16_gamma2p0_g0p0_T300,general,16,0.0,15.0,random_13,9,0.08896090154694114
L16_gamma2p0_g0p0_T300,general,16,0.0,15.0,random_13,10,0.9110393755844174
L16_gamma2p0_g0p0_T300,general,16,0.0,15.0,random_13,11,0.0889566433431799
L16_gamma2p0_g0p0_T300,general,16,0.0,15.0,random_13,12,0.9110587511060009
L16_gamma2p0_g0p0_T300,general,16,0.0,15.0,random_13,13,0.08867199710362032
L16_gamma2p0_g0p0_T300,general,16,0.0,15.0,random_13,14,0.9128279374349875
L16_gamma2p0_g0p0_T300,general,16,0.0,15.0,random_13,15,0.017147165006061935
L16_gamma2p0_g0p0_T300,general,16,0.0,15.0,random_14,0,0.9828528349939379
L16_gamma2p0_g0p0_T300,general,16,0.0,15.0,random_14,1,0.08717206256501261
L16_gamma2p0_g0p0_T300,general,16,0.0,15.0,random_14,2,0.9113280028963796
L16_gamma2p0_g0p0_T300,general,16,0.0,15.0,random_14,3,0.08894124889399926
L16_gamma2p0_g0p0_T300,general,16,0.0,15.0,random_14,4,0.91104335665682
L16_gamma2p0_g0p0_T300,general,16,0.0,15.0,random_14,5,0.08896062441558257
L16_gamma2p0_g0p0_T300,general,16,0.0,15.0,random_14,6,0.9110390984530589
L16_gamma2p0_g0p0_T300,general,16,0.0,15.0,random_14,7,0.08896098083186255
L16_gamma2p0_g0p0_T300,general,16,0.0,15.0,random_14,8,0.9110390191681375
L16_gamma2p0_g0p0_T300,general,16,0.0,15.0,random_14,9,0.08896090154694113
L16_gamma2p0_g0p0_T300,general,16,0.0,15.0,random_14,10,0.9110393755844175
L16_gamma2p0_g0p0_T300,general,16,0.0,15.0,random_14,11,0.0889566433431799
L16_gamma2p0_g0p0_T300,general,16,0.0,15.0,random_14,12,0.9110587511060008
L16_gamma2p0_g0p0_T300,general,16,0.0,15.0,random_14,13,0.08867199710362031
L16_gamma2p0_g0p0_T300,general,16,0.0,15.0,random_14,14,0.9128279374349875
L16_gamma2p0_g0p0_T300,general,16,0.0,15.0,random_14,15,0.017147165006061935
L16_gamma2p0_g0p0_T300,general,16,0.0,15.0,random_15,0,0.982852834993938
L16_gamma2p0_g0p0_T300,general,16,0.0,15.0,random_15,1,0.08717206256501259
L16_gamma2p0_g0p0_T300,general,16,0.0,15.0,random_15,2,0.9113280028963798
L16_gamma2p0_g0p0_T300,general,16,0.0,15.0,random_15,3,0.08894124889399928
L16_gamma2p0_g0p0_T300,general,16,0.0,15.0,random_15,4,0.9110433566568201
L16_gamma2p0_g0p0_T300,general,16,0.0,15.0,random_15,5,0.08896062441558257
L16_gamma2p0_g0p0_T300,general,16,0.0,15.0,random_15,6,0.9110390984530589
L16_gamma2p0_g0p0_T300,general,16,0.0,15.0,random_15,7,0.08896098083186256
L16_gamma2p0_g0p0_T300,general,16,0.0,15.0,random_15,8,0.9110390191681377
L16_gamma2p0_g0p0_T300,general,16,0.0,15.0,random_15,9,0.08896090154694113
L16_gamma2p0_g0p0_T300,general,16,0.0,15.0,random_15,10,0.9110393755844173
L16_gamma2p0_g0p0_T300,general,16,0.0,15.0,random_15,11,0.08895664334317992
L16_gamma2p0_g0p0_T300,general,16,0.0,15.0,random_15,12,0.9110587511060007
L16_gamma2p0_g0p0_T300,general,16,0.0,15.0,random_15,13,0.08867199710362032
L16_gamma2p0_g0p0_T300,general,16,0.0,15.0,random_15,14,0.9128279374349875
L16_gamma2p0_g0p0_T300,general,16,0.0,15.0,random_15,15,0.01714716500606194
L16_gamma2p0_g0p0_T300,general,16,0.0,15.0,random_16,0,0.9828528349939382
L16_gamma2p0_g0p0_T300,general,16,0.0,15.0,random_16,1,0.0871720625650126
L16_gamma2p0_g0p0_T300,general,16,0.0,15.0,random_16,2,0.9113280028963796
L16_gamma2p0_g0p0_T300,general,16,0.0,15.0,random_16,3,0.08894124889399929
L16_gamma2p0_g0p0_T300,general,16,0.0,15.0,random_16,4,0.9110433566568199
L16_gamma2p0_g0p0_T300,general,16,0.0,15.0,random_16,5,0.08896062441558258
L16_gamma2p0_g0p0_T300,general,16,0.0,15.0,random_16,6,0.9110390984530587
L16_gamma2p0_g0p0_T300,general,16,0.0,15.0,random_16,7,0.08896098083186255
L16_gamma2p0_g0p0_T300,general,16,0.0,15.0,random_16,8,0.9110390191681375
L16_gamma2p0_g0p0_T300,general,16,0.0,15.0,random_16,9,0.08896090154694111
L16_gamma2p0_g0p0_T300,general,16,0.0,15.0,random_16,10,0.9110393755844175
L16_gamma2p0_g0p0_T300,general,16,0.0,15.0,random_16,11,0.08895664334317993
L16_gamma2p0_g0p0_T300,general,16,0.0,15.0,random_16,12,0.9110587511060007
L16_gamma2p0_g0p0_T300,general,16,0.0,15.0,random_16,13,0.08867199710362031
L16_gamma2p0_g0p0_T300,general,16,0.0,15.0,random_16,14,0.9128279374349875
L16_gamma2p0_g0p0_T300,general,16,0.0,15.0,random_16,15,0.017147165006061935
L16_gamma2p0_g0p0_T300,general,16,0.0,15.0,random_17,0,0.982852834993938
L16_gamma2p0_g0p0_T300,general,16,0.0,15.0,random_17,1,0.08717206256501259
L16_gamma2p0_g0p0_T300,general,16,0.0,15.0,random_17,2,0.9113280028963797
L16_gamma2p0_g0p0_T300,general,16,0.0,15.0,random_17,3,0.08894124889399924
L16_gamma2p0_g0p0_T300,general,16,0.0,15.0,random_17,4,0.91104335665682
L16_gamma2p0_g0p0_T300,general,16,0.0,15.0,random_17,5,0.0889606244155826
L16_gamma2p0_g0p0_T300,general,16,0.0,15.0,random_17,6,0.9110390984530589
L16_gamma2p0_g0p0_T300,general,16,0.0,15.0,random_17,7,0.08896098083186255
L16_gamma2p0_g0p0_T300,general,16,0.0,15.0,random_17,8,0.9110390191681375
L16_gamma2p0_g0p0_T300,general,16,0.0,15.0,random_17,9,0.08896090154694114
L16_gamma2p0_g0p0_T300,general,16,0.0,15.0,random_17,10,0.9110393755844175
L16_gamma2p0_g0p0_T300,general,16,0.0,15.0,random_17,11,0.08895664334317992
L16_gamma2p0_g0p0_T300,general,16,0.0,15.0,random_17,12,0.9110587511060009
L16_gamma2p0_g0p0_T300,general,16,0.0,15.0,random_17,13,0.08867199710362031
L16_gamma2p0_g0p0_T300,general,16,0.0,15.0,random_17,14,0.9128279374349872
L16_gamma2p0_g0p0_T300,general,16,0.0,15.0,random_17,15,0.017147165006061938
L16_gamma2p0_g0p0_T300,general,16,0.0,15.0,random_18,0,0.9828528349939379
L16_gamma2p0_g0p0_T300,general,16,0.0,15.0,random_18,1,0.08717206256501259
L16_gamma2p0_g0p0_T300,general,16,0.0,15.0,random_18,2,0.9113280028963797
L16_gamma2p0_g0p0_T300,general,16,0.0,15.0,random_18,3,0.08894124889399926
L16_gamma2p0_g0p0_T300,general,16,0.0,15.0,random_18,4,0.9110433566568201
L16_gamma2p0_g0p0_T300,general,16,0.0,15.0,random_18,5,0.08896062441558257
L16_gamma2p0_g0p0_T300,general,16,0.0,15.0,random_18,6,0.911039098453059
L16_gamma2p0_g0p0_T300,general,16,0.0,15.0,random_18,7,0.08896098083186255
L16_gamma2p0_g0p0_T300,general,16,0.0,15.0,random_18,8,0.9110390191681375
L16_gamma2p0_g0p0_T300,general,16,0.0,15.0,random_18,9,0.08896090154694113
L16_gamma2p0_g0p0_T300,general,16,0.0,15.0,random_18,10,0.9110393755844175
L16_gamma2p0_g0p0_T300,general,16,0.0,15.0,random_18,11,0.08895664334317993
L16_gamma2p0_g0p0_T300,general,16,0.0,15.0,random_18,12,0.9110587511060009
L16_gamma2p0_g0p0_T300,general,16,0.0,15.0,random_18,13,0.08867199710362031
L16_gamma2p0_g0p0_T300,general,16,0.0,15.0,random_18,14,0.9128279374349872
L16_gamma2p0_g0p0_T300,general,16,0.0,15.0,random_18,15,0.017147165006061935
L16_gamma2p0_g0p0_T300,general,16,0.0,15.0,random_19,0,0.9828528349939384
L16_gamma2p0_g0p0_T300,general,16,0.0,15.0,random_19,1,0.08717206256501261
L16_gamma2p0_g0p0_T300,general,16,0.0,15.0,random_19,2,0.9113280028963797
L16_gamma2p0_g0p0_T300,general,16,0.0,15.0,random_19,3,0.08894124889399926
L16_gamma2p0_g0p0_T300,general,16,0.0,15.0,random_19,4,0.9110433566568201
L16_gamma2p0_g0p0_T300,general,16,0.0,15.0,random_19,5,0.08896062441558258
L16_gamma2p0_g0p0_T300,general,16,0.0,15.0,random_19,6,0.9110390984530589
L16_gamma2p0_g0p0_T300,general,16,0.0,15.0,random_19,7,0.08896098083186256
L16_gamma2p0_g0p0_T300,general,16,0.0,15.0,random_19,8,0.9110390191681375
L16_gamma2p0_g0p0_T300,general,16,0.0,15.0,random_19,9,0.08896090154694111
L16_gamma2p0_g0p0_T300,general,16,0.0,15.0,random_19,10,0.9110393755844175
L16_gamma2p0_g0p0_T300,general,16,0.0,15.0,random_19,11,0.08895664334317993
L16_gamma2p0_g0p0_T300,general,16,0.0,15.0,random_19,12,0.9110587511060008
L16_gamma2p0_g0p0_T300,general,16,0.0,15.0,random_19,13,0.08867199710362032
L16_gamma2p0_g0p0_T300,general,16,0.0,15.0,random_19,14,0.9128279374349875
L16_gamma2p0_g0p0_T300,general,16,0.0,15.0,random_19,15,0.017147165006061935
L16_gamma2p0_g0p25_T100,general,16,0.25,5.0,hermitian_ground,0,0.9823472918641061
L16_gamma2p0_g0p25_T100,general,16,0.25,5.0,hermitian_ground,1,0.06129570570819122
L16_gamma2p0_g0p25_T100,general,16,0.25,5.0,hermitian_ground,2,0.9365125121629605
L16_gamma2p0_g0p25_T100,general,16,0.25,5.0,hermitian_ground,3,0.06364736054162937
L16_gamma2p0_g0p25_T100,general,16,0.25,5.0,hermitian_ground,4,0.9363246844739622
L16_gamma2p0_g0p25_T100,general,16,0.25,5.0,hermitian_ground,5,0.0636771457368349
L16_gamma2p0_g0p25_T100,general,16,0.25,5.0,hermitian_ground,6,0.9363222568528311
L16_gamma2p0_g0p25_T100,general,16,0.25,5.0,hermitian_ground,7,0.06367776925386687
L16_gamma2p0_g0p25_T100,general,16,0.25,5.0,hermitian_ground,8,0.9363222307461332
L16_gamma2p0_g0p25_T100,general,16,0.25,5.0,hermitian_ground,9,0.06367774314716887
L16_gamma2p0_g0p25_T100,general,16,0.25,5.0,hermitian_ground,10,0.9363228542631652
L16_gamma2p0_g0p25_T100,general,16,0.25,5.0,hermitian_ground,11,0.06367531552603765
L16_gamma2p0_g0p25_T100,general,16,0.25,5.0,hermitian_ground,12,0.9363526394583706
L16_gamma2p0_g0p25_T100,general,16,0.25,5.0,hermitian_ground,13,0.06348748783703946
L16_gamma2p0_g0p25_T100,general,16,0.25,5.0,hermitian_ground,14,0.9387042942918087
L16_gamma2p0_g0p25_T100,general,16,0.25,5.0,hermitian_ground,15,0.01765270813589385
L16_gamma2p0_g0p25_T100,general,16,0.25,5.0,random_00,0,0.9823472921415936
L16_gamma2p0_g0p25_T100,general,16,0.25,5.0,random_00,1,0.0612957051128915
L16_gamma2p0_g0p25_T100,general,16,0.25,5.0,random_00,2,0.9365125696112114
L16_gamma2p0_g0p25_T100,general,16,0.25,5.0,random_00,3,0.06364725133655798
L16_gamma2p0_g0p25_T100,general,16,0.25,5.0,random_00,4,0.9363247617754554
L16_gamma2p0_g0p25_T100,general,16,0.25,5.0,random_00,5,0.06367712252005012
L16_gamma2p0_g0p25_T100,general,16,0.25,5.0,random_00,6,0.93632225883982
L16_gamma2p0_g0p25_T100,general,16,0.25,5.0,random_00,7,0.06367774418551297
L16_gamma2p0_g0p25_T100,general,16,0.25,5.0,random_00,8,0.9363222775164484
L16_gamma2p0_g0p25_T100,general,16,0.25,5.0,random_00,9,0.06367769189446887
L16_gamma2p0_g0p25_T100,general,16,0.25,5.0,random_00,10,0.9363229161350378
L16_gamma2p0_g0p25_T100,general,16,0.25,5.0,random_00,11,0.06367523420712254
L16_gamma2p0_g0p25_T100,general,16,0.25,5.0,random_00,12,0.9363527481625005
L16_gamma2p0_g0p25_T100,general,16,0.25,5.0,random_00,13,0.06348738225928466
L16_gamma2p0_g0p25_T100,general,16,0.25,5.0,random_00,14,0.9387043449136179
L16_gamma2p0_g0p25_T100,general,16,0.25,5.0,random_00,15,0.017652699388426386
L16_gamma2p0_g0p25_T100,general,16,0.25,5.0,random_01,0,0.9823473122876899
L16_gamma2p0_g0p25_T100,general,16,0.25,5.0,random_01,1,0.061295570011234535
L16_gamma2p0_g0p25_T100,general,16,0.25,5.0,random_01,2,0.9365127992435223
L16_gamma2p0_g0p25_T100,general,16,0.25,5.0,random_01,3,0.06364697679204658
L16_gamma2p0_g0p25_T100,general,16,0.25,5.0,random_01,4,0.936325088014482
L16_gamma2p0_g0p25_T100,general,16,0.25,5.0,random_01,5,0.06367681601021205
L16_gamma2p0_g0p25_T100,general,16,0.25,5.0,random_01,6,0.9363224894019563
L16_gamma2p0_g0p25_T100,general,16,0.25,5.0,random_01,7,0.06367755118553114
L16_gamma2p0_g0p25_T100,general,16,0.25,5.0,random_01,8,0.9363224298039883
L16_gamma2p0_g0p25_T100,general,16,0.25,5.0,random_01,9,0.0636775328483734
L16_gamma2p0_g0p25_T100,general,16,0.25,5.0,random_01,10,0.9363230428912431
L16_gamma2p0_g0p25_T100,general,16,0.25,5.0,random_01,11,0.0636752484466915
L16_gamma2p0_g0p25_T100,general,16,0.25,5.0,random_01,12,0.9363526464405648
L16_gamma2p0_g0p25_T100,general,16,0.25,5.0,random_01,13,0.0634875154581432
L16_gamma2p0_g0p25_T100,general,16,0.25,5.0,random_01,14,0.9387042620612607
L16_gamma2p0_g0p25_T100,general,16,0.25,5.0,random_01,15,0.017652719103060155
L16_gamma2p0_g0p25_T100,general,16,0.25,5.0,random_02,0,0.9823472931707176
L16_gamma2p0_g0p25_T100,general,16,0.25,5.0,random_02,1,0.06129570128599488
L16_gamma2p0_g0p25_T100,general,16,0.25,5.0,random_02,2,0.9365125062645322
L16_gamma2p0_g0p25_T100,general,16,0.25,5.0,random_02,3,0.06364740559516874
L16_gamma2p0_g0p25_T100,general,16,0.25,5.0,random_02,4,0.9363246712309697
L16_gamma2p0_g0p25_T100,general,16,0.25,5.0,random_02,5,0.06367710351066143
L16_gamma2p0_g0p25_T100,general,16,0.25,5.0,random_02,6,0.9363223457704839
L16_gamma2p0_g0p25_T100,general,16,0.25,5.0,random_02,7,0.06367763602130645
L16_gamma2p0_g0p25_T100,general,16,0.25,5.0,random_02,8,0.9363223521695601
L16_gamma2p0_g0p25_T100,general,16,0.25,5.0,random_02,9,0.06367762937310445
L16_gamma2p0_g0p25_T100,general,16,0.25,5.0,random_02,10,0.9363229751644755
L16_gamma2p0_g0p25_T100,general,16,0.25,5.0,random_02,11,0.06367524571453344
L16_gamma2p0_g0p25_T100,general,16,0.25,5.0,random_02,12,0.9363527022276203
L16_gamma2p0_g0p25_T100,general,16,0.25,5.0,random_02,13,0.06348744287255452
L16_gamma2p0_g0p25_T100,general,16,0.25,5.0,random_02,14,0.9387042820890301
L16_gamma2p0_g0p25_T100,general,16,0.25,5.0,random_02,15,0.017652707539287105
L16_gamma2p0_g0p25_T100,general,16,0.25,5.0,random_03,0,0.9823472955338692
L16_gamma2p0_g0p25_T100,general,16,0.25,5.0,random_03,1,0.06129569571607387
L16_gamma2p0_g0p25_T100,general,16,0.25,5.0,random_03,2,0.9365125223625794
L16_gamma2p0_g0p25_T100,general,16,0.25,5.0,random_03,3,0.06364734797664362
L16_gamma2p0_g0p25_T100,general,16,0.25,5.0,random_03,4,0.9363246735052267
L16_gamma2p0_g0p25_T100,general,16,0.25,5.0,random_03,5,0.06367718369316411
L16_gamma2p0_g0p25_T100,general,16,0.25,5.0,random_03,6,0.9363222719151891
L16_gamma2p0_g0p25_T100,general,16,0.25,5.0,random_03,7,0.06367768104573082
L16_gamma2p0_g0p25_T100,general,16,0.25,5.0,random_03,8,0.9363223857248912
L16_gamma2p0_g0p25_T100,general,16,0.25,5.0,random_03,9,0.0636774811986685
L16_gamma2p0_g0p25_T100,general,16,0.25,5.0,random_03,10,0.9363231525722078
L16_gamma2p0_g0p25_T100,general,16,0.25,5.0,random_03,11,0.06367500739906468
L16_gamma2p0_g0p25_T100,general,16,0.25,5.0,random_03,12,0.9363529185413408
L16_gamma2p0_g0p25_T100,general,16,0.25,5.0,random_03,13,0.06348730345763452
L16_gamma2p0_g0p25_T100,general,16,0.25,5.0,random_03,14,0.9387043849046027
L16_gamma2p0_g0p25_T100,general,16,0.25,5.0,random_03,15,0.017652694453112603
L16_gamma2p0_g0p25_T100,general,16,0.25,5.0,random_04,0,0.9823473046792854
L16_gamma2p0_g0p25_T100,general,16,0.25,5.0,random_04,1,0.061295649736759994
L16_gamma2p0_g0p25_T100,general,16,0.25,5.0,random_04,2,0.9365126207173935
L16_gamma2p0_g0p25_T100,general,16,0.25,5.0,random_04,3,0.06364723677397627
L16_gamma2p0_g0p25_T100,general,16,0.25,5.0,random_04,4,0.936324736991391
L16_gamma2p0_g0p25_T100,general,16,0.25,5.0,random_04,5,0.06367716077009533
L16_gamma2p0_g0p25_T100,general,16,0.25,5.0,random_04,6,0.9363222050518372
L16_gamma2p0_g0p25_T100,general,16,0.25,5.0,random_04,7,0.06367780734204016
L16_gamma2p0_g0p25_T100,general,16,0.25,5.0,random_04,8,0.9363222388046051
L16_gamma2p0_g0p25_T100,general,16,0.25,5.0,random_04,9,0.0636776950111795
L16_gamma2p0_g0p25_T100,general,16,0.25,5.0,random_04,10,0.9363229267281719
L16_gamma2p0_g0p25_T100,general,16,0.25,5.0,random_04,11,0.0636752047764016
L16_gamma2p0_g0p25_T100,general,16,0.25,5.0,random_04,12,0.9363527605339024
L16_gamma2p0_g0p25_T100,general,16,0.25,5.0,random_04,13,0.0634874136098145
L16_gamma2p0_g0p25_T100,general,16,0.25,5.0,random_04,14,0.9387043382538767
L16_gamma2p0_g0p25_T100,general,16,0.25,5.0,random_04,15,0.01765270021926976
L16_gamma2p0_g0p25_T100,general,16,0.25,5.0,random_05,0,0.9823473105587001
L16_gamma2p0_g0p25_T100,general,16,0.25,5.0,random_05,1,0.06129563858317561
L16_gamma2p0_g0p25_T100,general,16,0.25,5.0,random_05,2,0.9365126466520477
L16_gamma2p0_g0p25_T100,general,16,0.25,5.0,random_05,3,0.06364724517291757
L16_gamma2p0_g0p25_T100,general,16,0.25,5.0,random_05,4,0.9363247700772668
L16_gamma2p0_g0p25_T100,general,16,0.25,5.0,random_05,5,0.06367709884564043
L16_gamma2p0_g0p25_T100,general,16,0.25,5.0,random_05,6,0.9363222618742616
L16_gamma2p0_g0p25_T100,general,16,0.25,5.0,random_05,7,0.06367773561904444
L16_gamma2p0_g0p25_T100,general,16,0.25,5.0,random_05,8,0.936322291515844
L16_gamma2p0_g0p25_T100,general,16,0.25,5.0,random_05,9,0.06367764594694297
L16_gamma2p0_g0p25_T100,general,16,0.25,5.0,random_05,10,0.9363229290254711
L16_gamma2p0_g0p25_T100,general,16,0.25,5.0,random_05,11,0.06367533803737638
L16_gamma2p0_g0p25_T100,general,16,0.25,5.0,random_05,12,0.9363525660720556
L16_gamma2p0_g0p25_T100,general,16,0.25,5.0,random_05,13,0.0634875643016777
L16_gamma2p0_g0p25_T100,general,16,0.25,5.0,random_05,14,0.9387042369243376
L16_gamma2p0_g0p25_T100,general,16,0.25,5.0,random_05,15,0.017652720793240723
L16_gamma2p0_g0p25_T100,general,16,0.25,5.0,random_06,0,0.9823473028945036
L16_gamma2p0_g0p25_T100,general,16,0.25,5.0,random_06,1,0.061295655708925464
L16_gamma2p0_g0p25_T100,general,16,0.25,5.0,random_06,2,0.9365126102509004
L16_gamma2p0_g0p25_T100,general,16,0.25,5.0,random_06,3,0.06364721290494108
L16_gamma2p0_g0p25_T100,general,16,0.25,5.0,random_06,4,0.9363248297865829
L16_gamma2p0_g0p25_T100,general,16,0.25,5.0,random_06,5,0.06367703524579038
L16_gamma2p0_g0p25_T100,general,16,0.25,5.0,random_06,6,0.936322318207602
L16_gamma2p0_g0p25_T100,general,16,0.25,5.0,random_06,7,0.063677756593216
L16_gamma2p0_g0p25_T100,general,16,0.25,5.0,random_06,8,0.9363222502902366
L16_gamma2p0_g0p25_T100,general,16,0.25,5.0,random_06,9,0.06367768372401346
L16_gamma2p0_g0p25_T100,general,16,0.25,5.0,random_06,10,0.9363228796805766
L16_gamma2p0_g0p25_T100,general,16,0.25,5.0,random_06,11,0.06367537845833401
L16_gamma2p0_g0p25_T100,general,16,0.25,5.0,random_06,12,0.9363525234265104
L16_gamma2p0_g0p25_T100,general,16,0.25,5.0,random_06,13,0.06348761229652924
L16_gamma2p0_g0p25_T100,general,16,0.25,5.0,random_06,14,0.9387042337295767
L16_gamma2p0_g0p25_T100,general,16,0.25,5.0,random_06,15,0.01765271680176119
L16_gamma2p0_g0p25_T100,general,16,0.25,5.0,random_07,0,0.9823472863980297
L16_gamma2p0_g0p25_T100,general,16,0.25,5.0,random_07,1,0.061295730560005306
L16_gamma2p0_g0p25_T100,general,16,0.25,5.0,random_07,2,0.9365124891584093
L16_gamma2p0_g0p25_T100,general,16,0.25,5.0,random_07,3,0.06364737356747896
L16_gamma2p0_g0p25_T100,general,16,0.25,5.0,random_07,4,0.9363247121136657
L16_gamma2p0_g0p25_T100,general,16,0.25,5.0,random_07,5,0.06367713672411932
L16_gamma2p0_g0p25_T100,general,16,0.25,5.0,random_07,6,0.9363222151348976
L16_gamma2p0_g0p25_T100,general,16,0.25,5.0,random_07,7,0.06367787234105492
L16_gamma2p0_g0p25_T100,general,16,0.25,5.0,random_07,8,0.936322103574635
L16_gamma2p0_g0p25_T100,general,16,0.25,5.0,random_07,9,0.06367783365415026
L16_gamma2p0_g0p25_T100,general,16,0.25,5.0,random_07,10,0.936322831905737
L16_gamma2p0_g0p25_T100,general,16,0.25,5.0,random_07,11,0.06367531651522144
L16_gamma2p0_g0p25_T100,general,16,0.25,5.0,random_07,12,0.9363526486213469
L16_gamma2p0_g0p25_T100,general,16,0.25,5.0,random_07,13,0.06348740737667594
L16_gamma2p0_g0p25_T100,general,16,0.25,5.0,random_07,14,0.9387043421656939
L16_gamma2p0_g0p25_T100,general,16,0.25,5.0,random_07,15,0.017652700188879215
L16_gamma2p0_g0p25_T100,general,16,0.25,5.0,random_08,0,0.9823473439767646
L16_gamma2p0_g0p25_T100,general,16,0.25,5.0,random_08,1,0.06129544285885193
L16_gamma2p0_g0p25_T100,general,16,0.25,5.0,random_08,2,0.9365128131002249
L16_gamma2p0_g0p25_T100,general,16,0.25,5.0,random_08,3,0.0636469397204551
L16_gamma2p0_g0p25_T100,general,16,0.25,5.0,random_08,4,0.9363251034448672
L16_gamma2p0_g0p25_T100,general,16,0.25,5.0,random_08,5,0.06367684009809164
L16_gamma2p0_g0p25_T100,general,16,0.25,5.0,random_08,6,0.936322720255443
L16_gamma2p0_g0p25_T100,general,16,0.25,5.0,random_08,7,0.06367735983416482
L16_gamma2p0_g0p25_T100,general,16,0.25,5.0,random_08,8,0.9363225249285871
L16_gamma2p0_g0p25_T100,general,16,0.25,5.0,random_08,9,0.06367736517988239
L16_gamma2p0_g0p25_T100,general,16,0.25,5.0,random_08,10,0.9363232417499976
L16_gamma2p0_g0p25_T100,general,16,0.25,5.0,random_08,11,0.06367508571330432
L16_gamma2p0_g0p25_T100,general,16,0.25,5.0,random_08,12,0.9363527117310673
L16_gamma2p0_g0p25_T100,general,16,0.25,5.0,random_08,13,0.06348757646016603
L16_gamma2p0_g0p25_T100,general,16,0.25,5.0,random_08,14,0.9387041995200675
L16_gamma2p0_g0p25_T100,general,16,0.25,5.0,random_08,15,0.017652731428064505
L16_gamma2p0_g0p25_T100,general,16,0.25,5.0,random_09,0,0.9823472903399055
L16_gamma2p0_g0p25_T100,general,16,0.25,5.0,random_09,1,0.061295721433379705
L16_gamma2p0_g0p25_T100,general,16,0.25,5.0,random_09,2,0.9365124888928475
L16_gamma2p0_g0p25_T100,general,16,0.25,5.0,random_09,3,0.06364740371831433
L16_gamma2p0_g0p25_T100,general,16,0.25,5.0,random_09,4,0.9363246433250539
L16_gamma2p0_g0p25_T100,general,16,0.25,5.0,random_09,5,0.06367715567546232
L16_gamma2p0_g0p25_T100,general,16,0.25,5.0,random_09,6,0.9363222877904864
L16_gamma2p0_g0p25_T100,general,16,0.25,5.0,random_09,7,0.06367767755586792
L16_gamma2p0_g0p25_T100,general,16,0.25,5.0,random_09,8,0.9363223168158522
L16_gamma2p0_g0p25_T100,general,16,0.25,5.0,random_09,9,0.06367771064733152
L16_gamma2p0_g0p25_T100,general,16,0.25,5.0,random_09,10,0.93632284054187
L16_gamma2p0_g0p25_T100,general,16,0.25,5.0,random_09,11,0.0636753673057922
L16_gamma2p0_g0p25_T100,general,16,0.25,5.0,random_09,12,0.9363526058155509
L16_gamma2p0_g0p25_T100,general,16,0.25,5.0,random_09,13,0.0634874954586223
L16_gamma2p0_g0p25_T100,general,16,0.25,5.0,random_09,14,0.9387042912253549
L16_gamma2p0_g0p25_T100,general,16,0.25,5.0,random_09,15,0.017652703458308636
L16_gamma2p0_g0p25_T100,general,16,0.25,5.0,random_10,0,0.9823472870106515
L16_gamma2p0_g0p25_T100,general,16,0.25,5.0,random_10,1,0.061295726229679506
L16_gamma2p0_g0p25_T100,general,16,0.25,5.0,random_10,2,0.9365124716162481
L16_gamma2p0_g0p25_T100,general,16,0.25,5.0,random_10,3,0.06364746930688389
L16_gamma2p0_g0p25_T100,general,16,0.25,5.0,random_10,4,0.9363245693871044
L16_gamma2p0_g0p25_T100,general,16,0.25,5.0,random_10,5,0.06367725222571252
L16_gamma2p0_g0p25_T100,general,16,0.25,5.0,random_10,6,0.936322175627754
L16_gamma2p0_g0p25_T100,general,16,0.25,5.0,random_10,7,0.06367780715970803
L16_gamma2p0_g0p25_T100,general,16,0.25,5.0,random_10,8,0.9363222093732972
L16_gamma2p0_g0p25_T100,general,16,0.25,5.0,random_10,9,0.06367784780758998
L16_gamma2p0_g0p25_T100,general,16,0.25,5.0,random_10,10,0.93632269033798
L16_gamma2p0_g0p25_T100,general,16,0.25,5.0,random_10,11,0.06367541165263862
L16_gamma2p0_g0p25_T100,general,16,0.25,5.0,random_10,12,0.9363525895220173
L16_gamma2p0_g0p25_T100,general,16,0.25,5.0,random_10,13,0.06348747778070267
L16_gamma2p0_g0p25_T100,general,16,0.25,5.0,random_10,14,0.9387043076123532
L16_gamma2p0_g0p25_T100,general,16,0.25,5.0,random_10,15,0.017652707349679046
L16_gamma2p0_g0p25_T100,general,16,0.25,5.0,random_11,0,0.9823472997219572
L16_gamma2p0_g0p25_T100,general,16,0.25,5.0,random_11,1,0.061295668966299
L16_gamma2p0_g0p25_T100,general,16,0.25,5.0,random_11,2,0.9365125660705655
L16_gamma2p0_g0p25_T100,general,16,0.25,5.0,random_11,3,0.06364733061746233
L16_gamma2p0_g0p25_T100,general,16,0.25,5.0,random_11,4,0.9363246684666817
L16_gamma2p0_g0p25_T100,general,16,0.25,5.0,random_11,5,0.06367723090267963
L16_gamma2p0_g0p25_T100,general,16,0.25,5.0,random_11,6,0.9363221693402524
L16_gamma2p0_g0p25_T100,general,16,0.25,5.0,random_11,7,0.06367785394913739
L16_gamma2p0_g0p25_T100,general,16,0.25,5.0,random_11,8,0.9363221965975982
L16_gamma2p0_g0p25_T100,general,16,0.25,5.0,random_11,9,0.06367767455398654
L16_gamma2p0_g0p25_T100,general,16,0.25,5.0,random_11,10,0.9363229380321831
L16_gamma2p0_g0p25_T100,general,16,0.25,5.0,random_11,11,0.06367524860599985
L16_gamma2p0_g0p25_T100,general,16,0.25,5.0,random_11,12,0.9363526690276253
L16_gamma2p0_g0p25_T100,general,16,0.25,5.0,random_11,13,0.06348748951520801
L16_gamma2p0_g0p25_T100,general,16,0.25,5.0,random_11,14,0.9387042830334477
L16_gamma2p0_g0p25_T100,general,16,0.25,5.0,random_11,15,0.017652712598915835
L16_gamma2p0_g0p25_T100,general,16,0.25,5.0,random_12,0,0.9823472983583539
L16_gamma2p0_g0p25_T100,general,16,0.25,5.0,random_12,1,0.06129568141668606
L16_gamma2p0_g0p25_T100,general,16,0.25,5.0,random_12,2,0.9365125507388864
L16_gamma2p0_g0p25_T100,general,16,0.25,5.0,random_12,3,0.06364731577641035
L16_gamma2p0_g0p25_T100,general,16,0.25,5.0,random_12,4,0.9363247339800373
L16_gamma2p0_g0p25_T100,general,16,0.25,5.0,random_12,5,0.06367708854051907
L16_gamma2p0_g0p25_T100,general,16,0.25,5.0,random_12,6,0.9363222960398093
L16_gamma2p0_g0p25_T100,general,16,0.25,5.0,random_12,7,0.06367774048313929
L16_gamma2p0_g0p25_T100,general,16,0.25,5.0,random_12,8,0.9363222481193655
L16_gamma2p0_g0p25_T100,general,16,0.25,5.0,random_12,9,0.0636777191019457
L16_gamma2p0_g0p25_T100,general,16,0.25,5.0,random_12,10,0.936322890018535
L16_gamma2p0_g0p25_T100,general,16,0.25,5.0,random_12,11,0.06367527783641645
L16_gamma2p0_g0p25_T100,general,16,0.25,5.0,random_12,12,0.9363526607295997
L16_gamma2p0_g0p25_T100,general,16,0.25,5.0,random_12,13,0.06348748965982577
L16_gamma2p0_g0p25_T100,general,16,0.25,5.0,random_12,14,0.9387042972351274
L16_gamma2p0_g0p25_T100,general,16,0.25,5.0,random_12,15,0.017652711965342877
L16_gamma2p0_g0p25_T100,general,16,0.25,5.0,random_13,0,0.9823472793930066
L16_gamma2p0_g0p25_T100,general,16,0.25,5.0,random_13,1,0.06129575884322998
L16_gamma2p0_g0p25_T100,general,16,0.25,5.0,random_13,2,0.9365124466327865
L16_gamma2p0_g0p25_T100,general,16,0.25,5.0,random_13,3,0.06364757112267694
L16_gamma2p0_g0p25_T100,general,16,0.25,5.0,random_13,4,0.9363243908936087
L16_gamma2p0_g0p25_T100,general,16,0.25,5.0,random_13,5,0.06367747178122272
L16_gamma2p0_g0p25_T100,general,16,0.25,5.0,random_13,6,0.936322030693179
L16_gamma2p0_g0p25_T100,general,16,0.25,5.0,random_13,7,0.0636777934627431
L16_gamma2p0_g0p25_T100,general,16,0.25,5.0,random_13,8,0.9363222021979827
L16_gamma2p0_g0p25_T100,general,16,0.25,5.0,random_13,9,0.06367779853093766
L16_gamma2p0_g0p25_T100,general,16,0.25,5.0,random_13,10,0.9363227332058887
L16_gamma2p0_g0p25_T100,general,16,0.25,5.0,random_13,11,0.06367536484277739
L16_gamma2p0_g0p25_T100,general,16,0.25,5.0,random_13,12,0.9363526522068378
L16_gamma2p0_g0p25_T100,general,16,0.25,5.0,random_13,13,0.06348750066314202
L16_gamma2p0_g0p25_T100,general,16,0.25,5.0,random_13,14,0.9387042893265098
L16_gamma2p0_g0p25_T100,general,16,0.25,5.0,random_13,15,0.017652716203469837
L16_gamma2p0_g0p25_T100,general,16,0.25,5.0,random_14,0,0.9823472961927316
L16_gamma2p0_g0p25_T100,general,16,0.25,5.0,random_14,1,0.06129568572048911
L16_gamma2p0_g0p25_T100,general,16,0.25,5.0,random_14,2,0.936512506677993
L16_gamma2p0_g0p25_T100,general,16,0.25,5.0,random_14,3,0.06364743319034151
L16_gamma2p0_g0p25_T100,general,16,0.25,5.0,random_14,4,0.9363245911633562
L16_gamma2p0_g0p25_T100,general,16,0.25,5.0,random_14,5,0.06367727739920875
L16_gamma2p0_g0p25_T100,general,16,0.25,5.0,random_14,6,0.9363221491550789
L16_gamma2p0_g0p25_T100,general,16,0.25,5.0,random_14,7,0.06367779692313645
L16_gamma2p0_g0p25_T100,general,16,0.25,5.0,random_14,8,0.9363222523452551
L16_gamma2p0_g0p25_T100,general,16,0.25,5.0,random_14,9,0.06367768506800711
L16_gamma2p0_g0p25_T100,general,16,0.25,5.0,random_14,10,0.9363228941279628
L16_gamma2p0_g0p25_T100,general,16,0.25,5.0,random_14,11,0.06367534196571101
L16_gamma2p0_g0p25_T100,general,16,0.25,5.0,random_14,12,0.9363525543703548
L16_gamma2p0_g0p25_T100,general,16,0.25,5.0,random_14,13,0.06348756212356399
L16_gamma2p0_g0p25_T100,general,16,0.25,5.0,random_14,14,0.9387042494944884
L16_gamma2p0_g0p25_T100,general,16,0.25,5.0,random_14,15,0.017652724082320846
L16_gamma2p0_g0p25_T100,general,16,0.25,5.0,random_15,0,0.9823473200967944
L16_gamma2p0_g0p25_T100,general,16,0.25,5.0,random_15,1,0.06129561787956238
L16_gamma2p0_g0p25_T100,general,16,0.25,5.0,random_15,2,0.936512674008085
L16_gamma2p0_g0p25_T100,general,16,0.25,5.0,random_15,3,0.06364719017220682
L16_gamma2p0_g0p25_T100,general,16,0.25,5.0,random_15,4,0.9363248092423592
L16_gamma2p0_g0p25_T100,general,16,0.25,5.0,random_15,5,0.0636771027807533
L16_gamma2p0_g0p25_T100,general,16,0.25,5.0,random_15,6,0.9363222325694128
L16_gamma2p0_g0p25_T100,general,16,0.25,5.0,random_15,7,0.06367785331729993
L16_gamma2p0_g0p25_T100,general,16,0.25,5.0,random_15,8,0.9363220713257612
L16_gamma2p0_g0p25_T100,general,16,0.25,5.0,random_15,9,0.06367796003623143
L16_gamma2p0_g0p25_T100,general,16,0.25,5.0,random_15,10,0.9363225959319406
L16_gamma2p0_g0p25_T100,general,16,0.25,5.0,random_15,11,0.06367558821556613
L16_gamma2p0_g0p25_T100,general,16,0.25,5.0,random_15,12,0.936352431467719
L16_gamma2p0_g0p25_T100,general,16,0.25,5.0,random_15,13,0.06348759265271414
L16_gamma2p0_g0p25_T100,general,16,0.25,5.0,random_15,14,0.9387042499179916
L16_gamma2p0_g0p25_T100,general,16,0.25,5.0,random_15,15,0.01765271038560192
L16_gamma2p0_g0p25_T100,general,16,0.25,5.0,random_16,0,0.9823473284064926
L16_gamma2p0_g0p25_T100,general,16,0.25,5.0,random_16,1,0.06129552692849776
L16_gamma2p0_g0p25_T100,general,16,0.25,5.0,random_16,2,0.9365127725594657
L16_gamma2p0_g0p25_T100,general,16,0.25,5.0,random_16,3,0.06364715592500042
L16_gamma2p0_g0p25_T100,general,16,0.25,5.0,random_16,4,0.9363247982722804
L16_gamma2p0_g0p25_T100,general,16,0.25,5.0,random_16,5,0.06367709581104462
L16_gamma2p0_g0p25_T100,general,16,0.25,5.0,random_16,6,0.9363222428505233
L16_gamma2p0_g0p25_T100,general,16,0.25,5.0,random_16,7,0.06367785307164237
L16_gamma2p0_g0p25_T100,general,16,0.25,5.0,random_16,8,0.936322106670578
L16_gamma2p0_g0p25_T100,general,16,0.25,5.0,random_16,9,0.06367794675623374
L16_gamma2p0_g0p25_T100,general,16,0.25,5.0,random_16,10,0.9363226565224704
L16_gamma2p0_g0p25_T100,general,16,0.25,5.0,random_16,11,0.06367536704772558
L16_gamma2p0_g0p25_T100,general,16,0.25,5.0,random_16,12,0.9363526746464121
L16_gamma2p0_g0p25_T100,general,16,0.25,5.0,random_16,13,0.06348734867294988
L16_gamma2p0_g0p25_T100,general,16,0.25,5.0,random_16,14,0.9387044366122101
L16_gamma2p0_g0p25_T100,general,16,0.25,5.0,random_16,15,0.01765268924647289
L16_gamma2p0_g0p25_T100,general,16,0.25,5.0,random_17,0,0.9823472917997634
L16_gamma2p0_g0p25_T100,general,16,0.25,5.0,random_17,1,0.0612957040851074
L16_gamma2p0_g0p25_T100,general,16,0.25,5.0,random_17,2,0.9365125032891979
L16_gamma2p0_g0p25_T100,general,16,0.25,5.0,random_17,3,0.06364736735152425
L16_gamma2p0_g0p25_T100,general,16,0.25,5.0,random_17,4,0.9363246977263517
L16_gamma2p0_g0p25_T100,general,16,0.25,5.0,random_17,5,0.06367717209777976
L16_gamma2p0_g0p25_T100,general,16,0.25,5.0,random_17,6,0.9363222228380553
L16_gamma2p0_g0p25_T100,general,16,0.25,5.0,random_17,7,0.06367779185623015
L16_gamma2p0_g0p25_T100,general,16,0.25,5.0,random_17,8,0.9363221417117906
L16_gamma2p0_g0p25_T100,general,16,0.25,5.0,random_17,9,0.06367789734162961
L16_gamma2p0_g0p25_T100,general,16,0.25,5.0,random_17,10,0.9363226817765399
L16_gamma2p0_g0p25_T100,general,16,0.25,5.0,random_17,11,0.06367550265490282
L16_gamma2p0_g0p25_T100,general,16,0.25,5.0,random_17,12,0.9363524661964947
L16_gamma2p0_g0p25_T100,general,16,0.25,5.0,random_17,13,0.06348764222104175
L16_gamma2p0_g0p25_T100,general,16,0.25,5.0,random_17,14,0.938704194884266
L16_gamma2p0_g0p25_T100,general,16,0.25,5.0,random_17,15,0.017652722169324373
L16_gamma2p0_g0p25_T100,general,16,0.25,5.0,random_18,0,0.9823473069284283
L16_gamma2p0_g0p25_T100,general,16,0.25,5.0,random_18,1,0.061295642943355814
L16_gamma2p0_g0p25_T100,general,16,0.25,5.0,random_18,2,0.9365125870161347
L16_gamma2p0_g0p25_T100,general,16,0.25,5.0,random_18,3,0.06364731509943024
L16_gamma2p0_g0p25_T100,general,16,0.25,5.0,random_18,4,0.9363247076957377
L16_gamma2p0_g0p25_T100,general,16,0.25,5.0,random_18,5,0.06367713197299942
L16_gamma2p0_g0p25_T100,general,16,0.25,5.0,random_18,6,0.9363222887147056
L16_gamma2p0_g0p25_T100,general,16,0.25,5.0,random_18,7,0.0636776718018825
L16_gamma2p0_g0p25_T100,general,16,0.25,5.0,random_18,8,0.9363223456948959
L16_gamma2p0_g0p25_T100,general,16,0.25,5.0,random_18,9,0.06367763889767597
L16_gamma2p0_g0p25_T100,general,16,0.25,5.0,random_18,10,0.9363229364113868
L16_gamma2p0_g0p25_T100,general,16,0.25,5.0,random_18,11,0.06367528996984179
L16_gamma2p0_g0p25_T100,general,16,0.25,5.0,random_18,12,0.9363526540250308
L16_gamma2p0_g0p25_T100,general,16,0.25,5.0,random_18,13,0.06348748426169887
L16_gamma2p0_g0p25_T100,general,16,0.25,5.0,random_18,14,0.9387042929051459
L16_gamma2p0_g0p25_T100,general,16,0.25,5.0,random_18,15,0.01765270566165025
L16_gamma2p0_g0p25_T100,general,16,0.25,5.0,random_19,0,0.9823472941046462
L16_gamma2p0_g0p25_T100,general,16,0.25,5.0,random_19,1,0.06129569164169751
L16_gamma2p0_g0p25_T100,general,16,0.25,5.0,random_19,2,0.9365125299766719
L16_gamma2p0_g0p25_T100,general,16,0.25,5.0,random_19,3,0.063647336158356
L16_gamma2p0_g0p25_T100,general,16,0.25,5.0,random_19,4,0.9363246710002241
L16_gamma2p0_g0p25_T100,general,16,0.25,5.0,random_19,5,0.06367719775238376
L16_gamma2p0_g0p25_T100,general,16,0.25,5.0,random_19,6,0.9363222161899656
L16_gamma2p0_g0p25_T100,general,16,0.25,5.0,random_19,7,0.06367774790500091
L16_gamma2p0_g0p25_T100,general,16,0.25,5.0,random_19,8,0.9363223288644387
L16_gamma2p0_g0p25_T100,general,16,0.25,5.0,random_19,9,0.0636775811540675
L16_gamma2p0_g0p25_T100,general,16,0.25,5.0,random_19,10,0.9363230189368846
L16_gamma2p0_g0p25_T100,general,16,0.25,5.0,random_19,11,0.06367513744072942
L16_gamma2p0_g0p25_T100,general,16,0.25,5.0,random_19,12,0.9363527841604575
L16_gamma2p0_g0p25_T100,general,16,0.25,5.0,random_19,13,0.06348739002589883
L16_gamma2p0_g0p25_T100,general,16,0.25,5.0,random_19,14,0.9387043811002252
L16_gamma2p0_g0p25_T100,general,16,0.25,5.0,random_19,15,0.017652693588352544
L16_gamma2p0_g0p25_T300,general,16,0.25,15.0,hermitian_ground,0,0.9823472806677938
L16_gamma2p0_g0p25_T300,general,16,0.25,15.0,hermitian_ground,1,0.06129575685813532
L16_gamma2p0_g0p25_T300,general,16,0.25,15.0,hermitian_ground,2,0.9365124242946088
L16_gamma2p0_g0p25_T300,general,16,0.25,15.0,hermitian_ground,3,0.06364747137943544
L16_gamma2p0_g0p25_T300,general,16,0.25,15.0,hermitian_ground,4,0.9363245619741123
L16_gamma2p0_g0p25_T300,general,16,0.25,15.0,hermitian_ground,5,0.0636772724188469
L16_gamma2p0_g0p25_T300,general,16,0.25,15.0,hermitian_ground,6,0.9363221284791164
L16_gamma2p0_g0p25_T300,general,16,0.25,15.0,hermitian_ground,7,0.06367789801655538
L16_gamma2p0_g0p25_T300,general,16,0.25,15.0,hermitian_ground,8,0.9363221019834446
L16_gamma2p0_g0p25_T300,general,16,0.25,15.0,hermitian_ground,9,0.06367787152088368
L16_gamma2p0_g0p25_T300,general,16,0.25,15.0,hermitian_ground,10,0.9363227275811532
L16_gamma2p0_g0p25_T300,general,16,0.25,15.0,hermitian_ground,11,0.06367543802588778
L16_gamma2p0_g0p25_T300,general,16,0.25,15.0,hermitian_ground,12,0.9363525286205645
L16_gamma2p0_g0p25_T300,general,16,0.25,15.0,hermitian_ground,13,0.06348757570539111
L16_gamma2p0_g0p25_T300,general,16,0.25,15.0,hermitian_ground,14,0.9387042431418644
L16_gamma2p0_g0p25_T300,general,16,0.25,15.0,hermitian_ground,15,0.01765271933220632
L16_gamma2p0_g0p25_T300,general,16,0.25,15.0,random_00,0,0.9823472806677935
L16_gamma2p0_g0p25_T300,general,16,0.25,15.0,random_00,1,0.06129575685813533
L16_gamma2p0_g0p25_T300,general,16,0.25,15.0,random_00,2,0.936512424294609
L16_gamma2p0_g0p25_T300,general,16,0.25,15.0,random_00,3,0.06364747137943541
L16_gamma2p0_g0p25_T300,general,16,0.25,15.0,random_00,4,0.9363245619741121
L16_gamma2p0_g0p25_T300,general,16,0.25,15.0,random_00,5,0.0636772724188469
L16_gamma2p0_g0p25_T300,general,16,0.25,15.0,random_00,6,0.9363221284791163
L16_gamma2p0_g0p25_T300,general,16,0.25,15.0,random_00,7,0.06367789801655535
L16_gamma2p0_g0p25_T300,general,16,0.25,15.0,random_00,8,0.9363221019834447
L16_gamma2p0_g0p25_T300,general,16,0.25,15.0,random_00,9,0.06367787152088367
L16_gamma2p0_g0p25_T300,general,16,0.25,15.0,random_00,10,0.9363227275811531
L16_gamma2p0_g0p25_T300,general,16,0.25,15.0,random_00,11,0.06367543802588777
L16_gamma2p0_g0p25_T300,general,16,0.25,15.0,random_00,12,0.9363525286205645
L16_gamma2p0_g0p25_T300,general,16,0.25,15.0,random_00,13,0.06348757570539111
L16_gamma2p0_g0p25_T300,general,16,0.25,15.0,random_00,14,0.9387042431418646
L16_gamma2p0_g0p25_T300,general,16,0.25,15.0,random_00,15,0.017652719332206322
L16_gamma2p0_g0p25_T300,general,16,0.25,15.0,random_01,0,0.9823472806677938
L16_gamma2p0_g0p25_T300,general,16,0.25,15.0,random_01,1,0.06129575685813533
L16_gamma2p0_g0p25_T300,general,16,0.25,15.0,random_01,2,0.936512424294609
L16_gamma2p0_g0p25_T300,general,16,0.25,15.0,random_01,3,0.06364747137943542
L16_gamma2p0_g0p25_T300,general,16,0.25,15.0,random_01,4,0.9363245619741123
L16_gamma2p0_g0p25_T300,general,16,0.25,15.0,random_01,5,0.0636772724188469
L16_gamma2p0_g0p25_T300,general,16,0.25,15.0,random_01,6,0.9363221284791163
L16_gamma2p0_g0p25_T300,general,16,0.25,15.0,random_01,7,0.06367789801655536
L16_gamma2p0_g0p25_T300,general,16,0.25,15.0,random_01,8,0.9363221019834447
L16_gamma2p0_g0p25_T300,general,16,0.25,15.0,random_01,9,0.06367787152088367
L16_gamma2p0_g0p25_T300,general,16,0.25,15.0,random_01,10,0.9363227275811531
L16_gamma2p0_g0p25_T300,general,16,0.25,15.0,random_01,11,0.06367543802588777
L16_gamma2p0_g0p25_T300,general,16,0.25,15.0,random_01,12,0.9363525286205645
L16_gamma2p0_g0p25_T300,general,16,0.25,15.0,random_01,13,0.0634875757053911
L16_gamma2p0_g0p25_T300,general,16,0.25,15.0,random_01,14,0.9387042431418646
L16_gamma2p0_g0p25_T300,general,16,0.25,15.0,random_01,15,0.017652719332206322
L16_gamma2p0_g0p25_T300,general,16,0.25,15.0,random_02,0,0.9823472806677936
L16_gamma2p0_g0p25_T300,general,16,0.25,15.0,random_02,1,0.06129575685813532
L16_gamma2p0_g0p25_T300,general,16,0.25,15.0,random_02,2,0.936512424294609
L16_gamma2p0_g0p25_T300,general,16,0.25,15.0,random_02,3,0.06364747137943544
L16_gamma2p0_g0p25_T300,general,16,0.25,15.0,random_02,4,0.9363245619741122
L16_gamma2p0_g0p25_T300,general,16,0.25,15.0,random_02,5,0.0636772724188469
L16_gamma2p0_g0p25_T300,general,16,0.25,15.0,random_02,6,0.9363221284791161
L16_gamma2p0_g0p25_T300,general,16,0.25,15.0,random_02,7,0.06367789801655536
L16_gamma2p0_g0p25_T300,general,16,0.25,15.0,random_02,8,0.9363221019834447
L16_gamma2p0_g0p25_T300,general,16,0.25,15.0,random_02,9,0.06367787152088367
L16_gamma2p0_g0p25_T300,general,16,0.25,15.0,random_02,10,0.9363227275811532
L16_gamma2p0_g0p25_T300,general,16,0.25,15.0,random_02,11,0.06367543802588777
L16_gamma2p0_g0p25_T300,general,16,0.25,15.0,random_02,12,0.9363525286205645
L16_gamma2p0_g0p25_T300,general,16,0.25,15.0,random_02,13,0.0634875757053911
L16_gamma2p0_g0p25_T300,general,16,0.25,15.0,random_02,14,0.9387042431418647
L16_gamma2p0_g0p25_T300,general,16,0.25,15.0,random_02,15,0.017652719332206322
L16_gamma2p0_g0p25_T300,general,16,0.25,15.0,random_03,0,0.9823472806677936
L16_gamma2p0_g0p25_T300,general,16,0.25,15.0,random_03,1,0.06129575685813532
L16_gamma2p0_g0p25_T300,general,16,0.25,15.0,random_03,2,0.9365124242946089
L16_gamma2p0_g0p25_T300,general,16,0.25,15.0,random_03,3,0.06364747137943544
L16_gamma2p0_g0p25_T300,general,16,0.25,15.0,random_03,4,0.9363245619741123
L16_gamma2p0_g0p25_T300,general,16,0.25,15.0,random_03,5,0.0636772724188469
L16_gamma2p0_g0p25_T300,general,16,0.25,15.0,random_03,6,0.9363221284791162
L16_gamma2p0_g0p25_T300,general,16,0.25,15.0,random_03,7,0.06367789801655536
L16_gamma2p0_g0p25_T300,general,16,0.25,15.0,random_03,8,0.9363221019834447
L16_gamma2p0_g0p25_T300,general,16,0.25,15.0,random_03,9,0.06367787152088365
L16_gamma2p0_g0p25_T300,general,16,0.25,15.0,random_03,10,0.9363227275811531
L16_gamma2p0_g0p25_T300,general,16,0.25,15.0,random_03,11,0.06367543802588777
L16_gamma2p0_g0p25_T300,general,16,0.25,15.0,random_03,12,0.9363525286205647
L16_gamma2p0_g0p25_T300,general,16,0.25,15.0,random_03,13,0.0634875757053911
L16_gamma2p0_g0p25_T300,general,16,0.25,15.0,random_03,14,0.9387042431418648
L16_gamma2p0_g0p25_T300,general,16,0.25,15.0,random_03,15,0.017652719332206322
L16_gamma2p0_g0p25_T300,general,16,0.25,15.0,random_04,0,0.9823472806677938
L16_gamma2p0_g0p25_T300,general,16,0.25,15.0,random_04,1,0.06129575685813532
L16_gamma2p0_g0p25_T300,general,16,0.25,15.0,random_04,2,0.936512424294609
L16_gamma2p0_g0p25_T300,general,16,0.25,15.0,random_04,3,0.06364747137943544
L16_gamma2p0_g0p25_T300,general,16,0.25,15.0,random_04,4,0.9363245619741123
L16_gamma2p0_g0p25_T300,general,16,0.25,15.0,random_04,5,0.0636772724188469
L16_gamma2p0_g0p25_T300,general,16,0.25,15.0,random_04,6,0.9363221284791163
L16_gamma2p0_g0p25_T300,general,16,0.25,15.0,random_04,7,0.06367789801655538
L16_gamma2p0_g0p25_T300,general,16,0.25,15.0,random_04,8,0.9363221019834448
L16_gamma2p0_g0p25_T300,general,16,0.25,15.0,random_04,9,0.06367787152088367
L16_gamma2p0_g0p25_T300,general,16,0.25,15.0,random_04,10,0.9363227275811532
L16_gamma2p0_g0p25_T300,general,16,0.25,15.0,random_04,11,0.06367543802588775
L16_gamma2p0_g0p25_T300,general,16,0.25,15.0,random_04,12,0.9363525286205645
L16_gamma2p0_g0p25_T300,general,16,0.25,15.0,random_04,13,0.0634875757053911
L16_gamma2p0_g0p25_T300,general,16,0.25,15.0,random_04,14,0.9387042431418646
L16_gamma2p0_g0p25_T300,general,16,0.25,15.0,random_04,15,0.017652719332206322
L16_gamma2p0_g0p25_T300,general,16,0.25,15.0,random_05,0,0.9823472806677935
L16_gamma2p0_g0p25_T300,general,16,0.25,15.0,random_05,1,0.06129575685813533
L16_gamma2p0_g0p25_T300,general,16,0.25,15.0,random_05,2,0.9365124242946088
L16_gamma2p0_g0p25_T300,general,16,0.25,15.0,random_05,3,0.06364747137943542
L16_gamma2p0_g0p25_T300,general,16,0.25,15.0,random_05,4,0.9363245619741122
L16_gamma2p0_g0p25_T300,general,16,0.25,15.0,random_05,5,0.0636772724188469
L16_gamma2p0_g0p25_T300,general,16,0.25,15.0,random_05,6,0.9363221284791163
L16_gamma2p0_g0p25_T300,general,16,0.25,15.0,random_05,7,0.06367789801655538
L16_gamma2p0_g0p25_T300,general,16,0.25,15.0,random_05,8,0.9363221019834447
L16_gamma2p0_g0p25_T300,general,16,0.25,15.0,random_05,9,0.06367787152088367
L16_gamma2p0_g0p25_T300,general,16,0.25,15.0,random_05,10,0.9363227275811531
L16_gamma2p0_g0p25_T300,general,16,0.25,15.0,random_05,11,0.06367543802588777
L16_gamma2p0_g0p25_T300,general,16,0.25,15.0,random_05,12,0.9363525286205646
L16_gamma2p0_g0p25_T300,general,16,0.25,15.0,random_05,13,0.06348757570539111
L16_gamma2p0_g0p25_T300,general,16,0.25,15.0,random_05,14,0.9387042431418646
L16_gamma2p0_g0p25_T300,general,16,0.25,15.0,random_05,15,0.017652719332206326
L16_gamma2p0_g0p25_T300,general,16,0.25,15.0,random_06,0,0.9823472806677938
L16_gamma2p0_g0p25_T300,general,16,0.25,15.0,random_06,1,0.06129575685813532
L16_gamma2p0_g0p25_T300,general,16,0.25,15.0,random_06,2,0.936512424294609
L16_gamma2p0_g0p25_T300,general,16,0.25,15.0,random_06,3,0.06364747137943542
L16_gamma2p0_g0p25_T300,general,16,0.25,15.0,random_06,4,0.9363245619741122
L16_gamma2p0_g0p25_T300,general,16,0.25,15.0,random_06,5,0.0636772724188469
L16_gamma2p0_g0p25_T300,general,16,0.25,15.0,random_06,6,0.9363221284791161
L16_gamma2p0_g0p25_T300,general,16,0.25,15.0,random_06,7,0.06367789801655536
L16_gamma2p0_g0p25_T300,general,16,0.25,15.0,random_06,8,0.9363221019834447
L16_gamma2p0_g0p25_T300,general,16,0.25,15.0,random_06,9,0.06367787152088367
L16_gamma2p0_g0p25_T300,general,16,0.25,15.0,random_06,10,0.9363227275811531
L16_gamma2p0_g0p25_T300,general,16,0.25,15.0,random_06,11,0.06367543802588777
L16_gamma2p0_g0p25_T300,general,16,0.25,15.0,random_06,12,0.9363525286205645
L16_gamma2p0_g0p25_T300,general,16,0.25,15.0,random_06,13,0.0634875757053911
L16_gamma2p0_g0p25_T300,general,16,0.25,15.0,random_06,14,0.9387042431418647
L16_gamma2p0_g0p25_T300,general,16,0.25,15.0,random_06,15,0.017652719332206322
L16_gamma2p0_g0p25_T300,general,16,0.25,15.0,random_07,0,0.9823472806677938
L16_gamma2p0_g0p25_T300,general,16,0.25,15.0,random_07,1,0.06129575685813532
L16_gamma2p0_g0p25_T300,general,16,0.25,15.0,random_07,2,0.936512424294609
L16_gamma2p0_g0p25_T300,general,16,0.25,15.0,random_07,3,0.06364747137943544
L16_gamma2p0_g0p25_T300,general,16,0.25,15.0,random_07,4,0.9363245619741123
L16_gamma2p0_g0p25_T300,general,16,0.25,15.0,random_07,5,0.0636772724188469
L16_gamma2p0_g0p25_T300,general,16,0.25,15.0,random_07,6,0.9363221284791163
L16_gamma2p0_g0p25_T300,general,16,0.25,15.0,random_07,7,0.06367789801655538
L16_gamma2p0_g0p25_T300,general,16,0.25,15.0,random_07,8,0.9363221019834447
L16_gamma2p0_g0p25_T300,general,16,0.25,15.0,random_07,9,0.06367787152088368
L16_gamma2p0_g0p25_T300,general,16,0.25,15.0,random_07,10,0.9363227275811532
L16_gamma2p0_g0p25_T300,general,16,0.25,15.0,random_07,11,0.06367543802588777
L16_gamma2p0_g0p25_T300,general,16,0.25,15.0,random_07,12,0.9363525286205647
L16_gamma2p0_g0p25_T300,general,16,0.25,15.0,random_07,13,0.06348757570539111
L16_gamma2p0_g0p25_T300,general,16,0.25,15.0,random_07,14,0.9387042431418648
L16_gamma2p0_g0p25_T300,general,16,0.25,15.0,random_07,15,0.01765271933220633
L16_gamma2p0_g0p25_T300,general,16,0.25,15.0,random_08,0,0.9823472806677938
L16_gamma2p0_g0p25_T300,general,16,0.25,15.0,random_08,1,0.06129575685813533
L16_gamma2p0_g0p25_T300,general,16,0.25,15.0,random_08,2,0.9365124242946088
L16_gamma2p0_g0p25_T300,general,16,0.25,15.0,random_08,3,0.06364747137943542
L16_gamma2p0_g0p25_T300,general,16,0.25,15.0,random_08,4,0.9363245619741122
L16_gamma2p0_g0p25_T300,general,16,0.25,15.0,random_08,5,0.0636772724188469
L16_gamma2p0_g0p25_T300,general,16,0.25,15.0,random_08,6,0.9363221284791164
L16_gamma2p0_g0p25_T300,general,16,0.25,15.0,random_08,7,0.06367789801655536
L16_gamma2p0_g0p25_T300,general,16,0.25,15.0,random_08,8,0.9363221019834446
L16_gamma2p0_g0p25_T300,general,16,0.25,15.0,random_08,9,0.06367787152088367
L16_gamma2p0_g0p25_T300,general,16,0.25,15.0,random_08,10,0.9363227275811532
L16_gamma2p0_g0p25_T300,general,16,0.25,15.0,random_08,11,0.06367543802588777
L16_gamma2p0_g0p25_T300,general,16,0.25,15.0,random_08,12,0.9363525286205647
L16_gamma2p0_g0p25_T300,general,16,0.25,15.0,random_08,13,0.0634875757053911
L16_gamma2p0_g0p25_T300,general,16,0.25,15.0,random_08,14,0.9387042431418647
L16_gamma2p0_g0p25_T300,general,16,0.25,15.0,random_08,15,0.017652719332206322
L16_gamma2p0_g0p25_T300,general,16,0.25,15.0,random_09,0,0.9823472806677938
L16_gamma2p0_g0p25_T300,general,16,0.25,15.0,random_09,1,0.06129575685813533
L16_gamma2p0_g0p25_T300,general,16,0.25,15.0,random_09,2,0.9365124242946089
L16_gamma2p0_g0p25_T300,general,16,0.25,15.0,random_09,3,0.06364747137943542
L16_gamma2p0_g0p25_T300,general,16,0.25,15.0,random_09,4,0.9363245619741123
L16_gamma2p0_g0p25_T300,general,16,0.25,15.0,random_09,5,0.0636772724188469
L16_gamma2p0_g0p25_T300,general,16,0.25,15.0,random_09,6,0.9363221284791166
L16_gamma2p0_g0p25_T300,general,16,0.25,15.0,random_09,7,0.06367789801655536
L16_gamma2p0_g0p25_T300,general,16,0.25,15.0,random_09,8,0.9363221019834445
L16_gamma2p0_g0p25_T300,general,16,0.25,15.0,random_09,9,0.06367787152088365
L16_gamma2p0_g0p25_T300,general,16,0.25,15.0,random_09,10,0.9363227275811532
L16_gamma2p0_g0p25_T300,general,16,0.25,15.0,random_09,11,0.06367543802588777
L16_gamma2p0_g0p25_T300,general,16,0.25,15.0,random_09,12,0.9363525286205645
L16_gamma2p0_g0p25_T300,general,16,0.25,15.0,random_09,13,0.0634875757053911
L16_gamma2p0_g0p25_T300,general,16,0.25,15.0,random_09,14,0.9387042431418647
L16_gamma2p0_g0p25_T300,general,16,0.25,15.0,random_09,15,0.017652719332206322
L16_gamma2p0_g0p25_T300,general,16,0.25,15.0,random_10,0,0.982347280667794
L16_gamma2p0_g0p25_T300,general,16,0.25,15.0,random_10,1,0.06129575685813532
L16_gamma2p0_g0p25_T300,general,16,0.25,15.0,random_10,2,0.9365124242946088
L16_gamma2p0_g0p25_T300,general,16,0.25,15.0,random_10,3,0.06364747137943544
L16_gamma2p0_g0p25_T300,general,16,0.25,15.0,random_10,4,0.9363245619741122
L16_gamma2p0_g0p25_T300,general,16,0.25,15.0,random_10,5,0.0636772724188469
L16_gamma2p0_g0p25_T300,general,16,0.25,15.0,random_10,6,0.9363221284791163
L16_gamma2p0_g0p25_T300,general,16,0.25,15.0,random_10,7,0.06367789801655535
L16_gamma2p0_g0p25_T300,general,16,0.25,15.0,random_10,8,0.9363221019834447
L16_gamma2p0_g0p25_T300,general,16,0.25,15.0,random_10,9,0.06367787152088365
L16_gamma2p0_g0p25_T300,general,16,0.25,15.0,random_10,10,0.9363227275811532
L16_gamma2p0_g0p25_T300,general,16,0.25,15.0,random_10,11,0.06367543802588778
L16_gamma2p0_g0p25_T300,general,16,0.25,15.0,random_10,12,0.9363525286205645
L16_gamma2p0_g0p25_T300,general,16,0.25,15.0,random_10,13,0.0634875757053911
L16_gamma2p0_g0p25_T300,general,16,0.25,15.0,random_10,14,0.9387042431418647
L16_gamma2p0_g0p25_T300,general,16,0.25,15.0,random_10,15,0.017652719332206322
L16_gamma2p0_g0p25_T300,general,16,0.25,15.0,random_11,0,0.9823472806677935
L16_gamma2p0_g0p25_T300,general,16,0.25,15.0,random_11,1,0.06129575685813531
L16_gamma2p0_g0p25_T300,general,16,0.25,15.0,random_11,2,0.9365124242946089
L16_gamma2p0_g0p25_T300,general,16,0.25,15.0,random_11,3,0.06364747137943542
L16_gamma2p0_g0p25_T300,general,16,0.25,15.0,random_11,4,0.9363245619741123
L16_gamma2p0_g0p25_T300,general,16,0.25,15.0,random_11,5,0.0636772724188469
L16_gamma2p0_g0p25_T300,general,16,0.25,15.0,random_11,6,0.9363221284791162
L16_gamma2p0_g0p25_T300,general,16,0.25,15.0,random_11,7,0.06367789801655536
L16_gamma2p0_g0p25_T300,general,16,0.25,15.0,random_11,8,0.9363221019834447
L16_gamma2p0_g0p25_T300,general,16,0.25,15.0,random_11,9,0.06367787152088367
L16_gamma2p0_g0p25_T300,general,16,0.25,15.0,random_11,10,0.9363227275811531
L16_gamma2p0_g0p25_T300,general,16,0.25,15.0,random_11,11,0.06367543802588777
L16_gamma2p0_g0p25_T300,general,16,0.25,15.0,random_11,12,0.9363525286205645
L16_gamma2p0_g0p25_T300,general,16,0.25,15.0,random_11,13,0.06348757570539111
L16_gamma2p0_g0p25_T300,general,16,0.25,15.0,random_11,14,0.9387042431418646
L16_gamma2p0_g0p25_T300,general,16,0.25,15.0,random_11,15,0.017652719332206322
L16_gamma2p0_g0p25_T300,general,16,0.25,15.0,random_12,0,0.9823472806677938
L16_gamma2p0_g0p25_T300,general,16,0.25,15.0,random_12,1,0.06129575685813532
L16_gamma2p0_g0p25_T300,general,16,0.25,15.0,random_12,2,0.936512424294609
L16_gamma2p0_g0p25_T300,general,16,0.25,15.0,random_12,3,0.06364747137943544
L16_gamma2p0_g0p25_T300,general,16,0.25,15.0,random_12,4,0.9363245619741123
L16_gamma2p0_g0p25_T300,general,16,0.25,15.0,random_12,5,0.0636772724188469
L16_gamma2p0_g0p25_T300,general,16,0.25,15.0,random_12,6,0.9363221284791163
L16_gamma2p0_g0p25_T300,general,16,0.25,15.0,random_12,7,0.06367789801655538
L16_gamma2p0_g0p25_T300,general,16,0.25,15.0,random_12,8,0.9363221019834446
L16_gamma2p0_g0p25_T300,general,16,0.25,15.0,random_12,9,0.06367787152088365
L16_gamma2p0_g0p25_T300,general,16,0.25,15.0,random_12,10,0.936322727581153
L16_gamma2p0_g0p25_T300,general,16,0.25,15.0,random_12,11,0.06367543802588775
L16_gamma2p0_g0p25_T300,general,16,0.25,15.0,random_12,12,0.9363525286205647
L16_gamma2p0_g0p25_T300,general,16,0.25,15.0,random_12,13,0.0634875757053911
L16_gamma2p0_g0p25_T300,general,16,0.25,15.0,random_12,14,0.938704243141865
L16_gamma2p0_g0p25_T300,general,16,0.25,15.0,random_12,15,0.017652719332206322
L16_gamma2p0_g0p25_T300,general,16,0.25,15.0,random_13,0,0.9823472806677935
L16_gamma2p0_g0p25_T300,general,16,0.25,15.0,random_13,1,0.06129575685813532
L16_gamma2p0_g0p25_T300,general,16,0.25,15.0,random_13,2,0.9365124242946088
L16_gamma2p0_g0p25_T300,general,16,0.25,15.0,random_13,3,0.06364747137943544
L16_gamma2p0_g0p25_T300,general,16,0.25,15.0,random_13,4,0.9363245619741122
L16_gamma2p0_g0p25_T300,general,16,0.25,15.0,random_13,5,0.0636772724188469
L16_gamma2p0_g0p25_T300,general,16,0.25,15.0,random_13,6,0.9363221284791164
L16_gamma2p0_g0p25_T300,general,16,0.25,15.0,random_13,7,0.06367789801655538
L16_gamma2p0_g0p25_T300,general,16,0.25,15.0,random_13,8,0.9363221019834447
L16_gamma2p0_g0p25_T300,general,16,0.25,15.0,random_13,9,0.06367787152088365
L16_gamma2p0_g0p25_T300,general,16,0.25,15.0,random_13,10,0.9363227275811532
L16_gamma2p0_g0p25_T300,general,16,0.25,15.0,random_13,11,0.06367543802588777
L16_gamma2p0_g0p25_T300,general,16,0.25,15.0,random_13,12,0.9363525286205646
L16_gamma2p0_g0p25_T300,general,16,0.25,15.0,random_13,13,0.06348757570539111
L16_gamma2p0_g0p25_T300,general,16,0.25,15.0,random_13,14,0.9387042431418648
L16_gamma2p0_g0p25_T300,general,16,0.25,15.0,random_13,15,0.017652719332206322
L16_gamma2p0_g0p25_T300,general,16,0.25,15.0,random_14,0,0.9823472806677936
L16_gamma2p0_g0p25_T300,general,16,0.25,15.0,random_14,1,0.06129575685813532
L16_gamma2p0_g0p25_T300,general,16,0.25,15.0,random_14,2,0.9365124242946088
L16_gamma2p0_g0p25_T300,general,16,0.25,15.0,random_14,3,0.06364747137943544
L16_gamma2p0_g0p25_T300,general,16,0.25,15.0,random_14,4,0.9363245619741123
L16_gamma2p0_g0p25_T300,general,16,0.25,15.0,random_14,5,0.0636772724188469
L16_gamma2p0_g0p25_T300,general,16,0.25,15.0,random_14,6,0.9363221284791162
L16_gamma2p0_g0p25_T300,general,16,0.25,15.0,random_14,7,0.06367789801655535
L16_gamma2p0_g0p25_T300,general,16,0.25,15.0,random_14,8,0.9363221019834446
L16_gamma2p0_g0p25_T300,general,16,0.25,15.0,random_14,9,0.06367787152088367
L16_gamma2p0_g0p25_T300,general,16,0.25,15.0,random_14,10,0.9363227275811532
L16_gamma2p0_g0p25_T300,general,16,0.25,15.0,random_14,11,0.06367543802588778
L16_gamma2p0_g0p25_T300,general,16,0.25,15.0,random_14,12,0.9363525286205646
L16_gamma2p0_g0p25_T300,general,16,0.25,15.0,random_14,13,0.06348757570539111
L16_gamma2p0_g0p25_T300,general,16,0.25,15.0,random_14,14,0.9387042431418646
L16_gamma2p0_g0p25_T300,general,16,0.25,15.0,random_14,15,0.017652719332206322
L16_gamma2p0_g0p25_T300,general,16,0.25,15.0,random_15,0,0.9823472806677935
L16_gamma2p0_g0p25_T300,general,16,0.25,15.0,random_15,1,0.06129575685813532
L16_gamma2p0_g0p25_T300,general,16,0.25,15.0,random_15,2,0.9365124242946088
L16_gamma2p0_g0p25_T300,general,16,0.25,15.0,random_15,3,0.06364747137943544
L16_gamma2p0_g0p25_T300,general,16,0.25,15.0,random_15,4,0.9363245619741123
L16_gamma2p0_g0p25_T300,general,16,0.25,15.0,random_15,5,0.0636772724188469
L16_gamma2p0_g0p25_T300,general,16,0.25,15.0,random_15,6,0.9363221284791163
L16_gamma2p0_g0p25_T300,general,16,0.25,15.0,random_15,7,0.06367789801655536
L16_gamma2p0_g0p25_T300,general,16,0.25,15.0,random_15,8,0.9363221019834447
L16_gamma2p0_g0p25_T300,general,16,0.25,15.0,random_15,9,0.06367787152088367
L16_gamma2p0_g0p25_T300,general,16,0.25,15.0,random_15,10,0.9363227275811532
L16_gamma2p0_g0p25_T300,general,16,0.25,15.0,random_15,11,0.06367543802588778
L16_gamma2p0_g0p25_T300,general,16,0.25,15.0,random_15,12,0.9363525286205645
L16_gamma2p0_g0p25_T300,general,16,0.25,15.0,random_15,13,0.0634875757053911
L16_gamma2p0_g0p25_T300,general,16,0.25,15.0,random_15,14,0.9387042431418645
L16_gamma2p0_g0p25_T300,general,16,0.25,15.0,random_15,15,0.017652719332206322
L16_gamma2p0_g0p25_T300,general,16,0.25,15.0,random_16,0,0.9823472806677936
L16_gamma2p0_g0p25_T300,general,16,0.25,15.0,random_16,1,0.06129575685813531
L16_gamma2p0_g0p25_T300,general,16,0.25,15.0,random_16,2,0.936512424294609
L16_gamma2p0_g0p25_T300,general,16,0.25,15.0,random_16,3,0.06364747137943542
L16_gamma2p0_g0p25_T300,general,16,0.25,15.0,random_16,4,0.9363245619741123
L16_gamma2p0_g0p25_T300,general,16,0.25,15.0,random_16,5,0.06367727241884691
L16_gamma2p0_g0p25_T300,general,16,0.25,15.0,random_16,6,0.9363221284791163
L16_gamma2p0_g0p25_T300,general,16,0.25,15.0,random_16,7,0.06367789801655536
L16_gamma2p0_g0p25_T300,general,16,0.25,15.0,random_16,8,0.9363221019834447
L16_gamma2p0_g0p25_T300,general,16,0.25,15.0,random_16,9,0.06367787152088367
L16_gamma2p0_g0p25_T300,general,16,0.25,15.0,random_16,10,0.9363227275811531
L16_gamma2p0_g0p25_T300,general,16,0.25,15.0,random_16,11,0.06367543802588778
L16_gamma2p0_g0p25_T300,general,16,0.25,15.0,random_16,12,0.9363525286205646
L16_gamma2p0_g0p25_T300,general,16,0.25,15.0,random_16,13,0.0634875757053911
L16_gamma2p0_g0p25_T300,general,16,0.25,15.0,random_16,14,0.9387042431418646
L16_gamma2p0_g0p25_T300,general,16,0.25,15.0,random_16,15,0.017652719332206322
L16_gamma2p0_g0p25_T300,general,16,0.25,15.0,random_17,0,0.9823472806677934
L16_gamma2p0_g0p25_T300,general,16,0.25,15.0,random_17,1,0.061295756858135333
L16_gamma2p0_g0p25_T300,general,16,0.25,15.0,random_17,2,0.9365124242946088
L16_gamma2p0_g0p25_T300,general,16,0.25,15.0,random_17,3,0.06364747137943544
L16_gamma2p0_g0p25_T300,general,16,0.25,15.0,random_17,4,0.9363245619741123
L16_gamma2p0_g0p25_T300,general,16,0.25,15.0,random_17,5,0.06367727241884691
L16_gamma2p0_g0p25_T300,general,16,0.25,15.0,random_17,6,0.9363221284791163
L16_gamma2p0_g0p25_T300,general,16,0.25,15.0,random_17,7,0.06367789801655536
L16_gamma2p0_g0p25_T300,general,16,0.25,15.0,random_17,8,0.9363221019834448
L16_gamma2p0_g0p25_T300,general,16,0.25,15.0,random_17,9,0.06367787152088367
L16_gamma2p0_g0p25_T300,general,16,0.25,15.0,random_17,10,0.9363227275811532
L16_gamma2p0_g0p25_T300,general,16,0.25,15.0,random_17,11,0.06367543802588777
L16_gamma2p0_g0p25_T300,general,16,0.25,15.0,random_17,12,0.9363525286205645
L16_gamma2p0_g0p25_T300,general,16,0.25,15.0,random_17,13,0.06348757570539111
L16_gamma2p0_g0p25_T300,general,16,0.25,15.0,random_17,14,0.9387042431418645
L16_gamma2p0_g0p25_T300,general,16,0.25,15.0,random_17,15,0.017652719332206322
L16_gamma2p0_g0p25_T300,general,16,0.25,15.0,random_18,0,0.9823472806677936
L16_gamma2p0_g0p25_T300,general,16,0.25,15.0,random_18,1,0.06129575685813532
L16_gamma2p0_g0p25_T300,general,16,0.25,15.0,random_18,2,0.936512424294609
L16_gamma2p0_g0p25_T300,general,16,0.25,15.0,random_18,3,0.06364747137943542
L16_gamma2p0_g0p25_T300,general,16,0.25,15.0,random_18,4,0.9363245619741123
L16_gamma2p0_g0p25_T300,general,16,0.25,15.0,random_18,5,0.06367727241884691
L16_gamma2p0_g0p25_T300,general,16,0.25,15.0,random_18,6,0.9363221284791163
L16_gamma2p0_g0p25_T300,general,16,0.25,15.0,random_18,7,0.06367789801655535
L16_gamma2p0_g0p25_T300,general,16,0.25,15.0,random_18,8,0.9363221019834445
L16_gamma2p0_g0p25_T300,general,16,0.25,15.0,random_18,9,0.06367787152088368
L16_gamma2p0_g0p25_T300,general,16,0.25,15.0,random_18,10,0.9363227275811531
L16_gamma2p0_g0p25_T300,general,16,0.25,15.0,random_18,11,0.06367543802588777
L16_gamma2p0_g0p25_T300,general,16,0.25,15.0,random_18,12,0.9363525286205643
L16_gamma2p0_g0p25_T300,general,16,0.25,15.0,random_18,13,0.0634875757053911
L16_gamma2p0_g0p25_T300,general,16,0.25,15.0,random_18,14,0.9387042431418644
L16_gamma2p0_g0p25_T300,general,16,0.25,15.0,random_18,15,0.017652719332206322
L16_gamma2p0_g0p25_T300,general,16,0.25,15.0,random_19,0,0.9823472806677936
L16_gamma2p0_g0p25_T300,general,16,0.25,15.0,random_19,1,0.061295756858135306
L16_gamma2p0_g0p25_T300,general,16,0.25,15.0,random_19,2,0.9365124242946087
L16_gamma2p0_g0p25_T300,general,16,0.25,15.0,random_19,3,0.06364747137943542
L16_gamma2p0_g0p25_T300,general,16,0.25,15.0,random_19,4,0.9363245619741124
L16_gamma2p0_g0p25_T300,general,16,0.25,15.0,random_19,5,0.06367727241884688
L16_gamma2p0_g0p25_T300,general,16,0.25,15.0,random_19,6,0.9363221284791163
L16_gamma2p0_g0p25_T300,general,16,0.25,15.0,random_19,7,0.06367789801655536
L16_gamma2p0_g0p25_T300,general,16,0.25,15.0,random_19,8,0.9363221019834445
L16_gamma2p0_g0p25_T300,general,16,0.25,15.0,random_19,9,0.06367787152088368
L16_gamma2p0_g0p25_T300,general,16,0.25,15.0,random_19,10,0.9363227275811532
L16_gamma2p0_g0p25_T300,general,16,0.25,15.0,random_19,11,0.06367543802588777
L16_gamma2p0_g0p25_T300,general,16,0.25,15.0,random_19,12,0.9363525286205645
L16_gamma2p0_g0p25_T300,general,16,0.25,15.0,random_19,13,0.0634875757053911
L16_gamma2p0_g0p25_T300,general,16,0.25,15.0,random_19,14,0.9387042431418646
L16_gamma2p0_g0p25_T300,general,16,0.25,15.0,random_19,15,0.017652719332206322
L32_gamma2p0_g0p0_T100,general,32,0.0,5.0,hermitian_ground,0,0.9828528438102562
L32_gamma2p0_g0p0_T100,general,32,0.0,5.0,hermitian_ground,1,0.08717199827563629
L32_gamma2p0_g0p0_T100,general,32,0.0,5.0,hermitian_ground,2,0.9113280941943451
L32_gamma2p0_g0p0_T100,general,32,0.0,5.0,hermitian_ground,3,0.08894112361023593
L32_gamma2p0_g0p0_T100,general,32,0.0,5.0,hermitian_ground,4,0.9110434900998734
L32_gamma2p0_g0p0_T100,general,32,0.0,5.0,hermitian_ground,5,0.08896048453649451
L32_gamma2p0_g0p0_T100,general,32,0.0,5.0,hermitian_ground,6,0.9110392392966502
L32_gamma2p0_g0p0_T100,general,32,0.0,5.0,hermitian_ground,7,0.08896084121988528
L32_gamma2p0_g0p0_T100,general,32,0.0,5.0,hermitian_ground,8,0.9110391527154361
L32_gamma2p0_g0p0_T100,general,32,0.0,5.0,hermitian_ground,9,0.08896084915457442
L32_gamma2p0_g0p0_T100,general,32,0.0,5.0,hermitian_ground,10,0.9110391506988753
L32_gamma2p0_g0p0_T100,general,32,0.0,5.0,hermitian_ground,11,0.08896084934760971
L32_gamma2p0_g0p0_T100,general,32,0.0,5.0,hermitian_ground,12,0.9110391506486729
L32_gamma2p0_g0p0_T100,general,32,0.0,5.0,hermitian_ground,13,0.08896084935252323
L32_gamma2p0_g0p0_T100,general,32,0.0,5.0,hermitian_ground,14,0.9110391506473803
L32_gamma2p0_g0p0_T100,general,32,0.0,5.0,hermitian_ground,15,0.08896084935265026
L32_gamma2p0_g0p0_T100,general,32,0.0,5.0,hermitian_ground,16,0.9110391506473497
L32_gamma2p0_g0p0_T100,general,32,0.0,5.0,hermitian_ground,17,0.0889608493526198
L32_gamma2p0_g0p0_T100,general,32,0.0,5.0,hermitian_ground,18,0.9110391506474768
L32_gamma2p0_g0p0_T100,general,32,0.0,5.0,hermitian_ground,19,0.08896084935132705
L32_gamma2p0_g0p0_T100,general,32,0.0,5.0,hermitian_ground,20,0.9110391506523904
L32_gamma2p0_g0p0_T100,general,32,0.0,5.0,hermitian_ground,21,0.08896084930112474
L32_gamma2p0_g0p0_T100,general,32,0.0,5.0,hermitian_ground,22,0.9110391508454256
L32_gamma2p0_g0p0_T100,general,32,0.0,5.0,hermitian_ground,23,0.0889608472845638
L32_gamma2p0_g0p0_T100,general,32,0.0,5.0,hermitian_ground,24,0.9110391587801148
L32_gamma2p0_g0p0_T100,general,32,0.0,5.0,hermitian_ground,25,0.08896076070334974
L32_gamma2p0_g0p0_T100,general,32,0.0,5.0,hermitian_ground,26,0.9110395154635055
L32_gamma2p0_g0p0_T100,general,32,0.0,5.0,hermitian_ground,27,0.08895650990012664
L32_gamma2p0_g0p0_T100,general,32,0.0,5.0,hermitian_ground,28,0.9110588763897642
L32_gamma2p0_g0p0_T100,general,32,0.0,5.0,hermitian_ground,29,0.0886719058056549
L32_gamma2p0_g0p0_T100,general,32,0.0,5.0,hermitian_ground,30,0.9128280017243636
L32_gamma2p0_g0p0_T100,general,32,0.0,5.0,hermitian_ground,31,0.017147156189743877
L32_gamma2p0_g0p0_T100,general,32,0.0,5.0,random_00,0,0.9828528540427008
L32_gamma2p0_g0p0_T100,general,32,0.0,5.0,random_00,1,0.08717189231695702
L32_gamma2p0_g0p0_T100,general,32,0.0,5.0,random_00,2,0.911328259038893
L32_gamma2p0_g0p0_T100,general,32,0.0,5.0,random_00,3,0.08894089172915723
L32_gamma2p0_g0p0_T100,general,32,0.0,5.0,random_00,4,0.9110436928917025
L32_gamma2p0_g0p0_T100,general,32,0.0,5.0,random_00,5,0.08896032364680151
L32_gamma2p0_g0p0_T100,general,32,0.0,5.0,random_00,6,0.9110393880057542
L32_gamma2p0_g0p0_T100,general,32,0.0,5.0,random_00,7,0.08896076482227465
L32_gamma2p0_g0p0_T100,general,32,0.0,5.0,random_00,8,0.9110391971194254
L32_gamma2p0_g0p0_T100,general,32,0.0,5.0,random_00,9,0.0889609268143586
L32_gamma2p0_g0p0_T100,general,32,0.0,5.0,random_00,10,0.9110390592597024
L32_gamma2p0_g0p0_T100,general,32,0.0,5.0,random_00,11,0.0889609217377137
L32_gamma2p0_g0p0_T100,general,32,0.0,5.0,random_00,12,0.9110391752281203
L32_gamma2p0_g0p0_T100,general,32,0.0,5.0,random_00,13,0.0889606850546494
L32_gamma2p0_g0p0_T100,general,32,0.0,5.0,random_00,14,0.9110393749309793
L32_gamma2p0_g0p0_T100,general,32,0.0,5.0,random_00,15,0.08896047827036432
L32_gamma2p0_g0p0_T100,general,32,0.0,5.0,random_00,16,0.9110394394047612
L32_gamma2p0_g0p0_T100,general,32,0.0,5.0,random_00,17,0.08896067671178842
L32_gamma2p0_g0p0_T100,general,32,0.0,5.0,random_00,18,0.911039275978261
L32_gamma2p0_g0p0_T100,general,32,0.0,5.0,random_00,19,0.08896076471435974
L32_gamma2p0_g0p0_T100,general,32,0.0,5.0,random_00,20,0.9110392516280281
L32_gamma2p0_g0p0_T100,general,32,0.0,5.0,random_00,21,0.08896079438561368
L32_gamma2p0_g0p0_T100,general,32,0.0,5.0,random_00,22,0.9110391494045895
L32_gamma2p0_g0p0_T100,general,32,0.0,5.0,random_00,23,0.0889608246018721
L32_gamma2p0_g0p0_T100,general,32,0.0,5.0,random_00,24,0.9110392191159833
L32_gamma2p0_g0p0_T100,general,32,0.0,5.0,random_00,25,0.08896063058866378
L32_gamma2p0_g0p0_T100,general,32,0.0,5.0,random_00,26,0.9110396605653146
L32_gamma2p0_g0p0_T100,general,32,0.0,5.0,random_00,27,0.08895637143260332
L32_gamma2p0_g0p0_T100,general,32,0.0,5.0,random_00,28,0.9110590750079414
L32_gamma2p0_g0p0_T100,general,32,0.0,5.0,random_00,29,0.08867178132118608
L32_gamma2p0_g0p0_T100,general,32,0.0,5.0,random_00,30,0.9128280517564287
L32_gamma2p0_g0p0_T100,general,32,0.0,5.0,random_00,31,0.017147148473050405
L32_gamma2p0_g0p0_T100,general,32,0.0,5.0,random_01,0,0.9828528420372702
L32_gamma2p0_g0p0_T100,general,32,0.0,5.0,random_01,1,0.08717202132315986
L32_gamma2p0_g0p0_T100,general,32,0.0,5.0,random_01,2,0.9113280645806872
L32_gamma2p0_g0p0_T100,general,32,0.0,5.0,random_01,3,0.08894115885634085
L32_gamma2p0_g0p0_T100,general,32,0.0,5.0,random_01,4,0.9110434521663922
L32_gamma2p0_g0p0_T100,general,32,0.0,5.0,random_01,5,0.08896049928957385
L32_gamma2p0_g0p0_T100,general,32,0.0,5.0,random_01,6,0.9110392561188467
L32_gamma2p0_g0p0_T100,general,32,0.0,5.0,random_01,7,0.08896075682579661
L32_gamma2p0_g0p0_T100,general,32,0.0,5.0,random_01,8,0.9110392304964811
L32_gamma2p0_g0p0_T100,general,32,0.0,5.0,random_01,9,0.08896080340270654
L32_gamma2p0_g0p0_T100,general,32,0.0,5.0,random_01,10,0.9110391938928919
L32_gamma2p0_g0p0_T100,general,32,0.0,5.0,random_01,11,0.08896077843188693
L32_gamma2p0_g0p0_T100,general,32,0.0,5.0,random_01,12,0.9110392186902625
L32_gamma2p0_g0p0_T100,general,32,0.0,5.0,random_01,13,0.08896078582561573
L32_gamma2p0_g0p0_T100,general,32,0.0,5.0,random_01,14,0.9110392227265683
L32_gamma2p0_g0p0_T100,general,32,0.0,5.0,random_01,15,0.08896080477110732
L32_gamma2p0_g0p0_T100,general,32,0.0,5.0,random_01,16,0.9110391857206278
L32_gamma2p0_g0p0_T100,general,32,0.0,5.0,random_01,17,0.08896080993392186
L32_gamma2p0_g0p0_T100,general,32,0.0,5.0,random_01,18,0.911039189901891
L32_gamma2p0_g0p0_T100,general,32,0.0,5.0,random_01,19,0.08896083585790933
L32_gamma2p0_g0p0_T100,general,32,0.0,5.0,random_01,20,0.911039157533865
L32_gamma2p0_g0p0_T100,general,32,0.0,5.0,random_01,21,0.08896082847121305
L32_gamma2p0_g0p0_T100,general,32,0.0,5.0,random_01,22,0.9110391765687604
L32_gamma2p0_g0p0_T100,general,32,0.0,5.0,random_01,23,0.08896082339636169
L32_gamma2p0_g0p0_T100,general,32,0.0,5.0,random_01,24,0.9110392074480438
L32_gamma2p0_g0p0_T100,general,32,0.0,5.0,random_01,25,0.08896068810323754
L32_gamma2p0_g0p0_T100,general,32,0.0,5.0,random_01,26,0.9110395819311616
L32_gamma2p0_g0p0_T100,general,32,0.0,5.0,random_01,27,0.08895645188042908
L32_gamma2p0_g0p0_T100,general,32,0.0,5.0,random_01,28,0.911058925611041
L32_gamma2p0_g0p0_T100,general,32,0.0,5.0,random_01,29,0.08867189026985162
L32_gamma2p0_g0p0_T100,general,32,0.0,5.0,random_01,30,0.912828000923726
L32_gamma2p0_g0p0_T100,general,32,0.0,5.0,random_01,31,0.017147157012371787
L32_gamma2p0_g0p0_T100,general,32,0.0,5.0,random_02,0,0.9828528428547415
L32_gamma2p0_g0p0_T100,general,32,0.0,5.0,random_02,1,0.08717198668769074
L32_gamma2p0_g0p0_T100,general,32,0.0,5.0,random_02,2,0.9113281564398614
L32_gamma2p0_g0p0_T100,general,32,0.0,5.0,random_02,3,0.08894103791572594
L32_gamma2p0_g0p0_T100,general,32,0.0,5.0,random_02,4,0.9110435303907434
L32_gamma2p0_g0p0_T100,general,32,0.0,5.0,random_02,5,0.0889604346220221
L32_gamma2p0_g0p0_T100,general,32,0.0,5.0,random_02,6,0.9110393123611678
L32_gamma2p0_g0p0_T100,general,32,0.0,5.0,random_02,7,0.08896109771011979
L32_gamma2p0_g0p0_T100,general,32,0.0,5.0,random_02,8,0.9110386270656059
L32_gamma2p0_g0p0_T100,general,32,0.0,5.0,random_02,9,0.0889630667477613
L32_gamma2p0_g0p0_T100,general,32,0.0,5.0,random_02,10,0.9110362645984581
L32_gamma2p0_g0p0_T100,general,32,0.0,5.0,random_02,11,0.08896335540395058
L32_gamma2p0_g0p0_T100,general,32,0.0,5.0,random_02,12,0.9110370945961699
L32_gamma2p0_g0p0_T100,general,32,0.0,5.0,random_02,13,0.08896136271088455
L32_gamma2p0_g0p0_T100,general,32,0.0,5.0,random_02,14,0.9110391115496458
L32_gamma2p0_g0p0_T100,general,32,0.0,5.0,random_02,15,0.08896073309837055
L32_gamma2p0_g0p0_T100,general,32,0.0,5.0,random_02,16,0.9110391107771136
L32_gamma2p0_g0p0_T100,general,32,0.0,5.0,random_02,17,0.0889613124524084
L32_gamma2p0_g0p0_T100,general,32,0.0,5.0,random_02,18,0.9110382360660543
L32_gamma2p0_g0p0_T100,general,32,0.0,5.0,random_02,19,0.08896268000937457
L32_gamma2p0_g0p0_T100,general,32,0.0,5.0,random_02,20,0.9110373044120177
L32_gamma2p0_g0p0_T100,general,32,0.0,5.0,random_02,21,0.08896276907397535
L32_gamma2p0_g0p0_T100,general,32,0.0,5.0,random_02,22,0.9110377112614652
L32_gamma2p0_g0p0_T100,general,32,0.0,5.0,random_02,23,0.08896112324001106
L32_gamma2p0_g0p0_T100,general,32,0.0,5.0,random_02,24,0.9110390013502961
L32_gamma2p0_g0p0_T100,general,32,0.0,5.0,random_02,25,0.08896075972342635
L32_gamma2p0_g0p0_T100,general,32,0.0,5.0,random_02,26,0.9110394882620859
L32_gamma2p0_g0p0_T100,general,32,0.0,5.0,random_02,27,0.08895668570902628
L32_gamma2p0_g0p0_T100,general,32,0.0,5.0,random_02,28,0.9110588381214026
L32_gamma2p0_g0p0_T100,general,32,0.0,5.0,random_02,29,0.0886716199718402
L32_gamma2p0_g0p0_T100,general,32,0.0,5.0,random_02,30,0.9128282528771787
L32_gamma2p0_g0p0_T100,general,32,0.0,5.0,random_02,31,0.01714709193940423
L32_gamma2p0_g0p0_T100,general,32,0.0,5.0,random_03,0,0.9828528471624915
L32_gamma2p0_g0p0_T100,general,32,0.0,5.0,random_03,1,0.08717194461514471
L32_gamma2p0_g0p0_T100,general,32,0.0,5.0,random_03,2,0.9113281648881892
L32_gamma2p0_g0p0_T100,general,32,0.0,5.0,random_03,3,0.08894106537728164
L32_gamma2p0_g0p0_T100,general,32,0.0,5.0,random_03,4,0.9110435217913504
L32_gamma2p0_g0p0_T100,general,32,0.0,5.0,random_03,5,0.08896047387046031
L32_gamma2p0_g0p0_T100,general,32,0.0,5.0,random_03,6,0.9110392593610959
L32_gamma2p0_g0p0_T100,general,32,0.0,5.0,random_03,7,0.08896080058611429
L32_gamma2p0_g0p0_T100,general,32,0.0,5.0,random_03,8,0.9110391772688468
L32_gamma2p0_g0p0_T100,general,32,0.0,5.0,random_03,9,0.08896088415636719
L32_gamma2p0_g0p0_T100,general,32,0.0,5.0,random_03,10,0.9110391004085951
L32_gamma2p0_g0p0_T100,general,32,0.0,5.0,random_03,11,0.08896088148827877
L32_gamma2p0_g0p0_T100,general,32,0.0,5.0,random_03,12,0.9110391523432784
L32_gamma2p0_g0p0_T100,general,32,0.0,5.0,random_03,13,0.08896074575914732
L32_gamma2p0_g0p0_T100,general,32,0.0,5.0,random_03,14,0.9110392988017235
L32_gamma2p0_g0p0_T100,general,32,0.0,5.0,random_03,15,0.08896066195755557
L32_gamma2p0_g0p0_T100,general,32,0.0,5.0,random_03,16,0.9110393682031129
L32_gamma2p0_g0p0_T100,general,32,0.0,5.0,random_03,17,0.08896068635778763
L32_gamma2p0_g0p0_T100,general,32,0.0,5.0,random_03,18,0.9110393127923416
L32_gamma2p0_g0p0_T100,general,32,0.0,5.0,random_03,19,0.08896063493409959
L32_gamma2p0_g0p0_T100,general,32,0.0,5.0,random_03,20,0.9110393897853969
L32_gamma2p0_g0p0_T100,general,32,0.0,5.0,random_03,21,0.08896062686763864
L32_gamma2p0_g0p0_T100,general,32,0.0,5.0,random_03,22,0.911039318437225
L32_gamma2p0_g0p0_T100,general,32,0.0,5.0,random_03,23,0.08896081133740966
L32_gamma2p0_g0p0_T100,general,32,0.0,5.0,random_03,24,0.9110391653567175
L32_gamma2p0_g0p0_T100,general,32,0.0,5.0,random_03,25,0.08896076522359736
L32_gamma2p0_g0p0_T100,general,32,0.0,5.0,random_03,26,0.9110395069281989
L32_gamma2p0_g0p0_T100,general,32,0.0,5.0,random_03,27,0.08895647776000984
L32_gamma2p0_g0p0_T100,general,32,0.0,5.0,random_03,28,0.9110589375641569
L32_gamma2p0_g0p0_T100,general,32,0.0,5.0,random_03,29,0.08867183883742692
L32_gamma2p0_g0p0_T100,general,32,0.0,5.0,random_03,30,0.9128280275730116
L32_gamma2p0_g0p0_T100,general,32,0.0,5.0,random_03,31,0.017147152205948542
L32_gamma2p0_g0p0_T100,general,32,0.0,5.0,random_04,0,0.9828528423456462
L32_gamma2p0_g0p0_T100,general,32,0.0,5.0,random_04,1,0.08717201027537036
L32_gamma2p0_g0p0_T100,general,32,0.0,5.0,random_04,2,0.9113280832030191
L32_gamma2p0_g0p0_T100,general,32,0.0,5.0,random_04,3,0.08894103309282497
L32_gamma2p0_g0p0_T100,general,32,0.0,5.0,random_04,4,0.9110436505613411
L32_gamma2p0_g0p0_T100,general,32,0.0,5.0,random_04,5,0.08896021801140379
L32_gamma2p0_g0p0_T100,general,32,0.0,5.0,random_04,6,0.9110395068737013
L32_gamma2p0_g0p0_T100,general,32,0.0,5.0,random_04,7,0.08896060246530049
L32_gamma2p0_g0p0_T100,general,32,0.0,5.0,random_04,8,0.9110393651820565
L32_gamma2p0_g0p0_T100,general,32,0.0,5.0,random_04,9,0.08896072624373419
L32_gamma2p0_g0p0_T100,general,32,0.0,5.0,random_04,10,0.9110392990721682
L32_gamma2p0_g0p0_T100,general,32,0.0,5.0,random_04,11,0.08896063855373026
L32_gamma2p0_g0p0_T100,general,32,0.0,5.0,random_04,12,0.9110393360070741
L32_gamma2p0_g0p0_T100,general,32,0.0,5.0,random_04,13,0.08896077789218744
L32_gamma2p0_g0p0_T100,general,32,0.0,5.0,random_04,14,0.9110391904620541
L32_gamma2p0_g0p0_T100,general,32,0.0,5.0,random_04,15,0.08896088390255542
L32_gamma2p0_g0p0_T100,general,32,0.0,5.0,random_04,16,0.9110390849568685
L32_gamma2p0_g0p0_T100,general,32,0.0,5.0,random_04,17,0.08896095543335134
L32_gamma2p0_g0p0_T100,general,32,0.0,5.0,random_04,18,0.9110390497421561
L32_gamma2p0_g0p0_T100,general,32,0.0,5.0,random_04,19,0.08896085439013851
L32_gamma2p0_g0p0_T100,general,32,0.0,5.0,random_04,20,0.9110391735041349
L32_gamma2p0_g0p0_T100,general,32,0.0,5.0,random_04,21,0.08896081911316589
L32_gamma2p0_g0p0_T100,general,32,0.0,5.0,random_04,22,0.9110391876054069
L32_gamma2p0_g0p0_T100,general,32,0.0,5.0,random_04,23,0.08896075690319198
L32_gamma2p0_g0p0_T100,general,32,0.0,5.0,random_04,24,0.9110392414651197
L32_gamma2p0_g0p0_T100,general,32,0.0,5.0,random_04,25,0.08896067826773063
L32_gamma2p0_g0p0_T100,general,32,0.0,5.0,random_04,26,0.9110395722080199
L32_gamma2p0_g0p0_T100,general,32,0.0,5.0,random_04,27,0.08895654498574207
L32_gamma2p0_g0p0_T100,general,32,0.0,5.0,random_04,28,0.9110588284504448
L32_gamma2p0_g0p0_T100,general,32,0.0,5.0,random_04,29,0.08867195000304542
L32_gamma2p0_g0p0_T100,general,32,0.0,5.0,random_04,30,0.9128279817596534
L32_gamma2p0_g0p0_T100,general,32,0.0,5.0,random_04,31,0.017147157067662844
L32_gamma2p0_g0p0_T100,general,32,0.0,5.0,random_05,0,0.9828528442146842
L32_gamma2p0_g0p0_T100,general,32,0.0,5.0,random_05,1,0.08717198033759549
L32_gamma2p0_g0p0_T100,general,32,0.0,5.0,random_05,2,0.9113281081026579
L32_gamma2p0_g0p0_T100,general,32,0.0,5.0,random_05,3,0.08894106024181281
L32_gamma2p0_g0p0_T100,general,32,0.0,5.0,random_05,4,0.9110435504167637
L32_gamma2p0_g0p0_T100,general,32,0.0,5.0,random_05,5,0.08896047272503094
L32_gamma2p0_g0p0_T100,general,32,0.0,5.0,random_05,6,0.9110392363586486
L32_gamma2p0_g0p0_T100,general,32,0.0,5.0,random_05,7,0.0889608789218028
L32_gamma2p0_g0p0_T100,general,32,0.0,5.0,random_05,8,0.9110391296234397
L32_gamma2p0_g0p0_T100,general,32,0.0,5.0,random_05,9,0.08896088199005281
L32_gamma2p0_g0p0_T100,general,32,0.0,5.0,random_05,10,0.9110391388901553
L32_gamma2p0_g0p0_T100,general,32,0.0,5.0,random_05,11,0.08896081446156937
L32_gamma2p0_g0p0_T100,general,32,0.0,5.0,random_05,12,0.9110391859256647
L32_gamma2p0_g0p0_T100,general,32,0.0,5.0,random_05,13,0.08896085282467121
L32_gamma2p0_g0p0_T100,general,32,0.0,5.0,random_05,14,0.9110391105512601
L32_gamma2p0_g0p0_T100,general,32,0.0,5.0,random_05,15,0.08896092726919054
L32_gamma2p0_g0p0_T100,general,32,0.0,5.0,random_05,16,0.911039084506583
L32_gamma2p0_g0p0_T100,general,32,0.0,5.0,random_05,17,0.0889608947674611
L32_gamma2p0_g0p0_T100,general,32,0.0,5.0,random_05,18,0.911039123895743
L32_gamma2p0_g0p0_T100,general,32,0.0,5.0,random_05,19,0.08896081971220243
L32_gamma2p0_g0p0_T100,general,32,0.0,5.0,random_05,20,0.9110391804010924
L32_gamma2p0_g0p0_T100,general,32,0.0,5.0,random_05,21,0.08896088219400404
L32_gamma2p0_g0p0_T100,general,32,0.0,5.0,random_05,22,0.9110390677045156
L32_gamma2p0_g0p0_T100,general,32,0.0,5.0,random_05,23,0.08896091935416982
L32_gamma2p0_g0p0_T100,general,32,0.0,5.0,random_05,24,0.9110391344407585
L32_gamma2p0_g0p0_T100,general,32,0.0,5.0,random_05,25,0.08896063107181429
L32_gamma2p0_g0p0_T100,general,32,0.0,5.0,random_05,26,0.9110396979751887
L32_gamma2p0_g0p0_T100,general,32,0.0,5.0,random_05,27,0.0889563060749837
L32_gamma2p0_g0p0_T100,general,32,0.0,5.0,random_05,28,0.9110590423454666
L32_gamma2p0_g0p0_T100,general,32,0.0,5.0,random_05,29,0.0886717986915187
L32_gamma2p0_g0p0_T100,general,32,0.0,5.0,random_05,30,0.9128280982136348
L32_gamma2p0_g0p0_T100,general,32,0.0,5.0,random_05,31,0.017147145795863593
L32_gamma2p0_g0p0_T100,general,32,0.0,5.0,random_06,0,0.9828528278516783
L32_gamma2p0_g0p0_T100,general,32,0.0,5.0,random_06,1,0.0871721195156962
L32_gamma2p0_g0p0_T100,general,32,0.0,5.0,random_06,2,0.9113279182976921
L32_gamma2p0_g0p0_T100,general,32,0.0,5.0,random_06,3,0.08894130168043976
L32_gamma2p0_g0p0_T100,general,32,0.0,5.0,random_06,4,0.9110432363164028
L32_gamma2p0_g0p0_T100,general,32,0.0,5.0,random_06,5,0.08896088362672502
L32_gamma2p0_g0p0_T100,general,32,0.0,5.0,random_06,6,0.9110387128165471
L32_gamma2p0_g0p0_T100,general,32,0.0,5.0,random_06,7,0.0889615047452681
L32_gamma2p0_g0p0_T100,general,32,0.0,5.0,random_06,8,0.9110385382908972
L32_gamma2p0_g0p0_T100,general,32,0.0,5.0,random_06,9,0.08896111945816465
L32_gamma2p0_g0p0_T100,general,32,0.0,5.0,random_06,10,0.9110390546427567
L32_gamma2p0_g0p0_T100,general,32,0.0,5.0,random_06,11,0.08896080800322889
L32_gamma2p0_g0p0_T100,general,32,0.0,5.0,random_06,12,0.9110392054066503
L32_gamma2p0_g0p0_T100,general,32,0.0,5.0,random_06,13,0.0889610367672039
L32_gamma2p0_g0p0_T100,general,32,0.0,5.0,random_06,14,0.9110388605904978
L32_gamma2p0_g0p0_T100,general,32,0.0,5.0,random_06,15,0.08896117971425821
L32_gamma2p0_g0p0_T100,general,32,0.0,5.0,random_06,16,0.9110389140702676
L32_gamma2p0_g0p0_T100,general,32,0.0,5.0,random_06,17,0.08896087911578454
L32_gamma2p0_g0p0_T100,general,32,0.0,5.0,random_06,18,0.9110391714274038
L32_gamma2p0_g0p0_T100,general,32,0.0,5.0,random_06,19,0.08896082943457188
L32_gamma2p0_g0p0_T100,general,32,0.0,5.0,random_06,20,0.9110391373804523
L32_gamma2p0_g0p0_T100,general,32,0.0,5.0,random_06,21,0.08896077927629964
L32_gamma2p0_g0p0_T100,general,32,0.0,5.0,random_06,22,0.911039244947247
L32_gamma2p0_g0p0_T100,general,32,0.0,5.0,random_06,23,0.08896064201147563
L32_gamma2p0_g0p0_T100,general,32,0.0,5.0,random_06,24,0.9110393886251393
L32_gamma2p0_g0p0_T100,general,32,0.0,5.0,random_06,25,0.08896068199429319
L32_gamma2p0_g0p0_T100,general,32,0.0,5.0,random_06,26,0.9110396213770826
L32_gamma2p0_g0p0_T100,general,32,0.0,5.0,random_06,27,0.08895642572523148
L32_gamma2p0_g0p0_T100,general,32,0.0,5.0,random_06,28,0.9110589281245114
L32_gamma2p0_g0p0_T100,general,32,0.0,5.0,random_06,29,0.08867187857621314
L32_gamma2p0_g0p0_T100,general,32,0.0,5.0,random_06,30,0.912828016226096
L32_gamma2p0_g0p0_T100,general,32,0.0,5.0,random_06,31,0.01714715396382356
L32_gamma2p0_g0p0_T100,general,32,0.0,5.0,random_07,0,0.9828528416982185
L32_gamma2p0_g0p0_T100,general,32,0.0,5.0,random_07,1,0.08717197155132088
L32_gamma2p0_g0p0_T100,general,32,0.0,5.0,random_07,2,0.9113281574283234
L32_gamma2p0_g0p0_T100,general,32,0.0,5.0,random_07,3,0.08894091695646468
L32_gamma2p0_g0p0_T100,general,32,0.0,5.0,random_07,4,0.9110437106770093
L32_gamma2p0_g0p0_T100,general,32,0.0,5.0,random_07,5,0.08896041413298672
L32_gamma2p0_g0p0_T100,general,32,0.0,5.0,random_07,6,0.9110393113247179
L32_gamma2p0_g0p0_T100,general,32,0.0,5.0,random_07,7,0.08896080526161834
L32_gamma2p0_g0p0_T100,general,32,0.0,5.0,random_07,8,0.9110391648182784
L32_gamma2p0_g0p0_T100,general,32,0.0,5.0,random_07,9,0.08896082339797241
L32_gamma2p0_g0p0_T100,general,32,0.0,5.0,random_07,10,0.9110391523901148
L32_gamma2p0_g0p0_T100,general,32,0.0,5.0,random_07,11,0.0889608755250474
L32_gamma2p0_g0p0_T100,general,32,0.0,5.0,random_07,12,0.9110391107532048
L32_gamma2p0_g0p0_T100,general,32,0.0,5.0,random_07,13,0.08896094021149813
L32_gamma2p0_g0p0_T100,general,32,0.0,5.0,random_07,14,0.9110390123259507
L32_gamma2p0_g0p0_T100,general,32,0.0,5.0,random_07,15,0.08896105252910474
L32_gamma2p0_g0p0_T100,general,32,0.0,5.0,random_07,16,0.9110389260208017
L32_gamma2p0_g0p0_T100,general,32,0.0,5.0,random_07,17,0.08896102554627074
L32_gamma2p0_g0p0_T100,general,32,0.0,5.0,random_07,18,0.9110390048836272
L32_gamma2p0_g0p0_T100,general,32,0.0,5.0,random_07,19,0.08896080247017535
L32_gamma2p0_g0p0_T100,general,32,0.0,5.0,random_07,20,0.9110392922945031
L32_gamma2p0_g0p0_T100,general,32,0.0,5.0,random_07,21,0.08896062746196522
L32_gamma2p0_g0p0_T100,general,32,0.0,5.0,random_07,22,0.9110394173665909
L32_gamma2p0_g0p0_T100,general,32,0.0,5.0,random_07,23,0.08896054918669925
L32_gamma2p0_g0p0_T100,general,32,0.0,5.0,random_07,24,0.9110394692690644
L32_gamma2p0_g0p0_T100,general,32,0.0,5.0,random_07,25,0.08896055370782574
L32_gamma2p0_g0p0_T100,general,32,0.0,5.0,random_07,26,0.9110396556115283
L32_gamma2p0_g0p0_T100,general,32,0.0,5.0,random_07,27,0.08895641619057312
L32_gamma2p0_g0p0_T100,general,32,0.0,5.0,random_07,28,0.9110589387153798
L32_gamma2p0_g0p0_T100,general,32,0.0,5.0,random_07,29,0.0886719006072722
L32_gamma2p0_g0p0_T100,general,32,0.0,5.0,random_07,30,0.9128279974109333
L32_gamma2p0_g0p0_T100,general,32,0.0,5.0,random_07,31,0.01714716227495801
L32_gamma2p0_g0p0_T100,general,32,0.0,5.0,random_08,0,0.9828528449824503
L32_gamma2p0_g0p0_T100,general,32,0.0,5.0,random_08,1,0.08717198942808935
L32_gamma2p0_g0p0_T100,general,32,0.0,5.0,random_08,2,0.9113281311963307
L32_gamma2p0_g0p0_T100,general,32,0.0,5.0,random_08,3,0.08894103099202907
L32_gamma2p0_g0p0_T100,general,32,0.0,5.0,random_08,4,0.911043581121383
L32_gamma2p0_g0p0_T100,general,32,0.0,5.0,random_08,5,0.08896050038619005
L32_gamma2p0_g0p0_T100,general,32,0.0,5.0,random_08,6,0.9110391773446178
L32_gamma2p0_g0p0_T100,general,32,0.0,5.0,random_08,7,0.0889609250172921
L32_gamma2p0_g0p0_T100,general,32,0.0,5.0,random_08,8,0.9110391173130719
L32_gamma2p0_g0p0_T100,general,32,0.0,5.0,random_08,9,0.08896083357976928
L32_gamma2p0_g0p0_T100,general,32,0.0,5.0,random_08,10,0.9110391930326479
L32_gamma2p0_g0p0_T100,general,32,0.0,5.0,random_08,11,0.08896083198551412
L32_gamma2p0_g0p0_T100,general,32,0.0,5.0,random_08,12,0.9110391488533757
L32_gamma2p0_g0p0_T100,general,32,0.0,5.0,random_08,13,0.08896077554608511
L32_gamma2p0_g0p0_T100,general,32,0.0,5.0,random_08,14,0.9110392309431036
L32_gamma2p0_g0p0_T100,general,32,0.0,5.0,random_08,15,0.08896081696325635
L32_gamma2p0_g0p0_T100,general,32,0.0,5.0,random_08,16,0.9110390880590182
L32_gamma2p0_g0p0_T100,general,32,0.0,5.0,random_08,17,0.08896094053559836
L32_gamma2p0_g0p0_T100,general,32,0.0,5.0,random_08,18,0.9110390853132265
L32_gamma2p0_g0p0_T100,general,32,0.0,5.0,random_08,19,0.08896089641746403
L32_gamma2p0_g0p0_T100,general,32,0.0,5.0,random_08,20,0.9110391955670538
L32_gamma2p0_g0p0_T100,general,32,0.0,5.0,random_08,21,0.08896062852813683
L32_gamma2p0_g0p0_T100,general,32,0.0,5.0,random_08,22,0.9110393863228704
L32_gamma2p0_g0p0_T100,general,32,0.0,5.0,random_08,23,0.08896044555921848
L32_gamma2p0_g0p0_T100,general,32,0.0,5.0,random_08,24,0.9110396736403981
L32_gamma2p0_g0p0_T100,general,32,0.0,5.0,random_08,25,0.08896007576026743
L32_gamma2p0_g0p0_T100,general,32,0.0,5.0,random_08,26,0.91104021168153
L32_gamma2p0_g0p0_T100,general,32,0.0,5.0,random_08,27,0.08895612419556576
L32_gamma2p0_g0p0_T100,general,32,0.0,5.0,random_08,28,0.9110591455069269
L32_gamma2p0_g0p0_T100,general,32,0.0,5.0,random_08,29,0.08867173190693024
L32_gamma2p0_g0p0_T100,general,32,0.0,5.0,random_08,30,0.9128280981435899
L32_gamma2p0_g0p0_T100,general,32,0.0,5.0,random_08,31,0.01714714417699864
L32_gamma2p0_g0p0_T100,general,32,0.0,5.0,random_09,0,0.9828528383330166
L32_gamma2p0_g0p0_T100,general,32,0.0,5.0,random_09,1,0.087172088039437
L32_gamma2p0_g0p0_T100,general,32,0.0,5.0,random_09,2,0.9113280240338248
L32_gamma2p0_g0p0_T100,general,32,0.0,5.0,random_09,3,0.08894107968726381
L32_gamma2p0_g0p0_T100,general,32,0.0,5.0,random_09,4,0.911043549708106
L32_gamma2p0_g0p0_T100,general,32,0.0,5.0,random_09,5,0.0889604155104922
L32_gamma2p0_g0p0_T100,general,32,0.0,5.0,random_09,6,0.9110393138429458
L32_gamma2p0_g0p0_T100,general,32,0.0,5.0,random_09,7,0.08896068665724963
L32_gamma2p0_g0p0_T100,general,32,0.0,5.0,random_09,8,0.9110392864199457
L32_gamma2p0_g0p0_T100,general,32,0.0,5.0,random_09,9,0.0889607564747939
L32_gamma2p0_g0p0_T100,general,32,0.0,5.0,random_09,10,0.9110392138515876
L32_gamma2p0_g0p0_T100,general,32,0.0,5.0,random_09,11,0.08896086431910528
L32_gamma2p0_g0p0_T100,general,32,0.0,5.0,random_09,12,0.9110391152211688
L32_gamma2p0_g0p0_T100,general,32,0.0,5.0,random_09,13,0.08896087756776601
L32_gamma2p0_g0p0_T100,general,32,0.0,5.0,random_09,14,0.911039150858162
L32_gamma2p0_g0p0_T100,general,32,0.0,5.0,random_09,15,0.0889609209215732
L32_gamma2p0_g0p0_T100,general,32,0.0,5.0,random_09,16,0.9110390192080274
L32_gamma2p0_g0p0_T100,general,32,0.0,5.0,random_09,17,0.08896091448159356
L32_gamma2p0_g0p0_T100,general,32,0.0,5.0,random_09,18,0.9110391891015497
L32_gamma2p0_g0p0_T100,general,32,0.0,5.0,random_09,19,0.0889604613711807
L32_gamma2p0_g0p0_T100,general,32,0.0,5.0,random_09,20,0.9110396265478742
L32_gamma2p0_g0p0_T100,general,32,0.0,5.0,random_09,21,0.08896025724827489
L32_gamma2p0_g0p0_T100,general,32,0.0,5.0,random_09,22,0.9110398053545676
L32_gamma2p0_g0p0_T100,general,32,0.0,5.0,random_09,23,0.08896039884528766
L32_gamma2p0_g0p0_T100,general,32,0.0,5.0,random_09,24,0.9110395899348117
L32_gamma2p0_g0p0_T100,general,32,0.0,5.0,random_09,25,0.08896051815418976
L32_gamma2p0_g0p0_T100,general,32,0.0,5.0,random_09,26,0.9110396282345623
L32_gamma2p0_g0p0_T100,general,32,0.0,5.0,random_09,27,0.08895653294686284
L32_gamma2p0_g0p0_T100,general,32,0.0,5.0,random_09,28,0.9110588694315244
L32_gamma2p0_g0p0_T100,general,32,0.0,5.0,random_09,29,0.08867178221451454
L32_gamma2p0_g0p0_T100,general,32,0.0,5.0,random_09,30,0.9128280938325092
L32_gamma2p0_g0p0_T100,general,32,0.0,5.0,random_09,31,0.017147131646230555
L32_gamma2p0_g0p0_T100,general,32,0.0,5.0,random_10,0,0.9828528468455726
L32_gamma2p0_g0p0_T100,general,32,0.0,5.0,random_10,1,0.08717197017182648
L32_gamma2p0_g0p0_T100,general,32,0.0,5.0,random_10,2,0.9113281252931867
L32_gamma2p0_g0p0_T100,general,32,0.0,5.0,random_10,3,0.08894111794251144
L32_gamma2p0_g0p0_T100,general,32,0.0,5.0,random_10,4,0.9110434613514556
L32_gamma2p0_g0p0_T100,general,32,0.0,5.0,random_10,5,0.08896053258952406
L32_gamma2p0_g0p0_T100,general,32,0.0,5.0,random_10,6,0.9110391483167722
L32_gamma2p0_g0p0_T100,general,32,0.0,5.0,random_10,7,0.0889610542187099
L32_gamma2p0_g0p0_T100,general,32,0.0,5.0,random_10,8,0.9110389304135087
L32_gamma2p0_g0p0_T100,general,32,0.0,5.0,random_10,9,0.08896100720144924
L32_gamma2p0_g0p0_T100,general,32,0.0,5.0,random_10,10,0.9110390522215075
L32_gamma2p0_g0p0_T100,general,32,0.0,5.0,random_10,11,0.0889609779034033
L32_gamma2p0_g0p0_T100,general,32,0.0,5.0,random_10,12,0.9110389989136267
L32_gamma2p0_g0p0_T100,general,32,0.0,5.0,random_10,13,0.08896105053073876
L32_gamma2p0_g0p0_T100,general,32,0.0,5.0,random_10,14,0.9110389418453596
L32_gamma2p0_g0p0_T100,general,32,0.0,5.0,random_10,15,0.08896093509624398
L32_gamma2p0_g0p0_T100,general,32,0.0,5.0,random_10,16,0.9110390759822171
L32_gamma2p0_g0p0_T100,general,32,0.0,5.0,random_10,17,0.0889607427127852
L32_gamma2p0_g0p0_T100,general,32,0.0,5.0,random_10,18,0.9110392786961652
L32_gamma2p0_g0p0_T100,general,32,0.0,5.0,random_10,19,0.08896078402896263
L32_gamma2p0_g0p0_T100,general,32,0.0,5.0,random_10,20,0.9110391894990806
L32_gamma2p0_g0p0_T100,general,32,0.0,5.0,random_10,21,0.08896083499089304
L32_gamma2p0_g0p0_T100,general,32,0.0,5.0,random_10,22,0.9110391767293287
L32_gamma2p0_g0p0_T100,general,32,0.0,5.0,random_10,23,0.08896084203013203
L32_gamma2p0_g0p0_T100,general,32,0.0,5.0,random_10,24,0.911039191240534
L32_gamma2p0_g0p0_T100,general,32,0.0,5.0,random_10,25,0.08896073341592214
L32_gamma2p0_g0p0_T100,general,32,0.0,5.0,random_10,26,0.9110395737141974
L32_gamma2p0_g0p0_T100,general,32,0.0,5.0,random_10,27,0.08895641577696158
L32_gamma2p0_g0p0_T100,general,32,0.0,5.0,random_10,28,0.9110589741283932
L32_gamma2p0_g0p0_T100,general,32,0.0,5.0,random_10,29,0.08867185826922336
L32_gamma2p0_g0p0_T100,general,32,0.0,5.0,random_10,30,0.9128280260723345
L32_gamma2p0_g0p0_T100,general,32,0.0,5.0,random_10,31,0.01714715185747273
L32_gamma2p0_g0p0_T100,general,32,0.0,5.0,random_11,0,0.9828528512779986
L32_gamma2p0_g0p0_T100,general,32,0.0,5.0,random_11,1,0.0871719671894198
L32_gamma2p0_g0p0_T100,general,32,0.0,5.0,random_11,2,0.9113281257820982
L32_gamma2p0_g0p0_T100,general,32,0.0,5.0,random_11,3,0.0889411230006166
L32_gamma2p0_g0p0_T100,general,32,0.0,5.0,random_11,4,0.9110434945376873
L32_gamma2p0_g0p0_T100,general,32,0.0,5.0,random_11,5,0.08896046364911382
L32_gamma2p0_g0p0_T100,general,32,0.0,5.0,random_11,6,0.9110392548367432
L32_gamma2p0_g0p0_T100,general,32,0.0,5.0,random_11,7,0.0889608848335429
L32_gamma2p0_g0p0_T100,general,32,0.0,5.0,random_11,8,0.9110389924323907
L32_gamma2p0_g0p0_T100,general,32,0.0,5.0,random_11,9,0.0889612919713105
L32_gamma2p0_g0p0_T100,general,32,0.0,5.0,random_11,10,0.911038622655859
L32_gamma2p0_g0p0_T100,general,32,0.0,5.0,random_11,11,0.08896146593350035
L32_gamma2p0_g0p0_T100,general,32,0.0,5.0,random_11,12,0.9110385804530589
L32_gamma2p0_g0p0_T100,general,32,0.0,5.0,random_11,13,0.08896128532126439
L32_gamma2p0_g0p0_T100,general,32,0.0,5.0,random_11,14,0.9110388428150683
L32_gamma2p0_g0p0_T100,general,32,0.0,5.0,random_11,15,0.08896092187559362
L32_gamma2p0_g0p0_T100,general,32,0.0,5.0,random_11,16,0.9110391296683463
L32_gamma2p0_g0p0_T100,general,32,0.0,5.0,random_11,17,0.08896076894494062
L32_gamma2p0_g0p0_T100,general,32,0.0,5.0,random_11,18,0.9110391779879393
L32_gamma2p0_g0p0_T100,general,32,0.0,5.0,random_11,19,0.08896085360463911
L32_gamma2p0_g0p0_T100,general,32,0.0,5.0,random_11,20,0.9110391319343851
L32_gamma2p0_g0p0_T100,general,32,0.0,5.0,random_11,21,0.0889608639923204
L32_gamma2p0_g0p0_T100,general,32,0.0,5.0,random_11,22,0.9110391628322525
L32_gamma2p0_g0p0_T100,general,32,0.0,5.0,random_11,23,0.0889607591977798
L32_gamma2p0_g0p0_T100,general,32,0.0,5.0,random_11,24,0.9110392668278423
L32_gamma2p0_g0p0_T100,general,32,0.0,5.0,random_11,25,0.08896067292487755
L32_gamma2p0_g0p0_T100,general,32,0.0,5.0,random_11,26,0.9110395686052152
L32_gamma2p0_g0p0_T100,general,32,0.0,5.0,random_11,27,0.08895655734580181
L32_gamma2p0_g0p0_T100,general,32,0.0,5.0,random_11,28,0.911058836384364
L32_gamma2p0_g0p0_T100,general,32,0.0,5.0,random_11,29,0.08867185137642751
L32_gamma2p0_g0p0_T100,general,32,0.0,5.0,random_11,30,0.9128280895218887
L32_gamma2p0_g0p0_T100,general,32,0.0,5.0,random_11,31,0.01714714028571341
L32_gamma2p0_g0p0_T100,general,32,0.0,5.0,random_12,0,0.9828528315340007
L32_gamma2p0_g0p0_T100,general,32,0.0,5.0,random_12,1,0.08717204022226084
L32_gamma2p0_g0p0_T100,general,32,0.0,5.0,random_12,2,0.9113280579881285
L32_gamma2p0_g0p0_T100,general,32,0.0,5.0,random_12,3,0.08894114539483697
L32_gamma2p0_g0p0_T100,general,32,0.0,5.0,random_12,4,0.9110434662339311
L32_gamma2p0_g0p0_T100,general,32,0.0,5.0,random_12,5,0.08896045467147934
L32_gamma2p0_g0p0_T100,general,32,0.0,5.0,random_12,6,0.9110392989507563
L32_gamma2p0_g0p0_T100,general,32,0.0,5.0,random_12,7,0.08896075643314216
L32_gamma2p0_g0p0_T100,general,32,0.0,5.0,random_12,8,0.9110392375408954
L32_gamma2p0_g0p0_T100,general,32,0.0,5.0,random_12,9,0.08896076758290192
L32_gamma2p0_g0p0_T100,general,32,0.0,5.0,random_12,10,0.9110392340915716
L32_gamma2p0_g0p0_T100,general,32,0.0,5.0,random_12,11,0.08896077978176549
L32_gamma2p0_g0p0_T100,general,32,0.0,5.0,random_12,12,0.9110391879354894
L32_gamma2p0_g0p0_T100,general,32,0.0,5.0,random_12,13,0.08896084381441881
L32_gamma2p0_g0p0_T100,general,32,0.0,5.0,random_12,14,0.9110391236345337
L32_gamma2p0_g0p0_T100,general,32,0.0,5.0,random_12,15,0.08896095923933715
L32_gamma2p0_g0p0_T100,general,32,0.0,5.0,random_12,16,0.9110390737377398
L32_gamma2p0_g0p0_T100,general,32,0.0,5.0,random_12,17,0.08896084695011722
L32_gamma2p0_g0p0_T100,general,32,0.0,5.0,random_12,18,0.9110392073924977
L32_gamma2p0_g0p0_T100,general,32,0.0,5.0,random_12,19,0.0889607383545394
L32_gamma2p0_g0p0_T100,general,32,0.0,5.0,random_12,20,0.9110392626750619
L32_gamma2p0_g0p0_T100,general,32,0.0,5.0,random_12,21,0.08896081088649505
L32_gamma2p0_g0p0_T100,general,32,0.0,5.0,random_12,22,0.9110391409451704
L32_gamma2p0_g0p0_T100,general,32,0.0,5.0,random_12,23,0.0889610007140681
L32_gamma2p0_g0p0_T100,general,32,0.0,5.0,random_12,24,0.9110388890922492
L32_gamma2p0_g0p0_T100,general,32,0.0,5.0,random_12,25,0.0889611531410563
L32_gamma2p0_g0p0_T100,general,32,0.0,5.0,random_12,26,0.9110390987684867
L32_gamma2p0_g0p0_T100,general,32,0.0,5.0,random_12,27,0.0889567487905436
L32_gamma2p0_g0p0_T100,general,32,0.0,5.0,random_12,28,0.9110587377150217
L32_gamma2p0_g0p0_T100,general,32,0.0,5.0,random_12,29,0.0886719389508035
L32_gamma2p0_g0p0_T100,general,32,0.0,5.0,random_12,30,0.9128280108896331
L32_gamma2p0_g0p0_T100,general,32,0.0,5.0,random_12,31,0.017147155947067023
L32_gamma2p0_g0p0_T100,general,32,0.0,5.0,random_13,0,0.9828528130299462
L32_gamma2p0_g0p0_T100,general,32,0.0,5.0,random_13,1,0.08717222595634927
L32_gamma2p0_g0p0_T100,general,32,0.0,5.0,random_13,2,0.9113278489761985
L32_gamma2p0_g0p0_T100,general,32,0.0,5.0,random_13,3,0.0889411523807408
L32_gamma2p0_g0p0_T100,general,32,0.0,5.0,random_13,4,0.911043604926494
L32_gamma2p0_g0p0_T100,general,32,0.0,5.0,random_13,5,0.08896009416152305
L32_gamma2p0_g0p0_T100,general,32,0.0,5.0,random_13,6,0.9110397101360831
L32_gamma2p0_g0p0_T100,general,32,0.0,5.0,random_13,7,0.08896038434102091
L32_gamma2p0_g0p0_T100,general,32,0.0,5.0,random_13,8,0.9110395197542123
L32_gamma2p0_g0p0_T100,general,32,0.0,5.0,random_13,9,0.08896057407247371
L32_gamma2p0_g0p0_T100,general,32,0.0,5.0,random_13,10,0.9110394012497739
L32_gamma2p0_g0p0_T100,general,32,0.0,5.0,random_13,11,0.08896062282652072
L32_gamma2p0_g0p0_T100,general,32,0.0,5.0,random_13,12,0.9110393532828445
L32_gamma2p0_g0p0_T100,general,32,0.0,5.0,random_13,13,0.08896075957113303
L32_gamma2p0_g0p0_T100,general,32,0.0,5.0,random_13,14,0.9110391902609056
L32_gamma2p0_g0p0_T100,general,32,0.0,5.0,random_13,15,0.0889607779365317
L32_gamma2p0_g0p0_T100,general,32,0.0,5.0,random_13,16,0.9110392345851736
L32_gamma2p0_g0p0_T100,general,32,0.0,5.0,random_13,17,0.08896074207684805
L32_gamma2p0_g0p0_T100,general,32,0.0,5.0,random_13,18,0.911039248773279
L32_gamma2p0_g0p0_T100,general,32,0.0,5.0,random_13,19,0.08896076088679389
L32_gamma2p0_g0p0_T100,general,32,0.0,5.0,random_13,20,0.9110392795644173
L32_gamma2p0_g0p0_T100,general,32,0.0,5.0,random_13,21,0.08896072405125041
L32_gamma2p0_g0p0_T100,general,32,0.0,5.0,random_13,22,0.9110392985988
L32_gamma2p0_g0p0_T100,general,32,0.0,5.0,random_13,23,0.08896065595754285
L32_gamma2p0_g0p0_T100,general,32,0.0,5.0,random_13,24,0.9110393344099095
L32_gamma2p0_g0p0_T100,general,32,0.0,5.0,random_13,25,0.08896069141387405
L32_gamma2p0_g0p0_T100,general,32,0.0,5.0,random_13,26,0.911039594826325
L32_gamma2p0_g0p0_T100,general,32,0.0,5.0,random_13,27,0.08895643862444251
L32_gamma2p0_g0p0_T100,general,32,0.0,5.0,random_13,28,0.9110589303388639
L32_gamma2p0_g0p0_T100,general,32,0.0,5.0,random_13,29,0.08867177547812136
L32_gamma2p0_g0p0_T100,general,32,0.0,5.0,random_13,30,0.9128281193519199
L32_gamma2p0_g0p0_T100,general,32,0.0,5.0,random_13,31,0.01714713819968728
L32_gamma2p0_g0p0_T100,general,32,0.0,5.0,random_14,0,0.9828528417919306
L32_gamma2p0_g0p0_T100,general,32,0.0,5.0,random_14,1,0.08717202819419413
L32_gamma2p0_g0p0_T100,general,32,0.0,5.0,random_14,2,0.9113280624039207
L32_gamma2p0_g0p0_T100,general,32,0.0,5.0,random_14,3,0.08894108268134715
L32_gamma2p0_g0p0_T100,general,32,0.0,5.0,random_14,4,0.9110435561676804
L32_gamma2p0_g0p0_T100,general,32,0.0,5.0,random_14,5,0.08896036003588789
L32_gamma2p0_g0p0_T100,general,32,0.0,5.0,random_14,6,0.9110394112350158
L32_gamma2p0_g0p0_T100,general,32,0.0,5.0,random_14,7,0.08896061765437502
L32_gamma2p0_g0p0_T100,general,32,0.0,5.0,random_14,8,0.9110393782321162
L32_gamma2p0_g0p0_T100,general,32,0.0,5.0,random_14,9,0.08896069229688262
L32_gamma2p0_g0p0_T100,general,32,0.0,5.0,random_14,10,0.9110392407090766
L32_gamma2p0_g0p0_T100,general,32,0.0,5.0,random_14,11,0.08896086355168598
L32_gamma2p0_g0p0_T100,general,32,0.0,5.0,random_14,12,0.9110391339958358
L32_gamma2p0_g0p0_T100,general,32,0.0,5.0,random_14,13,0.08896081927423152
L32_gamma2p0_g0p0_T100,general,32,0.0,5.0,random_14,14,0.9110392041062173
L32_gamma2p0_g0p0_T100,general,32,0.0,5.0,random_14,15,0.08896074913976867
L32_gamma2p0_g0p0_T100,general,32,0.0,5.0,random_14,16,0.9110392330098795
L32_gamma2p0_g0p0_T100,general,32,0.0,5.0,random_14,17,0.0889608014021335
L32_gamma2p0_g0p0_T100,general,32,0.0,5.0,random_14,18,0.9110391611741958
L32_gamma2p0_g0p0_T100,general,32,0.0,5.0,random_14,19,0.08896085241797555
L32_gamma2p0_g0p0_T100,general,32,0.0,5.0,random_14,20,0.9110391383527994
L32_gamma2p0_g0p0_T100,general,32,0.0,5.0,random_14,21,0.0889609519971506
L32_gamma2p0_g0p0_T100,general,32,0.0,5.0,random_14,22,0.9110390426327823
L32_gamma2p0_g0p0_T100,general,32,0.0,5.0,random_14,23,0.08896091700088511
L32_gamma2p0_g0p0_T100,general,32,0.0,5.0,random_14,24,0.9110391081659419
L32_gamma2p0_g0p0_T100,general,32,0.0,5.0,random_14,25,0.08896082126598442
L32_gamma2p0_g0p0_T100,general,32,0.0,5.0,random_14,26,0.9110394499834047
L32_gamma2p0_g0p0_T100,general,32,0.0,5.0,random_14,27,0.08895660341492179
L32_gamma2p0_g0p0_T100,general,32,0.0,5.0,random_14,28,0.9110587937846499
L32_gamma2p0_g0p0_T100,general,32,0.0,5.0,random_14,29,0.08867197159983883
L32_gamma2p0_g0p0_T100,general,32,0.0,5.0,random_14,30,0.9128279532370933
L32_gamma2p0_g0p0_T100,general,32,0.0,5.0,random_14,31,0.017147159090197178
L32_gamma2p0_g0p0_T100,general,32,0.0,5.0,random_15,0,0.9828528499008813
L32_gamma2p0_g0p0_T100,general,32,0.0,5.0,random_15,1,0.08717199399768323
L32_gamma2p0_g0p0_T100,general,32,0.0,5.0,random_15,2,0.9113281274073047
L32_gamma2p0_g0p0_T100,general,32,0.0,5.0,random_15,3,0.08894113126438341
L32_gamma2p0_g0p0_T100,general,32,0.0,5.0,random_15,4,0.9110434402720085
L32_gamma2p0_g0p0_T100,general,32,0.0,5.0,random_15,5,0.08896066514357719
L32_gamma2p0_g0p0_T100,general,32,0.0,5.0,random_15,6,0.9110390005508473
L32_gamma2p0_g0p0_T100,general,32,0.0,5.0,random_15,7,0.08896116960368194
L32_gamma2p0_g0p0_T100,general,32,0.0,5.0,random_15,8,0.911038800221741
L32_gamma2p0_g0p0_T100,general,32,0.0,5.0,random_15,9,0.08896110552923445
L32_gamma2p0_g0p0_T100,general,32,0.0,5.0,random_15,10,0.9110389784327091
L32_gamma2p0_g0p0_T100,general,32,0.0,5.0,random_15,11,0.0889608627662783
L32_gamma2p0_g0p0_T100,general,32,0.0,5.0,random_15,12,0.9110391605569863
L32_gamma2p0_g0p0_T100,general,32,0.0,5.0,random_15,13,0.08896086747021434
L32_gamma2p0_g0p0_T100,general,32,0.0,5.0,random_15,14,0.9110391033855451
L32_gamma2p0_g0p0_T100,general,32,0.0,5.0,random_15,15,0.0889608951909241
L32_gamma2p0_g0p0_T100,general,32,0.0,5.0,random_15,16,0.9110391520503283
L32_gamma2p0_g0p0_T100,general,32,0.0,5.0,random_15,17,0.08896068684095623
L32_gamma2p0_g0p0_T100,general,32,0.0,5.0,random_15,18,0.911039305571104
L32_gamma2p0_g0p0_T100,general,32,0.0,5.0,random_15,19,0.08896081751784707
L32_gamma2p0_g0p0_T100,general,32,0.0,5.0,random_15,20,0.9110391006023155
L32_gamma2p0_g0p0_T100,general,32,0.0,5.0,random_15,21,0.08896095494905934
L32_gamma2p0_g0p0_T100,general,32,0.0,5.0,random_15,22,0.9110390485511407
L32_gamma2p0_g0p0_T100,general,32,0.0,5.0,random_15,23,0.08896101301946631
L32_gamma2p0_g0p0_T100,general,32,0.0,5.0,random_15,24,0.9110389773570623
L32_gamma2p0_g0p0_T100,general,32,0.0,5.0,random_15,25,0.08896109463874054
L32_gamma2p0_g0p0_T100,general,32,0.0,5.0,random_15,26,0.9110391603951828
L32_gamma2p0_g0p0_T100,general,32,0.0,5.0,random_15,27,0.08895668557829854
L32_gamma2p0_g0p0_T100,general,32,0.0,5.0,random_15,28,0.9110587787395384
L32_gamma2p0_g0p0_T100,general,32,0.0,5.0,random_15,29,0.0886719154210974
L32_gamma2p0_g0p0_T100,general,32,0.0,5.0,random_15,30,0.9128279997583822
L32_gamma2p0_g0p0_T100,general,32,0.0,5.0,random_15,31,0.01714715731547986
L32_gamma2p0_g0p0_T100,general,32,0.0,5.0,random_16,0,0.9828528430304473
L32_gamma2p0_g0p0_T100,general,32,0.0,5.0,random_16,1,0.08717198095214362
L32_gamma2p0_g0p0_T100,general,32,0.0,5.0,random_16,2,0.911328116607703
L32_gamma2p0_g0p0_T100,general,32,0.0,5.0,random_16,3,0.08894112309163092
L32_gamma2p0_g0p0_T100,general,32,0.0,5.0,random_16,4,0.9110434779893628
L32_gamma2p0_g0p0_T100,general,32,0.0,5.0,random_16,5,0.08896049401128985
L32_gamma2p0_g0p0_T100,general,32,0.0,5.0,random_16,6,0.9110392286368876
L32_gamma2p0_g0p0_T100,general,32,0.0,5.0,random_16,7,0.08896087309908562
L32_gamma2p0_g0p0_T100,general,32,0.0,5.0,random_16,8,0.9110391139042306
L32_gamma2p0_g0p0_T100,general,32,0.0,5.0,random_16,9,0.0889608665694461
L32_gamma2p0_g0p0_T100,general,32,0.0,5.0,random_16,10,0.9110391604354322
L32_gamma2p0_g0p0_T100,general,32,0.0,5.0,random_16,11,0.0889608536608189
L32_gamma2p0_g0p0_T100,general,32,0.0,5.0,random_16,12,0.9110391248588798
L32_gamma2p0_g0p0_T100,general,32,0.0,5.0,random_16,13,0.08896092564002156
L32_gamma2p0_g0p0_T100,general,32,0.0,5.0,random_16,14,0.9110390642972314
L32_gamma2p0_g0p0_T100,general,32,0.0,5.0,random_16,15,0.08896089922543794
L32_gamma2p0_g0p0_T100,general,32,0.0,5.0,random_16,16,0.9110390965761543
L32_gamma2p0_g0p0_T100,general,32,0.0,5.0,random_16,17,0.08896088923934292
L32_gamma2p0_g0p0_T100,general,32,0.0,5.0,random_16,18,0.9110391234002057
L32_gamma2p0_g0p0_T100,general,32,0.0,5.0,random_16,19,0.08896086313885794
L32_gamma2p0_g0p0_T100,general,32,0.0,5.0,random_16,20,0.9110391444068291
L32_gamma2p0_g0p0_T100,general,32,0.0,5.0,random_16,21,0.08896085872347656
L32_gamma2p0_g0p0_T100,general,32,0.0,5.0,random_16,22,0.9110391439643858
L32_gamma2p0_g0p0_T100,general,32,0.0,5.0,random_16,23,0.08896087217033807
L32_gamma2p0_g0p0_T100,general,32,0.0,5.0,random_16,24,0.9110391354226275
L32_gamma2p0_g0p0_T100,general,32,0.0,5.0,random_16,25,0.0889607582305503
L32_gamma2p0_g0p0_T100,general,32,0.0,5.0,random_16,26,0.91103954636705
L32_gamma2p0_g0p0_T100,general,32,0.0,5.0,random_16,27,0.08895645503815228
L32_gamma2p0_g0p0_T100,general,32,0.0,5.0,random_16,28,0.9110589010128826
L32_gamma2p0_g0p0_T100,general,32,0.0,5.0,random_16,29,0.0886719143352699
L32_gamma2p0_g0p0_T100,general,32,0.0,5.0,random_16,30,0.9128279930686409
L32_gamma2p0_g0p0_T100,general,32,0.0,5.0,random_16,31,0.017147158895186997
L32_gamma2p0_g0p0_T100,general,32,0.0,5.0,random_17,0,0.9828528176753258
L32_gamma2p0_g0p0_T100,general,32,0.0,5.0,random_17,1,0.0871721381565415
L32_gamma2p0_g0p0_T100,general,32,0.0,5.0,random_17,2,0.9113279595008408
L32_gamma2p0_g0p0_T100,general,32,0.0,5.0,random_17,3,0.08894121446690635
L32_gamma2p0_g0p0_T100,general,32,0.0,5.0,random_17,4,0.9110434427119651
L32_gamma2p0_g0p0_T100,general,32,0.0,5.0,random_17,5,0.08896032331633046
L32_gamma2p0_g0p0_T100,general,32,0.0,5.0,random_17,6,0.9110394250193092
L32_gamma2p0_g0p0_T100,general,32,0.0,5.0,random_17,7,0.08896073609454525
L32_gamma2p0_g0p0_T100,general,32,0.0,5.0,random_17,8,0.9110392502135515
L32_gamma2p0_g0p0_T100,general,32,0.0,5.0,random_17,9,0.08896097099392279
L32_gamma2p0_g0p0_T100,general,32,0.0,5.0,random_17,10,0.9110389461107842
L32_gamma2p0_g0p0_T100,general,32,0.0,5.0,random_17,11,0.08896129223308823
L32_gamma2p0_g0p0_T100,general,32,0.0,5.0,random_17,12,0.911038791794504
L32_gamma2p0_g0p0_T100,general,32,0.0,5.0,random_17,13,0.0889608507821501
L32_gamma2p0_g0p0_T100,general,32,0.0,5.0,random_17,14,0.9110392000659941
L32_gamma2p0_g0p0_T100,general,32,0.0,5.0,random_17,15,0.08896065071952637
L32_gamma2p0_g0p0_T100,general,32,0.0,5.0,random_17,16,0.9110392850334073
L32_gamma2p0_g0p0_T100,general,32,0.0,5.0,random_17,17,0.08896076243905282
L32_gamma2p0_g0p0_T100,general,32,0.0,5.0,random_17,18,0.9110392375560317
L32_gamma2p0_g0p0_T100,general,32,0.0,5.0,random_17,19,0.08896075977246223
L32_gamma2p0_g0p0_T100,general,32,0.0,5.0,random_17,20,0.911039229685771
L32_gamma2p0_g0p0_T100,general,32,0.0,5.0,random_17,21,0.0889607923868079
L32_gamma2p0_g0p0_T100,general,32,0.0,5.0,random_17,22,0.9110391779481679
L32_gamma2p0_g0p0_T100,general,32,0.0,5.0,random_17,23,0.08896085999371375
L32_gamma2p0_g0p0_T100,general,32,0.0,5.0,random_17,24,0.9110391657013517
L32_gamma2p0_g0p0_T100,general,32,0.0,5.0,random_17,25,0.08896071694639802
L32_gamma2p0_g0p0_T100,general,32,0.0,5.0,random_17,26,0.9110395656136759
L32_gamma2p0_g0p0_T100,general,32,0.0,5.0,random_17,27,0.08895626697068512
L32_gamma2p0_g0p0_T100,general,32,0.0,5.0,random_17,28,0.9110591025061149
L32_gamma2p0_g0p0_T100,general,32,0.0,5.0,random_17,29,0.08867184346140186
L32_gamma2p0_g0p0_T100,general,32,0.0,5.0,random_17,30,0.9128280648545594
L32_gamma2p0_g0p0_T100,general,32,0.0,5.0,random_17,31,0.01714715927511269
L32_gamma2p0_g0p0_T100,general,32,0.0,5.0,random_18,0,0.982852837961494
L32_gamma2p0_g0p0_T100,general,32,0.0,5.0,random_18,1,0.08717202760945594
L32_gamma2p0_g0p0_T100,general,32,0.0,5.0,random_18,2,0.9113280374974231
L32_gamma2p0_g0p0_T100,general,32,0.0,5.0,random_18,3,0.08894119408129277
L32_gamma2p0_g0p0_T100,general,32,0.0,5.0,random_18,4,0.911043415050358
L32_gamma2p0_g0p0_T100,general,32,0.0,5.0,random_18,5,0.08896056507188109
L32_gamma2p0_g0p0_T100,general,32,0.0,5.0,random_18,6,0.9110391632386317
L32_gamma2p0_g0p0_T100,general,32,0.0,5.0,random_18,7,0.08896094693678132
L32_gamma2p0_g0p0_T100,general,32,0.0,5.0,random_18,8,0.9110390555823373
L32_gamma2p0_g0p0_T100,general,32,0.0,5.0,random_18,9,0.08896094639867544
L32_gamma2p0_g0p0_T100,general,32,0.0,5.0,random_18,10,0.9110391011993227
L32_gamma2p0_g0p0_T100,general,32,0.0,5.0,random_18,11,0.08896085695510138
L32_gamma2p0_g0p0_T100,general,32,0.0,5.0,random_18,12,0.9110391053704716
L32_gamma2p0_g0p0_T100,general,32,0.0,5.0,random_18,13,0.08896092825078533
L32_gamma2p0_g0p0_T100,general,32,0.0,5.0,random_18,14,0.9110390711192018
L32_gamma2p0_g0p0_T100,general,32,0.0,5.0,random_18,15,0.08896082941901037
L32_gamma2p0_g0p0_T100,general,32,0.0,5.0,random_18,16,0.9110391936719152
L32_gamma2p0_g0p0_T100,general,32,0.0,5.0,random_18,17,0.08896075517646802
L32_gamma2p0_g0p0_T100,general,32,0.0,5.0,random_18,18,0.9110392498177126
L32_gamma2p0_g0p0_T100,general,32,0.0,5.0,random_18,19,0.08896087805068317
L32_gamma2p0_g0p0_T100,general,32,0.0,5.0,random_18,20,0.9110390009100114
L32_gamma2p0_g0p0_T100,general,32,0.0,5.0,random_18,21,0.08896119465112118
L32_gamma2p0_g0p0_T100,general,32,0.0,5.0,random_18,22,0.911038821027661
L32_gamma2p0_g0p0_T100,general,32,0.0,5.0,random_18,23,0.08896110397175222
L32_gamma2p0_g0p0_T100,general,32,0.0,5.0,random_18,24,0.9110389714783147
L32_gamma2p0_g0p0_T100,general,32,0.0,5.0,random_18,25,0.08896086474124171
L32_gamma2p0_g0p0_T100,general,32,0.0,5.0,random_18,26,0.9110394558929753
L32_gamma2p0_g0p0_T100,general,32,0.0,5.0,random_18,27,0.08895651114575863
L32_gamma2p0_g0p0_T100,general,32,0.0,5.0,random_18,28,0.9110588475966033
L32_gamma2p0_g0p0_T100,general,32,0.0,5.0,random_18,29,0.08867190409702765
L32_gamma2p0_g0p0_T100,general,32,0.0,5.0,random_18,30,0.9128280043477084
L32_gamma2p0_g0p0_T100,general,32,0.0,5.0,random_18,31,0.017147161680821213
L32_gamma2p0_g0p0_T100,general,32,0.0,5.0,random_19,0,0.9828528435867678
L32_gamma2p0_g0p0_T100,general,32,0.0,5.0,random_19,1,0.0871718935947567
L32_gamma2p0_g0p0_T100,general,32,0.0,5.0,random_19,2,0.9113282615881222
L32_gamma2p0_g0p0_T100,general,32,0.0,5.0,random_19,3,0.08894075382110228
L32_gamma2p0_g0p0_T100,general,32,0.0,5.0,random_19,4,0.9110439474855679
L32_gamma2p0_g0p0_T100,general,32,0.0,5.0,random_19,5,0.08896001694519576
L32_gamma2p0_g0p0_T100,general,32,0.0,5.0,random_19,6,0.9110396867398367
L32_gamma2p0_g0p0_T100,general,32,0.0,5.0,random_19,7,0.08896080061822874
L32_gamma2p0_g0p0_T100,general,32,0.0,5.0,random_19,8,0.9110390836180364
L32_gamma2p0_g0p0_T100,general,32,0.0,5.0,random_19,9,0.08896084585285904
L32_gamma2p0_g0p0_T100,general,32,0.0,5.0,random_19,10,0.9110391899015906
L32_gamma2p0_g0p0_T100,general,32,0.0,5.0,random_19,11,0.08896068413891846
L32_gamma2p0_g0p0_T100,general,32,0.0,5.0,random_19,12,0.9110392456850956
L32_gamma2p0_g0p0_T100,general,32,0.0,5.0,random_19,13,0.08896078542423558
L32_gamma2p0_g0p0_T100,general,32,0.0,5.0,random_19,14,0.911039262313937
L32_gamma2p0_g0p0_T100,general,32,0.0,5.0,random_19,15,0.08896068548959332
L32_gamma2p0_g0p0_T100,general,32,0.0,5.0,random_19,16,0.9110393465413527
L32_gamma2p0_g0p0_T100,general,32,0.0,5.0,random_19,17,0.08896072378675937
L32_gamma2p0_g0p0_T100,general,32,0.0,5.0,random_19,18,0.9110392889809952
L32_gamma2p0_g0p0_T100,general,32,0.0,5.0,random_19,19,0.08896079002724716
L32_gamma2p0_g0p0_T100,general,32,0.0,5.0,random_19,20,0.9110392028024248
L32_gamma2p0_g0p0_T100,general,32,0.0,5.0,random_19,21,0.08896117140674639
L32_gamma2p0_g0p0_T100,general,32,0.0,5.0,random_19,22,0.911038634644884
L32_gamma2p0_g0p0_T100,general,32,0.0,5.0,random_19,23,0.08896147381475292
L32_gamma2p0_g0p0_T100,general,32,0.0,5.0,random_19,24,0.9110385628724714
L32_gamma2p0_g0p0_T100,general,32,0.0,5.0,random_19,25,0.088961046754123
L32_gamma2p0_g0p0_T100,general,32,0.0,5.0,random_19,26,0.9110393409823719
L32_gamma2p0_g0p0_T100,general,32,0.0,5.0,random_19,27,0.08895645107323208
L32_gamma2p0_g0p0_T100,general,32,0.0,5.0,random_19,28,0.9110589417044148
L32_gamma2p0_g0p0_T100,general,32,0.0,5.0,random_19,29,0.08867187335463607
L32_gamma2p0_g0p0_T100,general,32,0.0,5.0,random_19,30,0.9128280067047241
L32_gamma2p0_g0p0_T100,general,32,0.0,5.0,random_19,31,0.01714715774501995
L32_gamma2p0_g0p0_T300,general,32,0.0,15.0,hermitian_ground,0,0.9828528349939358
L32_gamma2p0_g0p0_T300,general,32,0.0,15.0,hermitian_ground,1,0.08717206256505289
L32_gamma2p0_g0p0_T300,general,32,0.0,15.0,hermitian_ground,2,0.9113280028962263
L32_gamma2p0_g0p0_T300,general,32,0.0,15.0,hermitian_ground,3,0.08894124889550234
L32_gamma2p0_g0p0_T300,general,32,0.0,15.0,hermitian_ground,4,0.9110433566512522
L32_gamma2p0_g0p0_T300,general,32,0.0,15.0,hermitian_ground,5,0.08896062447067699
L32_gamma2p0_g0p0_T300,general,32,0.0,15.0,hermitian_ground,6,0.9110390982450098
L32_gamma2p0_g0p0_T300,general,32,0.0,15.0,hermitian_ground,7,0.08896098296137059
L32_gamma2p0_g0p0_T300,general,32,0.0,15.0,hermitian_ground,8,0.9110390108763837
L32_gamma2p0_g0p0_T300,general,32,0.0,15.0,hermitian_ground,9,0.08896099104507527
L32_gamma2p0_g0p0_T300,general,32,0.0,15.0,hermitian_ground,10,0.9110390088019702
L32_gamma2p0_g0p0_T300,general,32,0.0,15.0,hermitian_ground,11,0.08896099124755655
L32_gamma2p0_g0p0_T300,general,32,0.0,15.0,hermitian_ground,12,0.9110390087483787
L32_gamma2p0_g0p0_T300,general,32,0.0,15.0,hermitian_ground,13,0.08896099125297083
L32_gamma2p0_g0p0_T300,general,32,0.0,15.0,hermitian_ground,14,0.9110390087469161
L32_gamma2p0_g0p0_T300,general,32,0.0,15.0,hermitian_ground,15,0.088960991253121
L32_gamma2p0_g0p0_T300,general,32,0.0,15.0,hermitian_ground,16,0.911039008746879
L32_gamma2p0_g0p0_T300,general,32,0.0,15.0,hermitian_ground,17,0.08896099125308386
L32_gamma2p0_g0p0_T300,general,32,0.0,15.0,hermitian_ground,18,0.911039008747029
L32_gamma2p0_g0p0_T300,general,32,0.0,15.0,hermitian_ground,19,0.08896099125162119
L32_gamma2p0_g0p0_T300,general,32,0.0,15.0,hermitian_ground,20,0.9110390087524434
L32_gamma2p0_g0p0_T300,general,32,0.0,15.0,hermitian_ground,21,0.08896099119802987
L32_gamma2p0_g0p0_T300,general,32,0.0,15.0,hermitian_ground,22,0.9110390089549247
L32_gamma2p0_g0p0_T300,general,32,0.0,15.0,hermitian_ground,23,0.08896098912361622
L32_gamma2p0_g0p0_T300,general,32,0.0,15.0,hermitian_ground,24,0.9110390170386293
L32_gamma2p0_g0p0_T300,general,32,0.0,15.0,hermitian_ground,25,0.0889609017549901
L32_gamma2p0_g0p0_T300,general,32,0.0,15.0,hermitian_ground,26,0.9110393755293231
L32_gamma2p0_g0p0_T300,general,32,0.0,15.0,hermitian_ground,27,0.08895664334874762
L32_gamma2p0_g0p0_T300,general,32,0.0,15.0,hermitian_ground,28,0.9110587511044976
L32_gamma2p0_g0p0_T300,general,32,0.0,15.0,hermitian_ground,29,0.08867199710377373
L32_gamma2p0_g0p0_T300,general,32,0.0,15.0,hermitian_ground,30,0.9128279374349472
L32_gamma2p0_g0p0_T300,general,32,0.0,15.0,hermitian_ground,31,0.01714716500606429
L32_gamma2p0_g0p0_T300,general,32,0.0,15.0,random_00,0,0.9828528349939358
L32_gamma2p0_g0p0_T300,general,32,0.0,15.0,random_00,1,0.08717206256505289
L32_gamma2p0_g0p0_T300,general,32,0.0,15.0,random_00,2,0.9113280028962263
L32_gamma2p0_g0p0_T300,general,32,0.0,15.0,random_00,3,0.08894124889550234
L32_gamma2p0_g0p0_T300,general,32,0.0,15.0,random_00,4,0.9110433566512525
L32_gamma2p0_g0p0_T300,general,32,0.0,15.0,random_00,5,0.08896062447067697
L32_gamma2p0_g0p0_T300,general,32,0.0,15.0,random_00,6,0.91103909824501
L32_gamma2p0_g0p0_T300,general,32,0.0,15.0,random_00,7,0.0889609829613706
L32_gamma2p0_g0p0_T300,general,32,0.0,15.0,random_00,8,0.9110390108763837
L32_gamma2p0_g0p0_T300,general,32,0.0,15.0,random_00,9,0.0889609910450753
L32_gamma2p0_g0p0_T300,general,32,0.0,15.0,random_00,10,0.9110390088019702
L32_gamma2p0_g0p0_T300,general,32,0.0,15.0,random_00,11,0.08896099124755655
L32_gamma2p0_g0p0_T300,general,32,0.0,15.0,random_00,12,0.9110390087483788
L32_gamma2p0_g0p0_T300,general,32,0.0,15.0,random_00,13,0.08896099125297083
L32_gamma2p0_g0p0_T300,general,32,0.0,15.0,random_00,14,0.9110390087469161
L32_gamma2p0_g0p0_T300,general,32,0.0,15.0,random_00,15,0.08896099125312099
L32_gamma2p0_g0p0_T300,general,32,0.0,15.0,random_00,16,0.9110390087468792
L32_gamma2p0_g0p0_T300,general,32,0.0,15.0,random_00,17,0.08896099125308388
L32_gamma2p0_g0p0_T300,general,32,0.0,15.0,random_00,18,0.9110390087470291
L32_gamma2p0_g0p0_T300,general,32,0.0,15.0,random_00,19,0.08896099125162119
L32_gamma2p0_g0p0_T300,general,32,0.0,15.0,random_00,20,0.9110390087524434
L32_gamma2p0_g0p0_T300,general,32,0.0,15.0,random_00,21,0.08896099119802986
L32_gamma2p0_g0p0_T300,general,32,0.0,15.0,random_00,22,0.9110390089549248
L32_gamma2p0_g0p0_T300,general,32,0.0,15.0,random_00,23,0.08896098912361619
L32_gamma2p0_g0p0_T300,general,32,0.0,15.0,random_00,24,0.9110390170386293
L32_gamma2p0_g0p0_T300,general,32,0.0,15.0,random_00,25,0.08896090175499011
L32_gamma2p0_g0p0_T300,general,32,0.0,15.0,random_00,26,0.9110393755293231
L32_gamma2p0_g0p0_T300,general,32,0.0,15.0,random_00,27,0.08895664334874759
L32_gamma2p0_g0p0_T300,general,32,0.0,15.0,random_00,28,0.9110587511044977
L32_gamma2p0_g0p0_T300,general,32,0.0,15.0,random_00,29,0.08867199710377373
L32_gamma2p0_g0p0_T300,general,32,0.0,15.0,random_00,30,0.9128279374349471
L32_gamma2p0_g0p0_T300,general,32,0.0,15.0,random_00,31,0.01714716500606429
L32_gamma2p0_g0p0_T300,general,32,0.0,15.0,random_01,0,0.9828528349939356
L32_gamma2p0_g0p0_T300,general,32,0.0,15.0,random_01,1,0.0871720625650529
L32_gamma2p0_g0p0_T300,general,32,0.0,15.0,random_01,2,0.9113280028962263
L32_gamma2p0_g0p0_T300,general,32,0.0,15.0,random_01,3,0.08894124889550235
L32_gamma2p0_g0p0_T300,general,32,0.0,15.0,random_01,4,0.9110433566512524
L32_gamma2p0_g0p0_T300,general,32,0.0,15.0,random_01,5,0.08896062447067697
L32_gamma2p0_g0p0_T300,general,32,0.0,15.0,random_01,6,0.9110390982450101
L32_gamma2p0_g0p0_T300,general,32,0.0,15.0,random_01,7,0.08896098296137059
L32_gamma2p0_g0p0_T300,general,32,0.0,15.0,random_01,8,0.9110390108763836
L32_gamma2p0_g0p0_T300,general,32,0.0,15.0,random_01,9,0.08896099104507527
L32_gamma2p0_g0p0_T300,general,32,0.0,15.0,random_01,10,0.9110390088019702
L32_gamma2p0_g0p0_T300,general,32,0.0,15.0,random_01,11,0.08896099124755658
L32_gamma2p0_g0p0_T300,general,32,0.0,15.0,random_01,12,0.9110390087483788
L32_gamma2p0_g0p0_T300,general,32,0.0,15.0,random_01,13,0.08896099125297081
L32_gamma2p0_g0p0_T300,general,32,0.0,15.0,random_01,14,0.911039008746916
L32_gamma2p0_g0p0_T300,general,32,0.0,15.0,random_01,15,0.08896099125312099
L32_gamma2p0_g0p0_T300,general,32,0.0,15.0,random_01,16,0.911039008746879
L32_gamma2p0_g0p0_T300,general,32,0.0,15.0,random_01,17,0.08896099125308386
L32_gamma2p0_g0p0_T300,general,32,0.0,15.0,random_01,18,0.9110390087470291
L32_gamma2p0_g0p0_T300,general,32,0.0,15.0,random_01,19,0.08896099125162116
L32_gamma2p0_g0p0_T300,general,32,0.0,15.0,random_01,20,0.9110390087524436
L32_gamma2p0_g0p0_T300,general,32,0.0,15.0,random_01,21,0.08896099119802986
L32_gamma2p0_g0p0_T300,general,32,0.0,15.0,random_01,22,0.9110390089549247
L32_gamma2p0_g0p0_T300,general,32,0.0,15.0,random_01,23,0.08896098912361622
L32_gamma2p0_g0p0_T300,general,32,0.0,15.0,random_01,24,0.9110390170386293
L32_gamma2p0_g0p0_T300,general,32,0.0,15.0,random_01,25,0.0889609017549901
L32_gamma2p0_g0p0_T300,general,32,0.0,15.0,random_01,26,0.9110393755293231
L32_gamma2p0_g0p0_T300,general,32,0.0,15.0,random_01,27,0.08895664334874762
L32_gamma2p0_g0p0_T300,general,32,0.0,15.0,random_01,28,0.9110587511044977
L32_gamma2p0_g0p0_T300,general,32,0.0,15.0,random_01,29,0.08867199710377371
L32_gamma2p0_g0p0_T300,general,32,0.0,15.0,random_01,30,0.9128279374349473
L32_gamma2p0_g0p0_T300,general,32,0.0,15.0,random_01,31,0.01714716500606429
L32_gamma2p0_g0p0_T300,general,32,0.0,15.0,random_02,0,0.9828528349939354
L32_gamma2p0_g0p0_T300,general,32,0.0,15.0,random_02,1,0.0871720625650529
L32_gamma2p0_g0p0_T300,general,32,0.0,15.0,random_02,2,0.9113280028962264
L32_gamma2p0_g0p0_T300,general,32,0.0,15.0,random_02,3,0.08894124889550234
L32_gamma2p0_g0p0_T300,general,32,0.0,15.0,random_02,4,0.9110433566512524
L32_gamma2p0_g0p0_T300,general,32,0.0,15.0,random_02,5,0.08896062447067696
L32_gamma2p0_g0p0_T300,general,32,0.0,15.0,random_02,6,0.9110390982450101
L32_gamma2p0_g0p0_T300,general,32,0.0,15.0,random_02,7,0.08896098296137059
L32_gamma2p0_g0p0_T300,general,32,0.0,15.0,random_02,8,0.9110390108763837
L32_gamma2p0_g0p0_T300,general,32,0.0,15.0,random_02,9,0.08896099104507527
L32_gamma2p0_g0p0_T300,general,32,0.0,15.0,random_02,10,0.9110390088019702
L32_gamma2p0_g0p0_T300,general,32,0.0,15.0,random_02,11,0.08896099124755656
L32_gamma2p0_g0p0_T300,general,32,0.0,15.0,random_02,12,0.9110390087483787
L32_gamma2p0_g0p0_T300,general,32,0.0,15.0,random_02,13,0.08896099125297083
L32_gamma2p0_g0p0_T300,general,32,0.0,15.0,random_02,14,0.911039008746916
L32_gamma2p0_g0p0_T300,general,32,0.0,15.0,random_02,15,0.08896099125312099
L32_gamma2p0_g0p0_T300,general,32,0.0,15.0,random_02,16,0.911039008746879
L32_gamma2p0_g0p0_T300,general,32,0.0,15.0,random_02,17,0.08896099125308386
L32_gamma2p0_g0p0_T300,general,32,0.0,15.0,random_02,18,0.9110390087470291
L32_gamma2p0_g0p0_T300,general,32,0.0,15.0,random_02,19,0.08896099125162119
L32_gamma2p0_g0p0_T300,general,32,0.0,15.0,random_02,20,0.9110390087524434
L32_gamma2p0_g0p0_T300,general,32,0.0,15.0,random_02,21,0.08896099119802986
L32_gamma2p0_g0p0_T300,general,32,0.0,15.0,random_02,22,0.9110390089549246
L32_gamma2p0_g0p0_T300,general,32,0.0,15.0,random_02,23,0.08896098912361622
L32_gamma2p0_g0p0_T300,general,32,0.0,15.0,random_02,24,0.9110390170386293
L32_gamma2p0_g0p0_T300,general,32,0.0,15.0,random_02,25,0.08896090175499011
L32_gamma2p0_g0p0_T300,general,32,0.0,15.0,random_02,26,0.911039375529323
L32_gamma2p0_g0p0_T300,general,32,0.0,15.0,random_02,27,0.0889566433487476
L32_gamma2p0_g0p0_T300,general,32,0.0,15.0,random_02,28,0.9110587511044979
L32_gamma2p0_g0p0_T300,general,32,0.0,15.0,random_02,29,0.08867199710377373
L32_gamma2p0_g0p0_T300,general,32,0.0,15.0,random_02,30,0.9128279374349471
L32_gamma2p0_g0p0_T300,general,32,0.0,15.0,random_02,31,0.01714716500606429
L32_gamma2p0_g0p0_T300,general,32,0.0,15.0,random_03,0,0.9828528349939354
L32_gamma2p0_g0p0_T300,general,32,0.0,15.0,random_03,1,0.08717206256505289
L32_gamma2p0_g0p0_T300,general,32,0.0,15.0,random_03,2,0.9113280028962263
L32_gamma2p0_g0p0_T300,general,32,0.0,15.0,random_03,3,0.08894124889550234
L32_gamma2p0_g0p0_T300,general,32,0.0,15.0,random_03,4,0.9110433566512526
L32_gamma2p0_g0p0_T300,general,32,0.0,15.0,random_03,5,0.08896062447067697
L32_gamma2p0_g0p0_T300,general,32,0.0,15.0,random_03,6,0.9110390982450098
L32_gamma2p0_g0p0_T300,general,32,0.0,15.0,random_03,7,0.08896098296137059
L32_gamma2p0_g0p0_T300,general,32,0.0,15.0,random_03,8,0.9110390108763838
L32_gamma2p0_g0p0_T300,general,32,0.0,15.0,random_03,9,0.08896099104507527
L32_gamma2p0_g0p0_T300,general,32,0.0,15.0,random_03,10,0.9110390088019702
L32_gamma2p0_g0p0_T300,general,32,0.0,15.0,random_03,11,0.08896099124755656
L32_gamma2p0_g0p0_T300,general,32,0.0,15.0,random_03,12,0.9110390087483787
L32_gamma2p0_g0p0_T300,general,32,0.0,15.0,random_03,13,0.0889609912529708
L32_gamma2p0_g0p0_T300,general,32,0.0,15.0,random_03,14,0.9110390087469161
L32_gamma2p0_g0p0_T300,general,32,0.0,15.0,random_03,15,0.08896099125312099
L32_gamma2p0_g0p0_T300,general,32,0.0,15.0,random_03,16,0.911039008746879
L32_gamma2p0_g0p0_T300,general,32,0.0,15.0,random_03,17,0.08896099125308386
L32_gamma2p0_g0p0_T300,general,32,0.0,15.0,random_03,18,0.9110390087470293
L32_gamma2p0_g0p0_T300,general,32,0.0,15.0,random_03,19,0.08896099125162117
L32_gamma2p0_g0p0_T300,general,32,0.0,15.0,random_03,20,0.9110390087524434
L32_gamma2p0_g0p0_T300,general,32,0.0,15.0,random_03,21,0.08896099119802986
L32_gamma2p0_g0p0_T300,general,32,0.0,15.0,random_03,22,0.9110390089549247
L32_gamma2p0_g0p0_T300,general,32,0.0,15.0,random_03,23,0.0889609891236162
L32_gamma2p0_g0p0_T300,general,32,0.0,15.0,random_03,24,0.9110390170386296
L32_gamma2p0_g0p0_T300,general,32,0.0,15.0,random_03,25,0.08896090175499011
L32_gamma2p0_g0p0_T300,general,32,0.0,15.0,random_03,26,0.9110393755293231
L32_gamma2p0_g0p0_T300,general,32,0.0,15.0,random_03,27,0.08895664334874762
L32_gamma2p0_g0p0_T300,general,32,0.0,15.0,random_03,28,0.9110587511044976
L32_gamma2p0_g0p0_T300,general,32,0.0,15.0,random_03,29,0.08867199710377373
L32_gamma2p0_g0p0_T300,general,32,0.0,15.0,random_03,30,0.9128279374349471
L32_gamma2p0_g0p0_T300,general,32,0.0,15.0,random_03,31,0.01714716500606429
L32_gamma2p0_g0p0_T300,general,32,0.0,15.0,random_04,0,0.9828528349939358
L32_gamma2p0_g0p0_T300,general,32,0.0,15.0,random_04,1,0.08717206256505289
L32_gamma2p0_g0p0_T300,general,32,0.0,15.0,random_04,2,0.9113280028962262
L32_gamma2p0_g0p0_T300,general,32,0.0,15.0,random_04,3,0.08894124889550234
L32_gamma2p0_g0p0_T300,general,32,0.0,15.0,random_04,4,0.9110433566512521
L32_gamma2p0_g0p0_T300,general,32,0.0,15.0,random_04,5,0.08896062447067696
L32_gamma2p0_g0p0_T300,general,32,0.0,15.0,random_04,6,0.9110390982450098
L32_gamma2p0_g0p0_T300,general,32,0.0,15.0,random_04,7,0.08896098296137059
L32_gamma2p0_g0p0_T300,general,32,0.0,15.0,random_04,8,0.9110390108763838
L32_gamma2p0_g0p0_T300,general,32,0.0,15.0,random_04,9,0.08896099104507527
L32_gamma2p0_g0p0_T300,general,32,0.0,15.0,random_04,10,0.91103900880197
L32_gamma2p0_g0p0_T300,general,32,0.0,15.0,random_04,11,0.08896099124755656
L32_gamma2p0_g0p0_T300,general,32,0.0,15.0,random_04,12,0.9110390087483787
L32_gamma2p0_g0p0_T300,general,32,0.0,15.0,random_04,13,0.08896099125297083
L32_gamma2p0_g0p0_T300,general,32,0.0,15.0,random_04,14,0.9110390087469161
L32_gamma2p0_g0p0_T300,general,32,0.0,15.0,random_04,15,0.08896099125312099
L32_gamma2p0_g0p0_T300,general,32,0.0,15.0,random_04,16,0.911039008746879
L32_gamma2p0_g0p0_T300,general,32,0.0,15.0,random_04,17,0.08896099125308386
L32_gamma2p0_g0p0_T300,general,32,0.0,15.0,random_04,18,0.9110390087470293
L32_gamma2p0_g0p0_T300,general,32,0.0,15.0,random_04,19,0.08896099125162117
L32_gamma2p0_g0p0_T300,general,32,0.0,15.0,random_04,20,0.9110390087524434
L32_gamma2p0_g0p0_T300,general,32,0.0,15.0,random_04,21,0.08896099119802986
L32_gamma2p0_g0p0_T300,general,32,0.0,15.0,random_04,22,0.9110390089549247
L32_gamma2p0_g0p0_T300,general,32,0.0,15.0,random_04,23,0.08896098912361622
L32_gamma2p0_g0p0_T300,general,32,0.0,15.0,random_04,24,0.9110390170386293
L32_gamma2p0_g0p0_T300,general,32,0.0,15.0,random_04,25,0.08896090175499011
L32_gamma2p0_g0p0_T300,general,32,0.0,15.0,random_04,26,0.9110393755293231
L32_gamma2p0_g0p0_T300,general,32,0.0,15.0,random_04,27,0.08895664334874762
L32_gamma2p0_g0p0_T300,general,32,0.0,15.0,random_04,28,0.9110587511044975
L32_gamma2p0_g0p0_T300,general,32,0.0,15.0,random_04,29,0.08867199710377371
L32_gamma2p0_g0p0_T300,general,32,0.0,15.0,random_04,30,0.9128279374349473
L32_gamma2p0_g0p0_T300,general,32,0.0,15.0,random_04,31,0.01714716500606429
L32_gamma2p0_g0p0_T300,general,32,0.0,15.0,random_05,0,0.9828528349939358
L32_gamma2p0_g0p0_T300,general,32,0.0,15.0,random_05,1,0.08717206256505289
L32_gamma2p0_g0p0_T300,general,32,0.0,15.0,random_05,2,0.9113280028962263
L32_gamma2p0_g0p0_T300,general,32,0.0,15.0,random_05,3,0.08894124889550235
L32_gamma2p0_g0p0_T300,general,32,0.0,15.0,random_05,4,0.9110433566512526
L32_gamma2p0_g0p0_T300,general,32,0.0,15.0,random_05,5,0.08896062447067697
L32_gamma2p0_g0p0_T300,general,32,0.0,15.0,random_05,6,0.9110390982450098
L32_gamma2p0_g0p0_T300,general,32,0.0,15.0,random_05,7,0.08896098296137059
L32_gamma2p0_g0p0_T300,general,32,0.0,15.0,random_05,8,0.9110390108763837
L32_gamma2p0_g0p0_T300,general,32,0.0,15.0,random_05,9,0.08896099104507527
L32_gamma2p0_g0p0_T300,general,32,0.0,15.0,random_05,10,0.9110390088019702
L32_gamma2p0_g0p0_T300,general,32,0.0,15.0,random_05,11,0.08896099124755655
L32_gamma2p0_g0p0_T300,general,32,0.0,15.0,random_05,12,0.9110390087483788
L32_gamma2p0_g0p0_T300,general,32,0.0,15.0,random_05,13,0.08896099125297081
L32_gamma2p0_g0p0_T300,general,32,0.0,15.0,random_05,14,0.9110390087469161
L32_gamma2p0_g0p0_T300,general,32,0.0,15.0,random_05,15,0.08896099125312101
L32_gamma2p0_g0p0_T300,general,32,0.0,15.0,random_05,16,0.911039008746879
L32_gamma2p0_g0p0_T300,general,32,0.0,15.0,random_05,17,0.08896099125308386
L32_gamma2p0_g0p0_T300,general,32,0.0,15.0,random_05,18,0.9110390087470293
L32_gamma2p0_g0p0_T300,general,32,0.0,15.0,random_05,19,0.08896099125162116
L32_gamma2p0_g0p0_T300,general,32,0.0,15.0,random_05,20,0.9110390087524434
L32_gamma2p0_g0p0_T300,general,32,0.0,15.0,random_05,21,0.08896099119802986
L32_gamma2p0_g0p0_T300,general,32,0.0,15.0,random_05,22,0.9110390089549247
L32_gamma2p0_g0p0_T300,general,32,0.0,15.0,random_05,23,0.0889609891236162
L32_gamma2p0_g0p0_T300,general,32,0.0,15.0,random_05,24,0.9110390170386293
L32_gamma2p0_g0p0_T300,general,32,0.0,15.0,random_05,25,0.08896090175499011
L32_gamma2p0_g0p0_T300,general,32,0.0,15.0,random_05,26,0.9110393755293229
L32_gamma2p0_g0p0_T300,general,32,0.0,15.0,random_05,27,0.08895664334874762
L32_gamma2p0_g0p0_T300,general,32,0.0,15.0,random_05,28,0.9110587511044976
L32_gamma2p0_g0p0_T300,general,32,0.0,15.0,random_05,29,0.08867199710377371
L32_gamma2p0_g0p0_T300,general,32,0.0,15.0,random_05,30,0.9128279374349471
L32_gamma2p0_g0p0_T300,general,32,0.0,15.0,random_05,31,0.01714716500606429
L32_gamma2p0_g0p0_T300,general,32,0.0,15.0,random_06,0,0.9828528349939358
L32_gamma2p0_g0p0_T300,general,32,0.0,15.0,random_06,1,0.08717206256505289
L32_gamma2p0_g0p0_T300,general,32,0.0,15.0,random_06,2,0.9113280028962263
L32_gamma2p0_g0p0_T300,general,32,0.0,15.0,random_06,3,0.08894124889550234
L32_gamma2p0_g0p0_T300,general,32,0.0,15.0,random_06,4,0.9110433566512524
L32_gamma2p0_g0p0_T300,general,32,0.0,15.0,random_06,5,0.08896062447067699
L32_gamma2p0_g0p0_T300,general,32,0.0,15.0,random_06,6,0.9110390982450101
L32_gamma2p0_g0p0_T300,general,32,0.0,15.0,random_06,7,0.0889609829613706
L32_gamma2p0_g0p0_T300,general,32,0.0,15.0,random_06,8,0.9110390108763837
L32_gamma2p0_g0p0_T300,general,32,0.0,15.0,random_06,9,0.08896099104507527
L32_gamma2p0_g0p0_T300,general,32,0.0,15.0,random_06,10,0.9110390088019702
L32_gamma2p0_g0p0_T300,general,32,0.0,15.0,random_06,11,0.08896099124755655
L32_gamma2p0_g0p0_T300,general,32,0.0,15.0,random_06,12,0.9110390087483788
L32_gamma2p0_g0p0_T300,general,32,0.0,15.0,random_06,13,0.08896099125297083
L32_gamma2p0_g0p0_T300,general,32,0.0,15.0,random_06,14,0.9110390087469161
L32_gamma2p0_g0p0_T300,general,32,0.0,15.0,random_06,15,0.088960991253121
L32_gamma2p0_g0p0_T300,general,32,0.0,15.0,random_06,16,0.911039008746879
L32_gamma2p0_g0p0_T300,general,32,0.0,15.0,random_06,17,0.08896099125308386
L32_gamma2p0_g0p0_T300,general,32,0.0,15.0,random_06,18,0.9110390087470291
L32_gamma2p0_g0p0_T300,general,32,0.0,15.0,random_06,19,0.08896099125162119
L32_gamma2p0_g0p0_T300,general,32,0.0,15.0,random_06,20,0.9110390087524435
L32_gamma2p0_g0p0_T300,general,32,0.0,15.0,random_06,21,0.08896099119802987
L32_gamma2p0_g0p0_T300,general,32,0.0,15.0,random_06,22,0.9110390089549246
L32_gamma2p0_g0p0_T300,general,32,0.0,15.0,random_06,23,0.0889609891236162
L32_gamma2p0_g0p0_T300,general,32,0.0,15.0,random_06,24,0.9110390170386293
L32_gamma2p0_g0p0_T300,general,32,0.0,15.0,random_06,25,0.0889609017549901
L32_gamma2p0_g0p0_T300,general,32,0.0,15.0,random_06,26,0.9110393755293231
L32_gamma2p0_g0p0_T300,general,32,0.0,15.0,random_06,27,0.0889566433487476
L32_gamma2p0_g0p0_T300,general,32,0.0,15.0,random_06,28,0.9110587511044976
L32_gamma2p0_g0p0_T300,general,32,0.0,15.0,random_06,29,0.08867199710377371
L32_gamma2p0_g0p0_T300,general,32,0.0,15.0,random_06,30,0.9128279374349471
L32_gamma2p0_g0p0_T300,general,32,0.0,15.0,random_06,31,0.01714716500606429
L32_gamma2p0_g0p0_T300,general,32,0.0,15.0,random_07,0,0.9828528349939357
L32_gamma2p0_g0p0_T300,general,32,0.0,15.0,random_07,1,0.08717206256505292
L32_gamma2p0_g0p0_T300,general,32,0.0,15.0,random_07,2,0.9113280028962262
L32_gamma2p0_g0p0_T300,general,32,0.0,15.0,random_07,3,0.08894124889550233
L32_gamma2p0_g0p0_T300,general,32,0.0,15.0,random_07,4,0.9110433566512524
L32_gamma2p0_g0p0_T300,general,32,0.0,15.0,random_07,5,0.08896062447067696
L32_gamma2p0_g0p0_T300,general,32,0.0,15.0,random_07,6,0.9110390982450098
L32_gamma2p0_g0p0_T300,general,32,0.0,15.0,random_07,7,0.08896098296137059
L32_gamma2p0_g0p0_T300,general,32,0.0,15.0,random_07,8,0.9110390108763837
L32_gamma2p0_g0p0_T300,general,32,0.0,15.0,random_07,9,0.08896099104507527
L32_gamma2p0_g0p0_T300,general,32,0.0,15.0,random_07,10,0.9110390088019703
L32_gamma2p0_g0p0_T300,general,32,0.0,15.0,random_07,11,0.08896099124755655
L32_gamma2p0_g0p0_T300,general,32,0.0,15.0,random_07,12,0.9110390087483788
L32_gamma2p0_g0p0_T300,general,32,0.0,15.0,random_07,13,0.08896099125297083
L32_gamma2p0_g0p0_T300,general,32,0.0,15.0,random_07,14,0.9110390087469162
L32_gamma2p0_g0p0_T300,general,32,0.0,15.0,random_07,15,0.088960991253121
L32_gamma2p0_g0p0_T300,general,32,0.0,15.0,random_07,16,0.9110390087468792
L32_gamma2p0_g0p0_T300,general,32,0.0,15.0,random_07,17,0.08896099125308388
L32_gamma2p0_g0p0_T300,general,32,0.0,15.0,random_07,18,0.9110390087470293
L32_gamma2p0_g0p0_T300,general,32,0.0,15.0,random_07,19,0.08896099125162117
L32_gamma2p0_g0p0_T300,general,32,0.0,15.0,random_07,20,0.9110390087524436
L32_gamma2p0_g0p0_T300,general,32,0.0,15.0,random_07,21,0.08896099119802986
L32_gamma2p0_g0p0_T300,general,32,0.0,15.0,random_07,22,0.9110390089549247
L32_gamma2p0_g0p0_T300,general,32,0.0,15.0,random_07,23,0.08896098912361622
L32_gamma2p0_g0p0_T300,general,32,0.0,15.0,random_07,24,0.9110390170386294
L32_gamma2p0_g0p0_T300,general,32,0.0,15.0,random_07,25,0.08896090175499011
L32_gamma2p0_g0p0_T300,general,32,0.0,15.0,random_07,26,0.9110393755293231
L32_gamma2p0_g0p0_T300,general,32,0.0,15.0,random_07,27,0.08895664334874762
L32_gamma2p0_g0p0_T300,general,32,0.0,15.0,random_07,28,0.9110587511044977
L32_gamma2p0_g0p0_T300,general,32,0.0,15.0,random_07,29,0.08867199710377374
L32_gamma2p0_g0p0_T300,general,32,0.0,15.0,random_07,30,0.9128279374349471
L32_gamma2p0_g0p0_T300,general,32,0.0,15.0,random_07,31,0.017147165006064294
L32_gamma2p0_g0p0_T300,general,32,0.0,15.0,random_08,0,0.9828528349939357
L32_gamma2p0_g0p0_T300,general,32,0.0,15.0,random_08,1,0.0871720625650529
L32_gamma2p0_g0p0_T300,general,32,0.0,15.0,random_08,2,0.9113280028962263
L32_gamma2p0_g0p0_T300,general,32,0.0,15.0,random_08,3,0.08894124889550234
L32_gamma2p0_g0p0_T300,general,32,0.0,15.0,random_08,4,0.9110433566512524
L32_gamma2p0_g0p0_T300,general,32,0.0,15.0,random_08,5,0.08896062447067699
L32_gamma2p0_g0p0_T300,general,32,0.0,15.0,random_08,6,0.9110390982450098
L32_gamma2p0_g0p0_T300,general,32,0.0,15.0,random_08,7,0.08896098296137062
L32_gamma2p0_g0p0_T300,general,32,0.0,15.0,random_08,8,0.9110390108763838
L32_gamma2p0_g0p0_T300,general,32,0.0,15.0,random_08,9,0.08896099104507527
L32_gamma2p0_g0p0_T300,general,32,0.0,15.0,random_08,10,0.9110390088019701
L32_gamma2p0_g0p0_T300,general,32,0.0,15.0,random_08,11,0.08896099124755656
L32_gamma2p0_g0p0_T300,general,32,0.0,15.0,random_08,12,0.9110390087483788
L32_gamma2p0_g0p0_T300,general,32,0.0,15.0,random_08,13,0.08896099125297081
L32_gamma2p0_g0p0_T300,general,32,0.0,15.0,random_08,14,0.9110390087469161
L32_gamma2p0_g0p0_T300,general,32,0.0,15.0,random_08,15,0.088960991253121
L32_gamma2p0_g0p0_T300,general,32,0.0,15.0,random_08,16,0.9110390087468789
L32_gamma2p0_g0p0_T300,general,32,0.0,15.0,random_08,17,0.08896099125308386
L32_gamma2p0_g0p0_T300,general,32,0.0,15.0,random_08,18,0.9110390087470291
L32_gamma2p0_g0p0_T300,general,32,0.0,15.0,random_08,19,0.08896099125162117
L32_gamma2p0_g0p0_T300,general,32,0.0,15.0,random_08,20,0.9110390087524434
L32_gamma2p0_g0p0_T300,general,32,0.0,15.0,random_08,21,0.08896099119802986
L32_gamma2p0_g0p0_T300,general,32,0.0,15.0,random_08,22,0.9110390089549247
L32_gamma2p0_g0p0_T300,general,32,0.0,15.0,random_08,23,0.0889609891236162
L32_gamma2p0_g0p0_T300,general,32,0.0,15.0,random_08,24,0.9110390170386296
L32_gamma2p0_g0p0_T300,general,32,0.0,15.0,random_08,25,0.0889609017549901
L32_gamma2p0_g0p0_T300,general,32,0.0,15.0,random_08,26,0.911039375529323
L32_gamma2p0_g0p0_T300,general,32,0.0,15.0,random_08,27,0.08895664334874762
L32_gamma2p0_g0p0_T300,general,32,0.0,15.0,random_08,28,0.9110587511044976
L32_gamma2p0_g0p0_T300,general,32,0.0,15.0,random_08,29,0.08867199710377371
L32_gamma2p0_g0p0_T300,general,32,0.0,15.0,random_08,30,0.9128279374349471
L32_gamma2p0_g0p0_T300,general,32,0.0,15.0,random_08,31,0.017147165006064294
L32_gamma2p0_g0p0_T300,general,32,0.0,15.0,random_09,0,0.9828528349939356
L32_gamma2p0_g0p0_T300,general,32,0.0,15.0,random_09,1,0.08717206256505289
L32_gamma2p0_g0p0_T300,general,32,0.0,15.0,random_09,2,0.9113280028962263
L32_gamma2p0_g0p0_T300,general,32,0.0,15.0,random_09,3,0.08894124889550234
L32_gamma2p0_g0p0_T300,general,32,0.0,15.0,random_09,4,0.9110433566512524
L32_gamma2p0_g0p0_T300,general,32,0.0,15.0,random_09,5,0.08896062447067699
L32_gamma2p0_g0p0_T300,general,32,0.0,15.0,random_09,6,0.9110390982450101
L32_gamma2p0_g0p0_T300,general,32,0.0,15.0,random_09,7,0.0889609829613706
L32_gamma2p0_g0p0_T300,general,32,0.0,15.0,random_09,8,0.9110390108763837
L32_gamma2p0_g0p0_T300,general,32,0.0,15.0,random_09,9,0.08896099104507527
L32_gamma2p0_g0p0_T300,general,32,0.0,15.0,random_09,10,0.9110390088019702
L32_gamma2p0_g0p0_T300,general,32,0.0,15.0,random_09,11,0.08896099124755655
L32_gamma2p0_g0p0_T300,general,32,0.0,15.0,random_09,12,0.9110390087483788
L32_gamma2p0_g0p0_T300,general,32,0.0,15.0,random_09,13,0.08896099125297083
L32_gamma2p0_g0p0_T300,general,32,0.0,15.0,random_09,14,0.911039008746916
L32_gamma2p0_g0p0_T300,general,32,0.0,15.0,random_09,15,0.08896099125312099
L32_gamma2p0_g0p0_T300,general,32,0.0,15.0,random_09,16,0.911039008746879
L32_gamma2p0_g0p0_T300,general,32,0.0,15.0,random_09,17,0.08896099125308385
L32_gamma2p0_g0p0_T300,general,32,0.0,15.0,random_09,18,0.9110390087470293
L32_gamma2p0_g0p0_T300,general,32,0.0,15.0,random_09,19,0.08896099125162116
L32_gamma2p0_g0p0_T300,general,32,0.0,15.0,random_09,20,0.9110390087524434
L32_gamma2p0_g0p0_T300,general,32,0.0,15.0,random_09,21,0.08896099119802986
L32_gamma2p0_g0p0_T300,general,32,0.0,15.0,random_09,22,0.9110390089549247
L32_gamma2p0_g0p0_T300,general,32,0.0,15.0,random_09,23,0.08896098912361622
L32_gamma2p0_g0p0_T300,general,32,0.0,15.0,random_09,24,0.9110390170386293
L32_gamma2p0_g0p0_T300,general,32,0.0,15.0,random_09,25,0.08896090175499011
L32_gamma2p0_g0p0_T300,general,32,0.0,15.0,random_09,26,0.9110393755293229
L32_gamma2p0_g0p0_T300,general,32,0.0,15.0,random_09,27,0.08895664334874762
L32_gamma2p0_g0p0_T300,general,32,0.0,15.0,random_09,28,0.9110587511044976
L32_gamma2p0_g0p0_T300,general,32,0.0,15.0,random_09,29,0.08867199710377371
L32_gamma2p0_g0p0_T300,general,32,0.0,15.0,random_09,30,0.9128279374349471
L32_gamma2p0_g0p0_T300,general,32,0.0,15.0,random_09,31,0.017147165006064287
L32_gamma2p0_g0p0_T300,general,32,0.0,15.0,random_10,0,0.9828528349939356
L32_gamma2p0_g0p0_T300,general,32,0.0,15.0,random_10,1,0.08717206256505289
L32_gamma2p0_g0p0_T300,general,32,0.0,15.0,random_10,2,0.9113280028962264
L32_gamma2p0_g0p0_T300,general,32,0.0,15.0,random_10,3,0.08894124889550233
L32_gamma2p0_g0p0_T300,general,32,0.0,15.0,random_10,4,0.9110433566512524
L32_gamma2p0_g0p0_T300,general,32,0.0,15.0,random_10,5,0.08896062447067697
L32_gamma2p0_g0p0_T300,general,32,0.0,15.0,random_10,6,0.9110390982450098
L32_gamma2p0_g0p0_T300,general,32,0.0,15.0,random_10,7,0.08896098296137059
L32_gamma2p0_g0p0_T300,general,32,0.0,15.0,random_10,8,0.9110390108763837
L32_gamma2p0_g0p0_T300,general,32,0.0,15.0,random_10,9,0.08896099104507527
L32_gamma2p0_g0p0_T300,general,32,0.0,15.0,random_10,10,0.9110390088019702
L32_gamma2p0_g0p0_T300,general,32,0.0,15.0,random_10,11,0.08896099124755656
L32_gamma2p0_g0p0_T300,general,32,0.0,15.0,random_10,12,0.9110390087483788
L32_gamma2p0_g0p0_T300,general,32,0.0,15.0,random_10,13,0.08896099125297081
L32_gamma2p0_g0p0_T300,general,32,0.0,15.0,random_10,14,0.9110390087469161
L32_gamma2p0_g0p0_T300,general,32,0.0,15.0,random_10,15,0.08896099125312099
L32_gamma2p0_g0p0_T300,general,32,0.0,15.0,random_10,16,0.911039008746879
L32_gamma2p0_g0p0_T300,general,32,0.0,15.0,random_10,17,0.08896099125308388
L32_gamma2p0_g0p0_T300,general,32,0.0,15.0,random_10,18,0.9110390087470291
L32_gamma2p0_g0p0_T300,general,32,0.0,15.0,random_10,19,0.08896099125162119
L32_gamma2p0_g0p0_T300,general,32,0.0,15.0,random_10,20,0.9110390087524436
L32_gamma2p0_g0p0_T300,general,32,0.0,15.0,random_10,21,0.08896099119802986
L32_gamma2p0_g0p0_T300,general,32,0.0,15.0,random_10,22,0.9110390089549246
L32_gamma2p0_g0p0_T300,general,32,0.0,15.0,random_10,23,0.08896098912361622
L32_gamma2p0_g0p0_T300,general,32,0.0,15.0,random_10,24,0.9110390170386293
L32_gamma2p0_g0p0_T300,general,32,0.0,15.0,random_10,25,0.08896090175499011
L32_gamma2p0_g0p0_T300,general,32,0.0,15.0,random_10,26,0.911039375529323
L32_gamma2p0_g0p0_T300,general,32,0.0,15.0,random_10,27,0.0889566433487476
L32_gamma2p0_g0p0_T300,general,32,0.0,15.0,random_10,28,0.9110587511044976
L32_gamma2p0_g0p0_T300,general,32,0.0,15.0,random_10,29,0.0886719971037737
L32_gamma2p0_g0p0_T300,general,32,0.0,15.0,random_10,30,0.9128279374349473
L32_gamma2p0_g0p0_T300,general,32,0.0,15.0,random_10,31,0.01714716500606429
L32_gamma2p0_g0p0_T300,general,32,0.0,15.0,random_11,0,0.9828528349939357
L32_gamma2p0_g0p0_T300,general,32,0.0,15.0,random_11,1,0.08717206256505289
L32_gamma2p0_g0p0_T300,general,32,0.0,15.0,random_11,2,0.9113280028962264
L32_gamma2p0_g0p0_T300,general,32,0.0,15.0,random_11,3,0.08894124889550234
L32_gamma2p0_g0p0_T300,general,32,0.0,15.0,random_11,4,0.9110433566512525
L32_gamma2p0_g0p0_T300,general,32,0.0,15.0,random_11,5,0.08896062447067697
L32_gamma2p0_g0p0_T300,general,32,0.0,15.0,random_11,6,0.9110390982450098
L32_gamma2p0_g0p0_T300,general,32,0.0,15.0,random_11,7,0.0889609829613706
L32_gamma2p0_g0p0_T300,general,32,0.0,15.0,random_11,8,0.9110390108763837
L32_gamma2p0_g0p0_T300,general,32,0.0,15.0,random_11,9,0.0889609910450753
L32_gamma2p0_g0p0_T300,general,32,0.0,15.0,random_11,10,0.9110390088019702
L32_gamma2p0_g0p0_T300,general,32,0.0,15.0,random_11,11,0.08896099124755655
L32_gamma2p0_g0p0_T300,general,32,0.0,15.0,random_11,12,0.9110390087483788
L32_gamma2p0_g0p0_T300,general,32,0.0,15.0,random_11,13,0.08896099125297081
L32_gamma2p0_g0p0_T300,general,32,0.0,15.0,random_11,14,0.911039008746916
L32_gamma2p0_g0p0_T300,general,32,0.0,15.0,random_11,15,0.08896099125312099
L32_gamma2p0_g0p0_T300,general,32,0.0,15.0,random_11,16,0.911039008746879
L32_gamma2p0_g0p0_T300,general,32,0.0,15.0,random_11,17,0.08896099125308385
L32_gamma2p0_g0p0_T300,general,32,0.0,15.0,random_11,18,0.9110390087470293
L32_gamma2p0_g0p0_T300,general,32,0.0,15.0,random_11,19,0.08896099125162119
L32_gamma2p0_g0p0_T300,general,32,0.0,15.0,random_11,20,0.9110390087524435
L32_gamma2p0_g0p0_T300,general,32,0.0,15.0,random_11,21,0.08896099119802987
L32_gamma2p0_g0p0_T300,general,32,0.0,15.0,random_11,22,0.9110390089549246
L32_gamma2p0_g0p0_T300,general,32,0.0,15.0,random_11,23,0.0889609891236162
L32_gamma2p0_g0p0_T300,general,32,0.0,15.0,random_11,24,0.9110390170386293
L32_gamma2p0_g0p0_T300,general,32,0.0,15.0,random_11,25,0.0889609017549901
L32_gamma2p0_g0p0_T300,general,32,0.0,15.0,random_11,26,0.911039375529323
L32_gamma2p0_g0p0_T300,general,32,0.0,15.0,random_11,27,0.0889566433487476
L32_gamma2p0_g0p0_T300,general,32,0.0,15.0,random_11,28,0.9110587511044976
L32_gamma2p0_g0p0_T300,general,32,0.0,15.0,random_11,29,0.08867199710377373
L32_gamma2p0_g0p0_T300,general,32,0.0,15.0,random_11,30,0.9128279374349473
L32_gamma2p0_g0p0_T300,general,32,0.0,15.0,random_11,31,0.01714716500606429
L32_gamma2p0_g0p0_T300,general,32,0.0,15.0,random_12,0,0.9828528349939358
L32_gamma2p0_g0p0_T300,general,32,0.0,15.0,random_12,1,0.08717206256505289
L32_gamma2p0_g0p0_T300,general,32,0.0,15.0,random_12,2,0.9113280028962264
L32_gamma2p0_g0p0_T300,general,32,0.0,15.0,random_12,3,0.08894124889550234
L32_gamma2p0_g0p0_T300,general,32,0.0,15.0,random_12,4,0.9110433566512524
L32_gamma2p0_g0p0_T300,general,32,0.0,15.0,random_12,5,0.08896062447067697
L32_gamma2p0_g0p0_T300,general,32,0.0,15.0,random_12,6,0.91103909824501
L32_gamma2p0_g0p0_T300,general,32,0.0,15.0,random_12,7,0.08896098296137059
L32_gamma2p0_g0p0_T300,general,32,0.0,15.0,random_12,8,0.9110390108763837
L32_gamma2p0_g0p0_T300,general,32,0.0,15.0,random_12,9,0.08896099104507527
L32_gamma2p0_g0p0_T300,general,32,0.0,15.0,random_12,10,0.9110390088019702
L32_gamma2p0_g0p0_T300,general,32,0.0,15.0,random_12,11,0.08896099124755656
L32_gamma2p0_g0p0_T300,general,32,0.0,15.0,random_12,12,0.9110390087483788
L32_gamma2p0_g0p0_T300,general,32,0.0,15.0,random_12,13,0.08896099125297083
L32_gamma2p0_g0p0_T300,general,32,0.0,15.0,random_12,14,0.9110390087469162
L32_gamma2p0_g0p0_T300,general,32,0.0,15.0,random_12,15,0.088960991253121
L32_gamma2p0_g0p0_T300,general,32,0.0,15.0,random_12,16,0.911039008746879
L32_gamma2p0_g0p0_T300,general,32,0.0,15.0,random_12,17,0.08896099125308388
L32_gamma2p0_g0p0_T300,general,32,0.0,15.0,random_12,18,0.9110390087470291
L32_gamma2p0_g0p0_T300,general,32,0.0,15.0,random_12,19,0.08896099125162119
L32_gamma2p0_g0p0_T300,general,32,0.0,15.0,random_12,20,0.9110390087524435
L32_gamma2p0_g0p0_T300,general,32,0.0,15.0,random_12,21,0.08896099119802986
L32_gamma2p0_g0p0_T300,general,32,0.0,15.0,random_12,22,0.9110390089549247
L32_gamma2p0_g0p0_T300,general,32,0.0,15.0,random_12,23,0.0889609891236162
L32_gamma2p0_g0p0_T300,general,32,0.0,15.0,random_12,24,0.9110390170386293
L32_gamma2p0_g0p0_T300,general,32,0.0,15.0,random_12,25,0.08896090175499011
L32_gamma2p0_g0p0_T300,general,32,0.0,15.0,random_12,26,0.9110393755293229
L32_gamma2p0_g0p0_T300,general,32,0.0,15.0,random_12,27,0.08895664334874762
L32_gamma2p0_g0p0_T300,general,32,0.0,15.0,random_12,28,0.9110587511044977
L32_gamma2p0_g0p0_T300,general,32,0.0,15.0,random_12,29,0.08867199710377371
L32_gamma2p0_g0p0_T300,general,32,0.0,15.0,random_12,30,0.9128279374349471
L32_gamma2p0_g0p0_T300,general,32,0.0,15.0,random_12,31,0.01714716500606429
L32_gamma2p0_g0p0_T300,general,32,0.0,15.0,random_13,0,0.9828528349939358
L32_gamma2p0_g0p0_T300,general,32,0.0,15.0,random_13,1,0.0871720625650529
L32_gamma2p0_g0p0_T300,general,32,0.0,15.0,random_13,2,0.9113280028962263
L32_gamma2p0_g0p0_T300,general,32,0.0,15.0,random_13,3,0.08894124889550234
L32_gamma2p0_g0p0_T300,general,32,0.0,15.0,random_13,4,0.9110433566512525
L32_gamma2p0_g0p0_T300,general,32,0.0,15.0,random_13,5,0.08896062447067699
L32_gamma2p0_g0p0_T300,general,32,0.0,15.0,random_13,6,0.9110390982450098
L32_gamma2p0_g0p0_T300,general,32,0.0,15.0,random_13,7,0.08896098296137059
L32_gamma2p0_g0p0_T300,general,32,0.0,15.0,random_13,8,0.9110390108763837
L32_gamma2p0_g0p0_T300,general,32,0.0,15.0,random_13,9,0.08896099104507528
L32_gamma2p0_g0p0_T300,general,32,0.0,15.0,random_13,10,0.9110390088019701
L32_gamma2p0_g0p0_T300,general,32,0.0,15.0,random_13,11,0.08896099124755656
L32_gamma2p0_g0p0_T300,general,32,0.0,15.0,random_13,12,0.9110390087483788
L32_gamma2p0_g0p0_T300,general,32,0.0,15.0,random_13,13,0.08896099125297083
L32_gamma2p0_g0p0_T300,general,32,0.0,15.0,random_13,14,0.911039008746916
L32_gamma2p0_g0p0_T300,general,32,0.0,15.0,random_13,15,0.08896099125312099
L32_gamma2p0_g0p0_T300,general,32,0.0,15.0,random_13,16,0.911039008746879
L32_gamma2p0_g0p0_T300,general,32,0.0,15.0,random_13,17,0.08896099125308386
L32_gamma2p0_g0p0_T300,general,32,0.0,15.0,random_13,18,0.911039008747029
L32_gamma2p0_g0p0_T300,general,32,0.0,15.0,random_13,19,0.08896099125162117
L32_gamma2p0_g0p0_T300,general,32,0.0,15.0,random_13,20,0.9110390087524435
L32_gamma2p0_g0p0_T300,general,32,0.0,15.0,random_13,21,0.08896099119802986
L32_gamma2p0_g0p0_T300,general,32,0.0,15.0,random_13,22,0.9110390089549247
L32_gamma2p0_g0p0_T300,general,32,0.0,15.0,random_13,23,0.08896098912361622
L32_gamma2p0_g0p0_T300,general,32,0.0,15.0,random_13,24,0.9110390170386296
L32_gamma2p0_g0p0_T300,general,32,0.0,15.0,random_13,25,0.08896090175499011
L32_gamma2p0_g0p0_T300,general,32,0.0,15.0,random_13,26,0.911039375529323
L32_gamma2p0_g0p0_T300,general,32,0.0,15.0,random_13,27,0.08895664334874763
L32_gamma2p0_g0p0_T300,general,32,0.0,15.0,random_13,28,0.9110587511044979
L32_gamma2p0_g0p0_T300,general,32,0.0,15.0,random_13,29,0.08867199710377371
L32_gamma2p0_g0p0_T300,general,32,0.0,15.0,random_13,30,0.9128279374349471
L32_gamma2p0_g0p0_T300,general,32,0.0,15.0,random_13,31,0.01714716500606429
L32_gamma2p0_g0p0_T300,general,32,0.0,15.0,random_14,0,0.9828528349939357
L32_gamma2p0_g0p0_T300,general,32,0.0,15.0,random_14,1,0.08717206256505292
L32_gamma2p0_g0p0_T300,general,32,0.0,15.0,random_14,2,0.9113280028962265
L32_gamma2p0_g0p0_T300,general,32,0.0,15.0,random_14,3,0.08894124889550234
L32_gamma2p0_g0p0_T300,general,32,0.0,15.0,random_14,4,0.9110433566512522
L32_gamma2p0_g0p0_T300,general,32,0.0,15.0,random_14,5,0.08896062447067697
L32_gamma2p0_g0p0_T300,general,32,0.0,15.0,random_14,6,0.9110390982450098
L32_gamma2p0_g0p0_T300,general,32,0.0,15.0,random_14,7,0.0889609829613706
L32_gamma2p0_g0p0_T300,general,32,0.0,15.0,random_14,8,0.9110390108763838
L32_gamma2p0_g0p0_T300,general,32,0.0,15.0,random_14,9,0.08896099104507528
L32_gamma2p0_g0p0_T300,general,32,0.0,15.0,random_14,10,0.9110390088019703
L32_gamma2p0_g0p0_T300,general,32,0.0,15.0,random_14,11,0.08896099124755655
L32_gamma2p0_g0p0_T300,general,32,0.0,15.0,random_14,12,0.911039008748379
L32_gamma2p0_g0p0_T300,general,32,0.0,15.0,random_14,13,0.08896099125297083
L32_gamma2p0_g0p0_T300,general,32,0.0,15.0,random_14,14,0.9110390087469161
L32_gamma2p0_g0p0_T300,general,32,0.0,15.0,random_14,15,0.088960991253121
L32_gamma2p0_g0p0_T300,general,32,0.0,15.0,random_14,16,0.911039008746879
L32_gamma2p0_g0p0_T300,general,32,0.0,15.0,random_14,17,0.08896099125308386
L32_gamma2p0_g0p0_T300,general,32,0.0,15.0,random_14,18,0.9110390087470293
L32_gamma2p0_g0p0_T300,general,32,0.0,15.0,random_14,19,0.08896099125162119
L32_gamma2p0_g0p0_T300,general,32,0.0,15.0,random_14,20,0.9110390087524434
L32_gamma2p0_g0p0_T300,general,32,0.0,15.0,random_14,21,0.08896099119802986
L32_gamma2p0_g0p0_T300,general,32,0.0,15.0,random_14,22,0.9110390089549248
L32_gamma2p0_g0p0_T300,general,32,0.0,15.0,random_14,23,0.0889609891236162
L32_gamma2p0_g0p0_T300,general,32,0.0,15.0,random_14,24,0.9110390170386293
L32_gamma2p0_g0p0_T300,general,32,0.0,15.0,random_14,25,0.0889609017549901
L32_gamma2p0_g0p0_T300,general,32,0.0,15.0,random_14,26,0.9110393755293231
L32_gamma2p0_g0p0_T300,general,32,0.0,15.0,random_14,27,0.08895664334874762
L32_gamma2p0_g0p0_T300,general,32,0.0,15.0,random_14,28,0.9110587511044975
L32_gamma2p0_g0p0_T300,general,32,0.0,15.0,random_14,29,0.08867199710377374
L32_gamma2p0_g0p0_T300,general,32,0.0,15.0,random_14,30,0.9128279374349471
L32_gamma2p0_g0p0_T300,general,32,0.0,15.0,random_14,31,0.017147165006064294
L32_gamma2p0_g0p0_T300,general,32,0.0,15.0,random_15,0,0.9828528349939358
L32_gamma2p0_g0p0_T300,general,32,0.0,15.0,random_15,1,0.08717206256505289
L32_gamma2p0_g0p0_T300,general,32,0.0,15.0,random_15,2,0.9113280028962262
L32_gamma2p0_g0p0_T300,general,32,0.0,15.0,random_15,3,0.08894124889550234
L32_gamma2p0_g0p0_T300,general,32,0.0,15.0,random_15,4,0.9110433566512522
L32_gamma2p0_g0p0_T300,general,32,0.0,15.0,random_15,5,0.08896062447067697
L32_gamma2p0_g0p0_T300,general,32,0.0,15.0,random_15,6,0.9110390982450098
L32_gamma2p0_g0p0_T300,general,32,0.0,15.0,random_15,7,0.08896098296137059
L32_gamma2p0_g0p0_T300,general,32,0.0,15.0,random_15,8,0.9110390108763838
L32_gamma2p0_g0p0_T300,general,32,0.0,15.0,random_15,9,0.08896099104507528
L32_gamma2p0_g0p0_T300,general,32,0.0,15.0,random_15,10,0.9110390088019702
L32_gamma2p0_g0p0_T300,general,32,0.0,15.0,random_15,11,0.08896099124755655
L32_gamma2p0_g0p0_T300,general,32,0.0,15.0,random_15,12,0.9110390087483788
L32_gamma2p0_g0p0_T300,general,32,0.0,15.0,random_15,13,0.08896099125297083
L32_gamma2p0_g0p0_T300,general,32,0.0,15.0,random_15,14,0.9110390087469162
L32_gamma2p0_g0p0_T300,general,32,0.0,15.0,random_15,15,0.088960991253121
L32_gamma2p0_g0p0_T300,general,32,0.0,15.0,random_15,16,0.9110390087468789
L32_gamma2p0_g0p0_T300,general,32,0.0,15.0,random_15,17,0.08896099125308385
L32_gamma2p0_g0p0_T300,general,32,0.0,15.0,random_15,18,0.9110390087470293
L32_gamma2p0_g0p0_T300,general,32,0.0,15.0,random_15,19,0.08896099125162117
L32_gamma2p0_g0p0_T300,general,32,0.0,15.0,random_15,20,0.9110390087524435
L32_gamma2p0_g0p0_T300,general,32,0.0,15.0,random_15,21,0.08896099119802987
L32_gamma2p0_g0p0_T300,general,32,0.0,15.0,random_15,22,0.9110390089549248
L32_gamma2p0_g0p0_T300,general,32,0.0,15.0,random_15,23,0.08896098912361622
L32_gamma2p0_g0p0_T300,general,32,0.0,15.0,random_15,24,0.9110390170386294
L32_gamma2p0_g0p0_T300,general,32,0.0,15.0,random_15,25,0.0889609017549901
L32_gamma2p0_g0p0_T300,general,32,0.0,15.0,random_15,26,0.9110393755293229
L32_gamma2p0_g0p0_T300,general,32,0.0,15.0,random_15,27,0.08895664334874762
L32_gamma2p0_g0p0_T300,general,32,0.0,15.0,random_15,28,0.9110587511044976
L32_gamma2p0_g0p0_T300,general,32,0.0,15.0,random_15,29,0.08867199710377371
L32_gamma2p0_g0p0_T300,general,32,0.0,15.0,random_15,30,0.912827937434947
L32_gamma2p0_g0p0_T300,general,32,0.0,15.0,random_15,31,0.01714716500606429
L32_gamma2p0_g0p0_T300,general,32,0.0,15.0,random_16,0,0.9828528349939355
L32_gamma2p0_g0p0_T300,general,32,0.0,15.0,random_16,1,0.08717206256505289
L32_gamma2p0_g0p0_T300,general,32,0.0,15.0,random_16,2,0.9113280028962263
L32_gamma2p0_g0p0_T300,general,32,0.0,15.0,random_16,3,0.08894124889550234
L32_gamma2p0_g0p0_T300,general,32,0.0,15.0,random_16,4,0.9110433566512524
L32_gamma2p0_g0p0_T300,general,32,0.0,15.0,random_16,5,0.08896062447067696
L32_gamma2p0_g0p0_T300,general,32,0.0,15.0,random_16,6,0.9110390982450101
L32_gamma2p0_g0p0_T300,general,32,0.0,15.0,random_16,7,0.08896098296137059
L32_gamma2p0_g0p0_T300,general,32,0.0,15.0,random_16,8,0.911039010876384
L32_gamma2p0_g0p0_T300,general,32,0.0,15.0,random_16,9,0.0889609910450753
L32_gamma2p0_g0p0_T300,general,32,0.0,15.0,random_16,10,0.9110390088019703
L32_gamma2p0_g0p0_T300,general,32,0.0,15.0,random_16,11,0.08896099124755655
L32_gamma2p0_g0p0_T300,general,32,0.0,15.0,random_16,12,0.9110390087483788
L32_gamma2p0_g0p0_T300,general,32,0.0,15.0,random_16,13,0.08896099125297083
L32_gamma2p0_g0p0_T300,general,32,0.0,15.0,random_16,14,0.9110390087469162
L32_gamma2p0_g0p0_T300,general,32,0.0,15.0,random_16,15,0.088960991253121
L32_gamma2p0_g0p0_T300,general,32,0.0,15.0,random_16,16,0.9110390087468792
L32_gamma2p0_g0p0_T300,general,32,0.0,15.0,random_16,17,0.08896099125308386
L32_gamma2p0_g0p0_T300,general,32,0.0,15.0,random_16,18,0.9110390087470291
L32_gamma2p0_g0p0_T300,general,32,0.0,15.0,random_16,19,0.08896099125162116
L32_gamma2p0_g0p0_T300,general,32,0.0,15.0,random_16,20,0.9110390087524436
L32_gamma2p0_g0p0_T300,general,32,0.0,15.0,random_16,21,0.08896099119802986
L32_gamma2p0_g0p0_T300,general,32,0.0,15.0,random_16,22,0.9110390089549247
L32_gamma2p0_g0p0_T300,general,32,0.0,15.0,random_16,23,0.08896098912361619
L32_gamma2p0_g0p0_T300,general,32,0.0,15.0,random_16,24,0.9110390170386296
L32_gamma2p0_g0p0_T300,general,32,0.0,15.0,random_16,25,0.08896090175499013
L32_gamma2p0_g0p0_T300,general,32,0.0,15.0,random_16,26,0.9110393755293231
L32_gamma2p0_g0p0_T300,general,32,0.0,15.0,random_16,27,0.08895664334874762
L32_gamma2p0_g0p0_T300,general,32,0.0,15.0,random_16,28,0.9110587511044976
L32_gamma2p0_g0p0_T300,general,32,0.0,15.0,random_16,29,0.08867199710377373
L32_gamma2p0_g0p0_T300,general,32,0.0,15.0,random_16,30,0.9128279374349471
L32_gamma2p0_g0p0_T300,general,32,0.0,15.0,random_16,31,0.017147165006064294
L32_gamma2p0_g0p0_T300,general,32,0.0,15.0,random_17,0,0.9828528349939358
L32_gamma2p0_g0p0_T300,general,32,0.0,15.0,random_17,1,0.08717206256505289
L32_gamma2p0_g0p0_T300,general,32,0.0,15.0,random_17,2,0.9113280028962263
L32_gamma2p0_g0p0_T300,general,32,0.0,15.0,random_17,3,0.08894124889550233
L32_gamma2p0_g0p0_T300,general,32,0.0,15.0,random_17,4,0.9110433566512524
L32_gamma2p0_g0p0_T300,general,32,0.0,15.0,random_17,5,0.08896062447067697
L32_gamma2p0_g0p0_T300,general,32,0.0,15.0,random_17,6,0.91103909824501
L32_gamma2p0_g0p0_T300,general,32,0.0,15.0,random_17,7,0.0889609829613706
L32_gamma2p0_g0p0_T300,general,32,0.0,15.0,random_17,8,0.9110390108763837
L32_gamma2p0_g0p0_T300,general,32,0.0,15.0,random_17,9,0.08896099104507528
L32_gamma2p0_g0p0_T300,general,32,0.0,15.0,random_17,10,0.9110390088019702
L32_gamma2p0_g0p0_T300,general,32,0.0,15.0,random_17,11,0.08896099124755655
L32_gamma2p0_g0p0_T300,general,32,0.0,15.0,random_17,12,0.9110390087483788
L32_gamma2p0_g0p0_T300,general,32,0.0,15.0,random_17,13,0.08896099125297081
L32_gamma2p0_g0p0_T300,general,32,0.0,15.0,random_17,14,0.9110390087469162
L32_gamma2p0_g0p0_T300,general,32,0.0,15.0,random_17,15,0.088960991253121
L32_gamma2p0_g0p0_T300,general,32,0.0,15.0,random_17,16,0.911039008746879
L32_gamma2p0_g0p0_T300,general,32,0.0,15.0,random_17,17,0.08896099125308388
L32_gamma2p0_g0p0_T300,general,32,0.0,15.0,random_17,18,0.9110390087470293
L32_gamma2p0_g0p0_T300,general,32,0.0,15.0,random_17,19,0.08896099125162117
L32_gamma2p0_g0p0_T300,general,32,0.0,15.0,random_17,20,0.9110390087524435
L32_gamma2p0_g0p0_T300,general,32,0.0,15.0,random_17,21,0.08896099119802987
L32_gamma2p0_g0p0_T300,general,32,0.0,15.0,random_17,22,0.9110390089549247
L32_gamma2p0_g0p0_T300,general,32,0.0,15.0,random_17,23,0.0889609891236162
L32_gamma2p0_g0p0_T300,general,32,0.0,15.0,random_17,24,0.9110390170386293
L32_gamma2p0_g0p0_T300,general,32,0.0,15.0,random_17,25,0.08896090175499011
L32_gamma2p0_g0p0_T300,general,32,0.0,15.0,random_17,26,0.911039375529323
L32_gamma2p0_g0p0_T300,general,32,0.0,15.0,random_17,27,0.08895664334874762
L32_gamma2p0_g0p0_T300,general,32,0.0,15.0,random_17,28,0.9110587511044976
L32_gamma2p0_g0p0_T300,general,32,0.0,15.0,random_17,29,0.08867199710377371
L32_gamma2p0_g0p0_T300,general,32,0.0,15.0,random_17,30,0.9128279374349472
L32_gamma2p0_g0p0_T300,general,32,0.0,15.0,random_17,31,0.01714716500606429
L32_gamma2p0_g0p0_T300,general,32,0.0,15.0,random_18,0,0.9828528349939356
L32_gamma2p0_g0p0_T300,general,32,0.0,15.0,random_18,1,0.08717206256505289
L32_gamma2p0_g0p0_T300,general,32,0.0,15.0,random_18,2,0.9113280028962264
L32_gamma2p0_g0p0_T300,general,32,0.0,15.0,random_18,3,0.08894124889550233
L32_gamma2p0_g0p0_T300,general,32,0.0,15.0,random_18,4,0.9110433566512522
L32_gamma2p0_g0p0_T300,general,32,0.0,15.0,random_18,5,0.08896062447067697
L32_gamma2p0_g0p0_T300,general,32,0.0,15.0,random_18,6,0.9110390982450098
L32_gamma2p0_g0p0_T300,general,32,0.0,15.0,random_18,7,0.0889609829613706
L32_gamma2p0_g0p0_T300,general,32,0.0,15.0,random_18,8,0.9110390108763838
L32_gamma2p0_g0p0_T300,general,32,0.0,15.0,random_18,9,0.08896099104507528
L32_gamma2p0_g0p0_T300,general,32,0.0,15.0,random_18,10,0.9110390088019701
L32_gamma2p0_g0p0_T300,general,32,0.0,15.0,random_18,11,0.08896099124755655
L32_gamma2p0_g0p0_T300,general,32,0.0,15.0,random_18,12,0.9110390087483787
L32_gamma2p0_g0p0_T300,general,32,0.0,15.0,random_18,13,0.08896099125297083
L32_gamma2p0_g0p0_T300,general,32,0.0,15.0,random_18,14,0.9110390087469162
L32_gamma2p0_g0p0_T300,general,32,0.0,15.0,random_18,15,0.088960991253121
L32_gamma2p0_g0p0_T300,general,32,0.0,15.0,random_18,16,0.911039008746879
L32_gamma2p0_g0p0_T300,general,32,0.0,15.0,random_18,17,0.08896099125308385
L32_gamma2p0_g0p0_T300,general,32,0.0,15.0,random_18,18,0.9110390087470293
L32_gamma2p0_g0p0_T300,general,32,0.0,15.0,random_18,19,0.08896099125162116
L32_gamma2p0_g0p0_T300,general,32,0.0,15.0,random_18,20,0.9110390087524434
L32_gamma2p0_g0p0_T300,general,32,0.0,15.0,random_18,21,0.08896099119802986
L32_gamma2p0_g0p0_T300,general,32,0.0,15.0,random_18,22,0.9110390089549246
L32_gamma2p0_g0p0_T300,general,32,0.0,15.0,random_18,23,0.08896098912361622
L32_gamma2p0_g0p0_T300,general,32,0.0,15.0,random_18,24,0.9110390170386293
L32_gamma2p0_g0p0_T300,general,32,0.0,15.0,random_18,25,0.08896090175499011
L32_gamma2p0_g0p0_T300,general,32,0.0,15.0,random_18,26,0.9110393755293231
L32_gamma2p0_g0p0_T300,general,32,0.0,15.0,random_18,27,0.08895664334874762
L32_gamma2p0_g0p0_T300,general,32,0.0,15.0,random_18,28,0.9110587511044976
L32_gamma2p0_g0p0_T300,general,32,0.0,15.0,random_18,29,0.08867199710377371
L32_gamma2p0_g0p0_T300,general,32,0.0,15.0,random_18,30,0.912827937434947
L32_gamma2p0_g0p0_T300,general,32,0.0,15.0,random_18,31,0.01714716500606429
L32_gamma2p0_g0p0_T300,general,32,0.0,15.0,random_19,0,0.9828528349939357
L32_gamma2p0_g0p0_T300,general,32,0.0,15.0,random_19,1,0.08717206256505289
L32_gamma2p0_g0p0_T300,general,32,0.0,15.0,random_19,2,0.9113280028962263
L32_gamma2p0_g0p0_T300,general,32,0.0,15.0,random_19,3,0.08894124889550235
L32_gamma2p0_g0p0_T300,general,32,0.0,15.0,random_19,4,0.9110433566512524
L32_gamma2p0_g0p0_T300,general,32,0.0,15.0,random_19,5,0.08896062447067699
L32_gamma2p0_g0p0_T300,general,32,0.0,15.0,random_19,6,0.9110390982450098
L32_gamma2p0_g0p0_T300,general,32,0.0,15.0,random_19,7,0.08896098296137062
L32_gamma2p0_g0p0_T300,general,32,0.0,15.0,random_19,8,0.9110390108763837
L32_gamma2p0_g0p0_T300,general,32,0.0,15.0,random_19,9,0.08896099104507528
L32_gamma2p0_g0p0_T300,general,32,0.0,15.0,random_19,10,0.91103900880197
L32_gamma2p0_g0p0_T300,general,32,0.0,15.0,random_19,11,0.08896099124755658
L32_gamma2p0_g0p0_T300,general,32,0.0,15.0,random_19,12,0.9110390087483787
L32_gamma2p0_g0p0_T300,general,32,0.0,15.0,random_19,13,0.08896099125297083
L32_gamma2p0_g0p0_T300,general,32,0.0,15.0,random_19,14,0.911039008746916
L32_gamma2p0_g0p0_T300,general,32,0.0,15.0,random_19,15,0.08896099125312099
L32_gamma2p0_g0p0_T300,general,32,0.0,15.0,random_19,16,0.9110390087468792
L32_gamma2p0_g0p0_T300,general,32,0.0,15.0,random_19,17,0.08896099125308386
L32_gamma2p0_g0p0_T300,general,32,0.0,15.0,random_19,18,0.9110390087470293
L32_gamma2p0_g0p0_T300,general,32,0.0,15.0,random_19,19,0.08896099125162119
L32_gamma2p0_g0p0_T300,general,32,0.0,15.0,random_19,20,0.9110390087524435
L32_gamma2p0_g0p0_T300,general,32,0.0,15.0,random_19,21,0.08896099119802986
L32_gamma2p0_g0p0_T300,general,32,0.0,15.0,random_19,22,0.9110390089549247
L32_gamma2p0_g0p0_T300,general,32,0.0,15.0,random_19,23,0.0889609891236162
L32_gamma2p0_g0p0_T300,general,32,0.0,15.0,random_19,24,0.9110390170386296
L32_gamma2p0_g0p0_T300,general,32,0.0,15.0,random_19,25,0.08896090175499011
L32_gamma2p0_g0p0_T300,general,32,0.0,15.0,random_19,26,0.9110393755293231
L32_gamma2p0_g0p0_T300,general,32,0.0,15.0,random_19,27,0.08895664334874762
L32_gamma2p0_g0p0_T300,general,32,0.0,15.0,random_19,28,0.9110587511044976
L32_gamma2p0_g0p0_T300,general,32,0.0,15.0,random_19,29,0.08867199710377373
L32_gamma2p0_g0p0_T300,general,32,0.0,15.0,random_19,30,0.9128279374349471
L32_gamma2p0_g0p0_T300,general,32,0.0,15.0,random_19,31,0.01714716500606429
L32_gamma2p0_g0p25_T100,general,32,0.25,5.0,hermitian_ground,0,0.9823472918636822
L32_gamma2p0_g0p25_T100,general,32,0.25,5.0,hermitian_ground,1,0.061295705706983505
L32_gamma2p0_g0p25_T100,general,32,0.25,5.0,hermitian_ground,2,0.9365125121625713
L32_gamma2p0_g0p25_T100,general,32,0.25,5.0,hermitian_ground,3,0.06364736054289231
L32_gamma2p0_g0p25_T100,general,32,0.25,5.0,hermitian_ground,4,0.9363246844592868
L32_gamma2p0_g0p25_T100,general,32,0.25,5.0,hermitian_ground,5,0.06367714574935243
L32_gamma2p0_g0p25_T100,general,32,0.25,5.0,hermitian_ground,6,0.9363222563839908
L32_gamma2p0_g0p25_T100,general,32,0.25,5.0,hermitian_ground,7,0.06367777004607861
L32_gamma2p0_g0p25_T100,general,32,0.25,5.0,hermitian_ground,8,0.9363222143414435
L32_gamma2p0_g0p25_T100,general,32,0.25,5.0,hermitian_ground,9,0.06367778598157536
L32_gamma2p0_g0p25_T100,general,32,0.25,5.0,hermitian_ground,10,0.9363222135626577
L32_gamma2p0_g0p25_T100,general,32,0.25,5.0,hermitian_ground,11,0.06367778643587346
L32_gamma2p0_g0p25_T100,general,32,0.25,5.0,hermitian_ground,12,0.9363222135497518
L32_gamma2p0_g0p25_T100,general,32,0.25,5.0,hermitian_ground,13,0.06367778644985712
L32_gamma2p0_g0p25_T100,general,32,0.25,5.0,hermitian_ground,14,0.9363222135496617
L32_gamma2p0_g0p25_T100,general,32,0.25,5.0,hermitian_ground,15,0.06367778645031562
L32_gamma2p0_g0p25_T100,general,32,0.25,5.0,hermitian_ground,16,0.9363222135496844
L32_gamma2p0_g0p25_T100,general,32,0.25,5.0,hermitian_ground,17,0.06367778645033834
L32_gamma2p0_g0p25_T100,general,32,0.25,5.0,hermitian_ground,18,0.9363222135501429
L32_gamma2p0_g0p25_T100,general,32,0.25,5.0,hermitian_ground,19,0.06367778645024821
L32_gamma2p0_g0p25_T100,general,32,0.25,5.0,hermitian_ground,20,0.9363222135641267
L32_gamma2p0_g0p25_T100,general,32,0.25,5.0,hermitian_ground,21,0.06367778643734234
L32_gamma2p0_g0p25_T100,general,32,0.25,5.0,hermitian_ground,22,0.9363222140184247
L32_gamma2p0_g0p25_T100,general,32,0.25,5.0,hermitian_ground,23,0.06367778565855646
L32_gamma2p0_g0p25_T100,general,32,0.25,5.0,hermitian_ground,24,0.9363222299539214
L32_gamma2p0_g0p25_T100,general,32,0.25,5.0,hermitian_ground,25,0.06367774361600921
L32_gamma2p0_g0p25_T100,general,32,0.25,5.0,hermitian_ground,26,0.9363228542506477
L32_gamma2p0_g0p25_T100,general,32,0.25,5.0,hermitian_ground,27,0.0636753155407131
L32_gamma2p0_g0p25_T100,general,32,0.25,5.0,hermitian_ground,28,0.9363526394571077
L32_gamma2p0_g0p25_T100,general,32,0.25,5.0,hermitian_ground,29,0.06348748783742873
L32_gamma2p0_g0p25_T100,general,32,0.25,5.0,hermitian_ground,30,0.9387042942930165
L32_gamma2p0_g0p25_T100,general,32,0.25,5.0,hermitian_ground,31,0.017652708136317894
L32_gamma2p0_g0p25_T100,general,32,0.25,5.0,random_00,0,0.9823473071149244
L32_gamma2p0_g0p25_T100,general,32,0.25,5.0,random_00,1,0.06129561496961907
L32_gamma2p0_g0p25_T100,general,32,0.25,5.0,random_00,2,0.9365126725869877
L32_gamma2p0_g0p25_T100,general,32,0.25,5.0,random_00,3,0.0636471536929703
L32_gamma2p0_g0p25_T100,general,32,0.25,5.0,random_00,4,0.9363248587348987
L32_gamma2p0_g0p25_T100,general,32,0.25,5.0,random_00,5,0.06367699309165943
L32_gamma2p0_g0p25_T100,general,32,0.25,5.0,random_00,6,0.93632238680154
L32_gamma2p0_g0p25_T100,general,32,0.25,5.0,random_00,7,0.06367771727959355
L32_gamma2p0_g0p25_T100,general,32,0.25,5.0,random_00,8,0.9363222177453302
L32_gamma2p0_g0p25_T100,general,32,0.25,5.0,random_00,9,0.06367788229204047
L32_gamma2p0_g0p25_T100,general,32,0.25,5.0,random_00,10,0.9363220828535059
L32_gamma2p0_g0p25_T100,general,32,0.25,5.0,random_00,11,0.06367792426683226
L32_gamma2p0_g0p25_T100,general,32,0.25,5.0,random_00,12,0.9363221574983674
L32_gamma2p0_g0p25_T100,general,32,0.25,5.0,random_00,13,0.06367775584516105
L32_gamma2p0_g0p25_T100,general,32,0.25,5.0,random_00,14,0.936322328557593
L32_gamma2p0_g0p25_T100,general,32,0.25,5.0,random_00,15,0.06367754434010175
L32_gamma2p0_g0p25_T100,general,32,0.25,5.0,random_00,16,0.93632241991342
L32_gamma2p0_g0p25_T100,general,32,0.25,5.0,random_00,17,0.06367760285146284
L32_gamma2p0_g0p25_T100,general,32,0.25,5.0,random_00,18,0.9363223510454597
L32_gamma2p0_g0p25_T100,general,32,0.25,5.0,random_00,19,0.0636776865812881
L32_gamma2p0_g0p25_T100,general,32,0.25,5.0,random_00,20,0.936322323455909
L32_gamma2p0_g0p25_T100,general,32,0.25,5.0,random_00,21,0.06367771868189737
L32_gamma2p0_g0p25_T100,general,32,0.25,5.0,random_00,22,0.9363222256493624
L32_gamma2p0_g0p25_T100,general,32,0.25,5.0,random_00,23,0.06367774282816231
L32_gamma2p0_g0p25_T100,general,32,0.25,5.0,random_00,24,0.9363223245250728
L32_gamma2p0_g0p25_T100,general,32,0.25,5.0,random_00,25,0.06367758582402329
L32_gamma2p0_g0p25_T100,general,32,0.25,5.0,random_00,26,0.936323030740403
L32_gamma2p0_g0p25_T100,general,32,0.25,5.0,random_00,27,0.06367516259575422
L32_gamma2p0_g0p25_T100,general,32,0.25,5.0,random_00,28,0.9363528313131031
L32_gamma2p0_g0p25_T100,general,32,0.25,5.0,random_00,29,0.06348738039974543
L32_gamma2p0_g0p25_T100,general,32,0.25,5.0,random_00,30,0.9387043133617392
L32_gamma2p0_g0p25_T100,general,32,0.25,5.0,random_00,31,0.017652702562071583
L32_gamma2p0_g0p25_T100,general,32,0.25,5.0,random_01,0,0.9823472925526984
L32_gamma2p0_g0p25_T100,general,32,0.25,5.0,random_01,1,0.061295712404069495
L32_gamma2p0_g0p25_T100,general,32,0.25,5.0,random_01,2,0.9365125083841447
L32_gamma2p0_g0p25_T100,general,32,0.25,5.0,random_01,3,0.06364736196922585
L32_gamma2p0_g0p25_T100,general,32,0.25,5.0,random_01,4,0.9363246749067597
L32_gamma2p0_g0p25_T100,general,32,0.25,5.0,random_01,5,0.06367714553260027
L32_gamma2p0_g0p25_T100,general,32,0.25,5.0,random_01,6,0.9363222826608963
L32_gamma2p0_g0p25_T100,general,32,0.25,5.0,random_01,7,0.06367768743438952
L32_gamma2p0_g0p25_T100,general,32,0.25,5.0,random_01,8,0.9363222973269878
L32_gamma2p0_g0p25_T100,general,32,0.25,5.0,random_01,9,0.06367771816277062
L32_gamma2p0_g0p25_T100,general,32,0.25,5.0,random_01,10,0.9363222788540894
L32_gamma2p0_g0p25_T100,general,32,0.25,5.0,random_01,11,0.06367770989448224
L32_gamma2p0_g0p25_T100,general,32,0.25,5.0,random_01,12,0.9363222824284863
L32_gamma2p0_g0p25_T100,general,32,0.25,5.0,random_01,13,0.0636777294334496
L32_gamma2p0_g0p25_T100,general,32,0.25,5.0,random_01,14,0.9363222733677417
L32_gamma2p0_g0p25_T100,general,32,0.25,5.0,random_01,15,0.06367775678802406
L32_gamma2p0_g0p25_T100,general,32,0.25,5.0,random_01,16,0.936322234543737
L32_gamma2p0_g0p25_T100,general,32,0.25,5.0,random_01,17,0.06367775697392461
L32_gamma2p0_g0p25_T100,general,32,0.25,5.0,random_01,18,0.9363222467312802
L32_gamma2p0_g0p25_T100,general,32,0.25,5.0,random_01,19,0.06367776388702442
L32_gamma2p0_g0p25_T100,general,32,0.25,5.0,random_01,20,0.9363222290971124
L32_gamma2p0_g0p25_T100,general,32,0.25,5.0,random_01,21,0.06367776710107824
L32_gamma2p0_g0p25_T100,general,32,0.25,5.0,random_01,22,0.9363222283940271
L32_gamma2p0_g0p25_T100,general,32,0.25,5.0,random_01,23,0.0636777875650903
L32_gamma2p0_g0p25_T100,general,32,0.25,5.0,random_01,24,0.9363222536834913
L32_gamma2p0_g0p25_T100,general,32,0.25,5.0,random_01,25,0.06367770571736561
L32_gamma2p0_g0p25_T100,general,32,0.25,5.0,random_01,26,0.9363228913966631
L32_gamma2p0_g0p25_T100,general,32,0.25,5.0,random_01,27,0.06367528004659509
L32_gamma2p0_g0p25_T100,general,32,0.25,5.0,random_01,28,0.9363526622255217
L32_gamma2p0_g0p25_T100,general,32,0.25,5.0,random_01,29,0.06348748866120241
L32_gamma2p0_g0p25_T100,general,32,0.25,5.0,random_01,30,0.9387042803637167
L32_gamma2p0_g0p25_T100,general,32,0.25,5.0,random_01,31,0.017652711511354075
L32_gamma2p0_g0p25_T100,general,32,0.25,5.0,random_02,0,0.9823472898035019
L32_gamma2p0_g0p25_T100,general,32,0.25,5.0,random_02,1,0.06129573001198988
L32_gamma2p0_g0p25_T100,general,32,0.25,5.0,random_02,2,0.9365124557548257
L32_gamma2p0_g0p25_T100,general,32,0.25,5.0,random_02,3,0.06364739575587065
L32_gamma2p0_g0p25_T100,general,32,0.25,5.0,random_02,4,0.9363246723697836
L32_gamma2p0_g0p25_T100,general,32,0.25,5.0,random_02,5,0.06367707853310937
L32_gamma2p0_g0p25_T100,general,32,0.25,5.0,random_02,6,0.936322369777882
L32_gamma2p0_g0p25_T100,general,32,0.25,5.0,random_02,7,0.06367758256593317
L32_gamma2p0_g0p25_T100,general,32,0.25,5.0,random_02,8,0.9363225590656123
L32_gamma2p0_g0p25_T100,general,32,0.25,5.0,random_02,9,0.06367710422153162
L32_gamma2p0_g0p25_T100,general,32,0.25,5.0,random_02,10,0.9363230811636261
L32_gamma2p0_g0p25_T100,general,32,0.25,5.0,random_02,11,0.06367709866703547
L32_gamma2p0_g0p25_T100,general,32,0.25,5.0,random_02,12,0.9363227053680987
L32_gamma2p0_g0p25_T100,general,32,0.25,5.0,random_02,13,0.06367766669276592
L32_gamma2p0_g0p25_T100,general,32,0.25,5.0,random_02,14,0.9363221513644697
L32_gamma2p0_g0p25_T100,general,32,0.25,5.0,random_02,15,0.06367782802014853
L32_gamma2p0_g0p25_T100,general,32,0.25,5.0,random_02,16,0.9363221884387499
L32_gamma2p0_g0p25_T100,general,32,0.25,5.0,random_02,17,0.0636777456550506
L32_gamma2p0_g0p25_T100,general,32,0.25,5.0,random_02,18,0.9363224138075398
L32_gamma2p0_g0p25_T100,general,32,0.25,5.0,random_02,19,0.06367742609771694
L32_gamma2p0_g0p25_T100,general,32,0.25,5.0,random_02,20,0.9363226222810037
L32_gamma2p0_g0p25_T100,general,32,0.25,5.0,random_02,21,0.06367730350938386
L32_gamma2p0_g0p25_T100,general,32,0.25,5.0,random_02,22,0.9363225654807953
L32_gamma2p0_g0p25_T100,general,32,0.25,5.0,random_02,23,0.06367765652596644
L32_gamma2p0_g0p25_T100,general,32,0.25,5.0,random_02,24,0.936322311683684
L32_gamma2p0_g0p25_T100,general,32,0.25,5.0,random_02,25,0.06367769219297519
L32_gamma2p0_g0p25_T100,general,32,0.25,5.0,random_02,26,0.9363229105478366
L32_gamma2p0_g0p25_T100,general,32,0.25,5.0,random_02,27,0.06367522715783144
L32_gamma2p0_g0p25_T100,general,32,0.25,5.0,random_02,28,0.9363526873393089
L32_gamma2p0_g0p25_T100,general,32,0.25,5.0,random_02,29,0.06348748256784328
L32_gamma2p0_g0p25_T100,general,32,0.25,5.0,random_02,30,0.9387042832997128
L32_gamma2p0_g0p25_T100,general,32,0.25,5.0,random_02,31,0.017652714278416436
L32_gamma2p0_g0p25_T100,general,32,0.25,5.0,random_03,0,0.9823472983929225
L32_gamma2p0_g0p25_T100,general,32,0.25,5.0,random_03,1,0.06129565312384541
L32_gamma2p0_g0p25_T100,general,32,0.25,5.0,random_03,2,0.9365125935769205
L32_gamma2p0_g0p25_T100,general,32,0.25,5.0,random_03,3,0.06364727241679621
L32_gamma2p0_g0p25_T100,general,32,0.25,5.0,random_03,4,0.9363247449309284
L32_gamma2p0_g0p25_T100,general,32,0.25,5.0,random_03,5,0.06367709298567643
L32_gamma2p0_g0p25_T100,general,32,0.25,5.0,random_03,6,0.9363223103795377
L32_gamma2p0_g0p25_T100,general,32,0.25,5.0,random_03,7,0.06367772040738143
L32_gamma2p0_g0p25_T100,general,32,0.25,5.0,random_03,8,0.9363222382385172
L32_gamma2p0_g0p25_T100,general,32,0.25,5.0,random_03,9,0.06367782195594163
L32_gamma2p0_g0p25_T100,general,32,0.25,5.0,random_03,10,0.9363221540161131
L32_gamma2p0_g0p25_T100,general,32,0.25,5.0,random_03,11,0.06367783598687983
L32_gamma2p0_g0p25_T100,general,32,0.25,5.0,random_03,12,0.9363222087365577
L32_gamma2p0_g0p25_T100,general,32,0.25,5.0,random_03,13,0.06367772813400811
L32_gamma2p0_g0p25_T100,general,32,0.25,5.0,random_03,14,0.9363223148069811
L32_gamma2p0_g0p25_T100,general,32,0.25,5.0,random_03,15,0.06367767239582071
L32_gamma2p0_g0p25_T100,general,32,0.25,5.0,random_03,16,0.9363223404126539
L32_gamma2p0_g0p25_T100,general,32,0.25,5.0,random_03,17,0.06367771249520549
L32_gamma2p0_g0p25_T100,general,32,0.25,5.0,random_03,18,0.9363222854429315
L32_gamma2p0_g0p25_T100,general,32,0.25,5.0,random_03,19,0.06367765595299682
L32_gamma2p0_g0p25_T100,general,32,0.25,5.0,random_03,20,0.9363223723518185
L32_gamma2p0_g0p25_T100,general,32,0.25,5.0,random_03,21,0.06367763200904586
L32_gamma2p0_g0p25_T100,general,32,0.25,5.0,random_03,22,0.9363223151358984
L32_gamma2p0_g0p25_T100,general,32,0.25,5.0,random_03,23,0.06367778483423517
L32_gamma2p0_g0p25_T100,general,32,0.25,5.0,random_03,24,0.9363222090696004
L32_gamma2p0_g0p25_T100,general,32,0.25,5.0,random_03,25,0.06367775368515674
L32_gamma2p0_g0p25_T100,general,32,0.25,5.0,random_03,26,0.9363228516625689
L32_gamma2p0_g0p25_T100,general,32,0.25,5.0,random_03,27,0.06367528375675696
L32_gamma2p0_g0p25_T100,general,32,0.25,5.0,random_03,28,0.9363526986801018
L32_gamma2p0_g0p25_T100,general,32,0.25,5.0,random_03,29,0.06348742935281759
L32_gamma2p0_g0p25_T100,general,32,0.25,5.0,random_03,30,0.9387043111970241
L32_gamma2p0_g0p25_T100,general,32,0.25,5.0,random_03,31,0.01765270347635994
L32_gamma2p0_g0p25_T100,general,32,0.25,5.0,random_04,0,0.9823472887863146
L32_gamma2p0_g0p25_T100,general,32,0.25,5.0,random_04,1,0.06129572161088165
L32_gamma2p0_g0p25_T100,general,32,0.25,5.0,random_04,2,0.936512492583486
L32_gamma2p0_g0p25_T100,general,32,0.25,5.0,random_04,3,0.06364733713642237
L32_gamma2p0_g0p25_T100,general,32,0.25,5.0,random_04,4,0.9363247706917827
L32_gamma2p0_g0p25_T100,general,32,0.25,5.0,random_04,5,0.06367699851532263
L32_gamma2p0_g0p25_T100,general,32,0.25,5.0,random_04,6,0.9363224097467833
L32_gamma2p0_g0p25_T100,general,32,0.25,5.0,random_04,7,0.06367762397605063
L32_gamma2p0_g0p25_T100,general,32,0.25,5.0,random_04,8,0.9363223331521455
L32_gamma2p0_g0p25_T100,general,32,0.25,5.0,random_04,9,0.06367772399319793
L32_gamma2p0_g0p25_T100,general,32,0.25,5.0,random_04,10,0.9363222831818925
L32_gamma2p0_g0p25_T100,general,32,0.25,5.0,random_04,11,0.0636776832177214
L32_gamma2p0_g0p25_T100,general,32,0.25,5.0,random_04,12,0.9363222944365095
L32_gamma2p0_g0p25_T100,general,32,0.25,5.0,random_04,13,0.06367778062077839
L32_gamma2p0_g0p25_T100,general,32,0.25,5.0,random_04,14,0.9363221823264626
L32_gamma2p0_g0p25_T100,general,32,0.25,5.0,random_04,15,0.06367786884960511
L32_gamma2p0_g0p25_T100,general,32,0.25,5.0,random_04,16,0.9363221026248333
L32_gamma2p0_g0p25_T100,general,32,0.25,5.0,random_04,17,0.0636779100359165
L32_gamma2p0_g0p25_T100,general,32,0.25,5.0,random_04,18,0.9363221055147554
L32_gamma2p0_g0p25_T100,general,32,0.25,5.0,random_04,19,0.06367781884644295
L32_gamma2p0_g0p25_T100,general,32,0.25,5.0,random_04,20,0.9363222097342162
L32_gamma2p0_g0p25_T100,general,32,0.25,5.0,random_04,21,0.06367778570878671
L32_gamma2p0_g0p25_T100,general,32,0.25,5.0,random_04,22,0.93632222573653
L32_gamma2p0_g0p25_T100,general,32,0.25,5.0,random_04,23,0.06367772854549342
L32_gamma2p0_g0p25_T100,general,32,0.25,5.0,random_04,24,0.9363222982890684
L32_gamma2p0_g0p25_T100,general,32,0.25,5.0,random_04,25,0.06367767519456252
L32_gamma2p0_g0p25_T100,general,32,0.25,5.0,random_04,26,0.9363228957447955
L32_gamma2p0_g0p25_T100,general,32,0.25,5.0,random_04,27,0.06367533245451287
L32_gamma2p0_g0p25_T100,general,32,0.25,5.0,random_04,28,0.9363526020222107
L32_gamma2p0_g0p25_T100,general,32,0.25,5.0,random_04,29,0.06348752383200447
L32_gamma2p0_g0p25_T100,general,32,0.25,5.0,random_04,30,0.9387042830259826
L32_gamma2p0_g0p25_T100,general,32,0.25,5.0,random_04,31,0.01765270986453215
L32_gamma2p0_g0p25_T100,general,32,0.25,5.0,random_05,0,0.9823472932079347
L32_gamma2p0_g0p25_T100,general,32,0.25,5.0,random_05,1,0.061295689201202784
L32_gamma2p0_g0p25_T100,general,32,0.25,5.0,random_05,2,0.9365125319521329
L32_gamma2p0_g0p25_T100,general,32,0.25,5.0,random_05,3,0.06364730792605008
L32_gamma2p0_g0p25_T100,general,32,0.25,5.0,random_05,4,0.936324725058393
L32_gamma2p0_g0p25_T100,general,32,0.25,5.0,random_05,5,0.06367714866528729
L32_gamma2p0_g0p25_T100,general,32,0.25,5.0,random_05,6,0.9363222271893847
L32_gamma2p0_g0p25_T100,general,32,0.25,5.0,random_05,7,0.06367783212089892
L32_gamma2p0_g0p25_T100,general,32,0.25,5.0,random_05,8,0.9363221656945706
L32_gamma2p0_g0p25_T100,general,32,0.25,5.0,random_05,9,0.06367784520716907
L32_gamma2p0_g0p25_T100,general,32,0.25,5.0,random_05,10,0.9363221772785046
L32_gamma2p0_g0p25_T100,general,32,0.25,5.0,random_05,11,0.06367778751799087
L32_gamma2p0_g0p25_T100,general,32,0.25,5.0,random_05,12,0.9363222136957541
L32_gamma2p0_g0p25_T100,general,32,0.25,5.0,random_05,13,0.06367781786804708
L32_gamma2p0_g0p25_T100,general,32,0.25,5.0,random_05,14,0.9363221424545868
L32_gamma2p0_g0p25_T100,general,32,0.25,5.0,random_05,15,0.06367789510388733
L32_gamma2p0_g0p25_T100,general,32,0.25,5.0,random_05,16,0.9363221105093544
L32_gamma2p0_g0p25_T100,general,32,0.25,5.0,random_05,17,0.06367787712159181
L32_gamma2p0_g0p25_T100,general,32,0.25,5.0,random_05,18,0.936322146457857
L32_gamma2p0_g0p25_T100,general,32,0.25,5.0,random_05,19,0.06367780265887388
L32_gamma2p0_g0p25_T100,general,32,0.25,5.0,random_05,20,0.9363222045846314
L32_gamma2p0_g0p25_T100,general,32,0.25,5.0,random_05,21,0.06367783500821031
L32_gamma2p0_g0p25_T100,general,32,0.25,5.0,random_05,22,0.9363221239128175
L32_gamma2p0_g0p25_T100,general,32,0.25,5.0,random_05,23,0.06367784880304134
L32_gamma2p0_g0p25_T100,general,32,0.25,5.0,random_05,24,0.9363222277697602
L32_gamma2p0_g0p25_T100,general,32,0.25,5.0,random_05,25,0.06367762256977944
L32_gamma2p0_g0p25_T100,general,32,0.25,5.0,random_05,26,0.9363230311833248
L32_gamma2p0_g0p25_T100,general,32,0.25,5.0,random_05,27,0.06367514052614921
L32_gamma2p0_g0p25_T100,general,32,0.25,5.0,random_05,28,0.9363527825241686
L32_gamma2p0_g0p25_T100,general,32,0.25,5.0,random_05,29,0.063487382380637
L32_gamma2p0_g0p25_T100,general,32,0.25,5.0,random_05,30,0.9387043706849741
L32_gamma2p0_g0p25_T100,general,32,0.25,5.0,random_05,31,0.017652693163034312
L32_gamma2p0_g0p25_T100,general,32,0.25,5.0,random_06,0,0.9823472724954274
L32_gamma2p0_g0p25_T100,general,32,0.25,5.0,random_06,1,0.06129578355385664
L32_gamma2p0_g0p25_T100,general,32,0.25,5.0,random_06,2,0.9365123864416487
L32_gamma2p0_g0p25_T100,general,32,0.25,5.0,random_06,3,0.06364744836934794
L32_gamma2p0_g0p25_T100,general,32,0.25,5.0,random_06,4,0.9363245222513406
L32_gamma2p0_g0p25_T100,general,32,0.25,5.0,random_06,5,0.06367740505738062
L32_gamma2p0_g0p25_T100,general,32,0.25,5.0,random_06,6,0.9363217616080799
L32_gamma2p0_g0p25_T100,general,32,0.25,5.0,random_06,7,0.06367843329341519
L32_gamma2p0_g0p25_T100,general,32,0.25,5.0,random_06,8,0.9363216045388134
L32_gamma2p0_g0p25_T100,general,32,0.25,5.0,random_06,9,0.06367806669795437
L32_gamma2p0_g0p25_T100,general,32,0.25,5.0,random_06,10,0.9363222176379422
L32_gamma2p0_g0p25_T100,general,32,0.25,5.0,random_06,11,0.06367764256662063
L32_gamma2p0_g0p25_T100,general,32,0.25,5.0,random_06,12,0.9363223640414473
L32_gamma2p0_g0p25_T100,general,32,0.25,5.0,random_06,13,0.06367791571459304
L32_gamma2p0_g0p25_T100,general,32,0.25,5.0,random_06,14,0.9363219308809302
L32_gamma2p0_g0p25_T100,general,32,0.25,5.0,random_06,15,0.06367812977565675
L32_gamma2p0_g0p25_T100,general,32,0.25,5.0,random_06,16,0.9363219827769923
L32_gamma2p0_g0p25_T100,general,32,0.25,5.0,random_06,17,0.06367783750949613
L32_gamma2p0_g0p25_T100,general,32,0.25,5.0,random_06,18,0.9363222394539026
L32_gamma2p0_g0p25_T100,general,32,0.25,5.0,random_06,19,0.0636777335074575
L32_gamma2p0_g0p25_T100,general,32,0.25,5.0,random_06,20,0.9363222653254369
L32_gamma2p0_g0p25_T100,general,32,0.25,5.0,random_06,21,0.06367757523211988
L32_gamma2p0_g0p25_T100,general,32,0.25,5.0,random_06,22,0.936322504261044
L32_gamma2p0_g0p25_T100,general,32,0.25,5.0,random_06,23,0.06367735502323729
L32_gamma2p0_g0p25_T100,general,32,0.25,5.0,random_06,24,0.9363226574279451
L32_gamma2p0_g0p25_T100,general,32,0.25,5.0,random_06,25,0.06367753968065373
L32_gamma2p0_g0p25_T100,general,32,0.25,5.0,random_06,26,0.9363230445239004
L32_gamma2p0_g0p25_T100,general,32,0.25,5.0,random_06,27,0.06367520460259048
L32_gamma2p0_g0p25_T100,general,32,0.25,5.0,random_06,28,0.9363527124753954
L32_gamma2p0_g0p25_T100,general,32,0.25,5.0,random_06,29,0.0634874382835906
L32_gamma2p0_g0p25_T100,general,32,0.25,5.0,random_06,30,0.9387043244393218
L32_gamma2p0_g0p25_T100,general,32,0.25,5.0,random_06,31,0.01765270055246138
L32_gamma2p0_g0p25_T100,general,32,0.25,5.0,random_07,0,0.9823472872229864
L32_gamma2p0_g0p25_T100,general,32,0.25,5.0,random_07,1,0.06129569800600823
L32_gamma2p0_g0p25_T100,general,32,0.25,5.0,random_07,2,0.9365125573189633
L32_gamma2p0_g0p25_T100,general,32,0.25,5.0,random_07,3,0.06364721891121955
L32_gamma2p0_g0p25_T100,general,32,0.25,5.0,random_07,4,0.9363248476201778
L32_gamma2p0_g0p25_T100,general,32,0.25,5.0,random_07,5,0.06367709485840525
L32_gamma2p0_g0p25_T100,general,32,0.25,5.0,random_07,6,0.9363222900216659
L32_gamma2p0_g0p25_T100,general,32,0.25,5.0,random_07,7,0.0636777610547602
L32_gamma2p0_g0p25_T100,general,32,0.25,5.0,random_07,8,0.9363221999317921
L32_gamma2p0_g0p25_T100,general,32,0.25,5.0,random_07,9,0.06367778690608943
L32_gamma2p0_g0p25_T100,general,32,0.25,5.0,random_07,10,0.9363221823141814
L32_gamma2p0_g0p25_T100,general,32,0.25,5.0,random_07,11,0.06367785492249908
L32_gamma2p0_g0p25_T100,general,32,0.25,5.0,random_07,12,0.9363221280623406
L32_gamma2p0_g0p25_T100,general,32,0.25,5.0,random_07,13,0.06367790861044254
L32_gamma2p0_g0p25_T100,general,32,0.25,5.0,random_07,14,0.9363220519280652
L32_gamma2p0_g0p25_T100,general,32,0.25,5.0,random_07,15,0.06367795927117112
L32_gamma2p0_g0p25_T100,general,32,0.25,5.0,random_07,16,0.9363220347839207
L32_gamma2p0_g0p25_T100,general,32,0.25,5.0,random_07,17,0.06367790242350503
L32_gamma2p0_g0p25_T100,general,32,0.25,5.0,random_07,18,0.9363221477640842
L32_gamma2p0_g0p25_T100,general,32,0.25,5.0,random_07,19,0.06367773144155756
L32_gamma2p0_g0p25_T100,general,32,0.25,5.0,random_07,20,0.9363223639429561
L32_gamma2p0_g0p25_T100,general,32,0.25,5.0,random_07,21,0.06367759411774633
L32_gamma2p0_g0p25_T100,general,32,0.25,5.0,random_07,22,0.9363224457788941
L32_gamma2p0_g0p25_T100,general,32,0.25,5.0,random_07,23,0.0636775450894411
L32_gamma2p0_g0p25_T100,general,32,0.25,5.0,random_07,24,0.936322474367984
L32_gamma2p0_g0p25_T100,general,32,0.25,5.0,random_07,25,0.06367755584015745
L32_gamma2p0_g0p25_T100,general,32,0.25,5.0,random_07,26,0.9363229813562399
L32_gamma2p0_g0p25_T100,general,32,0.25,5.0,random_07,27,0.0636751975417669
L32_gamma2p0_g0p25_T100,general,32,0.25,5.0,random_07,28,0.9363527285589758
L32_gamma2p0_g0p25_T100,general,32,0.25,5.0,random_07,29,0.06348744555185734
L32_gamma2p0_g0p25_T100,general,32,0.25,5.0,random_07,30,0.9387043164638627
L32_gamma2p0_g0p25_T100,general,32,0.25,5.0,random_07,31,0.017652708016283134
L32_gamma2p0_g0p25_T100,general,32,0.25,5.0,random_08,0,0.9823472956019357
L32_gamma2p0_g0p25_T100,general,32,0.25,5.0,random_08,1,0.061295689737264916
L32_gamma2p0_g0p25_T100,general,32,0.25,5.0,random_08,2,0.9365125441658967
L32_gamma2p0_g0p25_T100,general,32,0.25,5.0,random_08,3,0.06364730855067988
L32_gamma2p0_g0p25_T100,general,32,0.25,5.0,random_08,4,0.9363247184254505
L32_gamma2p0_g0p25_T100,general,32,0.25,5.0,random_08,5,0.063677170816436
L32_gamma2p0_g0p25_T100,general,32,0.25,5.0,random_08,6,0.9363222202254395
L32_gamma2p0_g0p25_T100,general,32,0.25,5.0,random_08,7,0.06367779437370129
L32_gamma2p0_g0p25_T100,general,32,0.25,5.0,random_08,8,0.9363222122437633
L32_gamma2p0_g0p25_T100,general,32,0.25,5.0,random_08,9,0.06367776713508982
L32_gamma2p0_g0p25_T100,general,32,0.25,5.0,random_08,10,0.9363222314862325
L32_gamma2p0_g0p25_T100,general,32,0.25,5.0,random_08,11,0.0636777790362704
L32_gamma2p0_g0p25_T100,general,32,0.25,5.0,random_08,12,0.9363222333112214
L32_gamma2p0_g0p25_T100,general,32,0.25,5.0,random_08,13,0.06367773742010527
L32_gamma2p0_g0p25_T100,general,32,0.25,5.0,random_08,14,0.9363222693850549
L32_gamma2p0_g0p25_T100,general,32,0.25,5.0,random_08,15,0.06367776977268139
L32_gamma2p0_g0p25_T100,general,32,0.25,5.0,random_08,16,0.9363221803434467
L32_gamma2p0_g0p25_T100,general,32,0.25,5.0,random_08,17,0.0636778400990756
L32_gamma2p0_g0p25_T100,general,32,0.25,5.0,random_08,18,0.9363221590508628
L32_gamma2p0_g0p25_T100,general,32,0.25,5.0,random_08,19,0.06367784122132167
L32_gamma2p0_g0p25_T100,general,32,0.25,5.0,random_08,20,0.9363222010344784
L32_gamma2p0_g0p25_T100,general,32,0.25,5.0,random_08,21,0.06367769473078153
L32_gamma2p0_g0p25_T100,general,32,0.25,5.0,random_08,22,0.9363223379020033
L32_gamma2p0_g0p25_T100,general,32,0.25,5.0,random_08,23,0.06367757231637149
L32_gamma2p0_g0p25_T100,general,32,0.25,5.0,random_08,24,0.9363225234213608
L32_gamma2p0_g0p25_T100,general,32,0.25,5.0,random_08,25,0.06367743559602242
L32_gamma2p0_g0p25_T100,general,32,0.25,5.0,random_08,26,0.9363231422286871
L32_gamma2p0_g0p25_T100,general,32,0.25,5.0,random_08,27,0.06367518955956952
L32_gamma2p0_g0p25_T100,general,32,0.25,5.0,random_08,28,0.9363526831779707
L32_gamma2p0_g0p25_T100,general,32,0.25,5.0,random_08,29,0.06348746436537561
L32_gamma2p0_g0p25_T100,general,32,0.25,5.0,random_08,30,0.9387042852707934
L32_gamma2p0_g0p25_T100,general,32,0.25,5.0,random_08,31,0.01765270799465595
L32_gamma2p0_g0p25_T100,general,32,0.25,5.0,random_09,0,0.9823472790115024
L32_gamma2p0_g0p25_T100,general,32,0.25,5.0,random_09,1,0.06129580273608215
L32_gamma2p0_g0p25_T100,general,32,0.25,5.0,random_09,2,0.9365124168906824
L32_gamma2p0_g0p25_T100,general,32,0.25,5.0,random_09,3,0.06364740302879202
L32_gamma2p0_g0p25_T100,general,32,0.25,5.0,random_09,4,0.9363246765084995
L32_gamma2p0_g0p25_T100,general,32,0.25,5.0,random_09,5,0.06367712078539517
L32_gamma2p0_g0p25_T100,general,32,0.25,5.0,random_09,6,0.9363223017573078
L32_gamma2p0_g0p25_T100,general,32,0.25,5.0,random_09,7,0.06367771181322031
L32_gamma2p0_g0p25_T100,general,32,0.25,5.0,random_09,8,0.9363222357686715
L32_gamma2p0_g0p25_T100,general,32,0.25,5.0,random_09,9,0.06367776313744418
L32_gamma2p0_g0p25_T100,general,32,0.25,5.0,random_09,10,0.9363222160017184
L32_gamma2p0_g0p25_T100,general,32,0.25,5.0,random_09,11,0.0636777841388051
L32_gamma2p0_g0p25_T100,general,32,0.25,5.0,random_09,12,0.936322221646885
L32_gamma2p0_g0p25_T100,general,32,0.25,5.0,random_09,13,0.06367777117280968
L32_gamma2p0_g0p25_T100,general,32,0.25,5.0,random_09,14,0.9363222329511977
L32_gamma2p0_g0p25_T100,general,32,0.25,5.0,random_09,15,0.0636778492711104
L32_gamma2p0_g0p25_T100,general,32,0.25,5.0,random_09,16,0.9363220848783007
L32_gamma2p0_g0p25_T100,general,32,0.25,5.0,random_09,17,0.06367790221529135
L32_gamma2p0_g0p25_T100,general,32,0.25,5.0,random_09,18,0.9363222204875647
L32_gamma2p0_g0p25_T100,general,32,0.25,5.0,random_09,19,0.06367749981651026
L32_gamma2p0_g0p25_T100,general,32,0.25,5.0,random_09,20,0.9363226318887803
L32_gamma2p0_g0p25_T100,general,32,0.25,5.0,random_09,21,0.06367729878944034
L32_gamma2p0_g0p25_T100,general,32,0.25,5.0,random_09,22,0.9363227183394316
L32_gamma2p0_g0p25_T100,general,32,0.25,5.0,random_09,23,0.06367743339553607
L32_gamma2p0_g0p25_T100,general,32,0.25,5.0,random_09,24,0.9363224904978577
L32_gamma2p0_g0p25_T100,general,32,0.25,5.0,random_09,25,0.06367766962756177
L32_gamma2p0_g0p25_T100,general,32,0.25,5.0,random_09,26,0.9363227864853838
L32_gamma2p0_g0p25_T100,general,32,0.25,5.0,random_09,27,0.06367550062309166
L32_gamma2p0_g0p25_T100,general,32,0.25,5.0,random_09,28,0.9363524938552841
L32_gamma2p0_g0p25_T100,general,32,0.25,5.0,random_09,29,0.0634874845890834
L32_gamma2p0_g0p25_T100,general,32,0.25,5.0,random_09,30,0.9387043013933067
L32_gamma2p0_g0p25_T100,general,32,0.25,5.0,random_09,31,0.01765269649745187
L32_gamma2p0_g0p25_T100,general,32,0.25,5.0,random_10,0,0.9823472942329251
L32_gamma2p0_g0p25_T100,general,32,0.25,5.0,random_10,1,0.06129567792862209
L32_gamma2p0_g0p25_T100,general,32,0.25,5.0,random_10,2,0.9365125506408516
L32_gamma2p0_g0p25_T100,general,32,0.25,5.0,random_10,3,0.06364730121161431
L32_gamma2p0_g0p25_T100,general,32,0.25,5.0,random_10,4,0.9363247107294133
L32_gamma2p0_g0p25_T100,general,32,0.25,5.0,random_10,5,0.06367713007155683
L32_gamma2p0_g0p25_T100,general,32,0.25,5.0,random_10,6,0.9363221942954718
L32_gamma2p0_g0p25_T100,general,32,0.25,5.0,random_10,7,0.06367792442196149
L32_gamma2p0_g0p25_T100,general,32,0.25,5.0,random_10,8,0.936322072507453
L32_gamma2p0_g0p25_T100,general,32,0.25,5.0,random_10,9,0.0636778742864194
L32_gamma2p0_g0p25_T100,general,32,0.25,5.0,random_10,10,0.9363221829898012
L32_gamma2p0_g0p25_T100,general,32,0.25,5.0,random_10,11,0.06367790401522572
L32_gamma2p0_g0p25_T100,general,32,0.25,5.0,random_10,12,0.9363220436035424
L32_gamma2p0_g0p25_T100,general,32,0.25,5.0,random_10,13,0.06367798538207742
L32_gamma2p0_g0p25_T100,general,32,0.25,5.0,random_10,14,0.9363220742028114
L32_gamma2p0_g0p25_T100,general,32,0.25,5.0,random_10,15,0.06367770669951674
L32_gamma2p0_g0p25_T100,general,32,0.25,5.0,random_10,16,0.9363223829400849
L32_gamma2p0_g0p25_T100,general,32,0.25,5.0,random_10,17,0.06367745094117927
L32_gamma2p0_g0p25_T100,general,32,0.25,5.0,random_10,18,0.9363226002591658
L32_gamma2p0_g0p25_T100,general,32,0.25,5.0,random_10,19,0.06367739147643
L32_gamma2p0_g0p25_T100,general,32,0.25,5.0,random_10,20,0.9363225622248256
L32_gamma2p0_g0p25_T100,general,32,0.25,5.0,random_10,21,0.06367748637917647
L32_gamma2p0_g0p25_T100,general,32,0.25,5.0,random_10,22,0.9363224971607252
L32_gamma2p0_g0p25_T100,general,32,0.25,5.0,random_10,23,0.06367757256061346
L32_gamma2p0_g0p25_T100,general,32,0.25,5.0,random_10,24,0.9363224255773919
L32_gamma2p0_g0p25_T100,general,32,0.25,5.0,random_10,25,0.06367762222846136
L32_gamma2p0_g0p25_T100,general,32,0.25,5.0,random_10,26,0.9363229651646829
L32_gamma2p0_g0p25_T100,general,32,0.25,5.0,random_10,27,0.06367523489435307
L32_gamma2p0_g0p25_T100,general,32,0.25,5.0,random_10,28,0.9363527229747944
L32_gamma2p0_g0p25_T100,general,32,0.25,5.0,random_10,29,0.06348744185933305
L32_gamma2p0_g0p25_T100,general,32,0.25,5.0,random_10,30,0.93870431123249
L32_gamma2p0_g0p25_T100,general,32,0.25,5.0,random_10,31,0.017652704907028853
L32_gamma2p0_g0p25_T100,general,32,0.25,5.0,random_11,0,0.9823473005204209
L32_gamma2p0_g0p25_T100,general,32,0.25,5.0,random_11,1,0.06129568206339371
L32_gamma2p0_g0p25_T100,general,32,0.25,5.0,random_11,2,0.9365125263274844
L32_gamma2p0_g0p25_T100,general,32,0.25,5.0,random_11,3,0.06364738198397439
L32_gamma2p0_g0p25_T100,general,32,0.25,5.0,random_11,4,0.9363246646581218
L32_gamma2p0_g0p25_T100,general,32,0.25,5.0,random_11,5,0.0636771366154341
L32_gamma2p0_g0p25_T100,general,32,0.25,5.0,random_11,6,0.9363222611741921
L32_gamma2p0_g0p25_T100,general,32,0.25,5.0,random_11,7,0.06367779883477878
L32_gamma2p0_g0p25_T100,general,32,0.25,5.0,random_11,8,0.9363220253684454
L32_gamma2p0_g0p25_T100,general,32,0.25,5.0,random_11,9,0.06367825245259086
L32_gamma2p0_g0p25_T100,general,32,0.25,5.0,random_11,10,0.9363215909993297
L32_gamma2p0_g0p25_T100,general,32,0.25,5.0,random_11,11,0.06367855557666408
L32_gamma2p0_g0p25_T100,general,32,0.25,5.0,random_11,12,0.9363214866240115
L32_gamma2p0_g0p25_T100,general,32,0.25,5.0,random_11,13,0.06367842906877534
L32_gamma2p0_g0p25_T100,general,32,0.25,5.0,random_11,14,0.9363217614993262
L32_gamma2p0_g0p25_T100,general,32,0.25,5.0,random_11,15,0.06367798804410325
L32_gamma2p0_g0p25_T100,general,32,0.25,5.0,random_11,16,0.9363221258227656
L32_gamma2p0_g0p25_T100,general,32,0.25,5.0,random_11,17,0.06367771875815867
L32_gamma2p0_g0p25_T100,general,32,0.25,5.0,random_11,18,0.9363222399834549
L32_gamma2p0_g0p25_T100,general,32,0.25,5.0,random_11,19,0.06367776757758689
L32_gamma2p0_g0p25_T100,general,32,0.25,5.0,random_11,20,0.9363222324715516
L32_gamma2p0_g0p25_T100,general,32,0.25,5.0,random_11,21,0.06367776342020771
L32_gamma2p0_g0p25_T100,general,32,0.25,5.0,random_11,22,0.9363222894298161
L32_gamma2p0_g0p25_T100,general,32,0.25,5.0,random_11,23,0.06367763927834341
L32_gamma2p0_g0p25_T100,general,32,0.25,5.0,random_11,24,0.9363223979437253
L32_gamma2p0_g0p25_T100,general,32,0.25,5.0,random_11,25,0.06367761109369399
L32_gamma2p0_g0p25_T100,general,32,0.25,5.0,random_11,26,0.9363229265227041
L32_gamma2p0_g0p25_T100,general,32,0.25,5.0,random_11,27,0.06367533760006229
L32_gamma2p0_g0p25_T100,general,32,0.25,5.0,random_11,28,0.9363526089778595
L32_gamma2p0_g0p25_T100,general,32,0.25,5.0,random_11,29,0.06348746793659608
L32_gamma2p0_g0p25_T100,general,32,0.25,5.0,random_11,30,0.9387043328041671
L32_gamma2p0_g0p25_T100,general,32,0.25,5.0,random_11,31,0.017652698568260183
L32_gamma2p0_g0p25_T100,general,32,0.25,5.0,random_12,0,0.9823472927996482
L32_gamma2p0_g0p25_T100,general,32,0.25,5.0,random_12,1,0.061295687566935084
L32_gamma2p0_g0p25_T100,general,32,0.25,5.0,random_12,2,0.936512556087661
L32_gamma2p0_g0p25_T100,general,32,0.25,5.0,random_12,3,0.06364733300387684
L32_gamma2p0_g0p25_T100,general,32,0.25,5.0,random_12,4,0.9363246852303289
L32_gamma2p0_g0p25_T100,general,32,0.25,5.0,random_12,5,0.06367714927735277
L32_gamma2p0_g0p25_T100,general,32,0.25,5.0,random_12,6,0.9363222877600303
L32_gamma2p0_g0p25_T100,general,32,0.25,5.0,random_12,7,0.06367767382011903
L32_gamma2p0_g0p25_T100,general,32,0.25,5.0,random_12,8,0.9363223107197468
L32_gamma2p0_g0p25_T100,general,32,0.25,5.0,random_12,9,0.06367769252773323
L32_gamma2p0_g0p25_T100,general,32,0.25,5.0,random_12,10,0.9363223060098016
L32_gamma2p0_g0p25_T100,general,32,0.25,5.0,random_12,11,0.06367768696012212
L32_gamma2p0_g0p25_T100,general,32,0.25,5.0,random_12,12,0.9363223027649248
L32_gamma2p0_g0p25_T100,general,32,0.25,5.0,random_12,13,0.06367770439550503
L32_gamma2p0_g0p25_T100,general,32,0.25,5.0,random_12,14,0.9363222645568241
L32_gamma2p0_g0p25_T100,general,32,0.25,5.0,random_12,15,0.06367778559274911
L32_gamma2p0_g0p25_T100,general,32,0.25,5.0,random_12,16,0.9363222464361517
L32_gamma2p0_g0p25_T100,general,32,0.25,5.0,random_12,17,0.0636777171684273
L32_gamma2p0_g0p25_T100,general,32,0.25,5.0,random_12,18,0.9363223486724773
L32_gamma2p0_g0p25_T100,general,32,0.25,5.0,random_12,19,0.06367763592120339
L32_gamma2p0_g0p25_T100,general,32,0.25,5.0,random_12,20,0.9363223373737729
L32_gamma2p0_g0p25_T100,general,32,0.25,5.0,random_12,21,0.06367768368235865
L32_gamma2p0_g0p25_T100,general,32,0.25,5.0,random_12,22,0.9363222832337434
L32_gamma2p0_g0p25_T100,general,32,0.25,5.0,random_12,23,0.06367780154721626
L32_gamma2p0_g0p25_T100,general,32,0.25,5.0,random_12,24,0.9363220849058626
L32_gamma2p0_g0p25_T100,general,32,0.25,5.0,random_12,25,0.06367796779969989
L32_gamma2p0_g0p25_T100,general,32,0.25,5.0,random_12,26,0.9363225879114077
L32_gamma2p0_g0p25_T100,general,32,0.25,5.0,random_12,27,0.06367545644223731
L32_gamma2p0_g0p25_T100,general,32,0.25,5.0,random_12,28,0.9363526148053917
L32_gamma2p0_g0p25_T100,general,32,0.25,5.0,random_12,29,0.06348746933083158
L32_gamma2p0_g0p25_T100,general,32,0.25,5.0,random_12,30,0.9387043410129914
L32_gamma2p0_g0p25_T100,general,32,0.25,5.0,random_12,31,0.017652704682868326
L32_gamma2p0_g0p25_T100,general,32,0.25,5.0,random_13,0,0.9823472763084048
L32_gamma2p0_g0p25_T100,general,32,0.25,5.0,random_13,1,0.06129578094790544
L32_gamma2p0_g0p25_T100,general,32,0.25,5.0,random_13,2,0.9365124765784428
L32_gamma2p0_g0p25_T100,general,32,0.25,5.0,random_13,3,0.06364726396375374
L32_gamma2p0_g0p25_T100,general,32,0.25,5.0,random_13,4,0.9363249034835514
L32_gamma2p0_g0p25_T100,general,32,0.25,5.0,random_13,5,0.063676829805582
L32_gamma2p0_g0p25_T100,general,32,0.25,5.0,random_13,6,0.9363226044824772
L32_gamma2p0_g0p25_T100,general,32,0.25,5.0,random_13,7,0.0636774341056887
L32_gamma2p0_g0p25_T100,general,32,0.25,5.0,random_13,8,0.9363224690395562
L32_gamma2p0_g0p25_T100,general,32,0.25,5.0,random_13,9,0.06367758413340774
L32_gamma2p0_g0p25_T100,general,32,0.25,5.0,random_13,10,0.9363223754631838
L32_gamma2p0_g0p25_T100,general,32,0.25,5.0,random_13,11,0.0636776307608504
L32_gamma2p0_g0p25_T100,general,32,0.25,5.0,random_13,12,0.9363223529317307
L32_gamma2p0_g0p25_T100,general,32,0.25,5.0,random_13,13,0.06367770723032463
L32_gamma2p0_g0p25_T100,general,32,0.25,5.0,random_13,14,0.9363222623291304
L32_gamma2p0_g0p25_T100,general,32,0.25,5.0,random_13,15,0.06367770524549457
L32_gamma2p0_g0p25_T100,general,32,0.25,5.0,random_13,16,0.9363223202877918
L32_gamma2p0_g0p25_T100,general,32,0.25,5.0,random_13,17,0.06367764287490058
L32_gamma2p0_g0p25_T100,general,32,0.25,5.0,random_13,18,0.936322338652372
L32_gamma2p0_g0p25_T100,general,32,0.25,5.0,random_13,19,0.06367771488185886
L32_gamma2p0_g0p25_T100,general,32,0.25,5.0,random_13,20,0.9363222843476815
L32_gamma2p0_g0p25_T100,general,32,0.25,5.0,random_13,21,0.06367771962461691
L32_gamma2p0_g0p25_T100,general,32,0.25,5.0,random_13,22,0.9363223110030869
L32_gamma2p0_g0p25_T100,general,32,0.25,5.0,random_13,23,0.06367767017800637
L32_gamma2p0_g0p25_T100,general,32,0.25,5.0,random_13,24,0.9363223252626058
L32_gamma2p0_g0p25_T100,general,32,0.25,5.0,random_13,25,0.06367772439677924
L32_gamma2p0_g0p25_T100,general,32,0.25,5.0,random_13,26,0.936322854008399
L32_gamma2p0_g0p25_T100,general,32,0.25,5.0,random_13,27,0.06367531034298982
L32_gamma2p0_g0p25_T100,general,32,0.25,5.0,random_13,28,0.9363526676515612
L32_gamma2p0_g0p25_T100,general,32,0.25,5.0,random_13,29,0.06348739308366425
L32_gamma2p0_g0p25_T100,general,32,0.25,5.0,random_13,30,0.9387043764919932
L32_gamma2p0_g0p25_T100,general,32,0.25,5.0,random_13,31,0.017652690102207498
L32_gamma2p0_g0p25_T100,general,32,0.25,5.0,random_14,0,0.9823472879401961
L32_gamma2p0_g0p25_T100,general,32,0.25,5.0,random_14,1,0.06129572792342247
L32_gamma2p0_g0p25_T100,general,32,0.25,5.0,random_14,2,0.9365124901350019
L32_gamma2p0_g0p25_T100,general,32,0.25,5.0,random_14,3,0.06364732610998071
L32_gamma2p0_g0p25_T100,general,32,0.25,5.0,random_14,4,0.9363247472404645
L32_gamma2p0_g0p25_T100,general,32,0.25,5.0,random_14,5,0.06367704857610865
L32_gamma2p0_g0p25_T100,general,32,0.25,5.0,random_14,6,0.9363224025392125
L32_gamma2p0_g0p25_T100,general,32,0.25,5.0,random_14,7,0.0636775920609521
L32_gamma2p0_g0p25_T100,general,32,0.25,5.0,random_14,8,0.9363223972672954
L32_gamma2p0_g0p25_T100,general,32,0.25,5.0,random_14,9,0.06367763566306803
L32_gamma2p0_g0p25_T100,general,32,0.25,5.0,random_14,10,0.9363222835862293
L32_gamma2p0_g0p25_T100,general,32,0.25,5.0,random_14,11,0.06367778675671633
L32_gamma2p0_g0p25_T100,general,32,0.25,5.0,random_14,12,0.9363221988781696
L32_gamma2p0_g0p25_T100,general,32,0.25,5.0,random_14,13,0.06367776100035438
L32_gamma2p0_g0p25_T100,general,32,0.25,5.0,random_14,14,0.9363222892467312
L32_gamma2p0_g0p25_T100,general,32,0.25,5.0,random_14,15,0.06367766064523475
L32_gamma2p0_g0p25_T100,general,32,0.25,5.0,random_14,16,0.9363223358555557
L32_gamma2p0_g0p25_T100,general,32,0.25,5.0,random_14,17,0.06367768205260597
L32_gamma2p0_g0p25_T100,general,32,0.25,5.0,random_14,18,0.9363222716131607
L32_gamma2p0_g0p25_T100,general,32,0.25,5.0,random_14,19,0.06367775523611549
L32_gamma2p0_g0p25_T100,general,32,0.25,5.0,random_14,20,0.9363222263095546
L32_gamma2p0_g0p25_T100,general,32,0.25,5.0,random_14,21,0.06367785217018188
L32_gamma2p0_g0p25_T100,general,32,0.25,5.0,random_14,22,0.9363221318939432
L32_gamma2p0_g0p25_T100,general,32,0.25,5.0,random_14,23,0.06367785675904784
L32_gamma2p0_g0p25_T100,general,32,0.25,5.0,random_14,24,0.9363221759318059
L32_gamma2p0_g0p25_T100,general,32,0.25,5.0,random_14,25,0.06367779638461203
L32_gamma2p0_g0p25_T100,general,32,0.25,5.0,random_14,26,0.9363228003662238
L32_gamma2p0_g0p25_T100,general,32,0.25,5.0,random_14,27,0.06367538959020322
L32_gamma2p0_g0p25_T100,general,32,0.25,5.0,random_14,28,0.9363525733933264
L32_gamma2p0_g0p25_T100,general,32,0.25,5.0,random_14,29,0.06348755048637508
L32_gamma2p0_g0p25_T100,general,32,0.25,5.0,random_14,30,0.9387042537437349
L32_gamma2p0_g0p25_T100,general,32,0.25,5.0,random_14,31,0.01765271264441513
L32_gamma2p0_g0p25_T100,general,32,0.25,5.0,random_15,0,0.9823472993547934
L32_gamma2p0_g0p25_T100,general,32,0.25,5.0,random_15,1,0.061295710247473156
L32_gamma2p0_g0p25_T100,general,32,0.25,5.0,random_15,2,0.9365125626505697
L32_gamma2p0_g0p25_T100,general,32,0.25,5.0,random_15,3,0.06364730114137061
L32_gamma2p0_g0p25_T100,general,32,0.25,5.0,random_15,4,0.9363247087610406
L32_gamma2p0_g0p25_T100,general,32,0.25,5.0,random_15,5,0.06367723887721252
L32_gamma2p0_g0p25_T100,general,32,0.25,5.0,random_15,6,0.9363220204346997
L32_gamma2p0_g0p25_T100,general,32,0.25,5.0,random_15,7,0.06367821493463185
L32_gamma2p0_g0p25_T100,general,32,0.25,5.0,random_15,8,0.9363216759786194
L32_gamma2p0_g0p25_T100,general,32,0.25,5.0,random_15,9,0.06367822737043895
L32_gamma2p0_g0p25_T100,general,32,0.25,5.0,random_15,10,0.9363219670580761
L32_gamma2p0_g0p25_T100,general,32,0.25,5.0,random_15,11,0.06367779433624092
L32_gamma2p0_g0p25_T100,general,32,0.25,5.0,random_15,12,0.9363222887573849
L32_gamma2p0_g0p25_T100,general,32,0.25,5.0,random_15,13,0.06367773014084471
L32_gamma2p0_g0p25_T100,general,32,0.25,5.0,random_15,14,0.9363222073833755
L32_gamma2p0_g0p25_T100,general,32,0.25,5.0,random_15,15,0.06367779991058471
L32_gamma2p0_g0p25_T100,general,32,0.25,5.0,random_15,16,0.9363222924850445
L32_gamma2p0_g0p25_T100,general,32,0.25,5.0,random_15,17,0.06367745332708633
L32_gamma2p0_g0p25_T100,general,32,0.25,5.0,random_15,18,0.936322585517553
L32_gamma2p0_g0p25_T100,general,32,0.25,5.0,random_15,19,0.06367758151004262
L32_gamma2p0_g0p25_T100,general,32,0.25,5.0,random_15,20,0.9363222577327606
L32_gamma2p0_g0p25_T100,general,32,0.25,5.0,random_15,21,0.06367786921216026
L32_gamma2p0_g0p25_T100,general,32,0.25,5.0,random_15,22,0.9363220883309539
L32_gamma2p0_g0p25_T100,general,32,0.25,5.0,random_15,23,0.06367795772807018
L32_gamma2p0_g0p25_T100,general,32,0.25,5.0,random_15,24,0.9363220162854962
L32_gamma2p0_g0p25_T100,general,32,0.25,5.0,random_15,25,0.0636780845706938
L32_gamma2p0_g0p25_T100,general,32,0.25,5.0,random_15,26,0.9363225301900571
L32_gamma2p0_g0p25_T100,general,32,0.25,5.0,random_15,27,0.06367546001828737
L32_gamma2p0_g0p25_T100,general,32,0.25,5.0,random_15,28,0.9363525921379771
L32_gamma2p0_g0p25_T100,general,32,0.25,5.0,random_15,29,0.06348751000075496
L32_gamma2p0_g0p25_T100,general,32,0.25,5.0,random_15,30,0.9387042559221068
L32_gamma2p0_g0p25_T100,general,32,0.25,5.0,random_15,31,0.017652717693597768
L32_gamma2p0_g0p25_T100,general,32,0.25,5.0,random_16,0,0.9823472917293908
L32_gamma2p0_g0p25_T100,general,32,0.25,5.0,random_16,1,0.06129569597079958
L32_gamma2p0_g0p25_T100,general,32,0.25,5.0,random_16,2,0.9365125284125795
L32_gamma2p0_g0p25_T100,general,32,0.25,5.0,random_16,3,0.06364736230978497
L32_gamma2p0_g0p25_T100,general,32,0.25,5.0,random_16,4,0.9363246720597915
L32_gamma2p0_g0p25_T100,general,32,0.25,5.0,random_16,5,0.06367714972845759
L32_gamma2p0_g0p25_T100,general,32,0.25,5.0,random_16,6,0.9363222467429075
L32_gamma2p0_g0p25_T100,general,32,0.25,5.0,random_16,7,0.06367778898729962
L32_gamma2p0_g0p25_T100,general,32,0.25,5.0,random_16,8,0.9363221854717547
L32_gamma2p0_g0p25_T100,general,32,0.25,5.0,random_16,9,0.06367781167986927
L32_gamma2p0_g0p25_T100,general,32,0.25,5.0,random_16,10,0.9363222116651422
L32_gamma2p0_g0p25_T100,general,32,0.25,5.0,random_16,11,0.0636778197176737
L32_gamma2p0_g0p25_T100,general,32,0.25,5.0,random_16,12,0.9363221452900675
L32_gamma2p0_g0p25_T100,general,32,0.25,5.0,random_16,13,0.06367789045870786
L32_gamma2p0_g0p25_T100,general,32,0.25,5.0,random_16,14,0.9363220989474728
L32_gamma2p0_g0p25_T100,general,32,0.25,5.0,random_16,15,0.06367785115071373
L32_gamma2p0_g0p25_T100,general,32,0.25,5.0,random_16,16,0.9363221649832927
L32_gamma2p0_g0p25_T100,general,32,0.25,5.0,random_16,17,0.06367781384743124
L32_gamma2p0_g0p25_T100,general,32,0.25,5.0,random_16,18,0.936322208803922
L32_gamma2p0_g0p25_T100,general,32,0.25,5.0,random_16,19,0.06367779054673359
L32_gamma2p0_g0p25_T100,general,32,0.25,5.0,random_16,20,0.936322206537393
L32_gamma2p0_g0p25_T100,general,32,0.25,5.0,random_16,21,0.06367781394968876
L32_gamma2p0_g0p25_T100,general,32,0.25,5.0,random_16,22,0.936322179723718
L32_gamma2p0_g0p25_T100,general,32,0.25,5.0,random_16,23,0.06367784989665097
L32_gamma2p0_g0p25_T100,general,32,0.25,5.0,random_16,24,0.9363221682617503
L32_gamma2p0_g0p25_T100,general,32,0.25,5.0,random_16,25,0.0636777787308988
L32_gamma2p0_g0p25_T100,general,32,0.25,5.0,random_16,26,0.9363228506746016
L32_gamma2p0_g0p25_T100,general,32,0.25,5.0,random_16,27,0.06367528899858499
L32_gamma2p0_g0p25_T100,general,32,0.25,5.0,random_16,28,0.9363526457129502
L32_gamma2p0_g0p25_T100,general,32,0.25,5.0,random_16,29,0.06348748449257446
L32_gamma2p0_g0p25_T100,general,32,0.25,5.0,random_16,30,0.9387042961872537
L32_gamma2p0_g0p25_T100,general,32,0.25,5.0,random_16,31,0.017652708330142455
L32_gamma2p0_g0p25_T100,general,32,0.25,5.0,random_17,0,0.9823472808942934
L32_gamma2p0_g0p25_T100,general,32,0.25,5.0,random_17,1,0.06129574259171652
L32_gamma2p0_g0p25_T100,general,32,0.25,5.0,random_17,2,0.9365124993650211
L32_gamma2p0_g0p25_T100,general,32,0.25,5.0,random_17,3,0.06364730722375711
L32_gamma2p0_g0p25_T100,general,32,0.25,5.0,random_17,4,0.9363247759606863
L32_gamma2p0_g0p25_T100,general,32,0.25,5.0,random_17,5,0.06367701199248493
L32_gamma2p0_g0p25_T100,general,32,0.25,5.0,random_17,6,0.936322370676869
L32_gamma2p0_g0p25_T100,general,32,0.25,5.0,random_17,7,0.0636777256328457
L32_gamma2p0_g0p25_T100,general,32,0.25,5.0,random_17,8,0.9363222194456622
L32_gamma2p0_g0p25_T100,general,32,0.25,5.0,random_17,9,0.06367787450745763
L32_gamma2p0_g0p25_T100,general,32,0.25,5.0,random_17,10,0.9363220680543811
L32_gamma2p0_g0p25_T100,general,32,0.25,5.0,random_17,11,0.06367810614224144
L32_gamma2p0_g0p25_T100,general,32,0.25,5.0,random_17,12,0.9363218874350594
L32_gamma2p0_g0p25_T100,general,32,0.25,5.0,random_17,13,0.06367800548201685
L32_gamma2p0_g0p25_T100,general,32,0.25,5.0,random_17,14,0.9363220067370959
L32_gamma2p0_g0p25_T100,general,32,0.25,5.0,random_17,15,0.06367786540002038
L32_gamma2p0_g0p25_T100,general,32,0.25,5.0,random_17,16,0.936322206794189
L32_gamma2p0_g0p25_T100,general,32,0.25,5.0,random_17,17,0.06367773727275285
L32_gamma2p0_g0p25_T100,general,32,0.25,5.0,random_17,18,0.9363222845234531
L32_gamma2p0_g0p25_T100,general,32,0.25,5.0,random_17,19,0.06367772387087112
L32_gamma2p0_g0p25_T100,general,32,0.25,5.0,random_17,20,0.9363222522249279
L32_gamma2p0_g0p25_T100,general,32,0.25,5.0,random_17,21,0.06367775413547033
L32_gamma2p0_g0p25_T100,general,32,0.25,5.0,random_17,22,0.9363222291036931
L32_gamma2p0_g0p25_T100,general,32,0.25,5.0,random_17,23,0.06367780230226139
L32_gamma2p0_g0p25_T100,general,32,0.25,5.0,random_17,24,0.9363222285386475
L32_gamma2p0_g0p25_T100,general,32,0.25,5.0,random_17,25,0.06367772506339378
L32_gamma2p0_g0p25_T100,general,32,0.25,5.0,random_17,26,0.9363229383971441
L32_gamma2p0_g0p25_T100,general,32,0.25,5.0,random_17,27,0.06367510349161469
L32_gamma2p0_g0p25_T100,general,32,0.25,5.0,random_17,28,0.936352817663584
L32_gamma2p0_g0p25_T100,general,32,0.25,5.0,random_17,29,0.06348739414552299
L32_gamma2p0_g0p25_T100,general,32,0.25,5.0,random_17,30,0.9387043492578013
L32_gamma2p0_g0p25_T100,general,32,0.25,5.0,random_17,31,0.01765270567306387
L32_gamma2p0_g0p25_T100,general,32,0.25,5.0,random_18,0,0.9823472848270831
L32_gamma2p0_g0p25_T100,general,32,0.25,5.0,random_18,1,0.06129573063286002
L32_gamma2p0_g0p25_T100,general,32,0.25,5.0,random_18,2,0.9365124534046113
L32_gamma2p0_g0p25_T100,general,32,0.25,5.0,random_18,3,0.06364742900706494
L32_gamma2p0_g0p25_T100,general,32,0.25,5.0,random_18,4,0.9363246069999447
L32_gamma2p0_g0p25_T100,general,32,0.25,5.0,random_18,5,0.06367722905436786
L32_gamma2p0_g0p25_T100,general,32,0.25,5.0,random_18,6,0.9363221750532122
L32_gamma2p0_g0p25_T100,general,32,0.25,5.0,random_18,7,0.06367789130334699
L32_gamma2p0_g0p25_T100,general,32,0.25,5.0,random_18,8,0.9363220952079045
L32_gamma2p0_g0p25_T100,general,32,0.25,5.0,random_18,9,0.06367791549734256
L32_gamma2p0_g0p25_T100,general,32,0.25,5.0,random_18,10,0.9363221325626124
L32_gamma2p0_g0p25_T100,general,32,0.25,5.0,random_18,11,0.06367782434537697
L32_gamma2p0_g0p25_T100,general,32,0.25,5.0,random_18,12,0.936322147063845
L32_gamma2p0_g0p25_T100,general,32,0.25,5.0,random_18,13,0.06367786162381685
L32_gamma2p0_g0p25_T100,general,32,0.25,5.0,random_18,14,0.9363221279379077
L32_gamma2p0_g0p25_T100,general,32,0.25,5.0,random_18,15,0.06367782988143889
L32_gamma2p0_g0p25_T100,general,32,0.25,5.0,random_18,16,0.9363221938057895
L32_gamma2p0_g0p25_T100,general,32,0.25,5.0,random_18,17,0.06367775995552194
L32_gamma2p0_g0p25_T100,general,32,0.25,5.0,random_18,18,0.9363222535179024
L32_gamma2p0_g0p25_T100,general,32,0.25,5.0,random_18,19,0.06367781123880611
L32_gamma2p0_g0p25_T100,general,32,0.25,5.0,random_18,20,0.9363220646293247
L32_gamma2p0_g0p25_T100,general,32,0.25,5.0,random_18,21,0.06367806414858936
L32_gamma2p0_g0p25_T100,general,32,0.25,5.0,random_18,22,0.9363219361301562
L32_gamma2p0_g0p25_T100,general,32,0.25,5.0,random_18,23,0.06367802977079534
L32_gamma2p0_g0p25_T100,general,32,0.25,5.0,random_18,24,0.9363220557226895
L32_gamma2p0_g0p25_T100,general,32,0.25,5.0,random_18,25,0.06367788413638342
L32_gamma2p0_g0p25_T100,general,32,0.25,5.0,random_18,26,0.93632277139722
L32_gamma2p0_g0p25_T100,general,32,0.25,5.0,random_18,27,0.06367533291655275
L32_gamma2p0_g0p25_T100,general,32,0.25,5.0,random_18,28,0.9363526107647748
L32_gamma2p0_g0p25_T100,general,32,0.25,5.0,random_18,29,0.06348748724479594
L32_gamma2p0_g0p25_T100,general,32,0.25,5.0,random_18,30,0.9387042983258548
L32_gamma2p0_g0p25_T100,general,32,0.25,5.0,random_18,31,0.017652711892107466
L32_gamma2p0_g0p25_T100,general,32,0.25,5.0,random_19,0,0.9823473035521171
L32_gamma2p0_g0p25_T100,general,32,0.25,5.0,random_19,1,0.06129559968196432
L32_gamma2p0_g0p25_T100,general,32,0.25,5.0,random_19,2,0.9365127168511043
L32_gamma2p0_g0p25_T100,general,32,0.25,5.0,random_19,3,0.06364700992858494
L32_gamma2p0_g0p25_T100,general,32,0.25,5.0,random_19,4,0.9363251406008357
L32_gamma2p0_g0p25_T100,general,32,0.25,5.0,random_19,5,0.06367674349401037
L32_gamma2p0_g0p25_T100,general,32,0.25,5.0,random_19,6,0.9363225707768527
L32_gamma2p0_g0p25_T100,general,32,0.25,5.0,random_19,7,0.06367779582310076
L32_gamma2p0_g0p25_T100,general,32,0.25,5.0,random_19,8,0.9363220584932852
L32_gamma2p0_g0p25_T100,general,32,0.25,5.0,random_19,9,0.0636778447755288
L32_gamma2p0_g0p25_T100,general,32,0.25,5.0,random_19,10,0.9363222252426502
L32_gamma2p0_g0p25_T100,general,32,0.25,5.0,random_19,11,0.06367765004594388
L32_gamma2p0_g0p25_T100,general,32,0.25,5.0,random_19,12,0.93632231983882
L32_gamma2p0_g0p25_T100,general,32,0.25,5.0,random_19,13,0.06367768029566692
L32_gamma2p0_g0p25_T100,general,32,0.25,5.0,random_19,14,0.9363223457315788
L32_gamma2p0_g0p25_T100,general,32,0.25,5.0,random_19,15,0.06367763847582779
L32_gamma2p0_g0p25_T100,general,32,0.25,5.0,random_19,16,0.9363223485744001
L32_gamma2p0_g0p25_T100,general,32,0.25,5.0,random_19,17,0.06367771495349263
L32_gamma2p0_g0p25_T100,general,32,0.25,5.0,random_19,18,0.9363222443479193
L32_gamma2p0_g0p25_T100,general,32,0.25,5.0,random_19,19,0.063677861505678
L32_gamma2p0_g0p25_T100,general,32,0.25,5.0,random_19,20,0.9363220644927566
L32_gamma2p0_g0p25_T100,general,32,0.25,5.0,random_19,21,0.0636782359688947
L32_gamma2p0_g0p25_T100,general,32,0.25,5.0,random_19,22,0.9363215869454358
L32_gamma2p0_g0p25_T100,general,32,0.25,5.0,random_19,23,0.06367847477249847
L32_gamma2p0_g0p25_T100,general,32,0.25,5.0,random_19,24,0.9363216506107033
L32_gamma2p0_g0p25_T100,general,32,0.25,5.0,random_19,25,0.06367804813813663
L32_gamma2p0_g0p25_T100,general,32,0.25,5.0,random_19,26,0.9363226950106345
L32_gamma2p0_g0p25_T100,general,32,0.25,5.0,random_19,27,0.06367528107337263
L32_gamma2p0_g0p25_T100,general,32,0.25,5.0,random_19,28,0.9363526812667607
L32_gamma2p0_g0p25_T100,general,32,0.25,5.0,random_19,29,0.0634874661215272
L32_gamma2p0_g0p25_T100,general,32,0.25,5.0,random_19,30,0.9387042932964554
L32_gamma2p0_g0p25_T100,general,32,0.25,5.0,random_19,31,0.01765270931346208
L32_gamma2p0_g0p25_T300,general,32,0.25,15.0,hermitian_ground,0,0.9823472806677831
L32_gamma2p0_g0p25_T300,general,32,0.25,15.0,hermitian_ground,1,0.06129575685813266
L32_gamma2p0_g0p25_T300,general,32,0.25,15.0,hermitian_ground,2,0.9365124242940976
L32_gamma2p0_g0p25_T300,general,32,0.25,15.0,hermitian_ground,3,0.06364747137963118
L32_gamma2p0_g0p25_T300,general,32,0.25,15.0,hermitian_ground,4,0.9363245619588502
L32_gamma2p0_g0p25_T300,general,32,0.25,15.0,hermitian_ground,5,0.06367727243415894
L32_gamma2p0_g0p25_T300,general,32,0.25,15.0,hermitian_ground,6,0.9363221279964755
L32_gamma2p0_g0p25_T300,general,32,0.25,15.0,hermitian_ground,7,0.06367789885130959
L32_gamma2p0_g0p25_T300,general,32,0.25,15.0,hermitian_ground,8,0.9363220853763429
L32_gamma2p0_g0p25_T300,general,32,0.25,15.0,hermitian_ground,9,0.06367791497576973
L32_gamma2p0_g0p25_T300,general,32,0.25,15.0,hermitian_ground,10,0.9363220845568999
L32_gamma2p0_g0p25_T300,general,32,0.25,15.0,hermitian_ground,11,0.06367791544314749
L32_gamma2p0_g0p25_T300,general,32,0.25,15.0,hermitian_ground,12,0.9363220845417831
L32_gamma2p0_g0p25_T300,general,32,0.25,15.0,hermitian_ground,13,0.06367791545789639
L32_gamma2p0_g0p25_T300,general,32,0.25,15.0,hermitian_ground,14,0.9363220845415843
L32_gamma2p0_g0p25_T300,general,32,0.25,15.0,hermitian_ground,15,0.06367791545839524
L32_gamma2p0_g0p25_T300,general,32,0.25,15.0,hermitian_ground,16,0.9363220845416047
L32_gamma2p0_g0p25_T300,general,32,0.25,15.0,hermitian_ground,17,0.06367791545841561
L32_gamma2p0_g0p25_T300,general,32,0.25,15.0,hermitian_ground,18,0.9363220845421036
L32_gamma2p0_g0p25_T300,general,32,0.25,15.0,hermitian_ground,19,0.06367791545821694
L32_gamma2p0_g0p25_T300,general,32,0.25,15.0,hermitian_ground,20,0.9363220845568525
L32_gamma2p0_g0p25_T300,general,32,0.25,15.0,hermitian_ground,21,0.06367791544309995
L32_gamma2p0_g0p25_T300,general,32,0.25,15.0,hermitian_ground,22,0.9363220850242304
L32_gamma2p0_g0p25_T300,general,32,0.25,15.0,hermitian_ground,23,0.06367791462365709
L32_gamma2p0_g0p25_T300,general,32,0.25,15.0,hermitian_ground,24,0.9363221011486903
L32_gamma2p0_g0p25_T300,general,32,0.25,15.0,hermitian_ground,25,0.06367787200352448
L32_gamma2p0_g0p25_T300,general,32,0.25,15.0,hermitian_ground,26,0.9363227275658409
L32_gamma2p0_g0p25_T300,general,32,0.25,15.0,hermitian_ground,27,0.06367543804114975
L32_gamma2p0_g0p25_T300,general,32,0.25,15.0,hermitian_ground,28,0.9363525286203688
L32_gamma2p0_g0p25_T300,general,32,0.25,15.0,hermitian_ground,29,0.06348757570590251
L32_gamma2p0_g0p25_T300,general,32,0.25,15.0,hermitian_ground,30,0.9387042431418675
L32_gamma2p0_g0p25_T300,general,32,0.25,15.0,hermitian_ground,31,0.017652719332216786
L32_gamma2p0_g0p25_T300,general,32,0.25,15.0,random_00,0,0.9823472806677831
L32_gamma2p0_g0p25_T300,general,32,0.25,15.0,random_00,1,0.06129575685813267
L32_gamma2p0_g0p25_T300,general,32,0.25,15.0,random_00,2,0.9365124242940975
L32_gamma2p0_g0p25_T300,general,32,0.25,15.0,random_00,3,0.0636474713796312
L32_gamma2p0_g0p25_T300,general,32,0.25,15.0,random_00,4,0.9363245619588504
L32_gamma2p0_g0p25_T300,general,32,0.25,15.0,random_00,5,0.06367727243415894
L32_gamma2p0_g0p25_T300,general,32,0.25,15.0,random_00,6,0.9363221279964755
L32_gamma2p0_g0p25_T300,general,32,0.25,15.0,random_00,7,0.06367789885130959
L32_gamma2p0_g0p25_T300,general,32,0.25,15.0,random_00,8,0.936322085376343
L32_gamma2p0_g0p25_T300,general,32,0.25,15.0,random_00,9,0.06367791497576974
L32_gamma2p0_g0p25_T300,general,32,0.25,15.0,random_00,10,0.9363220845569001
L32_gamma2p0_g0p25_T300,general,32,0.25,15.0,random_00,11,0.06367791544314752
L32_gamma2p0_g0p25_T300,general,32,0.25,15.0,random_00,12,0.9363220845417831
L32_gamma2p0_g0p25_T300,general,32,0.25,15.0,random_00,13,0.06367791545789639
L32_gamma2p0_g0p25_T300,general,32,0.25,15.0,random_00,14,0.9363220845415845
L32_gamma2p0_g0p25_T300,general,32,0.25,15.0,random_00,15,0.06367791545839525
L32_gamma2p0_g0p25_T300,general,32,0.25,15.0,random_00,16,0.9363220845416047
L32_gamma2p0_g0p25_T300,general,32,0.25,15.0,random_00,17,0.0636779154584156
L32_gamma2p0_g0p25_T300,general,32,0.25,15.0,random_00,18,0.9363220845421036
L32_gamma2p0_g0p25_T300,general,32,0.25,15.0,random_00,19,0.06367791545821694
L32_gamma2p0_g0p25_T300,general,32,0.25,15.0,random_00,20,0.9363220845568524
L32_gamma2p0_g0p25_T300,general,32,0.25,15.0,random_00,21,0.06367791544309995
L32_gamma2p0_g0p25_T300,general,32,0.25,15.0,random_00,22,0.9363220850242302
L32_gamma2p0_g0p25_T300,general,32,0.25,15.0,random_00,23,0.0636779146236571
L32_gamma2p0_g0p25_T300,general,32,0.25,15.0,random_00,24,0.9363221011486903
L32_gamma2p0_g0p25_T300,general,32,0.25,15.0,random_00,25,0.0636778720035245
L32_gamma2p0_g0p25_T300,general,32,0.25,15.0,random_00,26,0.9363227275658412
L32_gamma2p0_g0p25_T300,general,32,0.25,15.0,random_00,27,0.06367543804114977
L32_gamma2p0_g0p25_T300,general,32,0.25,15.0,random_00,28,0.9363525286203689
L32_gamma2p0_g0p25_T300,general,32,0.25,15.0,random_00,29,0.06348757570590252
L32_gamma2p0_g0p25_T300,general,32,0.25,15.0,random_00,30,0.9387042431418672
L32_gamma2p0_g0p25_T300,general,32,0.25,15.0,random_00,31,0.017652719332216793
L32_gamma2p0_g0p25_T300,general,32,0.25,15.0,random_01,0,0.9823472806677834
L32_gamma2p0_g0p25_T300,general,32,0.25,15.0,random_01,1,0.06129575685813266
L32_gamma2p0_g0p25_T300,general,32,0.25,15.0,random_01,2,0.9365124242940976
L32_gamma2p0_g0p25_T300,general,32,0.25,15.0,random_01,3,0.0636474713796312
L32_gamma2p0_g0p25_T300,general,32,0.25,15.0,random_01,4,0.9363245619588503
L32_gamma2p0_g0p25_T300,general,32,0.25,15.0,random_01,5,0.06367727243415892
L32_gamma2p0_g0p25_T300,general,32,0.25,15.0,random_01,6,0.9363221279964755
L32_gamma2p0_g0p25_T300,general,32,0.25,15.0,random_01,7,0.06367789885130959
L32_gamma2p0_g0p25_T300,general,32,0.25,15.0,random_01,8,0.936322085376343
L32_gamma2p0_g0p25_T300,general,32,0.25,15.0,random_01,9,0.06367791497576973
L32_gamma2p0_g0p25_T300,general,32,0.25,15.0,random_01,10,0.9363220845569
L32_gamma2p0_g0p25_T300,general,32,0.25,15.0,random_01,11,0.06367791544314752
L32_gamma2p0_g0p25_T300,general,32,0.25,15.0,random_01,12,0.9363220845417832
L32_gamma2p0_g0p25_T300,general,32,0.25,15.0,random_01,13,0.0636779154578964
L32_gamma2p0_g0p25_T300,general,32,0.25,15.0,random_01,14,0.9363220845415844
L32_gamma2p0_g0p25_T300,general,32,0.25,15.0,random_01,15,0.06367791545839525
L32_gamma2p0_g0p25_T300,general,32,0.25,15.0,random_01,16,0.9363220845416047
L32_gamma2p0_g0p25_T300,general,32,0.25,15.0,random_01,17,0.0636779154584156
L32_gamma2p0_g0p25_T300,general,32,0.25,15.0,random_01,18,0.9363220845421034
L32_gamma2p0_g0p25_T300,general,32,0.25,15.0,random_01,19,0.06367791545821694
L32_gamma2p0_g0p25_T300,general,32,0.25,15.0,random_01,20,0.9363220845568525
L32_gamma2p0_g0p25_T300,general,32,0.25,15.0,random_01,21,0.06367791544309996
L32_gamma2p0_g0p25_T300,general,32,0.25,15.0,random_01,22,0.9363220850242303
L32_gamma2p0_g0p25_T300,general,32,0.25,15.0,random_01,23,0.06367791462365709
L32_gamma2p0_g0p25_T300,general,32,0.25,15.0,random_01,24,0.9363221011486905
L32_gamma2p0_g0p25_T300,general,32,0.25,15.0,random_01,25,0.06367787200352448
L32_gamma2p0_g0p25_T300,general,32,0.25,15.0,random_01,26,0.936322727565841
L32_gamma2p0_g0p25_T300,general,32,0.25,15.0,random_01,27,0.06367543804114975
L32_gamma2p0_g0p25_T300,general,32,0.25,15.0,random_01,28,0.9363525286203689
L32_gamma2p0_g0p25_T300,general,32,0.25,15.0,random_01,29,0.06348757570590252
L32_gamma2p0_g0p25_T300,general,32,0.25,15.0,random_01,30,0.9387042431418673
L32_gamma2p0_g0p25_T300,general,32,0.25,15.0,random_01,31,0.017652719332216793
L32_gamma2p0_g0p25_T300,general,32,0.25,15.0,random_02,0,0.9823472806677831
L32_gamma2p0_g0p25_T300,general,32,0.25,15.0,random_02,1,0.06129575685813266
L32_gamma2p0_g0p25_T300,general,32,0.25,15.0,random_02,2,0.9365124242940974
L32_gamma2p0_g0p25_T300,general,32,0.25,15.0,random_02,3,0.0636474713796312
L32_gamma2p0_g0p25_T300,general,32,0.25,15.0,random_02,4,0.9363245619588502
L32_gamma2p0_g0p25_T300,general,32,0.25,15.0,random_02,5,0.06367727243415892
L32_gamma2p0_g0p25_T300,general,32,0.25,15.0,random_02,6,0.9363221279964755
L32_gamma2p0_g0p25_T300,general,32,0.25,15.0,random_02,7,0.06367789885130959
L32_gamma2p0_g0p25_T300,general,32,0.25,15.0,random_02,8,0.936322085376343
L32_gamma2p0_g0p25_T300,general,32,0.25,15.0,random_02,9,0.06367791497576973
L32_gamma2p0_g0p25_T300,general,32,0.25,15.0,random_02,10,0.9363220845569
L32_gamma2p0_g0p25_T300,general,32,0.25,15.0,random_02,11,0.06367791544314749
L32_gamma2p0_g0p25_T300,general,32,0.25,15.0,random_02,12,0.9363220845417831
L32_gamma2p0_g0p25_T300,general,32,0.25,15.0,random_02,13,0.06367791545789639
L32_gamma2p0_g0p25_T300,general,32,0.25,15.0,random_02,14,0.9363220845415844
L32_gamma2p0_g0p25_T300,general,32,0.25,15.0,random_02,15,0.06367791545839527
L32_gamma2p0_g0p25_T300,general,32,0.25,15.0,random_02,16,0.9363220845416048
L32_gamma2p0_g0p25_T300,general,32,0.25,15.0,random_02,17,0.06367791545841561
L32_gamma2p0_g0p25_T300,general,32,0.25,15.0,random_02,18,0.9363220845421035
L32_gamma2p0_g0p25_T300,general,32,0.25,15.0,random_02,19,0.06367791545821694
L32_gamma2p0_g0p25_T300,general,32,0.25,15.0,random_02,20,0.9363220845568525
L32_gamma2p0_g0p25_T300,general,32,0.25,15.0,random_02,21,0.06367791544309995
L32_gamma2p0_g0p25_T300,general,32,0.25,15.0,random_02,22,0.9363220850242302
L32_gamma2p0_g0p25_T300,general,32,0.25,15.0,random_02,23,0.06367791462365709
L32_gamma2p0_g0p25_T300,general,32,0.25,15.0,random_02,24,0.9363221011486904
L32_gamma2p0_g0p25_T300,general,32,0.25,15.0,random_02,25,0.06367787200352448
L32_gamma2p0_g0p25_T300,general,32,0.25,15.0,random_02,26,0.9363227275658411
L32_gamma2p0_g0p25_T300,general,32,0.25,15.0,random_02,27,0.06367543804114975
L32_gamma2p0_g0p25_T300,general,32,0.25,15.0,random_02,28,0.9363525286203688
L32_gamma2p0_g0p25_T300,general,32,0.25,15.0,random_02,29,0.06348757570590252
L32_gamma2p0_g0p25_T300,general,32,0.25,15.0,random_02,30,0.9387042431418674
L32_gamma2p0_g0p25_T300,general,32,0.25,15.0,random_02,31,0.01765271933221679
L32_gamma2p0_g0p25_T300,general,32,0.25,15.0,random_03,0,0.9823472806677829
L32_gamma2p0_g0p25_T300,general,32,0.25,15.0,random_03,1,0.061295756858132655
L32_gamma2p0_g0p25_T300,general,32,0.25,15.0,random_03,2,0.9365124242940975
L32_gamma2p0_g0p25_T300,general,32,0.25,15.0,random_03,3,0.06364747137963121
L32_gamma2p0_g0p25_T300,general,32,0.25,15.0,random_03,4,0.9363245619588502
L32_gamma2p0_g0p25_T300,general,32,0.25,15.0,random_03,5,0.06367727243415894
L32_gamma2p0_g0p25_T300,general,32,0.25,15.0,random_03,6,0.9363221279964755
L32_gamma2p0_g0p25_T300,general,32,0.25,15.0,random_03,7,0.06367789885130959
L32_gamma2p0_g0p25_T300,general,32,0.25,15.0,random_03,8,0.936322085376343
L32_gamma2p0_g0p25_T300,general,32,0.25,15.0,random_03,9,0.06367791497576973
L32_gamma2p0_g0p25_T300,general,32,0.25,15.0,random_03,10,0.9363220845569
L32_gamma2p0_g0p25_T300,general,32,0.25,15.0,random_03,11,0.0636779154431475
L32_gamma2p0_g0p25_T300,general,32,0.25,15.0,random_03,12,0.9363220845417831
L32_gamma2p0_g0p25_T300,general,32,0.25,15.0,random_03,13,0.06367791545789639
L32_gamma2p0_g0p25_T300,general,32,0.25,15.0,random_03,14,0.9363220845415844
L32_gamma2p0_g0p25_T300,general,32,0.25,15.0,random_03,15,0.06367791545839527
L32_gamma2p0_g0p25_T300,general,32,0.25,15.0,random_03,16,0.9363220845416047
L32_gamma2p0_g0p25_T300,general,32,0.25,15.0,random_03,17,0.0636779154584156
L32_gamma2p0_g0p25_T300,general,32,0.25,15.0,random_03,18,0.9363220845421037
L32_gamma2p0_g0p25_T300,general,32,0.25,15.0,random_03,19,0.06367791545821694
L32_gamma2p0_g0p25_T300,general,32,0.25,15.0,random_03,20,0.9363220845568526
L32_gamma2p0_g0p25_T300,general,32,0.25,15.0,random_03,21,0.06367791544309995
L32_gamma2p0_g0p25_T300,general,32,0.25,15.0,random_03,22,0.9363220850242302
L32_gamma2p0_g0p25_T300,general,32,0.25,15.0,random_03,23,0.06367791462365709
L32_gamma2p0_g0p25_T300,general,32,0.25,15.0,random_03,24,0.9363221011486903
L32_gamma2p0_g0p25_T300,general,32,0.25,15.0,random_03,25,0.06367787200352448
L32_gamma2p0_g0p25_T300,general,32,0.25,15.0,random_03,26,0.9363227275658411
L32_gamma2p0_g0p25_T300,general,32,0.25,15.0,random_03,27,0.06367543804114977
L32_gamma2p0_g0p25_T300,general,32,0.25,15.0,random_03,28,0.9363525286203689
L32_gamma2p0_g0p25_T300,general,32,0.25,15.0,random_03,29,0.06348757570590252
L32_gamma2p0_g0p25_T300,general,32,0.25,15.0,random_03,30,0.9387042431418673
L32_gamma2p0_g0p25_T300,general,32,0.25,15.0,random_03,31,0.01765271933221679
L32_gamma2p0_g0p25_T300,general,32,0.25,15.0,random_04,0,0.9823472806677831
L32_gamma2p0_g0p25_T300,general,32,0.25,15.0,random_04,1,0.06129575685813267
L32_gamma2p0_g0p25_T300,general,32,0.25,15.0,random_04,2,0.9365124242940973
L32_gamma2p0_g0p25_T300,general,32,0.25,15.0,random_04,3,0.06364747137963121
L32_gamma2p0_g0p25_T300,general,32,0.25,15.0,random_04,4,0.9363245619588502
L32_gamma2p0_g0p25_T300,general,32,0.25,15.0,random_04,5,0.06367727243415892
L32_gamma2p0_g0p25_T300,general,32,0.25,15.0,random_04,6,0.9363221279964757
L32_gamma2p0_g0p25_T300,general,32,0.25,15.0,random_04,7,0.06367789885130959
L32_gamma2p0_g0p25_T300,general,32,0.25,15.0,random_04,8,0.936322085376343
L32_gamma2p0_g0p25_T300,general,32,0.25,15.0,random_04,9,0.06367791497576972
L32_gamma2p0_g0p25_T300,general,32,0.25,15.0,random_04,10,0.9363220845569001
L32_gamma2p0_g0p25_T300,general,32,0.25,15.0,random_04,11,0.0636779154431475
L32_gamma2p0_g0p25_T300,general,32,0.25,15.0,random_04,12,0.9363220845417831
L32_gamma2p0_g0p25_T300,general,32,0.25,15.0,random_04,13,0.06367791545789639
L32_gamma2p0_g0p25_T300,general,32,0.25,15.0,random_04,14,0.9363220845415843
L32_gamma2p0_g0p25_T300,general,32,0.25,15.0,random_04,15,0.06367791545839527
L32_gamma2p0_g0p25_T300,general,32,0.25,15.0,random_04,16,0.9363220845416047
L32_gamma2p0_g0p25_T300,general,32,0.25,15.0,random_04,17,0.0636779154584156
L32_gamma2p0_g0p25_T300,general,32,0.25,15.0,random_04,18,0.9363220845421036
L32_gamma2p0_g0p25_T300,general,32,0.25,15.0,random_04,19,0.06367791545821694
L32_gamma2p0_g0p25_T300,general,32,0.25,15.0,random_04,20,0.9363220845568525
L32_gamma2p0_g0p25_T300,general,32,0.25,15.0,random_04,21,0.06367791544309996
L32_gamma2p0_g0p25_T300,general,32,0.25,15.0,random_04,22,0.9363220850242302
L32_gamma2p0_g0p25_T300,general,32,0.25,15.0,random_04,23,0.06367791462365709
L32_gamma2p0_g0p25_T300,general,32,0.25,15.0,random_04,24,0.9363221011486903
L32_gamma2p0_g0p25_T300,general,32,0.25,15.0,random_04,25,0.06367787200352448
L32_gamma2p0_g0p25_T300,general,32,0.25,15.0,random_04,26,0.936322727565841
L32_gamma2p0_g0p25_T300,general,32,0.25,15.0,random_04,27,0.06367543804114977
L32_gamma2p0_g0p25_T300,general,32,0.25,15.0,random_04,28,0.9363525286203688
L32_gamma2p0_g0p25_T300,general,32,0.25,15.0,random_04,29,0.06348757570590251
L32_gamma2p0_g0p25_T300,general,32,0.25,15.0,random_04,30,0.9387042431418673
L32_gamma2p0_g0p25_T300,general,32,0.25,15.0,random_04,31,0.01765271933221679
L32_gamma2p0_g0p25_T300,general,32,0.25,15.0,random_05,0,0.9823472806677831
L32_gamma2p0_g0p25_T300,general,32,0.25,15.0,random_05,1,0.061295756858132655
L32_gamma2p0_g0p25_T300,general,32,0.25,15.0,random_05,2,0.9365124242940975
L32_gamma2p0_g0p25_T300,general,32,0.25,15.0,random_05,3,0.0636474713796312
L32_gamma2p0_g0p25_T300,general,32,0.25,15.0,random_05,4,0.9363245619588504
L32_gamma2p0_g0p25_T300,general,32,0.25,15.0,random_05,5,0.06367727243415894
L32_gamma2p0_g0p25_T300,general,32,0.25,15.0,random_05,6,0.9363221279964755
L32_gamma2p0_g0p25_T300,general,32,0.25,15.0,random_05,7,0.06367789885130959
L32_gamma2p0_g0p25_T300,general,32,0.25,15.0,random_05,8,0.936322085376343
L32_gamma2p0_g0p25_T300,general,32,0.25,15.0,random_05,9,0.06367791497576972
L32_gamma2p0_g0p25_T300,general,32,0.25,15.0,random_05,10,0.9363220845569
L32_gamma2p0_g0p25_T300,general,32,0.25,15.0,random_05,11,0.0636779154431475
L32_gamma2p0_g0p25_T300,general,32,0.25,15.0,random_05,12,0.9363220845417831
L32_gamma2p0_g0p25_T300,general,32,0.25,15.0,random_05,13,0.06367791545789639
L32_gamma2p0_g0p25_T300,general,32,0.25,15.0,random_05,14,0.9363220845415845
L32_gamma2p0_g0p25_T300,general,32,0.25,15.0,random_05,15,0.06367791545839525
L32_gamma2p0_g0p25_T300,general,32,0.25,15.0,random_05,16,0.9363220845416048
L32_gamma2p0_g0p25_T300,general,32,0.25,15.0,random_05,17,0.0636779154584156
L32_gamma2p0_g0p25_T300,general,32,0.25,15.0,random_05,18,0.9363220845421036
L32_gamma2p0_g0p25_T300,general,32,0.25,15.0,random_05,19,0.06367791545821694
L32_gamma2p0_g0p25_T300,general,32,0.25,15.0,random_05,20,0.9363220845568524
L32_gamma2p0_g0p25_T300,general,32,0.25,15.0,random_05,21,0.06367791544309995
L32_gamma2p0_g0p25_T300,general,32,0.25,15.0,random_05,22,0.9363220850242302
L32_gamma2p0_g0p25_T300,general,32,0.25,15.0,random_05,23,0.06367791462365709
L32_gamma2p0_g0p25_T300,general,32,0.25,15.0,random_05,24,0.9363221011486904
L32_gamma2p0_g0p25_T300,general,32,0.25,15.0,random_05,25,0.06367787200352448
L32_gamma2p0_g0p25_T300,general,32,0.25,15.0,random_05,26,0.936322727565841
L32_gamma2p0_g0p25_T300,general,32,0.25,15.0,random_05,27,0.06367543804114977
L32_gamma2p0_g0p25_T300,general,32,0.25,15.0,random_05,28,0.9363525286203688
L32_gamma2p0_g0p25_T300,general,32,0.25,15.0,random_05,29,0.06348757570590252
L32_gamma2p0_g0p25_T300,general,32,0.25,15.0,random_05,30,0.9387042431418674
L32_gamma2p0_g0p25_T300,general,32,0.25,15.0,random_05,31,0.017652719332216786
L32_gamma2p0_g0p25_T300,general,32,0.25,15.0,random_06,0,0.9823472806677831
L32_gamma2p0_g0p25_T300,general,32,0.25,15.0,random_06,1,0.06129575685813267
L32_gamma2p0_g0p25_T300,general,32,0.25,15.0,random_06,2,0.9365124242940975
L32_gamma2p0_g0p25_T300,general,32,0.25,15.0,random_06,3,0.0636474713796312
L32_gamma2p0_g0p25_T300,general,32,0.25,15.0,random_06,4,0.9363245619588503
L32_gamma2p0_g0p25_T300,general,32,0.25,15.0,random_06,5,0.06367727243415894
L32_gamma2p0_g0p25_T300,general,32,0.25,15.0,random_06,6,0.9363221279964755
L32_gamma2p0_g0p25_T300,general,32,0.25,15.0,random_06,7,0.06367789885130959
L32_gamma2p0_g0p25_T300,general,32,0.25,15.0,random_06,8,0.936322085376343
L32_gamma2p0_g0p25_T300,general,32,0.25,15.0,random_06,9,0.06367791497576972
L32_gamma2p0_g0p25_T300,general,32,0.25,15.0,random_06,10,0.9363220845569
L32_gamma2p0_g0p25_T300,general,32,0.25,15.0,random_06,11,0.06367791544314752
L32_gamma2p0_g0p25_T300,general,32,0.25,15.0,random_06,12,0.936322084541783
L32_gamma2p0_g0p25_T300,general,32,0.25,15.0,random_06,13,0.06367791545789639
L32_gamma2p0_g0p25_T300,general,32,0.25,15.0,random_06,14,0.9363220845415843
L32_gamma2p0_g0p25_T300,general,32,0.25,15.0,random_06,15,0.06367791545839527
L32_gamma2p0_g0p25_T300,general,32,0.25,15.0,random_06,16,0.9363220845416047
L32_gamma2p0_g0p25_T300,general,32,0.25,15.0,random_06,17,0.0636779154584156
L32_gamma2p0_g0p25_T300,general,32,0.25,15.0,random_06,18,0.9363220845421035
L32_gamma2p0_g0p25_T300,general,32,0.25,15.0,random_06,19,0.06367791545821694
L32_gamma2p0_g0p25_T300,general,32,0.25,15.0,random_06,20,0.9363220845568523
L32_gamma2p0_g0p25_T300,general,32,0.25,15.0,random_06,21,0.06367791544309995
L32_gamma2p0_g0p25_T300,general,32,0.25,15.0,random_06,22,0.9363220850242302
L32_gamma2p0_g0p25_T300,general,32,0.25,15.0,random_06,23,0.06367791462365709
L32_gamma2p0_g0p25_T300,general,32,0.25,15.0,random_06,24,0.9363221011486905
L32_gamma2p0_g0p25_T300,general,32,0.25,15.0,random_06,25,0.06367787200352448
L32_gamma2p0_g0p25_T300,general,32,0.25,15.0,random_06,26,0.936322727565841
L32_gamma2p0_g0p25_T300,general,32,0.25,15.0,random_06,27,0.06367543804114975
L32_gamma2p0_g0p25_T300,general,32,0.25,15.0,random_06,28,0.9363525286203689
L32_gamma2p0_g0p25_T300,general,32,0.25,15.0,random_06,29,0.06348757570590252
L32_gamma2p0_g0p25_T300,general,32,0.25,15.0,random_06,30,0.9387042431418674
L32_gamma2p0_g0p25_T300,general,32,0.25,15.0,random_06,31,0.017652719332216793
L32_gamma2p0_g0p25_T300,general,32,0.25,15.0,random_07,0,0.9823472806677832
L32_gamma2p0_g0p25_T300,general,32,0.25,15.0,random_07,1,0.06129575685813267
L32_gamma2p0_g0p25_T300,general,32,0.25,15.0,random_07,2,0.9365124242940975
L32_gamma2p0_g0p25_T300,general,32,0.25,15.0,random_07,3,0.06364747137963118
L32_gamma2p0_g0p25_T300,general,32,0.25,15.0,random_07,4,0.9363245619588503
L32_gamma2p0_g0p25_T300,general,32,0.25,15.0,random_07,5,0.06367727243415894
L32_gamma2p0_g0p25_T300,general,32,0.25,15.0,random_07,6,0.9363221279964755
L32_gamma2p0_g0p25_T300,general,32,0.25,15.0,random_07,7,0.06367789885130959
L32_gamma2p0_g0p25_T300,general,32,0.25,15.0,random_07,8,0.936322085376343
L32_gamma2p0_g0p25_T300,general,32,0.25,15.0,random_07,9,0.06367791497576973
L32_gamma2p0_g0p25_T300,general,32,0.25,15.0,random_07,10,0.9363220845569001
L32_gamma2p0_g0p25_T300,general,32,0.25,15.0,random_07,11,0.06367791544314749
L32_gamma2p0_g0p25_T300,general,32,0.25,15.0,random_07,12,0.9363220845417831
L32_gamma2p0_g0p25_T300,general,32,0.25,15.0,random_07,13,0.06367791545789639
L32_gamma2p0_g0p25_T300,general,32,0.25,15.0,random_07,14,0.9363220845415845
L32_gamma2p0_g0p25_T300,general,32,0.25,15.0,random_07,15,0.06367791545839525
L32_gamma2p0_g0p25_T300,general,32,0.25,15.0,random_07,16,0.9363220845416047
L32_gamma2p0_g0p25_T300,general,32,0.25,15.0,random_07,17,0.0636779154584156
L32_gamma2p0_g0p25_T300,general,32,0.25,15.0,random_07,18,0.9363220845421036
L32_gamma2p0_g0p25_T300,general,32,0.25,15.0,random_07,19,0.06367791545821692
L32_gamma2p0_g0p25_T300,general,32,0.25,15.0,random_07,20,0.9363220845568525
L32_gamma2p0_g0p25_T300,general,32,0.25,15.0,random_07,21,0.06367791544309996
L32_gamma2p0_g0p25_T300,general,32,0.25,15.0,random_07,22,0.9363220850242304
L32_gamma2p0_g0p25_T300,general,32,0.25,15.0,random_07,23,0.06367791462365709
L32_gamma2p0_g0p25_T300,general,32,0.25,15.0,random_07,24,0.9363221011486904
L32_gamma2p0_g0p25_T300,general,32,0.25,15.0,random_07,25,0.06367787200352448
L32_gamma2p0_g0p25_T300,general,32,0.25,15.0,random_07,26,0.936322727565841
L32_gamma2p0_g0p25_T300,general,32,0.25,15.0,random_07,27,0.06367543804114975
L32_gamma2p0_g0p25_T300,general,32,0.25,15.0,random_07,28,0.9363525286203687
L32_gamma2p0_g0p25_T300,general,32,0.25,15.0,random_07,29,0.06348757570590252
L32_gamma2p0_g0p25_T300,general,32,0.25,15.0,random_07,30,0.9387042431418674
L32_gamma2p0_g0p25_T300,general,32,0.25,15.0,random_07,31,0.017652719332216786
L32_gamma2p0_g0p25_T300,general,32,0.25,15.0,random_08,0,0.9823472806677833
L32_gamma2p0_g0p25_T300,general,32,0.25,15.0,random_08,1,0.061295756858132655
L32_gamma2p0_g0p25_T300,general,32,0.25,15.0,random_08,2,0.9365124242940975
L32_gamma2p0_g0p25_T300,general,32,0.25,15.0,random_08,3,0.0636474713796312
L32_gamma2p0_g0p25_T300,general,32,0.25,15.0,random_08,4,0.9363245619588502
L32_gamma2p0_g0p25_T300,general,32,0.25,15.0,random_08,5,0.06367727243415894
L32_gamma2p0_g0p25_T300,general,32,0.25,15.0,random_08,6,0.9363221279964754
L32_gamma2p0_g0p25_T300,general,32,0.25,15.0,random_08,7,0.06367789885130959
L32_gamma2p0_g0p25_T300,general,32,0.25,15.0,random_08,8,0.936322085376343
L32_gamma2p0_g0p25_T300,general,32,0.25,15.0,random_08,9,0.06367791497576972
L32_gamma2p0_g0p25_T300,general,32,0.25,15.0,random_08,10,0.9363220845569001
L32_gamma2p0_g0p25_T300,general,32,0.25,15.0,random_08,11,0.0636779154431475
L32_gamma2p0_g0p25_T300,general,32,0.25,15.0,random_08,12,0.936322084541783
L32_gamma2p0_g0p25_T300,general,32,0.25,15.0,random_08,13,0.06367791545789639
L32_gamma2p0_g0p25_T300,general,32,0.25,15.0,random_08,14,0.9363220845415844
L32_gamma2p0_g0p25_T300,general,32,0.25,15.0,random_08,15,0.06367791545839525
L32_gamma2p0_g0p25_T300,general,32,0.25,15.0,random_08,16,0.9363220845416047
L32_gamma2p0_g0p25_T300,general,32,0.25,15.0,random_08,17,0.0636779154584156
L32_gamma2p0_g0p25_T300,general,32,0.25,15.0,random_08,18,0.9363220845421036
L32_gamma2p0_g0p25_T300,general,32,0.25,15.0,random_08,19,0.06367791545821694
L32_gamma2p0_g0p25_T300,general,32,0.25,15.0,random_08,20,0.9363220845568525
L32_gamma2p0_g0p25_T300,general,32,0.25,15.0,random_08,21,0.06367791544309995
L32_gamma2p0_g0p25_T300,general,32,0.25,15.0,random_08,22,0.9363220850242303
L32_gamma2p0_g0p25_T300,general,32,0.25,15.0,random_08,23,0.06367791462365707
L32_gamma2p0_g0p25_T300,general,32,0.25,15.0,random_08,24,0.9363221011486904
L32_gamma2p0_g0p25_T300,general,32,0.25,15.0,random_08,25,0.06367787200352448
L32_gamma2p0_g0p25_T300,general,32,0.25,15.0,random_08,26,0.9363227275658412
L32_gamma2p0_g0p25_T300,general,32,0.25,15.0,random_08,27,0.06367543804114977
L32_gamma2p0_g0p25_T300,general,32,0.25,15.0,random_08,28,0.9363525286203688
L32_gamma2p0_g0p25_T300,general,32,0.25,15.0,random_08,29,0.06348757570590252
L32_gamma2p0_g0p25_T300,general,32,0.25,15.0,random_08,30,0.9387042431418673
L32_gamma2p0_g0p25_T300,general,32,0.25,15.0,random_08,31,0.017652719332216786
L32_gamma2p0_g0p25_T300,general,32,0.25,15.0,random_09,0,0.9823472806677833
L32_gamma2p0_g0p25_T300,general,32,0.25,15.0,random_09,1,0.06129575685813267
L32_gamma2p0_g0p25_T300,general,32,0.25,15.0,random_09,2,0.9365124242940976
L32_gamma2p0_g0p25_T300,general,32,0.25,15.0,random_09,3,0.0636474713796312
L32_gamma2p0_g0p25_T300,general,32,0.25,15.0,random_09,4,0.9363245619588504
L32_gamma2p0_g0p25_T300,general,32,0.25,15.0,random_09,5,0.06367727243415892
L32_gamma2p0_g0p25_T300,general,32,0.25,15.0,random_09,6,0.9363221279964756
L32_gamma2p0_g0p25_T300,general,32,0.25,15.0,random_09,7,0.06367789885130959
L32_gamma2p0_g0p25_T300,general,32,0.25,15.0,random_09,8,0.936322085376343
L32_gamma2p0_g0p25_T300,general,32,0.25,15.0,random_09,9,0.06367791497576973
L32_gamma2p0_g0p25_T300,general,32,0.25,15.0,random_09,10,0.9363220845569
L32_gamma2p0_g0p25_T300,general,32,0.25,15.0,random_09,11,0.06367791544314749
L32_gamma2p0_g0p25_T300,general,32,0.25,15.0,random_09,12,0.9363220845417831
L32_gamma2p0_g0p25_T300,general,32,0.25,15.0,random_09,13,0.0636779154578964
L32_gamma2p0_g0p25_T300,general,32,0.25,15.0,random_09,14,0.9363220845415845
L32_gamma2p0_g0p25_T300,general,32,0.25,15.0,random_09,15,0.06367791545839525
L32_gamma2p0_g0p25_T300,general,32,0.25,15.0,random_09,16,0.9363220845416048
L32_gamma2p0_g0p25_T300,general,32,0.25,15.0,random_09,17,0.0636779154584156
L32_gamma2p0_g0p25_T300,general,32,0.25,15.0,random_09,18,0.9363220845421036
L32_gamma2p0_g0p25_T300,general,32,0.25,15.0,random_09,19,0.06367791545821694
L32_gamma2p0_g0p25_T300,general,32,0.25,15.0,random_09,20,0.9363220845568525
L32_gamma2p0_g0p25_T300,general,32,0.25,15.0,random_09,21,0.06367791544309995
L32_gamma2p0_g0p25_T300,general,32,0.25,15.0,random_09,22,0.9363220850242302
L32_gamma2p0_g0p25_T300,general,32,0.25,15.0,random_09,23,0.06367791462365709
L32_gamma2p0_g0p25_T300,general,32,0.25,15.0,random_09,24,0.9363221011486904
L32_gamma2p0_g0p25_T300,general,32,0.25,15.0,random_09,25,0.06367787200352448
L32_gamma2p0_g0p25_T300,general,32,0.25,15.0,random_09,26,0.936322727565841
L32_gamma2p0_g0p25_T300,general,32,0.25,15.0,random_09,27,0.06367543804114977
L32_gamma2p0_g0p25_T300,general,32,0.25,15.0,random_09,28,0.9363525286203688
L32_gamma2p0_g0p25_T300,general,32,0.25,15.0,random_09,29,0.06348757570590251
L32_gamma2p0_g0p25_T300,general,32,0.25,15.0,random_09,30,0.9387042431418673
L32_gamma2p0_g0p25_T300,general,32,0.25,15.0,random_09,31,0.017652719332216786
L32_gamma2p0_g0p25_T300,general,32,0.25,15.0,random_10,0,0.9823472806677831
L32_gamma2p0_g0p25_T300,general,32,0.25,15.0,random_10,1,0.06129575685813266
L32_gamma2p0_g0p25_T300,general,32,0.25,15.0,random_10,2,0.9365124242940976
L32_gamma2p0_g0p25_T300,general,32,0.25,15.0,random_10,3,0.0636474713796312
L32_gamma2p0_g0p25_T300,general,32,0.25,15.0,random_10,4,0.9363245619588503
L32_gamma2p0_g0p25_T300,general,32,0.25,15.0,random_10,5,0.06367727243415892
L32_gamma2p0_g0p25_T300,general,32,0.25,15.0,random_10,6,0.9363221279964755
L32_gamma2p0_g0p25_T300,general,32,0.25,15.0,random_10,7,0.06367789885130959
L32_gamma2p0_g0p25_T300,general,32,0.25,15.0,random_10,8,0.9363220853763429
L32_gamma2p0_g0p25_T300,general,32,0.25,15.0,random_10,9,0.06367791497576972
L32_gamma2p0_g0p25_T300,general,32,0.25,15.0,random_10,10,0.9363220845569
L32_gamma2p0_g0p25_T300,general,32,0.25,15.0,random_10,11,0.0636779154431475
L32_gamma2p0_g0p25_T300,general,32,0.25,15.0,random_10,12,0.9363220845417831
L32_gamma2p0_g0p25_T300,general,32,0.25,15.0,random_10,13,0.0636779154578964
L32_gamma2p0_g0p25_T300,general,32,0.25,15.0,random_10,14,0.9363220845415845
L32_gamma2p0_g0p25_T300,general,32,0.25,15.0,random_10,15,0.06367791545839525
L32_gamma2p0_g0p25_T300,general,32,0.25,15.0,random_10,16,0.9363220845416049
L32_gamma2p0_g0p25_T300,general,32,0.25,15.0,random_10,17,0.06367791545841558
L32_gamma2p0_g0p25_T300,general,32,0.25,15.0,random_10,18,0.9363220845421035
L32_gamma2p0_g0p25_T300,general,32,0.25,15.0,random_10,19,0.06367791545821694
L32_gamma2p0_g0p25_T300,general,32,0.25,15.0,random_10,20,0.9363220845568525
L32_gamma2p0_g0p25_T300,general,32,0.25,15.0,random_10,21,0.06367791544309996
L32_gamma2p0_g0p25_T300,general,32,0.25,15.0,random_10,22,0.9363220850242304
L32_gamma2p0_g0p25_T300,general,32,0.25,15.0,random_10,23,0.06367791462365709
L32_gamma2p0_g0p25_T300,general,32,0.25,15.0,random_10,24,0.9363221011486904
L32_gamma2p0_g0p25_T300,general,32,0.25,15.0,random_10,25,0.06367787200352448
L32_gamma2p0_g0p25_T300,general,32,0.25,15.0,random_10,26,0.9363227275658409
L32_gamma2p0_g0p25_T300,general,32,0.25,15.0,random_10,27,0.06367543804114977
L32_gamma2p0_g0p25_T300,general,32,0.25,15.0,random_10,28,0.9363525286203689
L32_gamma2p0_g0p25_T300,general,32,0.25,15.0,random_10,29,0.06348757570590252
L32_gamma2p0_g0p25_T300,general,32,0.25,15.0,random_10,30,0.9387042431418673
L32_gamma2p0_g0p25_T300,general,32,0.25,15.0,random_10,31,0.01765271933221679
L32_gamma2p0_g0p25_T300,general,32,0.25,15.0,random_11,0,0.9823472806677831
L32_gamma2p0_g0p25_T300,general,32,0.25,15.0,random_11,1,0.06129575685813267
L32_gamma2p0_g0p25_T300,general,32,0.25,15.0,random_11,2,0.9365124242940975
L32_gamma2p0_g0p25_T300,general,32,0.25,15.0,random_11,3,0.06364747137963121
L32_gamma2p0_g0p25_T300,general,32,0.25,15.0,random_11,4,0.9363245619588503
L32_gamma2p0_g0p25_T300,general,32,0.25,15.0,random_11,5,0.06367727243415894
L32_gamma2p0_g0p25_T300,general,32,0.25,15.0,random_11,6,0.9363221279964755
L32_gamma2p0_g0p25_T300,general,32,0.25,15.0,random_11,7,0.06367789885130959
L32_gamma2p0_g0p25_T300,general,32,0.25,15.0,random_11,8,0.9363220853763429
L32_gamma2p0_g0p25_T300,general,32,0.25,15.0,random_11,9,0.06367791497576973
L32_gamma2p0_g0p25_T300,general,32,0.25,15.0,random_11,10,0.9363220845569
L32_gamma2p0_g0p25_T300,general,32,0.25,15.0,random_11,11,0.0636779154431475
L32_gamma2p0_g0p25_T300,general,32,0.25,15.0,random_11,12,0.936322084541783
L32_gamma2p0_g0p25_T300,general,32,0.25,15.0,random_11,13,0.06367791545789639
L32_gamma2p0_g0p25_T300,general,32,0.25,15.0,random_11,14,0.9363220845415844
L32_gamma2p0_g0p25_T300,general,32,0.25,15.0,random_11,15,0.06367791545839527
L32_gamma2p0_g0p25_T300,general,32,0.25,15.0,random_11,16,0.9363220845416047
L32_gamma2p0_g0p25_T300,general,32,0.25,15.0,random_11,17,0.06367791545841561
L32_gamma2p0_g0p25_T300,general,32,0.25,15.0,random_11,18,0.9363220845421036
L32_gamma2p0_g0p25_T300,general,32,0.25,15.0,random_11,19,0.06367791545821694
L32_gamma2p0_g0p25_T300,general,32,0.25,15.0,random_11,20,0.9363220845568525
L32_gamma2p0_g0p25_T300,general,32,0.25,15.0,random_11,21,0.06367791544309996
L32_gamma2p0_g0p25_T300,general,32,0.25,15.0,random_11,22,0.9363220850242304
L32_gamma2p0_g0p25_T300,general,32,0.25,15.0,random_11,23,0.0636779146236571
L32_gamma2p0_g0p25_T300,general,32,0.25,15.0,random_11,24,0.9363221011486904
L32_gamma2p0_g0p25_T300,general,32,0.25,15.0,random_11,25,0.06367787200352448
L32_gamma2p0_g0p25_T300,general,32,0.25,15.0,random_11,26,0.936322727565841
L32_gamma2p0_g0p25_T300,general,32,0.25,15.0,random_11,27,0.06367543804114975
L32_gamma2p0_g0p25_T300,general,32,0.25,15.0,random_11,28,0.9363525286203688
L32_gamma2p0_g0p25_T300,general,32,0.25,15.0,random_11,29,0.06348757570590252
L32_gamma2p0_g0p25_T300,general,32,0.25,15.0,random_11,30,0.9387042431418674
L32_gamma2p0_g0p25_T300,general,32,0.25,15.0,random_11,31,0.01765271933221679
L32_gamma2p0_g0p25_T300,general,32,0.25,15.0,random_12,0,0.9823472806677831
L32_gamma2p0_g0p25_T300,general,32,0.25,15.0,random_12,1,0.06129575685813267
L32_gamma2p0_g0p25_T300,general,32,0.25,15.0,random_12,2,0.9365124242940976
L32_gamma2p0_g0p25_T300,general,32,0.25,15.0,random_12,3,0.0636474713796312
L32_gamma2p0_g0p25_T300,general,32,0.25,15.0,random_12,4,0.9363245619588502
L32_gamma2p0_g0p25_T300,general,32,0.25,15.0,random_12,5,0.06367727243415892
L32_gamma2p0_g0p25_T300,general,32,0.25,15.0,random_12,6,0.9363221279964755
L32_gamma2p0_g0p25_T300,general,32,0.25,15.0,random_12,7,0.06367789885130959
L32_gamma2p0_g0p25_T300,general,32,0.25,15.0,random_12,8,0.936322085376343
L32_gamma2p0_g0p25_T300,general,32,0.25,15.0,random_12,9,0.06367791497576972
L32_gamma2p0_g0p25_T300,general,32,0.25,15.0,random_12,10,0.9363220845569
L32_gamma2p0_g0p25_T300,general,32,0.25,15.0,random_12,11,0.06367791544314749
L32_gamma2p0_g0p25_T300,general,32,0.25,15.0,random_12,12,0.936322084541783
L32_gamma2p0_g0p25_T300,general,32,0.25,15.0,random_12,13,0.06367791545789639
L32_gamma2p0_g0p25_T300,general,32,0.25,15.0,random_12,14,0.9363220845415844
L32_gamma2p0_g0p25_T300,general,32,0.25,15.0,random_12,15,0.06367791545839525
L32_gamma2p0_g0p25_T300,general,32,0.25,15.0,random_12,16,0.9363220845416047
L32_gamma2p0_g0p25_T300,general,32,0.25,15.0,random_12,17,0.0636779154584156
L32_gamma2p0_g0p25_T300,general,32,0.25,15.0,random_12,18,0.9363220845421036
L32_gamma2p0_g0p25_T300,general,32,0.25,15.0,random_12,19,0.06367791545821692
L32_gamma2p0_g0p25_T300,general,32,0.25,15.0,random_12,20,0.9363220845568525
L32_gamma2p0_g0p25_T300,general,32,0.25,15.0,random_12,21,0.06367791544309996
L32_gamma2p0_g0p25_T300,general,32,0.25,15.0,random_12,22,0.9363220850242302
L32_gamma2p0_g0p25_T300,general,32,0.25,15.0,random_12,23,0.06367791462365709
L32_gamma2p0_g0p25_T300,general,32,0.25,15.0,random_12,24,0.9363221011486903
L32_gamma2p0_g0p25_T300,general,32,0.25,15.0,random_12,25,0.06367787200352448
L32_gamma2p0_g0p25_T300,general,32,0.25,15.0,random_12,26,0.936322727565841
L32_gamma2p0_g0p25_T300,general,32,0.25,15.0,random_12,27,0.06367543804114975
L32_gamma2p0_g0p25_T300,general,32,0.25,15.0,random_12,28,0.9363525286203688
L32_gamma2p0_g0p25_T300,general,32,0.25,15.0,random_12,29,0.06348757570590252
L32_gamma2p0_g0p25_T300,general,32,0.25,15.0,random_12,30,0.9387042431418673
L32_gamma2p0_g0p25_T300,general,32,0.25,15.0,random_12,31,0.01765271933221679
L32_gamma2p0_g0p25_T300,general,32,0.25,15.0,random_13,0,0.9823472806677831
L32_gamma2p0_g0p25_T300,general,32,0.25,15.0,random_13,1,0.06129575685813266
L32_gamma2p0_g0p25_T300,general,32,0.25,15.0,random_13,2,0.9365124242940974
L32_gamma2p0_g0p25_T300,general,32,0.25,15.0,random_13,3,0.0636474713796312
L32_gamma2p0_g0p25_T300,general,32,0.25,15.0,random_13,4,0.9363245619588503
L32_gamma2p0_g0p25_T300,general,32,0.25,15.0,random_13,5,0.06367727243415892
L32_gamma2p0_g0p25_T300,general,32,0.25,15.0,random_13,6,0.9363221279964754
L32_gamma2p0_g0p25_T300,general,32,0.25,15.0,random_13,7,0.06367789885130958
L32_gamma2p0_g0p25_T300,general,32,0.25,15.0,random_13,8,0.9363220853763431
L32_gamma2p0_g0p25_T300,general,32,0.25,15.0,random_13,9,0.06367791497576972
L32_gamma2p0_g0p25_T300,general,32,0.25,15.0,random_13,10,0.9363220845569
L32_gamma2p0_g0p25_T300,general,32,0.25,15.0,random_13,11,0.0636779154431475
L32_gamma2p0_g0p25_T300,general,32,0.25,15.0,random_13,12,0.936322084541783
L32_gamma2p0_g0p25_T300,general,32,0.25,15.0,random_13,13,0.06367791545789639
L32_gamma2p0_g0p25_T300,general,32,0.25,15.0,random_13,14,0.9363220845415844
L32_gamma2p0_g0p25_T300,general,32,0.25,15.0,random_13,15,0.06367791545839527
L32_gamma2p0_g0p25_T300,general,32,0.25,15.0,random_13,16,0.9363220845416048
L32_gamma2p0_g0p25_T300,general,32,0.25,15.0,random_13,17,0.06367791545841558
L32_gamma2p0_g0p25_T300,general,32,0.25,15.0,random_13,18,0.9363220845421036
L32_gamma2p0_g0p25_T300,general,32,0.25,15.0,random_13,19,0.06367791545821694
L32_gamma2p0_g0p25_T300,general,32,0.25,15.0,random_13,20,0.9363220845568525
L32_gamma2p0_g0p25_T300,general,32,0.25,15.0,random_13,21,0.06367791544309995
L32_gamma2p0_g0p25_T300,general,32,0.25,15.0,random_13,22,0.9363220850242304
L32_gamma2p0_g0p25_T300,general,32,0.25,15.0,random_13,23,0.06367791462365707
L32_gamma2p0_g0p25_T300,general,32,0.25,15.0,random_13,24,0.9363221011486904
L32_gamma2p0_g0p25_T300,general,32,0.25,15.0,random_13,25,0.06367787200352448
L32_gamma2p0_g0p25_T300,general,32,0.25,15.0,random_13,26,0.9363227275658411
L32_gamma2p0_g0p25_T300,general,32,0.25,15.0,random_13,27,0.06367543804114975
L32_gamma2p0_g0p25_T300,general,32,0.25,15.0,random_13,28,0.9363525286203688
L32_gamma2p0_g0p25_T300,general,32,0.25,15.0,random_13,29,0.06348757570590252
L32_gamma2p0_g0p25_T300,general,32,0.25,15.0,random_13,30,0.9387042431418672
L32_gamma2p0_g0p25_T300,general,32,0.25,15.0,random_13,31,0.01765271933221679
L32_gamma2p0_g0p25_T300,general,32,0.25,15.0,random_14,0,0.9823472806677831
L32_gamma2p0_g0p25_T300,general,32,0.25,15.0,random_14,1,0.06129575685813267
L32_gamma2p0_g0p25_T300,general,32,0.25,15.0,random_14,2,0.9365124242940975
L32_gamma2p0_g0p25_T300,general,32,0.25,15.0,random_14,3,0.0636474713796312
L32_gamma2p0_g0p25_T300,general,32,0.25,15.0,random_14,4,0.9363245619588502
L32_gamma2p0_g0p25_T300,general,32,0.25,15.0,random_14,5,0.06367727243415894
L32_gamma2p0_g0p25_T300,general,32,0.25,15.0,random_14,6,0.9363221279964755
L32_gamma2p0_g0p25_T300,general,32,0.25,15.0,random_14,7,0.06367789885130959
L32_gamma2p0_g0p25_T300,general,32,0.25,15.0,random_14,8,0.9363220853763429
L32_gamma2p0_g0p25_T300,general,32,0.25,15.0,random_14,9,0.06367791497576973
L32_gamma2p0_g0p25_T300,general,32,0.25,15.0,random_14,10,0.9363220845569
L32_gamma2p0_g0p25_T300,general,32,0.25,15.0,random_14,11,0.0636779154431475
L32_gamma2p0_g0p25_T300,general,32,0.25,15.0,random_14,12,0.9363220845417832
L32_gamma2p0_g0p25_T300,general,32,0.25,15.0,random_14,13,0.0636779154578964
L32_gamma2p0_g0p25_T300,general,32,0.25,15.0,random_14,14,0.9363220845415845
L32_gamma2p0_g0p25_T300,general,32,0.25,15.0,random_14,15,0.06367791545839525
L32_gamma2p0_g0p25_T300,general,32,0.25,15.0,random_14,16,0.9363220845416047
L32_gamma2p0_g0p25_T300,general,32,0.25,15.0,random_14,17,0.06367791545841558
L32_gamma2p0_g0p25_T300,general,32,0.25,15.0,random_14,18,0.9363220845421036
L32_gamma2p0_g0p25_T300,general,32,0.25,15.0,random_14,19,0.06367791545821694
L32_gamma2p0_g0p25_T300,general,32,0.25,15.0,random_14,20,0.9363220845568525
L32_gamma2p0_g0p25_T300,general,32,0.25,15.0,random_14,21,0.06367791544309995
L32_gamma2p0_g0p25_T300,general,32,0.25,15.0,random_14,22,0.9363220850242302
L32_gamma2p0_g0p25_T300,general,32,0.25,15.0,random_14,23,0.06367791462365707
L32_gamma2p0_g0p25_T300,general,32,0.25,15.0,random_14,24,0.9363221011486904
L32_gamma2p0_g0p25_T300,general,32,0.25,15.0,random_14,25,0.06367787200352447
L32_gamma2p0_g0p25_T300,general,32,0.25,15.0,random_14,26,0.936322727565841
L32_gamma2p0_g0p25_T300,general,32,0.25,15.0,random_14,27,0.06367543804114974
L32_gamma2p0_g0p25_T300,general,32,0.25,15.0,random_14,28,0.9363525286203688
L32_gamma2p0_g0p25_T300,general,32,0.25,15.0,random_14,29,0.06348757570590251
L32_gamma2p0_g0p25_T300,general,32,0.25,15.0,random_14,30,0.9387042431418674
L32_gamma2p0_g0p25_T300,general,32,0.25,15.0,random_14,31,0.017652719332216793
L32_gamma2p0_g0p25_T300,general,32,0.25,15.0,random_15,0,0.9823472806677833
L32_gamma2p0_g0p25_T300,general,32,0.25,15.0,random_15,1,0.061295756858132655
L32_gamma2p0_g0p25_T300,general,32,0.25,15.0,random_15,2,0.9365124242940974
L32_gamma2p0_g0p25_T300,general,32,0.25,15.0,random_15,3,0.0636474713796312
L32_gamma2p0_g0p25_T300,general,32,0.25,15.0,random_15,4,0.93632456195885
L32_gamma2p0_g0p25_T300,general,32,0.25,15.0,random_15,5,0.06367727243415894
L32_gamma2p0_g0p25_T300,general,32,0.25,15.0,random_15,6,0.9363221279964755
L32_gamma2p0_g0p25_T300,general,32,0.25,15.0,random_15,7,0.06367789885130959
L32_gamma2p0_g0p25_T300,general,32,0.25,15.0,random_15,8,0.9363220853763429
L32_gamma2p0_g0p25_T300,general,32,0.25,15.0,random_15,9,0.06367791497576973
L32_gamma2p0_g0p25_T300,general,32,0.25,15.0,random_15,10,0.9363220845569001
L32_gamma2p0_g0p25_T300,general,32,0.25,15.0,random_15,11,0.0636779154431475
L32_gamma2p0_g0p25_T300,general,32,0.25,15.0,random_15,12,0.9363220845417831
L32_gamma2p0_g0p25_T300,general,32,0.25,15.0,random_15,13,0.0636779154578964
L32_gamma2p0_g0p25_T300,general,32,0.25,15.0,random_15,14,0.9363220845415843
L32_gamma2p0_g0p25_T300,general,32,0.25,15.0,random_15,15,0.06367791545839527
L32_gamma2p0_g0p25_T300,general,32,0.25,15.0,random_15,16,0.9363220845416048
L32_gamma2p0_g0p25_T300,general,32,0.25,15.0,random_15,17,0.0636779154584156
L32_gamma2p0_g0p25_T300,general,32,0.25,15.0,random_15,18,0.9363220845421036
L32_gamma2p0_g0p25_T300,general,32,0.25,15.0,random_15,19,0.06367791545821692
L32_gamma2p0_g0p25_T300,general,32,0.25,15.0,random_15,20,0.9363220845568525
L32_gamma2p0_g0p25_T300,general,32,0.25,15.0,random_15,21,0.06367791544309995
L32_gamma2p0_g0p25_T300,general,32,0.25,15.0,random_15,22,0.9363220850242303
L32_gamma2p0_g0p25_T300,general,32,0.25,15.0,random_15,23,0.0636779146236571
L32_gamma2p0_g0p25_T300,general,32,0.25,15.0,random_15,24,0.9363221011486905
L32_gamma2p0_g0p25_T300,general,32,0.25,15.0,random_15,25,0.06367787200352448
L32_gamma2p0_g0p25_T300,general,32,0.25,15.0,random_15,26,0.9363227275658411
L32_gamma2p0_g0p25_T300,general,32,0.25,15.0,random_15,27,0.06367543804114975
L32_gamma2p0_g0p25_T300,general,32,0.25,15.0,random_15,28,0.9363525286203689
L32_gamma2p0_g0p25_T300,general,32,0.25,15.0,random_15,29,0.06348757570590252
L32_gamma2p0_g0p25_T300,general,32,0.25,15.0,random_15,30,0.9387042431418672
L32_gamma2p0_g0p25_T300,general,32,0.25,15.0,random_15,31,0.017652719332216793
L32_gamma2p0_g0p25_T300,general,32,0.25,15.0,random_16,0,0.9823472806677833
L32_gamma2p0_g0p25_T300,general,32,0.25,15.0,random_16,1,0.06129575685813267
L32_gamma2p0_g0p25_T300,general,32,0.25,15.0,random_16,2,0.9365124242940976
L32_gamma2p0_g0p25_T300,general,32,0.25,15.0,random_16,3,0.0636474713796312
L32_gamma2p0_g0p25_T300,general,32,0.25,15.0,random_16,4,0.9363245619588504
L32_gamma2p0_g0p25_T300,general,32,0.25,15.0,random_16,5,0.06367727243415894
L32_gamma2p0_g0p25_T300,general,32,0.25,15.0,random_16,6,0.9363221279964755
L32_gamma2p0_g0p25_T300,general,32,0.25,15.0,random_16,7,0.06367789885130958
L32_gamma2p0_g0p25_T300,general,32,0.25,15.0,random_16,8,0.936322085376343
L32_gamma2p0_g0p25_T300,general,32,0.25,15.0,random_16,9,0.06367791497576972
L32_gamma2p0_g0p25_T300,general,32,0.25,15.0,random_16,10,0.9363220845569001
L32_gamma2p0_g0p25_T300,general,32,0.25,15.0,random_16,11,0.0636779154431475
L32_gamma2p0_g0p25_T300,general,32,0.25,15.0,random_16,12,0.936322084541783
L32_gamma2p0_g0p25_T300,general,32,0.25,15.0,random_16,13,0.06367791545789639
L32_gamma2p0_g0p25_T300,general,32,0.25,15.0,random_16,14,0.9363220845415844
L32_gamma2p0_g0p25_T300,general,32,0.25,15.0,random_16,15,0.06367791545839527
L32_gamma2p0_g0p25_T300,general,32,0.25,15.0,random_16,16,0.9363220845416047
L32_gamma2p0_g0p25_T300,general,32,0.25,15.0,random_16,17,0.0636779154584156
L32_gamma2p0_g0p25_T300,general,32,0.25,15.0,random_16,18,0.9363220845421036
L32_gamma2p0_g0p25_T300,general,32,0.25,15.0,random_16,19,0.06367791545821694
L32_gamma2p0_g0p25_T300,general,32,0.25,15.0,random_16,20,0.9363220845568525
L32_gamma2p0_g0p25_T300,general,32,0.25,15.0,random_16,21,0.06367791544309995
L32_gamma2p0_g0p25_T300,general,32,0.25,15.0,random_16,22,0.9363220850242302
L32_gamma2p0_g0p25_T300,general,32,0.25,15.0,random_16,23,0.0636779146236571
L32_gamma2p0_g0p25_T300,general,32,0.25,15.0,random_16,24,0.9363221011486904
L32_gamma2p0_g0p25_T300,general,32,0.25,15.0,random_16,25,0.06367787200352448
L32_gamma2p0_g0p25_T300,general,32,0.25,15.0,random_16,26,0.9363227275658411
L32_gamma2p0_g0p25_T300,general,32,0.25,15.0,random_16,27,0.06367543804114975
L32_gamma2p0_g0p25_T300,general,32,0.25,15.0,random_16,28,0.9363525286203689
L32_gamma2p0_g0p25_T300,general,32,0.25,15.0,random_16,29,0.06348757570590252
L32_gamma2p0_g0p25_T300,general,32,0.25,15.0,random_16,30,0.9387042431418673
L32_gamma2p0_g0p25_T300,general,32,0.25,15.0,random_16,31,0.01765271933221679
L32_gamma2p0_g0p25_T300,general,32,0.25,15.0,random_17,0,0.9823472806677831
L32_gamma2p0_g0p25_T300,general,32,0.25,15.0,random_17,1,0.06129575685813266
L32_gamma2p0_g0p25_T300,general,32,0.25,15.0,random_17,2,0.9365124242940973
L32_gamma2p0_g0p25_T300,general,32,0.25,15.0,random_17,3,0.0636474713796312
L32_gamma2p0_g0p25_T300,general,32,0.25,15.0,random_17,4,0.9363245619588502
L32_gamma2p0_g0p25_T300,general,32,0.25,15.0,random_17,5,0.06367727243415894
L32_gamma2p0_g0p25_T300,general,32,0.25,15.0,random_17,6,0.9363221279964756
L32_gamma2p0_g0p25_T300,general,32,0.25,15.0,random_17,7,0.06367789885130959
L32_gamma2p0_g0p25_T300,general,32,0.25,15.0,random_17,8,0.936322085376343
L32_gamma2p0_g0p25_T300,general,32,0.25,15.0,random_17,9,0.06367791497576972
L32_gamma2p0_g0p25_T300,general,32,0.25,15.0,random_17,10,0.9363220845569
L32_gamma2p0_g0p25_T300,general,32,0.25,15.0,random_17,11,0.0636779154431475
L32_gamma2p0_g0p25_T300,general,32,0.25,15.0,random_17,12,0.9363220845417832
L32_gamma2p0_g0p25_T300,general,32,0.25,15.0,random_17,13,0.06367791545789639
L32_gamma2p0_g0p25_T300,general,32,0.25,15.0,random_17,14,0.9363220845415844
L32_gamma2p0_g0p25_T300,general,32,0.25,15.0,random_17,15,0.06367791545839527
L32_gamma2p0_g0p25_T300,general,32,0.25,15.0,random_17,16,0.9363220845416047
L32_gamma2p0_g0p25_T300,general,32,0.25,15.0,random_17,17,0.0636779154584156
L32_gamma2p0_g0p25_T300,general,32,0.25,15.0,random_17,18,0.9363220845421034
L32_gamma2p0_g0p25_T300,general,32,0.25,15.0,random_17,19,0.06367791545821694
L32_gamma2p0_g0p25_T300,general,32,0.25,15.0,random_17,20,0.9363220845568525
L32_gamma2p0_g0p25_T300,general,32,0.25,15.0,random_17,21,0.06367791544309995
L32_gamma2p0_g0p25_T300,general,32,0.25,15.0,random_17,22,0.9363220850242302
L32_gamma2p0_g0p25_T300,general,32,0.25,15.0,random_17,23,0.06367791462365709
L32_gamma2p0_g0p25_T300,general,32,0.25,15.0,random_17,24,0.9363221011486904
L32_gamma2p0_g0p25_T300,general,32,0.25,15.0,random_17,25,0.06367787200352448
L32_gamma2p0_g0p25_T300,general,32,0.25,15.0,random_17,26,0.936322727565841
L32_gamma2p0_g0p25_T300,general,32,0.25,15.0,random_17,27,0.06367543804114975
L32_gamma2p0_g0p25_T300,general,32,0.25,15.0,random_17,28,0.9363525286203689
L32_gamma2p0_g0p25_T300,general,32,0.25,15.0,random_17,29,0.06348757570590252
L32_gamma2p0_g0p25_T300,general,32,0.25,15.0,random_17,30,0.9387042431418673
L32_gamma2p0_g0p25_T300,general,32,0.25,15.0,random_17,31,0.01765271933221679
L32_gamma2p0_g0p25_T300,general,32,0.25,15.0,random_18,0,0.9823472806677834
L32_gamma2p0_g0p25_T300,general,32,0.25,15.0,random_18,1,0.06129575685813267
L32_gamma2p0_g0p25_T300,general,32,0.25,15.0,random_18,2,0.9365124242940976
L32_gamma2p0_g0p25_T300,general,32,0.25,15.0,random_18,3,0.0636474713796312
L32_gamma2p0_g0p25_T300,general,32,0.25,15.0,random_18,4,0.9363245619588503
L32_gamma2p0_g0p25_T300,general,32,0.25,15.0,random_18,5,0.06367727243415894
L32_gamma2p0_g0p25_T300,general,32,0.25,15.0,random_18,6,0.9363221279964755
L32_gamma2p0_g0p25_T300,general,32,0.25,15.0,random_18,7,0.06367789885130959
L32_gamma2p0_g0p25_T300,general,32,0.25,15.0,random_18,8,0.936322085376343
L32_gamma2p0_g0p25_T300,general,32,0.25,15.0,random_18,9,0.06367791497576972
L32_gamma2p0_g0p25_T300,general,32,0.25,15.0,random_18,10,0.9363220845569001
L32_gamma2p0_g0p25_T300,general,32,0.25,15.0,random_18,11,0.0636779154431475
L32_gamma2p0_g0p25_T300,general,32,0.25,15.0,random_18,12,0.936322084541783
L32_gamma2p0_g0p25_T300,general,32,0.25,15.0,random_18,13,0.0636779154578964
L32_gamma2p0_g0p25_T300,general,32,0.25,15.0,random_18,14,0.9363220845415844
L32_gamma2p0_g0p25_T300,general,32,0.25,15.0,random_18,15,0.06367791545839525
L32_gamma2p0_g0p25_T300,general,32,0.25,15.0,random_18,16,0.9363220845416047
L32_gamma2p0_g0p25_T300,general,32,0.25,15.0,random_18,17,0.0636779154584156
L32_gamma2p0_g0p25_T300,general,32,0.25,15.0,random_18,18,0.9363220845421036
L32_gamma2p0_g0p25_T300,general,32,0.25,15.0,random_18,19,0.06367791545821694
L32_gamma2p0_g0p25_T300,general,32,0.25,15.0,random_18,20,0.9363220845568525
L32_gamma2p0_g0p25_T300,general,32,0.25,15.0,random_18,21,0.06367791544309995
L32_gamma2p0_g0p25_T300,general,32,0.25,15.0,random_18,22,0.9363220850242302
L32_gamma2p0_g0p25_T300,general,32,0.25,15.0,random_18,23,0.06367791462365709
L32_gamma2p0_g0p25_T300,general,32,0.25,15.0,random_18,24,0.9363221011486904
L32_gamma2p0_g0p25_T300,general,32,0.25,15.0,random_18,25,0.06367787200352448
L32_gamma2p0_g0p25_T300,general,32,0.25,15.0,random_18,26,0.9363227275658411
L32_gamma2p0_g0p25_T300,general,32,0.25,15.0,random_18,27,0.06367543804114975
L32_gamma2p0_g0p25_T300,general,32,0.25,15.0,random_18,28,0.9363525286203688
L32_gamma2p0_g0p25_T300,general,32,0.25,15.0,random_18,29,0.06348757570590252
L32_gamma2p0_g0p25_T300,general,32,0.25,15.0,random_18,30,0.9387042431418673
L32_gamma2p0_g0p25_T300,general,32,0.25,15.0,random_18,31,0.01765271933221679
L32_gamma2p0_g0p25_T300,general,32,0.25,15.0,random_19,0,0.9823472806677833
L32_gamma2p0_g0p25_T300,general,32,0.25,15.0,random_19,1,0.06129575685813267
L32_gamma2p0_g0p25_T300,general,32,0.25,15.0,random_19,2,0.9365124242940974
L32_gamma2p0_g0p25_T300,general,32,0.25,15.0,random_19,3,0.06364747137963121
L32_gamma2p0_g0p25_T300,general,32,0.25,15.0,random_19,4,0.9363245619588502
L32_gamma2p0_g0p25_T300,general,32,0.25,15.0,random_19,5,0.06367727243415894
L32_gamma2p0_g0p25_T300,general,32,0.25,15.0,random_19,6,0.9363221279964755
L32_gamma2p0_g0p25_T300,general,32,0.25,15.0,random_19,7,0.06367789885130959
L32_gamma2p0_g0p25_T300,general,32,0.25,15.0,random_19,8,0.9363220853763428
L32_gamma2p0_g0p25_T300,general,32,0.25,15.0,random_19,9,0.06367791497576972
L32_gamma2p0_g0p25_T300,general,32,0.25,15.0,random_19,10,0.9363220845569
L32_gamma2p0_g0p25_T300,general,32,0.25,15.0,random_19,11,0.06367791544314749
L32_gamma2p0_g0p25_T300,general,32,0.25,15.0,random_19,12,0.9363220845417831
L32_gamma2p0_g0p25_T300,general,32,0.25,15.0,random_19,13,0.0636779154578964
L32_gamma2p0_g0p25_T300,general,32,0.25,15.0,random_19,14,0.9363220845415843
L32_gamma2p0_g0p25_T300,general,32,0.25,15.0,random_19,15,0.06367791545839525
L32_gamma2p0_g0p25_T300,general,32,0.25,15.0,random_19,16,0.9363220845416047
L32_gamma2p0_g0p25_T300,general,32,0.25,15.0,random_19,17,0.0636779154584156
L32_gamma2p0_g0p25_T300,general,32,0.25,15.0,random_19,18,0.9363220845421035
L32_gamma2p0_g0p25_T300,general,32,0.25,15.0,random_19,19,0.06367791545821694
L32_gamma2p0_g0p25_T300,general,32,0.25,15.0,random_19,20,0.9363220845568523
L32_gamma2p0_g0p25_T300,general,32,0.25,15.0,random_19,21,0.06367791544309995
L32_gamma2p0_g0p25_T300,general,32,0.25,15.0,random_19,22,0.9363220850242303
L32_gamma2p0_g0p25_T300,general,32,0.25,15.0,random_19,23,0.06367791462365709
L32_gamma2p0_g0p25_T300,general,32,0.25,15.0,random_19,24,0.9363221011486904
L32_gamma2p0_g0p25_T300,general,32,0.25,15.0,random_19,25,0.06367787200352448
L32_gamma2p0_g0p25_T300,general,32,0.25,15.0,random_19,26,0.9363227275658411
L32_gamma2p0_g0p25_T300,general,32,0.25,15.0,random_19,27,0.06367543804114975
L32_gamma2p0_g0p25_T300,general,32,0.25,15.0,random_19,28,0.9363525286203687
L32_gamma2p0_g0p25_T300,general,32,0.25,15.0,random_19,29,0.06348757570590252
L32_gamma2p0_g0p25_T300,general,32,0.25,15.0,random_19,30,0.9387042431418673
L32_gamma2p0_g0p25_T300,general,32,0.25,15.0,random_19,31,0.01765271933221679
