case_id,length,gamma,skin,physical_time,steps,dt,t1,t2,boundary,role,initial,model,distance_bound,entropy_bound,actual_to_gain_bound,output_to_gain_bound,predicted_projector_pass,predicted_joint_budget_pass,distance_prediction,entropy_budget_proxy,rate,log_intercept
L16_gamma2p0_g0p0_T100,16,2.0,0.0,5.0,100,0.05,0.5,1.0,open,early,charge_density_wave,global_gap_envelope,2.6586984182797145e-06,0.0002943215848009346,6.09404448255949e-07,2.0492939700237656e-06,True,True,,,,
L16_gamma2p0_g0p0_T150,16,2.0,0.0,7.5,150,0.05,0.5,1.0,open,early,charge_density_wave,global_gap_envelope,3.1259945301547e-09,5.147516012271609e-07,7.165150077054776e-10,2.4094795224492224e-09,True,True,,,,
L16_gamma2p0_g0p0_T200,16,2.0,0.0,10.0,200,0.05,0.5,1.0,open,early,charge_density_wave,global_gap_envelope,3.6754293528219665e-12,8.035767955582975e-10,8.424519843099743e-13,2.8329773685119923e-12,True,True,,,,
L16_gamma2p0_g0p0_T250,16,2.0,0.0,12.5,250,0.05,0.5,1.0,open,time,charge_density_wave,global_gap_envelope,4.321434610309522e-15,1.1780296074679727e-12,9.90524048498448e-16,3.330910561811074e-15,True,True,,,,
L16_gamma2p0_g0p0_T300,16,2.0,0.0,15.0,300,0.05,0.5,1.0,open,time,charge_density_wave,global_gap_envelope,5.0809838248926756e-18,1.6592878136570718e-15,1.164621733852258e-18,3.9163620910404174e-18,True,True,,,,
L16_gamma2p0_g0p0_T350,16,2.0,0.0,17.5,350,0.05,0.5,1.0,open,time,charge_density_wave,global_gap_envelope,5.974033846822956e-21,2.273328471303541e-18,1.369319387062994e-21,4.604714459759962e-21,True,True,,,,
L16_gamma2p0_g0p0_T400,16,2.0,0.0,20.0,400,0.05,0.5,1.0,open,time,charge_density_wave,global_gap_envelope,7.024049206403475e-24,3.0519607518415846e-21,1.6099953566764176e-24,5.4140538497270575e-24,True,True,,,,
L16_gamma2p0_g0p0_T500,16,2.0,0.0,25.0,500,0.05,0.5,1.0,open,time,charge_density_wave,global_gap_envelope,9.710179948274065e-30,5.267141691377481e-27,2.225688370030444e-30,7.484491578243621e-30,True,True,,,,
L16_gamma2p0_g0p0_T100,16,2.0,0.0,5.0,100,0.05,0.5,1.0,open,early,charge_density_wave,mode_weighted_envelope,2.7239292302628634e-06,0.000301014528526268,6.746352602390979e-07,2.0492939700237656e-06,True,True,,,,
L16_gamma2p0_g0p0_T150,16,2.0,0.0,7.5,150,0.05,0.5,1.0,open,early,charge_density_wave,mode_weighted_envelope,3.1616584292789577e-09,5.203373754072802e-07,7.521789068297355e-10,2.4094795224492224e-09,True,True,,,,
L16_gamma2p0_g0p0_T200,16,2.0,0.0,10.0,200,0.05,0.5,1.0,open,early,charge_density_wave,mode_weighted_envelope,3.695501767946825e-12,8.07804307204461e-10,8.625243994348325e-13,2.8329773685119923e-12,True,True,,,,
L16_gamma2p0_g0p0_T250,16,2.0,0.0,12.5,250,0.05,0.5,1.0,open,time,charge_density_wave,mode_weighted_envelope,4.332826921206244e-15,1.181043910127219e-12,1.001916359395169e-15,3.330910561811074e-15,True,True,,,,
L16_gamma2p0_g0p0_T300,16,2.0,0.0,15.0,300,0.05,0.5,1.0,open,time,charge_density_wave,mode_weighted_envelope,5.0874634913876074e-18,1.6613519964009814e-15,1.17110140034719e-18,3.9163620910404174e-18,True,True,,,,
L16_gamma2p0_g0p0_T350,16,2.0,0.0,17.5,350,0.05,0.5,1.0,open,time,charge_density_wave,mode_weighted_envelope,5.9777206241560006e-21,2.27470191549054e-18,1.3730061643960385e-21,4.604714459759962e-21,True,True,,,,
L16_gamma2p0_g0p0_T400,16,2.0,0.0,20.0,400,0.05,0.5,1.0,open,time,charge_density_wave,mode_weighted_envelope,7.026146744973697e-24,3.052855352932378e-21,1.612092895246639e-24,5.4140538497270575e-24,True,True,,,,
L16_gamma2p0_g0p0_T500,16,2.0,0.0,25.0,500,0.05,0.5,1.0,open,time,charge_density_wave,mode_weighted_envelope,9.710858670588032e-30,5.267504424163741e-27,2.226367092344411e-30,7.484491578243621e-30,True,True,,,,
L16_gamma2p0_g0p0_T100,16,2.0,0.0,5.0,100,0.05,0.5,1.0,open,early,charge_density_wave,early_log_graph_forecast,,,,,True,True,2.812515800319321e-07,3.6189239587157095e-05,2.6953481555552514,-1.6072754877759503
L16_gamma2p0_g0p0_T150,16,2.0,0.0,7.5,150,0.05,0.5,1.0,open,early,charge_density_wave,early_log_graph_forecast,,,,,True,True,3.331638668176843e-10,6.082875670196925e-08,2.6953481555552514,-1.6072754877759503
L16_gamma2p0_g0p0_T200,16,2.0,0.0,10.0,200,0.05,0.5,1.0,open,early,charge_density_wave,early_log_graph_forecast,,,,,True,True,3.946579149539534e-13,9.33310939134426e-11,2.6953481555552514,-1.6072754877759503
L16_gamma2p0_g0p0_T250,16,2.0,0.0,12.5,250,0.05,0.5,1.0,open,time,charge_density_wave,early_log_graph_forecast,,,,,True,True,4.675022874585464e-16,1.3575940085848423e-13,2.6953481555552514,-1.6072754877759503
L16_gamma2p0_g0p0_T300,16,2.0,0.0,15.0,300,0.05,0.5,1.0,open,time,charge_density_wave,early_log_graph_forecast,,,,,True,True,5.537919816063326e-19,1.9067056961382246e-16,2.6953481555552514,-1.6072754877759503
L16_gamma2p0_g0p0_T350,16,2.0,0.0,17.5,350,0.05,0.5,1.0,open,time,charge_density_wave,early_log_graph_forecast,,,,,True,True,6.560086808530592e-22,2.6122721314202505e-19,2.6953481555552514,-1.6072754877759503
L16_gamma2p0_g0p0_T400,16,2.0,0.0,20.0,400,0.05,0.5,1.0,open,time,charge_density_wave,early_log_graph_forecast,,,,,True,True,7.770921278172038e-25,3.513341593981886e-22,2.6953481555552514,-1.6072754877759503
L16_gamma2p0_g0p0_T500,16,2.0,0.0,25.0,500,0.05,0.5,1.0,open,time,charge_density_wave,early_log_graph_forecast,,,,,True,True,1.0904314167999938e-30,6.1056290243926e-28,2.6953481555552514,-1.6072754877759503
L16_gamma2p0_g0p0_T100,16,2.0,0.0,5.0,100,0.05,0.5,1.0,open,early,left,global_gap_envelope,1.0,5.545177444479562,1.0,2.0492939700237656e-06,False,False,,,,
L16_gamma2p0_g0p0_T150,16,2.0,0.0,7.5,150,0.05,0.5,1.0,open,early,left,global_gap_envelope,0.7858884971180701,5.545177444479562,0.7858884947085906,2.4094795224492224e-09,False,False,,,,
L16_gamma2p0_g0p0_T200,16,2.0,0.0,10.0,200,0.05,0.5,1.0,open,early,left,global_gap_envelope,0.0007714114877248889,0.050400341206797025,0.0007714114848919115,2.8329773685119923e-12,True,False,,,,
L16_gamma2p0_g0p0_T250,16,2.0,0.0,12.5,250,0.05,0.5,1.0,open,time,left,global_gap_envelope,9.064819220162028e-07,0.0001081519541607792,9.064819186852922e-07,3.330910561811074e-15,True,True,,,,
L16_gamma2p0_g0p0_T300,16,2.0,0.0,15.0,300,0.05,0.5,1.0,open,time,left,global_gap_envelope,1.0658073811674066e-09,1.8467912302886263e-07,1.0658073772510445e-09,3.9163620910404174e-18,True,True,,,,
L16_gamma2p0_g0p0_T350,16,2.0,0.0,17.5,350,0.05,0.5,1.0,open,time,left,global_gap_envelope,1.2531371056704075e-12,2.8476659544484147e-10,1.253137101065693e-12,4.604714459759962e-21,True,True,,,,
L16_gamma2p0_g0p0_T400,16,2.0,0.0,20.0,400,0.05,0.5,1.0,open,time,left,global_gap_envelope,1.4733925046761949e-15,4.143322209251376e-13,1.4733924992621411e-15,5.4140538497270575e-24,True,True,,,,
L16_gamma2p0_g0p0_T500,16,2.0,0.0,25.0,500,0.05,0.5,1.0,open,time,left,global_gap_envelope,2.0368459750824574e-21,7.926245069753298e-19,2.036845967597966e-21,7.484491578243621e-30,True,True,,,,
L16_gamma2p0_g0p0_T100,16,2.0,0.0,5.0,100,0.05,0.5,1.0,open,early,left,mode_weighted_envelope,1.0,5.545177444479562,1.0,2.0492939700237656e-06,False,False,,,,
L16_gamma2p0_g0p0_T150,16,2.0,0.0,7.5,150,0.05,0.5,1.0,open,early,left,mode_weighted_envelope,0.024943396820839757,0.9335953130519467,0.024943394411360235,2.4094795224492224e-09,True,False,,,,
L16_gamma2p0_g0p0_T200,16,2.0,0.0,10.0,200,0.05,0.5,1.0,open,early,left,mode_weighted_envelope,1.9367175388172267e-05,0.001836305897430105,1.9367172555194898e-05,2.8329773685119923e-12,True,True,,,,
L16_gamma2p0_g0p0_T250,16,2.0,0.0,12.5,250,0.05,0.5,1.0,open,time,left,mode_weighted_envelope,1.7493345570989678e-08,2.639598240985163e-06,1.7493342240079117e-08,3.330910561811074e-15,True,True,,,,
L16_gamma2p0_g0p0_T300,16,2.0,0.0,15.0,300,0.05,0.5,1.0,open,time,left,mode_weighted_envelope,1.7133414301706483e-11,3.534964737460014e-09,1.7133410385344393e-11,3.9163620910404174e-18,True,True,,,,
L16_gamma2p0_g0p0_T350,16,2.0,0.0,17.5,350,0.05,0.5,1.0,open,time,left,mode_weighted_envelope,1.7698245486988705e-14,4.624949527650925e-12,1.7698240882274246e-14,4.604714459759962e-21,True,True,,,,
L16_gamma2p0_g0p0_T400,16,2.0,0.0,20.0,400,0.05,0.5,1.0,open,time,left,mode_weighted_envelope,1.8968595526486813e-17,5.9946447782523755e-15,1.8968590112432963e-17,5.4140538497270575e-24,True,True,,,,
L16_gamma2p0_g0p0_T500,16,2.0,0.0,25.0,500,0.05,0.5,1.0,open,time,left,mode_weighted_envelope,2.3405112117622066e-23,9.944193229170567e-21,2.340510463313049e-23,7.484491578243621e-30,True,True,,,,
L16_gamma2p0_g0p0_T100,16,2.0,0.0,5.0,100,0.05,0.5,1.0,open,early,left,early_log_graph_forecast,,,,,False,False,0.9996488090401766,5.545177444479562,3.004280810372511,18.651657233068413
L16_gamma2p0_g0p0_T150,16,2.0,0.0,7.5,150,0.05,0.5,1.0,open,early,left,early_log_graph_forecast,,,,,True,False,0.020637162237446324,0.804068669886294,3.004280810372511,18.651657233068413
L16_gamma2p0_g0p0_T200,16,2.0,0.0,10.0,200,0.05,0.5,1.0,open,early,left,early_log_graph_forecast,,,,,True,True,1.1294994774073806e-05,0.0011196633643268347,3.004280810372511,18.651657233068413
L16_gamma2p0_g0p0_T250,16,2.0,0.0,12.5,250,0.05,0.5,1.0,open,time,left,early_log_graph_forecast,,,,,True,True,6.1805850814270765e-09,9.840407606904645e-07,3.004280810372511,18.651657233068413
L16_gamma2p0_g0p0_T300,16,2.0,0.0,15.0,300,0.05,0.5,1.0,open,time,left,early_log_graph_forecast,,,,,True,True,3.3819964250009947e-12,7.416733019847823e-10,3.004280810372511,18.651657233068413
L16_gamma2p0_g0p0_T350,16,2.0,0.0,17.5,350,0.05,0.5,1.0,open,time,left,early_log_graph_forecast,,,,,True,True,1.8506176467161347e-15,5.170367647168353e-13,3.004280810372511,18.651657233068413
L16_gamma2p0_g0p0_T400,16,2.0,0.0,20.0,400,0.05,0.5,1.0,open,time,left,early_log_graph_forecast,,,,,True,True,1.0126520681748448e-18,3.4376669053003403e-16,3.004280810372511,18.651657233068413
L16_gamma2p0_g0p0_T500,16,2.0,0.0,25.0,500,0.05,0.5,1.0,open,time,left,early_log_graph_forecast,,,,,True,True,3.0321268337191747e-25,1.3936955837836164e-22,3.004280810372511,18.651657233068413
L16_gamma2p0_g0p25_T100,16,2.0,0.25,5.0,100,0.05,0.5,1.0,open,early,charge_density_wave,global_gap_envelope,3.6781381053617925e-05,0.003298701495977448,2.3216537186284834e-06,3.445972733498944e-05,True,True,,,,
L16_gamma2p0_g0p25_T150,16,2.0,0.25,7.5,150,0.05,0.5,1.0,open,early,charge_density_wave,global_gap_envelope,4.32447955669949e-08,6.212162944737374e-06,2.7297104716669653e-09,4.051508509532793e-08,True,True,,,,
L16_gamma2p0_g0p25_T200,16,2.0,0.25,10.0,200,0.05,0.5,1.0,open,early,charge_density_wave,global_gap_envelope,5.084563767430442e-11,1.0048003782952049e-08,3.209493137506164e-12,4.763614453679826e-11,True,True,,,,
L16_gamma2p0_g0p25_T250,16,2.0,0.25,12.5,250,0.05,0.5,1.0,open,time,charge_density_wave,global_gap_envelope,5.978243011281847e-14,1.5040333787298916e-11,3.773603950602736e-15,5.600882616221574e-14,True,True,,,,
L16_gamma2p0_g0p25_T300,16,2.0,0.25,15.0,300,0.05,0.5,1.0,open,time,charge_density_wave,global_gap_envelope,7.028998187114443e-17,2.147718965299962e-14,4.436864690448317e-18,6.58531171806961e-17,True,True,,,,
L16_gamma2p0_g0p25_T350,16,2.0,0.25,17.5,350,0.05,0.5,1.0,open,time,charge_density_wave,global_gap_envelope,8.264437464523093e-20,2.971213379995075e-17,5.2167022663316165e-21,7.742767237889931e-20,True,True,,,,
L16_gamma2p0_g0p25_T400,16,2.0,0.25,20.0,400,0.05,0.5,1.0,open,time,charge_density_wave,global_gap_envelope,9.717021513851314e-23,4.017838986741107e-20,6.133606597049418e-24,9.103660854146371e-23,True,True,,,,
L16_gamma2p0_g0p25_T500,16,2.0,0.25,25.0,500,0.05,0.5,1.0,open,time,charge_density_wave,global_gap_envelope,1.3432996365505056e-28,7.004206485920111e-26,8.479215056604991e-30,1.2585074859844557e-28,True,True,,,,
L16_gamma2p0_g0p25_T100,16,2.0,0.25,5.0,100,0.05,0.5,1.0,open,early,charge_density_wave,mode_weighted_envelope,3.702543992087918e-05,0.0033186307016998505,2.565712585889742e-06,3.445972733498944e-05,True,True,,,,
L16_gamma2p0_g0p25_T150,16,2.0,0.25,7.5,150,0.05,0.5,1.0,open,early,charge_density_wave,mode_weighted_envelope,4.3378412940952105e-08,6.230286640290828e-06,2.8633278456241716e-09,4.051508509532793e-08,True,True,,,,
L16_gamma2p0_g0p25_T200,16,2.0,0.25,10.0,200,0.05,0.5,1.0,open,early,charge_density_wave,mode_weighted_envelope,5.0920870540996356e-11,1.0062268829647717e-08,3.2847260041981e-12,4.763614453679826e-11,True,True,,,,
L16_gamma2p0_g0p25_T250,16,2.0,0.25,12.5,250,0.05,0.5,1.0,open,time,charge_density_wave,mode_weighted_envelope,5.98251342070883e-14,1.5050735721473503e-11,3.816308044872546e-15,5.600882616221574e-14,True,True,,,,
L16_gamma2p0_g0p25_T300,16,2.0,0.25,15.0,300,0.05,0.5,1.0,open,time,charge_density_wave,mode_weighted_envelope,7.031427158965355e-17,2.1484417054783427e-14,4.461154408957443e-18,6.58531171806961e-17,True,True,,,,
L16_gamma2p0_g0p25_T350,16,2.0,0.25,17.5,350,0.05,0.5,1.0,open,time,charge_density_wave,mode_weighted_envelope,8.265819497442281e-20,2.971699188409938e-17,5.230522595523497e-21,7.742767237889931e-20,True,True,,,,
L16_gamma2p0_g0p25_T400,16,2.0,0.25,20.0,400,0.05,0.5,1.0,open,time,charge_density_wave,mode_weighted_envelope,9.717807800193252e-23,4.018157813508306e-20,6.141469460468807e-24,9.103660854146371e-23,True,True,,,,
L16_gamma2p0_g0p25_T500,16,2.0,0.25,25.0,500,0.05,0.5,1.0,open,time,charge_density_wave,mode_weighted_envelope,1.3433250791463435e-28,7.004337112774865e-26,8.4817593161888e-30,1.2585074859844557e-28,True,True,,,,
L16_gamma2p0_g0p25_T100,16,2.0,0.25,5.0,100,0.05,0.5,1.0,open,early,charge_density_wave,early_log_graph_forecast,,,,,True,True,3.6153837276431623e-07,4.5793599903882816e-05,2.6784078637085407,-1.440858333712567
L16_gamma2p0_g0p25_T150,16,2.0,0.25,7.5,150,0.05,0.5,1.0,open,early,charge_density_wave,early_log_graph_forecast,,,,,True,True,4.467967549958193e-10,8.052677718607534e-08,2.6784078637085407,-1.440858333712567
L16_gamma2p0_g0p25_T200,16,2.0,0.25,10.0,200,0.05,0.5,1.0,open,early,charge_density_wave,early_log_graph_forecast,,,,,True,True,5.521608640002245e-13,1.2909493158518207e-10,2.6784078637085407,-1.440858333712567
L16_gamma2p0_g0p25_T250,16,2.0,0.25,12.5,250,0.05,0.5,1.0,open,time,charge_density_wave,early_log_graph_forecast,,,,,True,True,6.823720546858653e-16,1.9609165585553812e-13,2.6784078637085407,-1.440858333712567
L16_gamma2p0_g0p25_T300,16,2.0,0.25,15.0,300,0.05,0.5,1.0,open,time,charge_density_wave,early_log_graph_forecast,,,,,True,True,8.432897935628084e-19,2.875076890984736e-16,2.6784078637085407,-1.440858333712567
L16_gamma2p0_g0p25_T350,16,2.0,0.25,17.5,350,0.05,0.5,1.0,open,time,charge_density_wave,early_log_graph_forecast,,,,,True,True,1.0421553330676418e-21,4.1113441373911237e-19,2.6784078637085407,-1.440858333712567
L16_gamma2p0_g0p25_T400,16,2.0,0.25,20.0,400,0.05,0.5,1.0,open,time,charge_density_wave,early_log_graph_forecast,,,,,True,True,1.2879175658615902e-24,5.770799603840719e-22,2.6784078637085407,-1.440858333712567
L16_gamma2p0_g0p25_T500,16,2.0,0.25,25.0,500,0.05,0.5,1.0,open,time,charge_density_wave,early_log_graph_forecast,,,,,True,True,1.9669770334191913e-30,1.0920822490827514e-27,2.6784078637085407,-1.440858333712567
L16_gamma2p0_g0p25_T100,16,2.0,0.25,5.0,100,0.05,0.5,1.0,open,early,left,global_gap_envelope,1.0,5.545177444479562,1.0,3.445972733498944e-05,False,False,,,,
L16_gamma2p0_g0p25_T150,16,2.0,0.25,7.5,150,0.05,0.5,1.0,open,early,left,global_gap_envelope,1.0,5.545177444479562,1.0,4.051508509532793e-08,False,False,,,,
L16_gamma2p0_g0p25_T200,16,2.0,0.25,10.0,200,0.05,0.5,1.0,open,early,left,global_gap_envelope,0.0027409723629217577,0.15125937146094148,0.002740972315285613,4.763614453679826e-11,True,False,,,,
L16_gamma2p0_g0p25_T250,16,2.0,0.25,12.5,250,0.05,0.5,1.0,open,time,left,global_gap_envelope,3.2164103943043737e-06,0.0003511610738180788,3.2164103382955474e-06,5.600882616221574e-14,True,True,,,,
L16_gamma2p0_g0p25_T300,16,2.0,0.25,15.0,300,0.05,0.5,1.0,open,time,left,global_gap_envelope,3.7817282646763e-09,6.169688390268473e-07,3.781728198823182e-09,6.58531171806961e-17,True,True,,,,
L16_gamma2p0_g0p25_T350,16,2.0,0.25,17.5,350,0.05,0.5,1.0,open,time,left,global_gap_envelope,4.4464169479493145e-12,9.653677204896164e-10,4.446416870521642e-12,7.742767237889931e-20,True,True,,,,
L16_gamma2p0_g0p25_T400,16,2.0,0.25,20.0,400,0.05,0.5,1.0,open,time,left,global_gap_envelope,5.2279334592474755e-15,1.4171781781765933e-12,5.227933368210867e-15,9.103660854146371e-23,True,True,,,,
L16_gamma2p0_g0p25_T500,16,2.0,0.25,25.0,500,0.05,0.5,1.0,open,time,left,global_gap_envelope,7.227195191146455e-21,2.739189999550905e-18,7.227195065295706e-21,1.2585074859844557e-28,True,True,,,,
L16_gamma2p0_g0p25_T100,16,2.0,0.25,5.0,100,0.05,0.5,1.0,open,early,left,mode_weighted_envelope,1.0,5.545177444479562,1.0,3.445972733498944e-05,False,False,,,,
L16_gamma2p0_g0p25_T150,16,2.0,0.25,7.5,150,0.05,0.5,1.0,open,early,left,mode_weighted_envelope,0.0984649915615336,2.5735765186939794,0.0984649510464485,4.051508509532793e-08,False,False,,,,
L16_gamma2p0_g0p25_T200,16,2.0,0.25,10.0,200,0.05,0.5,1.0,open,early,left,mode_weighted_envelope,7.349348829517529e-05,0.0061841989422369344,7.349344065903075e-05,4.763614453679826e-11,True,True,,,,
L16_gamma2p0_g0p25_T250,16,2.0,0.25,12.5,250,0.05,0.5,1.0,open,time,left,mode_weighted_envelope,6.659427683683724e-08,9.33632963721962e-06,6.659422082801107e-08,5.600882616221574e-14,True,True,,,,
L16_gamma2p0_g0p25_T300,16,2.0,0.25,15.0,300,0.05,0.5,1.0,open,time,left,mode_weighted_envelope,6.532062547713437e-11,1.27776096394503e-08,6.532055962401719e-11,6.58531171806961e-17,True,True,,,,
L16_gamma2p0_g0p25_T350,16,2.0,0.25,17.5,350,0.05,0.5,1.0,open,time,left,mode_weighted_envelope,6.751064772472267e-14,1.6918973622144478e-11,6.75105702970503e-14,7.742767237889931e-20,True,True,,,,
L16_gamma2p0_g0p25_T400,16,2.0,0.25,20.0,400,0.05,0.5,1.0,open,time,left,mode_weighted_envelope,7.236110967218431e-17,2.2093214510959997e-14,7.236101863557577e-17,9.103660854146371e-23,True,True,,,,
L16_gamma2p0_g0p25_T500,16,2.0,0.25,25.0,500,0.05,0.5,1.0,open,time,left,mode_weighted_envelope,8.925245095920321e-23,3.6965204472296165e-20,8.925232510845461e-23,1.2585074859844557e-28,True,True,,,,
L16_gamma2p0_g0p25_T100,16,2.0,0.25,5.0,100,0.05,0.5,1.0,open,early,left,early_log_graph_forecast,,,,,False,False,0.963152764283594,5.545177444479562,2.739788725195642,14.97461185170905
L16_gamma2p0_g0p25_T150,16,2.0,0.25,7.5,150,0.05,0.5,1.0,open,early,left,early_log_graph_forecast,,,,,True,False,0.0037959871170249048,0.1995750974689973,2.739788725195642,14.97461185170905
L16_gamma2p0_g0p25_T200,16,2.0,0.25,10.0,200,0.05,0.5,1.0,open,early,left,early_log_graph_forecast,,,,,True,True,4.023833912471018e-06,0.000432104181410843,2.739788725195642,14.97461185170905
L16_gamma2p0_g0p25_T250,16,2.0,0.25,12.5,250,0.05,0.5,1.0,open,time,left,early_log_graph_forecast,,,,,True,True,4.265326040859803e-09,6.917590127943124e-07,2.739788725195642,14.97461185170905
L16_gamma2p0_g0p25_T300,16,2.0,0.25,15.0,300,0.05,0.5,1.0,open,time,left,early_log_graph_forecast,,,,,True,True,4.5213114234919725e-12,9.810239897097185e-10,2.739788725195642,14.97461185170905
L16_gamma2p0_g0p25_T350,16,2.0,0.25,17.5,350,0.05,0.5,1.0,open,time,left,early_log_graph_forecast,,,,,True,True,4.792659879308574e-15,1.3025180777390308e-12,2.739788725195642,14.97461185170905
L16_gamma2p0_g0p25_T400,16,2.0,0.25,20.0,400,0.05,0.5,1.0,open,time,left,early_log_graph_forecast,,,,,True,True,5.080293429775291e-18,1.6590678753422352e-15,2.739788725195642,14.97461185170905
L16_gamma2p0_g0p25_T500,16,2.0,0.25,25.0,500,0.05,0.5,1.0,open,time,left,early_log_graph_forecast,,,,,True,True,5.70838389908658e-24,2.4897735748389065e-21,2.739788725195642,14.97461185170905
L24_gamma2p0_g0p0_T100,24,2.0,0.0,5.0,100,0.05,0.5,1.0,open,early,charge_density_wave,global_gap_envelope,3.096950752590816e-06,0.0005085846348424425,7.111312991470477e-07,2.3858194534437684e-06,True,True,,,,
L24_gamma2p0_g0p0_T150,24,2.0,0.0,7.5,150,0.05,0.5,1.0,open,early,charge_density_wave,global_gap_envelope,3.908230522387161e-09,9.548673753112512e-07,8.97421121701067e-10,3.010809400686094e-09,True,True,,,,
L24_gamma2p0_g0p0_T200,24,2.0,0.0,10.0,200,0.05,0.5,1.0,open,early,charge_density_wave,global_gap_envelope,4.9320434491237585e-12,1.600069380705578e-09,1.1325125135313616e-12,3.799530935592397e-12,True,True,,,,
L24_gamma2p0_g0p0_T250,24,2.0,0.0,12.5,250,0.05,0.5,1.0,open,time,charge_density_wave,global_gap_envelope,6.22405779411099e-15,2.5177823227502864e-12,1.4291892213645132e-15,4.794868572746477e-15,True,True,,,,
L24_gamma2p0_g0p0_T300,24,2.0,0.0,15.0,300,0.05,0.5,1.0,open,time,charge_density_wave,global_gap_envelope,7.854532472019649e-18,3.806505085589146e-15,1.803584336650827e-18,6.050948135368822e-18,True,True,,,,
L24_gamma2p0_g0p0_T350,24,2.0,0.0,17.5,350,0.05,0.5,1.0,open,time,charge_density_wave,global_gap_envelope,9.912131666319676e-21,5.59764174138414e-18,2.276057229361481e-21,7.636074436958195e-21,True,True,,,,
L24_gamma2p0_g0p0_T400,24,2.0,0.0,20.0,400,0.05,0.5,1.0,open,time,charge_density_wave,global_gap_envelope,1.2508746322006524e-23,8.06598198678266e-21,2.8723006770775457e-24,9.636445644928978e-24,True,True,,,,
L24_gamma2p0_g0p0_T500,24,2.0,0.0,25.0,500,0.05,0.5,1.0,open,time,charge_density_wave,global_gap_envelope,1.9920820889811636e-29,1.6036847443640536e-26,4.574286331883023e-30,1.5346534557928614e-29,True,True,,,,
L24_gamma2p0_g0p0_T100,24,2.0,0.0,5.0,100,0.05,0.5,1.0,open,early,charge_density_wave,mode_weighted_envelope,3.297942421322946e-06,0.0005391031764598684,9.121229678791774e-07,2.3858194534437684e-06,True,True,,,,
L24_gamma2p0_g0p0_T150,24,2.0,0.0,7.5,150,0.05,0.5,1.0,open,early,charge_density_wave,mode_weighted_envelope,4.069947199447266e-09,9.92398138238435e-07,1.0591377987611722e-09,3.010809400686094e-09,True,True,,,,
L24_gamma2p0_g0p0_T200,24,2.0,0.0,10.0,200,0.05,0.5,1.0,open,early,charge_density_wave,mode_weighted_envelope,5.068771190434574e-12,1.64276376572697e-09,1.2692402548421765e-12,3.799530935592397e-12,True,True,,,,
L24_gamma2p0_g0p0_T250,24,2.0,0.0,12.5,250,0.05,0.5,1.0,open,time,charge_density_wave,mode_weighted_envelope,6.3425148694939375e-15,2.5642661557090666e-12,1.5476462967474605e-15,4.794868572746477e-15,True,True,,,,
L24_gamma2p0_g0p0_T300,24,2.0,0.0,15.0,300,0.05,0.5,1.0,open,time,charge_density_wave,mode_weighted_envelope,7.958483189501717e-18,3.8556266054655476e-15,1.907535054132894e-18,6.050948135368822e-18,True,True,,,,
L24_gamma2p0_g0p0_T350,24,2.0,0.0,17.5,350,0.05,0.5,1.0,open,time,charge_density_wave,mode_weighted_envelope,1.0003975086831021e-20,5.648400927869489e-18,2.3679006498728258e-21,7.636074436958195e-21,True,True,,,,
L24_gamma2p0_g0p0_T400,24,2.0,0.0,20.0,400,0.05,0.5,1.0,open,time,charge_density_wave,mode_weighted_envelope,1.2590181557095023e-23,8.117513258281358e-21,2.9537359121660454e-24,9.636445644928978e-24,True,True,,,,
L24_gamma2p0_g0p0_T500,24,2.0,0.0,25.0,500,0.05,0.5,1.0,open,time,charge_density_wave,mode_weighted_envelope,1.99851272520531e-29,1.60878430384032e-26,4.638592694124486e-30,1.5346534557928614e-29,True,True,,,,
L24_gamma2p0_g0p0_T100,24,2.0,0.0,5.0,100,0.05,0.5,1.0,open,early,charge_density_wave,early_log_graph_forecast,,,,,True,True,3.0805510000715847e-07,5.912065458963917e-05,2.676008356157098,-1.6129453930601658
L24_gamma2p0_g0p0_T150,24,2.0,0.0,7.5,150,0.05,0.5,1.0,open,early,charge_density_wave,early_log_graph_forecast,,,,,True,True,3.8299159803329856e-10,1.0424881807981827e-07,2.676008356157098,-1.6129453930601658
L24_gamma2p0_g0p0_T200,24,2.0,0.0,10.0,200,0.05,0.5,1.0,open,early,charge_density_wave,early_log_graph_forecast,,,,,True,True,4.761569088149628e-13,1.678340480348334e-10,2.676008356157098,-1.6129453930601658
L24_gamma2p0_g0p0_T250,24,2.0,0.0,12.5,250,0.05,0.5,1.0,open,time,charge_density_wave,early_log_graph_forecast,,,,,True,True,5.919853150212151e-16,2.5618555107758697e-13,2.676008356157098,-1.6129453930601658
L24_gamma2p0_g0p0_T300,24,2.0,0.0,15.0,300,0.05,0.5,1.0,open,time,charge_density_wave,early_log_graph_forecast,,,,,True,True,7.359897687359876e-19,3.7758987171975125e-16,2.676008356157098,-1.6129453930601658
L24_gamma2p0_g0p0_T350,24,2.0,0.0,17.5,350,0.05,0.5,1.0,open,time,charge_density_wave,early_log_graph_forecast,,,,,True,True,9.1502428512883e-22,5.428995548335856e-19,2.676008356157098,-1.6129453930601658
L24_gamma2p0_g0p0_T400,24,2.0,0.0,20.0,400,0.05,0.5,1.0,open,time,charge_density_wave,early_log_graph_forecast,,,,,True,True,1.1376101651704747e-24,7.662911928130744e-22,2.676008356157098,-1.6129453930601658
L24_gamma2p0_g0p0_T500,24,2.0,0.0,25.0,500,0.05,0.5,1.0,open,time,charge_density_wave,early_log_graph_forecast,,,,,True,True,1.7583897805017206e-30,1.4667746415151474e-27,2.676008356157098,-1.6129453930601658
L24_gamma2p0_g0p0_T100,24,2.0,0.0,5.0,100,0.05,0.5,1.0,open,early,left,global_gap_envelope,1.0,8.317766166719343,1.0,2.3858194534437684e-06,False,False,,,,
L24_gamma2p0_g0p0_T150,24,2.0,0.0,7.5,150,0.05,0.5,1.0,open,early,left,global_gap_envelope,1.0,8.317766166719343,1.0,3.010809400686094e-09,False,False,,,,
L24_gamma2p0_g0p0_T200,24,2.0,0.0,10.0,200,0.05,0.5,1.0,open,early,left,global_gap_envelope,1.0,8.317766166719343,1.0,3.799530935592397e-12,False,False,,,,
L24_gamma2p0_g0p0_T250,24,2.0,0.0,12.5,250,0.05,0.5,1.0,open,time,left,global_gap_envelope,0.4288008335816549,8.195687915615258,0.4288008335816501,4.794868572746477e-15,False,False,,,,
L24_gamma2p0_g0p0_T300,24,2.0,0.0,15.0,300,0.05,0.5,1.0,open,time,left,global_gap_envelope,0.0004427217416488577,0.04633887565671025,0.00044272174164885163,6.050948135368822e-18,True,True,,,,
L24_gamma2p0_g0p0_T350,24,2.0,0.0,17.5,350,0.05,0.5,1.0,open,time,left,global_gap_envelope,5.585147589881588e-07,0.00010320001931291792,5.585147589881512e-07,7.636074436958195e-21,True,True,,,,
L24_gamma2p0_g0p0_T400,24,2.0,0.0,20.0,400,0.05,0.5,1.0,open,time,left,global_gap_envelope,7.048248319055118e-10,1.8669178952915923e-07,7.048248319055022e-10,9.636445644928978e-24,True,True,,,,
L24_gamma2p0_g0p0_T500,24,2.0,0.0,25.0,500,0.05,0.5,1.0,open,time,left,global_gap_envelope,1.1224697396741432e-15,4.771382472926643e-13,1.1224697396741278e-15,1.5346534557928614e-29,True,True,,,,
L24_gamma2p0_g0p0_T100,24,2.0,0.0,5.0,100,0.05,0.5,1.0,open,early,left,mode_weighted_envelope,1.0,8.317766166719343,1.0,2.3858194534437684e-06,False,False,,,,
L24_gamma2p0_g0p0_T150,24,2.0,0.0,7.5,150,0.05,0.5,1.0,open,early,left,mode_weighted_envelope,1.0,8.317766166719343,1.0,3.010809400686094e-09,False,False,,,,
L24_gamma2p0_g0p0_T200,24,2.0,0.0,10.0,200,0.05,0.5,1.0,open,early,left,mode_weighted_envelope,1.0,8.317766166719343,1.0,3.799530935592397e-12,False,False,,,,
L24_gamma2p0_g0p0_T250,24,2.0,0.0,12.5,250,0.05,0.5,1.0,open,time,left,mode_weighted_envelope,0.0020068003290071197,0.17363341267695107,0.002006800329002325,4.794868572746477e-15,True,False,,,,
L24_gamma2p0_g0p0_T300,24,2.0,0.0,15.0,300,0.05,0.5,1.0,open,time,left,mode_weighted_envelope,1.890281356026006e-06,0.00032162269095005035,1.890281356019955e-06,6.050948135368822e-18,True,True,,,,
L24_gamma2p0_g0p0_T350,24,2.0,0.0,17.5,350,0.05,0.5,1.0,open,time,left,mode_weighted_envelope,1.9046623879052185e-09,4.817796518524734e-07,1.9046623878975823e-09,7.636074436958195e-21,True,True,,,,
L24_gamma2p0_g0p0_T400,24,2.0,0.0,20.0,400,0.05,0.5,1.0,open,time,left,mode_weighted_envelope,2.0081837097406553e-12,6.731541946988009e-10,2.0081837097310187e-12,9.636445644928978e-24,True,True,,,,
L24_gamma2p0_g0p0_T500,24,2.0,0.0,25.0,500,0.05,0.5,1.0,open,time,left,mode_weighted_envelope,2.4453745429163296e-18,1.219332218820035e-15,2.445374542900983e-18,1.5346534557928614e-29,True,True,,,,
L24_gamma2p0_g0p0_T100,24,2.0,0.0,5.0,100,0.05,0.5,1.0,open,early,left,early_log_graph_forecast,,,,,False,False,0.9999999999999967,8.317766166719343,3.1678050197088674,32.162224957032635
L24_gamma2p0_g0p0_T150,24,2.0,0.0,7.5,150,0.05,0.5,1.0,open,early,left,early_log_graph_forecast,,,,,False,False,0.9999999749031083,8.317766166719343,3.1678050197088674,32.162224957032635
L24_gamma2p0_g0p0_T200,24,2.0,0.0,10.0,200,0.05,0.5,1.0,open,early,left,early_log_graph_forecast,,,,,False,False,0.8513462279769768,8.317766166719343,3.1678050197088674,32.162224957032635
L24_gamma2p0_g0p0_T250,24,2.0,0.0,12.5,250,0.05,0.5,1.0,open,time,left,early_log_graph_forecast,,,,,True,False,0.0005900295347638326,0.059723093189364175,3.1678050197088674,32.162224957032635
L24_gamma2p0_g0p0_T300,24,2.0,0.0,15.0,300,0.05,0.5,1.0,open,time,left,early_log_graph_forecast,,,,,True,True,2.1452268671491978e-07,4.210183694936377e-05,3.1678050197088674,32.162224957032635
L24_gamma2p0_g0p0_T350,24,2.0,0.0,17.5,350,0.05,0.5,1.0,open,time,left,early_log_graph_forecast,,,,,True,True,7.799605340642731e-11,2.271965405047755e-08,3.1678050197088674,32.162224957032635
L24_gamma2p0_g0p0_T400,24,2.0,0.0,20.0,400,0.05,0.5,1.0,open,time,left,early_log_graph_forecast,,,,,True,True,2.8357766910976267e-14,1.095535698729064e-11,3.1678050197088674,32.162224957032635
L24_gamma2p0_g0p0_T500,24,2.0,0.0,25.0,500,0.05,0.5,1.0,open,time,left,early_log_graph_forecast,,,,,True,True,3.7486149203692025e-21,2.160682171400326e-18,3.1678050197088674,32.162224957032635
L24_gamma2p0_g0p05_T200,24,2.0,0.05,10.0,200,0.05,0.5,1.0,open,weak_skin,charge_density_wave,global_gap_envelope,1.0194072898271992e-11,3.2183766248196895e-09,1.6612714338803052e-12,8.532801464391686e-12,True,True,,,,
L24_gamma2p0_g0p05_T300,24,2.0,0.05,15.0,300,0.05,0.5,1.0,open,weak_skin,charge_density_wave,global_gap_envelope,1.6234584595052538e-17,7.726244245569614e-15,2.6456600710997426e-18,1.3588924523952795e-17,True,True,,,,
L24_gamma2p0_g0p05_T400,24,2.0,0.05,20.0,400,0.05,0.5,1.0,open,weak_skin,charge_density_wave,global_gap_envelope,2.5854409675697778e-23,1.6446370899988307e-20,4.2133495280004786e-24,2.16410601476973e-23,True,True,,,,
L24_gamma2p0_g0p05_T500,24,2.0,0.05,25.0,500,0.05,0.5,1.0,open,weak_skin,charge_density_wave,global_gap_envelope,4.1174475131475116e-29,3.278792673678011e-26,6.709975494970802e-30,3.4464499636504315e-29,True,True,,,,
L24_gamma2p0_g0p05_T200,24,2.0,0.05,10.0,200,0.05,0.5,1.0,open,weak_skin,charge_density_wave,mode_weighted_envelope,1.0394275120727952e-11,3.2791567192939608e-09,1.8614736563362667e-12,8.532801464391686e-12,True,True,,,,
L24_gamma2p0_g0p05_T300,24,2.0,0.05,15.0,300,0.05,0.5,1.0,open,weak_skin,charge_density_wave,mode_weighted_envelope,1.638681403758609e-17,7.796856872352087e-15,2.7978895136332938e-18,1.3588924523952795e-17,True,True,,,,
L24_gamma2p0_g0p05_T400,24,2.0,0.05,20.0,400,0.05,0.5,1.0,open,weak_skin,charge_density_wave,mode_weighted_envelope,2.5973671095238074e-23,1.652080041324986e-20,4.3326109475407754e-24,2.16410601476973e-23,True,True,,,,
L24_gamma2p0_g0p05_T500,24,2.0,0.05,25.0,500,0.05,0.5,1.0,open,weak_skin,charge_density_wave,mode_weighted_envelope,4.126865229833267e-29,3.286179018050366e-26,6.804152661828356e-30,3.4464499636504315e-29,True,True,,,,
L24_gamma2p0_g0p05_T200,24,2.0,0.05,10.0,200,0.05,0.5,1.0,open,weak_skin,charge_density_wave,early_log_graph_forecast,,,,,True,True,5.111812378572865e-13,1.797439117516103e-10,2.6720324942662415,-1.5817272520155945
L24_gamma2p0_g0p05_T300,24,2.0,0.05,15.0,300,0.05,0.5,1.0,open,weak_skin,charge_density_wave,early_log_graph_forecast,,,,,True,True,8.059907668063298e-19,4.1262421334775624e-16,2.6720324942662415,-1.5817272520155945
L24_gamma2p0_g0p05_T400,24,2.0,0.05,20.0,400,0.05,0.5,1.0,open,weak_skin,charge_density_wave,early_log_graph_forecast,,,,,True,True,1.2708234732950459e-24,8.543346227510392e-22,2.6720324942662415,-1.5817272520155945
L24_gamma2p0_g0p05_T500,24,2.0,0.05,25.0,500,0.05,0.5,1.0,open,weak_skin,charge_density_wave,early_log_graph_forecast,,,,,True,True,2.0037354853045705e-30,1.668291080093343e-27,2.6720324942662415,-1.5817272520155945
L24_gamma2p0_g0p05_T200,24,2.0,0.05,10.0,200,0.05,0.5,1.0,open,weak_skin,left,global_gap_envelope,1.0,8.317766166719343,1.0,8.532801464391686e-12,False,False,,,,
L24_gamma2p0_g0p05_T300,24,2.0,0.05,15.0,300,0.05,0.5,1.0,open,weak_skin,left,global_gap_envelope,0.0006349781418840928,0.0637132172565873,0.0006349781418840793,1.3588924523952795e-17,True,False,,,,
L24_gamma2p0_g0p05_T400,24,2.0,0.05,20.0,400,0.05,0.5,1.0,open,weak_skin,left,global_gap_envelope,1.0107487652664333e-09,2.633514935323961e-07,1.0107487652664115e-09,2.16410601476973e-23,True,True,,,,
L24_gamma2p0_g0p05_T500,24,2.0,0.05,25.0,500,0.05,0.5,1.0,open,weak_skin,left,global_gap_envelope,1.6096693132718948e-15,6.772731468362713e-13,1.6096693132718603e-15,3.4464499636504315e-29,True,True,,,,
L24_gamma2p0_g0p05_T200,24,2.0,0.05,10.0,200,0.05,0.5,1.0,open,weak_skin,left,mode_weighted_envelope,1.0,8.317766166719343,1.0,8.532801464391686e-12,False,False,,,,
L24_gamma2p0_g0p05_T300,24,2.0,0.05,15.0,300,0.05,0.5,1.0,open,weak_skin,left,mode_weighted_envelope,2.768672114291118e-06,0.0004583971261351873,2.768672114277529e-06,1.3588924523952795e-17,True,True,,,,
L24_gamma2p0_g0p05_T400,24,2.0,0.05,20.0,400,0.05,0.5,1.0,open,weak_skin,left,mode_weighted_envelope,2.9429323035376224e-12,9.729904411987577e-10,2.9429323035159813e-12,2.16410601476973e-23,True,True,,,,
L24_gamma2p0_g0p05_T500,24,2.0,0.05,25.0,500,0.05,0.5,1.0,open,weak_skin,left,mode_weighted_envelope,3.584681689413153e-18,1.7709702053186202e-15,3.584681689378689e-18,3.4464499636504315e-29,True,True,,,,
L24_gamma2p0_g0p05_T200,24,2.0,0.05,10.0,200,0.05,0.5,1.0,open,weak_skin,left,early_log_graph_forecast,,,,,False,False,0.696130347950701,8.317766166719343,3.2153981138104153,32.12316631104024
L24_gamma2p0_g0p05_T300,24,2.0,0.05,15.0,300,0.05,0.5,1.0,open,weak_skin,left,early_log_graph_forecast,,,,,True,True,1.0103433815875589e-07,2.074170948529684e-05,3.2153981138104153,32.12316631104024
L24_gamma2p0_g0p05_T400,24,2.0,0.05,20.0,400,0.05,0.5,1.0,open,weak_skin,left,early_log_graph_forecast,,,,,True,True,1.0527389974394989e-14,4.1921914601526425e-12,3.2153981138104153,32.12316631104024
L24_gamma2p0_g0p05_T500,24,2.0,0.05,25.0,500,0.05,0.5,1.0,open,weak_skin,left,early_log_graph_forecast,,,,,True,True,1.0969136007883626e-21,6.484310837822291e-19,3.2153981138104153,32.12316631104024
L24_gamma2p0_g0p1_T200,24,2.0,0.1,10.0,200,0.05,0.5,1.0,open,weak_skin,charge_density_wave,global_gap_envelope,2.510260833225672e-11,7.653699738112964e-09,2.6656183083979608e-12,2.243699002385876e-11,True,True,,,,
L24_gamma2p0_g0p1_T300,24,2.0,0.1,15.0,300,0.05,0.5,1.0,open,weak_skin,charge_density_wave,global_gap_envelope,3.9977192883357605e-17,1.8593339269314514e-14,4.245134045821345e-18,3.573205883753626e-17,True,True,,,,
L24_gamma2p0_g0p1_T400,24,2.0,0.1,20.0,400,0.05,0.5,1.0,open,weak_skin,charge_density_wave,global_gap_envelope,6.366573264866302e-23,3.9810230320794487e-20,6.760593971857216e-24,5.690513867680581e-23,True,True,,,,
L24_gamma2p0_g0p1_T500,24,2.0,0.1,25.0,500,0.05,0.5,1.0,open,weak_skin,charge_density_wave,global_gap_envelope,1.0139094872212627e-28,7.964287691315404e-26,1.0766593082567563e-29,9.062435563955871e-29,True,True,,,,
L24_gamma2p0_g0p1_T200,24,2.0,0.1,10.0,200,0.05,0.5,1.0,open,weak_skin,charge_density_wave,mode_weighted_envelope,2.5423280438603923e-11,7.747599030834379e-09,2.986290414745162e-12,2.243699002385876e-11,True,True,,,,
L24_gamma2p0_g0p1_T300,24,2.0,0.1,15.0,300,0.05,0.5,1.0,open,weak_skin,charge_density_wave,mode_weighted_envelope,4.0221056986411964e-17,1.8703824862795102e-14,4.488998148875701e-18,3.573205883753626e-17,True,True,,,,
L24_gamma2p0_g0p1_T400,24,2.0,0.1,20.0,400,0.05,0.5,1.0,open,weak_skin,charge_density_wave,mode_weighted_envelope,6.385679058744792e-23,3.9927402861083024e-20,6.951651910642113e-24,5.690513867680581e-23,True,True,,,,
L24_gamma2p0_g0p1_T500,24,2.0,0.1,25.0,500,0.05,0.5,1.0,open,weak_skin,charge_density_wave,mode_weighted_envelope,1.0154182280562688e-28,7.975957709697663e-26,1.0917467166068174e-29,9.062435563955871e-29,True,True,,,,
L24_gamma2p0_g0p1_T200,24,2.0,0.1,10.0,200,0.05,0.5,1.0,open,weak_skin,charge_density_wave,early_log_graph_forecast,,,,,True,True,5.487818261161718e-13,1.9249779547689284e-10,2.668056632375385,-1.5505091109710232
L24_gamma2p0_g0p1_T300,24,2.0,0.1,15.0,300,0.05,0.5,1.0,open,weak_skin,charge_density_wave,early_log_graph_forecast,,,,,True,True,8.82649655976523e-19,4.509071402369253e-16,2.668056632375385,-1.5505091109710232
L24_gamma2p0_g0p1_T400,24,2.0,0.1,20.0,400,0.05,0.5,1.0,open,weak_skin,charge_density_wave,early_log_graph_forecast,,,,,True,True,1.41963596117804e-24,9.52490127466082e-22,2.668056632375385,-1.5505091109710232
L24_gamma2p0_g0p1_T500,24,2.0,0.1,25.0,500,0.05,0.5,1.0,open,weak_skin,charge_density_wave,early_log_graph_forecast,,,,,True,True,2.283313938462015e-30,1.8974866252316764e-27,2.668056632375385,-1.5505091109710232
L24_gamma2p0_g0p1_T200,24,2.0,0.1,10.0,200,0.05,0.5,1.0,open,weak_skin,left,global_gap_envelope,1.0,8.317766166719343,1.0,2.243699002385876e-11,False,False,,,,
L24_gamma2p0_g0p1_T300,24,2.0,0.1,15.0,300,0.05,0.5,1.0,open,weak_skin,left,global_gap_envelope,0.000998459608863515,0.09475937784227426,0.0009984596088634793,3.573205883753626e-17,True,False,,,,
L24_gamma2p0_g0p1_T400,24,2.0,0.1,20.0,400,0.05,0.5,1.0,open,weak_skin,left,global_gap_envelope,1.5889126017365956e-09,4.0536750050441333e-07,1.5889126017365388e-09,5.690513867680581e-23,True,True,,,,
L24_gamma2p0_g0p1_T500,24,2.0,0.1,25.0,500,0.05,0.5,1.0,open,weak_skin,left,global_gap_envelope,2.5304249120044373e-15,1.0509478912403723e-12,2.5304249120043466e-15,9.062435563955871e-29,True,True,,,,
L24_gamma2p0_g0p1_T200,24,2.0,0.1,10.0,200,0.05,0.5,1.0,open,weak_skin,left,mode_weighted_envelope,1.0,8.317766166719343,1.0,2.243699002385876e-11,False,False,,,,
L24_gamma2p0_g0p1_T300,24,2.0,0.1,15.0,300,0.05,0.5,1.0,open,weak_skin,left,mode_weighted_envelope,4.4382123273418e-06,0.0007096838211447104,4.438212327306068e-06,3.573205883753626e-17,True,True,,,,
L24_gamma2p0_g0p1_T400,24,2.0,0.1,20.0,400,0.05,0.5,1.0,open,weak_skin,left,mode_weighted_envelope,4.721163499077733e-12,1.5341307015498935e-09,4.721163499020828e-12,5.690513867680581e-23,True,True,,,,
L24_gamma2p0_g0p1_T500,24,2.0,0.1,25.0,500,0.05,0.5,1.0,open,weak_skin,left,mode_weighted_envelope,5.752835612977284e-18,2.8094666823590855e-15,5.75283561288666e-18,9.062435563955871e-29,True,True,,,,
L24_gamma2p0_g0p1_T200,24,2.0,0.1,10.0,200,0.05,0.5,1.0,open,weak_skin,left,early_log_graph_forecast,,,,,False,False,0.5013137207790005,8.317766166719343,3.262991207911963,32.08410766504783
L24_gamma2p0_g0p1_T300,24,2.0,0.1,15.0,300,0.05,0.5,1.0,open,weak_skin,left,early_log_graph_forecast,,,,,True,True,4.758441936140302e-08,1.0198726972884373e-05,3.262991207911963,32.08410766504783
L24_gamma2p0_g0p1_T400,24,2.0,0.1,20.0,400,0.05,0.5,1.0,open,weak_skin,left,early_log_graph_forecast,,,,,True,True,3.908133529022451e-15,1.6027591620648843e-12,3.262991207911963,32.08410766504783
L24_gamma2p0_g0p1_T500,24,2.0,0.1,25.0,500,0.05,0.5,1.0,open,weak_skin,left,early_log_graph_forecast,,,,,True,True,3.209770737069939e-22,1.9447617982872711e-19,3.262991207911963,32.08410766504783
L24_gamma2p0_g0p25_T100,24,2.0,0.25,5.0,100,0.05,0.5,1.0,open,early,charge_density_wave,global_gap_envelope,0.0003021371949133887,0.03300961831553112,7.324683313179609e-06,0.0002948125116002091,True,True,,,,
L24_gamma2p0_g0p25_T150,24,2.0,0.25,7.5,150,0.05,0.5,1.0,open,early,charge_density_wave,global_gap_envelope,3.811764882511332e-07,7.217959424534229e-05,9.243432327079421e-09,3.719330559240538e-07,True,True,,,,
L24_gamma2p0_g0p25_T200,24,2.0,0.25,10.0,200,0.05,0.5,1.0,open,early,charge_density_wave,global_gap_envelope,4.810305620403617e-10,1.2961901654438347e-07,1.1664872223307006e-11,4.693656898170547e-10,True,True,,,,
L24_gamma2p0_g0p25_T250,24,2.0,0.25,12.5,250,0.05,0.5,1.0,open,time,charge_density_wave,global_gap_envelope,6.070429120092365e-13,2.121992090335882e-10,1.47206405676116e-14,5.923222714416249e-13,True,True,,,,
L24_gamma2p0_g0p25_T300,24,2.0,0.25,15.0,300,0.05,0.5,1.0,open,time,charge_density_wave,global_gap_envelope,7.660658724593703e-16,3.2915028517583294e-13,1.857690805130921e-17,7.474889644080611e-16,True,True,,,,
L24_gamma2p0_g0p25_T350,24,2.0,0.25,17.5,350,0.05,0.5,1.0,open,time,charge_density_wave,global_gap_envelope,9.66747011351885e-19,4.928130181647313e-16,2.3443376065175728e-20,9.433036352867094e-19,True,True,,,,
L24_gamma2p0_g0p25_T400,24,2.0,0.25,20.0,400,0.05,0.5,1.0,open,time,charge_density_wave,global_gap_envelope,1.2199992423071478e-21,7.196351465737006e-19,2.9584680067064105e-23,1.1904145622400837e-21,True,True,,,,
L24_gamma2p0_g0p25_T500,24,2.0,0.25,25.0,500,0.05,0.5,1.0,open,time,charge_density_wave,global_gap_envelope,1.9429114450062728e-27,1.457314378639202e-24,4.711512229339245e-29,1.8957963227128804e-27,True,True,,,,
L24_gamma2p0_g0p25_T100,24,2.0,0.25,5.0,100,0.05,0.5,1.0,open,early,charge_density_wave,mode_weighted_envelope,0.00030418505725825294,0.033208693753756055,9.372545658043807e-06,0.0002948125116002091,True,True,,,,
L24_gamma2p0_g0p25_T150,24,2.0,0.25,7.5,150,0.05,0.5,1.0,open,early,charge_density_wave,mode_weighted_envelope,3.828270093523445e-07,7.247228790706732e-05,1.0893953428290684e-08,3.719330559240538e-07,True,True,,,,
L24_gamma2p0_g0p25_T200,24,2.0,0.25,10.0,200,0.05,0.5,1.0,open,early,charge_density_wave,mode_weighted_envelope,4.824271347332346e-10,1.2997855535891515e-07,1.3061444916179939e-11,4.693656898170547e-10,True,True,,,,
L24_gamma2p0_g0p25_T250,24,2.0,0.25,12.5,250,0.05,0.5,1.0,open,time,charge_density_wave,mode_weighted_envelope,6.082533485483641e-13,2.1260779208944934e-10,1.593107710673924e-14,5.923222714416249e-13,True,True,,,,
L24_gamma2p0_g0p25_T300,24,2.0,0.25,15.0,300,0.05,0.5,1.0,open,time,charge_density_wave,mode_weighted_envelope,7.671283037766076e-16,3.295940147627369e-13,1.96393393685465e-17,7.474889644080611e-16,True,True,,,,
L24_gamma2p0_g0p25_T350,24,2.0,0.25,17.5,350,0.05,0.5,1.0,open,time,charge_density_wave,mode_weighted_envelope,9.676858055488774e-19,4.932803108403163e-16,2.4382170262167997e-20,9.433036352867094e-19,True,True,,,,
L24_gamma2p0_g0p25_T400,24,2.0,0.25,20.0,400,0.05,0.5,1.0,open,time,charge_density_wave,mode_weighted_envelope,1.2208316959453147e-21,7.201161891882727e-19,3.0417133705230983e-23,1.1904145622400837e-21,True,True,,,,
L24_gamma2p0_g0p25_T500,24,2.0,0.25,25.0,500,0.05,0.5,1.0,open,time,charge_density_wave,mode_weighted_envelope,1.9435688300695245e-27,1.4577995717359879e-24,4.777250735664396e-29,1.8957963227128804e-27,True,True,,,,
L24_gamma2p0_g0p25_T100,24,2.0,0.25,5.0,100,0.05,0.5,1.0,open,early,charge_density_wave,early_log_graph_forecast,,,,,True,True,3.977270299552588e-07,7.511074828256195e-05,2.6561290467028145,-1.4568546878373092
L24_gamma2p0_g0p25_T150,24,2.0,0.25,7.5,150,0.05,0.5,1.0,open,early,charge_density_wave,early_log_graph_forecast,,,,,True,True,5.196723816961226e-10,1.395496360250033e-07,2.6561290467028145,-1.4568546878373092
L24_gamma2p0_g0p25_T200,24,2.0,0.25,10.0,200,0.05,0.5,1.0,open,early,charge_density_wave,early_log_graph_forecast,,,,,True,True,6.790068664130754e-13,2.3644223772869673e-10,2.6561290467028145,-1.4568546878373092
L24_gamma2p0_g0p25_T250,24,2.0,0.25,12.5,250,0.05,0.5,1.0,open,time,charge_density_wave,early_log_graph_forecast,,,,,True,True,8.871942032618971e-16,3.796318308502158e-13,2.6561290467028145,-1.4568546878373092
L24_gamma2p0_g0p25_T300,24,2.0,0.25,15.0,300,0.05,0.5,1.0,open,time,charge_density_wave,early_log_graph_forecast,,,,,True,True,1.1592129523807687e-18,5.883996682589845e-16,2.6561290467028145,-1.4568546878373092
L24_gamma2p0_g0p25_T350,24,2.0,0.25,17.5,350,0.05,0.5,1.0,open,time,charge_density_wave,early_log_graph_forecast,,,,,True,True,1.5146341849695904e-21,8.894982424760364e-19,2.6561290467028145,-1.4568546878373092
L24_gamma2p0_g0p25_T400,24,2.0,0.25,20.0,400,0.05,0.5,1.0,open,time,charge_density_wave,early_log_graph_forecast,,,,,True,True,1.9790295730969017e-24,1.319920161021154e-21,2.6561290467028145,-1.4568546878373092
L24_gamma2p0_g0p25_T500,24,2.0,0.25,25.0,500,0.05,0.5,1.0,open,time,charge_density_wave,early_log_graph_forecast,,,,,True,True,3.378635515716355e-30,2.7918373775181628e-27,2.6561290467028145,-1.4568546878373092
L24_gamma2p0_g0p25_T100,24,2.0,0.25,5.0,100,0.05,0.5,1.0,open,early,left,global_gap_envelope,1.0,8.317766166719343,1.0,0.0002948125116002091,False,False,,,,
L24_gamma2p0_g0p25_T150,24,2.0,0.25,7.5,150,0.05,0.5,1.0,open,early,left,global_gap_envelope,1.0,8.317766166719343,1.0,3.719330559240538e-07,False,False,,,,
L24_gamma2p0_g0p25_T200,24,2.0,0.25,10.0,200,0.05,0.5,1.0,open,early,left,global_gap_envelope,1.0,8.317766166719343,1.0,4.693656898170547e-10,False,False,,,,
L24_gamma2p0_g0p25_T250,24,2.0,0.25,12.5,250,0.05,0.5,1.0,open,time,left,global_gap_envelope,1.0,8.317766166719343,1.0,5.923222714416249e-13,False,False,,,,
L24_gamma2p0_g0p25_T300,24,2.0,0.25,15.0,300,0.05,0.5,1.0,open,time,left,global_gap_envelope,0.004213170838246282,0.32698065962299294,0.004213170838245534,7.474889644080611e-16,True,False,,,,
L24_gamma2p0_g0p25_T350,24,2.0,0.25,17.5,350,0.05,0.5,1.0,open,time,left,global_gap_envelope,5.300701720216155e-06,0.0008363024408702549,5.300701720215212e-06,9.433036352867094e-19,True,True,,,,
L24_gamma2p0_g0p25_T400,24,2.0,0.25,20.0,400,0.05,0.5,1.0,open,time,left,global_gap_envelope,6.68926525986401e-09,1.5911965417270742e-06,6.68926525986282e-09,1.1904145622400837e-21,True,True,,,,
L24_gamma2p0_g0p25_T500,24,2.0,0.25,25.0,500,0.05,0.5,1.0,open,time,left,global_gap_envelope,1.0652998393919535e-14,4.240694679708405e-12,1.0652998393917638e-14,1.8957963227128804e-27,True,True,,,,
L24_gamma2p0_g0p25_T100,24,2.0,0.25,5.0,100,0.05,0.5,1.0,open,early,left,mode_weighted_envelope,1.0,8.317766166719343,1.0,0.0002948125116002091,False,False,,,,
L24_gamma2p0_g0p25_T150,24,2.0,0.25,7.5,150,0.05,0.5,1.0,open,early,left,mode_weighted_envelope,1.0,8.317766166719343,1.0,3.719330559240538e-07,False,False,,,,
L24_gamma2p0_g0p25_T200,24,2.0,0.25,10.0,200,0.05,0.5,1.0,open,early,left,mode_weighted_envelope,1.0,8.317766166719343,1.0,4.693656898170547e-10,False,False,,,,
L24_gamma2p0_g0p25_T250,24,2.0,0.25,12.5,250,0.05,0.5,1.0,open,time,left,mode_weighted_envelope,0.02113868269721042,1.2292581984885307,0.0211386826966181,5.923222714416249e-13,True,False,,,,
L24_gamma2p0_g0p25_T300,24,2.0,0.25,15.0,300,0.05,0.5,1.0,open,time,left,mode_weighted_envelope,1.9753516560534367e-05,0.0028047233914800067,1.9753516559786877e-05,7.474889644080611e-16,True,True,,,,
L24_gamma2p0_g0p25_T350,24,2.0,0.25,17.5,350,0.05,0.5,1.0,open,time,left,mode_weighted_envelope,1.9976442853125316e-08,4.489596564930134e-06,1.9976442852182013e-08,9.433036352867094e-19,True,True,,,,
L24_gamma2p0_g0p25_T400,24,2.0,0.25,20.0,400,0.05,0.5,1.0,open,time,left,mode_weighted_envelope,2.1109695558848567e-11,6.480158591394319e-09,2.1109695557658153e-11,1.1904145622400837e-21,True,True,,,,
L24_gamma2p0_g0p25_T500,24,2.0,0.25,25.0,500,0.05,0.5,1.0,open,time,left,mode_weighted_envelope,2.574521789868284e-17,1.2110019976084654e-14,2.5745217896787043e-17,1.8957963227128804e-27,True,True,,,,
L24_gamma2p0_g0p25_T100,24,2.0,0.25,5.0,100,0.05,0.5,1.0,open,early,left,early_log_graph_forecast,,,,,False,False,0.9999999999999472,8.317766166719343,3.405770490216607,31.96693172707063
L24_gamma2p0_g0p25_T150,24,2.0,0.25,7.5,150,0.05,0.5,1.0,open,early,left,early_log_graph_forecast,,,,,False,False,0.9999986833965169,8.317766166719343,3.405770490216607,31.96693172707063
L24_gamma2p0_g0p25_T200,24,2.0,0.25,10.0,200,0.05,0.5,1.0,open,early,left,early_log_graph_forecast,,,,,False,False,0.12265829654966656,4.4662585619882735,3.405770490216607,31.96693172707063
L24_gamma2p0_g0p25_T250,24,2.0,0.25,12.5,250,0.05,0.5,1.0,open,time,left,early_log_graph_forecast,,,,,True,True,2.4786797610882553e-05,0.0034518650590791835,3.405770490216607,31.96693172707063
L24_gamma2p0_g0p25_T300,24,2.0,0.25,15.0,300,0.05,0.5,1.0,open,time,left,early_log_graph_forecast,,,,,True,True,4.971095362865696e-09,1.200198931686405e-06,3.405770490216607,31.96693172707063
L24_gamma2p0_g0p25_T350,24,2.0,0.25,17.5,350,0.05,0.5,1.0,open,time,left,early_log_graph_forecast,,,,,True,True,9.969738522520591e-13,3.4256881176232785e-10,3.405770490216607,31.96693172707063
L24_gamma2p0_g0p25_T400,24,2.0,0.25,20.0,400,0.05,0.5,1.0,open,time,left,early_log_graph_forecast,,,,,True,True,1.9994725297350212e-16,8.913283372433765e-14,3.405770490216607,31.96693172707063
L24_gamma2p0_g0p25_T500,24,2.0,0.25,25.0,500,0.05,0.5,1.0,open,time,left,early_log_graph_forecast,,,,,True,True,8.042272588511032e-24,5.2285063227216866e-21,3.405770490216607,31.96693172707063
L32_gamma2p0_g0p0_T100,32,2.0,0.0,5.0,100,0.05,0.5,1.0,open,early,charge_density_wave,global_gap_envelope,3.2752217042107185e-06,0.000714214410083535,7.5251297124046e-07,2.5227087329702584e-06,True,True,,,,
L32_gamma2p0_g0p0_T150,32,2.0,0.0,7.5,150,0.05,0.5,1.0,open,early,charge_density_wave,global_gap_envelope,4.241851999436892e-09,1.3762784419192134e-06,9.746068370975396e-10,3.2672451623393526e-09,True,True,,,,
L32_gamma2p0_g0p0_T200,32,2.0,0.0,10.0,200,0.05,0.5,1.0,open,early,charge_density_wave,global_gap_envelope,5.493779414012346e-12,2.3669315440076856e-09,1.2622493640918178e-12,4.231530049920528e-12,True,True,,,,
L32_gamma2p0_g0p0_T250,32,2.0,0.0,12.5,250,0.05,0.5,1.0,open,time,charge_density_wave,global_gap_envelope,7.115196931581896e-15,3.822459506885377e-12,1.6347858414906206e-15,5.480411090091275e-15,True,True,,,,
L32_gamma2p0_g0p0_T300,32,2.0,0.0,15.0,300,0.05,0.5,1.0,open,time,charge_density_wave,global_gap_envelope,9.215154734142101e-18,5.93097418562131e-15,2.1172716133341817e-18,7.097883120807919e-18,True,True,,,,
L32_gamma2p0_g0p0_T350,32,2.0,0.0,17.5,350,0.05,0.5,1.0,open,time,charge_density_wave,global_gap_envelope,1.1934887760766758e-20,8.951131657643875e-18,2.7421567833883484e-21,9.19273097737841e-21,True,True,,,,
L32_gamma2p0_g0p0_T400,32,2.0,0.0,20.0,400,0.05,0.5,1.0,open,time,charge_density_wave,global_gap_envelope,1.545731460529414e-23,1.3237386994346658e-20,3.551468681357085e-24,1.1905845923937058e-23,True,True,,,,
L32_gamma2p0_g0p0_T500,32,2.0,0.0,25.0,500,0.05,0.5,1.0,open,time,charge_density_wave,global_gap_envelope,2.592778761726128e-29,2.77208445184961e-26,5.957161903662322e-30,1.997062571359896e-29,True,True,,,,
L32_gamma2p0_g0p0_T100,32,2.0,0.0,5.0,100,0.05,0.5,1.0,open,early,charge_density_wave,mode_weighted_envelope,3.6221659450581563e-06,0.0007840358758906336,1.099457212087898e-06,2.5227087329702584e-06,True,True,,,,
L32_gamma2p0_g0p0_T150,32,2.0,0.0,7.5,150,0.05,0.5,1.0,open,early,charge_density_wave,mode_weighted_envelope,4.562571176776987e-09,1.4750157150913442e-06,1.2953260144376343e-09,3.2672451623393526e-09,True,True,,,,
L32_gamma2p0_g0p0_T200,32,2.0,0.0,10.0,200,0.05,0.5,1.0,open,early,charge_density_wave,mode_weighted_envelope,5.806042500439185e-12,2.4963309120652284e-09,1.5745124505186563e-12,4.231530049920528e-12,True,True,,,,
L32_gamma2p0_g0p0_T250,32,2.0,0.0,12.5,250,0.05,0.5,1.0,open,time,charge_density_wave,mode_weighted_envelope,7.428086505054402e-15,3.9854367844310664e-12,1.947675414963128e-15,5.480411090091275e-15,True,True,,,,
L32_gamma2p0_g0p0_T300,32,2.0,0.0,15.0,300,0.05,0.5,1.0,open,time,charge_density_wave,mode_weighted_envelope,9.534267384087926e-18,6.131165366812785e-15,2.436384263280007e-18,7.097883120807919e-18,True,True,,,,
L32_gamma2p0_g0p0_T350,32,2.0,0.0,17.5,350,0.05,0.5,1.0,open,time,charge_density_wave,mode_weighted_envelope,1.2264122174703076e-20,9.192716776327303e-18,3.0713911973246672e-21,9.19273097737841e-21,True,True,,,,
L32_gamma2p0_g0p0_T400,32,2.0,0.0,20.0,400,0.05,0.5,1.0,open,time,charge_density_wave,mode_weighted_envelope,1.5799635926456214e-23,1.35250079296908e-20,3.8937900025191565e-24,1.1905845923937058e-23,True,True,,,,
L32_gamma2p0_g0p0_T500,32,2.0,0.0,25.0,500,0.05,0.5,1.0,open,time,charge_density_wave,mode_weighted_envelope,2.6303165301370064e-29,2.81161324349239e-26,6.332539587771105e-30,1.997062571359896e-29,True,True,,,,
L32_gamma2p0_g0p0_T100,32,2.0,0.0,5.0,100,0.05,0.5,1.0,open,early,charge_density_wave,early_log_graph_forecast,,,,,True,True,3.374130187273819e-07,8.584844197195335e-05,2.6566685567589445,-1.6186152983443816
L32_gamma2p0_g0p0_T150,32,2.0,0.0,7.5,150,0.05,0.5,1.0,open,early,charge_density_wave,early_log_graph_forecast,,,,,True,True,4.402715263368226e-10,1.5880509052174234e-07,2.6566685567589445,-1.6186152983443816
L32_gamma2p0_g0p0_T200,32,2.0,0.0,10.0,200,0.05,0.5,1.0,open,early,charge_density_wave,early_log_graph_forecast,,,,,True,True,5.744858856781675e-13,2.682646946679939e-10,2.6566685567589445,-1.6186152983443816
L32_gamma2p0_g0p0_T250,32,2.0,0.0,12.5,250,0.05,0.5,1.0,open,time,charge_density_wave,early_log_graph_forecast,,,,,True,True,7.496147561242498e-16,4.297028331475902e-13,2.6566685567589445,-1.6186152983443816
L32_gamma2p0_g0p0_T300,32,2.0,0.0,15.0,300,0.05,0.5,1.0,open,time,charge_density_wave,early_log_graph_forecast,,,,,True,True,9.781307019159958e-19,6.646381475604685e-16,2.6566685567589445,-1.6186152983443816
L32_gamma2p0_g0p0_T350,32,2.0,0.0,17.5,350,0.05,0.5,1.0,open,time,charge_density_wave,early_log_graph_forecast,,,,,True,True,1.2763084800749276e-21,1.0028785847484548e-18,2.6566685567589445,-1.6186152983443816
L32_gamma2p0_g0p0_T400,32,2.0,0.0,20.0,400,0.05,0.5,1.0,open,time,charge_density_wave,early_log_graph_forecast,,,,,True,True,1.6653841180123505e-24,1.485575564064475e-21,2.6566685567589445,-1.6186152983443816
L32_gamma2p0_g0p0_T500,32,2.0,0.0,25.0,500,0.05,0.5,1.0,open,time,charge_density_wave,early_log_graph_forecast,,,,,True,True,2.8355149829107078e-30,3.1320113655340562e-27,2.6566685567589445,-1.6186152983443816
L32_gamma2p0_g0p0_T100,32,2.0,0.0,5.0,100,0.05,0.5,1.0,open,early,left,global_gap_envelope,1.0,11.090354888959125,1.0,2.5227087329702584e-06,False,False,,,,
L32_gamma2p0_g0p0_T150,32,2.0,0.0,7.5,150,0.05,0.5,1.0,open,early,left,global_gap_envelope,1.0,11.090354888959125,1.0,3.2672451623393526e-09,False,False,,,,
L32_gamma2p0_g0p0_T200,32,2.0,0.0,10.0,200,0.05,0.5,1.0,open,early,left,global_gap_envelope,1.0,11.090354888959125,1.0,4.231530049920528e-12,False,False,,,,
L32_gamma2p0_g0p0_T250,32,2.0,0.0,12.5,250,0.05,0.5,1.0,open,time,left,global_gap_envelope,1.0,11.090354888959125,1.0,5.480411090091275e-15,False,False,,,,
L32_gamma2p0_g0p0_T300,32,2.0,0.0,15.0,300,0.05,0.5,1.0,open,time,left,global_gap_envelope,1.0,11.090354888959125,1.0,7.097883120807919e-18,False,False,,,,
L32_gamma2p0_g0p0_T350,32,2.0,0.0,17.5,350,0.05,0.5,1.0,open,time,left,global_gap_envelope,0.22668108872045167,8.563757748906276,0.22668108872045167,9.19273097737841e-21,False,False,,,,
L32_gamma2p0_g0p0_T400,32,2.0,0.0,20.0,400,0.05,0.5,1.0,open,time,left,global_gap_envelope,0.00025683904343675286,0.03808176138097775,0.00025683904343675286,1.1905845923937058e-23,True,True,,,,
L32_gamma2p0_g0p0_T500,32,2.0,0.0,25.0,500,0.05,0.5,1.0,open,time,left,global_gap_envelope,4.307340119935102e-10,1.555158627795015e-07,4.307340119935102e-10,1.997062571359896e-29,True,True,,,,
L32_gamma2p0_g0p0_T100,32,2.0,0.0,5.0,100,0.05,0.5,1.0,open,early,left,mode_weighted_envelope,1.0,11.090354888959125,1.0,2.5227087329702584e-06,False,False,,,,
L32_gamma2p0_g0p0_T150,32,2.0,0.0,7.5,150,0.05,0.5,1.0,open,early,left,mode_weighted_envelope,1.0,11.090354888959125,1.0,3.2672451623393526e-09,False,False,,,,
L32_gamma2p0_g0p0_T200,32,2.0,0.0,10.0,200,0.05,0.5,1.0,open,early,left,mode_weighted_envelope,1.0,11.090354888959125,1.0,4.231530049920528e-12,False,False,,,,
L32_gamma2p0_g0p0_T250,32,2.0,0.0,12.5,250,0.05,0.5,1.0,open,time,left,mode_weighted_envelope,1.0,11.090354888959125,1.0,5.480411090091275e-15,False,False,,,,
L32_gamma2p0_g0p0_T300,32,2.0,0.0,15.0,300,0.05,0.5,1.0,open,time,left,mode_weighted_envelope,0.24454009037271662,8.900110960836889,0.24454009037271662,7.097883120807919e-18,False,False,,,,
L32_gamma2p0_g0p0_T350,32,2.0,0.0,17.5,350,0.05,0.5,1.0,open,time,left,mode_weighted_envelope,0.00020730329256342552,0.03144782323293765,0.00020730329256342552,9.19273097737841e-21,True,True,,,,
L32_gamma2p0_g0p0_T400,32,2.0,0.0,20.0,400,0.05,0.5,1.0,open,time,left,mode_weighted_envelope,2.1379155222846533e-07,5.595613927432755e-05,2.1379155222846533e-07,1.1905845923937058e-23,True,True,,,,
L32_gamma2p0_g0p0_T500,32,2.0,0.0,25.0,500,0.05,0.5,1.0,open,time,left,mode_weighted_envelope,2.5295586877072435e-13,1.2144132544056568e-10,2.5295586877072435e-13,1.997062571359896e-29,True,True,,,,
L32_gamma2p0_g0p0_T100,32,2.0,0.0,5.0,100,0.05,0.5,1.0,open,early,left,early_log_graph_forecast,,,,,False,False,1.0,11.090354888959125,3.331329229045224,45.67279268099686
L32_gamma2p0_g0p0_T150,32,2.0,0.0,7.5,150,0.05,0.5,1.0,open,early,left,early_log_graph_forecast,,,,,False,False,1.0,11.090354888959125,3.331329229045224,45.67279268099686
L32_gamma2p0_g0p0_T200,32,2.0,0.0,10.0,200,0.05,0.5,1.0,open,early,left,early_log_graph_forecast,,,,,False,False,0.9999999999908031,11.090354888959125,3.331329229045224,45.67279268099686
L32_gamma2p0_g0p0_T250,32,2.0,0.0,12.5,250,0.05,0.5,1.0,open,time,left,early_log_graph_forecast,,,,,False,False,0.9998424453491124,11.090354888959125,3.331329229045224,45.67279268099686
L32_gamma2p0_g0p0_T300,32,2.0,0.0,15.0,300,0.05,0.5,1.0,open,time,left,early_log_graph_forecast,,,,,True,False,0.01360608273922324,1.1517068403868067,3.331329229045224,45.67279268099686
L32_gamma2p0_g0p0_T350,32,2.0,0.0,17.5,350,0.05,0.5,1.0,open,time,left,early_log_graph_forecast,,,,,True,True,3.287218382327724e-06,0.0007166381791044087,3.331329229045224,45.67279268099686
L32_gamma2p0_g0p0_T400,32,2.0,0.0,20.0,400,0.05,0.5,1.0,open,time,left,early_log_graph_forecast,,,,,True,True,7.941157377248484e-10,2.7894162640220206e-07,3.331329229045224,45.67279268099686
L32_gamma2p0_g0p0_T500,32,2.0,0.0,25.0,500,0.05,0.5,1.0,open,time,left,early_log_graph_forecast,,,,,True,True,4.634408318592144e-17,2.86298456417367e-14,3.331329229045224,45.67279268099686
L32_gamma2p0_g0p05_T200,32,2.0,0.05,10.0,200,0.05,0.5,1.0,open,weak_skin,charge_density_wave,global_gap_envelope,1.637635023003361e-11,6.769376049860244e-09,2.256103578260937e-12,1.4120246651772673e-11,True,True,,,,
L32_gamma2p0_g0p05_T300,32,2.0,0.05,15.0,300,0.05,0.5,1.0,open,weak_skin,charge_density_wave,global_gap_envelope,2.746935942932194e-17,1.719953747191545e-14,3.784342617931695e-18,2.3685016811390244e-17,True,True,,,,
L32_gamma2p0_g0p05_T400,32,2.0,0.05,20.0,400,0.05,0.5,1.0,open,weak_skin,charge_density_wave,global_gap_envelope,4.6076549222964447e-23,3.8653976986196743e-20,6.347779945882636e-24,3.972876927708181e-23,True,True,,,,
L32_gamma2p0_g0p05_T500,32,2.0,0.05,25.0,500,0.05,0.5,1.0,open,weak_skin,charge_density_wave,global_gap_envelope,7.728787392217109e-29,8.128213068205736e-26,1.0647637994091497e-29,6.664023592807959e-29,True,True,,,,
L32_gamma2p0_g0p05_T200,32,2.0,0.05,10.0,200,0.05,0.5,1.0,open,weak_skin,charge_density_wave,mode_weighted_envelope,1.6933779791186094e-11,6.990727791537805e-09,2.8135331394134204e-12,1.4120246651772673e-11,True,True,,,,
L32_gamma2p0_g0p05_T300,32,2.0,0.05,15.0,300,0.05,0.5,1.0,open,weak_skin,charge_density_wave,mode_weighted_envelope,2.803911751069673e-17,1.7547073133963168e-14,4.354100699306487e-18,2.3685016811390244e-17,True,True,,,,
L32_gamma2p0_g0p05_T400,32,2.0,0.05,20.0,400,0.05,0.5,1.0,open,weak_skin,charge_density_wave,mode_weighted_envelope,4.668779180089729e-23,3.915690869313962e-20,6.95902252381548e-24,3.972876927708181e-23,True,True,,,,
L32_gamma2p0_g0p05_T500,32,2.0,0.05,25.0,500,0.05,0.5,1.0,open,weak_skin,charge_density_wave,mode_weighted_envelope,7.795816522836418e-29,8.197629177881759e-26,1.1317929300284591e-29,6.664023592807959e-29,True,True,,,,
L32_gamma2p0_g0p05_T200,32,2.0,0.05,10.0,200,0.05,0.5,1.0,open,weak_skin,charge_density_wave,early_log_graph_forecast,,,,,True,True,6.190989003876519e-13,2.883565691684551e-10,2.652104891346574,-1.5894624470679155
L32_gamma2p0_g0p05_T300,32,2.0,0.05,15.0,300,0.05,0.5,1.0,open,weak_skin,charge_density_wave,early_log_graph_forecast,,,,,True,True,1.0784187594168677e-18,7.310995181002277e-16,2.652104891346574,-1.5894624470679155
L32_gamma2p0_g0p05_T400,32,2.0,0.05,20.0,400,0.05,0.5,1.0,open,weak_skin,charge_density_wave,early_log_graph_forecast,,,,,True,True,1.878515726540618e-24,1.6720761738672026e-21,2.652104891346574,-1.5894624470679155
L32_gamma2p0_g0p05_T500,32,2.0,0.05,25.0,500,0.05,0.5,1.0,open,weak_skin,charge_density_wave,early_log_graph_forecast,,,,,True,True,3.272218054486169e-30,3.6068787754734894e-27,2.652104891346574,-1.5894624470679155
L32_gamma2p0_g0p05_T200,32,2.0,0.05,10.0,200,0.05,0.5,1.0,open,weak_skin,left,global_gap_envelope,1.0,11.090354888959125,1.0,1.4120246651772673e-11,False,False,,,,
L32_gamma2p0_g0p05_T300,32,2.0,0.05,15.0,300,0.05,0.5,1.0,open,weak_skin,left,global_gap_envelope,1.0,11.090354888959125,1.0,2.3685016811390244e-17,False,False,,,,
L32_gamma2p0_g0p05_T400,32,2.0,0.05,20.0,400,0.05,0.5,1.0,open,weak_skin,left,global_gap_envelope,0.00044718507295637955,0.06233627113567657,0.00044718507295637955,3.972876927708181e-23,True,False,,,,
L32_gamma2p0_g0p05_T500,32,2.0,0.05,25.0,500,0.05,0.5,1.0,open,weak_skin,left,global_gap_envelope,7.498443379036871e-10,2.640790449186481e-07,7.498443379036871e-10,6.664023592807959e-29,True,True,,,,
L32_gamma2p0_g0p05_T200,32,2.0,0.05,10.0,200,0.05,0.5,1.0,open,weak_skin,left,mode_weighted_envelope,1.0,11.090354888959125,1.0,1.4120246651772673e-11,False,False,,,,
L32_gamma2p0_g0p05_T300,32,2.0,0.05,15.0,300,0.05,0.5,1.0,open,weak_skin,left,mode_weighted_envelope,0.46945137091799294,11.06047328238022,0.46945137091799294,2.3685016811390244e-17,False,False,,,,
L32_gamma2p0_g0p05_T400,32,2.0,0.05,20.0,400,0.05,0.5,1.0,open,weak_skin,left,mode_weighted_envelope,3.816823911297254e-07,9.635908956135284e-05,3.816823911297253e-07,3.972876927708181e-23,True,True,,,,
L32_gamma2p0_g0p05_T500,32,2.0,0.05,25.0,500,0.05,0.5,1.0,open,weak_skin,left,mode_weighted_envelope,4.517692826792997e-13,2.1269734983590565e-10,4.5176928267929963e-13,6.664023592807959e-29,True,True,,,,
L32_gamma2p0_g0p05_T200,32,2.0,0.05,10.0,200,0.05,0.5,1.0,open,weak_skin,left,early_log_graph_forecast,,,,,False,False,0.99999999995225,11.090354888959125,3.4794138342836938,46.33008446528393
L32_gamma2p0_g0p05_T300,32,2.0,0.05,15.0,300,0.05,0.5,1.0,open,weak_skin,left,early_log_graph_forecast,,,,,True,False,0.0028480318431015166,0.31258638360277236,3.4794138342836938,46.33008446528393
L32_gamma2p0_g0p05_T400,32,2.0,0.05,20.0,400,0.05,0.5,1.0,open,weak_skin,left,early_log_graph_forecast,,,,,True,True,7.926755445434416e-11,3.076620116464906e-08,3.4794138342836938,46.33008446528393
L32_gamma2p0_g0p05_T500,32,2.0,0.05,25.0,500,0.05,0.5,1.0,open,weak_skin,left,early_log_graph_forecast,,,,,True,True,2.2061971397325397e-18,1.470395496598704e-15,3.4794138342836938,46.33008446528393
L32_gamma2p0_g0p1_T200,32,2.0,0.1,10.0,200,0.05,0.5,1.0,open,weak_skin,charge_density_wave,global_gap_envelope,5.988951154597735e-11,2.3513599366752328e-08,4.424350687420541e-12,5.546516085855681e-11,True,True,,,,
L32_gamma2p0_g0p1_T300,32,2.0,0.1,15.0,300,0.05,0.5,1.0,open,weak_skin,charge_density_wave,global_gap_envelope,1.0045745819611177e-16,6.081581578897453e-14,7.421316567371554e-18,9.303614162874022e-17,True,True,,,,
L32_gamma2p0_g0p1_T400,32,2.0,0.1,20.0,400,0.05,0.5,1.0,open,weak_skin,charge_density_wave,global_gap_envelope,1.6850531332180012e-22,1.3786450921757359e-19,1.2448366660879858e-23,1.5605694666092026e-22,True,True,,,,
L32_gamma2p0_g0p1_T500,32,2.0,0.1,25.0,500,0.05,0.5,1.0,open,weak_skin,charge_density_wave,global_gap_envelope,2.826474124225514e-28,2.9139072600324867e-25,2.0880639050624218e-29,2.617667733719272e-28,True,True,,,,
L32_gamma2p0_g0p1_T200,32,2.0,0.1,10.0,200,0.05,0.5,1.0,open,weak_skin,charge_density_wave,mode_weighted_envelope,6.098133528537115e-11,2.3924639722606906e-08,5.5161744268143456e-12,5.546516085855681e-11,True,True,,,,
L32_gamma2p0_g0p1_T300,32,2.0,0.1,15.0,300,0.05,0.5,1.0,open,weak_skin,charge_density_wave,mode_weighted_envelope,1.0157362064778085e-16,6.147357054319574e-14,8.537479019040638e-18,9.303614162874022e-17,True,True,,,,
L32_gamma2p0_g0p1_T400,32,2.0,0.1,20.0,400,0.05,0.5,1.0,open,weak_skin,charge_density_wave,mode_weighted_envelope,1.6970283268782098e-22,1.3882504486555096e-19,1.3645886026900723e-23,1.5605694666092026e-22,True,True,,,,
L32_gamma2p0_g0p1_T500,32,2.0,0.1,25.0,500,0.05,0.5,1.0,open,weak_skin,charge_density_wave,mode_weighted_envelope,2.839606626649947e-28,2.92723539115258e-25,2.219388929306755e-29,2.617667733719272e-28,True,True,,,,
L32_gamma2p0_g0p1_T200,32,2.0,0.1,10.0,200,0.05,0.5,1.0,open,weak_skin,charge_density_wave,early_log_graph_forecast,,,,,True,True,6.671764407383988e-13,3.0995119298524585e-10,2.6475412259342024,-1.5603095957914495
L32_gamma2p0_g0p1_T300,32,2.0,0.1,15.0,300,0.05,0.5,1.0,open,weak_skin,charge_density_wave,early_log_graph_forecast,,,,,True,True,1.1889893839178481e-18,8.042025135319712e-16,2.6475412259342024,-1.5603095957914495
L32_gamma2p0_g0p1_T400,32,2.0,0.1,20.0,400,0.05,0.5,1.0,open,weak_skin,charge_density_wave,early_log_graph_forecast,,,,,True,True,2.1189233743097077e-24,1.8819814337536503e-21,2.6475412259342024,-1.5603095957914495
L32_gamma2p0_g0p1_T500,32,2.0,0.1,25.0,500,0.05,0.5,1.0,open,weak_skin,charge_density_wave,early_log_graph_forecast,,,,,True,True,3.776178599174321e-30,4.153726387968005e-27,2.6475412259342024,-1.5603095957914495
L32_gamma2p0_g0p1_T200,32,2.0,0.1,10.0,200,0.05,0.5,1.0,open,weak_skin,left,global_gap_envelope,1.0,11.090354888959125,1.0,5.546516085855681e-11,False,False,,,,
L32_gamma2p0_g0p1_T300,32,2.0,0.1,15.0,300,0.05,0.5,1.0,open,weak_skin,left,global_gap_envelope,1.0,11.090354888959125,1.0,9.303614162874022e-17,False,False,,,,
L32_gamma2p0_g0p1_T400,32,2.0,0.1,20.0,400,0.05,0.5,1.0,open,weak_skin,left,global_gap_envelope,0.0008569577953238254,0.11053649448230762,0.0008569577953238254,1.5605694666092026e-22,True,False,,,,
L32_gamma2p0_g0p1_T500,32,2.0,0.1,25.0,500,0.05,0.5,1.0,open,weak_skin,left,global_gap_envelope,1.43652152314172e-09,4.909695282862064e-07,1.43652152314172e-09,2.617667733719272e-28,True,True,,,,
L32_gamma2p0_g0p1_T200,32,2.0,0.1,10.0,200,0.05,0.5,1.0,open,weak_skin,left,mode_weighted_envelope,1.0,11.090354888959125,1.0,5.546516085855681e-11,False,False,,,,
L32_gamma2p0_g0p1_T300,32,2.0,0.1,15.0,300,0.05,0.5,1.0,open,weak_skin,left,mode_weighted_envelope,0.8582033972280132,11.090354888959125,0.8582033972280131,9.303614162874022e-17,False,False,,,,
L32_gamma2p0_g0p1_T400,32,2.0,0.1,20.0,400,0.05,0.5,1.0,open,weak_skin,left,mode_weighted_envelope,7.490776684070497e-07,0.0001810301728762527,7.490776684070496e-07,1.5605694666092026e-22,True,True,,,,
L32_gamma2p0_g0p1_T500,32,2.0,0.1,25.0,500,0.05,0.5,1.0,open,weak_skin,left,mode_weighted_envelope,8.874271737891666e-13,4.082228884904892e-10,8.874271737891663e-13,2.617667733719272e-28,True,True,,,,
L32_gamma2p0_g0p1_T200,32,2.0,0.1,10.0,200,0.05,0.5,1.0,open,weak_skin,left,early_log_graph_forecast,,,,,False,False,0.9999999997520841,11.090354888959125,3.6274984395221628,46.987376249571
L32_gamma2p0_g0p1_T300,32,2.0,0.1,15.0,300,0.05,0.5,1.0,open,weak_skin,left,early_log_graph_forecast,,,,,True,False,0.0005961009530506563,0.0803525239453981,3.6274984395221628,46.987376249571
L32_gamma2p0_g0p1_T400,32,2.0,0.1,20.0,400,0.05,0.5,1.0,open,weak_skin,left,early_log_graph_forecast,,,,,True,True,7.912379632689721e-12,3.3627730593888363e-09,3.6274984395221628,46.987376249571
L32_gamma2p0_g0p1_T500,32,2.0,0.1,25.0,500,0.05,0.5,1.0,open,weak_skin,left,early_log_graph_forecast,,,,,True,True,1.0502539881601715e-19,7.511430762830314e-17,3.6274984395221628,46.987376249571
L32_gamma2p0_g0p25_T100,32,2.0,0.25,5.0,100,0.05,0.5,1.0,open,early,charge_density_wave,global_gap_envelope,0.0023344325093808955,0.2636533597413905,2.1076302631730686e-05,0.002313356206749165,True,False,,,,
L32_gamma2p0_g0p25_T150,32,2.0,0.25,7.5,150,0.05,0.5,1.0,open,early,charge_density_wave,global_gap_envelope,3.016503328867658e-06,0.0006617682576360246,2.7296280140212605e-08,2.9892070487274453e-06,True,True,,,,
L32_gamma2p0_g0p25_T200,32,2.0,0.25,10.0,200,0.05,0.5,1.0,open,early,charge_density_wave,global_gap_envelope,3.906773482173138e-09,1.2727051590699047e-06,3.5352421384336296e-11,3.871421060788802e-09,True,True,,,,
L32_gamma2p0_g0p25_T250,32,2.0,0.25,12.5,250,0.05,0.5,1.0,open,time,charge_density_wave,global_gap_envelope,5.059806827232694e-12,2.186621249287062e-09,4.5786228604418104e-14,5.014020598628276e-12,True,True,,,,
L32_gamma2p0_g0p25_T300,32,2.0,0.25,15.0,300,0.05,0.5,1.0,open,time,charge_density_wave,global_gap_envelope,6.5531429819779165e-15,3.5291381789519125e-12,5.929943827833002e-17,6.4938435436995864e-15,True,True,,,,
L32_gamma2p0_g0p25_T350,32,2.0,0.25,17.5,350,0.05,0.5,1.0,open,time,charge_density_wave,global_gap_envelope,8.487217873878e-18,5.473640432371771e-15,7.68008959747839e-20,8.410416977903216e-18,True,True,,,,
L32_gamma2p0_g0p25_T400,32,2.0,0.25,20.0,400,0.05,0.5,1.0,open,time,charge_density_wave,global_gap_envelope,1.0992109806969782e-20,8.25852321358493e-18,9.946768120879554e-23,1.0892642125760987e-20,True,True,,,,
L32_gamma2p0_g0p25_T500,32,2.0,0.25,25.0,500,0.05,0.5,1.0,open,time,charge_density_wave,global_gap_envelope,1.8437943188599805e-26,1.7775766389714076e-23,1.6684508137524859e-28,1.8271098107224556e-26,True,True,,,,
L32_gamma2p0_g0p25_T100,32,2.0,0.25,5.0,100,0.05,0.5,1.0,open,early,charge_density_wave,mode_weighted_envelope,0.002344069682034947,0.26458709894851357,3.071347528578185e-05,0.002313356206749165,True,False,,,,
L32_gamma2p0_g0p25_T150,32,2.0,0.25,7.5,150,0.05,0.5,1.0,open,early,charge_density_wave,mode_weighted_envelope,3.02542669608457e-06,0.0006635829038246155,3.621964735712464e-08,2.9892070487274453e-06,True,True,,,,
L32_gamma2p0_g0p25_T200,32,2.0,0.25,10.0,200,0.05,0.5,1.0,open,early,charge_density_wave,mode_weighted_envelope,3.9154688921909505e-09,1.2753985716384823e-06,4.404783140214792e-11,3.871421060788802e-09,True,True,,,,
L32_gamma2p0_g0p25_T250,32,2.0,0.25,12.5,250,0.05,0.5,1.0,open,time,charge_density_wave,mode_weighted_envelope,5.068523979911881e-12,2.190248816624882e-09,5.450338128360513e-14,5.014020598628276e-12,True,True,,,,
L32_gamma2p0_g0p25_T300,32,2.0,0.25,15.0,300,0.05,0.5,1.0,open,time,charge_density_wave,mode_weighted_envelope,6.5620362913540974e-15,3.533785203937035e-12,6.819274765451127e-17,6.4938435436995864e-15,True,True,,,,
L32_gamma2p0_g0p25_T350,32,2.0,0.25,17.5,350,0.05,0.5,1.0,open,time,charge_density_wave,mode_weighted_envelope,8.496395166526583e-18,5.479412204980281e-15,8.597818862336731e-20,8.410416977903216e-18,True,True,,,,
L32_gamma2p0_g0p25_T400,32,2.0,0.25,20.0,400,0.05,0.5,1.0,open,time,charge_density_wave,mode_weighted_envelope,1.1001653233097548e-20,8.265540559750122e-18,1.0901110733656118e-22,1.0892642125760987e-20,True,True,,,,
L32_gamma2p0_g0p25_T500,32,2.0,0.25,25.0,500,0.05,0.5,1.0,open,time,charge_density_wave,mode_weighted_envelope,1.844840987802101e-26,1.778568966587931e-23,1.773117707964552e-28,1.8271098107224556e-26,True,True,,,,
L32_gamma2p0_g0p25_T100,32,2.0,0.25,5.0,100,0.05,0.5,1.0,open,early,charge_density_wave,early_log_graph_forecast,,,,,True,True,4.375380382102639e-07,0.00010950423376277006,2.6338502296970887,-1.4728510419620513
L32_gamma2p0_g0p25_T150,32,2.0,0.25,7.5,150,0.05,0.5,1.0,open,early,charge_density_wave,early_log_graph_forecast,,,,,True,True,6.044345248215768e-10,2.1495362615370252e-07,2.6338502296970887,-1.4728510419620513
L32_gamma2p0_g0p25_T200,32,2.0,0.25,10.0,200,0.05,0.5,1.0,open,early,charge_density_wave,early_log_graph_forecast,,,,,True,True,8.349927615223285e-13,3.849163438027332e-10,2.6338502296970887,-1.4728510419620513
L32_gamma2p0_g0p25_T250,32,2.0,0.25,12.5,250,0.05,0.5,1.0,open,time,charge_density_wave,early_log_graph_forecast,,,,,True,True,1.153496173966063e-15,6.532660200021052e-13,2.6338502296970887,-1.4728510419620513
L32_gamma2p0_g0p25_T300,32,2.0,0.25,15.0,300,0.05,0.5,1.0,open,time,charge_density_wave,early_log_graph_forecast,,,,,True,True,1.5934909674289025e-18,1.0703314249265031e-15,2.6338502296970887,-1.4728510419620513
L32_gamma2p0_g0p25_T350,32,2.0,0.25,17.5,350,0.05,0.5,1.0,open,time,charge_density_wave,early_log_graph_forecast,,,,,True,True,2.2013193633290766e-21,1.7105213011082551e-18,2.6338502296970887,-1.4728510419620513
L32_gamma2p0_g0p25_T400,32,2.0,0.25,20.0,400,0.05,0.5,1.0,open,time,charge_density_wave,early_log_graph_forecast,,,,,True,True,3.041000569451761e-24,2.6833718783034552e-21,2.6338502296970887,-1.4728510419620513
L32_gamma2p0_g0p25_T500,32,2.0,0.25,25.0,500,0.05,0.5,1.0,open,time,charge_density_wave,early_log_graph_forecast,,,,,True,True,5.8034119128564245e-30,6.343742691011757e-27,2.6338502296970887,-1.4728510419620513
L32_gamma2p0_g0p25_T100,32,2.0,0.25,5.0,100,0.05,0.5,1.0,open,early,left,global_gap_envelope,1.0,11.090354888959125,1.0,0.002313356206749165,False,False,,,,
L32_gamma2p0_g0p25_T150,32,2.0,0.25,7.5,150,0.05,0.5,1.0,open,early,left,global_gap_envelope,1.0,11.090354888959125,1.0,2.9892070487274453e-06,False,False,,,,
L32_gamma2p0_g0p25_T200,32,2.0,0.25,10.0,200,0.05,0.5,1.0,open,early,left,global_gap_envelope,1.0,11.090354888959125,1.0,3.871421060788802e-09,False,False,,,,
L32_gamma2p0_g0p25_T250,32,2.0,0.25,12.5,250,0.05,0.5,1.0,open,time,left,global_gap_envelope,1.0,11.090354888959125,1.0,5.014020598628276e-12,False,False,,,,
L32_gamma2p0_g0p25_T300,32,2.0,0.25,15.0,300,0.05,0.5,1.0,open,time,left,global_gap_envelope,1.0,11.090354888959125,1.0,6.4938435436995864e-15,False,False,,,,
L32_gamma2p0_g0p25_T350,32,2.0,0.25,17.5,350,0.05,0.5,1.0,open,time,left,global_gap_envelope,1.0,11.090354888959125,1.0,8.410416977903216e-18,False,False,,,,
L32_gamma2p0_g0p25_T400,32,2.0,0.25,20.0,400,0.05,0.5,1.0,open,time,left,global_gap_envelope,0.006607437992507217,0.636031798945327,0.006607437992507217,1.0892642125760987e-20,True,False,,,,
L32_gamma2p0_g0p25_T500,32,2.0,0.25,25.0,500,0.05,0.5,1.0,open,time,left,global_gap_envelope,1.1030273685145992e-08,3.410140976363083e-06,1.1030273685145992e-08,1.8271098107224556e-26,True,True,,,,
L32_gamma2p0_g0p25_T100,32,2.0,0.25,5.0,100,0.05,0.5,1.0,open,early,left,mode_weighted_envelope,1.0,11.090354888959125,1.0,0.002313356206749165,False,False,,,,
L32_gamma2p0_g0p25_T150,32,2.0,0.25,7.5,150,0.05,0.5,1.0,open,early,left,mode_weighted_envelope,1.0,11.090354888959125,1.0,2.9892070487274453e-06,False,False,,,,
L32_gamma2p0_g0p25_T200,32,2.0,0.25,10.0,200,0.05,0.5,1.0,open,early,left,mode_weighted_envelope,1.0,11.090354888959125,1.0,3.871421060788802e-09,False,False,,,,
L32_gamma2p0_g0p25_T250,32,2.0,0.25,12.5,250,0.05,0.5,1.0,open,time,left,mode_weighted_envelope,1.0,11.090354888959125,1.0,5.014020598628276e-12,False,False,,,,
L32_gamma2p0_g0p25_T300,32,2.0,0.25,15.0,300,0.05,0.5,1.0,open,time,left,mode_weighted_envelope,1.0,11.090354888959125,1.0,6.4938435436995864e-15,False,False,,,,
L32_gamma2p0_g0p25_T350,32,2.0,0.25,17.5,350,0.05,0.5,1.0,open,time,left,mode_weighted_envelope,0.006006561316639668,0.5873834131867144,0.0060065613166396595,8.410416977903216e-18,True,False,,,,
L32_gamma2p0_g0p25_T400,32,2.0,0.25,20.0,400,0.05,0.5,1.0,open,time,left,mode_weighted_envelope,6.206110292360815e-06,0.0012898752937566225,6.206110292360804e-06,1.0892642125760987e-20,True,True,,,,
L32_gamma2p0_g0p25_T500,32,2.0,0.25,25.0,500,0.05,0.5,1.0,open,time,left,mode_weighted_envelope,7.404861509437271e-12,3.1549312146517616e-09,7.404861509437254e-12,1.8271098107224556e-26,True,True,,,,
L32_gamma2p0_g0p25_T100,32,2.0,0.25,5.0,100,0.05,0.5,1.0,open,early,left,early_log_graph_forecast,,,,,False,False,1.0,11.090354888959125,4.071752255237572,48.95925160243221
L32_gamma2p0_g0p25_T150,32,2.0,0.25,7.5,150,0.05,0.5,1.0,open,early,left,early_log_graph_forecast,,,,,False,False,1.0,11.090354888959125,4.071752255237572,48.95925160243221
L32_gamma2p0_g0p25_T200,32,2.0,0.25,10.0,200,0.05,0.5,1.0,open,early,left,early_log_graph_forecast,,,,,False,False,0.9999999653027475,11.090354888959125,4.071752255237572,48.95925160243221
L32_gamma2p0_g0p25_T250,32,2.0,0.25,12.5,250,0.05,0.5,1.0,open,time,left,early_log_graph_forecast,,,,,False,False,0.14257038707980826,6.553634959259075,4.071752255237572,48.95925160243221
L32_gamma2p0_g0p25_T300,32,2.0,0.25,15.0,300,0.05,0.5,1.0,open,time,left,early_log_graph_forecast,,,,,True,True,5.4656241943294595e-06,0.0011470840601035728,4.071752255237572,48.95925160243221
L32_gamma2p0_g0p25_T350,32,2.0,0.25,17.5,350,0.05,0.5,1.0,open,time,left,early_log_graph_forecast,,,,,True,True,2.0739148762997544e-10,7.730364352531642e-08,4.071752255237572,48.95925160243221
L32_gamma2p0_g0p25_T400,32,2.0,0.25,20.0,400,0.05,0.5,1.0,open,time,left,early_log_graph_forecast,,,,,True,True,7.869408435610378e-15,4.21495506841443e-12,4.071752255237572,48.95925160243221
L32_gamma2p0_g0p25_T500,32,2.0,0.25,25.0,500,0.05,0.5,1.0,open,time,left,early_log_graph_forecast,,,,,True,True,1.1330378182565004e-23,9.759453838887954e-21,4.071752255237572,48.95925160243221
L40_gamma2p0_g0p0_T100,40,2.0,0.0,5.0,100,0.05,0.5,1.0,open,size,charge_density_wave,global_gap_envelope,3.3631836745334335e-06,0.0009149622460476993,7.72931097420203e-07,2.5902525771132303e-06,True,True,,,,
L40_gamma2p0_g0p0_T150,40,2.0,0.0,7.5,150,0.05,0.5,1.0,open,size,charge_density_wave,global_gap_envelope,4.409620768110631e-09,1.7849683748747355e-06,1.0134261533711007e-09,3.3961946147395304e-09,True,True,,,,
L40_gamma2p0_g0p0_T200,40,2.0,0.0,10.0,200,0.05,0.5,1.0,open,size,charge_density_wave,global_gap_envelope,5.781663586354002e-12,3.10779793024806e-09,1.328751248331165e-12,4.4529123380228375e-12,True,True,,,,
L40_gamma2p0_g0p0_T250,40,2.0,0.0,12.5,250,0.05,0.5,1.0,open,size,charge_density_wave,global_gap_envelope,7.580614224363195e-15,5.081010108670793e-12,1.7421889847656113e-15,5.838425239597584e-15,True,True,,,,
L40_gamma2p0_g0p0_T300,40,2.0,0.0,15.0,300,0.05,0.5,1.0,open,size,charge_density_wave,global_gap_envelope,9.939304001439824e-18,7.981268006193058e-15,2.284266872715043e-18,7.655037128724782e-18,True,True,,,,
L40_gamma2p0_g0p0_T350,40,2.0,0.0,17.5,350,0.05,0.5,1.0,open,size,charge_density_wave,global_gap_envelope,1.3031894396570082e-20,1.2194435458783682e-17,2.99501098411856e-21,1.0036883412451522e-20,True,True,,,,
L40_gamma2p0_g0p0_T400,40,2.0,0.0,20.0,400,0.05,0.5,1.0,open,size,charge_density_wave,global_gap_envelope,1.7086736811627253e-23,1.8256747593005618e-20,3.926901406370781e-24,1.3159835405256471e-23,True,True,,,,
L40_gamma2p0_g0p0_T500,40,2.0,0.0,25.0,500,0.05,0.5,1.0,open,size,charge_density_wave,global_gap_envelope,2.937394558286194e-29,3.918334223034312e-26,6.750767539270918e-30,2.262317804359102e-29,True,True,,,,
L40_gamma2p0_g0p0_T100,40,2.0,0.0,5.0,100,0.05,0.5,1.0,open,size,charge_density_wave,mode_weighted_envelope,3.849476208383982e-06,0.0010368619248628942,1.259223631270752e-06,2.5902525771132303e-06,True,True,,,,
L40_gamma2p0_g0p0_T150,40,2.0,0.0,7.5,150,0.05,0.5,1.0,open,size,charge_density_wave,mode_weighted_envelope,4.890840424638305e-09,1.969629638442386e-06,1.4946458098987752e-09,3.3961946147395304e-09,True,True,,,,
L40_gamma2p0_g0p0_T200,40,2.0,0.0,10.0,200,0.05,0.5,1.0,open,size,charge_density_wave,mode_weighted_envelope,6.282450174011096e-12,3.3665465517269607e-09,1.8295378359882582e-12,4.4529123380228375e-12,True,True,,,,
L40_gamma2p0_g0p0_T250,40,2.0,0.0,12.5,250,0.05,0.5,1.0,open,size,charge_density_wave,mode_weighted_envelope,8.116951195613597e-15,5.429399722646706e-12,2.278525956016012e-15,5.838425239597584e-15,True,True,,,,
L40_gamma2p0_g0p0_T300,40,2.0,0.0,15.0,300,0.05,0.5,1.0,open,size,charge_density_wave,mode_weighted_envelope,1.0524418685037652e-17,8.43907532629536e-15,2.8693815563128693e-18,7.655037128724782e-18,True,True,,,,
L40_gamma2p0_g0p0_T350,40,2.0,0.0,17.5,350,0.05,0.5,1.0,open,size,charge_density_wave,mode_weighted_envelope,1.3678398707701563e-20,1.2786148307038438e-17,3.6415152952500416e-21,1.0036883412451522e-20,True,True,,,,
L40_gamma2p0_g0p0_T400,40,2.0,0.0,20.0,400,0.05,0.5,1.0,open,size,charge_density_wave,mode_weighted_envelope,1.7807655560070154e-23,1.901231275096536e-20,4.647820154813684e-24,1.3159835405256471e-23,True,True,,,,
L40_gamma2p0_g0p0_T500,40,2.0,0.0,25.0,500,0.05,0.5,1.0,open,size,charge_density_wave,mode_weighted_envelope,3.0287380055691214e-29,4.038326729677744e-26,7.664202012100192e-30,2.262317804359102e-29,True,True,,,,
L40_gamma2p0_g0p0_T100,40,2.0,0.0,5.0,100,0.05,0.5,1.0,open,size,charge_density_wave,early_log_graph_forecast,,,,,True,True,3.6956877261268856e-07,0.00011686451105140022,2.637328757360791,-1.624285203628597
L40_gamma2p0_g0p0_T150,40,2.0,0.0,7.5,150,0.05,0.5,1.0,open,size,charge_density_wave,early_log_graph_forecast,,,,,True,True,5.061181965827419e-10,2.2678398105971107e-07,2.637328757360791,-1.624285203628597
L40_gamma2p0_g0p0_T200,40,2.0,0.0,10.0,200,0.05,0.5,1.0,open,size,charge_density_wave,early_log_graph_forecast,,,,,True,True,6.931203280548881e-13,4.0197614312306844e-10,2.637328757360791,-1.624285203628597
L40_gamma2p0_g0p0_T250,40,2.0,0.0,12.5,250,0.05,0.5,1.0,open,size,charge_density_wave,early_log_graph_forecast,,,,,True,True,9.492165909201326e-16,6.756693541412195e-13,2.637328757360791,-1.624285203628597
L40_gamma2p0_g0p0_T300,40,2.0,0.0,15.0,300,0.05,0.5,1.0,open,size,charge_density_wave,early_log_graph_forecast,,,,,True,True,1.2999361005708193e-18,1.0967357197178745e-15,2.637328757360791,-1.624285203628597
L40_gamma2p0_g0p0_T350,40,2.0,0.0,17.5,350,0.05,0.5,1.0,open,size,charge_density_wave,early_log_graph_forecast,,,,,True,True,1.7802405496612844e-21,1.7367150374920356e-18,2.637328757360791,-1.624285203628597
L40_gamma2p0_g0p0_T400,40,2.0,0.0,20.0,400,0.05,0.5,1.0,open,size,charge_density_wave,early_log_graph_forecast,,,,,True,True,2.438009386204944e-24,2.6998935451520374e-21,2.637328757360791,-1.624285203628597
L40_gamma2p0_g0p0_T500,40,2.0,0.0,25.0,500,0.05,0.5,1.0,open,size,charge_density_wave,early_log_graph_forecast,,,,,True,True,4.5724476492447005e-30,6.2695119726454825e-27,2.637328757360791,-1.624285203628597
L40_gamma2p0_g0p0_T100,40,2.0,0.0,5.0,100,0.05,0.5,1.0,open,size,left,global_gap_envelope,1.0,13.862943611198906,1.0,2.5902525771132303e-06,False,False,,,,
L40_gamma2p0_g0p0_T150,40,2.0,0.0,7.5,150,0.05,0.5,1.0,open,size,left,global_gap_envelope,1.0,13.862943611198906,1.0,3.3961946147395304e-09,False,False,,,,
L40_gamma2p0_g0p0_T200,40,2.0,0.0,10.0,200,0.05,0.5,1.0,open,size,left,global_gap_envelope,1.0,13.862943611198906,1.0,4.4529123380228375e-12,False,False,,,,
L40_gamma2p0_g0p0_T250,40,2.0,0.0,12.5,250,0.05,0.5,1.0,open,size,left,global_gap_envelope,1.0,13.862943611198906,1.0,5.838425239597584e-15,False,False,,,,
L40_gamma2p0_g0p0_T300,40,2.0,0.0,15.0,300,0.05,0.5,1.0,open,size,left,global_gap_envelope,1.0,13.862943611198906,1.0,7.655037128724782e-18,False,False,,,,
L40_gamma2p0_g0p0_T350,40,2.0,0.0,17.5,350,0.05,0.5,1.0,open,size,left,global_gap_envelope,1.0,13.862943611198906,1.0,1.0036883412451522e-20,False,False,,,,
L40_gamma2p0_g0p0_T400,40,2.0,0.0,20.0,400,0.05,0.5,1.0,open,size,left,global_gap_envelope,1.0,13.862943611198906,1.0,1.3159835405256471e-23,False,False,,,,
L40_gamma2p0_g0p0_T500,40,2.0,0.0,25.0,500,0.05,0.5,1.0,open,size,left,global_gap_envelope,0.0001537096145243665,0.03006673343097625,0.0001537096145243665,2.262317804359102e-29,True,True,,,,
L40_gamma2p0_g0p0_T100,40,2.0,0.0,5.0,100,0.05,0.5,1.0,open,size,left,mode_weighted_envelope,1.0,13.862943611198906,1.0,2.5902525771132303e-06,False,False,,,,
L40_gamma2p0_g0p0_T150,40,2.0,0.0,7.5,150,0.05,0.5,1.0,open,size,left,mode_weighted_envelope,1.0,13.862943611198906,1.0,3.3961946147395304e-09,False,False,,,,
L40_gamma2p0_g0p0_T200,40,2.0,0.0,10.0,200,0.05,0.5,1.0,open,size,left,mode_weighted_envelope,1.0,13.862943611198906,1.0,4.4529123380228375e-12,False,False,,,,
L40_gamma2p0_g0p0_T250,40,2.0,0.0,12.5,250,0.05,0.5,1.0,open,size,left,mode_weighted_envelope,1.0,13.862943611198906,1.0,5.838425239597584e-15,False,False,,,,
L40_gamma2p0_g0p0_T300,40,2.0,0.0,15.0,300,0.05,0.5,1.0,open,size,left,mode_weighted_envelope,1.0,13.862943611198906,1.0,7.655037128724782e-18,False,False,,,,
L40_gamma2p0_g0p0_T350,40,2.0,0.0,17.5,350,0.05,0.5,1.0,open,size,left,mode_weighted_envelope,1.0,13.862943611198906,1.0,1.0036883412451522e-20,False,False,,,,
L40_gamma2p0_g0p0_T400,40,2.0,0.0,20.0,400,0.05,0.5,1.0,open,size,left,mode_weighted_envelope,0.0234014278140537,2.219936747921044,0.0234014278140537,1.3159835405256471e-23,True,False,,,,
L40_gamma2p0_g0p0_T500,40,2.0,0.0,25.0,500,0.05,0.5,1.0,open,size,left,mode_weighted_envelope,2.6330408131668558e-08,9.71725889611345e-06,2.6330408131668558e-08,2.262317804359102e-29,True,True,,,,
L40_gamma2p0_g0p0_T100,40,2.0,0.0,5.0,100,0.05,0.5,1.0,open,size,left,early_log_graph_forecast,,,,,False,False,1.0,13.862943611198906,3.4948534383815804,59.18336040496107
L40_gamma2p0_g0p0_T150,40,2.0,0.0,7.5,150,0.05,0.5,1.0,open,size,left,early_log_graph_forecast,,,,,False,False,1.0,13.862943611198906,3.4948534383815804,59.18336040496107
L40_gamma2p0_g0p0_T200,40,2.0,0.0,10.0,200,0.05,0.5,1.0,open,size,left,early_log_graph_forecast,,,,,False,False,1.0,13.862943611198906,3.4948534383815804,59.18336040496107
L40_gamma2p0_g0p0_T250,40,2.0,0.0,12.5,250,0.05,0.5,1.0,open,size,left,early_log_graph_forecast,,,,,False,False,0.9999999999999827,13.862943611198906,3.4948534383815804,59.18336040496107
L40_gamma2p0_g0p0_T300,40,2.0,0.0,15.0,300,0.05,0.5,1.0,open,size,left,early_log_graph_forecast,,,,,False,False,0.9999993288450789,13.862943611198906,3.4948534383815804,59.18336040496107
L40_gamma2p0_g0p0_T350,40,2.0,0.0,17.5,350,0.05,0.5,1.0,open,size,left,early_log_graph_forecast,,,,,False,False,0.13723219941448492,7.998142669519648,3.4948534383815804,59.18336040496107
L40_gamma2p0_g0p0_T400,40,2.0,0.0,20.0,400,0.05,0.5,1.0,open,size,left,early_log_graph_forecast,,,,,True,True,2.2237992389388602e-05,0.005209782203201961,3.4948534383815804,59.18336040496107
L40_gamma2p0_g0p0_T500,40,2.0,0.0,25.0,500,0.05,0.5,1.0,open,size,left,early_log_graph_forecast,,,,,True,True,5.729513678967206e-13,3.3446581040263185e-10,3.4948534383815804,59.18336040496107
L40_gamma2p0_g0p05_T200,40,2.0,0.05,10.0,200,0.05,0.5,1.0,open,weak_skin,charge_density_wave,global_gap_envelope,2.5034131273602292e-11,1.2722736531961248e-08,2.8990823834605095e-12,2.2135048890141783e-11,True,True,,,,
L40_gamma2p0_g0p05_T300,40,2.0,0.05,15.0,300,0.05,0.5,1.0,open,weak_skin,charge_density_wave,global_gap_envelope,4.303637481148783e-17,3.329680076905988e-14,4.983835656312467e-18,3.805253915517536e-17,True,True,,,,
L40_gamma2p0_g0p05_T400,40,2.0,0.05,20.0,400,0.05,0.5,1.0,open,weak_skin,charge_density_wave,global_gap_envelope,7.398417531287027e-23,7.688167825046362e-20,8.567751641309958e-24,6.541642367156032e-23,True,True,,,,
L40_gamma2p0_g0p05_T500,40,2.0,0.05,25.0,500,0.05,0.5,1.0,open,weak_skin,charge_density_wave,global_gap_envelope,1.2718678607809663e-28,1.659327041099724e-25,1.472889020611943e-29,1.124578958719772e-28,True,True,,,,
L40_gamma2p0_g0p05_T200,40,2.0,0.05,10.0,200,0.05,0.5,1.0,open,weak_skin,charge_density_wave,mode_weighted_envelope,2.612566012727437e-11,1.3255168813098861e-08,3.9906112371325864e-12,2.2135048890141783e-11,True,True,,,,
L40_gamma2p0_g0p05_T300,40,2.0,0.05,15.0,300,0.05,0.5,1.0,open,weak_skin,charge_density_wave,mode_weighted_envelope,4.4311940374490546e-17,3.425780703367702e-14,6.259401219315184e-18,3.805253915517536e-17,True,True,,,,
L40_gamma2p0_g0p05_T400,40,2.0,0.05,20.0,400,0.05,0.5,1.0,open,weak_skin,charge_density_wave,mode_weighted_envelope,7.555593668825982e-23,7.848322900420669e-20,1.0139513016699503e-23,6.541642367156032e-23,True,True,,,,
L40_gamma2p0_g0p05_T500,40,2.0,0.05,25.0,500,0.05,0.5,1.0,open,weak_skin,charge_density_wave,mode_weighted_envelope,1.2917837250457934e-28,1.6849086131302688e-25,1.672047663260213e-29,1.124578958719772e-28,True,True,,,,
L40_gamma2p0_g0p05_T200,40,2.0,0.05,10.0,200,0.05,0.5,1.0,open,weak_skin,charge_density_wave,early_log_graph_forecast,,,,,True,True,7.497995232919945e-13,4.3366860629563306e-10,2.6321772884269055,-1.5971976421202363
L40_gamma2p0_g0p05_T300,40,2.0,0.05,15.0,300,0.05,0.5,1.0,open,weak_skin,charge_density_wave,early_log_graph_forecast,,,,,True,True,1.4429284658811436e-18,1.2143644692018004e-15,2.6321772884269055,-1.5971976421202363
L40_gamma2p0_g0p05_T400,40,2.0,0.05,20.0,400,0.05,0.5,1.0,open,weak_skin,charge_density_wave,early_log_graph_forecast,,,,,True,True,2.7767989882267606e-24,3.067848808232204e-21,2.6321772884269055,-1.5971976421202363
L40_gamma2p0_g0p05_T500,40,2.0,0.05,25.0,500,0.05,0.5,1.0,open,weak_skin,charge_density_wave,early_log_graph_forecast,,,,,True,True,5.343724795330465e-30,7.310389709707716e-27,2.6321772884269055,-1.5971976421202363
L40_gamma2p0_g0p05_T200,40,2.0,0.05,10.0,200,0.05,0.5,1.0,open,weak_skin,left,global_gap_envelope,1.0,13.862943611198906,1.0,2.2135048890141783e-11,False,False,,,,
L40_gamma2p0_g0p05_T300,40,2.0,0.05,15.0,300,0.05,0.5,1.0,open,weak_skin,left,global_gap_envelope,1.0,13.862943611198906,1.0,3.805253915517536e-17,False,False,,,,
L40_gamma2p0_g0p05_T400,40,2.0,0.05,20.0,400,0.05,0.5,1.0,open,weak_skin,left,global_gap_envelope,1.0,13.862943611198906,1.0,6.541642367156032e-23,False,False,,,,
L40_gamma2p0_g0p05_T500,40,2.0,0.05,25.0,500,0.05,0.5,1.0,open,weak_skin,left,global_gap_envelope,0.0003256482504623523,0.058809012312302386,0.0003256482504623523,1.124578958719772e-28,True,False,,,,
L40_gamma2p0_g0p05_T200,40,2.0,0.05,10.0,200,0.05,0.5,1.0,open,weak_skin,left,mode_weighted_envelope,1.0,13.862943611198906,1.0,2.2135048890141783e-11,False,False,,,,
L40_gamma2p0_g0p05_T300,40,2.0,0.05,15.0,300,0.05,0.5,1.0,open,weak_skin,left,mode_weighted_envelope,1.0,13.862943611198906,1.0,3.805253915517536e-17,False,False,,,,
L40_gamma2p0_g0p05_T400,40,2.0,0.05,20.0,400,0.05,0.5,1.0,open,weak_skin,left,mode_weighted_envelope,0.05204589484878794,4.089915079006646,0.05204589484878794,6.541642367156032e-23,False,False,,,,
L40_gamma2p0_g0p05_T500,40,2.0,0.05,25.0,500,0.05,0.5,1.0,open,weak_skin,left,mode_weighted_envelope,5.7402105697903245e-08,2.0289560462226777e-05,5.7402105697903245e-08,1.124578958719772e-28,True,True,,,,
L40_gamma2p0_g0p05_T200,40,2.0,0.05,10.0,200,0.05,0.5,1.0,open,weak_skin,left,early_log_graph_forecast,,,,,False,False,1.0,13.862943611198906,3.743429554756972,60.53700261952762
L40_gamma2p0_g0p05_T300,40,2.0,0.05,15.0,300,0.05,0.5,1.0,open,weak_skin,left,early_log_graph_forecast,,,,,False,False,0.9999224340589473,13.862943611198906,3.743429554756972,60.53700261952762
L40_gamma2p0_g0p05_T400,40,2.0,0.05,20.0,400,0.05,0.5,1.0,open,weak_skin,left,early_log_graph_forecast,,,,,True,True,5.968568851779853e-07,0.00018301527928530728,3.743429554756972,60.53700261952762
L40_gamma2p0_g0p05_T500,40,2.0,0.05,25.0,500,0.05,0.5,1.0,open,weak_skin,left,early_log_graph_forecast,,,,,True,True,4.437273652059582e-15,3.0216712049074775e-12,3.743429554756972,60.53700261952762
L40_gamma2p0_g0p1_T200,40,2.0,0.1,10.0,200,0.05,0.5,1.0,open,weak_skin,charge_density_wave,global_gap_envelope,1.3682955286822822e-10,6.489082736600847e-08,6.947781349643605e-12,1.2988177151858462e-10,True,True,,,,
L40_gamma2p0_g0p1_T300,40,2.0,0.1,15.0,300,0.05,0.5,1.0,open,weak_skin,charge_density_wave,global_gap_envelope,2.3522477602903526e-16,1.7400042485863308e-13,1.1943986352392085e-17,2.2328078967664316e-16,True,True,,,,
L40_gamma2p0_g0p1_T400,40,2.0,0.1,20.0,400,0.05,0.5,1.0,open,weak_skin,charge_density_wave,global_gap_envelope,4.0437678926007897e-22,4.064770830130927e-19,2.0533002235913845e-23,3.8384378702416514e-22,True,True,,,,
L40_gamma2p0_g0p1_T500,40,2.0,0.1,25.0,500,0.05,0.5,1.0,open,weak_skin,charge_density_wave,global_gap_envelope,6.951673648191927e-28,8.83326927352365e-25,3.5298447970480403e-29,6.598689168487123e-28,True,True,,,,
L40_gamma2p0_g0p1_T200,40,2.0,0.1,10.0,200,0.05,0.5,1.0,open,weak_skin,charge_density_wave,mode_weighted_envelope,1.394429249182979e-10,6.607744439523505e-08,9.561153399713289e-12,1.2988177151858462e-10,True,True,,,,
L40_gamma2p0_g0p1_T300,40,2.0,0.1,15.0,300,0.05,0.5,1.0,open,weak_skin,charge_density_wave,mode_weighted_envelope,2.3827931045000933e-16,1.761984388249967e-13,1.4998520773366153e-17,2.2328078967664316e-16,True,True,,,,
L40_gamma2p0_g0p1_T400,40,2.0,0.1,20.0,400,0.05,0.5,1.0,open,weak_skin,charge_density_wave,mode_weighted_envelope,4.0814093072472893e-22,4.101851429305174e-19,2.429714370056381e-23,3.8384378702416514e-22,True,True,,,,
L40_gamma2p0_g0p1_T500,40,2.0,0.1,25.0,500,0.05,0.5,1.0,open,weak_skin,charge_density_wave,mode_weighted_envelope,6.999371539047359e-28,8.892920234175781e-25,4.006823705602357e-29,6.598689168487123e-28,True,True,,,,
L40_gamma2p0_g0p1_T200,40,2.0,0.1,10.0,200,0.05,0.5,1.0,open,weak_skin,charge_density_wave,early_log_graph_forecast,,,,,True,True,8.111136008759242e-13,4.678562992512474e-10,2.62702581949302,-1.5701100806118755
L40_gamma2p0_g0p1_T300,40,2.0,0.1,15.0,300,0.05,0.5,1.0,open,weak_skin,charge_density_wave,early_log_graph_forecast,,,,,True,True,1.6016499247431258e-18,1.3446010441706443e-15,2.62702581949302,-1.5701100806118755
L40_gamma2p0_g0p1_T400,40,2.0,0.1,20.0,400,0.05,0.5,1.0,open,weak_skin,charge_density_wave,early_log_graph_forecast,,,,,True,True,3.1626673238611522e-24,3.485931550713603e-21,2.62702581949302,-1.5701100806118755
L40_gamma2p0_g0p1_T500,40,2.0,0.1,25.0,500,0.05,0.5,1.0,open,weak_skin,charge_density_wave,early_log_graph_forecast,,,,,True,True,6.2451004098310755e-30,8.524031921331141e-27,2.62702581949302,-1.5701100806118755
L40_gamma2p0_g0p1_T200,40,2.0,0.1,10.0,200,0.05,0.5,1.0,open,weak_skin,left,global_gap_envelope,1.0,13.862943611198906,1.0,1.2988177151858462e-10,False,False,,,,
L40_gamma2p0_g0p1_T300,40,2.0,0.1,15.0,300,0.05,0.5,1.0,open,weak_skin,left,global_gap_envelope,1.0,13.862943611198906,1.0,2.2328078967664316e-16,False,False,,,,
L40_gamma2p0_g0p1_T400,40,2.0,0.1,20.0,400,0.05,0.5,1.0,open,weak_skin,left,global_gap_envelope,1.0,13.862943611198906,1.0,3.8384378702416514e-22,False,False,,,,
L40_gamma2p0_g0p1_T500,40,2.0,0.1,25.0,500,0.05,0.5,1.0,open,weak_skin,left,global_gap_envelope,0.0007608529510666327,0.12448604145386458,0.0007608529510666327,6.598689168487123e-28,True,False,,,,
L40_gamma2p0_g0p1_T200,40,2.0,0.1,10.0,200,0.05,0.5,1.0,open,weak_skin,left,mode_weighted_envelope,1.0,13.862943611198906,1.0,1.2988177151858462e-10,False,False,,,,
L40_gamma2p0_g0p1_T300,40,2.0,0.1,15.0,300,0.05,0.5,1.0,open,weak_skin,left,mode_weighted_envelope,1.0,13.862943611198906,1.0,2.2328078967664316e-16,False,False,,,,
L40_gamma2p0_g0p1_T400,40,2.0,0.1,20.0,400,0.05,0.5,1.0,open,weak_skin,left,mode_weighted_envelope,0.13110944516531536,7.769805747984919,0.13110944516531536,3.8384378702416514e-22,False,False,,,,
L40_gamma2p0_g0p1_T500,40,2.0,0.1,25.0,500,0.05,0.5,1.0,open,weak_skin,left,mode_weighted_envelope,1.3798920005779437e-07,4.635358141970933e-05,1.3798920005779437e-07,6.598689168487123e-28,True,True,,,,
L40_gamma2p0_g0p1_T200,40,2.0,0.1,10.0,200,0.05,0.5,1.0,open,weak_skin,left,early_log_graph_forecast,,,,,False,False,1.0,13.862943611198906,3.9920056711323624,61.890644834094154
L40_gamma2p0_g0p1_T300,40,2.0,0.1,15.0,300,0.05,0.5,1.0,open,weak_skin,left,early_log_graph_forecast,,,,,False,False,0.9911523825605636,13.862943611198906,3.9920056711323624,61.890644834094154
L40_gamma2p0_g0p1_T400,40,2.0,0.1,20.0,400,0.05,0.5,1.0,open,weak_skin,left,early_log_graph_forecast,,,,,True,True,1.6019348107448602e-08,6.071162672857699e-06,3.9920056711323624,61.890644834094154
L40_gamma2p0_g0p1_T500,40,2.0,0.1,25.0,500,0.05,0.5,1.0,open,weak_skin,left,early_log_graph_forecast,,,,,True,True,3.436486683946908e-17,2.6742393625573485e-14,3.9920056711323624,61.890644834094154
L40_gamma2p0_g0p25_T100,40,2.0,0.25,5.0,100,0.05,0.5,1.0,open,size,charge_density_wave,global_gap_envelope,0.017932422506896632,1.7975907193371623,5.8910353001815967e-05,0.017873512153894815,True,False,,,,
L40_gamma2p0_g0p25_T150,40,2.0,0.25,7.5,150,0.05,0.5,1.0,open,size,charge_density_wave,global_gap_envelope,2.31010718344375e-05,0.005394386722533265,7.72368482215309e-08,2.302383498621597e-05,True,True,,,,
L40_gamma2p0_g0p25_T200,40,2.0,0.25,10.0,200,0.05,0.5,1.0,open,size,charge_density_wave,global_gap_envelope,3.028822033636215e-08,1.1093064909862713e-05,1.0126890099117245e-10,3.0186951435370976e-08,True,True,,,,
L40_gamma2p0_g0p25_T250,40,2.0,0.25,12.5,250,0.05,0.5,1.0,open,size,charge_density_wave,global_gap_envelope,3.971232562828061e-11,1.9815941779319394e-08,1.3277847453755443e-13,3.9579547153743056e-11,True,True,,,,
L40_gamma2p0_g0p25_T300,40,2.0,0.25,15.0,300,0.05,0.5,1.0,open,size,charge_density_wave,global_gap_envelope,5.2068719674395556e-14,3.289307238135118e-11,1.7409217567550496e-16,5.189462749872005e-14,True,True,,,,
L40_gamma2p0_g0p25_T350,40,2.0,0.25,17.5,350,0.05,0.5,1.0,open,size,charge_density_wave,global_gap_envelope,6.826977583772486e-17,5.2189600940329203e-14,2.282605349774644e-19,6.80415153027474e-17,True,True,,,,
L40_gamma2p0_g0p25_T400,40,2.0,0.25,20.0,400,0.05,0.5,1.0,open,size,charge_density_wave,global_gap_envelope,8.951175143308499e-20,8.030979485942499e-17,2.992832482334793e-22,8.921246818485151e-20,True,True,,,,
L40_gamma2p0_g0p25_T500,40,2.0,0.25,25.0,500,0.05,0.5,1.0,open,size,charge_density_wave,global_gap_envelope,1.5388036607627156e-25,1.7891246086013828e-22,5.145002199302426e-28,1.5336586585634133e-25,True,True,,,,
L40_gamma2p0_g0p25_T100,40,2.0,0.25,5.0,100,0.05,0.5,1.0,open,size,charge_density_wave,mode_weighted_envelope,0.017969230271501064,1.80053681679496,9.571811760625009e-05,0.017873512153894815,True,False,,,,
L40_gamma2p0_g0p25_T150,40,2.0,0.25,7.5,150,0.05,0.5,1.0,open,size,charge_density_wave,mode_weighted_envelope,2.313754963849763e-05,0.0054021746018774845,1.1371465228166108e-07,2.302383498621597e-05,True,True,,,,
L40_gamma2p0_g0p25_T200,40,2.0,0.25,10.0,200,0.05,0.5,1.0,open,size,charge_density_wave,mode_weighted_envelope,3.032621243848865e-08,1.1106219204139696e-05,1.3926100311767868e-10,3.0186951435370976e-08,True,True,,,,
L40_gamma2p0_g0p25_T250,40,2.0,0.25,12.5,250,0.05,0.5,1.0,open,size,charge_density_wave,mode_weighted_envelope,3.975303498281646e-11,1.983544062148943e-08,1.7348782907340186e-13,3.9579547153743056e-11,True,True,,,,
L40_gamma2p0_g0p25_T300,40,2.0,0.25,15.0,300,0.05,0.5,1.0,open,size,charge_density_wave,mode_weighted_envelope,5.2113146082156676e-14,3.2920248712939424e-11,2.1851858343662718e-16,5.189462749872005e-14,True,True,,,,
L40_gamma2p0_g0p25_T350,40,2.0,0.25,17.5,350,0.05,0.5,1.0,open,size,charge_density_wave,mode_weighted_envelope,6.831887486737802e-17,5.222615291427668e-14,2.773595646306227e-19,6.80415153027474e-17,True,True,,,,
L40_gamma2p0_g0p25_T400,40,2.0,0.25,20.0,400,0.05,0.5,1.0,open,size,charge_density_wave,mode_weighted_envelope,8.956651123710406e-20,8.035782973371702e-17,3.540430522525506e-22,8.921246818485151e-20,True,True,,,,
L40_gamma2p0_g0p25_T500,40,2.0,0.25,25.0,500,0.05,0.5,1.0,open,size,charge_density_wave,mode_weighted_envelope,1.5394976470766541e-25,1.7899176045074628e-22,5.838988513240799e-28,1.5336586585634133e-25,True,True,,,,
L40_gamma2p0_g0p25_T100,40,2.0,0.25,5.0,100,0.05,0.5,1.0,open,size,charge_density_wave,early_log_graph_forecast,,,,,True,True,4.813339815059124e-07,0.00014966314081933373,2.611571412691363,-1.4888473960867934
L40_gamma2p0_g0p25_T150,40,2.0,0.25,7.5,150,0.05,0.5,1.0,open,size,charge_density_wave,early_log_graph_forecast,,,,,True,True,7.030219570335331e-10,3.103930941606192e-07,2.611571412691363,-1.4888473960867934
L40_gamma2p0_g0p25_T200,40,2.0,0.25,10.0,200,0.05,0.5,1.0,open,size,charge_density_wave,early_log_graph_forecast,,,,,True,True,1.0268127559265846e-12,5.874305729900616e-10,2.611571412691363,-1.4888473960867934
L40_gamma2p0_g0p25_T250,40,2.0,0.25,12.5,250,0.05,0.5,1.0,open,size,charge_density_wave,early_log_graph_forecast,,,,,True,True,1.4997318720775954e-15,1.0538162962479608e-12,2.611571412691363,-1.4888473960867934
L40_gamma2p0_g0p25_T300,40,2.0,0.25,15.0,300,0.05,0.5,1.0,open,size,charge_density_wave,early_log_graph_forecast,,,,,True,True,2.1904633295051883e-18,1.825200002642599e-15,2.611571412691363,-1.4888473960867934
L40_gamma2p0_g0p25_T350,40,2.0,0.25,17.5,350,0.05,0.5,1.0,open,size,charge_density_wave,early_log_graph_forecast,,,,,True,True,3.1993249508394138e-21,3.0835955849954887e-18,2.611571412691363,-1.4888473960867934
L40_gamma2p0_g0p25_T400,40,2.0,0.25,20.0,400,0.05,0.5,1.0,open,size,charge_density_wave,early_log_graph_forecast,,,,,True,True,4.672837934874624e-24,5.1139795972742925e-21,2.611571412691363,-1.4888473960867934
L40_gamma2p0_g0p25_T500,40,2.0,0.25,25.0,500,0.05,0.5,1.0,open,size,charge_density_wave,early_log_graph_forecast,,,,,True,True,9.96839986841329e-30,1.351279058442529e-26,2.611571412691363,-1.4888473960867934
L40_gamma2p0_g0p25_T100,40,2.0,0.25,5.0,100,0.05,0.5,1.0,open,size,left,global_gap_envelope,1.0,13.862943611198906,1.0,0.017873512153894815,False,False,,,,
L40_gamma2p0_g0p25_T150,40,2.0,0.25,7.5,150,0.05,0.5,1.0,open,size,left,global_gap_envelope,1.0,13.862943611198906,1.0,2.302383498621597e-05,False,False,,,,
L40_gamma2p0_g0p25_T200,40,2.0,0.25,10.0,200,0.05,0.5,1.0,open,size,left,global_gap_envelope,1.0,13.862943611198906,1.0,3.0186951435370976e-08,False,False,,,,
L40_gamma2p0_g0p25_T250,40,2.0,0.25,12.5,250,0.05,0.5,1.0,open,size,left,global_gap_envelope,1.0,13.862943611198906,1.0,3.9579547153743056e-11,False,False,,,,
L40_gamma2p0_g0p25_T300,40,2.0,0.25,15.0,300,0.05,0.5,1.0,open,size,left,global_gap_envelope,1.0,13.862943611198906,1.0,5.189462749872005e-14,False,False,,,,
L40_gamma2p0_g0p25_T350,40,2.0,0.25,17.5,350,0.05,0.5,1.0,open,size,left,global_gap_envelope,1.0,13.862943611198906,1.0,6.80415153027474e-17,False,False,,,,
L40_gamma2p0_g0p25_T400,40,2.0,0.25,20.0,400,0.05,0.5,1.0,open,size,left,global_gap_envelope,1.0,13.862943611198906,1.0,8.921246818485151e-20,False,False,,,,
L40_gamma2p0_g0p25_T500,40,2.0,0.25,25.0,500,0.05,0.5,1.0,open,size,left,global_gap_envelope,0.010728246940123688,1.186435049378881,0.010728246940123688,1.5336586585634133e-25,True,False,,,,
L40_gamma2p0_g0p25_T100,40,2.0,0.25,5.0,100,0.05,0.5,1.0,open,size,left,mode_weighted_envelope,1.0,13.862943611198906,1.0,0.017873512153894815,False,False,,,,
L40_gamma2p0_g0p25_T150,40,2.0,0.25,7.5,150,0.05,0.5,1.0,open,size,left,mode_weighted_envelope,1.0,13.862943611198906,1.0,2.302383498621597e-05,False,False,,,,
L40_gamma2p0_g0p25_T200,40,2.0,0.25,10.0,200,0.05,0.5,1.0,open,size,left,mode_weighted_envelope,1.0,13.862943611198906,1.0,3.0186951435370976e-08,False,False,,,,
L40_gamma2p0_g0p25_T250,40,2.0,0.25,12.5,250,0.05,0.5,1.0,open,size,left,mode_weighted_envelope,1.0,13.862943611198906,1.0,3.9579547153743056e-11,False,False,,,,
L40_gamma2p0_g0p25_T300,40,2.0,0.25,15.0,300,0.05,0.5,1.0,open,size,left,mode_weighted_envelope,1.0,13.862943611198906,1.0,5.189462749872005e-14,False,False,,,,
L40_gamma2p0_g0p25_T350,40,2.0,0.25,17.5,350,0.05,0.5,1.0,open,size,left,mode_weighted_envelope,1.0,13.862943611198906,1.0,6.80415153027474e-17,False,False,,,,
L40_gamma2p0_g0p25_T400,40,2.0,0.25,20.0,400,0.05,0.5,1.0,open,size,left,mode_weighted_envelope,1.0,13.862943611198906,1.0,8.921246818485151e-20,False,False,,,,
L40_gamma2p0_g0p25_T500,40,2.0,0.25,25.0,500,0.05,0.5,1.0,open,size,left,mode_weighted_envelope,2.1238887793311807e-06,0.0005973335567100093,2.1238887793311807e-06,1.5336586585634133e-25,True,True,,,,
L40_gamma2p0_g0p25_T100,40,2.0,0.25,5.0,100,0.05,0.5,1.0,open,size,left,early_log_graph_forecast,,,,,False,False,1.0,13.862943611198906,4.737734020258536,65.95157147779378
L40_gamma2p0_g0p25_T150,40,2.0,0.25,7.5,150,0.05,0.5,1.0,open,size,left,early_log_graph_forecast,,,,,False,False,1.0,13.862943611198906,4.737734020258536,65.95157147779378
L40_gamma2p0_g0p25_T200,40,2.0,0.25,10.0,200,0.05,0.5,1.0,open,size,left,early_log_graph_forecast,,,,,False,False,1.0,13.862943611198906,4.737734020258536,65.95157147779378
L40_gamma2p0_g0p25_T250,40,2.0,0.25,12.5,250,0.05,0.5,1.0,open,size,left,early_log_graph_forecast,,,,,False,False,0.9999992863981765,13.862943611198906,4.737734020258536,65.95157147779378
L40_gamma2p0_g0p25_T300,40,2.0,0.25,15.0,300,0.05,0.5,1.0,open,size,left,early_log_graph_forecast,,,,,True,False,0.006009240675685233,0.7345030248404248,4.737734020258536,65.95157147779378
L40_gamma2p0_g0p25_T350,40,2.0,0.25,17.5,350,0.05,0.5,1.0,open,size,left,early_log_graph_forecast,,,,,True,True,4.314178254947847e-08,1.549547033029119e-05,4.737734020258536,65.95157147779378
L40_gamma2p0_g0p25_T400,40,2.0,0.25,20.0,400,0.05,0.5,1.0,open,size,left,early_log_graph_forecast,,,,,True,True,3.0971962957981633e-13,1.8461215714628112e-10,4.737734020258536,65.95157147779378
L40_gamma2p0_g0p25_T500,40,2.0,0.25,25.0,500,0.05,0.5,1.0,open,size,left,early_log_graph_forecast,,,,,True,True,1.5962834925956317e-23,1.7077608770607695e-20,4.737734020258536,65.95157147779378
L48_gamma2p0_g0p0_T100,48,2.0,0.0,5.0,100,0.05,0.5,1.0,open,size,charge_density_wave,global_gap_envelope,3.4126172856536783e-06,0.0011128978498388935,7.844056916539056e-07,2.6282115939997726e-06,True,True,,,,
L48_gamma2p0_g0p0_T150,48,2.0,0.0,7.5,150,0.05,0.5,1.0,open,size,charge_density_wave,global_gap_envelope,4.504803978108284e-09,2.1858881752274755e-06,1.035451423768032e-09,3.469352554340252e-09,True,True,,,,
L48_gamma2p0_g0p0_T200,48,2.0,0.0,10.0,200,0.05,0.5,1.0,open,size,charge_density_wave,global_gap_envelope,5.946550955370889e-12,3.831701934107305e-09,1.3668440837669545e-12,4.579706871603935e-12,True,True,,,,
L48_gamma2p0_g0p0_T250,48,2.0,0.0,12.5,250,0.05,0.5,1.0,open,size,charge_density_wave,global_gap_envelope,7.849724102798528e-15,6.3070896674107776e-12,1.8042978240103485e-15,6.04542627878818e-15,True,True,,,,
L48_gamma2p0_g0p0_T300,48,2.0,0.0,15.0,300,0.05,0.5,1.0,open,size,charge_density_wave,global_gap_envelope,1.0362001259677171e-17,9.974475580745636e-15,2.381757126796681e-18,7.98024413288049e-18,True,True,,,,
L48_gamma2p0_g0p0_T350,48,2.0,0.0,17.5,350,0.05,0.5,1.0,open,size,charge_density_wave,global_gap_envelope,1.367832406584489e-20,1.5343296032339115e-17,3.1440302900981895e-21,1.0534293775746701e-20,True,True,,,,
L48_gamma2p0_g0p0_T400,48,2.0,0.0,20.0,400,0.05,0.5,1.0,open,size,charge_density_wave,global_gap_envelope,1.805602456142729e-23,2.3126977951286152e-20,4.15026635329083e-24,1.390575820813646e-23,True,True,,,,
L48_gamma2p0_g0p0_T500,48,2.0,0.0,25.0,500,0.05,0.5,1.0,open,size,charge_density_wave,global_gap_envelope,3.1463036414745663e-29,5.0312218881284466e-26,7.231934192393512e-30,2.423110222235215e-29,True,True,,,,
L48_gamma2p0_g0p0_T100,48,2.0,0.0,5.0,100,0.05,0.5,1.0,open,size,charge_density_wave,mode_weighted_envelope,4.029097839642962e-06,0.0012978819463321002,1.4008862456431894e-06,2.6282115939997726e-06,True,True,,,,
L48_gamma2p0_g0p0_T150,48,2.0,0.0,7.5,150,0.05,0.5,1.0,open,size,charge_density_wave,mode_weighted_envelope,5.1397006350100246e-09,2.4776980753830413e-06,1.670348080669773e-09,3.469352554340252e-09,True,True,,,,
L48_gamma2p0_g0p0_T200,48,2.0,0.0,10.0,200,0.05,0.5,1.0,open,size,charge_density_wave,mode_weighted_envelope,6.63283325100225e-12,4.256526138444573e-09,2.053126379398315e-12,4.579706871603935e-12,True,True,,,,
L48_gamma2p0_g0p0_T250,48,2.0,0.0,12.5,250,0.05,0.5,1.0,open,size,charge_density_wave,mode_weighted_envelope,8.612510528602741e-15,6.900803798889596e-12,2.5670842498145612e-15,6.04542627878818e-15,True,True,,,,
L48_gamma2p0_g0p0_T300,48,2.0,0.0,15.0,300,0.05,0.5,1.0,open,size,charge_density_wave,mode_weighted_envelope,1.1225353195371497e-17,1.0783978623299902e-14,3.2451090624910056e-18,7.98024413288049e-18,True,True,,,,
L48_gamma2p0_g0p0_T350,48,2.0,0.0,17.5,350,0.05,0.5,1.0,open,size,charge_density_wave,mode_weighted_envelope,1.466803595554468e-20,1.6428886588097264e-17,4.1337421797979805e-21,1.0534293775746701e-20,True,True,,,,
L48_gamma2p0_g0p0_T400,48,2.0,0.0,20.0,400,0.05,0.5,1.0,open,size,charge_density_wave,mode_weighted_envelope,1.9201310410747343e-23,2.456557145465676e-20,5.295552202610881e-24,1.390575820813646e-23,True,True,,,,
L48_gamma2p0_g0p0_T500,48,2.0,0.0,25.0,500,0.05,0.5,1.0,open,size,charge_density_wave,mode_weighted_envelope,3.3027652367459174e-29,5.277571085074318e-26,8.796550145107024e-30,2.423110222235215e-29,True,True,,,,
L48_gamma2p0_g0p0_T100,48,2.0,0.0,5.0,100,0.05,0.5,1.0,open,size,charge_density_wave,early_log_graph_forecast,,,,,True,True,4.047889977855354e-07,0.0001527178186408126,2.617988957962637,-1.6299551089128126
L48_gamma2p0_g0p0_T150,48,2.0,0.0,7.5,150,0.05,0.5,1.0,open,size,charge_density_wave,early_log_graph_forecast,,,,,True,True,5.818128440952124e-10,3.1089572813773965e-07,2.617988957962637,-1.6299551089128126
L48_gamma2p0_g0p0_T200,48,2.0,0.0,10.0,200,0.05,0.5,1.0,open,size,charge_density_wave,early_log_graph_forecast,,,,,True,True,8.362534243914382e-13,5.782159506474248e-10,2.617988957962637,-1.6299551089128126
L48_gamma2p0_g0p0_T250,48,2.0,0.0,12.5,250,0.05,0.5,1.0,open,size,charge_density_wave,early_log_graph_forecast,,,,,True,True,1.201966915828296e-15,1.0198876907871088e-12,2.617988957962637,-1.6299551089128126
L48_gamma2p0_g0p0_T300,48,2.0,0.0,15.0,300,0.05,0.5,1.0,open,size,charge_density_wave,early_log_graph_forecast,,,,,True,True,1.7276156062346013e-18,1.7372815248179015e-15,2.617988957962637,-1.6299551089128126
L48_gamma2p0_g0p0_T350,48,2.0,0.0,17.5,350,0.05,0.5,1.0,open,size,charge_density_wave,early_log_graph_forecast,,,,,True,True,2.483142958097621e-21,2.8870864632551782e-18,2.617988957962637,-1.6299551089128126
L48_gamma2p0_g0p0_T400,48,2.0,0.0,20.0,400,0.05,0.5,1.0,open,size,charge_density_wave,early_log_graph_forecast,,,,,True,True,3.569080371870924e-24,4.710306749541783e-21,2.617988957962637,-1.6299551089128126
L48_gamma2p0_g0p0_T500,48,2.0,0.0,25.0,500,0.05,0.5,1.0,open,size,charge_density_wave,early_log_graph_forecast,,,,,True,True,7.373361675423869e-30,1.2047426314590178e-26,2.617988957962637,-1.6299551089128126
L48_gamma2p0_g0p0_T100,48,2.0,0.0,5.0,100,0.05,0.5,1.0,open,size,left,global_gap_envelope,1.0,16.635532333438686,1.0,2.6282115939997726e-06,False,False,,,,
L48_gamma2p0_g0p0_T150,48,2.0,0.0,7.5,150,0.05,0.5,1.0,open,size,left,global_gap_envelope,1.0,16.635532333438686,1.0,3.469352554340252e-09,False,False,,,,
L48_gamma2p0_g0p0_T200,48,2.0,0.0,10.0,200,0.05,0.5,1.0,open,size,left,global_gap_envelope,1.0,16.635532333438686,1.0,4.579706871603935e-12,False,False,,,,
L48_gamma2p0_g0p0_T250,48,2.0,0.0,12.5,250,0.05,0.5,1.0,open,size,left,global_gap_envelope,1.0,16.635532333438686,1.0,6.04542627878818e-15,False,False,,,,
L48_gamma2p0_g0p0_T300,48,2.0,0.0,15.0,300,0.05,0.5,1.0,open,size,left,global_gap_envelope,1.0,16.635532333438686,1.0,7.98024413288049e-18,False,False,,,,
L48_gamma2p0_g0p0_T350,48,2.0,0.0,17.5,350,0.05,0.5,1.0,open,size,left,global_gap_envelope,1.0,16.635532333438686,1.0,1.0534293775746701e-20,False,False,,,,
L48_gamma2p0_g0p0_T400,48,2.0,0.0,20.0,400,0.05,0.5,1.0,open,size,left,global_gap_envelope,1.0,16.635532333438686,1.0,1.390575820813646e-23,False,False,,,,
L48_gamma2p0_g0p0_T500,48,2.0,0.0,25.0,500,0.05,0.5,1.0,open,size,left,global_gap_envelope,1.0,16.635532333438686,1.0,2.423110222235215e-29,False,False,,,,
L48_gamma2p0_g0p0_T100,48,2.0,0.0,5.0,100,0.05,0.5,1.0,open,size,left,mode_weighted_envelope,1.0,16.635532333438686,1.0,2.6282115939997726e-06,False,False,,,,
L48_gamma2p0_g0p0_T150,48,2.0,0.0,7.5,150,0.05,0.5,1.0,open,size,left,mode_weighted_envelope,1.0,16.635532333438686,1.0,3.469352554340252e-09,False,False,,,,
L48_gamma2p0_g0p0_T200,48,2.0,0.0,10.0,200,0.05,0.5,1.0,open,size,left,mode_weighted_envelope,1.0,16.635532333438686,1.0,4.579706871603935e-12,False,False,,,,
L48_gamma2p0_g0p0_T250,48,2.0,0.0,12.5,250,0.05,0.5,1.0,open,size,left,mode_weighted_envelope,1.0,16.635532333438686,1.0,6.04542627878818e-15,False,False,,,,
L48_gamma2p0_g0p0_T300,48,2.0,0.0,15.0,300,0.05,0.5,1.0,open,size,left,mode_weighted_envelope,1.0,16.635532333438686,1.0,7.98024413288049e-18,False,False,,,,
L48_gamma2p0_g0p0_T350,48,2.0,0.0,17.5,350,0.05,0.5,1.0,open,size,left,mode_weighted_envelope,1.0,16.635532333438686,1.0,1.0534293775746701e-20,False,False,,,,
L48_gamma2p0_g0p0_T400,48,2.0,0.0,20.0,400,0.05,0.5,1.0,open,size,left,mode_weighted_envelope,1.0,16.635532333438686,1.0,1.390575820813646e-23,False,False,,,,
L48_gamma2p0_g0p0_T500,48,2.0,0.0,25.0,500,0.05,0.5,1.0,open,size,left,mode_weighted_envelope,0.002766020224509642,0.45732016051297214,0.002766020224509642,2.423110222235215e-29,True,False,,,,
L48_gamma2p0_g0p0_T100,48,2.0,0.0,5.0,100,0.05,0.5,1.0,open,size,left,early_log_graph_forecast,,,,,False,False,1.0,16.635532333438686,3.658377647717937,72.6939281289253
L48_gamma2p0_g0p0_T150,48,2.0,0.0,7.5,150,0.05,0.5,1.0,open,size,left,early_log_graph_forecast,,,,,False,False,1.0,16.635532333438686,3.658377647717937,72.6939281289253
L48_gamma2p0_g0p0_T200,48,2.0,0.0,10.0,200,0.05,0.5,1.0,open,size,left,early_log_graph_forecast,,,,,False,False,1.0,16.635532333438686,3.658377647717937,72.6939281289253
L48_gamma2p0_g0p0_T250,48,2.0,0.0,12.5,250,0.05,0.5,1.0,open,size,left,early_log_graph_forecast,,,,,False,False,1.0,16.635532333438686,3.658377647717937,72.6939281289253
L48_gamma2p0_g0p0_T300,48,2.0,0.0,15.0,300,0.05,0.5,1.0,open,size,left,early_log_graph_forecast,,,,,False,False,0.9999999999999998,16.635532333438686,3.658377647717937,72.6939281289253
L48_gamma2p0_g0p0_T350,48,2.0,0.0,17.5,350,0.05,0.5,1.0,open,size,left,early_log_graph_forecast,,,,,False,False,0.9999999853347603,16.635532333438686,3.658377647717937,72.6939281289253
L48_gamma2p0_g0p0_T400,48,2.0,0.0,20.0,400,0.05,0.5,1.0,open,size,left,early_log_graph_forecast,,,,,False,False,0.5286192161053783,16.635532333438686,3.658377647717937,72.6939281289253
L48_gamma2p0_g0p0_T500,48,2.0,0.0,25.0,500,0.05,0.5,1.0,open,size,left,early_log_graph_forecast,,,,,True,True,7.083391177634722e-09,3.3601646600169133e-06,3.658377647717937,72.6939281289253
L48_gamma2p0_g0p05_T200,48,2.0,0.05,10.0,200,0.05,0.5,1.0,open,weak_skin,charge_density_wave,global_gap_envelope,3.758975306904454e-11,2.2557721746273623e-08,3.642381599194952e-12,3.394737146984959e-11,True,True,,,,
L48_gamma2p0_g0p05_T300,48,2.0,0.05,15.0,300,0.05,0.5,1.0,open,weak_skin,charge_density_wave,global_gap_envelope,6.550100580404757e-17,6.01526645053347e-14,6.346933374048013e-18,5.915407242999956e-17,True,True,,,,
L48_gamma2p0_g0p05_T400,48,2.0,0.05,20.0,400,0.05,0.5,1.0,open,weak_skin,charge_density_wave,global_gap_envelope,1.1413700307086445e-22,1.4114083931472432e-19,1.1059676795978685e-23,1.0307732627488576e-22,True,True,,,,
L48_gamma2p0_g0p05_T500,48,2.0,0.05,25.0,500,0.05,0.5,1.0,open,weak_skin,charge_density_wave,global_gap_envelope,1.9888634243221666e-28,3.0923557800249843e-25,1.927174016536042e-29,1.7961460226685625e-28,True,True,,,,
L48_gamma2p0_g0p05_T200,48,2.0,0.05,10.0,200,0.05,0.5,1.0,open,weak_skin,charge_density_wave,mode_weighted_envelope,3.941699957662644e-11,2.3609354840036578e-08,5.469628106776847e-12,3.394737146984959e-11,True,True,,,,
L48_gamma2p0_g0p05_T300,48,2.0,0.05,15.0,300,0.05,0.5,1.0,open,weak_skin,charge_density_wave,mode_weighted_envelope,6.780011519078174e-17,6.220790926132227e-14,8.646042760782179e-18,5.915407242999956e-17,True,True,,,,
L48_gamma2p0_g0p05_T400,48,2.0,0.05,20.0,400,0.05,0.5,1.0,open,weak_skin,charge_density_wave,mode_weighted_envelope,1.171871786276278e-22,1.448384864916755e-19,1.4109852352742047e-23,1.0307732627488576e-22,True,True,,,,
L48_gamma2p0_g0p05_T500,48,2.0,0.05,25.0,500,0.05,0.5,1.0,open,weak_skin,charge_density_wave,mode_weighted_envelope,2.0305351888767875e-28,3.156137998187735e-25,2.3438916620822515e-29,1.7961460226685625e-28,True,True,,,,
L48_gamma2p0_g0p05_T200,48,2.0,0.05,10.0,200,0.05,0.5,1.0,open,weak_skin,charge_density_wave,early_log_graph_forecast,,,,,True,True,9.080929150041687e-13,6.260922088753823e-10,2.6122496855072375,-1.6049328371725573
L48_gamma2p0_g0p05_T300,48,2.0,0.05,15.0,300,0.05,0.5,1.0,open,weak_skin,charge_density_wave,early_log_graph_forecast,,,,,True,True,1.9306438611805412e-18,1.9362973170913204e-15,2.6122496855072375,-1.6049328371725573
L48_gamma2p0_g0p05_T400,48,2.0,0.05,20.0,400,0.05,0.5,1.0,open,weak_skin,charge_density_wave,early_log_graph_forecast,,,,,True,True,4.1046303270596464e-24,5.403328126634703e-21,2.6122496855072375,-1.6049328371725573
L48_gamma2p0_g0p05_T500,48,2.0,0.05,25.0,500,0.05,0.5,1.0,open,weak_skin,charge_density_wave,early_log_graph_forecast,,,,,True,True,8.726617301398887e-30,1.4223236027853208e-26,2.6122496855072375,-1.6049328371725573
L48_gamma2p0_g0p05_T200,48,2.0,0.05,10.0,200,0.05,0.5,1.0,open,weak_skin,left,global_gap_envelope,1.0,16.635532333438686,1.0,3.394737146984959e-11,False,False,,,,
L48_gamma2p0_g0p05_T300,48,2.0,0.05,15.0,300,0.05,0.5,1.0,open,weak_skin,left,global_gap_envelope,1.0,16.635532333438686,1.0,5.915407242999956e-17,False,False,,,,
L48_gamma2p0_g0p05_T400,48,2.0,0.05,20.0,400,0.05,0.5,1.0,open,weak_skin,left,global_gap_envelope,1.0,16.635532333438686,1.0,1.0307732627488576e-22,False,False,,,,
L48_gamma2p0_g0p05_T500,48,2.0,0.05,25.0,500,0.05,0.5,1.0,open,weak_skin,left,global_gap_envelope,1.0,16.635532333438686,1.0,1.7961460226685625e-28,False,False,,,,
L48_gamma2p0_g0p05_T200,48,2.0,0.05,10.0,200,0.05,0.5,1.0,open,weak_skin,left,mode_weighted_envelope,1.0,16.635532333438686,1.0,3.394737146984959e-11,False,False,,,,
L48_gamma2p0_g0p05_T300,48,2.0,0.05,15.0,300,0.05,0.5,1.0,open,weak_skin,left,mode_weighted_envelope,1.0,16.635532333438686,1.0,5.915407242999956e-17,False,False,,,,
L48_gamma2p0_g0p05_T400,48,2.0,0.05,20.0,400,0.05,0.5,1.0,open,weak_skin,left,mode_weighted_envelope,1.0,16.635532333438686,1.0,1.0307732627488576e-22,False,False,,,,
L48_gamma2p0_g0p05_T500,48,2.0,0.05,25.0,500,0.05,0.5,1.0,open,weak_skin,left,mode_weighted_envelope,0.0073909815908065855,1.0472352941348602,0.0073909815908065855,1.7961460226685625e-28,True,False,,,,
L48_gamma2p0_g0p05_T200,48,2.0,0.05,10.0,200,0.05,0.5,1.0,open,weak_skin,left,early_log_graph_forecast,,,,,False,False,1.0,16.635532333438686,4.00744527523025,74.74392077377132
L48_gamma2p0_g0p05_T300,48,2.0,0.05,15.0,300,0.05,0.5,1.0,open,weak_skin,left,early_log_graph_forecast,,,,,False,False,0.9999999999999025,16.635532333438686,4.00744527523025,74.74392077377132
L48_gamma2p0_g0p05_T400,48,2.0,0.05,20.0,400,0.05,0.5,1.0,open,weak_skin,left,early_log_graph_forecast,,,,,True,False,0.0044940776386390964,0.6905863322245773,4.00744527523025,74.74392077377132
L48_gamma2p0_g0p05_T500,48,2.0,0.05,25.0,500,0.05,0.5,1.0,open,weak_skin,left,early_log_graph_forecast,,,,,True,True,8.924586614979221e-12,5.6636592795795064e-09,4.00744527523025,74.74392077377132
L48_gamma2p0_g0p1_T200,48,2.0,0.1,10.0,200,0.05,0.5,1.0,open,weak_skin,charge_density_wave,global_gap_envelope,3.0815038080674486e-10,1.6936265308837118e-07,1.066683033629647e-11,2.974835504704484e-10,True,True,,,,
L48_gamma2p0_g0p1_T300,48,2.0,0.1,15.0,300,0.05,0.5,1.0,open,weak_skin,charge_density_wave,global_gap_envelope,5.369590973234115e-16,4.660024408953052e-13,1.8587196210127294e-17,5.183719011132842e-16,True,True,,,,
L48_gamma2p0_g0p1_T400,48,2.0,0.1,20.0,400,0.05,0.5,1.0,open,weak_skin,charge_density_wave,global_gap_envelope,9.356635274193547e-22,1.1097894536785004e-18,3.238861518036358e-23,9.032749122389912e-22,True,True,,,,
L48_gamma2p0_g0p1_T500,48,2.0,0.1,25.0,500,0.05,0.5,1.0,open,weak_skin,charge_density_wave,global_gap_envelope,1.630415130140777e-27,2.452703764755781e-24,5.643790389053489e-29,1.5739772262502422e-27,True,True,,,,
L48_gamma2p0_g0p1_T200,48,2.0,0.1,10.0,200,0.05,0.5,1.0,open,weak_skin,charge_density_wave,mode_weighted_envelope,3.134971153485867e-10,1.7217184547836187e-07,1.601356487813828e-11,2.974835504704484e-10,True,True,,,,
L48_gamma2p0_g0p1_T300,48,2.0,0.1,15.0,300,0.05,0.5,1.0,open,weak_skin,charge_density_wave,mode_weighted_envelope,5.436877078451801e-16,4.716794024735959e-13,2.5315806731895847e-17,5.183719011132842e-16,True,True,,,,
L48_gamma2p0_g0p1_T400,48,2.0,0.1,20.0,400,0.05,0.5,1.0,open,weak_skin,charge_density_wave,mode_weighted_envelope,9.44590994197072e-22,1.1201630338208979e-18,4.1316081958080763e-23,9.032749122389912e-22,True,True,,,,
L48_gamma2p0_g0p1_T500,48,2.0,0.1,25.0,500,0.05,0.5,1.0,open,weak_skin,charge_density_wave,mode_weighted_envelope,1.642612539790935e-27,2.4707590237809773e-24,6.863531354069299e-29,1.5739772262502422e-27,True,True,,,,
L48_gamma2p0_g0p1_T200,48,2.0,0.1,10.0,200,0.05,0.5,1.0,open,weak_skin,charge_density_wave,early_log_graph_forecast,,,,,True,True,9.861038750076024e-13,6.779270397918285e-10,2.6065104130518373,-1.5799105654323018
L48_gamma2p0_g0p1_T300,48,2.0,0.1,15.0,300,0.05,0.5,1.0,open,weak_skin,charge_density_wave,early_log_graph_forecast,,,,,True,True,2.1575318637217588e-18,2.1580962789528274e-15,2.6065104130518373,-1.5799105654323018
L48_gamma2p0_g0p1_T400,48,2.0,0.1,20.0,400,0.05,0.5,1.0,open,weak_skin,charge_density_wave,early_log_graph_forecast,,,,,True,True,4.72054097033016e-24,6.198272577887485e-21,2.6065104130518373,-1.5799105654323018
L48_gamma2p0_g0p1_T500,48,2.0,0.1,25.0,500,0.05,0.5,1.0,open,weak_skin,charge_density_wave,early_log_graph_forecast,,,,,True,True,1.032824007249009e-29,1.6791901634914933e-26,2.6065104130518373,-1.5799105654323018
L48_gamma2p0_g0p1_T200,48,2.0,0.1,10.0,200,0.05,0.5,1.0,open,weak_skin,left,global_gap_envelope,1.0,16.635532333438686,1.0,2.974835504704484e-10,False,False,,,,
L48_gamma2p0_g0p1_T300,48,2.0,0.1,15.0,300,0.05,0.5,1.0,open,weak_skin,left,global_gap_envelope,1.0,16.635532333438686,1.0,5.183719011132842e-16,False,False,,,,
L48_gamma2p0_g0p1_T400,48,2.0,0.1,20.0,400,0.05,0.5,1.0,open,weak_skin,left,global_gap_envelope,1.0,16.635532333438686,1.0,9.032749122389912e-22,False,False,,,,
L48_gamma2p0_g0p1_T500,48,2.0,0.1,25.0,500,0.05,0.5,1.0,open,weak_skin,left,global_gap_envelope,1.0,16.635532333438686,1.0,1.5739772262502422e-27,False,False,,,,
L48_gamma2p0_g0p1_T200,48,2.0,0.1,10.0,200,0.05,0.5,1.0,open,weak_skin,left,mode_weighted_envelope,1.0,16.635532333438686,1.0,2.974835504704484e-10,False,False,,,,
L48_gamma2p0_g0p1_T300,48,2.0,0.1,15.0,300,0.05,0.5,1.0,open,weak_skin,left,mode_weighted_envelope,1.0,16.635532333438686,1.0,5.183719011132842e-16,False,False,,,,
L48_gamma2p0_g0p1_T400,48,2.0,0.1,20.0,400,0.05,0.5,1.0,open,weak_skin,left,mode_weighted_envelope,1.0,16.635532333438686,1.0,9.032749122389912e-22,False,False,,,,
L48_gamma2p0_g0p1_T500,48,2.0,0.1,25.0,500,0.05,0.5,1.0,open,weak_skin,left,mode_weighted_envelope,0.02196104652087412,2.5338250735873724,0.02196104652087412,1.5739772262502422e-27,True,False,,,,
L48_gamma2p0_g0p1_T200,48,2.0,0.1,10.0,200,0.05,0.5,1.0,open,weak_skin,left,early_log_graph_forecast,,,,,False,False,1.0,16.635532333438686,4.356512902742562,76.79391341861734
L48_gamma2p0_g0p1_T300,48,2.0,0.1,15.0,300,0.05,0.5,1.0,open,weak_skin,left,early_log_graph_forecast,,,,,False,False,0.9999999999428641,16.635532333438686,4.356512902742562,76.79391341861734
L48_gamma2p0_g0p1_T400,48,2.0,0.1,20.0,400,0.05,0.5,1.0,open,weak_skin,left,early_log_graph_forecast,,,,,True,True,3.243265939774221e-05,0.008824014683401675,4.356512902742562,76.79391341861734
L48_gamma2p0_g0p1_T500,48,2.0,0.1,25.0,500,0.05,0.5,1.0,open,weak_skin,left,early_log_graph_forecast,,,,,True,True,1.1244366469516857e-14,8.93762763726326e-12,4.356512902742562,76.79391341861734
L48_gamma2p0_g0p25_T100,48,2.0,0.25,5.0,100,0.05,0.5,1.0,open,size,charge_density_wave,global_gap_envelope,0.1521884087655694,10.235673544768233,0.00016268830110642706,0.15202572046446297,False,False,,,,
L48_gamma2p0_g0p25_T150,48,2.0,0.25,7.5,150,0.05,0.5,1.0,open,size,charge_density_wave,global_gap_envelope,0.00017444347345583867,0.040417112216241405,2.1473063367092795e-07,0.00017422874282216775,True,True,,,,
L48_gamma2p0_g0p25_T200,48,2.0,0.25,10.0,200,0.05,0.5,1.0,open,size,charge_density_wave,global_gap_envelope,2.3023349511462152e-07,8.997988254816949e-05,2.8345438880232985e-10,2.299500407258192e-07,True,True,,,,
L48_gamma2p0_g0p25_T250,48,2.0,0.25,12.5,250,0.05,0.5,1.0,open,size,charge_density_wave,global_gap_envelope,3.039188623658875e-10,1.6713782250144497e-07,3.7417298936352374e-13,3.03544689376524e-10,True,True,,,,
L48_gamma2p0_g0p25_T300,48,2.0,0.25,15.0,300,0.05,0.5,1.0,open,size,charge_density_wave,global_gap_envelope,4.01187047147144e-13,2.8446743963033187e-10,4.939257655869333e-16,4.0069312138155704e-13,True,True,,,,
L48_gamma2p0_g0p25_T350,48,2.0,0.25,17.5,350,0.05,0.5,1.0,open,size,charge_density_wave,global_gap_envelope,5.295855795009622e-16,4.597790430745988e-13,6.520050052936488e-19,5.289335744956685e-16,True,True,,,,
L48_gamma2p0_g0p25_T400,48,2.0,0.25,20.0,400,0.05,0.5,1.0,open,size,charge_density_wave,global_gap_envelope,6.990776198031559e-19,7.181684537894974e-16,8.606769610870799e-22,6.982169428420689e-19,True,True,,,,
L48_gamma2p0_g0p25_T500,48,2.0,0.25,25.0,500,0.05,0.5,1.0,open,size,charge_density_wave,global_gap_envelope,1.2181587665530819e-24,1.6390969894906786e-21,1.4997493205600206e-27,1.2166590172325218e-24,True,True,,,,
L48_gamma2p0_g0p25_T100,48,2.0,0.25,5.0,100,0.05,0.5,1.0,open,size,charge_density_wave,mode_weighted_envelope,0.15231550243399833,10.240910963259362,0.00028978196953534553,0.15202572046446297,False,False,,,,
L48_gamma2p0_g0p25_T150,48,2.0,0.25,7.5,150,0.05,0.5,1.0,open,size,charge_density_wave,mode_weighted_envelope,0.0001745745193360183,0.040444327907756816,3.457765138505584e-07,0.00017422874282216775,True,True,,,,
L48_gamma2p0_g0p25_T200,48,2.0,0.25,10.0,200,0.05,0.5,1.0,open,size,charge_density_wave,mode_weighted_envelope,2.3037525837138637e-07,9.00318831156055e-05,4.2521764556715733e-10,2.299500407258192e-07,True,True,,,,
L48_gamma2p0_g0p25_T250,48,2.0,0.25,12.5,250,0.05,0.5,1.0,open,size,charge_density_wave,mode_weighted_envelope,3.040765048352316e-10,1.6722073235515633e-07,5.318154587075792e-13,3.03544689376524e-10,True,True,,,,
L48_gamma2p0_g0p25_T300,48,2.0,0.25,15.0,300,0.05,0.5,1.0,open,size,charge_density_wave,mode_weighted_envelope,4.013655313636617e-13,2.84589711854409e-10,6.724099821046596e-16,4.0069312138155704e-13,True,True,,,,
L48_gamma2p0_g0p25_T350,48,2.0,0.25,17.5,350,0.05,0.5,1.0,open,size,charge_density_wave,mode_weighted_envelope,5.297902346413847e-16,4.599518092294148e-13,8.566601457160717e-19,5.289335744956685e-16,True,True,,,,
L48_gamma2p0_g0p25_T400,48,2.0,0.25,20.0,400,0.05,0.5,1.0,open,size,charge_density_wave,mode_weighted_envelope,6.993144866205239e-19,7.184061033424238e-16,1.0975437784550274e-21,6.982169428420689e-19,True,True,,,,
L48_gamma2p0_g0p25_T500,48,2.0,0.25,25.0,500,0.05,0.5,1.0,open,size,charge_density_wave,mode_weighted_envelope,1.2184824376499552e-24,1.6395247369164769e-21,1.8234204174333186e-27,1.2166590172325218e-24,True,True,,,,
L48_gamma2p0_g0p25_T100,48,2.0,0.25,5.0,100,0.05,0.5,1.0,open,size,charge_density_wave,early_log_graph_forecast,,,,,True,True,5.295137371370565e-07,0.00019636029670417482,2.589292595685637,-1.5048437502115355
L48_gamma2p0_g0p25_T150,48,2.0,0.25,7.5,150,0.05,0.5,1.0,open,size,charge_density_wave,early_log_graph_forecast,,,,,True,True,8.176896781618385e-10,4.3025924637286815e-07,2.589292595685637,-1.5048437502115355
L48_gamma2p0_g0p25_T200,48,2.0,0.25,10.0,200,0.05,0.5,1.0,open,size,charge_density_wave,early_log_graph_forecast,,,,,True,True,1.2626988931153192e-12,8.605879770253823e-10,2.589292595685637,-1.5048437502115355
L48_gamma2p0_g0p25_T250,48,2.0,0.25,12.5,250,0.05,0.5,1.0,open,size,charge_density_wave,early_log_graph_forecast,,,,,True,True,1.949894363664799e-15,1.6318744485114898e-12,2.589292595685637,-1.5048437502115355
L48_gamma2p0_g0p25_T300,48,2.0,0.25,15.0,300,0.05,0.5,1.0,open,size,charge_density_wave,early_log_graph_forecast,,,,,True,True,3.011080511895654e-18,2.9877795196458384e-15,2.589292595685637,-1.5048437502115355
L48_gamma2p0_g0p25_T350,48,2.0,0.25,17.5,350,0.05,0.5,1.0,open,size,charge_density_wave,early_log_graph_forecast,,,,,True,True,4.649793351921504e-21,5.336191848607491e-18,2.589292595685637,-1.5048437502115355
L48_gamma2p0_g0p25_T400,48,2.0,0.25,20.0,400,0.05,0.5,1.0,open,size,charge_density_wave,early_log_graph_forecast,,,,,True,True,7.180338795378798e-24,9.355814119290696e-21,2.589292595685637,-1.5048437502115355
L48_gamma2p0_g0p25_T500,48,2.0,0.25,25.0,500,0.05,0.5,1.0,open,size,charge_density_wave,early_log_graph_forecast,,,,,True,True,1.7122513002471493e-29,2.7630458954470047e-26,2.589292595685637,-1.5048437502115355
L48_gamma2p0_g0p25_T100,48,2.0,0.25,5.0,100,0.05,0.5,1.0,open,size,left,global_gap_envelope,1.0,16.635532333438686,1.0,0.15202572046446297,False,False,,,,
L48_gamma2p0_g0p25_T150,48,2.0,0.25,7.5,150,0.05,0.5,1.0,open,size,left,global_gap_envelope,1.0,16.635532333438686,1.0,0.00017422874282216775,False,False,,,,
L48_gamma2p0_g0p25_T200,48,2.0,0.25,10.0,200,0.05,0.5,1.0,open,size,left,global_gap_envelope,1.0,16.635532333438686,1.0,2.299500407258192e-07,False,False,,,,
L48_gamma2p0_g0p25_T250,48,2.0,0.25,12.5,250,0.05,0.5,1.0,open,size,left,global_gap_envelope,1.0,16.635532333438686,1.0,3.03544689376524e-10,False,False,,,,
L48_gamma2p0_g0p25_T300,48,2.0,0.25,15.0,300,0.05,0.5,1.0,open,size,left,global_gap_envelope,1.0,16.635532333438686,1.0,4.0069312138155704e-13,False,False,,,,
L48_gamma2p0_g0p25_T350,48,2.0,0.25,17.5,350,0.05,0.5,1.0,open,size,left,global_gap_envelope,1.0,16.635532333438686,1.0,5.289335744956685e-16,False,False,,,,
L48_gamma2p0_g0p25_T400,48,2.0,0.25,20.0,400,0.05,0.5,1.0,open,size,left,global_gap_envelope,1.0,16.635532333438686,1.0,6.982169428420689e-19,False,False,,,,
L48_gamma2p0_g0p25_T500,48,2.0,0.25,25.0,500,0.05,0.5,1.0,open,size,left,global_gap_envelope,1.0,16.635532333438686,1.0,1.2166590172325218e-24,False,False,,,,
L48_gamma2p0_g0p25_T100,48,2.0,0.25,5.0,100,0.05,0.5,1.0,open,size,left,mode_weighted_envelope,1.0,16.635532333438686,1.0,0.15202572046446297,False,False,,,,
L48_gamma2p0_g0p25_T150,48,2.0,0.25,7.5,150,0.05,0.5,1.0,open,size,left,mode_weighted_envelope,1.0,16.635532333438686,1.0,0.00017422874282216775,False,False,,,,
L48_gamma2p0_g0p25_T200,48,2.0,0.25,10.0,200,0.05,0.5,1.0,open,size,left,mode_weighted_envelope,1.0,16.635532333438686,1.0,2.299500407258192e-07,False,False,,,,
L48_gamma2p0_g0p25_T250,48,2.0,0.25,12.5,250,0.05,0.5,1.0,open,size,left,mode_weighted_envelope,1.0,16.635532333438686,1.0,3.03544689376524e-10,False,False,,,,
L48_gamma2p0_g0p25_T300,48,2.0,0.25,15.0,300,0.05,0.5,1.0,open,size,left,mode_weighted_envelope,1.0,16.635532333438686,1.0,4.0069312138155704e-13,False,False,,,,
L48_gamma2p0_g0p25_T350,48,2.0,0.25,17.5,350,0.05,0.5,1.0,open,size,left,mode_weighted_envelope,1.0,16.635532333438686,1.0,5.289335744956685e-16,False,False,,,,
L48_gamma2p0_g0p25_T400,48,2.0,0.25,20.0,400,0.05,0.5,1.0,open,size,left,mode_weighted_envelope,1.0,16.635532333438686,1.0,6.982169428420689e-19,False,False,,,,
L48_gamma2p0_g0p25_T500,48,2.0,0.25,25.0,500,0.05,0.5,1.0,open,size,left,mode_weighted_envelope,0.7394936279741893,16.635532333438686,0.7394936279741893,1.2166590172325218e-24,False,False,,,,
L48_gamma2p0_g0p25_T100,48,2.0,0.25,5.0,100,0.05,0.5,1.0,open,size,left,early_log_graph_forecast,,,,,False,False,1.0,16.635532333438686,5.403715785279501,82.94389135315538
L48_gamma2p0_g0p25_T150,48,2.0,0.25,7.5,150,0.05,0.5,1.0,open,size,left,early_log_graph_forecast,,,,,False,False,1.0,16.635532333438686,5.403715785279501,82.94389135315538
L48_gamma2p0_g0p25_T200,48,2.0,0.25,10.0,200,0.05,0.5,1.0,open,size,left,early_log_graph_forecast,,,,,False,False,1.0,16.635532333438686,5.403715785279501,82.94389135315538
L48_gamma2p0_g0p25_T250,48,2.0,0.25,12.5,250,0.05,0.5,1.0,open,size,left,early_log_graph_forecast,,,,,False,False,0.9999999999999789,16.635532333438686,5.403715785279501,82.94389135315538
L48_gamma2p0_g0p25_T300,48,2.0,0.25,15.0,300,0.05,0.5,1.0,open,size,left,early_log_graph_forecast,,,,,False,False,0.988739551761881,16.635532333438686,5.403715785279501,82.94389135315538
L48_gamma2p0_g0p25_T350,48,2.0,0.25,17.5,350,0.05,0.5,1.0,open,size,left,early_log_graph_forecast,,,,,True,True,8.974396310770116e-06,0.0027184086268328862,5.403715785279501,82.94389135315538
L48_gamma2p0_g0p25_T400,48,2.0,0.25,20.0,400,0.05,0.5,1.0,open,size,left,early_log_graph_forecast,,,,,True,True,1.2189766198050986e-11,7.644570324287085e-09,5.403715785279501,82.94389135315538
L48_gamma2p0_g0p25_T500,48,2.0,0.25,25.0,500,0.05,0.5,1.0,open,size,left,early_log_graph_forecast,,,,,True,True,2.2489284538218968e-23,2.868679338384933e-20,5.403715785279501,82.94389135315538
