key,length,gamma,skin_mode,skin_value,family_key,case_id,t1,t2,boundary,skin,time_fraction,physical_time,dt,steps,initials,pairs,role,initial_a,initial_b,reduced_pair_distance,radial_lower,direct_lower,memory_lower,memory_upper,reduced_entropy_difference,entropy_memory_lower,entropy_memory_upper,prediction_precision_change,guaranteed_memory,guaranteed_entropy_memory,pair_distance,absolute_entropy_difference,actual_memory,actual_entropy_memory
L96_g0,96,2.0,g,0,L96_g0,L96_g0_tau0p525,0.5,1.0,open,0.0,0.525,50.400,0.05,1008,"['charge_density_wave', 'left', 'right', 'block_cell6', 'block_cell18']","[['charge_density_wave', 'left'], ['charge_density_wave', 'right'], ['charge_density_wave', 'block_cell6'], ['charge_density_wave', 'block_cell18'], ['left', 'right'], ['block_cell6', 'block_cell18']]",development_window,charge_density_wave,left,0.0030259073243796273,0.0030240712623942566,0.0030240712623942566,0.0030240712623942566,0.003027743386364998,0.00011537697640329661,0.0,0.0013675318782544205,5.583854218555389e-142,False,False,0.0030277291040428788,0.00011550491109916501,False,False
L96_g0,96,2.0,g,0,L96_g0,L96_g0_tau0p525,0.5,1.0,open,0.0,0.525,50.400,0.05,1008,"['charge_density_wave', 'left', 'right', 'block_cell6', 'block_cell18']","[['charge_density_wave', 'left'], ['charge_density_wave', 'right'], ['charge_density_wave', 'block_cell6'], ['charge_density_wave', 'block_cell18'], ['left', 'right'], ['block_cell6', 'block_cell18']]",development_window,charge_density_wave,right,0.015458570270605551,0.015458565797811855,0.015458565797811855,0.015458565797811855,0.015458574743399248,0.002231731794658027,0.002227389552299183,0.002236074037016871,3.591329414662311e-138,False,False,0.015458574593837388,0.0022317329092620985,False,False
L96_g0,96,2.0,g,0,L96_g0,L96_g0_tau0p525,0.5,1.0,open,0.0,0.525,50.400,0.05,1008,"['charge_density_wave', 'left', 'right', 'block_cell6', 'block_cell18']","[['charge_density_wave', 'left'], ['charge_density_wave', 'right'], ['charge_density_wave', 'block_cell6'], ['charge_density_wave', 'block_cell18'], ['left', 'right'], ['block_cell6', 'block_cell18']]",development_window,charge_density_wave,block_cell6,4.1282410943023553e-240,0.0,0.0,0.0,2.978187992310661e-17,0.0,0.0,5.58269175675575e-14,4.989128359494704e-169,False,False,2.978187987027362e-17,7.707416787394478e-26,False,False
L96_g0,96,2.0,g,0,L96_g0,L96_g0_tau0p525,0.5,1.0,open,0.0,0.525,50.400,0.05,1008,"['charge_density_wave', 'left', 'right', 'block_cell6', 'block_cell18']","[['charge_density_wave', 'left'], ['charge_density_wave', 'right'], ['charge_density_wave', 'block_cell6'], ['charge_density_wave', 'block_cell18'], ['left', 'right'], ['block_cell6', 'block_cell18']]",development_window,charge_density_wave,block_cell18,4.1282410943023553e-240,0.0,0.0,0.0,4.071017438465454e-16,0.0,0.0,7.120203351299951e-13,7.604680312208945e-165,False,False,4.071017430891695e-16,3.652535852218855e-25,False,False
L96_g0,96,2.0,g,0,L96_g0,L96_g0_tau0p525,0.5,1.0,open,0.0,0.525,50.400,0.05,1008,"['charge_density_wave', 'left', 'right', 'block_cell6', 'block_cell18']","[['charge_density_wave', 'left'], ['charge_density_wave', 'right'], ['charge_density_wave', 'block_cell6'], ['charge_density_wave', 'block_cell18'], ['left', 'right'], ['block_cell6', 'block_cell18']]",development_window,left,right,0.015458570270605551,0.012430822411446859,0.015456729735826485,0.015456729735826485,0.015460410805384617,0.0021163548182547304,0.0008598576740447625,0.0033728519624646987,3.5918877831281607e-138,False,False,0.015458574593837388,0.0021162279981629334,False,False
L96_g0,96,2.0,g,0,L96_g0,L96_g0_tau0p525,0.5,1.0,open,0.0,0.525,50.400,0.05,1008,"['charge_density_wave', 'left', 'right', 'block_cell6', 'block_cell18']","[['charge_density_wave', 'left'], ['charge_density_wave', 'right'], ['charge_density_wave', 'block_cell6'], ['charge_density_wave', 'block_cell18'], ['left', 'right'], ['block_cell6', 'block_cell18']]",development_window,block_cell6,block_cell18,4.1282410943023553e-240,0.0,0.0,0.0,4.36883623769652e-16,0.0,0.0,7.678472526975526e-13,7.605179225044895e-165,False,False,4.0710174309282693e-16,2.8817941734794075e-25,False,False
L96_g0,96,2.0,g,0,L96_g0,L96_g0_tau0p55,0.5,1.0,open,0.0,0.55,52.80,0.05,1056,"['charge_density_wave', 'left', 'right', 'block_cell6', 'block_cell18']","[['charge_density_wave', 'left'], ['charge_density_wave', 'right'], ['charge_density_wave', 'block_cell6'], ['charge_density_wave', 'block_cell18'], ['left', 'right'], ['block_cell6', 'block_cell18']]",development_window,charge_density_wave,left,4.1282410943023553e-240,0.0,0.0,0.0,4.7858214220442846e-06,0.0,0.0,0.003043748078799398,5.1883493165066734e-142,False,False,4.785787304141858e-06,5.840394714351155e-10,False,False
L96_g0,96,2.0,g,0,L96_g0,L96_g0_tau0p55,0.5,1.0,open,0.0,0.55,52.80,0.05,1056,"['charge_density_wave', 'left', 'right', 'block_cell6', 'block_cell18']","[['charge_density_wave', 'left'], ['charge_density_wave', 'right'], ['charge_density_wave', 'block_cell6'], ['charge_density_wave', 'block_cell18'], ['left', 'right'], ['block_cell6', 'block_cell18']]",development_window,charge_density_wave,right,2.3434925307263373e-05,2.249592774610967e-05,2.249592774610967e-05,2.249592774610967e-05,2.4373922868417074e-05,1.2259457923152171e-08,0.0,0.0006706121281449953,5.662140844030714e-141,False,False,2.4373001698916834e-05,1.3213938259738274e-08,False,False
L96_g0,96,2.0,g,0,L96_g0,L96_g0_tau0p55,0.5,1.0,open,0.0,0.55,52.80,0.05,1056,"['charge_density_wave', 'left', 'right', 'block_cell6', 'block_cell18']","[['charge_density_wave', 'left'], ['charge_density_wave', 'right'], ['charge_density_wave', 'block_cell6'], ['charge_density_wave', 'block_cell18'], ['left', 'right'], ['block_cell6', 'block_cell18']]",development_window,charge_density_wave,block_cell6,4.1282410943023553e-240,0.0,0.0,0.0,4.904429265829663e-20,0.0,0.0,1.070222499318372e-16,9.599343362161448e-172,False,False,4.9044292585055346e-20,2.9918574368664948e-28,False,False
L96_g0,96,2.0,g,0,L96_g0,L96_g0_tau0p55,0.5,1.0,open,0.0,0.55,52.80,0.05,1056,"['charge_density_wave', 'left', 'right', 'block_cell6', 'block_cell18']","[['charge_density_wave', 'left'], ['charge_density_wave', 'right'], ['charge_density_wave', 'block_cell6'], ['charge_density_wave', 'block_cell18'], ['left', 'right'], ['block_cell6', 'block_cell18']]",development_window,charge_density_wave,block_cell18,4.1282410943023553e-240,0.0,0.0,0.0,6.696148081217063e-19,0.0,0.0,1.3771860937099565e-15,1.4770014721925608e-167,False,False,6.6961480707685e-19,1.473869708314962e-27,False,False
L96_g0,96,2.0,g,0,L96_g0,L96_g0_tau0p55,0.5,1.0,open,0.0,0.55,52.80,0.05,1056,"['charge_density_wave', 'left', 'right', 'block_cell6', 'block_cell18']","[['charge_density_wave', 'left'], ['charge_density_wave', 'right'], ['charge_density_wave', 'block_cell6'], ['charge_density_wave', 'block_cell18'], ['left', 'right'], ['block_cell6', 'block_cell18']]",development_window,left,right,2.3434925307263373e-05,1.7710106324065385e-05,1.7710106324065385e-05,1.7710106324065385e-05,2.9159744290461362e-05,1.2259457923152171e-08,0.0,0.0037143602069443934,5.662933519426293e-141,False,False,2.4373001698916834e-05,1.2629898788303159e-08,False,False
L96_g0,96,2.0,g,0,L96_g0,L96_g0_tau0p55,0.5,1.0,open,0.0,0.55,52.80,0.05,1056,"['charge_density_wave', 'left', 'right', 'block_cell6', 'block_cell18']","[['charge_density_wave', 'left'], ['charge_density_wave', 'right'], ['charge_density_wave', 'block_cell6'], ['charge_density_wave', 'block_cell18'], ['left', 'right'], ['block_cell6', 'block_cell18']]",development_window,block_cell6,block_cell18,4.1282410943023553e-240,0.0,0.0,0.0,7.186591007800029e-19,0.0,0.0,1.4842083436417937e-15,1.4770974656261825e-167,False,False,6.696148070928297e-19,1.1746839646283127e-27,False,False
L96_g0,96,2.0,g,0,L96_g0,L96_g0_tau0p575,0.5,1.0,open,0.0,0.575,55.200,0.05,1104,"['charge_density_wave', 'left', 'right', 'block_cell6', 'block_cell18']","[['charge_density_wave', 'left'], ['charge_density_wave', 'right'], ['charge_density_wave', 'block_cell6'], ['charge_density_wave', 'block_cell18'], ['left', 'right'], ['block_cell6', 'block_cell18']]",development_window,charge_density_wave,left,4.1282410943023553e-240,0.0,0.0,0.0,7.611935336776096e-09,0.0,0.0,7.195488806877335e-06,1.2589756650161647e-144,False,False,7.611935246371371e-09,2.2242051175636603e-15,False,False
L96_g0,96,2.0,g,0,L96_g0,L96_g0_tau0p575,0.5,1.0,open,0.0,0.575,55.200,0.05,1104,"['charge_density_wave', 'left', 'right', 'block_cell6', 'block_cell18']","[['charge_density_wave', 'left'], ['charge_density_wave', 'right'], ['charge_density_wave', 'block_cell6'], ['charge_density_wave', 'block_cell18'], ['left', 'right'], ['block_cell6', 'block_cell18']]",development_window,charge_density_wave,right,4.1282410943023553e-240,0.0,0.0,0.0,3.8676430654814794e-08,0.0,0.0,3.354274173031045e-05,7.359303091155337e-141,False,False,3.8676428403071235e-08,5.2558850065904574e-14,False,False
L96_g0,96,2.0,g,0,L96_g0,L96_g0_tau0p575,0.5,1.0,open,0.0,0.575,55.200,0.05,1104,"['charge_density_wave', 'left', 'right', 'block_cell6', 'block_cell18']","[['charge_density_wave', 'left'], ['charge_density_wave', 'right'], ['charge_density_wave', 'block_cell6'], ['charge_density_wave', 'block_cell18'], ['left', 'right'], ['block_cell6', 'block_cell18']]",development_window,charge_density_wave,block_cell6,4.1282410943023553e-240,0.0,0.0,0.0,8.102969419240572e-23,0.0,0.0,2.0173370428347846e-19,1.81439974206797e-174,False,False,8.102969408961671e-23,1.0861742484865073e-30,False,False
L96_g0,96,2.0,g,0,L96_g0,L96_g0_tau0p575,0.5,1.0,open,0.0,0.575,55.200,0.05,1104,"['charge_density_wave', 'left', 'right', 'block_cell6', 'block_cell18']","[['charge_density_wave', 'left'], ['charge_density_wave', 'right'], ['charge_density_wave', 'block_cell6'], ['charge_density_wave', 'block_cell18'], ['left', 'right'], ['block_cell6', 'block_cell18']]",development_window,charge_density_wave,block_cell18,4.1282410943023553e-240,0.0,0.0,0.0,1.1051268437288861e-21,0.0,0.0,2.6127493801831423e-18,2.8106522295178834e-170,False,False,1.1051268422691501e-21,5.550260340477672e-30,False,False
L96_g0,96,2.0,g,0,L96_g0,L96_g0_tau0p575,0.5,1.0,open,0.0,0.575,55.200,0.05,1104,"['charge_density_wave', 'left', 'right', 'block_cell6', 'block_cell18']","[['charge_density_wave', 'left'], ['charge_density_wave', 'right'], ['charge_density_wave', 'block_cell6'], ['charge_density_wave', 'block_cell18'], ['left', 'right'], ['block_cell6', 'block_cell18']]",development_window,left,right,4.1282410943023553e-240,0.0,0.0,0.0,4.628836599159089e-08,0.0,0.0,4.073823053718779e-05,7.358044115490321e-141,False,False,3.8676428403071235e-08,5.0334644948340915e-14,False,False
L96_g0,96,2.0,g,0,L96_g0,L96_g0_tau0p575,0.5,1.0,open,0.0,0.575,55.200,0.05,1104,"['charge_density_wave', 'left', 'right', 'block_cell6', 'block_cell18']","[['charge_density_wave', 'left'], ['charge_density_wave', 'right'], ['charge_density_wave', 'block_cell6'], ['charge_density_wave', 'block_cell18'], ['left', 'right'], ['block_cell6', 'block_cell18']]",development_window,block_cell6,block_cell18,4.1282410943023553e-240,0.0,0.0,0.0,1.186156537921292e-21,0.0,0.0,2.814483084466621e-18,2.8108336694920904e-170,False,False,1.1051268423331619e-21,4.4640860919911646e-30,False,False
L96_g0,96,2.0,g,0,L96_g0,L96_g0_tau0p65,0.5,1.0,open,0.0,0.65,62.40,0.05,1248,"['charge_density_wave', 'left', 'right', 'block_cell6', 'block_cell18']","[['charge_density_wave', 'left'], ['charge_density_wave', 'right'], ['charge_density_wave', 'block_cell6'], ['charge_density_wave', 'block_cell18'], ['left', 'right'], ['block_cell6', 'block_cell18']]",development_window,charge_density_wave,left,4.1282410943023553e-240,0.0,0.0,0.0,3.1583007954184676e-17,0.0,0.0,5.911416221538549e-14,1.061054546931469e-152,False,False,3.158300794546019e-17,4.24912090924321e-28,False,False
L96_g0,96,2.0,g,0,L96_g0,L96_g0_tau0p65,0.5,1.0,open,0.0,0.65,62.40,0.05,1248,"['charge_density_wave', 'left', 'right', 'block_cell6', 'block_cell18']","[['charge_density_wave', 'left'], ['charge_density_wave', 'right'], ['charge_density_wave', 'block_cell6'], ['charge_density_wave', 'block_cell18'], ['left', 'right'], ['block_cell6', 'block_cell18']]",development_window,charge_density_wave,right,4.1282410943023553e-240,0.0,0.0,0.0,1.5959636153334174e-16,0.0,0.0,2.863073216977379e-13,6.467983451196477e-149,False,False,1.5959636148564467e-16,1.1674176135521009e-27,False,False
L96_g0,96,2.0,g,0,L96_g0,L96_g0_tau0p65,0.5,1.0,open,0.0,0.65,62.40,0.05,1248,"['charge_density_wave', 'left', 'right', 'block_cell6', 'block_cell18']","[['charge_density_wave', 'left'], ['charge_density_wave', 'right'], ['charge_density_wave', 'block_cell6'], ['charge_density_wave', 'block_cell18'], ['left', 'right'], ['block_cell6', 'block_cell18']]",development_window,charge_density_wave,block_cell6,4.1282410943023553e-240,0.0,0.0,0.0,3.7146363196815264e-31,0.0,0.0,1.2671579671798783e-27,1.1456232066477747e-182,False,False,3.714636316659828e-31,3.7360796392504163e-38,False,False
L96_g0,96,2.0,g,0,L96_g0,L96_g0_tau0p65,0.5,1.0,open,0.0,0.65,62.40,0.05,1248,"['charge_density_wave', 'left', 'right', 'block_cell6', 'block_cell18']","[['charge_density_wave', 'left'], ['charge_density_wave', 'right'], ['charge_density_wave', 'block_cell6'], ['charge_density_wave', 'block_cell18'], ['left', 'right'], ['block_cell6', 'block_cell18']]",development_window,charge_density_wave,block_cell18,4.1282410943023553e-240,0.0,0.0,0.0,5.052063316379125e-30,0.0,0.0,1.660094006756913e-26,1.7959445131460978e-178,False,False,5.052063312141108e-30,2.106396696997038e-37,False,False
L96_g0,96,2.0,g,0,L96_g0,L96_g0_tau0p65,0.5,1.0,open,0.0,0.65,62.40,0.05,1248,"['charge_density_wave', 'left', 'right', 'block_cell6', 'block_cell18']","[['charge_density_wave', 'left'], ['charge_density_wave', 'right'], ['charge_density_wave', 'block_cell6'], ['charge_density_wave', 'block_cell18'], ['left', 'right'], ['block_cell6', 'block_cell18']]",development_window,left,right,4.1282410943023553e-240,0.0,0.0,0.0,1.9117936948752642e-16,0.0,0.0,3.4542148391312343e-13,6.4669223966495455e-149,False,False,1.5959636148564467e-16,7.425055226277798e-28,False,False
L96_g0,96,2.0,g,0,L96_g0,L96_g0_tau0p65,0.5,1.0,open,0.0,0.65,62.40,0.05,1248,"['charge_density_wave', 'left', 'right', 'block_cell6', 'block_cell18']","[['charge_density_wave', 'left'], ['charge_density_wave', 'right'], ['charge_density_wave', 'block_cell6'], ['charge_density_wave', 'block_cell18'], ['left', 'right'], ['block_cell6', 'block_cell18']]",development_window,block_cell6,block_cell18,4.1282410943023553e-240,0.0,0.0,0.0,5.423526948347278e-30,0.0,0.0,1.786809803474901e-26,1.7960590754667625e-178,False,False,5.052063314856633e-30,1.7327887330719966e-37,False,False
L96_g0p05,96,2.0,g,0.05,L96_g0p05,L96_g0p05_tau0p525,0.5,1.0,open,0.05,0.525,50.400,0.05,1008,"['charge_density_wave', 'left', 'right', 'block_cell6', 'block_cell18']","[['charge_density_wave', 'left'], ['charge_density_wave', 'right'], ['charge_density_wave', 'block_cell6'], ['charge_density_wave', 'block_cell18'], ['left', 'right'], ['block_cell6', 'block_cell18']]",development_window,charge_density_wave,left,0.0004006975546160815,0.0004004483950730154,0.0004004483950730154,0.0004004483950730154,0.0004009467141591476,2.6724336824477963e-06,0.0,0.00019648075314120952,1.4002459408488026e-144,False,False,0.00040094482827725763,2.6755347156490334e-06,False,False
L96_g0p05,96,2.0,g,0.05,L96_g0p05,L96_g0p05_tau0p525,0.5,1.0,open,0.05,0.525,50.400,0.05,1008,"['charge_density_wave', 'left', 'right', 'block_cell6', 'block_cell18']","[['charge_density_wave', 'left'], ['charge_density_wave', 'right'], ['charge_density_wave', 'block_cell6'], ['charge_density_wave', 'block_cell18'], ['left', 'right'], ['block_cell6', 'block_cell18']]",development_window,charge_density_wave,right,0.11474614155911084,0.1147461086229306,0.1147461086229306,0.1147461086229306,0.11474617449529108,0.07009219568752516,0.07006337727696776,0.07012101409808254,2.2583603371940987e-137,True,False,0.11474617153274841,0.07009222538179492,True,False
L96_g0p05,96,2.0,g,0.05,L96_g0p05,L96_g0p05_tau0p525,0.5,1.0,open,0.05,0.525,50.400,0.05,1008,"['charge_density_wave', 'left', 'right', 'block_cell6', 'block_cell18']","[['charge_density_wave', 'left'], ['charge_density_wave', 'right'], ['charge_density_wave', 'block_cell6'], ['charge_density_wave', 'block_cell18'], ['left', 'right'], ['block_cell6', 'block_cell18']]",development_window,charge_density_wave,block_cell6,4.3010004665824214e-240,0.0,0.0,0.0,5.985311159733467e-18,0.0,0.0,1.1680614365683626e-14,1.7093671162346075e-169,False,False,5.9853111449443175e-18,7.126383417696827e-26,False,False
L96_g0p05,96,2.0,g,0.05,L96_g0p05,L96_g0p05_tau0p525,0.5,1.0,open,0.05,0.525,50.400,0.05,1008,"['charge_density_wave', 'left', 'right', 'block_cell6', 'block_cell18']","[['charge_density_wave', 'left'], ['charge_density_wave', 'right'], ['charge_density_wave', 'block_cell6'], ['charge_density_wave', 'block_cell18'], ['left', 'right'], ['block_cell6', 'block_cell18']]",development_window,charge_density_wave,block_cell18,4.3010004665824214e-240,0.0,0.0,0.0,2.131652456346831e-15,0.0,0.0,3.55885812601111e-12,4.129620611798934e-164,False,False,2.1316524535163627e-15,3.9552888752095003e-25,False,False
L96_g0p05,96,2.0,g,0.05,L96_g0p05,L96_g0p05_tau0p525,0.5,1.0,open,0.05,0.525,50.400,0.05,1008,"['charge_density_wave', 'left', 'right', 'block_cell6', 'block_cell18']","[['charge_density_wave', 'left'], ['charge_density_wave', 'right'], ['charge_density_wave', 'block_cell6'], ['charge_density_wave', 'block_cell18'], ['left', 'right'], ['block_cell6', 'block_cell18']]",development_window,left,right,0.11474614155911084,0.11434516190877145,0.11474585946338753,0.11474585946338753,0.11474642365483415,0.0700895232538427,0.06986689652382656,0.07031214998385885,2.258360420171277e-137,True,False,0.11474617153274841,0.07008954984707928,True,False
L96_g0p05,96,2.0,g,0.05,L96_g0p05,L96_g0p05_tau0p525,0.5,1.0,open,0.05,0.525,50.400,0.05,1008,"['charge_density_wave', 'left', 'right', 'block_cell6', 'block_cell18']","[['charge_density_wave', 'left'], ['charge_density_wave', 'right'], ['charge_density_wave', 'block_cell6'], ['charge_density_wave', 'block_cell18'], ['left', 'right'], ['block_cell6', 'block_cell18']]",development_window,block_cell6,block_cell18,4.3010004665824214e-240,0.0,0.0,0.0,2.1376377675065643e-15,0.0,0.0,3.5705387403767935e-12,4.129637705470096e-164,False,False,2.131652453516392e-15,3.2426505334398176e-25,False,False
L96_g0p05,96,2.0,g,0.05,L96_g0p05,L96_g0p05_tau0p55,0.5,1.0,open,0.05,0.55,52.80,0.05,1056,"['charge_density_wave', 'left', 'right', 'block_cell6', 'block_cell18']","[['charge_density_wave', 'left'], ['charge_density_wave', 'right'], ['charge_density_wave', 'block_cell6'], ['charge_density_wave', 'block_cell18'], ['left', 'right'], ['block_cell6', 'block_cell18']]",development_window,charge_density_wave,left,4.3010004665824214e-240,0.0,0.0,0.0,6.433964474187901e-07,0.0,0.0,0.00047116707576793103,1.528486814469106e-144,False,False,6.433958285940702e-07,1.2217152450708416e-11,False,False
L96_g0p05,96,2.0,g,0.05,L96_g0p05,L96_g0p05_tau0p55,0.5,1.0,open,0.05,0.55,52.80,0.05,1056,"['charge_density_wave', 'left', 'right', 'block_cell6', 'block_cell18']","[['charge_density_wave', 'left'], ['charge_density_wave', 'right'], ['charge_density_wave', 'block_cell6'], ['charge_density_wave', 'block_cell18'], ['left', 'right'], ['block_cell6', 'block_cell18']]",development_window,charge_density_wave,right,0.00017285191870977057,0.00016598577231063022,0.00016598577231063022,0.00016598577231063022,0.00017971806510891093,5.475448012236006e-07,0.0,0.00424840846615656,3.583090268036805e-140,False,False,0.0001797118619185465,5.893539167629407e-07,False,False
L96_g0p05,96,2.0,g,0.05,L96_g0p05,L96_g0p05_tau0p55,0.5,1.0,open,0.05,0.55,52.80,0.05,1056,"['charge_density_wave', 'left', 'right', 'block_cell6', 'block_cell18']","[['charge_density_wave', 'left'], ['charge_density_wave', 'right'], ['charge_density_wave', 'block_cell6'], ['charge_density_wave', 'block_cell18'], ['left', 'right'], ['block_cell6', 'block_cell18']]",development_window,charge_density_wave,block_cell6,4.3010004665824214e-240,0.0,0.0,0.0,9.938630239471066e-21,0.0,0.0,2.244915110327682e-17,3.2965902559396344e-172,False,False,9.938630218657447e-21,2.775105009884454e-28,False,False
L96_g0p05,96,2.0,g,0.05,L96_g0p05,L96_g0p05_tau0p55,0.5,1.0,open,0.05,0.55,52.80,0.05,1056,"['charge_density_wave', 'left', 'right', 'block_cell6', 'block_cell18']","[['charge_density_wave', 'left'], ['charge_density_wave', 'right'], ['charge_density_wave', 'block_cell6'], ['charge_density_wave', 'block_cell18'], ['left', 'right'], ['block_cell6', 'block_cell18']]",development_window,charge_density_wave,block_cell18,4.3010004665824214e-240,0.0,0.0,0.0,3.488014388136686e-18,0.0,0.0,6.897428304589011e-15,8.040189076604368e-167,False,False,3.4880143842828744e-18,1.5832409044950486e-27,False,False
L96_g0p05,96,2.0,g,0.05,L96_g0p05,L96_g0p05_tau0p55,0.5,1.0,open,0.05,0.55,52.80,0.05,1056,"['charge_density_wave', 'left', 'right', 'block_cell6', 'block_cell18']","[['charge_density_wave', 'left'], ['charge_density_wave', 'right'], ['charge_density_wave', 'block_cell6'], ['charge_density_wave', 'block_cell18'], ['left', 'right'], ['block_cell6', 'block_cell18']]",development_window,left,right,0.00017285191870977057,0.00016534237586321145,0.00016534237586321145,0.00016534237586321145,0.0001803614615563297,5.475448012236006e-07,0.0,0.0047195755419244916,3.583090044675769e-140,False,False,0.0001797118619185465,5.8934169961049e-07,False,False
L96_g0p05,96,2.0,g,0.05,L96_g0p05,L96_g0p05_tau0p55,0.5,1.0,open,0.05,0.55,52.80,0.05,1056,"['charge_density_wave', 'left', 'right', 'block_cell6', 'block_cell18']","[['charge_density_wave', 'left'], ['charge_density_wave', 'right'], ['charge_density_wave', 'block_cell6'], ['charge_density_wave', 'block_cell18'], ['left', 'right'], ['block_cell6', 'block_cell18']]",development_window,block_cell6,block_cell18,4.3010004665824214e-240,0.0,0.0,0.0,3.497953018376157e-18,0.0,0.0,6.919877455692287e-15,8.040222042506927e-167,False,False,3.488014384283005e-18,1.3057304035066031e-27,False,False
L96_g0p05,96,2.0,g,0.05,L96_g0p05,L96_g0p05_tau0p575,0.5,1.0,open,0.05,0.575,55.200,0.05,1104,"['charge_density_wave', 'left', 'right', 'block_cell6', 'block_cell18']","[['charge_density_wave', 'left'], ['charge_density_wave', 'right'], ['charge_density_wave', 'block_cell6'], ['charge_density_wave', 'block_cell18'], ['left', 'right'], ['block_cell6', 'block_cell18']]",development_window,charge_density_wave,left,4.3010004665824214e-240,0.0,0.0,0.0,1.0384497616002227e-09,0.0,0.0,1.0809283474182773e-06,3.560690588407887e-147,False,False,1.0384497591562742e-09,4.56892387397148e-17,False,False
L96_g0p05,96,2.0,g,0.05,L96_g0p05,L96_g0p05_tau0p575,0.5,1.0,open,0.05,0.575,55.200,0.05,1104,"['charge_density_wave', 'left', 'right', 'block_cell6', 'block_cell18']","[['charge_density_wave', 'left'], ['charge_density_wave', 'right'], ['charge_density_wave', 'block_cell6'], ['charge_density_wave', 'block_cell18'], ['left', 'right'], ['block_cell6', 'block_cell18']]",development_window,charge_density_wave,right,4.3010004665824214e-240,0.0,0.0,0.0,2.815700028620418e-07,0.0,0.0,0.00021736597743687977,4.063250484214413e-140,False,False,2.815698847895085e-07,2.4708721310987214e-12,False,False
L96_g0p05,96,2.0,g,0.05,L96_g0p05,L96_g0p05_tau0p575,0.5,1.0,open,0.05,0.575,55.200,0.05,1104,"['charge_density_wave', 'left', 'right', 'block_cell6', 'block_cell18']","[['charge_density_wave', 'left'], ['charge_density_wave', 'right'], ['charge_density_wave', 'block_cell6'], ['charge_density_wave', 'block_cell18'], ['left', 'right'], ['block_cell6', 'block_cell18']]",development_window,charge_density_wave,block_cell6,4.3010004665824214e-240,0.0,0.0,0.0,1.6554290489757128e-23,0.0,0.0,4.247597610486232e-20,6.253782909340311e-175,False,False,1.655429046010963e-23,1.0102045600734898e-30,False,False
L96_g0p05,96,2.0,g,0.05,L96_g0p05,L96_g0p05_tau0p575,0.5,1.0,open,0.05,0.575,55.200,0.05,1104,"['charge_density_wave', 'left', 'right', 'block_cell6', 'block_cell18']","[['charge_density_wave', 'left'], ['charge_density_wave', 'right'], ['charge_density_wave', 'block_cell6'], ['charge_density_wave', 'block_cell18'], ['left', 'right'], ['block_cell6', 'block_cell18']]",development_window,charge_density_wave,block_cell18,4.3010004665824214e-240,0.0,0.0,0.0,5.727518581885634e-21,0.0,0.0,1.3088710001189881e-17,1.5307782276094842e-169,False,False,5.7275185765717624e-21,5.916434408595571e-30,False,False
L96_g0p05,96,2.0,g,0.05,L96_g0p05,L96_g0p05_tau0p575,0.5,1.0,open,0.05,0.575,55.200,0.05,1104,"['charge_density_wave', 'left', 'right', 'block_cell6', 'block_cell18']","[['charge_density_wave', 'left'], ['charge_density_wave', 'right'], ['charge_density_wave', 'block_cell6'], ['charge_density_wave', 'block_cell18'], ['left', 'right'], ['block_cell6', 'block_cell18']]",development_window,left,right,4.3010004665824214e-240,0.0,0.0,0.0,2.8260845262364205e-07,0.0,0.0,0.00021844690578429806,4.0632501281453544e-140,False,False,2.815698847895085e-07,2.4708264418599816e-12,False,False
L96_g0p05,96,2.0,g,0.05,L96_g0p05,L96_g0p05_tau0p575,0.5,1.0,open,0.05,0.575,55.200,0.05,1104,"['charge_density_wave', 'left', 'right', 'block_cell6', 'block_cell18']","[['charge_density_wave', 'left'], ['charge_density_wave', 'right'], ['charge_density_wave', 'block_cell6'], ['charge_density_wave', 'block_cell18'], ['left', 'right'], ['block_cell6', 'block_cell18']]",development_window,block_cell6,block_cell18,4.3010004665824214e-240,0.0,0.0,0.0,5.744072872375391e-21,0.0,0.0,1.3131185977294744e-17,1.5307844813923933e-169,False,False,5.7275185765722966e-21,4.906229848522081e-30,False,False
L96_g0p05,96,2.0,g,0.05,L96_g0p05,L96_g0p05_tau0p65,0.5,1.0,open,0.05,0.65,62.40,0.05,1248,"['charge_density_wave', 'left', 'right', 'block_cell6', 'block_cell18']","[['charge_density_wave', 'left'], ['charge_density_wave', 'right'], ['charge_density_wave', 'block_cell6'], ['charge_density_wave', 'block_cell18'], ['left', 'right'], ['block_cell6', 'block_cell18']]",development_window,charge_density_wave,left,4.3010004665824214e-240,0.0,0.0,0.0,4.491987972718699e-18,0.0,0.0,8.828208819692557e-15,2.9368238379704663e-155,False,False,4.491987970765496e-18,3.897816169999955e-28,False,False
L96_g0p05,96,2.0,g,0.05,L96_g0p05,L96_g0p05_tau0p65,0.5,1.0,open,0.05,0.65,62.40,0.05,1248,"['charge_density_wave', 'left', 'right', 'block_cell6', 'block_cell18']","[['charge_density_wave', 'left'], ['charge_density_wave', 'right'], ['charge_density_wave', 'block_cell6'], ['charge_density_wave', 'block_cell18'], ['left', 'right'], ['block_cell6', 'block_cell18']]",development_window,charge_density_wave,right,4.3010004665824214e-240,0.0,0.0,0.0,1.1210058480713755e-15,0.0,0.0,1.9061341321637222e-12,3.689758439362592e-148,False,False,1.1210058478586444e-15,1.2004519444308243e-27,False,False
L96_g0p05,96,2.0,g,0.05,L96_g0p05,L96_g0p05_tau0p65,0.5,1.0,open,0.05,0.65,62.40,0.05,1248,"['charge_density_wave', 'left', 'right', 'block_cell6', 'block_cell18']","[['charge_density_wave', 'left'], ['charge_density_wave', 'right'], ['charge_density_wave', 'block_cell6'], ['charge_density_wave', 'block_cell18'], ['left', 'right'], ['block_cell6', 'block_cell18']]",development_window,charge_density_wave,block_cell6,4.3010004665824214e-240,0.0,0.0,0.0,7.769372240981833e-32,0.0,0.0,2.708684113925783e-28,4.008256567637809e-183,False,False,7.769372231878647e-32,3.496037809784444e-38,False,False
L96_g0p05,96,2.0,g,0.05,L96_g0p05,L96_g0p05_tau0p65,0.5,1.0,open,0.05,0.65,62.40,0.05,1248,"['charge_density_wave', 'left', 'right', 'block_cell6', 'block_cell18']","[['charge_density_wave', 'left'], ['charge_density_wave', 'right'], ['charge_density_wave', 'block_cell6'], ['charge_density_wave', 'block_cell18'], ['left', 'right'], ['block_cell6', 'block_cell18']]",development_window,charge_density_wave,block_cell18,4.3010004665824214e-240,0.0,0.0,0.0,2.580538714595203e-29,0.0,0.0,8.277579936673782e-26,9.739750566689832e-178,False,False,2.580538713112254e-29,2.205030601732399e-37,False,False
L96_g0p05,96,2.0,g,0.05,L96_g0p05,L96_g0p05_tau0p65,0.5,1.0,open,0.05,0.65,62.40,0.05,1248,"['charge_density_wave', 'left', 'right', 'block_cell6', 'block_cell18']","[['charge_density_wave', 'left'], ['charge_density_wave', 'right'], ['charge_density_wave', 'block_cell6'], ['charge_density_wave', 'block_cell18'], ['left', 'right'], ['block_cell6', 'block_cell18']]",development_window,left,right,4.3010004665824214e-240,0.0,0.0,0.0,1.1254978360440941e-15,0.0,0.0,1.914962340983415e-12,3.689758145680208e-148,False,False,1.1210058478586444e-15,8.106703274308288e-28,False,False
L96_g0p05,96,2.0,g,0.05,L96_g0p05,L96_g0p05_tau0p65,0.5,1.0,open,0.05,0.65,62.40,0.05,1248,"['charge_density_wave', 'left', 'right', 'block_cell6', 'block_cell18']","[['charge_density_wave', 'left'], ['charge_density_wave', 'right'], ['charge_density_wave', 'block_cell6'], ['charge_density_wave', 'block_cell18'], ['left', 'right'], ['block_cell6', 'block_cell18']]",development_window,block_cell6,block_cell18,4.3010004665824214e-240,0.0,0.0,0.0,2.588308086836185e-29,0.0,0.0,8.30466677781304e-26,9.739790649255509e-178,False,False,2.580538713114651e-29,1.8554268207539548e-37,False,False
L96_g0p25,96,2.0,g,0.25,L96_g0p25,L96_g0p25_tau0p525,0.5,1.0,open,0.25,0.525,50.400,0.05,1008,"['charge_density_wave', 'left', 'right', 'block_cell6', 'block_cell18']","[['charge_density_wave', 'left'], ['charge_density_wave', 'right'], ['charge_density_wave', 'block_cell6'], ['charge_density_wave', 'block_cell18'], ['left', 'right'], ['block_cell6', 'block_cell18']]",development_window,charge_density_wave,left,4.0458863450312424e-240,0.0,0.0,0.0,1.759587364499247e-07,0.0,0.0,0.00013980709540153111,1.0154841962900585e-143,False,False,1.7595868825659495e-07,9.940055591592552e-13,False,False
L96_g0p25,96,2.0,g,0.25,L96_g0p25,L96_g0p25_tau0p525,0.5,1.0,open,0.25,0.525,50.400,0.05,1008,"['charge_density_wave', 'left', 'right', 'block_cell6', 'block_cell18']","[['charge_density_wave', 'left'], ['charge_density_wave', 'right'], ['charge_density_wave', 'block_cell6'], ['charge_density_wave', 'block_cell18'], ['left', 'right'], ['block_cell6', 'block_cell18']]",development_window,charge_density_wave,right,0.9999975855967511,0.999997584395492,0.999997584395492,0.999997584395492,0.9999975867980102,0.0006912530235807112,0.000690011023849509,0.0006924950233119135,8.699427859009889e-141,True,False,0.9999975855967511,0.00069125304393552,True,False
L96_g0p25,96,2.0,g,0.25,L96_g0p25,L96_g0p25_tau0p525,0.5,1.0,open,0.25,0.525,50.400,0.05,1008,"['charge_density_wave', 'left', 'right', 'block_cell6', 'block_cell18']","[['charge_density_wave', 'left'], ['charge_density_wave', 'right'], ['charge_density_wave', 'block_cell6'], ['charge_density_wave', 'block_cell18'], ['left', 'right'], ['block_cell6', 'block_cell18']]",development_window,charge_density_wave,block_cell6,4.0458863450312424e-240,0.0,0.0,0.0,1.754707779780746e-20,0.0,0.0,3.9156149290669753e-17,1.2794259274316358e-171,False,False,1.754707764447527e-20,5.457031402750586e-26,False,False
L96_g0p25,96,2.0,g,0.25,L96_g0p25,L96_g0p25_tau0p525,0.5,1.0,open,0.25,0.525,50.400,0.05,1008,"['charge_density_wave', 'left', 'right', 'block_cell6', 'block_cell18']","[['charge_density_wave', 'left'], ['charge_density_wave', 'right'], ['charge_density_wave', 'block_cell6'], ['charge_density_wave', 'block_cell18'], ['left', 'right'], ['block_cell6', 'block_cell18']]",development_window,charge_density_wave,block_cell18,4.0458863450312424e-240,0.0,0.0,0.0,2.6774645338979006e-12,0.0,0.0,3.5530362417255155e-09,3.4061494934505897e-161,False,False,2.6774645330367527e-12,3.8845012872840295e-22,False,False
L96_g0p25,96,2.0,g,0.25,L96_g0p25,L96_g0p25_tau0p525,0.5,1.0,open,0.25,0.525,50.400,0.05,1008,"['charge_density_wave', 'left', 'right', 'block_cell6', 'block_cell18']","[['charge_density_wave', 'left'], ['charge_density_wave', 'right'], ['charge_density_wave', 'block_cell6'], ['charge_density_wave', 'block_cell18'], ['left', 'right'], ['block_cell6', 'block_cell18']]",development_window,left,right,0.9999975855967511,0.9999974084367557,0.9999974084367557,0.9999974084367557,0.9999977627567466,0.0006912530235807112,0.0005502039284479779,0.0008323021187134446,8.707800636538417e-141,True,False,0.9999975855967511,0.0006912530429415145,True,False
L96_g0p25,96,2.0,g,0.25,L96_g0p25,L96_g0p25_tau0p525,0.5,1.0,open,0.25,0.525,50.400,0.05,1008,"['charge_density_wave', 'left', 'right', 'block_cell6', 'block_cell18']","[['charge_density_wave', 'left'], ['charge_density_wave', 'right'], ['charge_density_wave', 'block_cell6'], ['charge_density_wave', 'block_cell18'], ['left', 'right'], ['block_cell6', 'block_cell18']]",development_window,block_cell6,block_cell18,4.0458863450312424e-240,0.0,0.0,0.0,2.6774645514449783e-12,0.0,0.0,3.553036280881665e-09,3.406149493578532e-161,False,False,2.6774645330367527e-12,3.8850469904243045e-22,False,False
L96_g0p25,96,2.0,g,0.25,L96_g0p25,L96_g0p25_tau0p55,0.5,1.0,open,0.25,0.55,52.80,0.05,1056,"['charge_density_wave', 'left', 'right', 'block_cell6', 'block_cell18']","[['charge_density_wave', 'left'], ['charge_density_wave', 'right'], ['charge_density_wave', 'block_cell6'], ['charge_density_wave', 'block_cell18'], ['left', 'right'], ['block_cell6', 'block_cell18']]",development_window,charge_density_wave,left,4.0458863450312424e-240,0.0,0.0,0.0,3.079879893311268e-10,0.0,0.0,3.385545948266098e-07,2.502114761316833e-146,False,False,3.079879877297104e-10,3.9307311487038395e-18,False,False
L96_g0p25,96,2.0,g,0.25,L96_g0p25,L96_g0p25_tau0p55,0.5,1.0,open,0.25,0.55,52.80,0.05,1056,"['charge_density_wave', 'left', 'right', 'block_cell6', 'block_cell18']","[['charge_density_wave', 'left'], ['charge_density_wave', 'right'], ['charge_density_wave', 'block_cell6'], ['charge_density_wave', 'block_cell18'], ['left', 'right'], ['block_cell6', 'block_cell18']]",development_window,charge_density_wave,right,0.5635971307692613,0.5635969573894551,0.5635969573894551,0.5635969573894551,0.5635973041490676,0.6250790634550517,0.6249411825581516,0.6252169443519517,7.545438445366028e-137,True,True,0.5635972217242399,0.6250791418485747,True,True
L96_g0p25,96,2.0,g,0.25,L96_g0p25,L96_g0p25_tau0p55,0.5,1.0,open,0.25,0.55,52.80,0.05,1056,"['charge_density_wave', 'left', 'right', 'block_cell6', 'block_cell18']","[['charge_density_wave', 'left'], ['charge_density_wave', 'right'], ['charge_density_wave', 'block_cell6'], ['charge_density_wave', 'block_cell18'], ['left', 'right'], ['block_cell6', 'block_cell18']]",development_window,charge_density_wave,block_cell6,4.0458863450312424e-240,0.0,0.0,0.0,3.122987552518939e-23,0.0,0.0,7.917997713666655e-20,2.593903801856209e-174,False,False,3.1229875288698465e-23,2.139666696241618e-28,False,False
L96_g0p25,96,2.0,g,0.25,L96_g0p25,L96_g0p25_tau0p55,0.5,1.0,open,0.25,0.55,52.80,0.05,1056,"['charge_density_wave', 'left', 'right', 'block_cell6', 'block_cell18']","[['charge_density_wave', 'left'], ['charge_density_wave', 'right'], ['charge_density_wave', 'block_cell6'], ['charge_density_wave', 'block_cell18'], ['left', 'right'], ['block_cell6', 'block_cell18']]",development_window,charge_density_wave,block_cell18,4.0458863450312424e-240,0.0,0.0,0.0,4.405223540476595e-15,0.0,0.0,7.201162969602094e-12,6.951766079185665e-164,False,False,4.405223539363985e-15,1.5400442358763307e-27,False,False
L96_g0p25,96,2.0,g,0.25,L96_g0p25,L96_g0p25_tau0p55,0.5,1.0,open,0.25,0.55,52.80,0.05,1056,"['charge_density_wave', 'left', 'right', 'block_cell6', 'block_cell18']","[['charge_density_wave', 'left'], ['charge_density_wave', 'right'], ['charge_density_wave', 'block_cell6'], ['charge_density_wave', 'block_cell18'], ['left', 'right'], ['block_cell6', 'block_cell18']]",development_window,left,right,0.5635971307692613,0.5635969570814672,0.5635969570814672,0.5635969570814672,0.5635973044570556,0.6250790634550517,0.6249408440035568,0.6252172829065465,7.545438445368408e-137,True,True,0.5635972217242399,0.6250791418485747,True,True
L96_g0p25,96,2.0,g,0.25,L96_g0p25,L96_g0p25_tau0p55,0.5,1.0,open,0.25,0.55,52.80,0.05,1056,"['charge_density_wave', 'left', 'right', 'block_cell6', 'block_cell18']","[['charge_density_wave', 'left'], ['charge_density_wave', 'right'], ['charge_density_wave', 'block_cell6'], ['charge_density_wave', 'block_cell18'], ['left', 'right'], ['block_cell6', 'block_cell18']]",development_window,block_cell6,block_cell18,4.0458863450312424e-240,0.0,0.0,0.0,4.4052235717064706e-15,0.0,0.0,7.201163048782071e-12,6.951766079445055e-164,False,False,4.405223539363985e-15,1.326077566252169e-27,False,False
L96_g0p25,96,2.0,g,0.25,L96_g0p25,L96_g0p25_tau0p575,0.5,1.0,open,0.25,0.575,55.200,0.05,1104,"['charge_density_wave', 'left', 'right', 'block_cell6', 'block_cell18']","[['charge_density_wave', 'left'], ['charge_density_wave', 'right'], ['charge_density_wave', 'block_cell6'], ['charge_density_wave', 'block_cell18'], ['left', 'right'], ['block_cell6', 'block_cell18']]",development_window,charge_density_wave,left,4.0458863450312424e-240,0.0,0.0,0.0,5.413454766979514e-13,0.0,0.0,7.599118177062793e-10,5.670255551515117e-149,False,False,5.413454745626703e-13,2.023487609409842e-21,False,False
L96_g0p25,96,2.0,g,0.25,L96_g0p25,L96_g0p25_tau0p575,0.5,1.0,open,0.25,0.575,55.200,0.05,1104,"['charge_density_wave', 'left', 'right', 'block_cell6', 'block_cell18']","[['charge_density_wave', 'left'], ['charge_density_wave', 'right'], ['charge_density_wave', 'block_cell6'], ['charge_density_wave', 'block_cell18'], ['left', 'right'], ['block_cell6', 'block_cell18']]",development_window,charge_density_wave,right,0.0010309107209931657,0.0010299247536232176,0.0010299247536232176,0.0010299247536232176,0.0010318966883631137,1.5680874640518508e-05,0.0,0.0007175149483417226,2.0239270468650627e-139,False,False,0.001031894747993206,1.5708792614915944e-05,False,False
L96_g0p25,96,2.0,g,0.25,L96_g0p25,L96_g0p25_tau0p575,0.5,1.0,open,0.25,0.575,55.200,0.05,1104,"['charge_density_wave', 'left', 'right', 'block_cell6', 'block_cell18']","[['charge_density_wave', 'left'], ['charge_density_wave', 'right'], ['charge_density_wave', 'block_cell6'], ['charge_density_wave', 'block_cell18'], ['left', 'right'], ['block_cell6', 'block_cell18']]",development_window,charge_density_wave,block_cell6,4.0458863450312424e-240,0.0,0.0,0.0,5.571856081651705e-26,0.0,0.0,1.5819475834406418e-22,5.192889131181966e-177,False,False,5.571856044781173e-26,7.835917941402147e-31,False,False
L96_g0p25,96,2.0,g,0.25,L96_g0p25,L96_g0p25_tau0p575,0.5,1.0,open,0.25,0.575,55.200,0.05,1104,"['charge_density_wave', 'left', 'right', 'block_cell6', 'block_cell18']","[['charge_density_wave', 'left'], ['charge_density_wave', 'right'], ['charge_density_wave', 'block_cell6'], ['charge_density_wave', 'block_cell18'], ['left', 'right'], ['block_cell6', 'block_cell18']]",development_window,charge_density_wave,block_cell18,4.0458863450312424e-240,0.0,0.0,0.0,7.271150768351568e-18,0.0,0.0,1.4122069893675256e-14,1.369740293464898e-166,False,False,7.271150766879458e-18,1.0038824069442986e-29,False,False
L96_g0p25,96,2.0,g,0.25,L96_g0p25,L96_g0p25_tau0p575,0.5,1.0,open,0.25,0.575,55.200,0.05,1104,"['charge_density_wave', 'left', 'right', 'block_cell6', 'block_cell18']","[['charge_density_wave', 'left'], ['charge_density_wave', 'right'], ['charge_density_wave', 'block_cell6'], ['charge_density_wave', 'block_cell18'], ['left', 'right'], ['block_cell6', 'block_cell18']]",development_window,left,right,0.0010309107209931657,0.0010299247530818722,0.0010299247530818722,0.0010299247530818722,0.0010318966889044591,1.5680874640518508e-05,0.0,0.0007175157082535403,2.0239270468646447e-139,False,False,0.001031894747993206,1.5708792614915944e-05,False,False
L96_g0p25,96,2.0,g,0.25,L96_g0p25,L96_g0p25_tau0p575,0.5,1.0,open,0.25,0.575,55.200,0.05,1104,"['charge_density_wave', 'left', 'right', 'block_cell6', 'block_cell18']","[['charge_density_wave', 'left'], ['charge_density_wave', 'right'], ['charge_density_wave', 'block_cell6'], ['charge_density_wave', 'block_cell18'], ['left', 'right'], ['block_cell6', 'block_cell18']]",development_window,block_cell6,block_cell18,4.0458863450312424e-240,0.0,0.0,0.0,7.271150824070128e-18,0.0,0.0,1.4122070051870014e-14,1.369740293516827e-166,False,False,7.271150766879458e-18,9.255232275302772e-30,False,False
L96_g0p25,96,2.0,g,0.25,L96_g0p25,L96_g0p25_tau0p65,0.5,1.0,open,0.25,0.65,62.40,0.05,1248,"['charge_density_wave', 'left', 'right', 'block_cell6', 'block_cell18']","[['charge_density_wave', 'left'], ['charge_density_wave', 'right'], ['charge_density_wave', 'block_cell6'], ['charge_density_wave', 'block_cell18'], ['left', 'right'], ['block_cell6', 'block_cell18']]",development_window,charge_density_wave,left,4.0458863450312424e-240,0.0,0.0,0.0,2.999603757196037e-21,0.0,0.0,6.947918363780122e-18,5.2532817830458576e-157,False,False,2.9996037498837473e-21,2.9333450663282682e-28,False,False
L96_g0p25,96,2.0,g,0.25,L96_g0p25,L96_g0p25_tau0p65,0.5,1.0,open,0.25,0.65,62.40,0.05,1248,"['charge_density_wave', 'left', 'right', 'block_cell6', 'block_cell18']","[['charge_density_wave', 'left'], ['charge_density_wave', 'right'], ['charge_density_wave', 'block_cell6'], ['charge_density_wave', 'block_cell18'], ['left', 'right'], ['block_cell6', 'block_cell18']]",development_window,charge_density_wave,right,4.0458863450312424e-240,0.0,0.0,0.0,3.727692043053796e-12,0.0,0.0,4.887493072469034e-09,9.227845569414888e-145,False,False,3.727692042917205e-12,7.452294236413881e-22,False,False
L96_g0p25,96,2.0,g,0.25,L96_g0p25,L96_g0p25_tau0p65,0.5,1.0,open,0.25,0.65,62.40,0.05,1248,"['charge_density_wave', 'left', 'right', 'block_cell6', 'block_cell18']","[['charge_density_wave', 'left'], ['charge_density_wave', 'right'], ['charge_density_wave', 'block_cell6'], ['charge_density_wave', 'block_cell18'], ['left', 'right'], ['block_cell6', 'block_cell18']]",development_window,charge_density_wave,block_cell6,4.0458863450312424e-240,0.0,0.0,0.0,3.20304333521547e-34,0.0,0.0,1.2011226745154219e-30,3.958882634474526e-185,False,False,3.203043320467759e-34,2.751316314037337e-38,False,False
L96_g0p25,96,2.0,g,0.25,L96_g0p25,L96_g0p25_tau0p65,0.5,1.0,open,0.25,0.65,62.40,0.05,1248,"['charge_density_wave', 'left', 'right', 'block_cell6', 'block_cell18']","[['charge_density_wave', 'left'], ['charge_density_wave', 'right'], ['charge_density_wave', 'block_cell6'], ['charge_density_wave', 'block_cell18'], ['left', 'right'], ['block_cell6', 'block_cell18']]",development_window,charge_density_wave,block_cell18,4.0458863450312424e-240,0.0,0.0,0.0,3.3181977822240034e-26,0.0,0.0,9.503497464101942e-23,9.29114410953667e-175,False,False,3.318197781863948e-26,3.296436777040488e-37,False,False
L96_g0p25,96,2.0,g,0.25,L96_g0p25,L96_g0p25_tau0p65,0.5,1.0,open,0.25,0.65,62.40,0.05,1248,"['charge_density_wave', 'left', 'right', 'block_cell6', 'block_cell18']","[['charge_density_wave', 'left'], ['charge_density_wave', 'right'], ['charge_density_wave', 'block_cell6'], ['charge_density_wave', 'block_cell18'], ['left', 'right'], ['block_cell6', 'block_cell18']]",development_window,left,right,4.0458863450312424e-240,0.0,0.0,0.0,3.7276920460534e-12,0.0,0.0,4.887493079416952e-09,9.227845569409635e-145,False,False,3.727692042917205e-12,7.452297169758947e-22,False,False
L96_g0p25,96,2.0,g,0.25,L96_g0p25,L96_g0p25_tau0p65,0.5,1.0,open,0.25,0.65,62.40,0.05,1248,"['charge_density_wave', 'left', 'right', 'block_cell6', 'block_cell18']","[['charge_density_wave', 'left'], ['charge_density_wave', 'right'], ['charge_density_wave', 'block_cell6'], ['charge_density_wave', 'block_cell18'], ['left', 'right'], ['block_cell6', 'block_cell18']]",development_window,block_cell6,block_cell18,4.0458863450312424e-240,0.0,0.0,0.0,3.3181978142544365e-26,0.0,0.0,9.50349758421421e-23,9.291144109932558e-175,False,False,3.318197781863948e-26,3.0213051456367545e-37,False,False
L112_g0,112,2.0,g,0,L112_g0,L112_g0_tau0p525,0.5,1.0,open,0.0,0.525,58.800,0.05,1176,"['charge_density_wave', 'left', 'right', 'block_cell7', 'block_cell21']","[['charge_density_wave', 'left'], ['charge_density_wave', 'right'], ['charge_density_wave', 'block_cell7'], ['charge_density_wave', 'block_cell21'], ['left', 'right'], ['block_cell7', 'block_cell21']]",development_window,charge_density_wave,left,0.004750484399979393,0.004747253742351885,0.004747253742351885,0.004747253742351885,0.0047537150576069,0.0002640126647361492,0.0,0.00273222895607132,9.415883111868038e-130,False,False,0.004753692570954091,0.0002643388675856805,False,False
L112_g0,112,2.0,g,0,L112_g0,L112_g0_tau0p525,0.5,1.0,open,0.0,0.525,58.800,0.05,1176,"['charge_density_wave', 'left', 'right', 'block_cell7', 'block_cell21']","[['charge_density_wave', 'left'], ['charge_density_wave', 'right'], ['charge_density_wave', 'block_cell7'], ['charge_density_wave', 'block_cell21'], ['left', 'right'], ['block_cell7', 'block_cell21']]",development_window,charge_density_wave,right,0.024127305689310936,0.0241272960183503,0.0241272960183503,0.0241272960183503,0.024127315360271573,0.004918117012448978,0.004907581160991679,0.0049286528639062785,2.1783299928832852e-125,False,False,0.024127315062807925,0.004918120381403239,False,False
L112_g0,112,2.0,g,0,L112_g0,L112_g0_tau0p525,0.5,1.0,open,0.0,0.525,58.800,0.05,1176,"['charge_density_wave', 'left', 'right', 'block_cell7', 'block_cell21']","[['charge_density_wave', 'left'], ['charge_density_wave', 'right'], ['charge_density_wave', 'block_cell7'], ['charge_density_wave', 'block_cell21'], ['left', 'right'], ['block_cell7', 'block_cell21']]",development_window,charge_density_wave,block_cell7,4.907304779976675e-240,0.0,0.0,0.0,1.9737346076379082e-19,0.0,0.0,4.870929504573669e-16,7.380304150015718e-162,False,False,1.9737346054043868e-19,1.539423547260829e-29,False,False
L112_g0,112,2.0,g,0,L112_g0,L112_g0_tau0p525,0.5,1.0,open,0.0,0.525,58.800,0.05,1176,"['charge_density_wave', 'left', 'right', 'block_cell7', 'block_cell21']","[['charge_density_wave', 'left'], ['charge_density_wave', 'right'], ['charge_density_wave', 'block_cell7'], ['charge_density_wave', 'block_cell21'], ['left', 'right'], ['block_cell7', 'block_cell21']]",development_window,charge_density_wave,block_cell21,4.907304779976675e-240,0.0,0.0,0.0,2.6912026668886216e-18,0.0,0.0,6.247805782736318e-15,7.35769317346409e-159,False,False,2.6912026637143158e-18,7.270565190218759e-29,False,False
L112_g0,112,2.0,g,0,L112_g0,L112_g0_tau0p525,0.5,1.0,open,0.0,0.525,58.800,0.05,1176,"['charge_density_wave', 'left', 'right', 'block_cell7', 'block_cell21']","[['charge_density_wave', 'left'], ['charge_density_wave', 'right'], ['charge_density_wave', 'block_cell7'], ['charge_density_wave', 'block_cell21'], ['left', 'right'], ['block_cell7', 'block_cell21']]",development_window,left,right,0.024127305689310936,0.0193735809607434,0.024124065360722792,0.024124065360722792,0.02413054601789908,0.004654104347712829,0.0021753522049203586,0.0071328564905052995,2.1783299930493897e-125,False,False,0.024127315062807925,0.004653781513817558,False,False
L112_g0,112,2.0,g,0,L112_g0,L112_g0_tau0p525,0.5,1.0,open,0.0,0.525,58.800,0.05,1176,"['charge_density_wave', 'left', 'right', 'block_cell7', 'block_cell21']","[['charge_density_wave', 'left'], ['charge_density_wave', 'right'], ['charge_density_wave', 'block_cell7'], ['charge_density_wave', 'block_cell21'], ['left', 'right'], ['block_cell7', 'block_cell21']]",development_window,block_cell7,block_cell21,4.907304779976675e-240,0.0,0.0,0.0,2.8885761276524124e-18,0.0,0.0,6.7348987331936845e-15,7.365073477614106e-159,False,False,2.6912026637150523e-18,5.73114164295793e-29,False,False
L112_g0,112,2.0,g,0,L112_g0,L112_g0_tau0p55,0.5,1.0,open,0.0,0.55,61.60,0.05,1232,"['charge_density_wave', 'left', 'right', 'block_cell7', 'block_cell21']","[['charge_density_wave', 'left'], ['charge_density_wave', 'right'], ['charge_density_wave', 'block_cell7'], ['charge_density_wave', 'block_cell21'], ['left', 'right'], ['block_cell7', 'block_cell21']]",development_window,charge_density_wave,left,4.907304779976675e-240,0.0,0.0,0.0,2.607022403433437e-06,0.0,0.0,0.0020230724036494033,3.717594725495574e-130,False,False,2.6070122583512667e-06,1.815662019297508e-10,False,False
L112_g0,112,2.0,g,0,L112_g0,L112_g0_tau0p55,0.5,1.0,open,0.0,0.55,61.60,0.05,1232,"['charge_density_wave', 'left', 'right', 'block_cell7', 'block_cell21']","[['charge_density_wave', 'left'], ['charge_density_wave', 'right'], ['charge_density_wave', 'block_cell7'], ['charge_density_wave', 'block_cell21'], ['left', 'right'], ['block_cell7', 'block_cell21']]",development_window,charge_density_wave,right,1.2691655309409705e-05,1.2177168057695571e-05,1.2177168057695571e-05,1.2177168057695571e-05,1.3206142561123839e-05,3.7932497298161535e-09,0.0,0.000446005233404689,1.1927587064616283e-128,False,False,1.3205775627042009e-05,4.092942085319423e-09,False,False
L112_g0,112,2.0,g,0,L112_g0,L112_g0_tau0p55,0.5,1.0,open,0.0,0.55,61.60,0.05,1232,"['charge_density_wave', 'left', 'right', 'block_cell7', 'block_cell21']","[['charge_density_wave', 'left'], ['charge_density_wave', 'right'], ['charge_density_wave', 'block_cell7'], ['charge_density_wave', 'block_cell21'], ['left', 'right'], ['block_cell7', 'block_cell21']]",development_window,charge_density_wave,block_cell7,4.907304779976675e-240,0.0,0.0,0.0,1.1279717399551388e-22,0.0,0.0,3.2553729737230124e-19,4.948877210412088e-165,False,False,1.1279717388811105e-22,2.4172537797990712e-32,False,False
L112_g0,112,2.0,g,0,L112_g0,L112_g0_tau0p55,0.5,1.0,open,0.0,0.55,61.60,0.05,1232,"['charge_density_wave', 'left', 'right', 'block_cell7', 'block_cell21']","[['charge_density_wave', 'left'], ['charge_density_wave', 'right'], ['charge_density_wave', 'block_cell7'], ['charge_density_wave', 'block_cell21'], ['left', 'right'], ['block_cell7', 'block_cell21']]",development_window,charge_density_wave,block_cell21,4.907304779976675e-240,0.0,0.0,0.0,1.5365033192507149e-21,0.0,0.0,4.209692665602003e-18,4.976111973523969e-162,False,False,1.53650331773014e-21,1.1868046644114663e-31,False,False
L112_g0,112,2.0,g,0,L112_g0,L112_g0_tau0p55,0.5,1.0,open,0.0,0.55,61.60,0.05,1232,"['charge_density_wave', 'left', 'right', 'block_cell7', 'block_cell21']","[['charge_density_wave', 'left'], ['charge_density_wave', 'right'], ['charge_density_wave', 'block_cell7'], ['charge_density_wave', 'block_cell21'], ['left', 'right'], ['block_cell7', 'block_cell21']]",development_window,left,right,1.2691655309409705e-05,9.570145654262135e-06,9.570145654262135e-06,9.570145654262135e-06,1.5813164964557276e-05,3.7932497298161535e-09,0.0,0.0024690776370540923,1.1928103390937617e-128,False,False,1.3205775627042009e-05,3.9113758833896725e-09,False,False
L112_g0,112,2.0,g,0,L112_g0,L112_g0_tau0p55,0.5,1.0,open,0.0,0.55,61.60,0.05,1232,"['charge_density_wave', 'left', 'right', 'block_cell7', 'block_cell21']","[['charge_density_wave', 'left'], ['charge_density_wave', 'right'], ['charge_density_wave', 'block_cell7'], ['charge_density_wave', 'block_cell21'], ['left', 'right'], ['block_cell7', 'block_cell21']]",development_window,block_cell7,block_cell21,4.907304779976675e-240,0.0,0.0,0.0,1.6493004932462287e-21,0.0,0.0,4.5352299629743045e-18,4.98106085073438e-162,False,False,1.5365033177314654e-21,9.450792864315592e-32,False,False
L112_g0,112,2.0,g,0,L112_g0,L112_g0_tau0p575,0.5,1.0,open,0.0,0.575,64.400,0.05,1288,"['charge_density_wave', 'left', 'right', 'block_cell7', 'block_cell21']","[['charge_density_wave', 'left'], ['charge_density_wave', 'right'], ['charge_density_wave', 'block_cell7'], ['charge_density_wave', 'block_cell21'], ['left', 'right'], ['block_cell7', 'block_cell21']]",development_window,charge_density_wave,left,4.907304779976675e-240,0.0,0.0,0.0,1.4387101479431266e-09,0.0,0.0,1.7208887657558203e-06,3.2482741318295202e-133,False,False,1.4387101444308059e-09,8.63536854213122e-17,False,False
L112_g0,112,2.0,g,0,L112_g0,L112_g0_tau0p575,0.5,1.0,open,0.0,0.575,64.400,0.05,1288,"['charge_density_wave', 'left', 'right', 'block_cell7', 'block_cell21']","[['charge_density_wave', 'left'], ['charge_density_wave', 'right'], ['charge_density_wave', 'block_cell7'], ['charge_density_wave', 'block_cell21'], ['left', 'right'], ['block_cell7', 'block_cell21']]",development_window,charge_density_wave,right,4.907304779976675e-240,0.0,0.0,0.0,7.273390223917795e-09,0.0,0.0,8.039906823856476e-06,6.892717236853687e-129,False,False,7.273390142614922e-09,2.0355755899431533e-15,False,False
L112_g0,112,2.0,g,0,L112_g0,L112_g0_tau0p575,0.5,1.0,open,0.0,0.575,64.400,0.05,1288,"['charge_density_wave', 'left', 'right', 'block_cell7', 'block_cell21']","[['charge_density_wave', 'left'], ['charge_density_wave', 'right'], ['charge_density_wave', 'block_cell7'], ['charge_density_wave', 'block_cell21'], ['left', 'right'], ['block_cell7', 'block_cell21']]",development_window,charge_density_wave,block_cell7,4.907304779976675e-240,0.0,0.0,0.0,6.467488033980972e-26,0.0,0.0,2.136873425754888e-22,3.256544404364851e-168,False,False,6.46748802875138e-26,3.506375271140698e-35,False,False
L112_g0,112,2.0,g,0,L112_g0,L112_g0_tau0p575,0.5,1.0,open,0.0,0.575,64.400,0.05,1288,"['charge_density_wave', 'left', 'right', 'block_cell7', 'block_cell21']","[['charge_density_wave', 'left'], ['charge_density_wave', 'right'], ['charge_density_wave', 'block_cell7'], ['charge_density_wave', 'block_cell21'], ['left', 'right'], ['block_cell7', 'block_cell21']]",development_window,charge_density_wave,block_cell21,4.907304779976675e-240,0.0,0.0,0.0,8.802181809435481e-25,0.0,0.0,2.7795698290774522e-21,3.2946275149017656e-165,False,False,8.802181802057772e-25,1.7857727205620443e-34,False,False
L112_g0,112,2.0,g,0,L112_g0,L112_g0_tau0p575,0.5,1.0,open,0.0,0.575,64.400,0.05,1288,"['charge_density_wave', 'left', 'right', 'block_cell7', 'block_cell21']","[['charge_density_wave', 'left'], ['charge_density_wave', 'right'], ['charge_density_wave', 'block_cell7'], ['charge_density_wave', 'block_cell21'], ['left', 'right'], ['block_cell7', 'block_cell21']]",development_window,left,right,4.907304779976675e-240,0.0,0.0,0.0,8.712100371860923e-09,0.0,0.0,9.760795589612297e-06,6.89304206426687e-129,False,False,7.273390142614922e-09,1.9492219045218412e-15,False,False
L112_g0,112,2.0,g,0,L112_g0,L112_g0_tau0p575,0.5,1.0,open,0.0,0.575,64.400,0.05,1288,"['charge_density_wave', 'left', 'right', 'block_cell7', 'block_cell21']","[['charge_density_wave', 'left'], ['charge_density_wave', 'right'], ['charge_density_wave', 'block_cell7'], ['charge_density_wave', 'block_cell21'], ['left', 'right'], ['block_cell7', 'block_cell21']]",development_window,block_cell7,block_cell21,4.907304779976675e-240,0.0,0.0,0.0,9.448930612833579e-25,0.0,0.0,2.9932571716529413e-21,3.297884059306131e-165,False,False,8.802181802079292e-25,1.4351351934479745e-34,False,False
L112_g0,112,2.0,g,0,L112_g0,L112_g0_tau0p65,0.5,1.0,open,0.0,0.65,72.80,0.05,1456,"['charge_density_wave', 'left', 'right', 'block_cell7', 'block_cell21']","[['charge_density_wave', 'left'], ['charge_density_wave', 'right'], ['charge_density_wave', 'block_cell7'], ['charge_density_wave', 'block_cell21'], ['left', 'right'], ['block_cell7', 'block_cell21']]",development_window,charge_density_wave,left,4.907304779976675e-240,0.0,0.0,0.0,2.4938217073198197e-19,0.0,0.0,6.121775727839042e-16,1.1842664862353675e-142,False,False,2.4938217069406705e-19,3.6430032873441493e-32,False,False
L112_g0,112,2.0,g,0,L112_g0,L112_g0_tau0p65,0.5,1.0,open,0.0,0.65,72.80,0.05,1456,"['charge_density_wave', 'left', 'right', 'block_cell7', 'block_cell21']","[['charge_density_wave', 'left'], ['charge_density_wave', 'right'], ['charge_density_wave', 'block_cell7'], ['charge_density_wave', 'block_cell21'], ['left', 'right'], ['block_cell7', 'block_cell21']]",development_window,charge_density_wave,right,4.907304779976675e-240,0.0,0.0,0.0,1.2548602751561633e-18,0.0,0.0,2.9668566326381474e-15,2.6147926445618304e-138,False,False,1.2548602749521114e-18,9.98636801989807e-32,False,False
L112_g0,112,2.0,g,0,L112_g0,L112_g0_tau0p65,0.5,1.0,open,0.0,0.65,72.80,0.05,1456,"['charge_density_wave', 'left', 'right', 'block_cell7', 'block_cell21']","[['charge_density_wave', 'left'], ['charge_density_wave', 'right'], ['charge_density_wave', 'block_cell7'], ['charge_density_wave', 'block_cell21'], ['left', 'right'], ['block_cell7', 'block_cell21']]",development_window,charge_density_wave,block_cell7,4.907304779976675e-240,0.0,0.0,0.0,1.2393771437462583e-35,0.0,0.0,5.647901978255822e-32,8.647407606786549e-178,False,False,1.239377143103519e-35,7.239571852236251e-44,False,False
L112_g0,112,2.0,g,0,L112_g0,L112_g0_tau0p65,0.5,1.0,open,0.0,0.65,72.80,0.05,1456,"['charge_density_wave', 'left', 'right', 'block_cell7', 'block_cell21']","[['charge_density_wave', 'left'], ['charge_density_wave', 'right'], ['charge_density_wave', 'block_cell7'], ['charge_density_wave', 'block_cell21'], ['left', 'right'], ['block_cell7', 'block_cell21']]",development_window,charge_density_wave,block_cell21,4.907304779976675e-240,0.0,0.0,0.0,1.6830440847218975e-34,0.0,0.0,7.423853914954236e-31,8.844174631858916e-175,False,False,1.683044083823712e-34,4.068208818030504e-43,False,False
L112_g0,112,2.0,g,0,L112_g0,L112_g0_tau0p65,0.5,1.0,open,0.0,0.65,72.80,0.05,1456,"['charge_density_wave', 'left', 'right', 'block_cell7', 'block_cell21']","[['charge_density_wave', 'left'], ['charge_density_wave', 'right'], ['charge_density_wave', 'block_cell7'], ['charge_density_wave', 'block_cell21'], ['left', 'right'], ['block_cell7', 'block_cell21']]",development_window,left,right,4.907304779976675e-240,0.0,0.0,0.0,1.5042424458881452e-18,0.0,0.0,3.579034205422052e-15,2.6149110712104537e-138,False,False,1.2548602749521114e-18,6.343364732553921e-32,False,False
L112_g0,112,2.0,g,0,L112_g0,L112_g0_tau0p65,0.5,1.0,open,0.0,0.65,72.80,0.05,1456,"['charge_density_wave', 'left', 'right', 'block_cell7', 'block_cell21']","[['charge_density_wave', 'left'], ['charge_density_wave', 'right'], ['charge_density_wave', 'block_cell7'], ['charge_density_wave', 'block_cell21'], ['left', 'right'], ['block_cell7', 'block_cell21']]",development_window,block_cell7,block_cell21,4.907304779976675e-240,0.0,0.0,0.0,1.8069817990965232e-34,0.0,0.0,7.988644112779818e-31,8.852822039465703e-175,False,False,1.6830440838800938e-34,3.344251632806879e-43,False,False
L112_g0p05,112,2.0,g,0.05,L112_g0p05,L112_g0p05_tau0p525,0.5,1.0,open,0.05,0.525,58.800,0.05,1176,"['charge_density_wave', 'left', 'right', 'block_cell7', 'block_cell21']","[['charge_density_wave', 'left'], ['charge_density_wave', 'right'], ['charge_density_wave', 'block_cell7'], ['charge_density_wave', 'block_cell21'], ['left', 'right'], ['block_cell7', 'block_cell21']]",development_window,charge_density_wave,left,0.00043681277689753786,0.0004365092711742586,0.0004365092711742586,0.0004365092711742586,0.0004371162826208171,3.142948818002981e-06,0.0,0.0002752177566299245,8.693242978575442e-131,False,False,0.00043711460372038955,3.1470297632055446e-06,False,False
L112_g0p05,112,2.0,g,0.05,L112_g0p05,L112_g0p05_tau0p525,0.5,1.0,open,0.05,0.525,58.800,0.05,1176,"['charge_density_wave', 'left', 'right', 'block_cell7', 'block_cell21']","[['charge_density_wave', 'left'], ['charge_density_wave', 'right'], ['charge_density_wave', 'block_cell7'], ['charge_density_wave', 'block_cell21'], ['left', 'right'], ['block_cell7', 'block_cell21']]",development_window,charge_density_wave,right,0.25241974939537737,0.2524196418780444,0.2524196418780444,0.2524196418780444,0.25241985691271035,0.2370713807656608,0.2369687496258513,0.23717401190547036,2.8674857351468377e-124,True,True,0.25241983689775804,0.2370714994849627,True,True
L112_g0p05,112,2.0,g,0.05,L112_g0p05,L112_g0p05_tau0p525,0.5,1.0,open,0.05,0.525,58.800,0.05,1176,"['charge_density_wave', 'left', 'right', 'block_cell7', 'block_cell21']","[['charge_density_wave', 'left'], ['charge_density_wave', 'right'], ['charge_density_wave', 'block_cell7'], ['charge_density_wave', 'block_cell21'], ['left', 'right'], ['block_cell7', 'block_cell21']]",development_window,charge_density_wave,block_cell7,4.6819873783810643e-240,0.0,0.0,0.0,2.971205215910971e-20,0.0,0.0,7.647624071981988e-17,6.077020623732361e-163,False,False,2.971205211145563e-20,1.4221063314153325e-29,False,False
L112_g0p05,112,2.0,g,0.05,L112_g0p05,L112_g0p05_tau0p525,0.5,1.0,open,0.05,0.525,58.800,0.05,1176,"['charge_density_wave', 'left', 'right', 'block_cell7', 'block_cell21']","[['charge_density_wave', 'left'], ['charge_density_wave', 'right'], ['charge_density_wave', 'block_cell7'], ['charge_density_wave', 'block_cell21'], ['left', 'right'], ['block_cell7', 'block_cell21']]",development_window,charge_density_wave,block_cell21,4.6819873783810643e-240,0.0,0.0,0.0,1.8991778434226882e-17,0.0,0.0,4.20124998682625e-14,3.393554190102262e-158,False,False,1.8991778418502542e-17,7.88725422103082e-29,False,False
L112_g0p05,112,2.0,g,0.05,L112_g0p05,L112_g0p05_tau0p525,0.5,1.0,open,0.05,0.525,58.800,0.05,1176,"['charge_density_wave', 'left', 'right', 'block_cell7', 'block_cell21']","[['charge_density_wave', 'left'], ['charge_density_wave', 'right'], ['charge_density_wave', 'block_cell7'], ['charge_density_wave', 'block_cell21'], ['left', 'right'], ['block_cell7', 'block_cell21']]",development_window,left,right,0.25241974939537737,0.25198252559542356,0.2524193383723211,0.2524193383723211,0.2524201604184336,0.2370682378168428,0.23669353186922137,0.23744294376446426,2.867485723519541e-124,True,True,0.25241983689775804,0.2370683524551995,True,True
L112_g0p05,112,2.0,g,0.05,L112_g0p05,L112_g0p05_tau0p525,0.5,1.0,open,0.05,0.525,58.800,0.05,1176,"['charge_density_wave', 'left', 'right', 'block_cell7', 'block_cell21']","[['charge_density_wave', 'left'], ['charge_density_wave', 'right'], ['charge_density_wave', 'block_cell7'], ['charge_density_wave', 'block_cell21'], ['left', 'right'], ['block_cell7', 'block_cell21']]",development_window,block_cell7,block_cell21,4.6819873783810643e-240,0.0,0.0,0.0,1.9021490486385992e-17,0.0,0.0,4.208897610898232e-14,3.3936149603084995e-158,False,False,1.8991778418502546e-17,6.465147889615488e-29,False,False
L112_g0p05,112,2.0,g,0.05,L112_g0p05,L112_g0p05_tau0p55,0.5,1.0,open,0.05,0.55,61.60,0.05,1232,"['charge_density_wave', 'left', 'right', 'block_cell7', 'block_cell21']","[['charge_density_wave', 'left'], ['charge_density_wave', 'right'], ['charge_density_wave', 'block_cell7'], ['charge_density_wave', 'block_cell21'], ['left', 'right'], ['block_cell7', 'block_cell21']]",development_window,charge_density_wave,left,4.6819873783810643e-240,0.0,0.0,0.0,2.436850504066701e-07,0.0,0.0,0.00022144483933314541,4.132112446841065e-131,False,False,2.4368496141882075e-07,1.8678590364114916e-12,False,False
L112_g0p05,112,2.0,g,0.05,L112_g0p05,L112_g0p05_tau0p55,0.5,1.0,open,0.05,0.55,61.60,0.05,1232,"['charge_density_wave', 'left', 'right', 'block_cell7', 'block_cell21']","[['charge_density_wave', 'left'], ['charge_density_wave', 'right'], ['charge_density_wave', 'block_cell7'], ['charge_density_wave', 'block_cell21'], ['left', 'right'], ['block_cell7', 'block_cell21']]",development_window,charge_density_wave,right,0.00013530130321425554,0.00012986239889695004,0.00012986239889695004,0.00012986239889695004,0.00014074020753156104,3.444542587482141e-07,0.0,0.003997004135066075,1.2583127025201336e-127,False,False,0.00014073664544249394,3.711248356107675e-07,False,False
L112_g0p05,112,2.0,g,0.05,L112_g0p05,L112_g0p05_tau0p55,0.5,1.0,open,0.05,0.55,61.60,0.05,1232,"['charge_density_wave', 'left', 'right', 'block_cell7', 'block_cell21']","[['charge_density_wave', 'left'], ['charge_density_wave', 'right'], ['charge_density_wave', 'block_cell7'], ['charge_density_wave', 'block_cell21'], ['left', 'right'], ['block_cell7', 'block_cell21']]",development_window,charge_density_wave,block_cell7,4.6819873783810643e-240,0.0,0.0,0.0,1.7135139502096803e-23,0.0,0.0,5.126098662741897e-20,4.085906176777268e-166,False,False,1.7135139478807227e-23,2.2403796937362726e-32,False,False
L112_g0p05,112,2.0,g,0.05,L112_g0p05,L112_g0p05_tau0p55,0.5,1.0,open,0.05,0.55,61.60,0.05,1232,"['charge_density_wave', 'left', 'right', 'block_cell7', 'block_cell21']","[['charge_density_wave', 'left'], ['charge_density_wave', 'right'], ['charge_density_wave', 'block_cell7'], ['charge_density_wave', 'block_cell21'], ['left', 'right'], ['block_cell7', 'block_cell21']]",development_window,charge_density_wave,block_cell21,4.6819873783810643e-240,0.0,0.0,0.0,1.0785018406365612e-20,0.0,0.0,2.837175127147899e-17,2.30112837381859e-161,False,False,1.0785018398933093e-20,1.2764350343960503e-31,False,False
L112_g0p05,112,2.0,g,0.05,L112_g0p05,L112_g0p05_tau0p55,0.5,1.0,open,0.05,0.55,61.60,0.05,1232,"['charge_density_wave', 'left', 'right', 'block_cell7', 'block_cell21']","[['charge_density_wave', 'left'], ['charge_density_wave', 'right'], ['charge_density_wave', 'block_cell7'], ['charge_density_wave', 'block_cell21'], ['left', 'right'], ['block_cell7', 'block_cell21']]",development_window,left,right,0.00013530130321425554,0.0001296187138465434,0.0001296187138465434,0.0001296187138465434,0.00014098389258196772,3.444542587482141e-07,0.0,0.004218448974399221,1.2583131870925207e-127,False,False,0.00014073664544249394,3.711229677517311e-07,False,False
L112_g0p05,112,2.0,g,0.05,L112_g0p05,L112_g0p05_tau0p55,0.5,1.0,open,0.05,0.55,61.60,0.05,1232,"['charge_density_wave', 'left', 'right', 'block_cell7', 'block_cell21']","[['charge_density_wave', 'left'], ['charge_density_wave', 'right'], ['charge_density_wave', 'block_cell7'], ['charge_density_wave', 'block_cell21'], ['left', 'right'], ['block_cell7', 'block_cell21']]",development_window,block_cell7,block_cell21,4.6819873783810643e-240,0.0,0.0,0.0,1.0802153545867708e-20,0.0,0.0,2.842301225810641e-17,2.301169232880358e-161,False,False,1.0785018398933098e-20,1.052397065022423e-31,False,False
L112_g0p05,112,2.0,g,0.05,L112_g0p05,L112_g0p05_tau0p575,0.5,1.0,open,0.05,0.575,64.400,0.05,1288,"['charge_density_wave', 'left', 'right', 'block_cell7', 'block_cell21']","[['charge_density_wave', 'left'], ['charge_density_wave', 'right'], ['charge_density_wave', 'block_cell7'], ['charge_density_wave', 'block_cell21'], ['left', 'right'], ['block_cell7', 'block_cell21']]",development_window,charge_density_wave,left,4.6819873783810643e-240,0.0,0.0,0.0,1.3663932673829123e-10,0.0,0.0,1.8145236289104805e-07,3.455657970149477e-134,False,False,1.3663932664765051e-10,8.668097440499632e-19,False,False
L112_g0p05,112,2.0,g,0.05,L112_g0p05,L112_g0p05_tau0p575,0.5,1.0,open,0.05,0.575,64.400,0.05,1288,"['charge_density_wave', 'left', 'right', 'block_cell7', 'block_cell21']","[['charge_density_wave', 'left'], ['charge_density_wave', 'right'], ['charge_density_wave', 'block_cell7'], ['charge_density_wave', 'block_cell21'], ['left', 'right'], ['block_cell7', 'block_cell21']]",development_window,charge_density_wave,right,4.6819873783810643e-240,0.0,0.0,0.0,7.646349525408196e-08,0.0,0.0,7.444801937219988e-05,6.27237526057227e-128,False,False,7.646348652034404e-08,1.9745885411519784e-13,False,False
L112_g0p05,112,2.0,g,0.05,L112_g0p05,L112_g0p05_tau0p575,0.5,1.0,open,0.05,0.575,64.400,0.05,1288,"['charge_density_wave', 'left', 'right', 'block_cell7', 'block_cell21']","[['charge_density_wave', 'left'], ['charge_density_wave', 'right'], ['charge_density_wave', 'block_cell7'], ['charge_density_wave', 'block_cell21'], ['left', 'right'], ['block_cell7', 'block_cell21']]",development_window,charge_density_wave,block_cell7,4.6819873783810643e-240,0.0,0.0,0.0,9.912570467583612e-27,0.0,0.0,3.3792504394588484e-23,2.6997714414383965e-169,False,False,9.912570456061993e-27,3.258870266797802e-35,False,False
L112_g0p05,112,2.0,g,0.05,L112_g0p05,L112_g0p05_tau0p575,0.5,1.0,open,0.05,0.575,64.400,0.05,1288,"['charge_density_wave', 'left', 'right', 'block_cell7', 'block_cell21']","[['charge_density_wave', 'left'], ['charge_density_wave', 'right'], ['charge_density_wave', 'block_cell7'], ['charge_density_wave', 'block_cell21'], ['left', 'right'], ['block_cell7', 'block_cell21']]",development_window,charge_density_wave,block_cell21,4.6819873783810643e-240,0.0,0.0,0.0,6.146410128259724e-24,0.0,0.0,1.874031687142013e-20,1.5244543500766698e-164,False,False,6.1464101247008514e-24,1.9056862446726738e-34,False,False
L112_g0p05,112,2.0,g,0.05,L112_g0p05,L112_g0p05_tau0p575,0.5,1.0,open,0.05,0.575,64.400,0.05,1288,"['charge_density_wave', 'left', 'right', 'block_cell7', 'block_cell21']","[['charge_density_wave', 'left'], ['charge_density_wave', 'right'], ['charge_density_wave', 'block_cell7'], ['charge_density_wave', 'block_cell21'], ['left', 'right'], ['block_cell7', 'block_cell21']]",development_window,left,right,4.6819873783810643e-240,0.0,0.0,0.0,7.660013458082024e-08,0.0,0.0,7.462947173509092e-05,6.27237871623024e-128,False,False,7.646348652034404e-08,1.974579873054538e-13,False,False
L112_g0p05,112,2.0,g,0.05,L112_g0p05,L112_g0p05_tau0p575,0.5,1.0,open,0.05,0.575,64.400,0.05,1288,"['charge_density_wave', 'left', 'right', 'block_cell7', 'block_cell21']","[['charge_density_wave', 'left'], ['charge_density_wave', 'right'], ['charge_density_wave', 'block_cell7'], ['charge_density_wave', 'block_cell21'], ['left', 'right'], ['block_cell7', 'block_cell21']]",development_window,block_cell7,block_cell21,4.6819873783810643e-240,0.0,0.0,0.0,6.156322698727307e-24,0.0,0.0,1.8774109375814718e-20,1.524481347791084e-164,False,False,6.146410124700859e-24,1.5797992179928936e-34,False,False
L112_g0p05,112,2.0,g,0.05,L112_g0p05,L112_g0p05_tau0p65,0.5,1.0,open,0.05,0.65,72.80,0.05,1456,"['charge_density_wave', 'left', 'right', 'block_cell7', 'block_cell21']","[['charge_density_wave', 'left'], ['charge_density_wave', 'right'], ['charge_density_wave', 'block_cell7'], ['charge_density_wave', 'block_cell21'], ['left', 'right'], ['block_cell7', 'block_cell21']]",development_window,charge_density_wave,left,4.6819873783810643e-240,0.0,0.0,0.0,2.4781907164078493e-20,0.0,0.0,6.403827440184653e-17,1.245330201595319e-143,False,False,2.4781907157917e-20,3.3385339850921506e-32,False,False
L112_g0p05,112,2.0,g,0.05,L112_g0p05,L112_g0p05_tau0p65,0.5,1.0,open,0.05,0.65,72.80,0.05,1456,"['charge_density_wave', 'left', 'right', 'block_cell7', 'block_cell21']","[['charge_density_wave', 'left'], ['charge_density_wave', 'right'], ['charge_density_wave', 'block_cell7'], ['charge_density_wave', 'block_cell21'], ['left', 'right'], ['block_cell7', 'block_cell21']]",development_window,charge_density_wave,right,4.6819873783810643e-240,0.0,0.0,0.0,1.2695289526819621e-17,0.0,0.0,2.837012334463561e-14,2.471523218511519e-137,False,False,1.2695289525559465e-17,9.766038167217994e-32,False,False
L112_g0p05,112,2.0,g,0.05,L112_g0p05,L112_g0p05_tau0p65,0.5,1.0,open,0.05,0.65,72.80,0.05,1456,"['charge_density_wave', 'left', 'right', 'block_cell7', 'block_cell21']","[['charge_density_wave', 'left'], ['charge_density_wave', 'right'], ['charge_density_wave', 'block_cell7'], ['charge_density_wave', 'block_cell21'], ['left', 'right'], ['block_cell7', 'block_cell21']]",development_window,charge_density_wave,block_cell7,4.6819873783810643e-240,0.0,0.0,0.0,1.9489629098542144e-36,0.0,0.0,9.083420135772438e-33,7.289190182151993e-179,False,False,1.9489629083712055e-36,6.770964078921315e-44,False,False
L112_g0p05,112,2.0,g,0.05,L112_g0p05,L112_g0p05_tau0p65,0.5,1.0,open,0.05,0.65,72.80,0.05,1456,"['charge_density_wave', 'left', 'right', 'block_cell7', 'block_cell21']","[['charge_density_wave', 'left'], ['charge_density_wave', 'right'], ['charge_density_wave', 'block_cell7'], ['charge_density_wave', 'block_cell21'], ['left', 'right'], ['block_cell7', 'block_cell21']]",development_window,charge_density_wave,block_cell21,4.6819873783810643e-240,0.0,0.0,0.0,1.1580375063597165e-33,0.0,0.0,4.9829897086108094e-30,4.075303196133022e-174,False,False,1.1580375059431754e-33,4.262346115487718e-43,False,False
L112_g0p05,112,2.0,g,0.05,L112_g0p05,L112_g0p05_tau0p65,0.5,1.0,open,0.05,0.65,72.80,0.05,1456,"['charge_density_wave', 'left', 'right', 'block_cell7', 'block_cell21']","[['charge_density_wave', 'left'], ['charge_density_wave', 'right'], ['charge_density_wave', 'block_cell7'], ['charge_density_wave', 'block_cell21'], ['left', 'right'], ['block_cell7', 'block_cell21']]",development_window,left,right,4.6819873783810643e-240,0.0,0.0,0.0,1.27200714339837e-17,0.0,0.0,2.843416161903746e-14,2.4715244638417206e-137,False,False,1.2695289525559465e-17,6.427504182125843e-32,False,False
L112_g0p05,112,2.0,g,0.05,L112_g0p05,L112_g0p05_tau0p65,0.5,1.0,open,0.05,0.65,72.80,0.05,1456,"['charge_density_wave', 'left', 'right', 'block_cell7', 'block_cell21']","[['charge_density_wave', 'left'], ['charge_density_wave', 'right'], ['charge_density_wave', 'block_cell7'], ['charge_density_wave', 'block_cell21'], ['left', 'right'], ['block_cell7', 'block_cell21']]",development_window,block_cell7,block_cell21,4.6819873783810643e-240,0.0,0.0,0.0,1.1599864692695707e-33,0.0,0.0,4.992073128746582e-30,4.075376088034843e-174,False,False,1.1580375059431964e-33,3.585249707595586e-43,False,False
L112_g0p25,112,2.0,g,0.25,L112_g0p25,L112_g0p25_tau0p525,0.5,1.0,open,0.25,0.525,58.800,0.05,1176,"['charge_density_wave', 'left', 'right', 'block_cell7', 'block_cell21']","[['charge_density_wave', 'left'], ['charge_density_wave', 'right'], ['charge_density_wave', 'block_cell7'], ['charge_density_wave', 'block_cell21'], ['left', 'right'], ['block_cell7', 'block_cell21']]",development_window,charge_density_wave,left,4.2530120598584755e-240,0.0,0.0,0.0,4.749456345488313e-08,0.0,0.0,4.75092122737735e-05,8.490226368751595e-132,False,False,4.749455983656662e-08,7.833076802924656e-14,False,False
L112_g0p25,112,2.0,g,0.25,L112_g0p25,L112_g0p25_tau0p525,0.5,1.0,open,0.25,0.525,58.800,0.05,1176,"['charge_density_wave', 'left', 'right', 'block_cell7', 'block_cell21']","[['charge_density_wave', 'left'], ['charge_density_wave', 'right'], ['charge_density_wave', 'block_cell7'], ['charge_density_wave', 'block_cell21'], ['left', 'right'], ['block_cell7', 'block_cell21']]",development_window,charge_density_wave,right,0.9999999771033471,0.9999999527009162,0.9999999527009162,0.9999999527009162,1.0,0.019431451193910237,0.01940613121567999,0.01945677117214048,1.1273013586950166e-126,True,False,0.9999999771033471,0.019431452514120925,True,False
L112_g0p25,112,2.0,g,0.25,L112_g0p25,L112_g0p25_tau0p525,0.5,1.0,open,0.25,0.525,58.800,0.05,1176,"['charge_density_wave', 'left', 'right', 'block_cell7', 'block_cell21']","[['charge_density_wave', 'left'], ['charge_density_wave', 'right'], ['charge_density_wave', 'block_cell7'], ['charge_density_wave', 'block_cell21'], ['left', 'right'], ['block_cell7', 'block_cell21']]",development_window,charge_density_wave,block_cell7,4.2530120598584755e-240,0.0,0.0,0.0,3.0373997286369067e-23,0.0,0.0,8.98922549920277e-20,1.354790954853997e-166,False,False,3.0373997103221616e-23,1.0873628361046275e-29,False,False
L112_g0p25,112,2.0,g,0.25,L112_g0p25,L112_g0p25_tau0p525,0.5,1.0,open,0.25,0.525,58.800,0.05,1176,"['charge_density_wave', 'left', 'right', 'block_cell7', 'block_cell21']","[['charge_density_wave', 'left'], ['charge_density_wave', 'right'], ['charge_density_wave', 'block_cell7'], ['charge_density_wave', 'block_cell21'], ['left', 'right'], ['block_cell7', 'block_cell21']]",development_window,charge_density_wave,block_cell21,4.2530120598584755e-240,0.0,0.0,0.0,8.634434814255138e-14,0.0,0.0,1.5028270495220437e-10,3.3880606036811134e-154,False,False,8.634434812640702e-14,4.558201799265767e-25,False,False
L112_g0p25,112,2.0,g,0.25,L112_g0p25,L112_g0p25_tau0p525,0.5,1.0,open,0.25,0.525,58.800,0.05,1176,"['charge_density_wave', 'left', 'right', 'block_cell7', 'block_cell21']","[['charge_density_wave', 'left'], ['charge_density_wave', 'right'], ['charge_density_wave', 'block_cell7'], ['charge_density_wave', 'block_cell21'], ['left', 'right'], ['block_cell7', 'block_cell21']]",development_window,left,right,0.9999999771033471,0.9999999052063527,0.9999999052063527,0.9999999052063527,1.0,0.019431451193910237,0.01935862200340622,0.019504280384414253,1.1273098489213855e-126,True,False,0.9999999771033471,0.019431452514042595,True,False
L112_g0p25,112,2.0,g,0.25,L112_g0p25,L112_g0p25_tau0p525,0.5,1.0,open,0.25,0.525,58.800,0.05,1176,"['charge_density_wave', 'left', 'right', 'block_cell7', 'block_cell21']","[['charge_density_wave', 'left'], ['charge_density_wave', 'right'], ['charge_density_wave', 'block_cell7'], ['charge_density_wave', 'block_cell21'], ['left', 'right'], ['block_cell7', 'block_cell21']]",development_window,block_cell7,block_cell21,4.2530120598584755e-240,0.0,0.0,0.0,8.634434817292538e-14,0.0,0.0,1.5028270504209662e-10,3.388060603679758e-154,False,False,8.634434812640702e-14,4.558310535549377e-25,False,False
L112_g0p25,112,2.0,g,0.25,L112_g0p25,L112_g0p25_tau0p55,0.5,1.0,open,0.25,0.55,61.60,0.05,1232,"['charge_density_wave', 'left', 'right', 'block_cell7', 'block_cell21']","[['charge_density_wave', 'left'], ['charge_density_wave', 'right'], ['charge_density_wave', 'block_cell7'], ['charge_density_wave', 'block_cell21'], ['left', 'right'], ['block_cell7', 'block_cell21']]",development_window,charge_density_wave,left,4.2530120598584755e-240,0.0,0.0,0.0,2.9174805313775083e-11,0.0,0.0,4.126578039450585e-08,7.50178216627941e-135,False,False,2.917480522349364e-11,4.133792440532649e-20,False,False
L112_g0p25,112,2.0,g,0.25,L112_g0p25,L112_g0p25_tau0p55,0.5,1.0,open,0.25,0.55,61.60,0.05,1232,"['charge_density_wave', 'left', 'right', 'block_cell7', 'block_cell21']","[['charge_density_wave', 'left'], ['charge_density_wave', 'right'], ['charge_density_wave', 'block_cell7'], ['charge_density_wave', 'block_cell21'], ['left', 'right'], ['block_cell7', 'block_cell21']]",development_window,charge_density_wave,right,0.9245175573166867,0.9245170946184693,0.9245170946184693,0.9245170946184693,0.924518020014904,0.41441111856569,0.41400726322073794,0.41481497391064204,3.949054219988304e-124,True,True,0.9245176024395204,0.4144109707075218,True,True
L112_g0p25,112,2.0,g,0.25,L112_g0p25,L112_g0p25_tau0p55,0.5,1.0,open,0.25,0.55,61.60,0.05,1232,"['charge_density_wave', 'left', 'right', 'block_cell7', 'block_cell21']","[['charge_density_wave', 'left'], ['charge_density_wave', 'right'], ['charge_density_wave', 'block_cell7'], ['charge_density_wave', 'block_cell21'], ['left', 'right'], ['block_cell7', 'block_cell21']]",development_window,charge_density_wave,block_cell7,4.2530120598584755e-240,0.0,0.0,0.0,1.8955073962192782e-26,0.0,0.0,6.393077590193761e-23,9.658263169828258e-170,False,False,1.895507386305231e-26,1.725082320731206e-32,False,False
L112_g0p25,112,2.0,g,0.25,L112_g0p25,L112_g0p25_tau0p55,0.5,1.0,open,0.25,0.55,61.60,0.05,1232,"['charge_density_wave', 'left', 'right', 'block_cell7', 'block_cell21']","[['charge_density_wave', 'left'], ['charge_density_wave', 'right'], ['charge_density_wave', 'block_cell7'], ['charge_density_wave', 'block_cell21'], ['left', 'right'], ['block_cell7', 'block_cell21']]",development_window,charge_density_wave,block_cell21,4.2530120598584755e-240,0.0,0.0,0.0,4.9552816426315747e-17,0.0,0.0,1.0695656227090525e-13,2.4266952474016082e-157,False,False,4.9552816418953006e-17,4.665267643375097e-32,False,False
L112_g0p25,112,2.0,g,0.25,L112_g0p25,L112_g0p25_tau0p55,0.5,1.0,open,0.25,0.55,61.60,0.05,1232,"['charge_density_wave', 'left', 'right', 'block_cell7', 'block_cell21']","[['charge_density_wave', 'left'], ['charge_density_wave', 'right'], ['charge_density_wave', 'block_cell7'], ['charge_density_wave', 'block_cell21'], ['left', 'right'], ['block_cell7', 'block_cell21']]",development_window,left,right,0.9245175573166867,0.9245170945892945,0.9245170945892945,0.9245170945892945,0.9245180200440788,0.41441111856569,0.41400722195495754,0.41481501517642244,3.949054219913285e-124,True,True,0.9245176024395204,0.4144109707075218,True,True
L112_g0p25,112,2.0,g,0.25,L112_g0p25,L112_g0p25_tau0p55,0.5,1.0,open,0.25,0.55,61.60,0.05,1232,"['charge_density_wave', 'left', 'right', 'block_cell7', 'block_cell21']","[['charge_density_wave', 'left'], ['charge_density_wave', 'right'], ['charge_density_wave', 'block_cell7'], ['charge_density_wave', 'block_cell21'], ['left', 'right'], ['block_cell7', 'block_cell21']]",development_window,block_cell7,block_cell21,4.2530120598584755e-240,0.0,0.0,0.0,4.955281644527082e-17,0.0,0.0,1.0695656233483602e-13,2.4266952474006423e-157,False,False,4.9552816418953006e-17,2.940185322643891e-32,False,False
L112_g0p25,112,2.0,g,0.25,L112_g0p25,L112_g0p25_tau0p575,0.5,1.0,open,0.25,0.575,64.400,0.05,1288,"['charge_density_wave', 'left', 'right', 'block_cell7', 'block_cell21']","[['charge_density_wave', 'left'], ['charge_density_wave', 'right'], ['charge_density_wave', 'block_cell7'], ['charge_density_wave', 'block_cell21'], ['left', 'right'], ['block_cell7', 'block_cell21']]",development_window,charge_density_wave,left,4.2530120598584755e-240,0.0,0.0,0.0,1.7994729171767316e-14,0.0,0.0,3.290025028582845e-11,6.036294702359926e-138,False,False,1.7994729125914524e-14,2.2539579098692263e-24,False,False
L112_g0p25,112,2.0,g,0.25,L112_g0p25,L112_g0p25_tau0p575,0.5,1.0,open,0.25,0.575,64.400,0.05,1288,"['charge_density_wave', 'left', 'right', 'block_cell7', 'block_cell21']","[['charge_density_wave', 'left'], ['charge_density_wave', 'right'], ['charge_density_wave', 'block_cell7'], ['charge_density_wave', 'block_cell21'], ['left', 'right'], ['block_cell7', 'block_cell21']]",development_window,charge_density_wave,right,0.0012690202611596252,0.0012677239919016347,0.0012677239919016347,0.0012677239919016347,0.0012703165304176157,2.3091735051313127e-05,0.0,0.0010797288937348473,1.1388735554009632e-126,False,False,0.0012703144241294681,2.3135567890576843e-05,False,False
L112_g0p25,112,2.0,g,0.25,L112_g0p25,L112_g0p25_tau0p575,0.5,1.0,open,0.25,0.575,64.400,0.05,1288,"['charge_density_wave', 'left', 'right', 'block_cell7', 'block_cell21']","[['charge_density_wave', 'left'], ['charge_density_wave', 'right'], ['charge_density_wave', 'block_cell7'], ['charge_density_wave', 'block_cell21'], ['left', 'right'], ['block_cell7', 'block_cell21']]",development_window,charge_density_wave,block_cell7,4.2530120598584755e-240,0.0,0.0,0.0,1.1857499875781673e-29,0.0,0.0,4.489080085666598e-26,6.794508163886454e-173,False,False,1.1857499821535215e-29,2.5247811845468235e-35,False,False
L112_g0p25,112,2.0,g,0.25,L112_g0p25,L112_g0p25_tau0p575,0.5,1.0,open,0.25,0.575,64.400,0.05,1288,"['charge_density_wave', 'left', 'right', 'block_cell7', 'block_cell21']","[['charge_density_wave', 'left'], ['charge_density_wave', 'right'], ['charge_density_wave', 'block_cell7'], ['charge_density_wave', 'block_cell21'], ['left', 'right'], ['block_cell7', 'block_cell21']]",development_window,charge_density_wave,block_cell21,4.2530120598584755e-240,0.0,0.0,0.0,2.853344335841804e-20,0.0,0.0,7.350727942665877e-17,1.674900675228166e-160,False,False,2.853344335502075e-20,3.2856160979016257e-34,False,False
L112_g0p25,112,2.0,g,0.25,L112_g0p25,L112_g0p25_tau0p575,0.5,1.0,open,0.25,0.575,64.400,0.05,1288,"['charge_density_wave', 'left', 'right', 'block_cell7', 'block_cell21']","[['charge_density_wave', 'left'], ['charge_density_wave', 'right'], ['charge_density_wave', 'block_cell7'], ['charge_density_wave', 'block_cell21'], ['left', 'right'], ['block_cell7', 'block_cell21']]",development_window,left,right,0.0012690202611596252,0.00126772399188364,0.00126772399188364,0.00126772399188364,0.0012703165304356104,2.3091735051313127e-05,0.0,0.0010797289266350975,1.1388735554009667e-126,False,False,0.0012703144241294681,2.3135567890576843e-05,False,False
L112_g0p25,112,2.0,g,0.25,L112_g0p25,L112_g0p25_tau0p575,0.5,1.0,open,0.25,0.575,64.400,0.05,1288,"['charge_density_wave', 'left', 'right', 'block_cell7', 'block_cell21']","[['charge_density_wave', 'left'], ['charge_density_wave', 'right'], ['charge_density_wave', 'block_cell7'], ['charge_density_wave', 'block_cell21'], ['left', 'right'], ['block_cell7', 'block_cell21']]",development_window,block_cell7,block_cell21,4.2530120598584755e-240,0.0,0.0,0.0,2.853344337027554e-20,0.0,0.0,7.350727947154957e-17,1.6749006752274866e-160,False,False,2.853344335502075e-20,3.0331379794469434e-34,False,False
L112_g0p25,112,2.0,g,0.25,L112_g0p25,L112_g0p25_tau0p65,0.5,1.0,open,0.25,0.65,72.80,0.05,1456,"['charge_density_wave', 'left', 'right', 'block_cell7', 'block_cell21']","[['charge_density_wave', 'left'], ['charge_density_wave', 'right'], ['charge_density_wave', 'block_cell7'], ['charge_density_wave', 'block_cell21'], ['left', 'right'], ['block_cell7', 'block_cell21']]",development_window,charge_density_wave,left,4.2530120598584755e-240,0.0,0.0,0.0,4.306197682542196e-24,0.0,0.0,1.321533858941071e-20,2.4551295445123115e-147,False,False,4.306197675717138e-24,2.5085600275453823e-32,False,False
L112_g0p25,112,2.0,g,0.25,L112_g0p25,L112_g0p25_tau0p65,0.5,1.0,open,0.25,0.65,72.80,0.05,1456,"['charge_density_wave', 'left', 'right', 'block_cell7', 'block_cell21']","[['charge_density_wave', 'left'], ['charge_density_wave', 'right'], ['charge_density_wave', 'block_cell7'], ['charge_density_wave', 'block_cell21'], ['left', 'right'], ['block_cell7', 'block_cell21']]",development_window,charge_density_wave,right,4.2530120598584755e-240,0.0,0.0,0.0,1.9064752900922327e-13,0.0,0.0,3.23366349517627e-10,2.801909913958335e-133,False,False,1.9064752900651146e-13,2.1654031157242052e-24,False,False
L112_g0p25,112,2.0,g,0.25,L112_g0p25,L112_g0p25_tau0p65,0.5,1.0,open,0.25,0.65,72.80,0.05,1456,"['charge_density_wave', 'left', 'right', 'block_cell7', 'block_cell21']","[['charge_density_wave', 'left'], ['charge_density_wave', 'right'], ['charge_density_wave', 'block_cell7'], ['charge_density_wave', 'block_cell21'], ['left', 'right'], ['block_cell7', 'block_cell21']]",development_window,charge_density_wave,block_cell7,4.2530120598584755e-240,0.0,0.0,0.0,2.937421626384211e-39,0.0,0.0,1.4759086828862316e-35,2.2422987387481283e-182,False,False,2.937421617006768e-39,5.323617646774932e-44,False,False
L112_g0p25,112,2.0,g,0.25,L112_g0p25,L112_g0p25_tau0p65,0.5,1.0,open,0.25,0.65,72.80,0.05,1456,"['charge_density_wave', 'left', 'right', 'block_cell7', 'block_cell21']","[['charge_density_wave', 'left'], ['charge_density_wave', 'right'], ['charge_density_wave', 'block_cell7'], ['charge_density_wave', 'block_cell21'], ['left', 'right'], ['block_cell7', 'block_cell21']]",development_window,charge_density_wave,block_cell21,4.2530120598584755e-240,0.0,0.0,0.0,5.531007675375386e-30,0.0,0.0,2.117580710844443e-26,4.8593796800766816e-170,False,False,5.531007675023476e-30,6.439184650011976e-43,False,False
L112_g0p25,112,2.0,g,0.25,L112_g0p25,L112_g0p25_tau0p65,0.5,1.0,open,0.25,0.65,72.80,0.05,1456,"['charge_density_wave', 'left', 'right', 'block_cell7', 'block_cell21']","[['charge_density_wave', 'left'], ['charge_density_wave', 'right'], ['charge_density_wave', 'block_cell7'], ['charge_density_wave', 'block_cell21'], ['left', 'right'], ['block_cell7', 'block_cell21']]",development_window,left,right,4.2530120598584755e-240,0.0,0.0,0.0,1.9064752901352947e-13,0.0,0.0,3.233663495308423e-10,2.801909913958359e-133,False,False,1.9064752900651146e-13,2.1654031408098057e-24,False,False
L112_g0p25,112,2.0,g,0.25,L112_g0p25,L112_g0p25_tau0p65,0.5,1.0,open,0.25,0.65,72.80,0.05,1456,"['charge_density_wave', 'left', 'right', 'block_cell7', 'block_cell21']","[['charge_density_wave', 'left'], ['charge_density_wave', 'right'], ['charge_density_wave', 'block_cell7'], ['charge_density_wave', 'block_cell21'], ['left', 'right'], ['block_cell7', 'block_cell21']]",development_window,block_cell7,block_cell21,4.2530120598584755e-240,0.0,0.0,0.0,5.531007678312807e-30,0.0,0.0,2.1175807123203518e-26,4.859379680074439e-170,False,False,5.531007675023476e-30,5.906822885334482e-43,False,False
L128_gL0,128,2.0,gL,0,L128_gL0,L128_gL0_tau0p45,0.5,1.0,open,0.0,0.45,57.60,0.05,1152,"['charge_density_wave', 'left', 'right', 'block_cell8', 'block_cell24']","[['charge_density_wave', 'left'], ['charge_density_wave', 'right'], ['charge_density_wave', 'block_cell8'], ['charge_density_wave', 'block_cell24'], ['left', 'right'], ['block_cell8', 'block_cell24']]",new_size,charge_density_wave,left,1.0,0.9999999731421372,0.9999999731421372,0.9999999731421372,1.0,0.15550090962664906,0.15546922558684248,0.15553259366645564,2.23515274069258e-121,True,True,1.0,0.1555009093513333,True,True
L128_gL0,128,2.0,gL,0,L128_gL0,L128_gL0_tau0p45,0.5,1.0,open,0.0,0.45,57.60,0.05,1152,"['charge_density_wave', 'left', 'right', 'block_cell8', 'block_cell24']","[['charge_density_wave', 'left'], ['charge_density_wave', 'right'], ['charge_density_wave', 'block_cell8'], ['charge_density_wave', 'block_cell24'], ['left', 'right'], ['block_cell8', 'block_cell24']]",new_size,charge_density_wave,right,1.0,0.9999995462408062,0.9999995462408062,0.9999995462408062,1.0,0.009654216900901109,0.009201018220624245,0.010107415581177974,4.323106260380523e-117,True,False,1.0,0.009654217799787073,True,False
L128_gL0,128,2.0,gL,0,L128_gL0,L128_gL0_tau0p45,0.5,1.0,open,0.0,0.45,57.60,0.05,1152,"['charge_density_wave', 'left', 'right', 'block_cell8', 'block_cell24']","[['charge_density_wave', 'left'], ['charge_density_wave', 'right'], ['charge_density_wave', 'block_cell8'], ['charge_density_wave', 'block_cell24'], ['left', 'right'], ['block_cell8', 'block_cell24']]",new_size,charge_density_wave,block_cell8,4.636970089041962e-240,0.0,0.0,0.0,1.7535335670934958e-10,0.0,0.0,2.633298808480651e-07,3.647523965195131e-145,False,False,1.7535335642148465e-10,1.412233929123409e-18,False,False
L128_gL0,128,2.0,gL,0,L128_gL0,L128_gL0_tau0p45,0.5,1.0,open,0.0,0.45,57.60,0.05,1152,"['charge_density_wave', 'left', 'right', 'block_cell8', 'block_cell24']","[['charge_density_wave', 'left'], ['charge_density_wave', 'right'], ['charge_density_wave', 'block_cell8'], ['charge_density_wave', 'block_cell24'], ['left', 'right'], ['block_cell8', 'block_cell24']]",new_size,charge_density_wave,block_cell24,4.636970089041962e-240,0.0,0.0,0.0,2.394081247337747e-09,0.0,0.0,3.1947028179180364e-06,1.1425078223706778e-141,False,False,2.394081235255831e-09,2.332800406243279e-16,False,False
L128_gL0,128,2.0,gL,0,L128_gL0,L128_gL0_tau0p45,0.5,1.0,open,0.0,0.45,57.60,0.05,1152,"['charge_density_wave', 'left', 'right', 'block_cell8', 'block_cell24']","[['charge_density_wave', 'left'], ['charge_density_wave', 'right'], ['charge_density_wave', 'block_cell8'], ['charge_density_wave', 'block_cell24'], ['left', 'right'], ['block_cell8', 'block_cell24']]",new_size,left,right,1.0,0.0,0.9999995193829434,0.9999995193829434,1.0,0.14584669272574796,0.1453618100056645,0.1463315754458314,4.323329759733416e-117,True,True,1.0,0.14584669155154623,True,True
L128_gL0,128,2.0,gL,0,L128_gL0,L128_gL0_tau0p45,0.5,1.0,open,0.0,0.45,57.60,0.05,1152,"['charge_density_wave', 'left', 'right', 'block_cell8', 'block_cell24']","[['charge_density_wave', 'left'], ['charge_density_wave', 'right'], ['charge_density_wave', 'block_cell8'], ['charge_density_wave', 'block_cell24'], ['left', 'right'], ['block_cell8', 'block_cell24']]",new_size,block_cell8,block_cell24,4.636970089041962e-240,0.0,0.0,0.0,2.5694346040470966e-09,0.0,0.0,3.4580326987661015e-06,1.1421430699741581e-141,False,False,2.3940812352558315e-09,2.318678066952045e-16,False,False
L128_gL0,128,2.0,gL,0,L128_gL0,L128_gL0_tau0p5,0.5,1.0,open,0.0,0.5,64.0,0.05,1280,"['charge_density_wave', 'left', 'right', 'block_cell8', 'block_cell24']","[['charge_density_wave', 'left'], ['charge_density_wave', 'right'], ['charge_density_wave', 'block_cell8'], ['charge_density_wave', 'block_cell24'], ['left', 'right'], ['block_cell8', 'block_cell24']]",precision_cost_pilot,charge_density_wave,left,0.9996984879062379,0.9996966532212327,0.9996966532212327,0.9996966532212327,0.9997003225912432,0.005091188551463028,0.0034228126830894187,0.006759564419836637,1.512661349015136e-119,True,False,0.9996984880405256,0.005091191325709566,True,False
L128_gL0,128,2.0,gL,0,L128_gL0,L128_gL0_tau0p5,0.5,1.0,open,0.0,0.5,64.0,0.05,1280,"['charge_density_wave', 'left', 'right', 'block_cell8', 'block_cell24']","[['charge_density_wave', 'left'], ['charge_density_wave', 'right'], ['charge_density_wave', 'block_cell8'], ['charge_density_wave', 'block_cell24'], ['left', 'right'], ['block_cell8', 'block_cell24']]",precision_cost_pilot,charge_density_wave,right,0.9999882492648322,0.9999882449755947,0.9999882449755947,0.9999882449755947,0.9999882535540697,0.0006725330159600906,0.0006669694543643707,0.0006780965775558106,9.579470570819167e-116,True,False,0.9999882492648338,0.0006725330845363307,True,False
L128_gL0,128,2.0,gL,0,L128_gL0,L128_gL0_tau0p5,0.5,1.0,open,0.0,0.5,64.0,0.05,1280,"['charge_density_wave', 'left', 'right', 'block_cell8', 'block_cell24']","[['charge_density_wave', 'left'], ['charge_density_wave', 'right'], ['charge_density_wave', 'block_cell8'], ['charge_density_wave', 'block_cell24'], ['left', 'right'], ['block_cell8', 'block_cell24']]",precision_cost_pilot,charge_density_wave,block_cell8,4.636970089041962e-240,0.0,0.0,0.0,6.7560341746723046e-18,0.0,0.0,1.7527247826761092e-14,2.4731085928118807e-152,False,False,6.756034168460535e-18,4.445428920391169e-30,False,False
L128_gL0,128,2.0,gL,0,L128_gL0,L128_gL0_tau0p5,0.5,1.0,open,0.0,0.5,64.0,0.05,1280,"['charge_density_wave', 'left', 'right', 'block_cell8', 'block_cell24']","[['charge_density_wave', 'left'], ['charge_density_wave', 'right'], ['charge_density_wave', 'block_cell8'], ['charge_density_wave', 'block_cell24'], ['left', 'right'], ['block_cell8', 'block_cell24']]",precision_cost_pilot,charge_density_wave,block_cell24,4.636970089041962e-240,0.0,0.0,0.0,9.202687504676197e-17,0.0,0.0,2.2336439777165064e-13,8.168517485136559e-149,False,False,9.20268749587714e-17,1.9479553621710873e-29,False,False
L128_gL0,128,2.0,gL,0,L128_gL0,L128_gL0_tau0p5,0.5,1.0,open,0.0,0.5,64.0,0.05,1280,"['charge_density_wave', 'left', 'right', 'block_cell8', 'block_cell24']","[['charge_density_wave', 'left'], ['charge_density_wave', 'right'], ['charge_density_wave', 'block_cell8'], ['charge_density_wave', 'block_cell24'], ['left', 'right'], ['block_cell8', 'block_cell24']]",precision_cost_pilot,left,right,0.9999882492648322,0.00028792238435142506,0.9999864102905893,0.9999864102905893,0.999990088239075,0.004418655535502938,0.0027447161055336082,0.006092594965472266,9.580983232168182e-116,True,False,0.9999882492648338,0.004418658241173236,True,False
L128_gL0,128,2.0,gL,0,L128_gL0,L128_gL0_tau0p5,0.5,1.0,open,0.0,0.5,64.0,0.05,1280,"['charge_density_wave', 'left', 'right', 'block_cell8', 'block_cell24']","[['charge_density_wave', 'left'], ['charge_density_wave', 'right'], ['charge_density_wave', 'block_cell8'], ['charge_density_wave', 'block_cell24'], ['left', 'right'], ['block_cell8', 'block_cell24']]",precision_cost_pilot,block_cell8,block_cell24,4.636970089041962e-240,0.0,0.0,0.0,9.878290922143428e-17,0.0,0.0,2.4089164559841175e-13,8.166044376543748e-149,False,False,9.202687495877159e-17,1.5034124701319703e-29,False,False
L128_gL0,128,2.0,gL,0,L128_gL0,L128_gL0_tau0p525,0.5,1.0,open,0.0,0.525,67.200,0.05,1344,"['charge_density_wave', 'left', 'right', 'block_cell8', 'block_cell24']","[['charge_density_wave', 'left'], ['charge_density_wave', 'right'], ['charge_density_wave', 'block_cell8'], ['charge_density_wave', 'block_cell24'], ['left', 'right'], ['block_cell8', 'block_cell24']]",new_size,charge_density_wave,left,0.007685753026191614,0.007680065173484487,0.007680065173484487,0.007680065173484487,0.007691440878898741,0.0006342280718502457,0.0,0.005394614936143813,1.295516972686188e-119,False,False,0.007691398125041175,0.0006350732090638214,False,False
L128_gL0,128,2.0,gL,0,L128_gL0,L128_gL0_tau0p525,0.5,1.0,open,0.0,0.525,67.200,0.05,1344,"['charge_density_wave', 'left', 'right', 'block_cell8', 'block_cell24']","[['charge_density_wave', 'left'], ['charge_density_wave', 'right'], ['charge_density_wave', 'block_cell8'], ['charge_density_wave', 'block_cell24'], ['left', 'right'], ['block_cell8', 'block_cell24']]",new_size,charge_density_wave,right,0.03885265968336115,0.03885263992370847,0.03885263992370847,0.03885263992370847,0.03885267944301383,0.01131422655863564,0.01129052809745911,0.01133792501981217,7.861174309647827e-114,False,False,0.038852678753825254,0.011314236182618625,False,False
L128_gL0,128,2.0,gL,0,L128_gL0,L128_gL0_tau0p525,0.5,1.0,open,0.0,0.525,67.200,0.05,1344,"['charge_density_wave', 'left', 'right', 'block_cell8', 'block_cell24']","[['charge_density_wave', 'left'], ['charge_density_wave', 'right'], ['charge_density_wave', 'block_cell8'], ['charge_density_wave', 'block_cell24'], ['left', 'right'], ['block_cell8', 'block_cell24']]",new_size,charge_density_wave,block_cell8,4.636970089041962e-240,0.0,0.0,0.0,1.3349288052723774e-21,0.0,0.0,4.191924979562405e-18,5.940648343649432e-156,False,False,1.3349288042508311e-21,3.1362484429821704e-33,False,False
L128_gL0,128,2.0,gL,0,L128_gL0,L128_gL0_tau0p525,0.5,1.0,open,0.0,0.525,67.200,0.05,1344,"['charge_density_wave', 'left', 'right', 'block_cell8', 'block_cell24']","[['charge_density_wave', 'left'], ['charge_density_wave', 'right'], ['charge_density_wave', 'block_cell8'], ['charge_density_wave', 'block_cell24'], ['left', 'right'], ['block_cell8', 'block_cell24']]",new_size,charge_density_wave,block_cell24,4.636970089041962e-240,0.0,0.0,0.0,1.8166570626916535e-20,0.0,0.0,5.401105011303881e-17,1.9849525927756727e-152,False,False,1.8166570612497515e-20,1.4774099154654245e-32,False,False
L128_gL0,128,2.0,gL,0,L128_gL0,L128_gL0_tau0p525,0.5,1.0,open,0.0,0.525,67.200,0.05,1344,"['charge_density_wave', 'left', 'right', 'block_cell8', 'block_cell24']","[['charge_density_wave', 'left'], ['charge_density_wave', 'right'], ['charge_density_wave', 'block_cell8'], ['charge_density_wave', 'block_cell24'], ['left', 'right'], ['block_cell8', 'block_cell24']]",new_size,left,right,0.03885265968336115,0.03116119904480973,0.03884695207100134,0.03884695207100134,0.03885836729572095,0.010679998486785393,0.005895913161315295,0.015464083812255492,7.861187110281522e-114,False,False,0.038852678753825254,0.010679162973554805,False,False
L128_gL0,128,2.0,gL,0,L128_gL0,L128_gL0_tau0p525,0.5,1.0,open,0.0,0.525,67.200,0.05,1344,"['charge_density_wave', 'left', 'right', 'block_cell8', 'block_cell24']","[['charge_density_wave', 'left'], ['charge_density_wave', 'right'], ['charge_density_wave', 'block_cell8'], ['charge_density_wave', 'block_cell24'], ['left', 'right'], ['block_cell8', 'block_cell24']]",new_size,block_cell8,block_cell24,4.636970089041962e-240,0.0,0.0,0.0,1.9501499432188913e-20,0.0,0.0,5.820297509260122e-17,1.9843585279413076e-152,False,False,1.8166570612497666e-20,1.1637850711672075e-32,False,False
L128_gL0,128,2.0,gL,0,L128_gL0,L128_gL0_tau0p55,0.5,1.0,open,0.0,0.55,70.40,0.05,1408,"['charge_density_wave', 'left', 'right', 'block_cell8', 'block_cell24']","[['charge_density_wave', 'left'], ['charge_density_wave', 'right'], ['charge_density_wave', 'block_cell8'], ['charge_density_wave', 'block_cell24'], ['left', 'right'], ['block_cell8', 'block_cell24']]",new_size,charge_density_wave,left,4.636970089041962e-240,0.0,0.0,0.0,1.4636171804091463e-06,0.0,0.0,0.0013521105274582608,2.1195354904859286e-120,False,False,1.4636139778141023e-06,5.970045722127329e-11,False,False
L128_gL0,128,2.0,gL,0,L128_gL0,L128_gL0_tau0p55,0.5,1.0,open,0.0,0.55,70.40,0.05,1408,"['charge_density_wave', 'left', 'right', 'block_cell8', 'block_cell24']","[['charge_density_wave', 'left'], ['charge_density_wave', 'right'], ['charge_density_wave', 'block_cell8'], ['charge_density_wave', 'block_cell24'], ['left', 'right'], ['block_cell8', 'block_cell24']]",new_size,charge_density_wave,right,4.636970089041962e-240,0.0,0.0,0.0,7.384288987962779e-06,0.0,0.0,0.006056842995022957,1.1314159931259394e-114,False,False,7.384207492089089e-06,1.3431154564922087e-09,False,False
L128_gL0,128,2.0,gL,0,L128_gL0,L128_gL0_tau0p55,0.5,1.0,open,0.0,0.55,70.40,0.05,1408,"['charge_density_wave', 'left', 'right', 'block_cell8', 'block_cell24']","[['charge_density_wave', 'left'], ['charge_density_wave', 'right'], ['charge_density_wave', 'block_cell8'], ['charge_density_wave', 'block_cell24'], ['left', 'right'], ['block_cell8', 'block_cell24']]",new_size,charge_density_wave,block_cell8,4.636970089041962e-240,0.0,0.0,0.0,2.647513523259883e-25,0.0,0.0,9.75826997190102e-22,1.3871257753645363e-159,False,False,2.647513521555896e-25,1.9922009565753195e-36,False,False
L128_gL0,128,2.0,gL,0,L128_gL0,L128_gL0_tau0p55,0.5,1.0,open,0.0,0.55,70.40,0.05,1408,"['charge_density_wave', 'left', 'right', 'block_cell8', 'block_cell24']","[['charge_density_wave', 'left'], ['charge_density_wave', 'right'], ['charge_density_wave', 'block_cell8'], ['charge_density_wave', 'block_cell24'], ['left', 'right'], ['block_cell8', 'block_cell24']]",new_size,charge_density_wave,block_cell24,4.636970089041962e-240,0.0,0.0,0.0,3.599909416427438e-24,0.0,0.0,1.2667334424846976e-20,4.671082933328376e-156,False,False,3.599909414029938e-24,9.756356681652633e-36,False,False
L128_gL0,128,2.0,gL,0,L128_gL0,L128_gL0_tau0p55,0.5,1.0,open,0.0,0.55,70.40,0.05,1408,"['charge_density_wave', 'left', 'right', 'block_cell8', 'block_cell24']","[['charge_density_wave', 'left'], ['charge_density_wave', 'right'], ['charge_density_wave', 'block_cell8'], ['charge_density_wave', 'block_cell24'], ['left', 'right'], ['block_cell8', 'block_cell24']]",new_size,left,right,4.636970089041962e-240,0.0,0.0,0.0,8.847906168371925e-06,0.0,0.0,0.007408953522481218,1.131413873590449e-114,False,False,7.384207492089089e-06,1.2834149992709354e-09,False,False
L128_gL0,128,2.0,gL,0,L128_gL0,L128_gL0_tau0p55,0.5,1.0,open,0.0,0.55,70.40,0.05,1408,"['charge_density_wave', 'left', 'right', 'block_cell8', 'block_cell24']","[['charge_density_wave', 'left'], ['charge_density_wave', 'right'], ['charge_density_wave', 'block_cell8'], ['charge_density_wave', 'block_cell24'], ['left', 'right'], ['block_cell8', 'block_cell24']]",new_size,block_cell8,block_cell24,4.636970089041962e-240,0.0,0.0,0.0,3.864660768753427e-24,0.0,0.0,1.3643161422037078e-20,4.669695807553012e-156,False,False,3.5999094140300506e-24,7.764155725077312e-36,False,False
L128_gL0,128,2.0,gL,0,L128_gL0,L128_gL0_tau0p575,0.5,1.0,open,0.0,0.575,73.600,0.05,1472,"['charge_density_wave', 'left', 'right', 'block_cell8', 'block_cell24']","[['charge_density_wave', 'left'], ['charge_density_wave', 'right'], ['charge_density_wave', 'block_cell8'], ['charge_density_wave', 'block_cell24'], ['left', 'right'], ['block_cell8', 'block_cell24']]",new_size,charge_density_wave,left,4.636970089041962e-240,0.0,0.0,0.0,2.8026571026491583e-10,0.0,0.0,4.124665166080444e-07,6.644143705564087e-124,False,False,2.8026571009853497e-10,3.533958039131455e-18,False,False
L128_gL0,128,2.0,gL,0,L128_gL0,L128_gL0_tau0p575,0.5,1.0,open,0.0,0.575,73.600,0.05,1472,"['charge_density_wave', 'left', 'right', 'block_cell8', 'block_cell24']","[['charge_density_wave', 'left'], ['charge_density_wave', 'right'], ['charge_density_wave', 'block_cell8'], ['charge_density_wave', 'block_cell24'], ['left', 'right'], ['block_cell8', 'block_cell24']]",new_size,charge_density_wave,right,4.636970089041962e-240,0.0,0.0,0.0,1.4115605762029305e-09,0.0,0.0,1.9313373772931954e-06,3.729450943027677e-118,False,False,1.4115605729589858e-09,8.320123706678133e-17,False,False
L128_gL0,128,2.0,gL,0,L128_gL0,L128_gL0_tau0p575,0.5,1.0,open,0.0,0.575,73.600,0.05,1472,"['charge_density_wave', 'left', 'right', 'block_cell8', 'block_cell24']","[['charge_density_wave', 'left'], ['charge_density_wave', 'right'], ['charge_density_wave', 'block_cell8'], ['charge_density_wave', 'block_cell24'], ['left', 'right'], ['block_cell8', 'block_cell24']]",new_size,charge_density_wave,block_cell8,4.636970089041962e-240,0.0,0.0,0.0,5.268068660066336e-29,0.0,0.0,2.2290523147623184e-25,3.1757030238503586e-163,False,False,5.26806865718788e-29,1.1546999389795054e-39,False,False
L128_gL0,128,2.0,gL,0,L128_gL0,L128_gL0_tau0p575,0.5,1.0,open,0.0,0.575,73.600,0.05,1472,"['charge_density_wave', 'left', 'right', 'block_cell8', 'block_cell24']","[['charge_density_wave', 'left'], ['charge_density_wave', 'right'], ['charge_density_wave', 'block_cell8'], ['charge_density_wave', 'block_cell24'], ['left', 'right'], ['block_cell8', 'block_cell24']]",new_size,charge_density_wave,block_cell24,4.636970089041962e-240,0.0,0.0,0.0,7.157830307620377e-28,0.0,0.0,2.9091335262386063e-24,1.0753791157757857e-159,False,False,7.15783030358215e-28,5.866062856826105e-39,False,False
L128_gL0,128,2.0,gL,0,L128_gL0,L128_gL0_tau0p575,0.5,1.0,open,0.0,0.575,73.600,0.05,1472,"['charge_density_wave', 'left', 'right', 'block_cell8', 'block_cell24']","[['charge_density_wave', 'left'], ['charge_density_wave', 'right'], ['charge_density_wave', 'block_cell8'], ['charge_density_wave', 'block_cell24'], ['left', 'right'], ['block_cell8', 'block_cell24']]",new_size,left,right,4.636970089041962e-240,0.0,0.0,0.0,1.6918262864678465e-09,0.0,0.0,2.3438038939012396e-06,3.7294442988839713e-118,False,False,1.4115605729589858e-09,7.966727902764987e-17,False,False
L128_gL0,128,2.0,gL,0,L128_gL0,L128_gL0_tau0p575,0.5,1.0,open,0.0,0.575,73.600,0.05,1472,"['charge_density_wave', 'left', 'right', 'block_cell8', 'block_cell24']","[['charge_density_wave', 'left'], ['charge_density_wave', 'right'], ['charge_density_wave', 'block_cell8'], ['charge_density_wave', 'block_cell24'], ['left', 'right'], ['block_cell8', 'block_cell24']]",new_size,block_cell8,block_cell24,4.636970089041962e-240,0.0,0.0,0.0,7.684637173627011e-28,0.0,0.0,3.1320387577148383e-24,1.0750615454734008e-159,False,False,7.157830303582888e-28,4.7113629178465996e-39,False,False
L128_gL0,128,2.0,gL,0,L128_gL0,L128_gL0_tau0p6,0.5,1.0,open,0.0,0.6,76.8,0.05,1536,"['charge_density_wave', 'left', 'right', 'block_cell8', 'block_cell24']","[['charge_density_wave', 'left'], ['charge_density_wave', 'right'], ['charge_density_wave', 'block_cell8'], ['charge_density_wave', 'block_cell24'], ['left', 'right'], ['block_cell8', 'block_cell24']]",new_size,charge_density_wave,left,4.636970089041962e-240,0.0,0.0,0.0,5.396684847619509e-14,0.0,0.0,1.0897126428570922e-10,1.7768093820821742e-127,False,False,5.3966848468719916e-14,1.808595466614088e-25,False,False
L128_gL0,128,2.0,gL,0,L128_gL0,L128_gL0_tau0p6,0.5,1.0,open,0.0,0.6,76.8,0.05,1536,"['charge_density_wave', 'left', 'right', 'block_cell8', 'block_cell24']","[['charge_density_wave', 'left'], ['charge_density_wave', 'right'], ['charge_density_wave', 'block_cell8'], ['charge_density_wave', 'block_cell24'], ['left', 'right'], ['block_cell8', 'block_cell24']]",new_size,charge_density_wave,right,4.636970089041962e-240,0.0,0.0,0.0,2.7139141223718565e-13,0.0,0.0,5.199462452424139e-10,1.0179822811002653e-121,False,False,2.713914121969597e-13,4.335990296518815e-24,False,False
L128_gL0,128,2.0,gL,0,L128_gL0,L128_gL0_tau0p6,0.5,1.0,open,0.0,0.6,76.8,0.05,1536,"['charge_density_wave', 'left', 'right', 'block_cell8', 'block_cell24']","[['charge_density_wave', 'left'], ['charge_density_wave', 'right'], ['charge_density_wave', 'block_cell8'], ['charge_density_wave', 'block_cell24'], ['left', 'right'], ['block_cell8', 'block_cell24']]",new_size,charge_density_wave,block_cell8,4.636970089041962e-240,0.0,0.0,0.0,1.0513458720048421e-32,0.0,0.0,5.021742748083847e-29,7.166785452429459e-167,False,False,1.051345871513073e-32,6.171675806026055e-43,False,False
L128_gL0,128,2.0,gL,0,L128_gL0,L128_gL0_tau0p6,0.5,1.0,open,0.0,0.6,76.8,0.05,1536,"['charge_density_wave', 'left', 'right', 'block_cell8', 'block_cell24']","[['charge_density_wave', 'left'], ['charge_density_wave', 'right'], ['charge_density_wave', 'block_cell8'], ['charge_density_wave', 'block_cell24'], ['left', 'right'], ['block_cell8', 'block_cell24']]",new_size,charge_density_wave,block_cell24,4.636970089041962e-240,0.0,0.0,0.0,1.4275240932095535e-31,0.0,0.0,6.580241636670775e-28,2.4369654646271405e-163,False,False,1.4275240925214908e-31,3.245841306980189e-42,False,False
L128_gL0,128,2.0,gL,0,L128_gL0,L128_gL0_tau0p6,0.5,1.0,open,0.0,0.6,76.8,0.05,1536,"['charge_density_wave', 'left', 'right', 'block_cell8', 'block_cell24']","[['charge_density_wave', 'left'], ['charge_density_wave', 'right'], ['charge_density_wave', 'block_cell8'], ['charge_density_wave', 'block_cell24'], ['left', 'right'], ['block_cell8', 'block_cell24']]",new_size,left,right,4.636970089041962e-240,0.0,0.0,0.0,3.2535826071338075e-13,0.0,0.0,6.289175095281231e-10,1.0179805042908831e-121,False,False,2.713914121969597e-13,4.155130749857407e-24,False,False
L128_gL0,128,2.0,gL,0,L128_gL0,L128_gL0_tau0p6,0.5,1.0,open,0.0,0.6,76.8,0.05,1536,"['charge_density_wave', 'left', 'right', 'block_cell8', 'block_cell24']","[['charge_density_wave', 'left'], ['charge_density_wave', 'right'], ['charge_density_wave', 'block_cell8'], ['charge_density_wave', 'block_cell24'], ['left', 'right'], ['block_cell8', 'block_cell24']]",new_size,block_cell8,block_cell24,4.636970089041962e-240,0.0,0.0,0.0,1.5326586804100375e-31,0.0,0.0,7.08241591147916e-28,2.4362487860818977e-163,False,False,1.427524092521929e-31,2.6286737263775838e-42,False,False
L128_gL0,128,2.0,gL,0,L128_gL0,L128_gL0_tau0p65,0.5,1.0,open,0.0,0.65,83.20,0.05,1664,"['charge_density_wave', 'left', 'right', 'block_cell8', 'block_cell24']","[['charge_density_wave', 'left'], ['charge_density_wave', 'right'], ['charge_density_wave', 'block_cell8'], ['charge_density_wave', 'block_cell24'], ['left', 'right'], ['block_cell8', 'block_cell24']]",new_size,charge_density_wave,left,4.636970089041962e-240,0.0,0.0,0.0,2.029796362457774e-21,0.0,0.0,6.319499985839392e-18,1.042092695661359e-134,False,False,2.0297963622742166e-21,3.186533669345544e-36,False,False
L128_gL0,128,2.0,gL,0,L128_gL0,L128_gL0_tau0p65,0.5,1.0,open,0.0,0.65,83.20,0.05,1664,"['charge_density_wave', 'left', 'right', 'block_cell8', 'block_cell24']","[['charge_density_wave', 'left'], ['charge_density_wave', 'right'], ['charge_density_wave', 'block_cell8'], ['charge_density_wave', 'block_cell24'], ['left', 'right'], ['block_cell8', 'block_cell24']]",new_size,charge_density_wave,right,4.636970089041962e-240,0.0,0.0,0.0,1.0181405057974482e-20,0.0,0.0,3.064764126175355e-17,6.074483475801918e-129,False,False,1.0181405056998112e-20,8.720162838915583e-36,False,False
L128_gL0,128,2.0,gL,0,L128_gL0,L128_gL0_tau0p65,0.5,1.0,open,0.0,0.65,83.20,0.05,1664,"['charge_density_wave', 'left', 'right', 'block_cell8', 'block_cell24']","[['charge_density_wave', 'left'], ['charge_density_wave', 'right'], ['charge_density_wave', 'block_cell8'], ['charge_density_wave', 'block_cell24'], ['left', 'right'], ['block_cell8', 'block_cell24']]",new_size,charge_density_wave,block_cell8,4.636970089041962e-240,0.0,0.0,0.0,4.219659016332835e-40,0.0,0.0,2.4754518057418213e-36,3.541611420689936e-174,False,False,4.219659014854469e-40,1.431239367383841e-49,False,False
L128_gL0,128,2.0,gL,0,L128_gL0,L128_gL0_tau0p65,0.5,1.0,open,0.0,0.65,83.20,0.05,1664,"['charge_density_wave', 'left', 'right', 'block_cell8', 'block_cell24']","[['charge_density_wave', 'left'], ['charge_density_wave', 'right'], ['charge_density_wave', 'block_cell8'], ['charge_density_wave', 'block_cell24'], ['left', 'right'], ['block_cell8', 'block_cell24']]",new_size,charge_density_wave,block_cell24,4.636970089041962e-240,0.0,0.0,0.0,5.722737242709652e-39,0.0,0.0,3.261735765079331e-35,1.211167227995568e-170,False,False,5.722737240651266e-39,8.022756696051591e-49,False,False
L128_gL0,128,2.0,gL,0,L128_gL0,L128_gL0_tau0p65,0.5,1.0,open,0.0,0.65,83.20,0.05,1664,"['charge_density_wave', 'left', 'right', 'block_cell8', 'block_cell24']","[['charge_density_wave', 'left'], ['charge_density_wave', 'right'], ['charge_density_wave', 'block_cell8'], ['charge_density_wave', 'block_cell24'], ['left', 'right'], ['block_cell8', 'block_cell24']]",new_size,left,right,4.636970089041962e-240,0.0,0.0,0.0,1.2211201420432256e-20,0.0,0.0,3.696714124759294e-17,6.074473054874962e-129,False,False,1.0181405056998112e-20,5.533629169570039e-36,False,False
L128_gL0,128,2.0,gL,0,L128_gL0,L128_gL0_tau0p65,0.5,1.0,open,0.0,0.65,83.20,0.05,1664,"['charge_density_wave', 'left', 'right', 'block_cell8', 'block_cell24']","[['charge_density_wave', 'left'], ['charge_density_wave', 'right'], ['charge_density_wave', 'block_cell8'], ['charge_density_wave', 'block_cell24'], ['left', 'right'], ['block_cell8', 'block_cell24']]",new_size,block_cell8,block_cell24,4.636970089041962e-240,0.0,0.0,0.0,6.144703144342936e-39,0.0,0.0,3.5092809456535134e-35,1.210813066853499e-170,False,False,5.7227372406632176e-39,6.59151732866775e-49,False,False
L128_gL2,128,2.0,gL,2,L128_gL2,L128_gL2_tau0p45,0.5,1.0,open,0.015625,0.45,57.60,0.05,1152,"['charge_density_wave', 'left', 'right', 'block_cell8', 'block_cell24']","[['charge_density_wave', 'left'], ['charge_density_wave', 'right'], ['charge_density_wave', 'block_cell8'], ['charge_density_wave', 'block_cell24'], ['left', 'right'], ['block_cell8', 'block_cell24']]",new_size,charge_density_wave,left,1.0,0.9999999823043891,0.9999999823043891,0.9999999823043891,1.0,0.42211171608236736,0.4220903681549524,0.4221330640097823,3.64046131807497e-121,True,True,1.0,0.4221117155011996,True,True
L128_gL2,128,2.0,gL,2,L128_gL2,L128_gL2_tau0p45,0.5,1.0,open,0.015625,0.45,57.60,0.05,1152,"['charge_density_wave', 'left', 'right', 'block_cell8', 'block_cell24']","[['charge_density_wave', 'left'], ['charge_density_wave', 'right'], ['charge_density_wave', 'block_cell8'], ['charge_density_wave', 'block_cell24'], ['left', 'right'], ['block_cell8', 'block_cell24']]",new_size,charge_density_wave,right,1.0,0.9999990429497632,0.9999990429497632,0.9999990429497632,1.0,0.0043689597922622276,0.003458802905406244,0.005279116679118211,1.11696160540204e-117,True,False,1.0,0.004368963159870691,True,False
L128_gL2,128,2.0,gL,2,L128_gL2,L128_gL2_tau0p45,0.5,1.0,open,0.015625,0.45,57.60,0.05,1152,"['charge_density_wave', 'left', 'right', 'block_cell8', 'block_cell24']","[['charge_density_wave', 'left'], ['charge_density_wave', 'right'], ['charge_density_wave', 'block_cell8'], ['charge_density_wave', 'block_cell24'], ['left', 'right'], ['block_cell8', 'block_cell24']]",new_size,charge_density_wave,block_cell8,4.6542844154599e-240,0.0,0.0,0.0,8.719310237681275e-11,0.0,0.0,1.3483762271964386e-07,6.49498583351037e-146,False,False,8.719310223165549e-11,3.5979307776953562e-19,False,False
L128_gL2,128,2.0,gL,2,L128_gL2,L128_gL2_tau0p45,0.5,1.0,open,0.015625,0.45,57.60,0.05,1152,"['charge_density_wave', 'left', 'right', 'block_cell8', 'block_cell24']","[['charge_density_wave', 'left'], ['charge_density_wave', 'right'], ['charge_density_wave', 'block_cell8'], ['charge_density_wave', 'block_cell24'], ['left', 'right'], ['block_cell8', 'block_cell24']]",new_size,charge_density_wave,block_cell24,4.6542844154599e-240,0.0,0.0,0.0,4.837985429127078e-09,0.0,0.0,6.238065106571884e-06,2.4686952528527107e-141,False,False,4.837985387615269e-09,9.197082165378712e-16,False,False
L128_gL2,128,2.0,gL,2,L128_gL2,L128_gL2_tau0p45,0.5,1.0,open,0.015625,0.45,57.60,0.05,1152,"['charge_density_wave', 'left', 'right', 'block_cell8', 'block_cell24']","[['charge_density_wave', 'left'], ['charge_density_wave', 'right'], ['charge_density_wave', 'block_cell8'], ['charge_density_wave', 'block_cell24'], ['left', 'right'], ['block_cell8', 'block_cell24']]",new_size,left,right,1.0,0.0,0.9999990252541523,0.9999990252541523,1.0,0.4177427562901051,0.4168112514758342,0.41867426110437606,1.1173256515338474e-117,True,True,1.0,0.4177427523413289,True,True
L128_gL2,128,2.0,gL,2,L128_gL2,L128_gL2_tau0p45,0.5,1.0,open,0.015625,0.45,57.60,0.05,1152,"['charge_density_wave', 'left', 'right', 'block_cell8', 'block_cell24']","[['charge_density_wave', 'left'], ['charge_density_wave', 'right'], ['charge_density_wave', 'block_cell8'], ['charge_density_wave', 'block_cell24'], ['left', 'right'], ['block_cell8', 'block_cell24']]",new_size,block_cell8,block_cell24,4.6542844154599e-240,0.0,0.0,0.0,4.925178531503891e-09,0.0,0.0,6.372902729291528e-06,2.468760202711046e-141,False,False,4.837985387615269e-09,9.193484234601016e-16,False,False
L128_gL2,128,2.0,gL,2,L128_gL2,L128_gL2_tau0p5,0.5,1.0,open,0.015625,0.5,64.0,0.05,1280,"['charge_density_wave', 'left', 'right', 'block_cell8', 'block_cell24']","[['charge_density_wave', 'left'], ['charge_density_wave', 'right'], ['charge_density_wave', 'block_cell8'], ['charge_density_wave', 'block_cell24'], ['left', 'right'], ['block_cell8', 'block_cell24']]",new_size,charge_density_wave,left,0.9982849830020146,0.998284120164936,0.998284120164936,0.998284120164936,0.9982858458390934,0.022877661399598657,0.022051378820029315,0.023703943979168,5.847665000949866e-119,True,False,0.9982849837745981,0.022877653735124112,True,False
L128_gL2,128,2.0,gL,2,L128_gL2,L128_gL2_tau0p5,0.5,1.0,open,0.015625,0.5,64.0,0.05,1280,"['charge_density_wave', 'left', 'right', 'block_cell8', 'block_cell24']","[['charge_density_wave', 'left'], ['charge_density_wave', 'right'], ['charge_density_wave', 'block_cell8'], ['charge_density_wave', 'block_cell24'], ['left', 'right'], ['block_cell8', 'block_cell24']]",new_size,charge_density_wave,right,0.9999979011048522,0.9999978915688473,0.9999978915688473,0.9999978915688473,0.9999979106408572,0.0017292592231556519,0.0017173777020567775,0.0017411407442545265,2.5933734059369866e-117,True,False,0.9999979011048525,0.0017292594991811078,True,False
L128_gL2,128,2.0,gL,2,L128_gL2,L128_gL2_tau0p5,0.5,1.0,open,0.015625,0.5,64.0,0.05,1280,"['charge_density_wave', 'left', 'right', 'block_cell8', 'block_cell24']","[['charge_density_wave', 'left'], ['charge_density_wave', 'right'], ['charge_density_wave', 'block_cell8'], ['charge_density_wave', 'block_cell24'], ['left', 'right'], ['block_cell8', 'block_cell24']]",new_size,charge_density_wave,block_cell8,4.6542844154599e-240,0.0,0.0,0.0,3.378206726961305e-18,0.0,0.0,8.913965806063526e-15,4.37020745697919e-153,False,False,3.3782067234861747e-18,4.328287318086926e-30,False,False
L128_gL2,128,2.0,gL,2,L128_gL2,L128_gL2_tau0p5,0.5,1.0,open,0.015625,0.5,64.0,0.05,1280,"['charge_density_wave', 'left', 'right', 'block_cell8', 'block_cell24']","[['charge_density_wave', 'left'], ['charge_density_wave', 'right'], ['charge_density_wave', 'block_cell8'], ['charge_density_wave', 'block_cell24'], ['left', 'right'], ['block_cell8', 'block_cell24']]",new_size,charge_density_wave,block_cell24,4.6542844154599e-240,0.0,0.0,0.0,1.8508373131987815e-16,0.0,0.0,4.4095204983059385e-13,1.7867424923956596e-148,False,False,1.8508373116174102e-16,1.8139474080366507e-29,False,False
L128_gL2,128,2.0,gL,2,L128_gL2,L128_gL2_tau0p5,0.5,1.0,open,0.015625,0.5,64.0,0.05,1280,"['charge_density_wave', 'left', 'right', 'block_cell8', 'block_cell24']","[['charge_density_wave', 'left'], ['charge_density_wave', 'right'], ['charge_density_wave', 'block_cell8'], ['charge_density_wave', 'block_cell24'], ['left', 'right'], ['block_cell8', 'block_cell24']]",new_size,left,right,0.9999979011048522,0.0017120457297539469,0.9999970287317687,0.9999970287317687,0.9999987734779359,0.021148402176443006,0.02031023807577479,0.021986566277111222,2.53524590255486e-117,True,False,0.9999979011048525,0.021148394235943002,True,False
L128_gL2,128,2.0,gL,2,L128_gL2,L128_gL2_tau0p5,0.5,1.0,open,0.015625,0.5,64.0,0.05,1280,"['charge_density_wave', 'left', 'right', 'block_cell8', 'block_cell24']","[['charge_density_wave', 'left'], ['charge_density_wave', 'right'], ['charge_density_wave', 'block_cell8'], ['charge_density_wave', 'block_cell24'], ['left', 'right'], ['block_cell8', 'block_cell24']]",new_size,block_cell8,block_cell24,4.6542844154599e-240,0.0,0.0,0.0,1.8846193804683945e-16,0.0,0.0,4.4986601563665737e-13,1.786786194470229e-148,False,False,1.8508373116174104e-16,1.381118676227958e-29,False,False
L128_gL2,128,2.0,gL,2,L128_gL2,L128_gL2_tau0p525,0.5,1.0,open,0.015625,0.525,67.200,0.05,1344,"['charge_density_wave', 'left', 'right', 'block_cell8', 'block_cell24']","[['charge_density_wave', 'left'], ['charge_density_wave', 'right'], ['charge_density_wave', 'block_cell8'], ['charge_density_wave', 'block_cell24'], ['left', 'right'], ['block_cell8', 'block_cell24']]",new_size,charge_density_wave,left,0.00323658726134521,0.0032341824396301517,0.0032341824396301517,0.0032341824396301517,0.003238992083060269,0.00013059243281207138,0.0,0.002275775526066288,4.872842479978528e-120,False,False,0.003238979452641713,0.00013077004599884072,False,False
L128_gL2,128,2.0,gL,2,L128_gL2,L128_gL2_tau0p525,0.5,1.0,open,0.015625,0.525,67.200,0.05,1344,"['charge_density_wave', 'left', 'right', 'block_cell8', 'block_cell24']","[['charge_density_wave', 'left'], ['charge_density_wave', 'right'], ['charge_density_wave', 'block_cell8'], ['charge_density_wave', 'block_cell24'], ['left', 'right'], ['block_cell8', 'block_cell24']]",new_size,charge_density_wave,right,0.09114657317973325,0.09114652626505751,0.09114652626505751,0.09114652626505751,0.09114662009440899,0.04807172373251149,0.048018053537808594,0.04812539392721439,1.8368686202484932e-113,False,False,0.0911466169719562,0.048071761909226546,False,False
L128_gL2,128,2.0,gL,2,L128_gL2,L128_gL2_tau0p525,0.5,1.0,open,0.015625,0.525,67.200,0.05,1344,"['charge_density_wave', 'left', 'right', 'block_cell8', 'block_cell24']","[['charge_density_wave', 'left'], ['charge_density_wave', 'right'], ['charge_density_wave', 'block_cell8'], ['charge_density_wave', 'block_cell24'], ['left', 'right'], ['block_cell8', 'block_cell24']]",new_size,charge_density_wave,block_cell8,4.6542844154599e-240,0.0,0.0,0.0,6.692858974255856e-22,0.0,0.0,2.131256060447911e-18,1.0493033461485471e-156,False,False,6.692858968511642e-22,3.0560492871426396e-33,False,False
L128_gL2,128,2.0,gL,2,L128_gL2,L128_gL2_tau0p525,0.5,1.0,open,0.015625,0.525,67.200,0.05,1344,"['charge_density_wave', 'left', 'right', 'block_cell8', 'block_cell24']","[['charge_density_wave', 'left'], ['charge_density_wave', 'right'], ['charge_density_wave', 'block_cell8'], ['charge_density_wave', 'block_cell24'], ['left', 'right'], ['block_cell8', 'block_cell24']]",new_size,charge_density_wave,block_cell24,4.6542844154599e-240,0.0,0.0,0.0,3.645395546235026e-20,0.0,0.0,1.0675639891247822e-16,4.347920519719056e-152,False,False,3.645395543655971e-20,1.512603381926852e-32,False,False
L128_gL2,128,2.0,gL,2,L128_gL2,L128_gL2_tau0p525,0.5,1.0,open,0.015625,0.525,67.200,0.05,1344,"['charge_density_wave', 'left', 'right', 'block_cell8', 'block_cell24']","[['charge_density_wave', 'left'], ['charge_density_wave', 'right'], ['charge_density_wave', 'block_cell8'], ['charge_density_wave', 'block_cell24'], ['left', 'right'], ['block_cell8', 'block_cell24']]",new_size,left,right,0.09114657317973325,0.08790753418199723,0.09114412144334245,0.09114412144334245,0.09114902491612406,0.04794113129969942,0.045742278011742306,0.05013998458765653,1.8368690348995943e-113,False,False,0.0911466169719562,0.04794099186322771,False,False
L128_gL2,128,2.0,gL,2,L128_gL2,L128_gL2_tau0p525,0.5,1.0,open,0.015625,0.525,67.200,0.05,1344,"['charge_density_wave', 'left', 'right', 'block_cell8', 'block_cell24']","[['charge_density_wave', 'left'], ['charge_density_wave', 'right'], ['charge_density_wave', 'block_cell8'], ['charge_density_wave', 'block_cell24'], ['left', 'right'], ['block_cell8', 'block_cell24']]",new_size,block_cell8,block_cell24,4.6542844154599e-240,0.0,0.0,0.0,3.7123241359775847e-20,0.0,0.0,1.0888765497292613e-16,4.348025450053671e-152,False,False,3.645395543655973e-20,1.206998453212588e-32,False,False
L128_gL2,128,2.0,gL,2,L128_gL2,L128_gL2_tau0p55,0.5,1.0,open,0.015625,0.55,70.40,0.05,1408,"['charge_density_wave', 'left', 'right', 'block_cell8', 'block_cell24']","[['charge_density_wave', 'left'], ['charge_density_wave', 'right'], ['charge_density_wave', 'block_cell8'], ['charge_density_wave', 'block_cell24'], ['left', 'right'], ['block_cell8', 'block_cell24']]",new_size,charge_density_wave,left,4.6542844154599e-240,0.0,0.0,0.0,6.195504585511398e-07,0.0,0.0,0.0006064366621470941,8.525988094302448e-121,False,False,6.195498842400889e-07,1.1357328136384587e-11,False,False
L128_gL2,128,2.0,gL,2,L128_gL2,L128_gL2_tau0p55,0.5,1.0,open,0.015625,0.55,70.40,0.05,1408,"['charge_density_wave', 'left', 'right', 'block_cell8', 'block_cell24']","[['charge_density_wave', 'left'], ['charge_density_wave', 'right'], ['charge_density_wave', 'block_cell8'], ['charge_density_wave', 'block_cell24'], ['left', 'right'], ['block_cell8', 'block_cell24']]",new_size,charge_density_wave,right,1.6618671662548376e-05,1.5940854981719435e-05,1.5940854981719435e-05,1.5940854981719435e-05,1.7296488343377318e-05,6.354898496659593e-09,0.0,0.0006595768019055318,3.514302810406811e-117,False,False,1.7296141942065444e-05,6.859675357072763e-09,False,False
L128_gL2,128,2.0,gL,2,L128_gL2,L128_gL2_tau0p55,0.5,1.0,open,0.015625,0.55,70.40,0.05,1408,"['charge_density_wave', 'left', 'right', 'block_cell8', 'block_cell24']","[['charge_density_wave', 'left'], ['charge_density_wave', 'right'], ['charge_density_wave', 'block_cell8'], ['charge_density_wave', 'block_cell24'], ['left', 'right'], ['block_cell8', 'block_cell24']]",new_size,charge_density_wave,block_cell8,4.6542844154599e-240,0.0,0.0,0.0,1.3308203340210405e-25,0.0,0.0,4.963753880074241e-22,2.4511278548895776e-160,False,False,1.330820333058098e-25,1.9435321943237662e-36,False,False
L128_gL2,128,2.0,gL,2,L128_gL2,L128_gL2_tau0p55,0.5,1.0,open,0.015625,0.55,70.40,0.05,1408,"['charge_density_wave', 'left', 'right', 'block_cell8', 'block_cell24']","[['charge_density_wave', 'left'], ['charge_density_wave', 'right'], ['charge_density_wave', 'block_cell8'], ['charge_density_wave', 'block_cell24'], ['left', 'right'], ['block_cell8', 'block_cell24']]",new_size,charge_density_wave,block_cell24,4.6542844154599e-240,0.0,0.0,0.0,7.207965141112004e-24,0.0,0.0,2.504305679413857e-20,1.0234943204024565e-155,False,False,7.207965136843674e-24,9.962489930047781e-36,False,False
L128_gL2,128,2.0,gL,2,L128_gL2,L128_gL2_tau0p55,0.5,1.0,open,0.015625,0.55,70.40,0.05,1408,"['charge_density_wave', 'left', 'right', 'block_cell8', 'block_cell24']","[['charge_density_wave', 'left'], ['charge_density_wave', 'right'], ['charge_density_wave', 'block_cell8'], ['charge_density_wave', 'block_cell24'], ['left', 'right'], ['block_cell8', 'block_cell24']]",new_size,left,right,1.6618671662548376e-05,1.5321304523168293e-05,1.5321304523168293e-05,1.5321304523168293e-05,1.7916038801928456e-05,6.354898496659593e-09,0.0,0.001266013464052626,3.514301878435091e-117,False,False,1.7296141942065444e-05,6.848318028936378e-09,False,False
L128_gL2,128,2.0,gL,2,L128_gL2,L128_gL2_tau0p55,0.5,1.0,open,0.015625,0.55,70.40,0.05,1408,"['charge_density_wave', 'left', 'right', 'block_cell8', 'block_cell24']","[['charge_density_wave', 'left'], ['charge_density_wave', 'right'], ['charge_density_wave', 'block_cell8'], ['charge_density_wave', 'block_cell24'], ['left', 'right'], ['block_cell8', 'block_cell24']]",new_size,block_cell8,block_cell24,4.6542844154599e-240,0.0,0.0,0.0,7.341047174514109e-24,0.0,0.0,2.5539432182145994e-20,1.0235188316810055e-155,False,False,7.207965136843689e-24,8.018957735724014e-36,False,False
L128_gL2,128,2.0,gL,2,L128_gL2,L128_gL2_tau0p575,0.5,1.0,open,0.015625,0.575,73.600,0.05,1472,"['charge_density_wave', 'left', 'right', 'block_cell8', 'block_cell24']","[['charge_density_wave', 'left'], ['charge_density_wave', 'right'], ['charge_density_wave', 'block_cell8'], ['charge_density_wave', 'block_cell24'], ['left', 'right'], ['block_cell8', 'block_cell24']]",new_size,charge_density_wave,left,4.6542844154599e-240,0.0,0.0,0.0,1.192358108756066e-10,0.0,0.0,1.8200091581491936e-07,2.622712814930147e-124,False,False,1.1923581083012426e-10,6.6393990428493e-19,False,False
L128_gL2,128,2.0,gL,2,L128_gL2,L128_gL2_tau0p575,0.5,1.0,open,0.015625,0.575,73.600,0.05,1472,"['charge_density_wave', 'left', 'right', 'block_cell8', 'block_cell24']","[['charge_density_wave', 'left'], ['charge_density_wave', 'right'], ['charge_density_wave', 'block_cell8'], ['charge_density_wave', 'block_cell24'], ['left', 'right'], ['block_cell8', 'block_cell24']]",new_size,charge_density_wave,right,4.6542844154599e-240,0.0,0.0,0.0,3.290478199279309e-09,0.0,0.0,4.323895350047006e-06,8.35637028412899e-118,False,False,3.2904781825653825e-09,4.3378785495425887e-16,False,False
L128_gL2,128,2.0,gL,2,L128_gL2,L128_gL2_tau0p575,0.5,1.0,open,0.015625,0.575,73.600,0.05,1472,"['charge_density_wave', 'left', 'right', 'block_cell8', 'block_cell24']","[['charge_density_wave', 'left'], ['charge_density_wave', 'right'], ['charge_density_wave', 'block_cell8'], ['charge_density_wave', 'block_cell24'], ['left', 'right'], ['block_cell8', 'block_cell24']]",new_size,charge_density_wave,block_cell8,4.6542844154599e-240,0.0,0.0,0.0,2.654799059490821e-29,0.0,0.0,1.1349558853154352e-25,5.6168310011604405e-164,False,False,2.6547990578562387e-29,1.1276054612960198e-39,False,False
L128_gL2,128,2.0,gL,2,L128_gL2,L128_gL2_tau0p575,0.5,1.0,open,0.015625,0.575,73.600,0.05,1472,"['charge_density_wave', 'left', 'right', 'block_cell8', 'block_cell24']","[['charge_density_wave', 'left'], ['charge_density_wave', 'right'], ['charge_density_wave', 'block_cell8'], ['charge_density_wave', 'block_cell24'], ['left', 'right'], ['block_cell8', 'block_cell24']]",new_size,charge_density_wave,block_cell24,4.6542844154599e-240,0.0,0.0,0.0,1.430144923410578e-27,0.0,0.0,5.749138816098425e-24,2.355567283153642e-159,False,False,1.4301449226949233e-27,5.976205848734748e-39,False,False
L128_gL2,128,2.0,gL,2,L128_gL2,L128_gL2_tau0p575,0.5,1.0,open,0.015625,0.575,73.600,0.05,1472,"['charge_density_wave', 'left', 'right', 'block_cell8', 'block_cell24']","[['charge_density_wave', 'left'], ['charge_density_wave', 'right'], ['charge_density_wave', 'block_cell8'], ['charge_density_wave', 'block_cell24'], ['left', 'right'], ['block_cell8', 'block_cell24']]",new_size,left,right,4.6542844154599e-240,0.0,0.0,0.0,3.4097140101549157e-09,0.0,0.0,4.505896265861925e-06,8.356367661416174e-118,False,False,3.2904781825653825e-09,4.3312391504997395e-16,False,False
L128_gL2,128,2.0,gL,2,L128_gL2,L128_gL2_tau0p575,0.5,1.0,open,0.015625,0.575,73.600,0.05,1472,"['charge_density_wave', 'left', 'right', 'block_cell8', 'block_cell24']","[['charge_density_wave', 'left'], ['charge_density_wave', 'right'], ['charge_density_wave', 'block_cell8'], ['charge_density_wave', 'block_cell24'], ['left', 'right'], ['block_cell8', 'block_cell24']]",new_size,block_cell8,block_cell24,4.6542844154599e-240,0.0,0.0,0.0,1.4566929140054862e-27,0.0,0.0,5.862634404629969e-24,2.3556234514636536e-159,False,False,1.4301449226949328e-27,4.848600387438729e-39,False,False
L128_gL2,128,2.0,gL,2,L128_gL2,L128_gL2_tau0p6,0.5,1.0,open,0.015625,0.6,76.8,0.05,1536,"['charge_density_wave', 'left', 'right', 'block_cell8', 'block_cell24']","[['charge_density_wave', 'left'], ['charge_density_wave', 'right'], ['charge_density_wave', 'block_cell8'], ['charge_density_wave', 'block_cell24'], ['left', 'right'], ['block_cell8', 'block_cell24']]",new_size,charge_density_wave,left,4.6542844154599e-240,0.0,0.0,0.0,2.3072077086162677e-14,0.0,0.0,4.784248539985119e-11,6.97327505756015e-128,False,False,2.3072077082427017e-14,3.395820896767108e-26,False,False
L128_gL2,128,2.0,gL,2,L128_gL2,L128_gL2_tau0p6,0.5,1.0,open,0.015625,0.6,76.8,0.05,1536,"['charge_density_wave', 'left', 'right', 'block_cell8', 'block_cell24']","[['charge_density_wave', 'left'], ['charge_density_wave', 'right'], ['charge_density_wave', 'block_cell8'], ['charge_density_wave', 'block_cell24'], ['left', 'right'], ['block_cell8', 'block_cell24']]",new_size,charge_density_wave,right,4.6542844154599e-240,0.0,0.0,0.0,6.297020990942365e-13,0.0,0.0,1.1724964240088e-09,2.299813620083716e-121,False,False,6.297020990140051e-13,2.267607202388492e-23,False,False
L128_gL2,128,2.0,gL,2,L128_gL2,L128_gL2_tau0p6,0.5,1.0,open,0.015625,0.6,76.8,0.05,1536,"['charge_density_wave', 'left', 'right', 'block_cell8', 'block_cell24']","[['charge_density_wave', 'left'], ['charge_density_wave', 'right'], ['charge_density_wave', 'block_cell8'], ['charge_density_wave', 'block_cell24'], ['left', 'right'], ['block_cell8', 'block_cell24']]",new_size,charge_density_wave,block_cell8,4.6542844154599e-240,0.0,0.0,0.0,5.311273320573841e-33,0.0,0.0,2.560134916978763e-29,1.2691489135520485e-167,False,False,5.311273317767897e-33,6.031955220660504e-43,False,False
L128_gL2,128,2.0,gL,2,L128_gL2,L128_gL2_tau0p6,0.5,1.0,open,0.015625,0.6,76.8,0.05,1536,"['charge_density_wave', 'left', 'right', 'block_cell8', 'block_cell24']","[['charge_density_wave', 'left'], ['charge_density_wave', 'right'], ['charge_density_wave', 'block_cell8'], ['charge_density_wave', 'block_cell24'], ['left', 'right'], ['block_cell8', 'block_cell24']]",new_size,charge_density_wave,block_cell24,4.6542844154599e-240,0.0,0.0,0.0,2.846328418390271e-31,0.0,0.0,1.2994579122042529e-27,5.334384553045448e-163,False,False,2.846328417176364e-31,3.300083307837389e-42,False,False
L128_gL2,128,2.0,gL,2,L128_gL2,L128_gL2_tau0p6,0.5,1.0,open,0.015625,0.6,76.8,0.05,1536,"['charge_density_wave', 'left', 'right', 'block_cell8', 'block_cell24']","[['charge_density_wave', 'left'], ['charge_density_wave', 'right'], ['charge_density_wave', 'block_cell8'], ['charge_density_wave', 'block_cell24'], ['left', 'right'], ['block_cell8', 'block_cell24']]",new_size,left,right,4.6542844154599e-240,0.0,0.0,0.0,6.527741761803991e-13,0.0,0.0,1.2203389094086511e-09,2.2998129227562103e-121,False,False,6.297020990140051e-13,2.264211381491725e-23,False,False
L128_gL2,128,2.0,gL,2,L128_gL2,L128_gL2_tau0p6,0.5,1.0,open,0.015625,0.6,76.8,0.05,1536,"['charge_density_wave', 'left', 'right', 'block_cell8', 'block_cell24']","[['charge_density_wave', 'left'], ['charge_density_wave', 'right'], ['charge_density_wave', 'block_cell8'], ['charge_density_wave', 'block_cell24'], ['left', 'right'], ['block_cell8', 'block_cell24']]",new_size,block_cell8,block_cell24,4.6542844154599e-240,0.0,0.0,0.0,2.8994411515960094e-31,0.0,0.0,1.3250592613740405e-27,5.334511467936803e-163,False,False,2.8463284171764206e-31,2.6968877857713385e-42,False,False
L128_gL2,128,2.0,gL,2,L128_gL2,L128_gL2_tau0p65,0.5,1.0,open,0.015625,0.65,83.20,0.05,1664,"['charge_density_wave', 'left', 'right', 'block_cell8', 'block_cell24']","[['charge_density_wave', 'left'], ['charge_density_wave', 'right'], ['charge_density_wave', 'block_cell8'], ['charge_density_wave', 'block_cell24'], ['left', 'right'], ['block_cell8', 'block_cell24']]",new_size,charge_density_wave,left,4.6542844154599e-240,0.0,0.0,0.0,8.75964361927527e-22,0.0,0.0,2.7743104209307722e-18,4.08750122595242e-135,False,False,8.759643618340467e-22,3.0965485369329305e-36,False,False
L128_gL2,128,2.0,gL,2,L128_gL2,L128_gL2_tau0p65,0.5,1.0,open,0.015625,0.65,83.20,0.05,1664,"['charge_density_wave', 'left', 'right', 'block_cell8', 'block_cell24']","[['charge_density_wave', 'left'], ['charge_density_wave', 'right'], ['charge_density_wave', 'block_cell8'], ['charge_density_wave', 'block_cell24'], ['left', 'right'], ['block_cell8', 'block_cell24']]",new_size,charge_density_wave,right,4.6542844154599e-240,0.0,0.0,0.0,2.341426240935807e-20,0.0,0.0,6.923270210888546e-17,1.3755771196152544e-128,False,False,2.3414262407454656e-20,8.933049891753263e-36,False,False
L128_gL2,128,2.0,gL,2,L128_gL2,L128_gL2_tau0p65,0.5,1.0,open,0.015625,0.65,83.20,0.05,1664,"['charge_density_wave', 'left', 'right', 'block_cell8', 'block_cell24']","[['charge_density_wave', 'left'], ['charge_density_wave', 'right'], ['charge_density_wave', 'block_cell8'], ['charge_density_wave', 'block_cell24'], ['left', 'right'], ['block_cell8', 'block_cell24']]",new_size,charge_density_wave,block_cell8,4.6542844154599e-240,0.0,0.0,0.0,2.1419345552226988e-40,0.0,0.0,1.2658551418355776e-36,6.290648490777518e-175,False,False,2.1419345543712926e-40,1.4007509513211857e-49,False,False
L128_gL2,128,2.0,gL,2,L128_gL2,L128_gL2_tau0p65,0.5,1.0,open,0.015625,0.65,83.20,0.05,1664,"['charge_density_wave', 'left', 'right', 'block_cell8', 'block_cell24']","[['charge_density_wave', 'left'], ['charge_density_wave', 'right'], ['charge_density_wave', 'block_cell8'], ['charge_density_wave', 'block_cell24'], ['left', 'right'], ['block_cell8', 'block_cell24']]",new_size,charge_density_wave,block_cell24,4.6542844154599e-240,0.0,0.0,0.0,1.1365211133492668e-38,0.0,0.0,6.427818757864938e-35,2.645808384550342e-170,False,False,1.1365211129893198e-38,8.129158057733368e-49,False,False
L128_gL2,128,2.0,gL,2,L128_gL2,L128_gL2_tau0p65,0.5,1.0,open,0.015625,0.65,83.20,0.05,1664,"['charge_density_wave', 'left', 'right', 'block_cell8', 'block_cell24']","[['charge_density_wave', 'left'], ['charge_density_wave', 'right'], ['charge_density_wave', 'block_cell8'], ['charge_density_wave', 'block_cell24'], ['left', 'right'], ['block_cell8', 'block_cell24']]",new_size,left,right,4.6542844154599e-240,0.0,0.0,0.0,2.4290226771285598e-20,0.0,0.0,7.200701252981624e-17,1.3755767108651317e-128,False,False,2.3414262407454656e-20,5.8365013548203326e-36,False,False
L128_gL2,128,2.0,gL,2,L128_gL2,L128_gL2_tau0p65,0.5,1.0,open,0.015625,0.65,83.20,0.05,1664,"['charge_density_wave', 'left', 'right', 'block_cell8', 'block_cell24']","[['charge_density_wave', 'left'], ['charge_density_wave', 'right'], ['charge_density_wave', 'block_cell8'], ['charge_density_wave', 'block_cell24'], ['left', 'right'], ['block_cell8', 'block_cell24']]",new_size,block_cell8,block_cell24,4.6542844154599e-240,0.0,0.0,0.0,1.1579404589014937e-38,0.0,0.0,6.554404272048495e-35,2.64587129103525e-170,False,False,1.136521112989475e-38,6.7284071064121816e-49,False,False
L128_gL4,128,2.0,gL,4,L128_gL4,L128_gL4_tau0p45,0.5,1.0,open,0.03125,0.45,57.60,0.05,1152,"['charge_density_wave', 'left', 'right', 'block_cell8', 'block_cell24']","[['charge_density_wave', 'left'], ['charge_density_wave', 'right'], ['charge_density_wave', 'block_cell8'], ['charge_density_wave', 'block_cell24'], ['left', 'right'], ['block_cell8', 'block_cell24']]",new_size,charge_density_wave,left,1.0,0.9999999875001521,0.9999999875001521,0.9999999875001521,1.0,0.6883136005467548,0.6882982426941164,0.6883289583993932,2.6567982838225735e-122,True,True,1.0,0.688313600412536,True,True
L128_gL4,128,2.0,gL,4,L128_gL4,L128_gL4_tau0p45,0.5,1.0,open,0.03125,0.45,57.60,0.05,1152,"['charge_density_wave', 'left', 'right', 'block_cell8', 'block_cell24']","[['charge_density_wave', 'left'], ['charge_density_wave', 'right'], ['charge_density_wave', 'block_cell8'], ['charge_density_wave', 'block_cell24'], ['left', 'right'], ['block_cell8', 'block_cell24']]",new_size,charge_density_wave,right,1.0,0.9999979599107879,0.9999979599107879,0.9999979599107879,1.0,0.007892048713412265,0.006050743705156842,0.00973335372166769,1.87010036279768e-118,True,False,1.0,0.007892060286846393,True,False
L128_gL4,128,2.0,gL,4,L128_gL4,L128_gL4_tau0p45,0.5,1.0,open,0.03125,0.45,57.60,0.05,1152,"['charge_density_wave', 'left', 'right', 'block_cell8', 'block_cell24']","[['charge_density_wave', 'left'], ['charge_density_wave', 'right'], ['charge_density_wave', 'block_cell8'], ['charge_density_wave', 'block_cell24'], ['left', 'right'], ['block_cell8', 'block_cell24']]",new_size,charge_density_wave,block_cell8,4.719902718294257e-240,0.0,0.0,0.0,4.361523446379662e-11,0.0,0.0,6.938134137959444e-08,2.4180469809935e-146,False,False,4.3615234386514554e-11,9.265628448256901e-20,False,False
L128_gL4,128,2.0,gL,4,L128_gL4,L128_gL4_tau0p45,0.5,1.0,open,0.03125,0.45,57.60,0.05,1152,"['charge_density_wave', 'left', 'right', 'block_cell8', 'block_cell24']","[['charge_density_wave', 'left'], ['charge_density_wave', 'right'], ['charge_density_wave', 'block_cell8'], ['charge_density_wave', 'block_cell24'], ['left', 'right'], ['block_cell8', 'block_cell24']]",new_size,charge_density_wave,block_cell24,4.719902718294257e-240,0.0,0.0,0.0,9.833703370045218e-09,0.0,0.0,1.2233095667480329e-05,6.15633932027018e-141,False,False,9.833703212960392e-09,3.662567392827579e-15,False,False
L128_gL4,128,2.0,gL,4,L128_gL4,L128_gL4_tau0p45,0.5,1.0,open,0.03125,0.45,57.60,0.05,1152,"['charge_density_wave', 'left', 'right', 'block_cell8', 'block_cell24']","[['charge_density_wave', 'left'], ['charge_density_wave', 'right'], ['charge_density_wave', 'block_cell8'], ['charge_density_wave', 'block_cell24'], ['left', 'right'], ['block_cell8', 'block_cell24']]",new_size,left,right,1.0,0.0,0.99999794741094,0.99999794741094,1.0,0.6804215518333426,0.6785648889724487,0.6822782146942364,1.8703660426260622e-118,True,True,1.0,0.6804215401256897,True,True
L128_gL4,128,2.0,gL,4,L128_gL4,L128_gL4_tau0p45,0.5,1.0,open,0.03125,0.45,57.60,0.05,1152,"['charge_density_wave', 'left', 'right', 'block_cell8', 'block_cell24']","[['charge_density_wave', 'left'], ['charge_density_wave', 'right'], ['charge_density_wave', 'block_cell8'], ['charge_density_wave', 'block_cell24'], ['left', 'right'], ['block_cell8', 'block_cell24']]",new_size,block_cell8,block_cell24,4.719902718294257e-240,0.0,0.0,0.0,9.877318604509015e-09,0.0,0.0,1.2302477008859922e-05,6.15636350073999e-141,False,False,9.833703212960392e-09,3.662474736543097e-15,False,False
L128_gL4,128,2.0,gL,4,L128_gL4,L128_gL4_tau0p5,0.5,1.0,open,0.03125,0.5,64.0,0.05,1280,"['charge_density_wave', 'left', 'right', 'block_cell8', 'block_cell24']","[['charge_density_wave', 'left'], ['charge_density_wave', 'right'], ['charge_density_wave', 'block_cell8'], ['charge_density_wave', 'block_cell24'], ['left', 'right'], ['block_cell8', 'block_cell24']]",new_size,charge_density_wave,left,0.9904102053752868,0.9904097165879967,0.9904097165879967,0.9904097165879967,0.9904106941625768,0.094467672026371,0.09398181470134152,0.0949535293514005,7.031144757026452e-119,True,False,0.9904102097063368,0.09446763847611964,True,False
L128_gL4,128,2.0,gL,4,L128_gL4,L128_gL4_tau0p5,0.5,1.0,open,0.03125,0.5,64.0,0.05,1280,"['charge_density_wave', 'left', 'right', 'block_cell8', 'block_cell24']","[['charge_density_wave', 'left'], ['charge_density_wave', 'right'], ['charge_density_wave', 'block_cell8'], ['charge_density_wave', 'block_cell24'], ['left', 'right'], ['block_cell8', 'block_cell24']]",new_size,charge_density_wave,right,0.999999627597579,0.999999606296049,0.999999606296049,0.999999606296049,0.9999996488991089,0.006880362211149901,0.006854916955029526,0.0069058074672702745,9.028136414091431e-116,True,False,0.999999627597579,0.006880363290263013,True,False
L128_gL4,128,2.0,gL,4,L128_gL4,L128_gL4_tau0p5,0.5,1.0,open,0.03125,0.5,64.0,0.05,1280,"['charge_density_wave', 'left', 'right', 'block_cell8', 'block_cell24']","[['charge_density_wave', 'left'], ['charge_density_wave', 'right'], ['charge_density_wave', 'block_cell8'], ['charge_density_wave', 'block_cell24'], ['left', 'right'], ['block_cell8', 'block_cell24']]",new_size,charge_density_wave,block_cell8,4.719902718294257e-240,0.0,0.0,0.0,1.70077142035547e-18,0.0,0.0,4.562470336292807e-15,1.6172222162036545e-153,False,False,1.700771418399052e-18,4.2166359617931904e-30,False,False
L128_gL4,128,2.0,gL,4,L128_gL4,L128_gL4_tau0p5,0.5,1.0,open,0.03125,0.5,64.0,0.05,1280,"['charge_density_wave', 'left', 'right', 'block_cell8', 'block_cell24']","[['charge_density_wave', 'left'], ['charge_density_wave', 'right'], ['charge_density_wave', 'block_cell8'], ['charge_density_wave', 'block_cell24'], ['left', 'right'], ['block_cell8', 'block_cell24']]",new_size,charge_density_wave,block_cell24,4.719902718294257e-240,0.0,0.0,0.0,3.7472660300414843e-16,0.0,0.0,8.758490281476786e-13,4.5190826495399344e-148,False,False,3.74726602718185e-16,1.1144484521919303e-29,False,False
L128_gL4,128,2.0,gL,4,L128_gL4,L128_gL4_tau0p5,0.5,1.0,open,0.03125,0.5,64.0,0.05,1280,"['charge_density_wave', 'left', 'right', 'block_cell8', 'block_cell24']","[['charge_density_wave', 'left'], ['charge_density_wave', 'right'], ['charge_density_wave', 'block_cell8'], ['charge_density_wave', 'block_cell24'], ['left', 'right'], ['block_cell8', 'block_cell24']]",new_size,left,right,0.999999627597579,0.009588912133472198,0.9999991175087589,0.9999991175087589,1.0,0.08758730981522111,0.08707600723407125,0.08809861239637097,9.021125792362054e-116,True,False,0.999999627597579,0.08758727518585663,True,False
L128_gL4,128,2.0,gL,4,L128_gL4,L128_gL4_tau0p5,0.5,1.0,open,0.03125,0.5,64.0,0.05,1280,"['charge_density_wave', 'left', 'right', 'block_cell8', 'block_cell24']","[['charge_density_wave', 'left'], ['charge_density_wave', 'right'], ['charge_density_wave', 'block_cell8'], ['charge_density_wave', 'block_cell24'], ['left', 'right'], ['block_cell8', 'block_cell24']]",new_size,block_cell8,block_cell24,4.719902718294257e-240,0.0,0.0,0.0,3.764273744245039e-16,0.0,0.0,8.804114984839714e-13,4.519098821762097e-148,False,False,3.74726602718185e-16,6.927848560126114e-30,False,False
L128_gL4,128,2.0,gL,4,L128_gL4,L128_gL4_tau0p525,0.5,1.0,open,0.03125,0.525,67.200,0.05,1344,"['charge_density_wave', 'left', 'right', 'block_cell8', 'block_cell24']","[['charge_density_wave', 'left'], ['charge_density_wave', 'right'], ['charge_density_wave', 'block_cell8'], ['charge_density_wave', 'block_cell24'], ['left', 'right'], ['block_cell8', 'block_cell24']]",new_size,charge_density_wave,left,0.0013683308059460168,0.0013673081643851333,0.0013673081643851333,0.0013673081643851333,0.0013693534475069003,2.6565217795016238e-05,0.0,0.0009947610802749304,6.516296171868705e-121,False,False,0.0013693488926069112,2.6601974168098302e-05,False,False
L128_gL4,128,2.0,gL,4,L128_gL4,L128_gL4_tau0p525,0.5,1.0,open,0.03125,0.525,67.200,0.05,1344,"['charge_density_wave', 'left', 'right', 'block_cell8', 'block_cell24']","[['charge_density_wave', 'left'], ['charge_density_wave', 'right'], ['charge_density_wave', 'block_cell8'], ['charge_density_wave', 'block_cell24'], ['left', 'right'], ['block_cell8', 'block_cell24']]",new_size,charge_density_wave,right,0.21134539848301626,0.21134528478091363,0.21134528478091363,0.21134528478091363,0.21134551218511885,0.18250213756000402,0.1823785047420544,0.1826257703779537,5.293811392296815e-113,True,True,0.21134549495998967,0.1825022624621812,True,True
L128_gL4,128,2.0,gL,4,L128_gL4,L128_gL4_tau0p525,0.5,1.0,open,0.03125,0.525,67.200,0.05,1344,"['charge_density_wave', 'left', 'right', 'block_cell8', 'block_cell24']","[['charge_density_wave', 'left'], ['charge_density_wave', 'right'], ['charge_density_wave', 'block_cell8'], ['charge_density_wave', 'block_cell24'], ['left', 'right'], ['block_cell8', 'block_cell24']]",new_size,charge_density_wave,block_cell8,4.719902718294257e-240,0.0,0.0,0.0,3.380020246833216e-22,0.0,0.0,1.0911027750399804e-18,3.883518988196044e-157,False,False,3.3800202435815067e-22,2.9805146019435824e-33,False,False
L128_gL4,128,2.0,gL,4,L128_gL4,L128_gL4_tau0p525,0.5,1.0,open,0.03125,0.525,67.200,0.05,1344,"['charge_density_wave', 'left', 'right', 'block_cell8', 'block_cell24']","[['charge_density_wave', 'left'], ['charge_density_wave', 'right'], ['charge_density_wave', 'block_cell8'], ['charge_density_wave', 'block_cell24'], ['left', 'right'], ['block_cell8', 'block_cell24']]",new_size,charge_density_wave,block_cell24,4.719902718294257e-240,0.0,0.0,0.0,7.367011929206561e-20,0.0,0.0,2.1242779922367652e-16,1.101852286919653e-151,False,False,7.36701192456325e-20,1.5517876170409948e-32,False,False
L128_gL4,128,2.0,gL,4,L128_gL4,L128_gL4_tau0p525,0.5,1.0,open,0.03125,0.525,67.200,0.05,1344,"['charge_density_wave', 'left', 'right', 'block_cell8', 'block_cell24']","[['charge_density_wave', 'left'], ['charge_density_wave', 'right'], ['charge_density_wave', 'block_cell8'], ['charge_density_wave', 'block_cell24'], ['left', 'right'], ['block_cell8', 'block_cell24']]",new_size,left,right,0.21134539848301626,0.20997593133340675,0.21134426213935276,0.21134426213935276,0.21134653482667973,0.182475572342209,0.18138374366177945,0.18356740102263858,5.293811394616269e-113,True,True,0.21134549495998967,0.18247566048801311,True,True
L128_gL4,128,2.0,gL,4,L128_gL4,L128_gL4_tau0p525,0.5,1.0,open,0.03125,0.525,67.200,0.05,1344,"['charge_density_wave', 'left', 'right', 'block_cell8', 'block_cell24']","[['charge_density_wave', 'left'], ['charge_density_wave', 'right'], ['charge_density_wave', 'block_cell8'], ['charge_density_wave', 'block_cell24'], ['left', 'right'], ['block_cell8', 'block_cell24']]",new_size,block_cell8,block_cell24,4.719902718294257e-240,0.0,0.0,0.0,7.400812131674893e-20,0.0,0.0,2.135189019987165e-16,1.1018561704386411e-151,False,False,7.36701192456325e-20,1.2537361568466367e-32,False,False
L128_gL4,128,2.0,gL,4,L128_gL4,L128_gL4_tau0p55,0.5,1.0,open,0.03125,0.55,70.40,0.05,1408,"['charge_density_wave', 'left', 'right', 'block_cell8', 'block_cell24']","[['charge_density_wave', 'left'], ['charge_density_wave', 'right'], ['charge_density_wave', 'block_cell8'], ['charge_density_wave', 'block_cell24'], ['left', 'right'], ['block_cell8', 'block_cell24']]",new_size,charge_density_wave,left,4.719902718294257e-240,0.0,0.0,0.0,2.6336587258566507e-07,0.0,0.0,0.0002722102714912693,1.2150138469886492e-121,False,False,2.6336576868180076e-07,2.1709772692667616e-12,False,False
L128_gL4,128,2.0,gL,4,L128_gL4,L128_gL4_tau0p55,0.5,1.0,open,0.03125,0.55,70.40,0.05,1408,"['charge_density_wave', 'left', 'right', 'block_cell8', 'block_cell24']","[['charge_density_wave', 'left'], ['charge_density_wave', 'right'], ['charge_density_wave', 'block_cell8'], ['charge_density_wave', 'block_cell24'], ['left', 'right'], ['block_cell8', 'block_cell24']]",new_size,charge_density_wave,right,3.908018034259623e-05,3.749035688982611e-05,3.749035688982611e-05,3.749035688982611e-05,4.067000379536634e-05,3.2530328185240864e-08,0.0,0.0014603183676798453,8.234920689382437e-117,False,False,4.066922363664712e-05,3.5097706435993534e-08,False,False
L128_gL4,128,2.0,gL,4,L128_gL4,L128_gL4_tau0p55,0.5,1.0,open,0.03125,0.55,70.40,0.05,1408,"['charge_density_wave', 'left', 'right', 'block_cell8', 'block_cell24']","[['charge_density_wave', 'left'], ['charge_density_wave', 'right'], ['charge_density_wave', 'block_cell8'], ['charge_density_wave', 'block_cell24'], ['left', 'right'], ['block_cell8', 'block_cell24']]",new_size,charge_density_wave,block_cell8,4.719902718294257e-240,0.0,0.0,0.0,6.74129638055569e-26,0.0,0.0,2.543742878694001e-22,9.080308475863914e-161,False,False,6.741296375075253e-26,1.8974999966670897e-36,False,False
L128_gL4,128,2.0,gL,4,L128_gL4,L128_gL4_tau0p55,0.5,1.0,open,0.03125,0.55,70.40,0.05,1408,"['charge_density_wave', 'left', 'right', 'block_cell8', 'block_cell24']","[['charge_density_wave', 'left'], ['charge_density_wave', 'right'], ['charge_density_wave', 'block_cell8'], ['charge_density_wave', 'block_cell24'], ['left', 'right'], ['block_cell8', 'block_cell24']]",new_size,charge_density_wave,block_cell24,4.719902718294257e-240,0.0,0.0,0.0,1.4540874230938642e-23,0.0,0.0,4.986712890212641e-20,2.5958293568009308e-155,False,False,1.4540874223286935e-23,1.0192115848409517e-35,False,False
L128_gL4,128,2.0,gL,4,L128_gL4,L128_gL4_tau0p55,0.5,1.0,open,0.03125,0.55,70.40,0.05,1408,"['charge_density_wave', 'left', 'right', 'block_cell8', 'block_cell24']","[['charge_density_wave', 'left'], ['charge_density_wave', 'right'], ['charge_density_wave', 'block_cell8'], ['charge_density_wave', 'block_cell24'], ['left', 'right'], ['block_cell8', 'block_cell24']]",new_size,left,right,3.908018034259623e-05,3.722699101724045e-05,3.722699101724045e-05,3.722699101724045e-05,4.0933369667952e-05,3.2530328185240864e-08,0.0,0.0017325286391711146,8.234920564069299e-117,False,False,4.066922363664712e-05,3.509553545872427e-08,False,False
L128_gL4,128,2.0,gL,4,L128_gL4,L128_gL4_tau0p55,0.5,1.0,open,0.03125,0.55,70.40,0.05,1408,"['charge_density_wave', 'left', 'right', 'block_cell8', 'block_cell24']","[['charge_density_wave', 'left'], ['charge_density_wave', 'right'], ['charge_density_wave', 'block_cell8'], ['charge_density_wave', 'block_cell24'], ['left', 'right'], ['block_cell8', 'block_cell24']]",new_size,block_cell8,block_cell24,4.719902718294257e-240,0.0,0.0,0.0,1.4608287194744198e-23,0.0,0.0,5.012150318999581e-20,2.5958384371094067e-155,False,False,1.4540874223286935e-23,8.294615851742428e-36,False,False
L128_gL4,128,2.0,gL,4,L128_gL4,L128_gL4_tau0p575,0.5,1.0,open,0.03125,0.575,73.600,0.05,1472,"['charge_density_wave', 'left', 'right', 'block_cell8', 'block_cell24']","[['charge_density_wave', 'left'], ['charge_density_wave', 'right'], ['charge_density_wave', 'block_cell8'], ['charge_density_wave', 'block_cell24'], ['left', 'right'], ['block_cell8', 'block_cell24']]",new_size,charge_density_wave,left,4.719902718294257e-240,0.0,0.0,0.0,5.095638059282868e-11,0.0,0.0,8.055201319205918e-08,3.6772274186715e-125,False,False,5.095638057690884e-11,1.2567341365115223e-19,False,False
L128_gL4,128,2.0,gL,4,L128_gL4,L128_gL4_tau0p575,0.5,1.0,open,0.03125,0.575,73.600,0.05,1472,"['charge_density_wave', 'left', 'right', 'block_cell8', 'block_cell24']","[['charge_density_wave', 'left'], ['charge_density_wave', 'right'], ['charge_density_wave', 'block_cell8'], ['charge_density_wave', 'block_cell24'], ['left', 'right'], ['block_cell8', 'block_cell24']]",new_size,charge_density_wave,right,4.719902718294257e-240,0.0,0.0,0.0,7.701946960924127e-09,0.0,0.0,9.701639894340439e-06,1.8643515003478203e-117,False,False,7.701946871224006e-09,2.2757273347012115e-15,False,False
L128_gL4,128,2.0,gL,4,L128_gL4,L128_gL4_tau0p575,0.5,1.0,open,0.03125,0.575,73.600,0.05,1472,"['charge_density_wave', 'left', 'right', 'block_cell8', 'block_cell24']","[['charge_density_wave', 'left'], ['charge_density_wave', 'right'], ['charge_density_wave', 'block_cell8'], ['charge_density_wave', 'block_cell24'], ['left', 'right'], ['block_cell8', 'block_cell24']]",new_size,charge_density_wave,block_cell8,4.719902718294257e-240,0.0,0.0,0.0,1.3487866379582837e-29,0.0,0.0,5.824666020470369e-26,2.083738366514546e-164,False,False,1.348786637023083e-29,1.1018848205453842e-39,False,False
L128_gL4,128,2.0,gL,4,L128_gL4,L128_gL4_tau0p575,0.5,1.0,open,0.03125,0.575,73.600,0.05,1472,"['charge_density_wave', 'left', 'right', 'block_cell8', 'block_cell24']","[['charge_density_wave', 'left'], ['charge_density_wave', 'right'], ['charge_density_wave', 'block_cell8'], ['charge_density_wave', 'block_cell24'], ['left', 'right'], ['block_cell8', 'block_cell24']]",new_size,charge_density_wave,block_cell24,4.719902718294257e-240,0.0,0.0,0.0,2.8801589642961506e-27,0.0,0.0,1.1449106906041454e-23,5.975175597923906e-159,False,False,2.8801589630186227e-27,6.098983275728846e-39,False,False
L128_gL4,128,2.0,gL,4,L128_gL4,L128_gL4_tau0p575,0.5,1.0,open,0.03125,0.575,73.600,0.05,1472,"['charge_density_wave', 'left', 'right', 'block_cell8', 'block_cell24']","[['charge_density_wave', 'left'], ['charge_density_wave', 'right'], ['charge_density_wave', 'block_cell8'], ['charge_density_wave', 'block_cell24'], ['left', 'right'], ['block_cell8', 'block_cell24']]",new_size,left,right,4.719902718294257e-240,0.0,0.0,0.0,7.752903341516955e-09,0.0,0.0,9.782191907532499e-06,1.8643514635755462e-117,False,False,7.701946871224006e-09,2.2756016612875605e-15,False,False
L128_gL4,128,2.0,gL,4,L128_gL4,L128_gL4_tau0p575,0.5,1.0,open,0.03125,0.575,73.600,0.05,1472,"['charge_density_wave', 'left', 'right', 'block_cell8', 'block_cell24']","[['charge_density_wave', 'left'], ['charge_density_wave', 'right'], ['charge_density_wave', 'block_cell8'], ['charge_density_wave', 'block_cell24'], ['left', 'right'], ['block_cell8', 'block_cell24']]",new_size,block_cell8,block_cell24,4.719902718294257e-240,0.0,0.0,0.0,2.8936468306757334e-27,0.0,0.0,1.1507353566246157e-23,5.975196435307571e-159,False,False,2.8801589630186237e-27,4.997098455183461e-39,False,False
L128_gL4,128,2.0,gL,4,L128_gL4,L128_gL4_tau0p6,0.5,1.0,open,0.03125,0.6,76.8,0.05,1536,"['charge_density_wave', 'left', 'right', 'block_cell8', 'block_cell24']","[['charge_density_wave', 'left'], ['charge_density_wave', 'right'], ['charge_density_wave', 'block_cell8'], ['charge_density_wave', 'block_cell24'], ['left', 'right'], ['block_cell8', 'block_cell24']]",new_size,charge_density_wave,left,4.719902718294257e-240,0.0,0.0,0.0,9.911136456891154e-15,0.0,0.0,2.1087801269280136e-11,9.730177865621835e-129,False,False,9.911136455016024e-15,6.4292502569010926e-27,False,False
L128_gL4,128,2.0,gL,4,L128_gL4,L128_gL4_tau0p6,0.5,1.0,open,0.03125,0.6,76.8,0.05,1536,"['charge_density_wave', 'left', 'right', 'block_cell8', 'block_cell24']","[['charge_density_wave', 'left'], ['charge_density_wave', 'right'], ['charge_density_wave', 'block_cell8'], ['charge_density_wave', 'block_cell24'], ['left', 'right'], ['block_cell8', 'block_cell24']]",new_size,charge_density_wave,right,4.719902718294257e-240,0.0,0.0,0.0,1.4674616115234796e-12,0.0,0.0,2.65293457909724e-09,5.1801820828217836e-121,False,False,1.4674616113615333e-12,1.1950528379014577e-22,False,False
L128_gL4,128,2.0,gL,4,L128_gL4,L128_gL4_tau0p6,0.5,1.0,open,0.03125,0.6,76.8,0.05,1536,"['charge_density_wave', 'left', 'right', 'block_cell8', 'block_cell24']","[['charge_density_wave', 'left'], ['charge_density_wave', 'right'], ['charge_density_wave', 'block_cell8'], ['charge_density_wave', 'block_cell24'], ['left', 'right'], ['block_cell8', 'block_cell24']]",new_size,charge_density_wave,block_cell8,4.719902718294257e-240,0.0,0.0,0.0,2.7062726140745602e-33,0.0,0.0,1.3161532220533787e-29,4.716392577827351e-168,False,False,2.7062726124608884e-33,5.8988954718220535e-43,False,False
L128_gL4,128,2.0,gL,4,L128_gL4,L128_gL4_tau0p6,0.5,1.0,open,0.03125,0.6,76.8,0.05,1536,"['charge_density_wave', 'left', 'right', 'block_cell8', 'block_cell24']","[['charge_density_wave', 'left'], ['charge_density_wave', 'right'], ['charge_density_wave', 'block_cell8'], ['charge_density_wave', 'block_cell24'], ['left', 'right'], ['block_cell8', 'block_cell24']]",new_size,charge_density_wave,block_cell24,4.719902718294257e-240,0.0,0.0,0.0,5.7227464789495325e-31,0.0,0.0,2.5870729007110425e-27,1.3527914549268082e-162,False,False,5.722746476791572e-31,3.360634350215558e-42,False,False
L128_gL4,128,2.0,gL,4,L128_gL4,L128_gL4_tau0p6,0.5,1.0,open,0.03125,0.6,76.8,0.05,1536,"['charge_density_wave', 'left', 'right', 'block_cell8', 'block_cell24']","[['charge_density_wave', 'left'], ['charge_density_wave', 'right'], ['charge_density_wave', 'block_cell8'], ['charge_density_wave', 'block_cell24'], ['left', 'right'], ['block_cell8', 'block_cell24']]",new_size,left,right,4.719902718294257e-240,0.0,0.0,0.0,1.4773727479803706e-12,0.0,0.0,2.6740223803665197e-09,5.180181985520005e-121,False,False,1.4674616113615333e-12,1.1949885453988888e-22,False,False
L128_gL4,128,2.0,gL,4,L128_gL4,L128_gL4_tau0p6,0.5,1.0,open,0.03125,0.6,76.8,0.05,1536,"['charge_density_wave', 'left', 'right', 'block_cell8', 'block_cell24']","[['charge_density_wave', 'left'], ['charge_density_wave', 'right'], ['charge_density_wave', 'block_cell8'], ['charge_density_wave', 'block_cell24'], ['left', 'right'], ['block_cell8', 'block_cell24']]",new_size,block_cell8,block_cell24,4.719902718294257e-240,0.0,0.0,0.0,5.749809205090278e-31,0.0,0.0,2.6002344329315763e-27,1.352796171319386e-162,False,False,5.72274647679158e-31,2.7707448030333525e-42,False,False
L128_gL4,128,2.0,gL,4,L128_gL4,L128_gL4_tau0p65,0.5,1.0,open,0.03125,0.65,83.20,0.05,1664,"['charge_density_wave', 'left', 'right', 'block_cell8', 'block_cell24']","[['charge_density_wave', 'left'], ['charge_density_wave', 'right'], ['charge_density_wave', 'block_cell8'], ['charge_density_wave', 'block_cell24'], ['left', 'right'], ['block_cell8', 'block_cell24']]",new_size,charge_density_wave,left,4.719902718294257e-240,0.0,0.0,0.0,3.8005119505946427e-22,0.0,0.0,1.223989504303434e-18,5.706203682867551e-136,False,False,3.80051195011636e-22,3.012303176122983e-36,False,False
L128_gL4,128,2.0,gL,4,L128_gL4,L128_gL4_tau0p65,0.5,1.0,open,0.03125,0.65,83.20,0.05,1664,"['charge_density_wave', 'left', 'right', 'block_cell8', 'block_cell24']","[['charge_density_wave', 'left'], ['charge_density_wave', 'right'], ['charge_density_wave', 'block_cell8'], ['charge_density_wave', 'block_cell24'], ['left', 'right'], ['block_cell8', 'block_cell24']]",new_size,charge_density_wave,right,4.719902718294257e-240,0.0,0.0,0.0,5.410862388792972e-20,0.0,0.0,1.5709090428502027e-16,3.109177426504107e-128,False,False,5.4108623884202645e-20,9.002691859596596e-36,False,False
L128_gL4,128,2.0,gL,4,L128_gL4,L128_gL4_tau0p65,0.5,1.0,open,0.03125,0.65,83.20,0.05,1664,"['charge_density_wave', 'left', 'right', 'block_cell8', 'block_cell24']","[['charge_density_wave', 'left'], ['charge_density_wave', 'right'], ['charge_density_wave', 'block_cell8'], ['charge_density_wave', 'block_cell24'], ['left', 'right'], ['block_cell8', 'block_cell24']]",new_size,charge_density_wave,block_cell8,4.719902718294257e-240,0.0,0.0,0.0,1.0975673732805153e-40,0.0,0.0,6.53344504674322e-37,2.346951482596327e-175,False,False,1.0975673727859362e-40,1.3715629665261972e-49,False,False
L128_gL4,128,2.0,gL,4,L128_gL4,L128_gL4_tau0p65,0.5,1.0,open,0.03125,0.65,83.20,0.05,1664,"['charge_density_wave', 'left', 'right', 'block_cell8', 'block_cell24']","[['charge_density_wave', 'left'], ['charge_density_wave', 'right'], ['charge_density_wave', 'block_cell8'], ['charge_density_wave', 'block_cell24'], ['left', 'right'], ['block_cell8', 'block_cell24']]",new_size,charge_density_wave,block_cell24,4.719902718294257e-240,0.0,0.0,0.0,2.277856599464796e-38,0.0,0.0,1.278150874987087e-34,6.701792258265284e-170,False,False,2.2778565988301633e-38,8.248549542096121e-49,False,False
L128_gL4,128,2.0,gL,4,L128_gL4,L128_gL4_tau0p65,0.5,1.0,open,0.03125,0.65,83.20,0.05,1664,"['charge_density_wave', 'left', 'right', 'block_cell8', 'block_cell24']","[['charge_density_wave', 'left'], ['charge_density_wave', 'right'], ['charge_density_wave', 'block_cell8'], ['charge_density_wave', 'block_cell24'], ['left', 'right'], ['block_cell8', 'block_cell24']]",new_size,left,right,4.719902718294257e-240,0.0,0.0,0.0,5.448867508298919e-20,0.0,0.0,1.5831489378932371e-16,3.10917736944207e-128,False,False,5.4108623884202645e-20,5.990388683473613e-36,False,False
L128_gL4,128,2.0,gL,4,L128_gL4,L128_gL4_tau0p65,0.5,1.0,open,0.03125,0.65,83.20,0.05,1664,"['charge_density_wave', 'left', 'right', 'block_cell8', 'block_cell24']","[['charge_density_wave', 'left'], ['charge_density_wave', 'right'], ['charge_density_wave', 'block_cell8'], ['charge_density_wave', 'block_cell24'], ['left', 'right'], ['block_cell8', 'block_cell24']]",new_size,block_cell8,block_cell24,4.719902718294257e-240,0.0,0.0,0.0,2.288832273197601e-38,0.0,0.0,1.28468432003383e-34,6.70181572778011e-170,False,False,2.2778565988301837e-38,6.876986575569923e-49,False,False
L128_g0p25,128,2.0,g,0.25,L128_g0p25,L128_g0p25_tau0p45,0.5,1.0,open,0.25,0.45,57.60,0.05,1152,"['charge_density_wave', 'left', 'right', 'block_cell8', 'block_cell24']","[['charge_density_wave', 'left'], ['charge_density_wave', 'right'], ['charge_density_wave', 'block_cell8'], ['charge_density_wave', 'block_cell24'], ['left', 'right'], ['block_cell8', 'block_cell24']]",new_size,charge_density_wave,left,0.9999997244851757,0.9999996941882783,0.9999996941882783,0.9999996941882783,0.9999997547820731,0.0890221523926597,0.08898664497078698,0.08905765981453242,2.0327755676794556e-119,True,False,0.9999997244851757,0.08902215995887658,True,False
L128_g0p25,128,2.0,g,0.25,L128_g0p25,L128_g0p25_tau0p45,0.5,1.0,open,0.25,0.45,57.60,0.05,1152,"['charge_density_wave', 'left', 'right', 'block_cell8', 'block_cell24']","[['charge_density_wave', 'left'], ['charge_density_wave', 'right'], ['charge_density_wave', 'block_cell8'], ['charge_density_wave', 'block_cell24'], ['left', 'right'], ['block_cell8', 'block_cell24']]",new_size,charge_density_wave,right,1.0,0.9999999999954055,0.9999999999954055,0.9999999999954055,1.0,0.24250093790743416,0.24250092993683384,0.24250094587803445,5.761771931111549e-119,True,True,1.0,0.24250093790764346,True,True
L128_g0p25,128,2.0,g,0.25,L128_g0p25,L128_g0p25_tau0p45,0.5,1.0,open,0.25,0.45,57.60,0.05,1152,"['charge_density_wave', 'left', 'right', 'block_cell8', 'block_cell24']","[['charge_density_wave', 'left'], ['charge_density_wave', 'right'], ['charge_density_wave', 'block_cell8'], ['charge_density_wave', 'block_cell24'], ['left', 'right'], ['block_cell8', 'block_cell24']]",new_size,charge_density_wave,block_cell8,4.417876037464685e-240,0.0,0.0,0.0,5.186467837120156e-15,0.0,0.0,1.1250145302192521e-11,3.1870673048256972e-149,False,False,5.18646780018718e-15,4.14693563956207e-24,False,False
L128_g0p25,128,2.0,g,0.25,L128_g0p25,L128_g0p25_tau0p45,0.5,1.0,open,0.25,0.45,57.60,0.05,1152,"['charge_density_wave', 'left', 'right', 'block_cell8', 'block_cell24']","[['charge_density_wave', 'left'], ['charge_density_wave', 'right'], ['charge_density_wave', 'block_cell8'], ['charge_density_wave', 'block_cell24'], ['left', 'right'], ['block_cell8', 'block_cell24']]",new_size,charge_density_wave,block_cell24,0.00036087577165544227,0.00035551241095892015,0.00035551241095892015,0.00035551241095892015,0.00036623913235196443,2.1949126545720343e-06,0.0,0.004511165248522827,3.29977122431667e-139,False,False,0.0003662148602046852,2.2564004325573773e-06,False,False
L128_g0p25,128,2.0,g,0.25,L128_g0p25,L128_g0p25_tau0p45,0.5,1.0,open,0.25,0.45,57.60,0.05,1152,"['charge_density_wave', 'left', 'right', 'block_cell8', 'block_cell24']","[['charge_density_wave', 'left'], ['charge_density_wave', 'right'], ['charge_density_wave', 'block_cell8'], ['charge_density_wave', 'block_cell24'], ['left', 'right'], ['block_cell8', 'block_cell24']]",new_size,left,right,1.0,2.452133322937962e-07,0.999999969698508,0.999999969698508,1.0,0.15347878551477445,0.1534432701223014,0.15351430090724746,7.794547457209006e-119,True,True,1.0,0.15347877794876688,True,True
L128_g0p25,128,2.0,g,0.25,L128_g0p25,L128_g0p25_tau0p45,0.5,1.0,open,0.25,0.45,57.60,0.05,1152,"['charge_density_wave', 'left', 'right', 'block_cell8', 'block_cell24']","[['charge_density_wave', 'left'], ['charge_density_wave', 'right'], ['charge_density_wave', 'block_cell8'], ['charge_density_wave', 'block_cell24'], ['left', 'right'], ['block_cell8', 'block_cell24']]",new_size,block_cell8,block_cell24,0.00036087577165544227,0.0003555124109537337,0.0003555124109537337,0.0003555124109537337,0.0003662391323571509,2.1949126545720343e-06,0.0,0.0045111652597729715,3.2997712243168214e-139,False,False,0.0003662148602046852,2.2564004325573773e-06,False,False
L128_g0p25,128,2.0,g,0.25,L128_g0p25,L128_g0p25_tau0p5,0.5,1.0,open,0.25,0.5,64.0,0.05,1280,"['charge_density_wave', 'left', 'right', 'block_cell8', 'block_cell24']","[['charge_density_wave', 'left'], ['charge_density_wave', 'right'], ['charge_density_wave', 'block_cell8'], ['charge_density_wave', 'block_cell24'], ['left', 'right'], ['block_cell8', 'block_cell24']]",new_size,charge_density_wave,left,5.899121802437626e-05,5.7037171697048475e-05,5.7037171697048475e-05,5.7037171697048475e-05,6.094526435170405e-05,7.125658776146823e-08,0.0,0.0017691062664304134,2.9864940296938373e-121,False,False,6.094052422786816e-05,7.580213421663012e-08,False,False
L128_g0p25,128,2.0,g,0.25,L128_g0p25,L128_g0p25_tau0p5,0.5,1.0,open,0.25,0.5,64.0,0.05,1280,"['charge_density_wave', 'left', 'right', 'block_cell8', 'block_cell24']","[['charge_density_wave', 'left'], ['charge_density_wave', 'right'], ['charge_density_wave', 'block_cell8'], ['charge_density_wave', 'block_cell24'], ['left', 'right'], ['block_cell8', 'block_cell24']]",new_size,charge_density_wave,right,1.0,0.9999999828909623,0.9999999828909623,0.9999999828909623,1.0,0.06812402674507753,0.06810334954613458,0.06814470394402047,2.831026905516992e-116,True,False,1.0,0.06812402707758458,True,False
L128_g0p25,128,2.0,g,0.25,L128_g0p25,L128_g0p25_tau0p5,0.5,1.0,open,0.25,0.5,64.0,0.05,1280,"['charge_density_wave', 'left', 'right', 'block_cell8', 'block_cell24']","[['charge_density_wave', 'left'], ['charge_density_wave', 'right'], ['charge_density_wave', 'block_cell8'], ['charge_density_wave', 'block_cell24'], ['left', 'right'], ['block_cell8', 'block_cell24']]",new_size,charge_density_wave,block_cell8,4.417876037464685e-240,0.0,0.0,0.0,2.4456428912066656e-22,0.0,0.0,7.945414644859347e-19,2.2734245742161072e-156,False,False,2.445642878747951e-22,3.098601970767449e-30,False,False
L128_g0p25,128,2.0,g,0.25,L128_g0p25,L128_g0p25_tau0p5,0.5,1.0,open,0.25,0.5,64.0,0.05,1280,"['charge_density_wave', 'left', 'right', 'block_cell8', 'block_cell24']","[['charge_density_wave', 'left'], ['charge_density_wave', 'right'], ['charge_density_wave', 'block_cell8'], ['charge_density_wave', 'block_cell24'], ['left', 'right'], ['block_cell8', 'block_cell24']]",new_size,charge_density_wave,block_cell24,4.417876037464685e-240,0.0,0.0,0.0,1.4322113874759402e-11,0.0,0.0,2.3803780721859595e-08,2.062010424617875e-143,False,False,1.432211387231473e-11,1.0448641241373742e-20,False,False
L128_g0p25,128,2.0,g,0.25,L128_g0p25,L128_g0p25_tau0p5,0.5,1.0,open,0.25,0.5,64.0,0.05,1280,"['charge_density_wave', 'left', 'right', 'block_cell8', 'block_cell24']","[['charge_density_wave', 'left'], ['charge_density_wave', 'right'], ['charge_density_wave', 'block_cell8'], ['charge_density_wave', 'block_cell24'], ['left', 'right'], ['block_cell8', 'block_cell24']]",new_size,left,right,1.0,0.9999390376266106,0.999998028844635,0.999998028844635,1.0,0.06812395548848976,0.06633424327970416,0.06991366769727536,2.831027261938211e-116,True,False,1.0,0.06812395127545037,True,False
L128_g0p25,128,2.0,g,0.25,L128_g0p25,L128_g0p25_tau0p5,0.5,1.0,open,0.25,0.5,64.0,0.05,1280,"['charge_density_wave', 'left', 'right', 'block_cell8', 'block_cell24']","[['charge_density_wave', 'left'], ['charge_density_wave', 'right'], ['charge_density_wave', 'block_cell8'], ['charge_density_wave', 'block_cell24'], ['left', 'right'], ['block_cell8', 'block_cell24']]",new_size,block_cell8,block_cell24,4.417876037464685e-240,0.0,0.0,0.0,1.4322113875003966e-11,0.0,0.0,2.3803780722654135e-08,2.0620104246181025e-143,False,False,1.432211387231473e-11,1.0448641244472345e-20,False,False
L128_g0p25,128,2.0,g,0.25,L128_g0p25,L128_g0p25_tau0p525,0.5,1.0,open,0.25,0.525,67.200,0.05,1344,"['charge_density_wave', 'left', 'right', 'block_cell8', 'block_cell24']","[['charge_density_wave', 'left'], ['charge_density_wave', 'right'], ['charge_density_wave', 'block_cell8'], ['charge_density_wave', 'block_cell24'], ['left', 'right'], ['block_cell8', 'block_cell24']]",new_size,charge_density_wave,left,4.417876037464685e-240,0.0,0.0,0.0,1.307389623093727e-08,0.0,0.0,1.602558308272319e-05,7.442588889110762e-122,False,False,1.3073895936639505e-08,6.376471901854767e-15,False,False
L128_g0p25,128,2.0,g,0.25,L128_g0p25,L128_g0p25_tau0p525,0.5,1.0,open,0.25,0.525,67.200,0.05,1344,"['charge_density_wave', 'left', 'right', 'block_cell8', 'block_cell24']","[['charge_density_wave', 'left'], ['charge_density_wave', 'right'], ['charge_density_wave', 'block_cell8'], ['charge_density_wave', 'block_cell24'], ['left', 'right'], ['block_cell8', 'block_cell24']]",new_size,charge_density_wave,right,0.9999999998005655,0.9999996015507142,0.9999996015507142,0.9999996015507142,1.0,0.40777392187562184,0.407372838115015,0.40817500563622866,3.3914610274199755e-114,True,True,0.9999999998005655,0.40777395410396894,True,True
L128_g0p25,128,2.0,g,0.25,L128_g0p25,L128_g0p25_tau0p525,0.5,1.0,open,0.25,0.525,67.200,0.05,1344,"['charge_density_wave', 'left', 'right', 'block_cell8', 'block_cell24']","[['charge_density_wave', 'left'], ['charge_density_wave', 'right'], ['charge_density_wave', 'block_cell8'], ['charge_density_wave', 'block_cell24'], ['left', 'right'], ['block_cell8', 'block_cell24']]",new_size,charge_density_wave,block_cell8,4.417876037464685e-240,0.0,0.0,0.0,5.336549630346204e-26,0.0,0.0,2.0216603158031961e-22,5.800950894084941e-160,False,False,5.336549606963491e-26,2.2112612182393383e-33,False,False
L128_g0p25,128,2.0,g,0.25,L128_g0p25,L128_g0p25_tau0p525,0.5,1.0,open,0.25,0.525,67.200,0.05,1344,"['charge_density_wave', 'left', 'right', 'block_cell8', 'block_cell24']","[['charge_density_wave', 'left'], ['charge_density_wave', 'right'], ['charge_density_wave', 'block_cell8'], ['charge_density_wave', 'block_cell24'], ['left', 'right'], ['block_cell8', 'block_cell24']]",new_size,charge_density_wave,block_cell24,4.417876037464685e-240,0.0,0.0,0.0,2.8545907309748853e-15,0.0,0.0,6.30108161070895e-12,5.51206366016617e-147,False,False,2.854590730640105e-15,5.539131715262887e-28,False,False
L128_g0p25,128,2.0,g,0.25,L128_g0p25,L128_g0p25_tau0p525,0.5,1.0,open,0.25,0.525,67.200,0.05,1344,"['charge_density_wave', 'left', 'right', 'block_cell8', 'block_cell24']","[['charge_density_wave', 'left'], ['charge_density_wave', 'right'], ['charge_density_wave', 'block_cell8'], ['charge_density_wave', 'block_cell24'], ['left', 'right'], ['block_cell8', 'block_cell24']]",new_size,left,right,0.9999999998005655,0.999999588476818,0.999999588476818,0.999999588476818,1.0,0.40777392187562184,0.4073568125319323,0.4081910312193114,3.391461101845864e-114,True,True,0.9999999998005655,0.40777395410396255,True,True
L128_g0p25,128,2.0,g,0.25,L128_g0p25,L128_g0p25_tau0p525,0.5,1.0,open,0.25,0.525,67.200,0.05,1344,"['charge_density_wave', 'left', 'right', 'block_cell8', 'block_cell24']","[['charge_density_wave', 'left'], ['charge_density_wave', 'right'], ['charge_density_wave', 'block_cell8'], ['charge_density_wave', 'block_cell24'], ['left', 'right'], ['block_cell8', 'block_cell24']]",new_size,block_cell8,block_cell24,4.417876037464685e-240,0.0,0.0,0.0,2.854590731028251e-15,0.0,0.0,6.301081610911116e-12,5.51206366016675e-147,False,False,2.854590730640105e-15,5.539153827875069e-28,False,False
L128_g0p25,128,2.0,g,0.25,L128_g0p25,L128_g0p25_tau0p55,0.5,1.0,open,0.25,0.55,70.40,0.05,1408,"['charge_density_wave', 'left', 'right', 'block_cell8', 'block_cell24']","[['charge_density_wave', 'left'], ['charge_density_wave', 'right'], ['charge_density_wave', 'block_cell8'], ['charge_density_wave', 'block_cell24'], ['left', 'right'], ['block_cell8', 'block_cell24']]",new_size,charge_density_wave,left,4.417876037464685e-240,0.0,0.0,0.0,2.8178198500098443e-12,0.0,0.0,4.9765056742332016e-09,2.3499275448263988e-125,False,False,2.8178198440950065e-12,4.281859090274271e-22,False,False
L128_g0p25,128,2.0,g,0.25,L128_g0p25,L128_g0p25_tau0p55,0.5,1.0,open,0.25,0.55,70.40,0.05,1408,"['charge_density_wave', 'left', 'right', 'block_cell8', 'block_cell24']","[['charge_density_wave', 'left'], ['charge_density_wave', 'right'], ['charge_density_wave', 'block_cell8'], ['charge_density_wave', 'block_cell24'], ['left', 'right'], ['block_cell8', 'block_cell24']]",new_size,charge_density_wave,right,0.9938848939222494,0.9938841630738677,0.9938841630738677,0.9938841630738677,0.9938856247706312,0.06585088627755092,0.06514323516627939,0.06655853738882246,2.168776792975921e-113,True,False,0.9938848991553624,0.06585084059586022,True,False
L128_g0p25,128,2.0,g,0.25,L128_g0p25,L128_g0p25_tau0p55,0.5,1.0,open,0.25,0.55,70.40,0.05,1408,"['charge_density_wave', 'left', 'right', 'block_cell8', 'block_cell24']","[['charge_density_wave', 'left'], ['charge_density_wave', 'right'], ['charge_density_wave', 'block_cell8'], ['charge_density_wave', 'block_cell24'], ['left', 'right'], ['block_cell8', 'block_cell24']]",new_size,charge_density_wave,block_cell8,4.417876037464685e-240,0.0,0.0,0.0,1.1675991292765283e-29,0.0,0.0,5.0529967510316174e-26,1.4529702168989795e-163,False,False,1.1675991248346556e-29,1.419453074260567e-36,False,False
L128_g0p25,128,2.0,g,0.25,L128_g0p25,L128_g0p25_tau0p55,0.5,1.0,open,0.25,0.55,70.40,0.05,1408,"['charge_density_wave', 'left', 'right', 'block_cell8', 'block_cell24']","[['charge_density_wave', 'left'], ['charge_density_wave', 'right'], ['charge_density_wave', 'block_cell8'], ['charge_density_wave', 'block_cell24'], ['left', 'right'], ['block_cell8', 'block_cell24']]",new_size,charge_density_wave,block_cell24,4.417876037464685e-240,0.0,0.0,0.0,5.713266839074281e-19,0.0,0.0,1.5725223357079908e-15,1.3836793909662932e-150,False,False,5.713266838541364e-19,8.244309620567635e-36,False,False
L128_g0p25,128,2.0,g,0.25,L128_g0p25,L128_g0p25_tau0p55,0.5,1.0,open,0.25,0.55,70.40,0.05,1408,"['charge_density_wave', 'left', 'right', 'block_cell8', 'block_cell24']","[['charge_density_wave', 'left'], ['charge_density_wave', 'right'], ['charge_density_wave', 'block_cell8'], ['charge_density_wave', 'block_cell24'], ['left', 'right'], ['block_cell8', 'block_cell24']]",new_size,left,right,0.9938848939222494,0.9938841630710499,0.9938841630710499,0.9938841630710499,0.9938856247734491,0.06585088627755092,0.06514323018977372,0.06655854236532813,2.168776792978271e-113,True,False,0.9938848991553624,0.06585084059586022,True,False
L128_g0p25,128,2.0,g,0.25,L128_g0p25,L128_g0p25_tau0p55,0.5,1.0,open,0.25,0.55,70.40,0.05,1408,"['charge_density_wave', 'left', 'right', 'block_cell8', 'block_cell24']","[['charge_density_wave', 'left'], ['charge_density_wave', 'right'], ['charge_density_wave', 'block_cell8'], ['charge_density_wave', 'block_cell24'], ['left', 'right'], ['block_cell8', 'block_cell24']]",new_size,block_cell8,block_cell24,4.417876037464685e-240,0.0,0.0,0.0,5.713266839191041e-19,0.0,0.0,1.5725223357585209e-15,1.3836793909664386e-150,False,False,5.713266838541364e-19,9.663762694828201e-36,False,False
L128_g0p25,128,2.0,g,0.25,L128_g0p25,L128_g0p25_tau0p575,0.5,1.0,open,0.25,0.575,73.600,0.05,1472,"['charge_density_wave', 'left', 'right', 'block_cell8', 'block_cell24']","[['charge_density_wave', 'left'], ['charge_density_wave', 'right'], ['charge_density_wave', 'block_cell8'], ['charge_density_wave', 'block_cell24'], ['left', 'right'], ['block_cell8', 'block_cell24']]",new_size,charge_density_wave,left,4.417876037464685e-240,0.0,0.0,0.0,6.097520531685418e-16,0.0,0.0,1.406175229915382e-12,6.697971242023671e-129,False,False,6.097520520992376e-16,2.56255501741396e-27,False,False
L128_g0p25,128,2.0,g,0.25,L128_g0p25,L128_g0p25_tau0p575,0.5,1.0,open,0.25,0.575,73.600,0.05,1472,"['charge_density_wave', 'left', 'right', 'block_cell8', 'block_cell24']","[['charge_density_wave', 'left'], ['charge_density_wave', 'right'], ['charge_density_wave', 'block_cell8'], ['charge_density_wave', 'block_cell24'], ['left', 'right'], ['block_cell8', 'block_cell24']]",new_size,charge_density_wave,right,0.0016308706455431428,0.001629121634461789,0.001629121634461789,0.001629121634461789,0.0016326196566244968,3.6803557347408216e-05,0.0,0.0016326246797186699,3.3284105243632087e-115,False,False,0.001632616946120644,3.687671129337407e-05,False,False
L128_g0p25,128,2.0,g,0.25,L128_g0p25,L128_g0p25_tau0p575,0.5,1.0,open,0.25,0.575,73.600,0.05,1472,"['charge_density_wave', 'left', 'right', 'block_cell8', 'block_cell24']","[['charge_density_wave', 'left'], ['charge_density_wave', 'right'], ['charge_density_wave', 'block_cell8'], ['charge_density_wave', 'block_cell24'], ['left', 'right'], ['block_cell8', 'block_cell24']]",new_size,charge_density_wave,block_cell8,4.417876037464685e-240,0.0,0.0,0.0,2.5606651894484583e-33,0.0,0.0,1.2462456917135385e-29,3.5894011491703166e-167,False,False,2.5606651809196707e-33,8.302442490026925e-40,False,False
L128_g0p25,128,2.0,g,0.25,L128_g0p25,L128_g0p25_tau0p575,0.5,1.0,open,0.25,0.575,73.600,0.05,1472,"['charge_density_wave', 'left', 'right', 'block_cell8', 'block_cell24']","[['charge_density_wave', 'left'], ['charge_density_wave', 'right'], ['charge_density_wave', 'block_cell8'], ['charge_density_wave', 'block_cell24'], ['left', 'right'], ['block_cell8', 'block_cell24']]",new_size,charge_density_wave,block_cell24,4.417876037464685e-240,0.0,0.0,0.0,1.1474798172821155e-22,0.0,0.0,3.7835111364937166e-19,3.3420897106094e-154,False,False,1.1474798171963375e-22,1.0940801846391123e-38,False,False
L128_g0p25,128,2.0,g,0.25,L128_g0p25,L128_g0p25_tau0p575,0.5,1.0,open,0.25,0.575,73.600,0.05,1472,"['charge_density_wave', 'left', 'right', 'block_cell8', 'block_cell24']","[['charge_density_wave', 'left'], ['charge_density_wave', 'right'], ['charge_density_wave', 'block_cell8'], ['charge_density_wave', 'block_cell24'], ['left', 'right'], ['block_cell8', 'block_cell24']]",new_size,left,right,0.0016308706455431428,0.0016291216344611792,0.0016291216344611792,0.0016291216344611792,0.0016326196566251066,3.6803557347408216e-05,0.0,0.0016326246811248452,3.3284105243632087e-115,False,False,0.001632616946120644,3.687671129337407e-05,False,False
L128_g0p25,128,2.0,g,0.25,L128_g0p25,L128_g0p25_tau0p575,0.5,1.0,open,0.25,0.575,73.600,0.05,1472,"['charge_density_wave', 'left', 'right', 'block_cell8', 'block_cell24']","[['charge_density_wave', 'left'], ['charge_density_wave', 'right'], ['charge_density_wave', 'block_cell8'], ['charge_density_wave', 'block_cell24'], ['left', 'right'], ['block_cell8', 'block_cell24']]",new_size,block_cell8,block_cell24,4.417876037464685e-240,0.0,0.0,0.0,1.147479817307722e-22,0.0,0.0,3.7835111366183416e-19,3.342089710609759e-154,False,False,1.1474798171963375e-22,1.011055759738843e-38,False,False
L128_g0p25,128,2.0,g,0.25,L128_g0p25,L128_g0p25_tau0p6,0.5,1.0,open,0.25,0.6,76.8,0.05,1536,"['charge_density_wave', 'left', 'right', 'block_cell8', 'block_cell24']","[['charge_density_wave', 'left'], ['charge_density_wave', 'right'], ['charge_density_wave', 'block_cell8'], ['charge_density_wave', 'block_cell24'], ['left', 'right'], ['block_cell8', 'block_cell24']]",new_size,charge_density_wave,left,4.417876037464685e-240,0.0,0.0,0.0,1.3240349542710388e-19,0.0,0.0,3.7681766101411546e-16,1.8044746766493206e-132,False,False,1.3240349523045784e-19,2.7721833877229232e-30,False,False
L128_g0p25,128,2.0,g,0.25,L128_g0p25,L128_g0p25_tau0p6,0.5,1.0,open,0.25,0.6,76.8,0.05,1536,"['charge_density_wave', 'left', 'right', 'block_cell8', 'block_cell24']","[['charge_density_wave', 'left'], ['charge_density_wave', 'right'], ['charge_density_wave', 'block_cell8'], ['charge_density_wave', 'block_cell24'], ['left', 'right'], ['block_cell8', 'block_cell24']]",new_size,charge_density_wave,right,4.417876037464685e-240,0.0,0.0,0.0,2.985016527995289e-07,0.0,0.0,0.00030613355617929657,5.850680133606764e-116,False,False,2.985015191576517e-07,2.7665622830766484e-12,False,False
L128_g0p25,128,2.0,g,0.25,L128_g0p25,L128_g0p25_tau0p6,0.5,1.0,open,0.25,0.6,76.8,0.05,1536,"['charge_density_wave', 'left', 'right', 'block_cell8', 'block_cell24']","[['charge_density_wave', 'left'], ['charge_density_wave', 'right'], ['charge_density_wave', 'block_cell8'], ['charge_density_wave', 'block_cell24'], ['left', 'right'], ['block_cell8', 'block_cell24']]",new_size,charge_density_wave,block_cell8,4.417876037464685e-240,0.0,0.0,0.0,5.627570952214141e-37,0.0,0.0,3.0422367833433737e-33,8.77360800979333e-171,False,False,5.6275709356810425e-37,4.473035465341825e-43,False,False
L128_g0p25,128,2.0,g,0.25,L128_g0p25,L128_g0p25_tau0p6,0.5,1.0,open,0.25,0.6,76.8,0.05,1536,"['charge_density_wave', 'left', 'right', 'block_cell8', 'block_cell24']","[['charge_density_wave', 'left'], ['charge_density_wave', 'right'], ['charge_density_wave', 'block_cell8'], ['charge_density_wave', 'block_cell24'], ['left', 'right'], ['block_cell8', 'block_cell24']]",new_size,charge_density_wave,block_cell24,4.417876037464685e-240,0.0,0.0,0.0,2.3114413205796558e-26,0.0,0.0,8.880275171661143e-23,7.86585670856284e-158,False,False,2.3114413204402725e-26,5.706166918575325e-42,False,False
L128_g0p25,128,2.0,g,0.25,L128_g0p25,L128_g0p25_tau0p6,0.5,1.0,open,0.25,0.6,76.8,0.05,1536,"['charge_density_wave', 'left', 'right', 'block_cell8', 'block_cell24']","[['charge_density_wave', 'left'], ['charge_density_wave', 'right'], ['charge_density_wave', 'block_cell8'], ['charge_density_wave', 'block_cell24'], ['left', 'right'], ['block_cell8', 'block_cell24']]",new_size,left,right,4.417876037464685e-240,0.0,0.0,0.0,2.985016527996613e-07,0.0,0.0,0.0003061335561796734,5.850680133606764e-116,False,False,2.985015191576517e-07,2.7665622830766484e-12,False,False
L128_g0p25,128,2.0,g,0.25,L128_g0p25,L128_g0p25_tau0p6,0.5,1.0,open,0.25,0.6,76.8,0.05,1536,"['charge_density_wave', 'left', 'right', 'block_cell8', 'block_cell24']","[['charge_density_wave', 'left'], ['charge_density_wave', 'right'], ['charge_density_wave', 'block_cell8'], ['charge_density_wave', 'block_cell24'], ['left', 'right'], ['block_cell8', 'block_cell24']]",new_size,block_cell8,block_cell24,4.417876037464685e-240,0.0,0.0,0.0,2.3114413206359314e-26,0.0,0.0,8.880275171965365e-23,7.865856708563719e-158,False,False,2.3114413204402725e-26,5.2588633720411426e-42,False,False
L128_g0p25,128,2.0,g,0.25,L128_g0p25,L128_g0p25_tau0p65,0.5,1.0,open,0.25,0.65,83.20,0.05,1664,"['charge_density_wave', 'left', 'right', 'block_cell8', 'block_cell24']","[['charge_density_wave', 'left'], ['charge_density_wave', 'right'], ['charge_density_wave', 'block_cell8'], ['charge_density_wave', 'block_cell24'], ['left', 'right'], ['block_cell8', 'block_cell24']]",new_size,charge_density_wave,left,4.417876037464685e-240,0.0,0.0,0.0,6.297933637726759e-27,0.0,0.0,2.4719974349259632e-23,1.191123632716971e-139,False,False,6.297933630815689e-27,2.1900130330630357e-36,False,False
L128_g0p25,128,2.0,g,0.25,L128_g0p25,L128_g0p25_tau0p65,0.5,1.0,open,0.25,0.65,83.20,0.05,1664,"['charge_density_wave', 'left', 'right', 'block_cell8', 'block_cell24']","[['charge_density_wave', 'left'], ['charge_density_wave', 'right'], ['charge_density_wave', 'block_cell8'], ['charge_density_wave', 'block_cell24'], ['left', 'right'], ['block_cell8', 'block_cell24']]",new_size,charge_density_wave,right,4.417876037464685e-240,0.0,0.0,0.0,1.0186744602106705e-14,0.0,0.0,2.1656327348083824e-11,4.280193489959604e-123,False,False,1.0186744602036436e-14,6.790213828795113e-27,False,False
L128_g0p25,128,2.0,g,0.25,L128_g0p25,L128_g0p25_tau0p65,0.5,1.0,open,0.25,0.65,83.20,0.05,1664,"['charge_density_wave', 'left', 'right', 'block_cell8', 'block_cell24']","[['charge_density_wave', 'left'], ['charge_density_wave', 'right'], ['charge_density_wave', 'block_cell8'], ['charge_density_wave', 'block_cell24'], ['left', 'right'], ['block_cell8', 'block_cell24']]",new_size,charge_density_wave,block_cell8,4.417876037464685e-240,0.0,0.0,0.0,2.732790987161851e-44,0.0,0.0,1.7718703290709506e-40,5.119935459552854e-178,False,False,2.7327909807927834e-44,1.051300096623081e-49,False,False
L128_g0p25,128,2.0,g,0.25,L128_g0p25,L128_g0p25_tau0p65,0.5,1.0,open,0.25,0.65,83.20,0.05,1664,"['charge_density_wave', 'left', 'right', 'block_cell8', 'block_cell24']","[['charge_density_wave', 'left'], ['charge_density_wave', 'right'], ['charge_density_wave', 'block_cell8'], ['charge_density_wave', 'block_cell24'], ['left', 'right'], ['block_cell8', 'block_cell24']]",new_size,charge_density_wave,block_cell24,4.417876037464685e-240,0.0,0.0,0.0,9.44482401120629e-34,0.0,0.0,4.6569738095580016e-30,4.140033860927227e-165,False,False,9.444824010829411e-34,1.2811867783288906e-48,False,False
L128_g0p25,128,2.0,g,0.25,L128_g0p25,L128_g0p25_tau0p65,0.5,1.0,open,0.25,0.65,83.20,0.05,1664,"['charge_density_wave', 'left', 'right', 'block_cell8', 'block_cell24']","[['charge_density_wave', 'left'], ['charge_density_wave', 'right'], ['charge_density_wave', 'block_cell8'], ['charge_density_wave', 'block_cell24'], ['left', 'right'], ['block_cell8', 'block_cell24']]",new_size,left,right,4.417876037464685e-240,0.0,0.0,0.0,1.0186744602113003e-14,0.0,0.0,2.1656327348108542e-11,4.280193489959604e-123,False,False,1.0186744602036436e-14,6.790213830985125e-27,False,False
L128_g0p25,128,2.0,g,0.25,L128_g0p25,L128_g0p25_tau0p65,0.5,1.0,open,0.25,0.65,83.20,0.05,1664,"['charge_density_wave', 'left', 'right', 'block_cell8', 'block_cell24']","[['charge_density_wave', 'left'], ['charge_density_wave', 'right'], ['charge_density_wave', 'block_cell8'], ['charge_density_wave', 'block_cell24'], ['left', 'right'], ['block_cell8', 'block_cell24']]",new_size,block_cell8,block_cell24,4.417876037464685e-240,0.0,0.0,0.0,9.444824011479571e-34,0.0,0.0,4.656973809735189e-30,4.1400338609277393e-165,False,False,9.444824010829411e-34,1.1760567686665826e-48,False,False
L144_gL0,144,2.0,gL,0,L144_gL0,L144_gL0_tau0p45,0.5,1.0,open,0.0,0.45,64.80,0.05,1296,"['charge_density_wave', 'left', 'right', 'block_cell9', 'block_cell27']","[['charge_density_wave', 'left'], ['charge_density_wave', 'right'], ['charge_density_wave', 'block_cell9'], ['charge_density_wave', 'block_cell27'], ['left', 'right'], ['block_cell9', 'block_cell27']]",new_size,charge_density_wave,left,1.0,0.9999984296894071,0.9999984296894071,0.9999984296894071,1.0,0.005630566872130785,0.004006512372933798,0.007254621371327772,7.581210535366091e-111,True,False,1.0,0.005630573650327424,True,False
L144_gL0,144,2.0,gL,0,L144_gL0,L144_gL0_tau0p45,0.5,1.0,open,0.0,0.45,64.80,0.05,1296,"['charge_density_wave', 'left', 'right', 'block_cell9', 'block_cell27']","[['charge_density_wave', 'left'], ['charge_density_wave', 'right'], ['charge_density_wave', 'block_cell9'], ['charge_density_wave', 'block_cell27'], ['left', 'right'], ['block_cell9', 'block_cell27']]",new_size,charge_density_wave,right,1.0,0.9999999999999701,0.9999999999999701,0.9999999999999701,1.0,0.09687409109268615,0.09687409102351756,0.09687409116185475,3.779623283769825e-107,True,False,1.0,0.0968740910926887,True,False
L144_gL0,144,2.0,gL,0,L144_gL0,L144_gL0_tau0p45,0.5,1.0,open,0.0,0.45,64.80,0.05,1296,"['charge_density_wave', 'left', 'right', 'block_cell9', 'block_cell27']","[['charge_density_wave', 'left'], ['charge_density_wave', 'right'], ['charge_density_wave', 'block_cell9'], ['charge_density_wave', 'block_cell27'], ['left', 'right'], ['block_cell9', 'block_cell27']]",new_size,charge_density_wave,block_cell9,5.029737076822421e-240,0.0,0.0,0.0,2.882435348171631e-11,0.0,0.0,5.2443767622369804e-08,3.059896769197318e-138,False,False,2.882435345232625e-11,4.1159608261526103e-20,False,False
L144_gL0,144,2.0,gL,0,L144_gL0,L144_gL0_tau0p45,0.5,1.0,open,0.0,0.45,64.80,0.05,1296,"['charge_density_wave', 'left', 'right', 'block_cell9', 'block_cell27']","[['charge_density_wave', 'left'], ['charge_density_wave', 'right'], ['charge_density_wave', 'block_cell9'], ['charge_density_wave', 'block_cell27'], ['left', 'right'], ['block_cell9', 'block_cell27']]",new_size,charge_density_wave,block_cell27,5.029737076822421e-240,0.0,0.0,0.0,3.927868742480574e-10,0.0,0.0,6.407761214686592e-07,1.2712007335538175e-134,False,False,3.9278687361642346e-10,6.837063578166061e-18,False,False
L144_gL0,144,2.0,gL,0,L144_gL0,L144_gL0_tau0p45,0.5,1.0,open,0.0,0.45,64.80,0.05,1296,"['charge_density_wave', 'left', 'right', 'block_cell9', 'block_cell27']","[['charge_density_wave', 'left'], ['charge_density_wave', 'right'], ['charge_density_wave', 'block_cell9'], ['charge_density_wave', 'block_cell27'], ['left', 'right'], ['block_cell9', 'block_cell27']]",new_size,left,right,1.0,0.0,0.9999984296893772,0.9999984296893772,1.0,0.09124352422055537,0.08961946965218978,0.09286757878892095,3.780381404823362e-107,True,False,1.0,0.09124351744236127,True,False
L144_gL0,144,2.0,gL,0,L144_gL0,L144_gL0_tau0p45,0.5,1.0,open,0.0,0.45,64.80,0.05,1296,"['charge_density_wave', 'left', 'right', 'block_cell9', 'block_cell27']","[['charge_density_wave', 'left'], ['charge_density_wave', 'right'], ['charge_density_wave', 'block_cell9'], ['charge_density_wave', 'block_cell27'], ['left', 'right'], ['block_cell9', 'block_cell27']]",new_size,block_cell9,block_cell27,5.029737076822421e-240,0.0,0.0,0.0,4.216112277297737e-10,0.0,0.0,6.93219889091029e-07,1.271506723230737e-134,False,False,3.9278687361642346e-10,6.7959039699045356e-18,False,False
L144_gL0,144,2.0,gL,0,L144_gL0,L144_gL0_tau0p5,0.5,1.0,open,0.0,0.5,72.0,0.05,1440,"['charge_density_wave', 'left', 'right', 'block_cell9', 'block_cell27']","[['charge_density_wave', 'left'], ['charge_density_wave', 'right'], ['charge_density_wave', 'block_cell9'], ['charge_density_wave', 'block_cell27'], ['left', 'right'], ['block_cell9', 'block_cell27']]",new_size,charge_density_wave,left,0.9999867530808932,0.9999770785483814,0.9999770785483814,0.9999770785483814,0.9999964276134051,0.0005238699204813198,0.0,0.00926299736409604,5.834559860051833e-108,True,False,0.9999867530885485,0.0005239376487106234,True,False
L144_gL0,144,2.0,gL,0,L144_gL0,L144_gL0_tau0p5,0.5,1.0,open,0.0,0.5,72.0,0.05,1440,"['charge_density_wave', 'left', 'right', 'block_cell9', 'block_cell27']","[['charge_density_wave', 'left'], ['charge_density_wave', 'right'], ['charge_density_wave', 'block_cell9'], ['charge_density_wave', 'block_cell27'], ['left', 'right'], ['block_cell9', 'block_cell27']]",new_size,charge_density_wave,right,0.9999994802263258,0.9999994511991515,0.9999994511991515,0.9999994511991515,0.9999995092535002,0.004343960637054201,0.004305599414711552,0.00438232185939685,1.5052664760345071e-105,True,False,0.9999994802263259,0.004343961757252243,True,False
L144_gL0,144,2.0,gL,0,L144_gL0,L144_gL0_tau0p5,0.5,1.0,open,0.0,0.5,72.0,0.05,1440,"['charge_density_wave', 'left', 'right', 'block_cell9', 'block_cell27']","[['charge_density_wave', 'left'], ['charge_density_wave', 'right'], ['charge_density_wave', 'block_cell9'], ['charge_density_wave', 'block_cell27'], ['left', 'right'], ['block_cell9', 'block_cell27']]",new_size,charge_density_wave,block_cell9,5.029737076822421e-240,0.0,0.0,0.0,1.3373957392926194e-19,0.0,0.0,4.2810094609065076e-16,2.542094372140519e-146,False,False,1.337395738422358e-19,2.2415438013557727e-33,False,False
L144_gL0,144,2.0,gL,0,L144_gL0,L144_gL0_tau0p5,0.5,1.0,open,0.0,0.5,72.0,0.05,1440,"['charge_density_wave', 'left', 'right', 'block_cell9', 'block_cell27']","[['charge_density_wave', 'left'], ['charge_density_wave', 'right'], ['charge_density_wave', 'block_cell9'], ['charge_density_wave', 'block_cell27'], ['left', 'right'], ['block_cell9', 'block_cell27']]",new_size,charge_density_wave,block_cell27,5.029737076822421e-240,0.0,0.0,0.0,1.8187444485108666e-18,0.0,0.0,5.480029324571216e-15,1.1101222288919192e-142,False,False,1.8187444472854674e-18,9.846107069282209e-33,False,False
L144_gL0,144,2.0,gL,0,L144_gL0,L144_gL0_tau0p5,0.5,1.0,open,0.0,0.5,72.0,0.05,1440,"['charge_density_wave', 'left', 'right', 'block_cell9', 'block_cell27']","[['charge_density_wave', 'left'], ['charge_density_wave', 'right'], ['charge_density_wave', 'block_cell9'], ['charge_density_wave', 'block_cell27'], ['left', 'right'], ['block_cell9', 'block_cell27']]",new_size,left,right,0.9999994802263258,3.0235857463276517e-06,0.9999897766666396,0.9999897766666396,1.0,0.0038200907165728813,0.0,0.012597579382530252,1.511518886226807e-105,True,False,0.9999994802263259,0.0038200241085416197,True,False
L144_gL0,144,2.0,gL,0,L144_gL0,L144_gL0_tau0p5,0.5,1.0,open,0.0,0.5,72.0,0.05,1440,"['charge_density_wave', 'left', 'right', 'block_cell9', 'block_cell27']","[['charge_density_wave', 'left'], ['charge_density_wave', 'right'], ['charge_density_wave', 'block_cell9'], ['charge_density_wave', 'block_cell27'], ['left', 'right'], ['block_cell9', 'block_cell27']]",new_size,block_cell9,block_cell27,5.029737076822421e-240,0.0,0.0,0.0,1.9524840224401287e-18,0.0,0.0,5.908130270661868e-15,1.1103764383291334e-142,False,False,1.818744447285468e-18,7.604563267926436e-33,False,False
L144_gL0,144,2.0,gL,0,L144_gL0,L144_gL0_tau0p525,0.5,1.0,open,0.0,0.525,75.600,0.05,1512,"['charge_density_wave', 'left', 'right', 'block_cell9', 'block_cell27']","[['charge_density_wave', 'left'], ['charge_density_wave', 'right'], ['charge_density_wave', 'block_cell9'], ['charge_density_wave', 'block_cell27'], ['left', 'right'], ['block_cell9', 'block_cell27']]",new_size,charge_density_wave,left,0.012734456794473298,0.012734452973668408,0.012734452973668408,0.012734452973668408,0.012734460615278187,0.001577361107195042,0.001571753839357501,0.0015829683750325828,1.3587524730334365e-106,False,False,0.01273446054526255,0.0015773619408469997,False,False
L144_gL0,144,2.0,gL,0,L144_gL0,L144_gL0_tau0p525,0.5,1.0,open,0.0,0.525,75.600,0.05,1512,"['charge_density_wave', 'left', 'right', 'block_cell9', 'block_cell27']","[['charge_density_wave', 'left'], ['charge_density_wave', 'right'], ['charge_density_wave', 'block_cell9'], ['charge_density_wave', 'block_cell27'], ['left', 'right'], ['block_cell9', 'block_cell27']]",new_size,charge_density_wave,right,0.0640332952098082,0.06403325602314296,0.06403325602314296,0.06403325602314296,0.06403333439647345,0.026629777573482352,0.026578836675602457,0.02668071847136225,3.5425853513052234e-103,False,False,0.06403333253937514,0.0266298038318012,False,False
L144_gL0,144,2.0,gL,0,L144_gL0,L144_gL0_tau0p525,0.5,1.0,open,0.0,0.525,75.600,0.05,1512,"['charge_density_wave', 'left', 'right', 'block_cell9', 'block_cell27']","[['charge_density_wave', 'left'], ['charge_density_wave', 'right'], ['charge_density_wave', 'block_cell9'], ['charge_density_wave', 'block_cell27'], ['left', 'right'], ['block_cell9', 'block_cell27']]",new_size,charge_density_wave,block_cell9,5.029737076822421e-240,0.0,0.0,0.0,9.170523536418998e-24,0.0,0.0,3.568539988108288e-20,2.1276285791001183e-150,False,False,9.170523531454764e-24,6.487334291113165e-37,False,False
L144_gL0,144,2.0,gL,0,L144_gL0,L144_gL0_tau0p525,0.5,1.0,open,0.0,0.525,75.600,0.05,1512,"['charge_density_wave', 'left', 'right', 'block_cell9', 'block_cell27']","[['charge_density_wave', 'left'], ['charge_density_wave', 'right'], ['charge_density_wave', 'block_cell9'], ['charge_density_wave', 'block_cell27'], ['left', 'right'], ['block_cell9', 'block_cell27']]",new_size,charge_density_wave,block_cell27,5.029737076822421e-240,0.0,0.0,0.0,1.2460809008252832e-22,0.0,0.0,4.614803977270061e-19,9.390971624645944e-147,False,False,1.2460809001284354e-22,3.0498620881530465e-36,False,False
L144_gL0,144,2.0,gL,0,L144_gL0,L144_gL0_tau0p525,0.5,1.0,open,0.0,0.525,75.600,0.05,1512,"['charge_density_wave', 'left', 'right', 'block_cell9', 'block_cell27']","[['charge_density_wave', 'left'], ['charge_density_wave', 'right'], ['charge_density_wave', 'block_cell9'], ['charge_density_wave', 'block_cell27'], ['left', 'right'], ['block_cell9', 'block_cell27']]",new_size,left,right,0.0640332952098082,0.051298795407864764,0.06403325220233806,0.06403325220233806,0.06403333821727833,0.025052416466287312,0.024995868300569875,0.02510896463200475,3.5425853513080127e-103,False,False,0.06403333253937514,0.0250524418909542,False,False
L144_gL0,144,2.0,gL,0,L144_gL0,L144_gL0_tau0p525,0.5,1.0,open,0.0,0.525,75.600,0.05,1512,"['charge_density_wave', 'left', 'right', 'block_cell9', 'block_cell27']","[['charge_density_wave', 'left'], ['charge_density_wave', 'right'], ['charge_density_wave', 'block_cell9'], ['charge_density_wave', 'block_cell27'], ['left', 'right'], ['block_cell9', 'block_cell27']]",new_size,block_cell9,block_cell27,5.029737076822421e-240,0.0,0.0,0.0,1.3377861361894732e-22,0.0,0.0,4.971657976080889e-19,9.393099253225044e-147,False,False,1.2460809001284356e-22,2.4011286590417302e-36,False,False
L144_gL0,144,2.0,gL,0,L144_gL0,L144_gL0_tau0p55,0.5,1.0,open,0.0,0.55,79.20,0.05,1584,"['charge_density_wave', 'left', 'right', 'block_cell9', 'block_cell27']","[['charge_density_wave', 'left'], ['charge_density_wave', 'right'], ['charge_density_wave', 'block_cell9'], ['charge_density_wave', 'block_cell27'], ['left', 'right'], ['block_cell9', 'block_cell27']]",new_size,charge_density_wave,left,5.029737076822421e-240,0.0,0.0,0.0,8.409013538073131e-07,0.0,0.0,0.0009074948179711033,9.037255993545985e-108,False,False,8.409002953507438e-07,2.0490436298138777e-11,False,False
L144_gL0,144,2.0,gL,0,L144_gL0,L144_gL0_tau0p55,0.5,1.0,open,0.0,0.55,79.20,0.05,1584,"['charge_density_wave', 'left', 'right', 'block_cell9', 'block_cell27']","[['charge_density_wave', 'left'], ['charge_density_wave', 'right'], ['charge_density_wave', 'block_cell9'], ['charge_density_wave', 'block_cell27'], ['left', 'right'], ['block_cell9', 'block_cell27']]",new_size,charge_density_wave,right,5.029737076822421e-240,0.0,0.0,0.0,4.2293435173642755e-06,0.0,0.0,0.004072389362834607,2.0928395356902466e-104,False,False,4.229316749311511e-06,4.605386136265089e-10,False,False
L144_gL0,144,2.0,gL,0,L144_gL0,L144_gL0_tau0p55,0.5,1.0,open,0.0,0.55,79.20,0.05,1584,"['charge_density_wave', 'left', 'right', 'block_cell9', 'block_cell27']","[['charge_density_wave', 'left'], ['charge_density_wave', 'right'], ['charge_density_wave', 'block_cell9'], ['charge_density_wave', 'block_cell27'], ['left', 'right'], ['block_cell9', 'block_cell27']]",new_size,charge_density_wave,block_cell9,5.029737076822421e-240,0.0,0.0,0.0,6.311691651856456e-28,0.0,0.0,2.891612206496771e-24,1.7288938126954102e-154,False,False,6.311691648983936e-28,1.6671142419669411e-40,False,False
L144_gL0,144,2.0,gL,0,L144_gL0,L144_gL0_tau0p55,0.5,1.0,open,0.0,0.55,79.20,0.05,1584,"['charge_density_wave', 'left', 'right', 'block_cell9', 'block_cell27']","[['charge_density_wave', 'left'], ['charge_density_wave', 'right'], ['charge_density_wave', 'block_cell9'], ['charge_density_wave', 'block_cell27'], ['left', 'right'], ['block_cell9', 'block_cell27']]",new_size,charge_density_wave,block_cell27,5.029737076822421e-240,0.0,0.0,0.0,8.569987520115641e-27,0.0,0.0,3.7652670801912054e-23,7.685927126136642e-151,False,False,8.569987516094456e-27,8.148140503786455e-40,False,False
L144_gL0,144,2.0,gL,0,L144_gL0,L144_gL0_tau0p55,0.5,1.0,open,0.0,0.55,79.20,0.05,1584,"['charge_density_wave', 'left', 'right', 'block_cell9', 'block_cell27']","[['charge_density_wave', 'left'], ['charge_density_wave', 'right'], ['charge_density_wave', 'block_cell9'], ['charge_density_wave', 'block_cell27'], ['left', 'right'], ['block_cell9', 'block_cell27']]",new_size,left,right,5.029737076822421e-240,0.0,0.0,0.0,5.0702448711715885e-06,0.0,0.0,0.00497988418080571,2.093743261289601e-104,False,False,4.229316749311511e-06,4.4004817732837015e-10,False,False
L144_gL0,144,2.0,gL,0,L144_gL0,L144_gL0_tau0p55,0.5,1.0,open,0.0,0.55,79.20,0.05,1584,"['charge_density_wave', 'left', 'right', 'block_cell9', 'block_cell27']","[['charge_density_wave', 'left'], ['charge_density_wave', 'right'], ['charge_density_wave', 'block_cell9'], ['charge_density_wave', 'block_cell27'], ['left', 'right'], ['block_cell9', 'block_cell27']]",new_size,block_cell9,block_cell27,5.029737076822421e-240,0.0,0.0,0.0,9.201156685301286e-27,0.0,0.0,4.0544283008408823e-23,7.687656019949337e-151,False,False,8.569987516094466e-27,6.481026261819514e-40,False,False
L144_gL0,144,2.0,gL,0,L144_gL0,L144_gL0_tau0p575,0.5,1.0,open,0.0,0.575,82.800,0.05,1656,"['charge_density_wave', 'left', 'right', 'block_cell9', 'block_cell27']","[['charge_density_wave', 'left'], ['charge_density_wave', 'right'], ['charge_density_wave', 'block_cell9'], ['charge_density_wave', 'block_cell27'], ['left', 'right'], ['block_cell9', 'block_cell27']]",new_size,charge_density_wave,left,5.029737076822421e-240,0.0,0.0,0.0,5.5874987967696736e-11,0.0,0.0,9.899757759317846e-08,1.0133044373717903e-111,False,False,5.5874987956853006e-11,1.505304428412815e-19,False,False
L144_gL0,144,2.0,gL,0,L144_gL0,L144_gL0_tau0p575,0.5,1.0,open,0.0,0.575,82.800,0.05,1656,"['charge_density_wave', 'left', 'right', 'block_cell9', 'block_cell27']","[['charge_density_wave', 'left'], ['charge_density_wave', 'right'], ['charge_density_wave', 'block_cell9'], ['charge_density_wave', 'block_cell27'], ['left', 'right'], ['block_cell9', 'block_cell27']]",new_size,charge_density_wave,right,5.029737076822421e-240,0.0,0.0,0.0,2.805950608196344e-10,0.0,0.0,4.645463966796096e-07,2.467748788434102e-108,False,False,2.805950606687901e-10,3.542083754645863e-18,False,False
L144_gL0,144,2.0,gL,0,L144_gL0,L144_gL0_tau0p575,0.5,1.0,open,0.0,0.575,82.800,0.05,1656,"['charge_density_wave', 'left', 'right', 'block_cell9', 'block_cell27']","[['charge_density_wave', 'left'], ['charge_density_wave', 'right'], ['charge_density_wave', 'block_cell9'], ['charge_density_wave', 'block_cell27'], ['left', 'right'], ['block_cell9', 'block_cell27']]",new_size,charge_density_wave,block_cell9,5.029737076822421e-240,0.0,0.0,0.0,4.358468418510798e-32,0.0,0.0,2.2974199045326694e-28,1.3764728876518208e-158,False,False,4.3584684168273514e-32,3.861146682859905e-44,False,False
L144_gL0,144,2.0,gL,0,L144_gL0,L144_gL0_tau0p575,0.5,1.0,open,0.0,0.575,82.800,0.05,1656,"['charge_density_wave', 'left', 'right', 'block_cell9', 'block_cell27']","[['charge_density_wave', 'left'], ['charge_density_wave', 'right'], ['charge_density_wave', 'block_cell9'], ['charge_density_wave', 'block_cell27'], ['left', 'right'], ['block_cell9', 'block_cell27']]",new_size,charge_density_wave,block_cell27,5.029737076822421e-240,0.0,0.0,0.0,5.914052581402834e-31,0.0,0.0,3.006350715254948e-27,6.150557767496281e-155,False,False,5.914052579052047e-31,1.9576838419452164e-43,False,False
L144_gL0,144,2.0,gL,0,L144_gL0,L144_gL0_tau0p575,0.5,1.0,open,0.0,0.575,82.800,0.05,1656,"['charge_density_wave', 'left', 'right', 'block_cell9', 'block_cell27']","[['charge_density_wave', 'left'], ['charge_density_wave', 'right'], ['charge_density_wave', 'block_cell9'], ['charge_density_wave', 'block_cell27'], ['left', 'right'], ['block_cell9', 'block_cell27']]",new_size,left,right,5.029737076822421e-240,0.0,0.0,0.0,3.3647004878733114e-10,0.0,0.0,5.635439742727881e-07,2.468762092871474e-108,False,False,2.805950606687901e-10,3.391553311804581e-18,False,False
L144_gL0,144,2.0,gL,0,L144_gL0,L144_gL0_tau0p575,0.5,1.0,open,0.0,0.575,82.800,0.05,1656,"['charge_density_wave', 'left', 'right', 'block_cell9', 'block_cell27']","[['charge_density_wave', 'left'], ['charge_density_wave', 'right'], ['charge_density_wave', 'block_cell9'], ['charge_density_wave', 'block_cell27'], ['left', 'right'], ['block_cell9', 'block_cell27']]",new_size,block_cell9,block_cell27,5.029737076822421e-240,0.0,0.0,0.0,6.349899423253915e-31,0.0,0.0,3.236092705708215e-27,6.151934240383933e-155,False,False,5.914052579052072e-31,1.5715691736592259e-43,False,False
L144_gL0,144,2.0,gL,0,L144_gL0,L144_gL0_tau0p6,0.5,1.0,open,0.0,0.6,86.4,0.05,1728,"['charge_density_wave', 'left', 'right', 'block_cell9', 'block_cell27']","[['charge_density_wave', 'left'], ['charge_density_wave', 'right'], ['charge_density_wave', 'block_cell9'], ['charge_density_wave', 'block_cell27'], ['left', 'right'], ['block_cell9', 'block_cell27']]",new_size,charge_density_wave,left,5.029737076822421e-240,0.0,0.0,0.0,3.733459774370479e-15,0.0,0.0,9.199034894541958e-12,9.526960999087324e-116,False,False,3.733459774043623e-15,9.400655013776472e-28,False,False
L144_gL0,144,2.0,gL,0,L144_gL0,L144_gL0_tau0p6,0.5,1.0,open,0.0,0.6,86.4,0.05,1728,"['charge_density_wave', 'left', 'right', 'block_cell9', 'block_cell27']","[['charge_density_wave', 'left'], ['charge_density_wave', 'right'], ['charge_density_wave', 'block_cell9'], ['charge_density_wave', 'block_cell27'], ['left', 'right'], ['block_cell9', 'block_cell27']]",new_size,charge_density_wave,right,5.029737076822421e-240,0.0,0.0,0.0,1.872355344249151e-14,0.0,0.0,4.39600495777e-11,2.3662749593116713e-112,False,False,1.8723553440753708e-14,2.2512988006737606e-26,False,False
L144_gL0,144,2.0,gL,0,L144_gL0,L144_gL0_tau0p6,0.5,1.0,open,0.0,0.6,86.4,0.05,1728,"['charge_density_wave', 'left', 'right', 'block_cell9', 'block_cell27']","[['charge_density_wave', 'left'], ['charge_density_wave', 'right'], ['charge_density_wave', 'block_cell9'], ['charge_density_wave', 'block_cell27'], ['left', 'right'], ['block_cell9', 'block_cell27']]",new_size,charge_density_wave,block_cell9,5.029737076822421e-240,0.0,0.0,0.0,3.018604084954559e-36,0.0,0.0,1.7993160469959308e-32,1.0797500132891591e-162,False,False,3.018604083956671e-36,8.156870074135318e-48,False,False
L144_gL0,144,2.0,gL,0,L144_gL0,L144_gL0_tau0p6,0.5,1.0,open,0.0,0.6,86.4,0.05,1728,"['charge_density_wave', 'left', 'right', 'block_cell9', 'block_cell27']","[['charge_density_wave', 'left'], ['charge_density_wave', 'right'], ['charge_density_wave', 'block_cell9'], ['charge_density_wave', 'block_cell27'], ['left', 'right'], ['block_cell9', 'block_cell27']]",new_size,charge_density_wave,block_cell27,5.029737076822421e-240,0.0,0.0,0.0,4.093577029358108e-35,0.0,0.0,2.3632368600299256e-31,4.84307314214543e-159,False,False,4.093577027967791e-35,4.2815628629528927e-47,False,False
L144_gL0,144,2.0,gL,0,L144_gL0,L144_gL0_tau0p6,0.5,1.0,open,0.0,0.6,86.4,0.05,1728,"['charge_density_wave', 'left', 'right', 'block_cell9', 'block_cell27']","[['charge_density_wave', 'left'], ['charge_density_wave', 'right'], ['charge_density_wave', 'block_cell9'], ['charge_density_wave', 'block_cell27'], ['left', 'right'], ['block_cell9', 'block_cell27']]",new_size,left,right,5.029737076822421e-240,0.0,0.0,0.0,2.2457013216861988e-14,0.0,0.0,5.3159084472241956e-11,2.3672276554115797e-112,False,False,1.8723553440753708e-14,2.1572922505359958e-26,False,False
L144_gL0,144,2.0,gL,0,L144_gL0,L144_gL0_tau0p6,0.5,1.0,open,0.0,0.6,86.4,0.05,1728,"['charge_density_wave', 'left', 'right', 'block_cell9', 'block_cell27']","[['charge_density_wave', 'left'], ['charge_density_wave', 'right'], ['charge_density_wave', 'block_cell9'], ['charge_density_wave', 'block_cell27'], ['left', 'right'], ['block_cell9', 'block_cell27']]",new_size,block_cell9,block_cell27,5.029737076822421e-240,0.0,0.0,0.0,4.395437437853564e-35,0.0,0.0,2.5431684647295186e-31,4.844152892158718e-159,False,False,4.093577027967852e-35,3.465875855539361e-47,False,False
L144_gL0,144,2.0,gL,0,L144_gL0,L144_gL0_tau0p65,0.5,1.0,open,0.0,0.65,93.60,0.05,1872,"['charge_density_wave', 'left', 'right', 'block_cell9', 'block_cell27']","[['charge_density_wave', 'left'], ['charge_density_wave', 'right'], ['charge_density_wave', 'block_cell9'], ['charge_density_wave', 'block_cell27'], ['left', 'right'], ['block_cell9', 'block_cell27']]",new_size,charge_density_wave,left,5.029737076822421e-240,0.0,0.0,0.0,1.690939032609322e-23,0.0,0.0,6.505482888717846e-20,6.809227775668204e-124,False,False,1.6909390325127668e-23,2.83037891218451e-40,False,False
L144_gL0,144,2.0,gL,0,L144_gL0,L144_gL0_tau0p65,0.5,1.0,open,0.0,0.65,93.60,0.05,1872,"['charge_density_wave', 'left', 'right', 'block_cell9', 'block_cell27']","[['charge_density_wave', 'left'], ['charge_density_wave', 'right'], ['charge_density_wave', 'block_cell9'], ['charge_density_wave', 'block_cell27'], ['left', 'right'], ['block_cell9', 'block_cell27']]",new_size,charge_density_wave,right,5.029737076822421e-240,0.0,0.0,0.0,8.460905446765882e-23,0.0,0.0,3.1570413974042847e-19,1.7189774468180598e-120,False,False,8.46090544625693e-23,7.735155726032588e-40,False,False
L144_gL0,144,2.0,gL,0,L144_gL0,L144_gL0_tau0p65,0.5,1.0,open,0.0,0.65,93.60,0.05,1872,"['charge_density_wave', 'left', 'right', 'block_cell9', 'block_cell27']","[['charge_density_wave', 'left'], ['charge_density_wave', 'right'], ['charge_density_wave', 'block_cell9'], ['charge_density_wave', 'block_cell27'], ['left', 'right'], ['block_cell9', 'block_cell27']]",new_size,charge_density_wave,block_cell9,5.029737076822421e-240,0.0,0.0,0.0,1.4591617806305618e-44,0.0,0.0,1.0709347896517099e-40,6.441149836003233e-171,False,False,1.459161780269338e-44,2.873309236515346e-55,False,False
L144_gL0,144,2.0,gL,0,L144_gL0,L144_gL0_tau0p65,0.5,1.0,open,0.0,0.65,93.60,0.05,1872,"['charge_density_wave', 'left', 'right', 'block_cell9', 'block_cell27']","[['charge_density_wave', 'left'], ['charge_density_wave', 'right'], ['charge_density_wave', 'block_cell9'], ['charge_density_wave', 'block_cell27'], ['left', 'right'], ['block_cell9', 'block_cell27']]",new_size,charge_density_wave,block_cell27,5.029737076822421e-240,0.0,0.0,0.0,1.976783683440094e-43,0.0,0.0,1.4137438051920469e-39,2.904226135326748e-167,False,False,1.9767836829388445e-43,1.6075048088778627e-54,False,False
L144_gL0,144,2.0,gL,0,L144_gL0,L144_gL0_tau0p65,0.5,1.0,open,0.0,0.65,93.60,0.05,1872,"['charge_density_wave', 'left', 'right', 'block_cell9', 'block_cell27']","[['charge_density_wave', 'left'], ['charge_density_wave', 'right'], ['charge_density_wave', 'block_cell9'], ['charge_density_wave', 'block_cell27'], ['left', 'right'], ['block_cell9', 'block_cell27']]",new_size,left,right,5.029737076822421e-240,0.0,0.0,0.0,1.0151844479375204e-22,0.0,0.0,3.8075896862760694e-19,1.7196583695956266e-120,False,False,8.46090544625693e-23,4.904776813848077e-40,False,False
L144_gL0,144,2.0,gL,0,L144_gL0,L144_gL0_tau0p65,0.5,1.0,open,0.0,0.65,93.60,0.05,1872,"['charge_density_wave', 'left', 'right', 'block_cell9', 'block_cell27']","[['charge_density_wave', 'left'], ['charge_density_wave', 'right'], ['charge_density_wave', 'block_cell9'], ['charge_density_wave', 'block_cell27'], ['left', 'right'], ['block_cell9', 'block_cell27']]",new_size,block_cell9,block_cell27,5.029737076822421e-240,0.0,0.0,0.0,2.1226998615031504e-43,0.0,0.0,1.5208372841572178e-39,2.9048702503103483e-167,False,False,1.9767836829391018e-43,1.320173885226328e-54,False,False
L144_gL2,144,2.0,gL,2,L144_gL2,L144_gL2_tau0p45,0.5,1.0,open,0.013888888888888888,0.45,64.80,0.05,1296,"['charge_density_wave', 'left', 'right', 'block_cell9', 'block_cell27']","[['charge_density_wave', 'left'], ['charge_density_wave', 'right'], ['charge_density_wave', 'block_cell9'], ['charge_density_wave', 'block_cell27'], ['left', 'right'], ['block_cell9', 'block_cell27']]",new_size,charge_density_wave,left,1.0,0.9999992803767949,0.9999992803767949,0.9999992803767949,1.0,0.0038704271868837676,0.003085745210750704,0.004655109163016831,3.6275459986401324e-110,True,False,1.0,0.0038704290561358493,True,False
L144_gL2,144,2.0,gL,2,L144_gL2,L144_gL2_tau0p45,0.5,1.0,open,0.013888888888888888,0.45,64.80,0.05,1296,"['charge_density_wave', 'left', 'right', 'block_cell9', 'block_cell27']","[['charge_density_wave', 'left'], ['charge_density_wave', 'right'], ['charge_density_wave', 'block_cell9'], ['charge_density_wave', 'block_cell27'], ['left', 'right'], ['block_cell9', 'block_cell27']]",new_size,charge_density_wave,right,1.0,0.9999999999999403,0.9999999999999403,0.9999999999999403,1.0,0.2823118458090083,0.2823118456737145,0.28231184594430214,9.103719021511444e-107,True,True,1.0,0.282311845809014,True,True
L144_gL2,144,2.0,gL,2,L144_gL2,L144_gL2_tau0p45,0.5,1.0,open,0.013888888888888888,0.45,64.80,0.05,1296,"['charge_density_wave', 'left', 'right', 'block_cell9', 'block_cell27']","[['charge_density_wave', 'left'], ['charge_density_wave', 'right'], ['charge_density_wave', 'block_cell9'], ['charge_density_wave', 'block_cell27'], ['left', 'right'], ['block_cell9', 'block_cell27']]",new_size,charge_density_wave,block_cell9,4.922863775134852e-240,0.0,0.0,0.0,1.4261761410433704e-11,0.0,0.0,2.6670743474433403e-08,8.279476117621116e-138,False,False,1.4261761394752389e-11,1.0362458329631107e-20,False,False
L144_gL2,144,2.0,gL,2,L144_gL2,L144_gL2_tau0p45,0.5,1.0,open,0.013888888888888888,0.45,64.80,0.05,1296,"['charge_density_wave', 'left', 'right', 'block_cell9', 'block_cell27']","[['charge_density_wave', 'left'], ['charge_density_wave', 'right'], ['charge_density_wave', 'block_cell9'], ['charge_density_wave', 'block_cell27'], ['left', 'right'], ['block_cell9', 'block_cell27']]",new_size,charge_density_wave,block_cell27,4.922863775134852e-240,0.0,0.0,0.0,7.972608333228464e-10,0.0,0.0,1.2599817918430148e-06,8.558920350881314e-135,False,False,7.972608316315433e-10,2.726809950821243e-17,False,False
L144_gL2,144,2.0,gL,2,L144_gL2,L144_gL2_tau0p45,0.5,1.0,open,0.013888888888888888,0.45,64.80,0.05,1296,"['charge_density_wave', 'left', 'right', 'block_cell9', 'block_cell27']","[['charge_density_wave', 'left'], ['charge_density_wave', 'right'], ['charge_density_wave', 'block_cell9'], ['charge_density_wave', 'block_cell27'], ['left', 'right'], ['block_cell9', 'block_cell27']]",new_size,left,right,1.0,0.0,0.9999992803767351,0.9999992803767351,1.0,0.2784414186221245,0.27765673651069767,0.2792261007335514,9.107346567510083e-107,True,True,1.0,0.27844141675287815,True,True
L144_gL2,144,2.0,gL,2,L144_gL2,L144_gL2_tau0p45,0.5,1.0,open,0.013888888888888888,0.45,64.80,0.05,1296,"['charge_density_wave', 'left', 'right', 'block_cell9', 'block_cell27']","[['charge_density_wave', 'left'], ['charge_density_wave', 'right'], ['charge_density_wave', 'block_cell9'], ['charge_density_wave', 'block_cell27'], ['left', 'right'], ['block_cell9', 'block_cell27']]",new_size,block_cell9,block_cell27,4.922863775134852e-240,0.0,0.0,0.0,8.115225947332801e-10,0.0,0.0,1.2866525353174482e-06,8.550640874763692e-135,False,False,7.972608316315433e-10,2.7257737049882798e-17,False,False
L144_gL2,144,2.0,gL,2,L144_gL2,L144_gL2_tau0p5,0.5,1.0,open,0.013888888888888888,0.5,72.0,0.05,1440,"['charge_density_wave', 'left', 'right', 'block_cell9', 'block_cell27']","[['charge_density_wave', 'left'], ['charge_density_wave', 'right'], ['charge_density_wave', 'block_cell9'], ['charge_density_wave', 'block_cell27'], ['left', 'right'], ['block_cell9', 'block_cell27']]",new_size,charge_density_wave,left,0.9999234687008146,0.9999192421701912,0.9999192421701912,0.9999192421701912,0.9999276952314379,0.0015464306829346254,0.0,0.005616314001766992,2.8112067058231684e-107,True,False,0.9999234687455328,0.0015464454273990034,True,False
L144_gL2,144,2.0,gL,2,L144_gL2,L144_gL2_tau0p5,0.5,1.0,open,0.013888888888888888,0.5,72.0,0.05,1440,"['charge_density_wave', 'left', 'right', 'block_cell9', 'block_cell27']","[['charge_density_wave', 'left'], ['charge_density_wave', 'right'], ['charge_density_wave', 'block_cell9'], ['charge_density_wave', 'block_cell27'], ['left', 'right'], ['block_cell9', 'block_cell27']]",new_size,charge_density_wave,right,0.9999999085811553,0.9999998431057234,0.9999998431057234,0.9999998431057234,0.999999974056587,0.017559671127644155,0.017476976014808018,0.017642366240480295,6.5444132388724854e-105,True,False,0.9999999085811553,0.01755967543198523,True,False
L144_gL2,144,2.0,gL,2,L144_gL2,L144_gL2_tau0p5,0.5,1.0,open,0.013888888888888888,0.5,72.0,0.05,1440,"['charge_density_wave', 'left', 'right', 'block_cell9', 'block_cell27']","[['charge_density_wave', 'left'], ['charge_density_wave', 'right'], ['charge_density_wave', 'block_cell9'], ['charge_density_wave', 'block_cell27'], ['left', 'right'], ['block_cell9', 'block_cell27']]",new_size,charge_density_wave,block_cell9,4.922863775134852e-240,0.0,0.0,0.0,6.651981344923734e-20,0.0,0.0,2.1627511589214087e-16,6.827679485281016e-146,False,False,6.651981340120778e-20,2.188363485891018e-33,False,False
L144_gL2,144,2.0,gL,2,L144_gL2,L144_gL2_tau0p5,0.5,1.0,open,0.013888888888888888,0.5,72.0,0.05,1440,"['charge_density_wave', 'left', 'right', 'block_cell9', 'block_cell27']","[['charge_density_wave', 'left'], ['charge_density_wave', 'right'], ['charge_density_wave', 'block_cell9'], ['charge_density_wave', 'block_cell27'], ['left', 'right'], ['block_cell9', 'block_cell27']]",new_size,charge_density_wave,block_cell27,4.922863775134852e-240,0.0,0.0,0.0,3.674975066771228e-18,0.0,0.0,1.0886889254039594e-14,7.561375435982464e-143,False,False,3.674975064540057e-18,9.265087880878558e-33,False,False
L144_gL2,144,2.0,gL,2,L144_gL2,L144_gL2_tau0p5,0.5,1.0,open,0.013888888888888888,0.5,72.0,0.05,1440,"['charge_density_wave', 'left', 'right', 'block_cell9', 'block_cell27']","[['charge_density_wave', 'left'], ['charge_density_wave', 'right'], ['charge_density_wave', 'block_cell9'], ['charge_density_wave', 'block_cell27'], ['left', 'right'], ['block_cell9', 'block_cell27']]",new_size,left,right,0.9999999085811553,7.214787428555477e-05,0.9999956165751002,0.9999956165751002,1.0,0.01601324044470953,0.011860662013041026,0.020165818876378035,6.572215341825029e-105,True,False,0.9999999085811553,0.016013230004586227,True,False
L144_gL2,144,2.0,gL,2,L144_gL2,L144_gL2_tau0p5,0.5,1.0,open,0.013888888888888888,0.5,72.0,0.05,1440,"['charge_density_wave', 'left', 'right', 'block_cell9', 'block_cell27']","[['charge_density_wave', 'left'], ['charge_density_wave', 'right'], ['charge_density_wave', 'block_cell9'], ['charge_density_wave', 'block_cell27'], ['left', 'right'], ['block_cell9', 'block_cell27']]",new_size,block_cell9,block_cell27,4.922863775134852e-240,0.0,0.0,0.0,3.741494880220465e-18,0.0,0.0,1.1103164369931735e-14,7.554547756497183e-143,False,False,3.674975064540057e-18,7.076724394987539e-33,False,False
L144_gL2,144,2.0,gL,2,L144_gL2,L144_gL2_tau0p525,0.5,1.0,open,0.013888888888888888,0.525,75.600,0.05,1512,"['charge_density_wave', 'left', 'right', 'block_cell9', 'block_cell27']","[['charge_density_wave', 'left'], ['charge_density_wave', 'right'], ['charge_density_wave', 'block_cell9'], ['charge_density_wave', 'block_cell27'], ['left', 'right'], ['block_cell9', 'block_cell27']]",new_size,charge_density_wave,left,0.0053208792081609006,0.005316666988337838,0.005316666988337838,0.005316666988337838,0.005325091427983964,0.0003247986685380242,0.0,0.004381930219716499,5.541703237100932e-107,False,False,0.005325067676755743,0.0003252655913862378,False,False
L144_gL2,144,2.0,gL,2,L144_gL2,L144_gL2_tau0p525,0.5,1.0,open,0.013888888888888888,0.525,75.600,0.05,1512,"['charge_density_wave', 'left', 'right', 'block_cell9', 'block_cell27']","[['charge_density_wave', 'left'], ['charge_density_wave', 'right'], ['charge_density_wave', 'block_cell9'], ['charge_density_wave', 'block_cell27'], ['left', 'right'], ['block_cell9', 'block_cell27']]",new_size,charge_density_wave,right,0.15052222835804305,0.15052213330675,0.15052213330675,0.15052213330675,0.15052232340933608,0.10820669694516204,0.10808919861093716,0.10832419527938691,9.37154688041878e-103,True,True,0.1505223134518986,0.10820679337732146,True,True
L144_gL2,144,2.0,gL,2,L144_gL2,L144_gL2_tau0p525,0.5,1.0,open,0.013888888888888888,0.525,75.600,0.05,1512,"['charge_density_wave', 'left', 'right', 'block_cell9', 'block_cell27']","[['charge_density_wave', 'left'], ['charge_density_wave', 'right'], ['charge_density_wave', 'block_cell9'], ['charge_density_wave', 'block_cell27'], ['left', 'right'], ['block_cell9', 'block_cell27']]",new_size,charge_density_wave,block_cell9,4.922863775134852e-240,0.0,0.0,0.0,4.572699870470041e-24,0.0,0.0,1.8022928740049644e-20,5.712151217922575e-150,False,False,4.5726998677171485e-24,6.338273070043682e-37,False,False
L144_gL2,144,2.0,gL,2,L144_gL2,L144_gL2_tau0p525,0.5,1.0,open,0.013888888888888888,0.525,75.600,0.05,1512,"['charge_density_wave', 'left', 'right', 'block_cell9', 'block_cell27']","[['charge_density_wave', 'left'], ['charge_density_wave', 'right'], ['charge_density_wave', 'block_cell9'], ['charge_density_wave', 'block_cell27'], ['left', 'right'], ['block_cell9', 'block_cell27']]",new_size,charge_density_wave,block_cell27,4.922863775134852e-240,0.0,0.0,0.0,2.512467294013619e-22,0.0,0.0,9.17795179450801e-19,6.404927819382538e-147,False,False,2.512467292750471e-22,3.114672953968576e-36,False,False
L144_gL2,144,2.0,gL,2,L144_gL2,L144_gL2_tau0p525,0.5,1.0,open,0.013888888888888888,0.525,75.600,0.05,1512,"['charge_density_wave', 'left', 'right', 'block_cell9', 'block_cell27']","[['charge_density_wave', 'left'], ['charge_density_wave', 'right'], ['charge_density_wave', 'block_cell9'], ['charge_density_wave', 'block_cell27'], ['left', 'right'], ['block_cell9', 'block_cell27']]",new_size,left,right,0.15052222835804305,0.14519704187876603,0.15051792108692694,0.15051792108692694,0.15052653562915916,0.107881898276624,0.10370726839122066,0.11205652816202737,9.371486263750925e-103,True,True,0.1505223134518986,0.10788152778593522,True,True
L144_gL2,144,2.0,gL,2,L144_gL2,L144_gL2_tau0p525,0.5,1.0,open,0.013888888888888888,0.525,75.600,0.05,1512,"['charge_density_wave', 'left', 'right', 'block_cell9', 'block_cell27']","[['charge_density_wave', 'left'], ['charge_density_wave', 'right'], ['charge_density_wave', 'block_cell9'], ['charge_density_wave', 'block_cell27'], ['left', 'right'], ['block_cell9', 'block_cell27']]",new_size,block_cell9,block_cell27,4.922863775134852e-240,0.0,0.0,0.0,2.558194292718319e-22,0.0,0.0,9.358181081908506e-19,6.399215668164615e-147,False,False,2.512467292750471e-22,2.4808456469642073e-36,False,False
L144_gL2,144,2.0,gL,2,L144_gL2,L144_gL2_tau0p55,0.5,1.0,open,0.013888888888888888,0.55,79.20,0.05,1584,"['charge_density_wave', 'left', 'right', 'block_cell9', 'block_cell27']","[['charge_density_wave', 'left'], ['charge_density_wave', 'right'], ['charge_density_wave', 'block_cell9'], ['charge_density_wave', 'block_cell27'], ['left', 'right'], ['block_cell9', 'block_cell27']]",new_size,charge_density_wave,left,4.922863775134852e-240,0.0,0.0,0.0,3.533337251390474e-07,0.0,0.0,0.0004033733387850369,3.9327282960790174e-108,False,False,3.533335381297133e-07,3.8341904099371025e-12,False,False
L144_gL2,144,2.0,gL,2,L144_gL2,L144_gL2_tau0p55,0.5,1.0,open,0.013888888888888888,0.55,79.20,0.05,1584,"['charge_density_wave', 'left', 'right', 'block_cell9', 'block_cell27']","[['charge_density_wave', 'left'], ['charge_density_wave', 'right'], ['charge_density_wave', 'block_cell9'], ['charge_density_wave', 'block_cell27'], ['left', 'right'], ['block_cell9', 'block_cell27']]",new_size,charge_density_wave,right,4.922863775134852e-240,0.0,0.0,0.0,9.988960827850374e-06,0.0,0.0,0.009000151595877881,4.654241871099009e-104,False,False,9.988811580341134e-06,2.3974352686575497e-09,False,False
L144_gL2,144,2.0,gL,2,L144_gL2,L144_gL2_tau0p55,0.5,1.0,open,0.013888888888888888,0.55,79.20,0.05,1584,"['charge_density_wave', 'left', 'right', 'block_cell9', 'block_cell27']","[['charge_density_wave', 'left'], ['charge_density_wave', 'right'], ['charge_density_wave', 'block_cell9'], ['charge_density_wave', 'block_cell27'], ['left', 'right'], ['block_cell9', 'block_cell27']]",new_size,charge_density_wave,block_cell9,4.922863775134852e-240,0.0,0.0,0.0,3.154872510691747e-28,0.0,0.0,1.46111209453403e-24,4.6435509280718274e-154,False,False,3.1548725090913664e-28,1.630551082027112e-40,False,False
L144_gL2,144,2.0,gL,2,L144_gL2,L144_gL2_tau0p55,0.5,1.0,open,0.013888888888888888,0.55,79.20,0.05,1584,"['charge_density_wave', 'left', 'right', 'block_cell9', 'block_cell27']","[['charge_density_wave', 'left'], ['charge_density_wave', 'right'], ['charge_density_wave', 'block_cell9'], ['charge_density_wave', 'block_cell27'], ['left', 'right'], ['block_cell9', 'block_cell27']]",new_size,charge_density_wave,block_cell27,4.922863775134852e-240,0.0,0.0,0.0,1.7243918737555983e-26,0.0,0.0,7.489393156463128e-23,5.243583621338817e-151,False,False,1.7243918730298557e-26,8.30169612758543e-40,False,False
L144_gL2,144,2.0,gL,2,L144_gL2,L144_gL2_tau0p55,0.5,1.0,open,0.013888888888888888,0.55,79.20,0.05,1584,"['charge_density_wave', 'left', 'right', 'block_cell9', 'block_cell27']","[['charge_density_wave', 'left'], ['charge_density_wave', 'right'], ['charge_density_wave', 'block_cell9'], ['charge_density_wave', 'block_cell27'], ['left', 'right'], ['block_cell9', 'block_cell27']]",new_size,left,right,4.922863775134852e-240,0.0,0.0,0.0,1.0342294552989422e-05,0.0,0.0,0.009403524934662918,4.6546351439286166e-104,False,False,9.988811580341134e-06,2.393601078247613e-09,False,False
L144_gL2,144,2.0,gL,2,L144_gL2,L144_gL2_tau0p55,0.5,1.0,open,0.013888888888888888,0.55,79.20,0.05,1584,"['charge_density_wave', 'left', 'right', 'block_cell9', 'block_cell27']","[['charge_density_wave', 'left'], ['charge_density_wave', 'right'], ['charge_density_wave', 'block_cell9'], ['charge_density_wave', 'block_cell27'], ['left', 'right'], ['block_cell9', 'block_cell27']]",new_size,block_cell9,block_cell27,4.922863775134852e-240,0.0,0.0,0.0,1.7559405988625158e-26,0.0,0.0,7.635504365916532e-23,5.238940070410745e-151,False,False,1.724391873029856e-26,6.671145045558317e-40,False,False
L144_gL2,144,2.0,gL,2,L144_gL2,L144_gL2_tau0p575,0.5,1.0,open,0.013888888888888888,0.575,82.800,0.05,1656,"['charge_density_wave', 'left', 'right', 'block_cell9', 'block_cell27']","[['charge_density_wave', 'left'], ['charge_density_wave', 'right'], ['charge_density_wave', 'block_cell9'], ['charge_density_wave', 'block_cell27'], ['left', 'right'], ['block_cell9', 'block_cell27']]",new_size,charge_density_wave,left,4.922863775134852e-240,0.0,0.0,0.0,2.3589362025248072e-11,0.0,0.0,4.3259498257783734e-08,4.324346001016723e-112,False,False,2.358936202140851e-11,2.778976325821394e-20,False,False
L144_gL2,144,2.0,gL,2,L144_gL2,L144_gL2_tau0p575,0.5,1.0,open,0.013888888888888888,0.575,82.800,0.05,1656,"['charge_density_wave', 'left', 'right', 'block_cell9', 'block_cell27']","[['charge_density_wave', 'left'], ['charge_density_wave', 'right'], ['charge_density_wave', 'block_cell9'], ['charge_density_wave', 'block_cell27'], ['left', 'right'], ['block_cell9', 'block_cell27']]",new_size,charge_density_wave,right,4.922863775134852e-240,0.0,0.0,0.0,6.597142375103597e-10,0.0,0.0,1.0515999537030388e-06,5.642664106893664e-108,False,False,6.597142367918012e-10,1.883576213591547e-17,False,False
L144_gL2,144,2.0,gL,2,L144_gL2,L144_gL2_tau0p575,0.5,1.0,open,0.013888888888888888,0.575,82.800,0.05,1656,"['charge_density_wave', 'left', 'right', 'block_cell9', 'block_cell27']","[['charge_density_wave', 'left'], ['charge_density_wave', 'right'], ['charge_density_wave', 'block_cell9'], ['charge_density_wave', 'block_cell27'], ['left', 'right'], ['block_cell9', 'block_cell27']]",new_size,charge_density_wave,block_cell9,4.922863775134852e-240,0.0,0.0,0.0,2.1837354488157237e-32,0.0,0.0,1.1619484672996378e-28,3.70026503323696e-158,False,False,2.183735447873545e-32,3.779870154843262e-44,False,False
L144_gL2,144,2.0,gL,2,L144_gL2,L144_gL2_tau0p575,0.5,1.0,open,0.013888888888888888,0.575,82.800,0.05,1656,"['charge_density_wave', 'left', 'right', 'block_cell9', 'block_cell27']","[['charge_density_wave', 'left'], ['charge_density_wave', 'right'], ['charge_density_wave', 'block_cell9'], ['charge_density_wave', 'block_cell27'], ['left', 'right'], ['block_cell9', 'block_cell27']]",new_size,charge_density_wave,block_cell27,4.922863775134852e-240,0.0,0.0,0.0,1.1875992087279748e-30,0.0,0.0,5.977429761655219e-27,4.194913109894142e-155,False,False,1.1875992083055025e-30,1.9904739223460912e-43,False,False
L144_gL2,144,2.0,gL,2,L144_gL2,L144_gL2_tau0p575,0.5,1.0,open,0.013888888888888888,0.575,82.800,0.05,1656,"['charge_density_wave', 'left', 'right', 'block_cell9', 'block_cell27']","[['charge_density_wave', 'left'], ['charge_density_wave', 'right'], ['charge_density_wave', 'block_cell9'], ['charge_density_wave', 'block_cell27'], ['left', 'right'], ['block_cell9', 'block_cell27']]",new_size,left,right,4.922863775134852e-240,0.0,0.0,0.0,6.833035995356078e-10,0.0,0.0,1.0948594519608226e-06,5.6430965414937656e-108,False,False,6.597142367918012e-10,1.8807972372657255e-17,False,False
L144_gL2,144,2.0,gL,2,L144_gL2,L144_gL2_tau0p575,0.5,1.0,open,0.013888888888888888,0.575,82.800,0.05,1656,"['charge_density_wave', 'left', 'right', 'block_cell9', 'block_cell27']","[['charge_density_wave', 'left'], ['charge_density_wave', 'right'], ['charge_density_wave', 'block_cell9'], ['charge_density_wave', 'block_cell27'], ['left', 'right'], ['block_cell9', 'block_cell27']]",new_size,block_cell9,block_cell27,4.922863775134852e-240,0.0,0.0,0.0,1.2094365632161322e-30,0.0,0.0,6.093624608385183e-27,4.191212844860905e-155,False,False,1.1875992083055028e-30,1.612486906861765e-43,False,False
L144_gL2,144,2.0,gL,2,L144_gL2,L144_gL2_tau0p6,0.5,1.0,open,0.013888888888888888,0.6,86.4,0.05,1728,"['charge_density_wave', 'left', 'right', 'block_cell9', 'block_cell27']","[['charge_density_wave', 'left'], ['charge_density_wave', 'right'], ['charge_density_wave', 'block_cell9'], ['charge_density_wave', 'block_cell27'], ['left', 'right'], ['block_cell9', 'block_cell27']]",new_size,charge_density_wave,left,4.922863775134852e-240,0.0,0.0,0.0,1.5834637239739472e-15,0.0,0.0,3.999353763325625e-12,4.042253777847773e-116,False,False,1.5834637238132207e-15,1.7340261544448364e-28,False,False
L144_gL2,144,2.0,gL,2,L144_gL2,L144_gL2_tau0p6,0.5,1.0,open,0.013888888888888888,0.6,86.4,0.05,1728,"['charge_density_wave', 'left', 'right', 'block_cell9', 'block_cell27']","[['charge_density_wave', 'left'], ['charge_density_wave', 'right'], ['charge_density_wave', 'block_cell9'], ['charge_density_wave', 'block_cell27'], ['left', 'right'], ['block_cell9', 'block_cell27']]",new_size,charge_density_wave,right,4.922863775134852e-240,0.0,0.0,0.0,4.382863214739096e-14,0.0,0.0,1.0021904178071255e-10,5.453973807641466e-112,False,False,4.3828632143879345e-14,1.2009192081785728e-25,False,False
L144_gL2,144,2.0,gL,2,L144_gL2,L144_gL2_tau0p6,0.5,1.0,open,0.013888888888888888,0.6,86.4,0.05,1728,"['charge_density_wave', 'left', 'right', 'block_cell9', 'block_cell27']","[['charge_density_wave', 'left'], ['charge_density_wave', 'right'], ['charge_density_wave', 'block_cell9'], ['charge_density_wave', 'block_cell27'], ['left', 'right'], ['block_cell9', 'block_cell27']]",new_size,charge_density_wave,block_cell9,4.922863775134852e-240,0.0,0.0,0.0,1.5159234284603398e-36,0.0,0.0,9.11122549257032e-33,2.906014186518398e-162,False,False,1.515923427899362e-36,7.991316763581604e-48,False,False
L144_gL2,144,2.0,gL,2,L144_gL2,L144_gL2_tau0p6,0.5,1.0,open,0.013888888888888888,0.6,86.4,0.05,1728,"['charge_density_wave', 'left', 'right', 'block_cell9', 'block_cell27']","[['charge_density_wave', 'left'], ['charge_density_wave', 'right'], ['charge_density_wave', 'block_cell9'], ['charge_density_wave', 'block_cell27'], ['left', 'right'], ['block_cell9', 'block_cell27']]",new_size,charge_density_wave,block_cell27,4.922863775134852e-240,0.0,0.0,0.0,8.204298996095434e-35,0.0,0.0,4.695303117487627e-31,3.30105642478483e-159,False,False,8.20429899360719e-35,4.3453987884707096e-47,False,False
L144_gL2,144,2.0,gL,2,L144_gL2,L144_gL2_tau0p6,0.5,1.0,open,0.013888888888888888,0.6,86.4,0.05,1728,"['charge_density_wave', 'left', 'right', 'block_cell9', 'block_cell27']","[['charge_density_wave', 'left'], ['charge_density_wave', 'right'], ['charge_density_wave', 'block_cell9'], ['charge_density_wave', 'block_cell27'], ['left', 'right'], ['block_cell9', 'block_cell27']]",new_size,left,right,4.922863775134852e-240,0.0,0.0,0.0,4.541209587136491e-14,0.0,0.0,1.0421839554403818e-10,5.454378033019251e-112,False,False,4.3828632143879345e-14,1.199185182024128e-25,False,False
L144_gL2,144,2.0,gL,2,L144_gL2,L144_gL2_tau0p6,0.5,1.0,open,0.013888888888888888,0.6,86.4,0.05,1728,"['charge_density_wave', 'left', 'right', 'block_cell9', 'block_cell27']","[['charge_density_wave', 'left'], ['charge_density_wave', 'right'], ['charge_density_wave', 'block_cell9'], ['charge_density_wave', 'block_cell27'], ['left', 'right'], ['block_cell9', 'block_cell27']]",new_size,block_cell9,block_cell27,4.922863775134852e-240,0.0,0.0,0.0,8.355891338941468e-35,0.0,0.0,4.786415372413331e-31,3.2981504105983117e-159,False,False,8.204298993607198e-35,3.546267112112549e-47,False,False
L144_gL2,144,2.0,gL,2,L144_gL2,L144_gL2_tau0p65,0.5,1.0,open,0.013888888888888888,0.65,93.60,0.05,1872,"['charge_density_wave', 'left', 'right', 'block_cell9', 'block_cell27']","[['charge_density_wave', 'left'], ['charge_density_wave', 'right'], ['charge_density_wave', 'block_cell9'], ['charge_density_wave', 'block_cell27'], ['left', 'right'], ['block_cell9', 'block_cell27']]",new_size,charge_density_wave,left,4.922863775134852e-240,0.0,0.0,0.0,7.23533452759687e-24,0.0,0.0,2.827844201202601e-20,2.8874005320834145e-124,False,False,7.235334527113705e-24,2.758536171034853e-40,False,False
L144_gL2,144,2.0,gL,2,L144_gL2,L144_gL2_tau0p65,0.5,1.0,open,0.013888888888888888,0.65,93.60,0.05,1872,"['charge_density_wave', 'left', 'right', 'block_cell9', 'block_cell27']","[['charge_density_wave', 'left'], ['charge_density_wave', 'right'], ['charge_density_wave', 'block_cell9'], ['charge_density_wave', 'block_cell27'], ['left', 'right'], ['block_cell9', 'block_cell27']]",new_size,charge_density_wave,right,4.922863775134852e-240,0.0,0.0,0.0,1.9639866430568022e-22,0.0,0.0,7.209198868930863e-19,3.970614456849066e-120,False,False,1.9639866429557546e-22,7.904134323556032e-40,False,False
L144_gL2,144,2.0,gL,2,L144_gL2,L144_gL2_tau0p65,0.5,1.0,open,0.013888888888888888,0.65,93.60,0.05,1872,"['charge_density_wave', 'left', 'right', 'block_cell9', 'block_cell27']","[['charge_density_wave', 'left'], ['charge_density_wave', 'right'], ['charge_density_wave', 'block_cell9'], ['charge_density_wave', 'block_cell27'], ['left', 'right'], ['block_cell9', 'block_cell27']]",new_size,charge_density_wave,block_cell9,4.922863775134852e-240,0.0,0.0,0.0,7.360667724977639e-45,0.0,0.0,5.438541859605947e-41,1.7384853903794853e-170,False,False,7.360667722929367e-45,2.818493549127608e-55,False,False
L144_gL2,144,2.0,gL,2,L144_gL2,L144_gL2_tau0p65,0.5,1.0,open,0.013888888888888888,0.65,93.60,0.05,1872,"['charge_density_wave', 'left', 'right', 'block_cell9', 'block_cell27']","[['charge_density_wave', 'left'], ['charge_density_wave', 'right'], ['charge_density_wave', 'block_cell9'], ['charge_density_wave', 'block_cell27'], ['left', 'right'], ['block_cell9', 'block_cell27']]",new_size,charge_density_wave,block_cell27,4.922863775134852e-240,0.0,0.0,0.0,3.9470362427779995e-43,0.0,0.0,2.8031653923703212e-39,1.975824668741487e-167,False,False,3.947036241888165e-43,1.6265340210835064e-54,False,False
L144_gL2,144,2.0,gL,2,L144_gL2,L144_gL2_tau0p65,0.5,1.0,open,0.013888888888888888,0.65,93.60,0.05,1872,"['charge_density_wave', 'left', 'right', 'block_cell9', 'block_cell27']","[['charge_density_wave', 'left'], ['charge_density_wave', 'right'], ['charge_density_wave', 'block_cell9'], ['charge_density_wave', 'block_cell27'], ['left', 'right'], ['block_cell9', 'block_cell27']]",new_size,left,right,4.922863775134852e-240,0.0,0.0,0.0,2.036339988332771e-22,0.0,0.0,7.491983289051124e-19,3.970903196902274e-120,False,False,1.9639866429557546e-22,5.145598152521178e-40,False,False
L144_gL2,144,2.0,gL,2,L144_gL2,L144_gL2_tau0p65,0.5,1.0,open,0.013888888888888888,0.65,93.60,0.05,1872,"['charge_density_wave', 'left', 'right', 'block_cell9', 'block_cell27']","[['charge_density_wave', 'left'], ['charge_density_wave', 'right'], ['charge_density_wave', 'block_cell9'], ['charge_density_wave', 'block_cell27'], ['left', 'right'], ['block_cell9', 'block_cell27']]",new_size,block_cell9,block_cell27,4.922863775134852e-240,0.0,0.0,0.0,4.020642920027775e-43,0.0,0.0,2.8575508109663808e-39,1.9740861833511077e-167,False,False,3.947036241888199e-43,1.3446846661707456e-54,False,False
L144_gL4,144,2.0,gL,4,L144_gL4,L144_gL4_tau0p45,0.5,1.0,open,0.027777777777777776,0.45,64.80,0.05,1296,"['charge_density_wave', 'left', 'right', 'block_cell9', 'block_cell27']","[['charge_density_wave', 'left'], ['charge_density_wave', 'right'], ['charge_density_wave', 'block_cell9'], ['charge_density_wave', 'block_cell27'], ['left', 'right'], ['block_cell9', 'block_cell27']]",new_size,charge_density_wave,left,1.0,0.9999996662023528,0.9999996662023528,0.9999996662023528,1.0,0.010454223564872854,0.010071786055764873,0.010836661073980835,1.4241260419825905e-109,True,False,1.0,0.010454224019543316,True,False
L144_gL4,144,2.0,gL,4,L144_gL4,L144_gL4_tau0p45,0.5,1.0,open,0.027777777777777776,0.45,64.80,0.05,1296,"['charge_density_wave', 'left', 'right', 'block_cell9', 'block_cell27']","[['charge_density_wave', 'left'], ['charge_density_wave', 'right'], ['charge_density_wave', 'block_cell9'], ['charge_density_wave', 'block_cell27'], ['left', 'right'], ['block_cell9', 'block_cell27']]",new_size,charge_density_wave,right,1.0,0.999999999999889,0.999999999999889,0.999999999999889,1.0,0.5951417040490209,0.5951417038025283,0.5951417042955135,9.455621140887232e-107,True,True,1.0,0.5951417040490264,True,True
L144_gL4,144,2.0,gL,4,L144_gL4,L144_gL4_tau0p45,0.5,1.0,open,0.027777777777777776,0.45,64.80,0.05,1296,"['charge_density_wave', 'left', 'right', 'block_cell9', 'block_cell27']","[['charge_density_wave', 'left'], ['charge_density_wave', 'right'], ['charge_density_wave', 'block_cell9'], ['charge_density_wave', 'block_cell27'], ['left', 'right'], ['block_cell9', 'block_cell27']]",new_size,charge_density_wave,block_cell9,4.962166524566593e-240,0.0,0.0,0.0,7.094005087928223e-12,0.0,0.0,1.3623096922455252e-08,3.371301680200557e-138,False,False,7.094005079410182e-12,2.63416320944054e-21,False,False
L144_gL4,144,2.0,gL,4,L144_gL4,L144_gL4_tau0p45,0.5,1.0,open,0.027777777777777776,0.45,64.80,0.05,1296,"['charge_density_wave', 'left', 'right', 'block_cell9', 'block_cell27']","[['charge_density_wave', 'left'], ['charge_density_wave', 'right'], ['charge_density_wave', 'block_cell9'], ['charge_density_wave', 'block_cell27'], ['left', 'right'], ['block_cell9', 'block_cell27']]",new_size,charge_density_wave,block_cell27,4.962166524566593e-240,0.0,0.0,0.0,1.626668270291059e-09,0.0,0.0,2.4872484943785954e-06,1.0806830150148059e-134,False,False,1.6266682649490318e-09,1.0974084113459796e-16,False,False
L144_gL4,144,2.0,gL,4,L144_gL4,L144_gL4_tau0p45,0.5,1.0,open,0.027777777777777776,0.45,64.80,0.05,1296,"['charge_density_wave', 'left', 'right', 'block_cell9', 'block_cell27']","[['charge_density_wave', 'left'], ['charge_density_wave', 'right'], ['charge_density_wave', 'block_cell9'], ['charge_density_wave', 'block_cell27'], ['left', 'right'], ['block_cell9', 'block_cell27']]",new_size,left,right,1.0,0.0,0.9999996662022417,0.9999996662022417,1.0,0.5846874804841481,0.5843050427285474,0.5850699182397486,9.469862401307058e-107,True,True,1.0,0.5846874800294831,True,True
L144_gL4,144,2.0,gL,4,L144_gL4,L144_gL4_tau0p45,0.5,1.0,open,0.027777777777777776,0.45,64.80,0.05,1296,"['charge_density_wave', 'left', 'right', 'block_cell9', 'block_cell27']","[['charge_density_wave', 'left'], ['charge_density_wave', 'right'], ['charge_density_wave', 'block_cell9'], ['charge_density_wave', 'block_cell27'], ['left', 'right'], ['block_cell9', 'block_cell27']]",new_size,block_cell9,block_cell27,4.962166524566593e-240,0.0,0.0,0.0,1.6337622753789873e-09,0.0,0.0,2.5008715913010508e-06,1.0803458848467857e-134,False,False,1.6266682649490318e-09,1.0973820697138852e-16,False,False
L144_gL4,144,2.0,gL,4,L144_gL4,L144_gL4_tau0p5,0.5,1.0,open,0.027777777777777776,0.5,72.0,0.05,1440,"['charge_density_wave', 'left', 'right', 'block_cell9', 'block_cell27']","[['charge_density_wave', 'left'], ['charge_density_wave', 'right'], ['charge_density_wave', 'block_cell9'], ['charge_density_wave', 'block_cell27'], ['left', 'right'], ['block_cell9', 'block_cell27']]",new_size,charge_density_wave,left,0.9995609153779486,0.9995590264965365,0.9995590264965365,0.9995590264965365,0.9995628042593607,0.007067525315043863,0.005139117574752566,0.008995933055335161,1.29461697076262e-106,True,False,0.999560915637431,0.007067525179138451,True,False
L144_gL4,144,2.0,gL,4,L144_gL4,L144_gL4_tau0p5,0.5,1.0,open,0.027777777777777776,0.5,72.0,0.05,1440,"['charge_density_wave', 'left', 'right', 'block_cell9', 'block_cell27']","[['charge_density_wave', 'left'], ['charge_density_wave', 'right'], ['charge_density_wave', 'block_cell9'], ['charge_density_wave', 'block_cell27'], ['left', 'right'], ['block_cell9', 'block_cell27']]",new_size,charge_density_wave,right,0.9999999840167029,0.9999998363044809,0.9999998363044809,0.9999998363044809,1.0,0.06725399977151482,0.0670760928097273,0.06743190673330235,2.388142116940891e-104,True,False,0.9999999840167029,0.06725401494702773,True,False
L144_gL4,144,2.0,gL,4,L144_gL4,L144_gL4_tau0p5,0.5,1.0,open,0.027777777777777776,0.5,72.0,0.05,1440,"['charge_density_wave', 'left', 'right', 'block_cell9', 'block_cell27']","[['charge_density_wave', 'left'], ['charge_density_wave', 'right'], ['charge_density_wave', 'block_cell9'], ['charge_density_wave', 'block_cell27'], ['left', 'right'], ['block_cell9', 'block_cell27']]",new_size,charge_density_wave,block_cell9,4.962166524566593e-240,0.0,0.0,0.0,3.3287574304870904e-20,0.0,0.0,1.0988678989815301e-16,2.7634532923410686e-146,False,False,3.3287574278213795e-20,2.1374130025213802e-33,False,False
L144_gL4,144,2.0,gL,4,L144_gL4,L144_gL4_tau0p5,0.5,1.0,open,0.027777777777777776,0.5,72.0,0.05,1440,"['charge_density_wave', 'left', 'right', 'block_cell9', 'block_cell27']","[['charge_density_wave', 'left'], ['charge_density_wave', 'right'], ['charge_density_wave', 'block_cell9'], ['charge_density_wave', 'block_cell27'], ['left', 'right'], ['block_cell9', 'block_cell27']]",new_size,charge_density_wave,block_cell27,4.962166524566593e-240,0.0,0.0,0.0,7.469962497212289e-18,0.0,0.0,2.1747796345005387e-14,9.670711224112598e-143,False,False,7.469962493127242e-18,6.174340819060142e-33,False,False
L144_gL4,144,2.0,gL,4,L144_gL4,L144_gL4_tau0p5,0.5,1.0,open,0.027777777777777776,0.5,72.0,0.05,1440,"['charge_density_wave', 'left', 'right', 'block_cell9', 'block_cell27']","[['charge_density_wave', 'left'], ['charge_density_wave', 'right'], ['charge_density_wave', 'block_cell9'], ['charge_density_wave', 'block_cell27'], ['left', 'right'], ['block_cell9', 'block_cell27']]",new_size,left,right,0.9999999840167029,0.0004370320451201352,0.9999979474230687,0.9999979474230687,1.0,0.060186474456470955,0.05808015975439214,0.06229278915854978,2.4009062357450858e-104,True,False,0.9999999840167029,0.06018648976788928,True,False
L144_gL4,144,2.0,gL,4,L144_gL4,L144_gL4_tau0p5,0.5,1.0,open,0.027777777777777776,0.5,72.0,0.05,1440,"['charge_density_wave', 'left', 'right', 'block_cell9', 'block_cell27']","[['charge_density_wave', 'left'], ['charge_density_wave', 'right'], ['charge_density_wave', 'block_cell9'], ['charge_density_wave', 'block_cell27'], ['left', 'right'], ['block_cell9', 'block_cell27']]",new_size,block_cell9,block_cell27,4.962166524566593e-240,0.0,0.0,0.0,7.50325007151716e-18,0.0,0.0,2.1857683134903537e-14,9.667947770820256e-143,False,False,7.469962493127242e-18,4.0369278165387616e-33,False,False
L144_gL4,144,2.0,gL,4,L144_gL4,L144_gL4_tau0p525,0.5,1.0,open,0.027777777777777776,0.525,75.600,0.05,1512,"['charge_density_wave', 'left', 'right', 'block_cell9', 'block_cell27']","[['charge_density_wave', 'left'], ['charge_density_wave', 'right'], ['charge_density_wave', 'block_cell9'], ['charge_density_wave', 'block_cell27'], ['left', 'right'], ['block_cell9', 'block_cell27']]",new_size,charge_density_wave,left,0.0022326453580071752,0.0022308708603797664,0.0022308708603797664,0.0022308708603797664,0.002234419855634584,6.584363916961205e-05,0.0,0.0018854551123490067,2.3263917945160585e-107,False,False,0.0022344126063776042,6.594001671460814e-05,False,False
L144_gL4,144,2.0,gL,4,L144_gL4,L144_gL4_tau0p525,0.5,1.0,open,0.027777777777777776,0.525,75.600,0.05,1512,"['charge_density_wave', 'left', 'right', 'block_cell9', 'block_cell27']","[['charge_density_wave', 'left'], ['charge_density_wave', 'right'], ['charge_density_wave', 'block_cell9'], ['charge_density_wave', 'block_cell27'], ['left', 'right'], ['block_cell9', 'block_cell27']]",new_size,charge_density_wave,right,0.34075940975250024,0.34075917771316394,0.34075917771316394,0.34075917771316394,0.34075964179183654,0.3591162690626724,0.3588443426669606,0.3593881954583843,2.37697241002662e-102,True,True,0.34075958200132556,0.3591165073344699,True,True
L144_gL4,144,2.0,gL,4,L144_gL4,L144_gL4_tau0p525,0.5,1.0,open,0.027777777777777776,0.525,75.600,0.05,1512,"['charge_density_wave', 'left', 'right', 'block_cell9', 'block_cell27']","[['charge_density_wave', 'left'], ['charge_density_wave', 'right'], ['charge_density_wave', 'block_cell9'], ['charge_density_wave', 'block_cell27'], ['left', 'right'], ['block_cell9', 'block_cell27']]",new_size,charge_density_wave,block_cell9,4.962166524566593e-240,0.0,0.0,0.0,2.2948751565812756e-24,0.0,0.0,9.158980294951593e-21,2.3121209563922883e-150,False,False,2.294875155045499e-24,6.197112683597131e-37,False,False
L144_gL4,144,2.0,gL,4,L144_gL4,L144_gL4_tau0p525,0.5,1.0,open,0.027777777777777776,0.525,75.600,0.05,1512,"['charge_density_wave', 'left', 'right', 'block_cell9', 'block_cell27']","[['charge_density_wave', 'left'], ['charge_density_wave', 'right'], ['charge_density_wave', 'block_cell9'], ['charge_density_wave', 'block_cell27'], ['left', 'right'], ['block_cell9', 'block_cell27']]",new_size,charge_density_wave,block_cell27,4.962166524566593e-240,0.0,0.0,0.0,5.097986888530846e-22,0.0,0.0,1.836303999815875e-18,8.20523314592684e-147,False,False,5.09798688622765e-22,3.1860388358743464e-36,False,False
L144_gL4,144,2.0,gL,4,L144_gL4,L144_gL4_tau0p525,0.5,1.0,open,0.027777777777777776,0.525,75.600,0.05,1512,"['charge_density_wave', 'left', 'right', 'block_cell9', 'block_cell27']","[['charge_density_wave', 'left'], ['charge_density_wave', 'right'], ['charge_density_wave', 'block_cell9'], ['charge_density_wave', 'block_cell27'], ['left', 'right'], ['block_cell9', 'block_cell27']]",new_size,left,right,0.34075940975250024,0.33852475785752933,0.3407574032155365,0.3407574032155365,0.34076141628946394,0.3590504254235028,0.3569588875546116,0.36114196329239406,2.376971163542674e-102,True,True,0.34075958200132556,0.3590505673177553,True,True
L144_gL4,144,2.0,gL,4,L144_gL4,L144_gL4_tau0p525,0.5,1.0,open,0.027777777777777776,0.525,75.600,0.05,1512,"['charge_density_wave', 'left', 'right', 'block_cell9', 'block_cell27']","[['charge_density_wave', 'left'], ['charge_density_wave', 'right'], ['charge_density_wave', 'block_cell9'], ['charge_density_wave', 'block_cell27'], ['left', 'right'], ['block_cell9', 'block_cell27']]",new_size,block_cell9,block_cell27,4.962166524566593e-240,0.0,0.0,0.0,5.120935640096659e-22,0.0,0.0,1.8454629801108266e-18,8.202921024970448e-147,False,False,5.09798688622765e-22,2.5663275675146333e-36,False,False
L144_gL4,144,2.0,gL,4,L144_gL4,L144_gL4_tau0p55,0.5,1.0,open,0.027777777777777776,0.55,79.20,0.05,1584,"['charge_density_wave', 'left', 'right', 'block_cell9', 'block_cell27']","[['charge_density_wave', 'left'], ['charge_density_wave', 'right'], ['charge_density_wave', 'block_cell9'], ['charge_density_wave', 'block_cell27'], ['left', 'right'], ['block_cell9', 'block_cell27']]",new_size,charge_density_wave,left,4.962166524566593e-240,0.0,0.0,0.0,1.4902213399769684e-07,0.0,0.0,0.00017938991007026737,1.755838276441046e-108,False,False,1.4902210069482493e-07,7.20377295741263e-13,False,False
L144_gL4,144,2.0,gL,4,L144_gL4,L144_gL4_tau0p55,0.5,1.0,open,0.027777777777777776,0.55,79.20,0.05,1584,"['charge_density_wave', 'left', 'right', 'block_cell9', 'block_cell27']","[['charge_density_wave', 'left'], ['charge_density_wave', 'right'], ['charge_density_wave', 'block_cell9'], ['charge_density_wave', 'block_cell27'], ['left', 'right'], ['block_cell9', 'block_cell27']]",new_size,charge_density_wave,right,2.2741275839473344e-05,2.180934498657392e-05,2.180934498657392e-05,2.180934498657392e-05,2.367320669237277e-05,1.157554131856367e-08,0.0,0.0009988480612320603,1.3503571279551087e-106,False,False,2.3672848812457817e-05,1.2498328651528114e-08,False,False
L144_gL4,144,2.0,gL,4,L144_gL4,L144_gL4_tau0p55,0.5,1.0,open,0.027777777777777776,0.55,79.20,0.05,1584,"['charge_density_wave', 'left', 'right', 'block_cell9', 'block_cell27']","[['charge_density_wave', 'left'], ['charge_density_wave', 'right'], ['charge_density_wave', 'block_cell9'], ['charge_density_wave', 'block_cell27'], ['left', 'right'], ['block_cell9', 'block_cell27']]",new_size,charge_density_wave,block_cell9,4.962166524566593e-240,0.0,0.0,0.0,1.5877914283092098e-28,0.0,0.0,7.432011506191889e-25,1.881184750706534e-154,False,False,1.587791427411903e-28,1.5957917223126779e-40,False,False
L144_gL4,144,2.0,gL,4,L144_gL4,L144_gL4_tau0p55,0.5,1.0,open,0.027777777777777776,0.55,79.20,0.05,1584,"['charge_density_wave', 'left', 'right', 'block_cell9', 'block_cell27']","[['charge_density_wave', 'left'], ['charge_density_wave', 'right'], ['charge_density_wave', 'block_cell9'], ['charge_density_wave', 'block_cell27'], ['left', 'right'], ['block_cell9', 'block_cell27']]",new_size,charge_density_wave,block_cell27,4.962166524566593e-240,0.0,0.0,0.0,3.49299849112601e-26,0.0,0.0,1.4993292706348915e-22,6.721447055029299e-151,False,False,3.4929984898079957e-26,8.470784172435794e-40,False,False
L144_gL4,144,2.0,gL,4,L144_gL4,L144_gL4_tau0p55,0.5,1.0,open,0.027777777777777776,0.55,79.20,0.05,1584,"['charge_density_wave', 'left', 'right', 'block_cell9', 'block_cell27']","[['charge_density_wave', 'left'], ['charge_density_wave', 'right'], ['charge_density_wave', 'block_cell9'], ['charge_density_wave', 'block_cell27'], ['left', 'right'], ['block_cell9', 'block_cell27']]",new_size,left,right,2.2741275839473344e-05,2.1660322852576222e-05,2.1660322852576222e-05,2.1660322852576222e-05,2.3822228826370467e-05,1.157554131856367e-08,0.0,0.0011782379713023278,1.3503726419049045e-106,False,False,2.3672848812457817e-05,1.2497608274232372e-08,False,False
L144_gL4,144,2.0,gL,4,L144_gL4,L144_gL4_tau0p55,0.5,1.0,open,0.027777777777777776,0.55,79.20,0.05,1584,"['charge_density_wave', 'left', 'right', 'block_cell9', 'block_cell27']","[['charge_density_wave', 'left'], ['charge_density_wave', 'right'], ['charge_density_wave', 'block_cell9'], ['charge_density_wave', 'block_cell27'], ['left', 'right'], ['block_cell9', 'block_cell27']]",new_size,block_cell9,block_cell27,4.962166524566593e-240,0.0,0.0,0.0,3.508876405409102e-26,0.0,0.0,1.5067612821410834e-22,6.719565870278593e-151,False,False,3.4929984898079957e-26,6.8749924501231155e-40,False,False
L144_gL4,144,2.0,gL,4,L144_gL4,L144_gL4_tau0p575,0.5,1.0,open,0.027777777777777776,0.575,82.800,0.05,1656,"['charge_density_wave', 'left', 'right', 'block_cell9', 'block_cell27']","[['charge_density_wave', 'left'], ['charge_density_wave', 'right'], ['charge_density_wave', 'block_cell9'], ['charge_density_wave', 'block_cell27'], ['left', 'right'], ['block_cell9', 'block_cell27']]",new_size,charge_density_wave,left,4.962166524566593e-240,0.0,0.0,0.0,9.998811892689147e-12,0.0,0.0,1.895430724262647e-08,1.8981000519430929e-112,False,False,9.998811891069406e-12,5.1644835534910645e-21,False,False
L144_gL4,144,2.0,gL,4,L144_gL4,L144_gL4_tau0p575,0.5,1.0,open,0.027777777777777776,0.575,82.800,0.05,1656,"['charge_density_wave', 'left', 'right', 'block_cell9', 'block_cell27']","[['charge_density_wave', 'left'], ['charge_density_wave', 'right'], ['charge_density_wave', 'block_cell9'], ['charge_density_wave', 'block_cell27'], ['left', 'right'], ['block_cell9', 'block_cell27']]",new_size,charge_density_wave,right,4.962166524566593e-240,0.0,0.0,0.0,1.5567665497938622e-09,0.0,0.0,2.3852888417650693e-06,1.2965187288723384e-107,False,False,1.5567665460305213e-09,1.007247519224213e-16,False,False
L144_gL4,144,2.0,gL,4,L144_gL4,L144_gL4_tau0p575,0.5,1.0,open,0.027777777777777776,0.575,82.800,0.05,1656,"['charge_density_wave', 'left', 'right', 'block_cell9', 'block_cell27']","[['charge_density_wave', 'left'], ['charge_density_wave', 'right'], ['charge_density_wave', 'block_cell9'], ['charge_density_wave', 'block_cell27'], ['left', 'right'], ['block_cell9', 'block_cell27']]",new_size,charge_density_wave,block_cell9,4.962166524566593e-240,0.0,0.0,0.0,1.1020709428916806e-32,0.0,0.0,5.918295416890923e-29,1.501000585827905e-158,False,False,1.1020709423608214e-32,3.702344132524265e-44,False,False
L144_gL4,144,2.0,gL,4,L144_gL4,L144_gL4_tau0p575,0.5,1.0,open,0.027777777777777776,0.575,82.800,0.05,1656,"['charge_density_wave', 'left', 'right', 'block_cell9', 'block_cell27']","[['charge_density_wave', 'left'], ['charge_density_wave', 'right'], ['charge_density_wave', 'block_cell9'], ['charge_density_wave', 'block_cell27'], ['left', 'right'], ['block_cell9', 'block_cell27']]",new_size,charge_density_wave,block_cell27,4.962166524566593e-240,0.0,0.0,0.0,2.4017259354708926e-30,0.0,0.0,1.1966595372110244e-26,5.377231197748986e-155,False,False,2.4017259347066384e-30,2.0266007116288147e-43,False,False
L144_gL4,144,2.0,gL,4,L144_gL4,L144_gL4_tau0p575,0.5,1.0,open,0.027777777777777776,0.575,82.800,0.05,1656,"['charge_density_wave', 'left', 'right', 'block_cell9', 'block_cell27']","[['charge_density_wave', 'left'], ['charge_density_wave', 'right'], ['charge_density_wave', 'block_cell9'], ['charge_density_wave', 'block_cell27'], ['left', 'right'], ['block_cell9', 'block_cell27']]",new_size,left,right,4.962166524566593e-240,0.0,0.0,0.0,1.5667653616865513e-09,0.0,0.0,2.4042431490076956e-06,1.2965377098728577e-107,False,False,1.5567665460305213e-09,1.007195874388678e-16,False,False
L144_gL4,144,2.0,gL,4,L144_gL4,L144_gL4_tau0p575,0.5,1.0,open,0.027777777777777776,0.575,82.800,0.05,1656,"['charge_density_wave', 'left', 'right', 'block_cell9', 'block_cell27']","[['charge_density_wave', 'left'], ['charge_density_wave', 'right'], ['charge_density_wave', 'block_cell9'], ['charge_density_wave', 'block_cell27'], ['left', 'right'], ['block_cell9', 'block_cell27']]",new_size,block_cell9,block_cell27,4.962166524566593e-240,0.0,0.0,0.0,2.4127466448998095e-30,0.0,0.0,1.2025778326279153e-26,5.375730197163158e-155,False,False,2.4017259347066384e-30,1.6563662983763884e-43,False,False
L144_gL4,144,2.0,gL,4,L144_gL4,L144_gL4_tau0p6,0.5,1.0,open,0.027777777777777776,0.6,86.4,0.05,1728,"['charge_density_wave', 'left', 'right', 'block_cell9', 'block_cell27']","[['charge_density_wave', 'left'], ['charge_density_wave', 'right'], ['charge_density_wave', 'block_cell9'], ['charge_density_wave', 'block_cell27'], ['left', 'right'], ['block_cell9', 'block_cell27']]",new_size,charge_density_wave,left,4.962166524566593e-240,0.0,0.0,0.0,6.744447271107203e-16,0.0,0.0,1.7448898242981925e-12,1.7656285508805292e-116,False,False,6.744447270313912e-16,3.2232933621191326e-29,False,False
L144_gL4,144,2.0,gL,4,L144_gL4,L144_gL4_tau0p6,0.5,1.0,open,0.027777777777777776,0.6,86.4,0.05,1728,"['charge_density_wave', 'left', 'right', 'block_cell9', 'block_cell27']","[['charge_density_wave', 'left'], ['charge_density_wave', 'right'], ['charge_density_wave', 'block_cell9'], ['charge_density_wave', 'block_cell27'], ['left', 'right'], ['block_cell9', 'block_cell27']]",new_size,charge_density_wave,right,4.962166524566593e-240,0.0,0.0,0.0,1.0299542500403374e-13,0.0,0.0,2.2917456517609986e-10,1.2646532638028473e-111,False,False,1.0299542499690635e-13,6.450567071900946e-25,False,False
L144_gL4,144,2.0,gL,4,L144_gL4,L144_gL4_tau0p6,0.5,1.0,open,0.027777777777777776,0.6,86.4,0.05,1728,"['charge_density_wave', 'left', 'right', 'block_cell9', 'block_cell27']","[['charge_density_wave', 'left'], ['charge_density_wave', 'right'], ['charge_density_wave', 'block_cell9'], ['charge_density_wave', 'block_cell27'], ['left', 'right'], ['block_cell9', 'block_cell27']]",new_size,charge_density_wave,block_cell9,4.962166524566593e-240,0.0,0.0,0.0,7.671133912838396e-37,0.0,0.0,4.648238635083013e-33,1.1806836033873174e-162,False,False,7.671133909662437e-37,7.832941570173675e-48,False,False
L144_gL4,144,2.0,gL,4,L144_gL4,L144_gL4_tau0p6,0.5,1.0,open,0.027777777777777776,0.6,86.4,0.05,1728,"['charge_density_wave', 'left', 'right', 'block_cell9', 'block_cell27']","[['charge_density_wave', 'left'], ['charge_density_wave', 'right'], ['charge_density_wave', 'block_cell9'], ['charge_density_wave', 'block_cell27'], ['left', 'right'], ['block_cell9', 'block_cell27']]",new_size,charge_density_wave,block_cell27,4.962166524566593e-240,0.0,0.0,0.0,1.656572923076301e-34,0.0,0.0,9.396721451480961e-31,4.229955567062242e-159,False,False,1.6565729226278987e-34,4.415818335388717e-47,False,False
L144_gL4,144,2.0,gL,4,L144_gL4,L144_gL4_tau0p6,0.5,1.0,open,0.027777777777777776,0.6,86.4,0.05,1728,"['charge_density_wave', 'left', 'right', 'block_cell9', 'block_cell27']","[['charge_density_wave', 'left'], ['charge_density_wave', 'right'], ['charge_density_wave', 'block_cell9'], ['charge_density_wave', 'block_cell27'], ['left', 'right'], ['block_cell9', 'block_cell27']]",new_size,left,right,4.962166524566593e-240,0.0,0.0,0.0,1.0366986973114445e-13,0.0,0.0,2.3091945500039807e-10,1.264670920088356e-111,False,False,1.0299542499690635e-13,6.450244742564734e-25,False,False
L144_gL4,144,2.0,gL,4,L144_gL4,L144_gL4_tau0p6,0.5,1.0,open,0.027777777777777776,0.6,86.4,0.05,1728,"['charge_density_wave', 'left', 'right', 'block_cell9', 'block_cell27']","[['charge_density_wave', 'left'], ['charge_density_wave', 'right'], ['charge_density_wave', 'block_cell9'], ['charge_density_wave', 'block_cell27'], ['left', 'right'], ['block_cell9', 'block_cell27']]",new_size,block_cell9,block_cell27,4.962166524566593e-240,0.0,0.0,0.0,1.6642440569891393e-34,0.0,0.0,9.443203837831792e-31,4.2287748834588547e-159,False,False,1.6565729226278987e-34,3.6325241783713493e-47,False,False
L144_gL4,144,2.0,gL,4,L144_gL4,L144_gL4_tau0p65,0.5,1.0,open,0.027777777777777776,0.65,93.60,0.05,1872,"['charge_density_wave', 'left', 'right', 'block_cell9', 'block_cell27']","[['charge_density_wave', 'left'], ['charge_density_wave', 'right'], ['charge_density_wave', 'block_cell9'], ['charge_density_wave', 'block_cell27'], ['left', 'right'], ['block_cell9', 'block_cell27']]",new_size,charge_density_wave,left,4.962166524566593e-240,0.0,0.0,0.0,3.1106250228468102e-24,0.0,0.0,1.2346567594102743e-20,1.2615931146219828e-124,False,False,3.1106250226040394e-24,2.6908497689393035e-40,False,False
L144_gL4,144,2.0,gL,4,L144_gL4,L144_gL4_tau0p65,0.5,1.0,open,0.027777777777777776,0.65,93.60,0.05,1872,"['charge_density_wave', 'left', 'right', 'block_cell9', 'block_cell27']","[['charge_density_wave', 'left'], ['charge_density_wave', 'right'], ['charge_density_wave', 'block_cell9'], ['charge_density_wave', 'block_cell27'], ['left', 'right'], ['block_cell9', 'block_cell27']]",new_size,charge_density_wave,right,4.962166524566593e-240,0.0,0.0,0.0,4.578754571090377e-22,0.0,0.0,1.6528168657751103e-18,9.235909057579199e-120,False,False,4.578754570888968e-22,7.955824031099973e-40,False,False
L144_gL4,144,2.0,gL,4,L144_gL4,L144_gL4_tau0p65,0.5,1.0,open,0.027777777777777776,0.65,93.60,0.05,1872,"['charge_density_wave', 'left', 'right', 'block_cell9', 'block_cell27']","[['charge_density_wave', 'left'], ['charge_density_wave', 'right'], ['charge_density_wave', 'block_cell9'], ['charge_density_wave', 'block_cell27'], ['left', 'right'], ['block_cell9', 'block_cell27']]",new_size,charge_density_wave,block_cell9,4.962166524566593e-240,0.0,0.0,0.0,3.744359155897177e-45,0.0,0.0,2.7847988500127795e-41,7.089055741821317e-171,False,False,3.744359154726695e-45,2.7658019507520723e-55,False,False
L144_gL4,144,2.0,gL,4,L144_gL4,L144_gL4_tau0p65,0.5,1.0,open,0.027777777777777776,0.65,93.60,0.05,1872,"['charge_density_wave', 'left', 'right', 'block_cell9', 'block_cell27']","[['charge_density_wave', 'left'], ['charge_density_wave', 'right'], ['charge_density_wave', 'block_cell9'], ['charge_density_wave', 'block_cell27'], ['left', 'right'], ['block_cell9', 'block_cell27']]",new_size,charge_density_wave,block_cell27,4.962166524566593e-240,0.0,0.0,0.0,7.945759443379944e-43,0.0,0.0,5.6030106603826674e-39,2.5285250102320746e-167,False,False,7.945759441788363e-43,1.6476212509157305e-54,False,False
L144_gL4,144,2.0,gL,4,L144_gL4,L144_gL4_tau0p65,0.5,1.0,open,0.027777777777777776,0.65,93.60,0.05,1872,"['charge_density_wave', 'left', 'right', 'block_cell9', 'block_cell27']","[['charge_density_wave', 'left'], ['charge_density_wave', 'right'], ['charge_density_wave', 'block_cell9'], ['charge_density_wave', 'block_cell27'], ['left', 'right'], ['block_cell9', 'block_cell27']]",new_size,left,right,4.962166524566593e-240,0.0,0.0,0.0,4.609860821318844e-22,0.0,0.0,1.665163433369213e-18,9.236035216890661e-120,False,False,4.578754570888968e-22,5.264974262160671e-40,False,False
L144_gL4,144,2.0,gL,4,L144_gL4,L144_gL4_tau0p65,0.5,1.0,open,0.027777777777777776,0.65,93.60,0.05,1872,"['charge_density_wave', 'left', 'right', 'block_cell9', 'block_cell27']","[['charge_density_wave', 'left'], ['charge_density_wave', 'right'], ['charge_density_wave', 'block_cell9'], ['charge_density_wave', 'block_cell27'], ['left', 'right'], ['block_cell9', 'block_cell27']]",new_size,block_cell9,block_cell27,4.962166524566593e-240,0.0,0.0,0.0,7.983203034938915e-43,0.0,0.0,5.630858648882795e-39,2.5278161046578927e-167,False,False,7.945759441788368e-43,1.3710410558405234e-54,False,False
L144_g0p25,144,2.0,g,0.25,L144_g0p25,L144_g0p25_tau0p45,0.5,1.0,open,0.25,0.45,64.80,0.05,1296,"['charge_density_wave', 'left', 'right', 'block_cell9', 'block_cell27']","[['charge_density_wave', 'left'], ['charge_density_wave', 'right'], ['charge_density_wave', 'block_cell9'], ['charge_density_wave', 'block_cell27'], ['left', 'right'], ['block_cell9', 'block_cell27']]",new_size,charge_density_wave,left,0.9999999934105808,0.9999997334028862,0.9999997334028862,0.9999997334028862,1.0,0.6476312943194166,0.6473287223453729,0.6479338662934603,9.434679259178497e-107,True,True,0.9999999934105808,0.6476313202395508,True,True
L144_g0p25,144,2.0,g,0.25,L144_g0p25,L144_g0p25_tau0p45,0.5,1.0,open,0.25,0.45,64.80,0.05,1296,"['charge_density_wave', 'left', 'right', 'block_cell9', 'block_cell27']","[['charge_density_wave', 'left'], ['charge_density_wave', 'right'], ['charge_density_wave', 'block_cell9'], ['charge_density_wave', 'block_cell27'], ['left', 'right'], ['block_cell9', 'block_cell27']]",new_size,charge_density_wave,right,1.0,0.9999999987867806,0.9999999987867806,0.9999999987867806,1.0,0.013282924111758118,0.013281043428537488,0.013284804794978749,1.2577858511673448e-109,True,False,1.0,0.013282924112272342,True,False
L144_g0p25,144,2.0,g,0.25,L144_g0p25,L144_g0p25_tau0p45,0.5,1.0,open,0.25,0.45,64.80,0.05,1296,"['charge_density_wave', 'left', 'right', 'block_cell9', 'block_cell27']","[['charge_density_wave', 'left'], ['charge_density_wave', 'right'], ['charge_density_wave', 'block_cell9'], ['charge_density_wave', 'block_cell27'], ['left', 'right'], ['block_cell9', 'block_cell27']]",new_size,charge_density_wave,block_cell9,4.944236165524621e-240,0.0,0.0,0.0,2.1381961229568363e-16,0.0,0.0,5.70868584936758e-13,7.709682490791919e-143,False,False,2.1381961114790268e-16,1.1782861112844152e-26,False,False
L144_g0p25,144,2.0,g,0.25,L144_g0p25,L144_g0p25_tau0p45,0.5,1.0,open,0.25,0.45,64.80,0.05,1296,"['charge_density_wave', 'left', 'right', 'block_cell9', 'block_cell27']","[['charge_density_wave', 'left'], ['charge_density_wave', 'right'], ['charge_density_wave', 'block_cell9'], ['charge_density_wave', 'block_cell27'], ['left', 'right'], ['block_cell9', 'block_cell27']]",new_size,charge_density_wave,block_cell27,0.00028718764434536553,0.0002828541580885217,0.0002828541580885217,0.0002828541580885217,0.0002915211306022094,1.4277342341783792e-06,0.0,0.0041665051570977715,1.0170517680993815e-131,False,False,0.00029150413215406416,1.46843966700635e-06,False,False
L144_g0p25,144,2.0,g,0.25,L144_g0p25,L144_g0p25_tau0p45,0.5,1.0,open,0.25,0.45,64.80,0.05,1296,"['charge_density_wave', 'left', 'right', 'block_cell9', 'block_cell27']","[['charge_density_wave', 'left'], ['charge_density_wave', 'right'], ['charge_density_wave', 'block_cell9'], ['charge_density_wave', 'block_cell27'], ['left', 'right'], ['block_cell9', 'block_cell27']]",new_size,left,right,1.0,0.0,0.9999997387790861,0.9999997387790861,1.0,0.6343483702076584,0.6340439175503941,0.6346528228649227,9.44725711769017e-107,True,True,1.0,0.6343483961272786,True,True
L144_g0p25,144,2.0,g,0.25,L144_g0p25,L144_g0p25_tau0p45,0.5,1.0,open,0.25,0.45,64.80,0.05,1296,"['charge_density_wave', 'left', 'right', 'block_cell9', 'block_cell27']","[['charge_density_wave', 'left'], ['charge_density_wave', 'right'], ['charge_density_wave', 'block_cell9'], ['charge_density_wave', 'block_cell27'], ['left', 'right'], ['block_cell9', 'block_cell27']]",new_size,block_cell9,block_cell27,0.00028718764434536553,0.0002828541580883079,0.0002828541580883079,0.0002828541580883079,0.0002915211306024232,1.4277342341783792e-06,0.0,0.00416650515766864,1.0170517680993785e-131,False,False,0.00029150413215406416,1.46843966700635e-06,False,False
L144_g0p25,144,2.0,g,0.25,L144_g0p25,L144_g0p25_tau0p5,0.5,1.0,open,0.25,0.5,72.0,0.05,1440,"['charge_density_wave', 'left', 'right', 'block_cell9', 'block_cell27']","[['charge_density_wave', 'left'], ['charge_density_wave', 'right'], ['charge_density_wave', 'block_cell9'], ['charge_density_wave', 'block_cell27'], ['left', 'right'], ['block_cell9', 'block_cell27']]",new_size,charge_density_wave,left,4.6939411002749764e-05,4.5355709723924374e-05,4.5355709723924374e-05,4.5355709723924374e-05,4.852311228157515e-05,4.612252659205642e-08,0.0,0.0016369813747980585,5.128856737678948e-109,False,False,4.85199196085434e-05,4.9124898825701004e-08,False,False
L144_g0p25,144,2.0,g,0.25,L144_g0p25,L144_g0p25_tau0p5,0.5,1.0,open,0.25,0.5,72.0,0.05,1440,"['charge_density_wave', 'left', 'right', 'block_cell9', 'block_cell27']","[['charge_density_wave', 'left'], ['charge_density_wave', 'right'], ['charge_density_wave', 'block_cell9'], ['charge_density_wave', 'block_cell27'], ['left', 'right'], ['block_cell9', 'block_cell27']]",new_size,charge_density_wave,right,1.0,0.9999995060942548,0.9999995060942548,0.9999995060942548,1.0,0.49416149391075265,0.4936095511268211,0.49471343669468426,3.294518996688682e-105,True,True,1.0,0.4941614908668037,True,True
L144_g0p25,144,2.0,g,0.25,L144_g0p25,L144_g0p25_tau0p5,0.5,1.0,open,0.25,0.5,72.0,0.05,1440,"['charge_density_wave', 'left', 'right', 'block_cell9', 'block_cell27']","[['charge_density_wave', 'left'], ['charge_density_wave', 'right'], ['charge_density_wave', 'block_cell9'], ['charge_density_wave', 'block_cell27'], ['left', 'right'], ['block_cell9', 'block_cell27']]",new_size,charge_density_wave,block_cell9,4.944236165524621e-240,0.0,0.0,0.0,1.2394040128867557e-24,0.0,0.0,5.001507853352437e-21,6.817321141894985e-151,False,False,1.2394040081183708e-24,1.5597013160920173e-33,False,False
L144_g0p25,144,2.0,g,0.25,L144_g0p25,L144_g0p25_tau0p5,0.5,1.0,open,0.25,0.5,72.0,0.05,1440,"['charge_density_wave', 'left', 'right', 'block_cell9', 'block_cell27']","[['charge_density_wave', 'left'], ['charge_density_wave', 'right'], ['charge_density_wave', 'block_cell9'], ['charge_density_wave', 'block_cell27'], ['left', 'right'], ['block_cell9', 'block_cell27']]",new_size,charge_density_wave,block_cell27,4.944236165524621e-240,0.0,0.0,0.0,1.3848370228326429e-12,0.0,0.0,2.822286196706671e-09,9.49778864945786e-137,False,False,1.3848370226939003e-12,1.0664907114504993e-22,False,False
L144_g0p25,144,2.0,g,0.25,L144_g0p25,L144_g0p25_tau0p5,0.5,1.0,open,0.25,0.5,72.0,0.05,1440,"['charge_density_wave', 'left', 'right', 'block_cell9', 'block_cell27']","[['charge_density_wave', 'left'], ['charge_density_wave', 'right'], ['charge_density_wave', 'block_cell9'], ['charge_density_wave', 'block_cell27'], ['left', 'right'], ['block_cell9', 'block_cell27']]",new_size,left,right,1.0,0.9999509829819732,0.9999979223929759,0.9999979223929759,1.0,0.49416144778822607,0.491972569752023,0.4963503258244292,3.2945195783429325e-105,True,True,1.0,0.4941614417419049,True,True
L144_g0p25,144,2.0,g,0.25,L144_g0p25,L144_g0p25_tau0p5,0.5,1.0,open,0.25,0.5,72.0,0.05,1440,"['charge_density_wave', 'left', 'right', 'block_cell9', 'block_cell27']","[['charge_density_wave', 'left'], ['charge_density_wave', 'right'], ['charge_density_wave', 'block_cell9'], ['charge_density_wave', 'block_cell27'], ['left', 'right'], ['block_cell9', 'block_cell27']]",new_size,block_cell9,block_cell27,4.944236165524621e-240,0.0,0.0,0.0,1.3848370228338822e-12,0.0,0.0,2.8222861967116727e-09,9.497788649457928e-137,False,False,1.3848370226939003e-12,1.0664907114660963e-22,False,False
L144_g0p25,144,2.0,g,0.25,L144_g0p25,L144_g0p25_tau0p525,0.5,1.0,open,0.25,0.525,75.600,0.05,1512,"['charge_density_wave', 'left', 'right', 'block_cell9', 'block_cell27']","[['charge_density_wave', 'left'], ['charge_density_wave', 'right'], ['charge_density_wave', 'block_cell9'], ['charge_density_wave', 'block_cell27'], ['left', 'right'], ['block_cell9', 'block_cell27']]",new_size,charge_density_wave,left,4.944236165524621e-240,0.0,0.0,0.0,3.6519687681304757e-09,0.0,0.0,5.3713739443212214e-06,5.39941297596733e-110,False,False,3.6519687410772257e-09,5.315544967718905e-16,False,False
L144_g0p25,144,2.0,g,0.25,L144_g0p25,L144_g0p25_tau0p525,0.5,1.0,open,0.25,0.525,75.600,0.05,1512,"['charge_density_wave', 'left', 'right', 'block_cell9', 'block_cell27']","[['charge_density_wave', 'left'], ['charge_density_wave', 'right'], ['charge_density_wave', 'block_cell9'], ['charge_density_wave', 'block_cell27'], ['left', 'right'], ['block_cell9', 'block_cell27']]",new_size,charge_density_wave,right,0.9999999999983734,0.9999979619548204,0.9999979619548204,0.9999979619548204,1.0,0.28692377186110063,0.2848542336367289,0.28899331008547235,7.93129707917842e-104,True,True,0.9999999999983734,0.28692372894034934,True,True
L144_g0p25,144,2.0,g,0.25,L144_g0p25,L144_g0p25_tau0p525,0.5,1.0,open,0.25,0.525,75.600,0.05,1512,"['charge_density_wave', 'left', 'right', 'block_cell9', 'block_cell27']","[['charge_density_wave', 'left'], ['charge_density_wave', 'right'], ['charge_density_wave', 'block_cell9'], ['charge_density_wave', 'block_cell27'], ['left', 'right'], ['block_cell9', 'block_cell27']]",new_size,charge_density_wave,block_cell9,4.944236165524621e-240,0.0,0.0,0.0,9.481351082078516e-29,0.0,0.0,4.473155563062964e-25,6.1129346949221e-155,False,False,9.481351050674339e-29,4.567471648260783e-37,False,False
L144_g0p25,144,2.0,g,0.25,L144_g0p25,L144_g0p25_tau0p525,0.5,1.0,open,0.25,0.525,75.600,0.05,1512,"['charge_density_wave', 'left', 'right', 'block_cell9', 'block_cell27']","[['charge_density_wave', 'left'], ['charge_density_wave', 'right'], ['charge_density_wave', 'block_cell9'], ['charge_density_wave', 'block_cell27'], ['left', 'right'], ['block_cell9', 'block_cell27']]",new_size,charge_density_wave,block_cell27,4.944236165524621e-240,0.0,0.0,0.0,9.6227394206386e-17,0.0,0.0,2.624454820839459e-13,8.913303094455072e-141,False,False,9.622739419894551e-17,6.92245894914568e-31,False,False
L144_g0p25,144,2.0,g,0.25,L144_g0p25,L144_g0p25_tau0p525,0.5,1.0,open,0.25,0.525,75.600,0.05,1512,"['charge_density_wave', 'left', 'right', 'block_cell9', 'block_cell27']","[['charge_density_wave', 'left'], ['charge_density_wave', 'right'], ['charge_density_wave', 'block_cell9'], ['charge_density_wave', 'block_cell27'], ['left', 'right'], ['block_cell9', 'block_cell27']]",new_size,left,right,0.9999999999983734,0.9999979583028517,0.9999979583028517,0.9999979583028517,1.0,0.28692377186110063,0.2848488622627846,0.2889986814594167,7.931291679765445e-104,True,True,0.9999999999983734,0.2869237289403488,True,True
L144_g0p25,144,2.0,g,0.25,L144_g0p25,L144_g0p25_tau0p525,0.5,1.0,open,0.25,0.525,75.600,0.05,1512,"['charge_density_wave', 'left', 'right', 'block_cell9', 'block_cell27']","[['charge_density_wave', 'left'], ['charge_density_wave', 'right'], ['charge_density_wave', 'block_cell9'], ['charge_density_wave', 'block_cell27'], ['left', 'right'], ['block_cell9', 'block_cell27']]",new_size,block_cell9,block_cell27,4.944236165524621e-240,0.0,0.0,0.0,9.622739420648081e-17,0.0,0.0,2.624454820843932e-13,8.913303094455134e-141,False,False,9.622739419894551e-17,6.922463516617328e-31,False,False
L144_g0p25,144,2.0,g,0.25,L144_g0p25,L144_g0p25_tau0p55,0.5,1.0,open,0.25,0.55,79.20,0.05,1584,"['charge_density_wave', 'left', 'right', 'block_cell9', 'block_cell27']","[['charge_density_wave', 'left'], ['charge_density_wave', 'right'], ['charge_density_wave', 'block_cell9'], ['charge_density_wave', 'block_cell27'], ['left', 'right'], ['block_cell9', 'block_cell27']]",precision_cost_pilot,charge_density_wave,left,4.944236165524621e-240,0.0,0.0,0.0,2.7612178805589426e-13,0.0,0.0,5.94791534298707e-10,6.076098061304392e-114,False,False,2.761217876389328e-13,4.480348726255579e-24,False,False
L144_g0p25,144,2.0,g,0.25,L144_g0p25,L144_g0p25_tau0p55,0.5,1.0,open,0.25,0.55,79.20,0.05,1584,"['charge_density_wave', 'left', 'right', 'block_cell9', 'block_cell27']","[['charge_density_wave', 'left'], ['charge_density_wave', 'right'], ['charge_density_wave', 'block_cell9'], ['charge_density_wave', 'block_cell27'], ['left', 'right'], ['block_cell9', 'block_cell27']]",precision_cost_pilot,charge_density_wave,right,0.9995807443437569,0.9995791760509137,0.9995791760509137,0.9995791760509137,0.9995823126365999,0.006777379139370302,0.00515526626277547,0.008399492015965133,6.929782458795264e-104,True,False,0.9995807447800985,0.006777373228250333,True,False
L144_g0p25,144,2.0,g,0.25,L144_g0p25,L144_g0p25_tau0p55,0.5,1.0,open,0.25,0.55,79.20,0.05,1584,"['charge_density_wave', 'left', 'right', 'block_cell9', 'block_cell27']","[['charge_density_wave', 'left'], ['charge_density_wave', 'right'], ['charge_density_wave', 'block_cell9'], ['charge_density_wave', 'block_cell27'], ['left', 'right'], ['block_cell9', 'block_cell27']]",precision_cost_pilot,charge_density_wave,block_cell9,4.944236165524621e-240,0.0,0.0,0.0,7.27234973260306e-33,0.0,0.0,3.927133187279045e-29,5.377076326947792e-159,False,False,7.272349711670147e-33,1.186320897520037e-40,False,False
L144_g0p25,144,2.0,g,0.25,L144_g0p25,L144_g0p25_tau0p55,0.5,1.0,open,0.25,0.55,79.20,0.05,1584,"['charge_density_wave', 'left', 'right', 'block_cell9', 'block_cell27']","[['charge_density_wave', 'left'], ['charge_density_wave', 'right'], ['charge_density_wave', 'block_cell9'], ['charge_density_wave', 'block_cell27'], ['left', 'right'], ['block_cell9', 'block_cell27']]",precision_cost_pilot,charge_density_wave,block_cell27,4.944236165524621e-240,0.0,0.0,0.0,6.715525592094424e-21,0.0,0.0,2.2942856287626832e-17,7.8341746395853e-145,False,False,6.715525591681283e-21,2.5839132277177843e-39,False,False
L144_g0p25,144,2.0,g,0.25,L144_g0p25,L144_g0p25_tau0p55,0.5,1.0,open,0.25,0.55,79.20,0.05,1584,"['charge_density_wave', 'left', 'right', 'block_cell9', 'block_cell27']","[['charge_density_wave', 'left'], ['charge_density_wave', 'right'], ['charge_density_wave', 'block_cell9'], ['charge_density_wave', 'block_cell27'], ['left', 'right'], ['block_cell9', 'block_cell27']]",precision_cost_pilot,left,right,0.9995807443437569,0.9995791760506376,0.9995791760506376,0.9995791760506376,0.999582312636876,0.006777379139370302,0.0051552656679839355,0.008399492610756667,6.929782458187655e-104,True,False,0.9995807447800985,0.006777373228250333,True,False
L144_g0p25,144,2.0,g,0.25,L144_g0p25,L144_g0p25_tau0p55,0.5,1.0,open,0.25,0.55,79.20,0.05,1584,"['charge_density_wave', 'left', 'right', 'block_cell9', 'block_cell27']","[['charge_density_wave', 'left'], ['charge_density_wave', 'right'], ['charge_density_wave', 'block_cell9'], ['charge_density_wave', 'block_cell27'], ['left', 'right'], ['block_cell9', 'block_cell27']]",precision_cost_pilot,block_cell9,block_cell27,4.944236165524621e-240,0.0,0.0,0.0,6.715525592101697e-21,0.0,0.0,2.2942856287666102e-17,7.834174639585354e-145,False,False,6.715525591681283e-21,2.702545317469788e-39,False,False
L144_g0p25,144,2.0,g,0.25,L144_g0p25,L144_g0p25_tau0p575,0.5,1.0,open,0.25,0.575,82.800,0.05,1656,"['charge_density_wave', 'left', 'right', 'block_cell9', 'block_cell27']","[['charge_density_wave', 'left'], ['charge_density_wave', 'right'], ['charge_density_wave', 'block_cell9'], ['charge_density_wave', 'block_cell27'], ['left', 'right'], ['block_cell9', 'block_cell27']]",new_size,charge_density_wave,left,4.944236165524621e-240,0.0,0.0,0.0,2.095886637648066e-17,0.0,0.0,5.946210286976184e-14,6.124501748195905e-118,False,False,2.0958866349940064e-17,2.9591757941797086e-30,False,False
L144_g0p25,144,2.0,g,0.25,L144_g0p25,L144_g0p25_tau0p575,0.5,1.0,open,0.25,0.575,82.800,0.05,1656,"['charge_density_wave', 'left', 'right', 'block_cell9', 'block_cell27']","[['charge_density_wave', 'left'], ['charge_density_wave', 'right'], ['charge_density_wave', 'block_cell9'], ['charge_density_wave', 'block_cell27'], ['left', 'right'], ['block_cell9', 'block_cell27']]",new_size,charge_density_wave,right,0.002166899253600392,0.0021644865171336907,0.0021644865171336907,0.0021644865171336907,0.002169311990067093,6.230355258538373e-05,0.0,0.0024830064902959543,1.2289227077335452e-104,False,False,0.0021693079408301643,6.243168444406432e-05,False,False
L144_g0p25,144,2.0,g,0.25,L144_g0p25,L144_g0p25_tau0p575,0.5,1.0,open,0.25,0.575,82.800,0.05,1656,"['charge_density_wave', 'left', 'right', 'block_cell9', 'block_cell27']","[['charge_density_wave', 'left'], ['charge_density_wave', 'right'], ['charge_density_wave', 'block_cell9'], ['charge_density_wave', 'block_cell27'], ['left', 'right'], ['block_cell9', 'block_cell27']]",new_size,charge_density_wave,block_cell9,4.944236165524621e-240,0.0,0.0,0.0,5.590986785159163e-37,0.0,0.0,3.4005295587332865e-33,4.662961136024299e-163,False,False,5.5909867710565965e-37,2.773053138913563e-44,False,False
L144_g0p25,144,2.0,g,0.25,L144_g0p25,L144_g0p25_tau0p575,0.5,1.0,open,0.25,0.575,82.800,0.05,1656,"['charge_density_wave', 'left', 'right', 'block_cell9', 'block_cell27']","[['charge_density_wave', 'left'], ['charge_density_wave', 'right'], ['charge_density_wave', 'block_cell9'], ['charge_density_wave', 'block_cell27'], ['left', 'right'], ['block_cell9', 'block_cell27']]",new_size,charge_density_wave,block_cell27,4.944236165524621e-240,0.0,0.0,0.0,4.703829517837847e-25,0.0,0.0,1.931001994260486e-21,6.617175363757879e-149,False,False,4.7038295176058505e-25,3.692175691308295e-43,False,False
L144_g0p25,144,2.0,g,0.25,L144_g0p25,L144_g0p25_tau0p575,0.5,1.0,open,0.25,0.575,82.800,0.05,1656,"['charge_density_wave', 'left', 'right', 'block_cell9', 'block_cell27']","[['charge_density_wave', 'left'], ['charge_density_wave', 'right'], ['charge_density_wave', 'block_cell9'], ['charge_density_wave', 'block_cell27'], ['left', 'right'], ['block_cell9', 'block_cell27']]",new_size,left,right,0.002166899253600392,0.00216448651713367,0.00216448651713367,0.00216448651713367,0.002169311990067114,6.230355258538373e-05,0.0,0.0024830064903554167,1.2289227077335452e-104,False,False,0.0021693079408301643,6.243168444406432e-05,False,False
L144_g0p25,144,2.0,g,0.25,L144_g0p25,L144_g0p25_tau0p575,0.5,1.0,open,0.25,0.575,82.800,0.05,1656,"['charge_density_wave', 'left', 'right', 'block_cell9', 'block_cell27']","[['charge_density_wave', 'left'], ['charge_density_wave', 'right'], ['charge_density_wave', 'block_cell9'], ['charge_density_wave', 'block_cell27'], ['left', 'right'], ['block_cell9', 'block_cell27']]",new_size,block_cell9,block_cell27,4.944236165524621e-240,0.0,0.0,0.0,4.703829517843438e-25,0.0,0.0,1.9310019942638865e-21,6.617175363757926e-149,False,False,4.7038295176058505e-25,3.4148703774169382e-43,False,False
L144_g0p25,144,2.0,g,0.25,L144_g0p25,L144_g0p25_tau0p6,0.5,1.0,open,0.25,0.6,86.4,0.05,1728,"['charge_density_wave', 'left', 'right', 'block_cell9', 'block_cell27']","[['charge_density_wave', 'left'], ['charge_density_wave', 'right'], ['charge_density_wave', 'block_cell9'], ['charge_density_wave', 'block_cell27'], ['left', 'right'], ['block_cell9', 'block_cell27']]",new_size,charge_density_wave,left,4.944236165524621e-240,0.0,0.0,0.0,1.5962705146950198e-21,0.0,0.0,5.6186110970531415e-18,5.815958494721232e-122,False,False,1.5962705129797612e-21,1.384120517001285e-33,False,False
L144_g0p25,144,2.0,g,0.25,L144_g0p25,L144_g0p25_tau0p6,0.5,1.0,open,0.25,0.6,86.4,0.05,1728,"['charge_density_wave', 'left', 'right', 'block_cell9', 'block_cell27']","[['charge_density_wave', 'left'], ['charge_density_wave', 'right'], ['charge_density_wave', 'block_cell9'], ['charge_density_wave', 'block_cell27'], ['left', 'right'], ['block_cell9', 'block_cell27']]",new_size,charge_density_wave,right,4.944236165524621e-240,0.0,0.0,0.0,1.3741706894902514e-07,0.0,0.0,0.00016622211230009785,8.854732481256381e-106,False,False,1.374170405818956e-07,6.156095128161855e-13,False,False
L144_g0p25,144,2.0,g,0.25,L144_g0p25,L144_g0p25_tau0p6,0.5,1.0,open,0.25,0.6,86.4,0.05,1728,"['charge_density_wave', 'left', 'right', 'block_cell9', 'block_cell27']","[['charge_density_wave', 'left'], ['charge_density_wave', 'right'], ['charge_density_wave', 'block_cell9'], ['charge_density_wave', 'block_cell27'], ['left', 'right'], ['block_cell9', 'block_cell27']]",new_size,charge_density_wave,block_cell9,4.944236165524621e-240,0.0,0.0,0.0,4.3072125065788124e-41,0.0,0.0,2.913437410536234e-37,3.999756917918059e-167,False,False,4.3072124969872623e-41,5.905740808363689e-48,False,False
L144_g0p25,144,2.0,g,0.25,L144_g0p25,L144_g0p25_tau0p6,0.5,1.0,open,0.25,0.6,86.4,0.05,1728,"['charge_density_wave', 'left', 'right', 'block_cell9', 'block_cell27']","[['charge_density_wave', 'left'], ['charge_density_wave', 'right'], ['charge_density_wave', 'block_cell9'], ['charge_density_wave', 'block_cell27'], ['left', 'right'], ['block_cell9', 'block_cell27']]",new_size,charge_density_wave,block_cell27,4.944236165524621e-240,0.0,0.0,0.0,3.304922478541771e-29,0.0,0.0,1.5842899214780123e-25,5.442711930618137e-153,False,False,3.304922478410247e-29,7.59824274495335e-47,False,False
L144_g0p25,144,2.0,g,0.25,L144_g0p25,L144_g0p25_tau0p6,0.5,1.0,open,0.25,0.6,86.4,0.05,1728,"['charge_density_wave', 'left', 'right', 'block_cell9', 'block_cell27']","[['charge_density_wave', 'left'], ['charge_density_wave', 'right'], ['charge_density_wave', 'block_cell9'], ['charge_density_wave', 'block_cell27'], ['left', 'right'], ['block_cell9', 'block_cell27']]",new_size,left,right,4.944236165524621e-240,0.0,0.0,0.0,1.3741706894902675e-07,0.0,0.0,0.00016622211230010348,8.854732481256381e-106,False,False,1.374170405818956e-07,6.156095128161855e-13,False,False
L144_g0p25,144,2.0,g,0.25,L144_g0p25,L144_g0p25_tau0p6,0.5,1.0,open,0.25,0.6,86.4,0.05,1728,"['charge_density_wave', 'left', 'right', 'block_cell9', 'block_cell27']","[['charge_density_wave', 'left'], ['charge_density_wave', 'right'], ['charge_density_wave', 'block_cell9'], ['charge_density_wave', 'block_cell27'], ['left', 'right'], ['block_cell9', 'block_cell27']]",new_size,block_cell9,block_cell27,4.944236165524621e-240,0.0,0.0,0.0,3.304922478546078e-29,0.0,0.0,1.5842899214809258e-25,5.442711930618176e-153,False,False,3.304922478410247e-29,7.00766866411698e-47,False,False
L144_g0p25,144,2.0,g,0.25,L144_g0p25,L144_g0p25_tau0p65,0.5,1.0,open,0.25,0.65,93.60,0.05,1872,"['charge_density_wave', 'left', 'right', 'block_cell9', 'block_cell27']","[['charge_density_wave', 'left'], ['charge_density_wave', 'right'], ['charge_density_wave', 'block_cell9'], ['charge_density_wave', 'block_cell27'], ['left', 'right'], ['block_cell9', 'block_cell27']]",new_size,charge_density_wave,left,4.944236165524621e-240,0.0,0.0,0.0,9.338982171579639e-30,0.0,0.0,4.5618327910764487e-26,4.749139304302271e-130,False,False,9.338982164137341e-30,1.9422919699398516e-40,False,False
L144_g0p25,144,2.0,g,0.25,L144_g0p25,L144_g0p25_tau0p65,0.5,1.0,open,0.25,0.65,93.60,0.05,1872,"['charge_density_wave', 'left', 'right', 'block_cell9', 'block_cell27']","[['charge_density_wave', 'left'], ['charge_density_wave', 'right'], ['charge_density_wave', 'block_cell9'], ['charge_density_wave', 'block_cell27'], ['left', 'right'], ['block_cell9', 'block_cell27']]",new_size,charge_density_wave,right,4.944236165524621e-240,0.0,0.0,0.0,5.630651309511636e-16,0.0,0.0,1.4640514457397113e-12,8.060932894319884e-114,False,False,5.630651309491021e-16,2.258174429570061e-29,False,False
L144_g0p25,144,2.0,g,0.25,L144_g0p25,L144_g0p25_tau0p65,0.5,1.0,open,0.25,0.65,93.60,0.05,1872,"['charge_density_wave', 'left', 'right', 'block_cell9', 'block_cell27']","[['charge_density_wave', 'left'], ['charge_density_wave', 'right'], ['charge_density_wave', 'block_cell9'], ['charge_density_wave', 'block_cell27'], ['left', 'right'], ['block_cell9', 'block_cell27']]",new_size,charge_density_wave,block_cell9,4.944236165524621e-240,0.0,0.0,0.0,2.5699311055560595e-49,0.0,0.0,2.0887271603916243e-45,2.8725869090322737e-175,False,False,2.5699311010083882e-49,2.1087242370461077e-55,False,False
L144_g0p25,144,2.0,g,0.25,L144_g0p25,L144_g0p25_tau0p65,0.5,1.0,open,0.25,0.65,93.60,0.05,1872,"['charge_density_wave', 'left', 'right', 'block_cell9', 'block_cell27']","[['charge_density_wave', 'left'], ['charge_density_wave', 'right'], ['charge_density_wave', 'block_cell9'], ['charge_density_wave', 'block_cell27'], ['left', 'right'], ['block_cell9', 'block_cell27']]",new_size,charge_density_wave,block_cell27,4.944236165524621e-240,0.0,0.0,0.0,1.6434324776451324e-37,0.0,0.0,1.0140501034200358e-33,3.4952020974107625e-161,False,False,1.6434324776018576e-37,2.5855647830784815e-54,False,False
L144_g0p25,144,2.0,g,0.25,L144_g0p25,L144_g0p25_tau0p65,0.5,1.0,open,0.25,0.65,93.60,0.05,1872,"['charge_density_wave', 'left', 'right', 'block_cell9', 'block_cell27']","[['charge_density_wave', 'left'], ['charge_density_wave', 'right'], ['charge_density_wave', 'block_cell9'], ['charge_density_wave', 'block_cell27'], ['left', 'right'], ['block_cell9', 'block_cell27']]",new_size,left,right,4.944236165524621e-240,0.0,0.0,0.0,5.630651309511729e-16,0.0,0.0,1.464051445739757e-12,8.060932894319886e-114,False,False,5.630651309491021e-16,2.2581744295894842e-29,False,False
L144_g0p25,144,2.0,g,0.25,L144_g0p25,L144_g0p25_tau0p65,0.5,1.0,open,0.25,0.65,93.60,0.05,1872,"['charge_density_wave', 'left', 'right', 'block_cell9', 'block_cell27']","[['charge_density_wave', 'left'], ['charge_density_wave', 'right'], ['charge_density_wave', 'block_cell9'], ['charge_density_wave', 'block_cell27'], ['left', 'right'], ['block_cell9', 'block_cell27']]",new_size,block_cell9,block_cell27,4.944236165524621e-240,0.0,0.0,0.0,1.6434324776477022e-37,0.0,0.0,1.0140501034221246e-33,3.495202097410791e-161,False,False,1.6434324776018576e-37,2.3746923593738706e-54,False,False
