case_id,initial,mode,occupation
L112_gamma2p0_g0p05_T1120,charge_density_wave,0,-8.290462678667939e-16
L112_gamma2p0_g0p05_T1120,charge_density_wave,1,-5.55063828511185e-16
L112_gamma2p0_g0p05_T1120,charge_density_wave,2,-5.210017026868325e-16
L112_gamma2p0_g0p05_T1120,charge_density_wave,3,-4.569884681696782e-16
L112_gamma2p0_g0p05_T1120,charge_density_wave,4,-3.6958133047931967e-16
L112_gamma2p0_g0p05_T1120,charge_density_wave,5,-3.5427839935225236e-16
L112_gamma2p0_g0p05_T1120,charge_density_wave,6,-3.41175818214301e-16
L112_gamma2p0_g0p05_T1120,charge_density_wave,7,-2.341941709887125e-16
L112_gamma2p0_g0p05_T1120,charge_density_wave,8,-2.1341558494292451e-16
L112_gamma2p0_g0p05_T1120,charge_density_wave,9,-1.4648026747181966e-16
L112_gamma2p0_g0p05_T1120,charge_density_wave,10,-1.0476652828597652e-16
L112_gamma2p0_g0p05_T1120,charge_density_wave,11,-3.9571217831988517e-17
L112_gamma2p0_g0p05_T1120,charge_density_wave,12,-1.3242568593202401e-17
L112_gamma2p0_g0p05_T1120,charge_density_wave,13,8.383451503529354e-18
L112_gamma2p0_g0p05_T1120,charge_density_wave,14,5.551115123125783e-17
L112_gamma2p0_g0p05_T1120,charge_density_wave,15,1.206135474889039e-16
L112_gamma2p0_g0p05_T1120,charge_density_wave,16,1.5859553928966556e-16
L112_gamma2p0_g0p05_T1120,charge_density_wave,17,2.1082462726955795e-16
L112_gamma2p0_g0p05_T1120,charge_density_wave,18,2.364415319557048e-16
L112_gamma2p0_g0p05_T1120,charge_density_wave,19,2.4512182422475867e-16
L112_gamma2p0_g0p05_T1120,charge_density_wave,20,2.796119373157759e-16
L112_gamma2p0_g0p05_T1120,charge_density_wave,21,3.73883986217426e-16
L112_gamma2p0_g0p05_T1120,charge_density_wave,22,3.8597894906357705e-16
L112_gamma2p0_g0p05_T1120,charge_density_wave,23,5.019299353967136e-16
L112_gamma2p0_g0p05_T1120,charge_density_wave,24,5.445725277233936e-16
L112_gamma2p0_g0p05_T1120,charge_density_wave,25,8.52926731443226e-13
L112_gamma2p0_g0p05_T1120,charge_density_wave,26,2.0543617586188293e-07
L112_gamma2p0_g0p05_T1120,charge_density_wave,27,0.06407150462897745
L112_gamma2p0_g0p05_T1120,charge_density_wave,28,0.9999565252329785
L112_gamma2p0_g0p05_T1120,charge_density_wave,29,0.9999999997290416
L112_gamma2p0_g0p05_T1120,charge_density_wave,30,0.9999999999999982
L112_gamma2p0_g0p05_T1120,charge_density_wave,31,0.9999999999999989
L112_gamma2p0_g0p05_T1120,charge_density_wave,32,0.999999999999999
L112_gamma2p0_g0p05_T1120,charge_density_wave,33,0.9999999999999992
L112_gamma2p0_g0p05_T1120,charge_density_wave,34,0.9999999999999992
L112_gamma2p0_g0p05_T1120,charge_density_wave,35,0.9999999999999992
L112_gamma2p0_g0p05_T1120,charge_density_wave,36,0.9999999999999993
L112_gamma2p0_g0p05_T1120,charge_density_wave,37,0.9999999999999993
L112_gamma2p0_g0p05_T1120,charge_density_wave,38,0.9999999999999994
L112_gamma2p0_g0p05_T1120,charge_density_wave,39,0.9999999999999996
L112_gamma2p0_g0p05_T1120,charge_density_wave,40,0.9999999999999997
L112_gamma2p0_g0p05_T1120,charge_density_wave,41,0.9999999999999998
L112_gamma2p0_g0p05_T1120,charge_density_wave,42,1.0
L112_gamma2p0_g0p05_T1120,charge_density_wave,43,1.0
L112_gamma2p0_g0p05_T1120,charge_density_wave,44,1.0
L112_gamma2p0_g0p05_T1120,charge_density_wave,45,1.0
L112_gamma2p0_g0p05_T1120,charge_density_wave,46,1.0000000000000002
L112_gamma2p0_g0p05_T1120,charge_density_wave,47,1.0000000000000002
L112_gamma2p0_g0p05_T1120,charge_density_wave,48,1.0000000000000002
L112_gamma2p0_g0p05_T1120,charge_density_wave,49,1.0000000000000004
L112_gamma2p0_g0p05_T1120,charge_density_wave,50,1.0000000000000004
L112_gamma2p0_g0p05_T1120,charge_density_wave,51,1.0000000000000004
L112_gamma2p0_g0p05_T1120,charge_density_wave,52,1.0000000000000007
L112_gamma2p0_g0p05_T1120,charge_density_wave,53,1.0000000000000009
L112_gamma2p0_g0p05_T1120,charge_density_wave,54,1.0000000000000009
L112_gamma2p0_g0p05_T1120,charge_density_wave,55,1.000000000000001
L112_gamma2p0_g0p05_T1120,left,0,-3.1401982443495013e-16
L112_gamma2p0_g0p05_T1120,left,1,-2.9240722968281768e-16
L112_gamma2p0_g0p05_T1120,left,2,-2.780068644001775e-16
L112_gamma2p0_g0p05_T1120,left,3,-2.7766811496970447e-16
L112_gamma2p0_g0p05_T1120,left,4,-2.3658177403555445e-16
L112_gamma2p0_g0p05_T1120,left,5,-2.3549441251043367e-16
L112_gamma2p0_g0p05_T1120,left,6,-1.6260804251015503e-16
L112_gamma2p0_g0p05_T1120,left,7,-1.1504195600956314e-16
L112_gamma2p0_g0p05_T1120,left,8,-1.1098747623503859e-16
L112_gamma2p0_g0p05_T1120,left,9,-9.899838608569014e-17
L112_gamma2p0_g0p05_T1120,left,10,-4.933748922901278e-17
L112_gamma2p0_g0p05_T1120,left,11,-4.393888643344073e-17
L112_gamma2p0_g0p05_T1120,left,12,1.6606333997772746e-17
L112_gamma2p0_g0p05_T1120,left,13,5.805215923992533e-17
L112_gamma2p0_g0p05_T1120,left,14,6.762685511137947e-17
L112_gamma2p0_g0p05_T1120,left,15,9.579120498136244e-17
L112_gamma2p0_g0p05_T1120,left,16,1.4624998415712257e-16
L112_gamma2p0_g0p05_T1120,left,17,1.5114960114594215e-16
L112_gamma2p0_g0p05_T1120,left,18,2.45762930299146e-16
L112_gamma2p0_g0p05_T1120,left,19,2.6523433061301857e-16
L112_gamma2p0_g0p05_T1120,left,20,2.920730947936195e-16
L112_gamma2p0_g0p05_T1120,left,21,3.2469094691701057e-16
L112_gamma2p0_g0p05_T1120,left,22,4.0790137464693695e-16
L112_gamma2p0_g0p05_T1120,left,23,8.524421279474408e-13
L112_gamma2p0_g0p05_T1120,left,24,1.1920150335532955e-09
L112_gamma2p0_g0p05_T1120,left,25,2.0543617571874559e-07
L112_gamma2p0_g0p05_T1120,left,26,0.06407150462897734
L112_gamma2p0_g0p05_T1120,left,27,0.38385325614886434
L112_gamma2p0_g0p05_T1120,left,28,0.9999565252329792
L112_gamma2p0_g0p05_T1120,left,29,0.9999999997290421
L112_gamma2p0_g0p05_T1120,left,30,0.9999999999999978
L112_gamma2p0_g0p05_T1120,left,31,0.9999999999999986
L112_gamma2p0_g0p05_T1120,left,32,0.9999999999999986
L112_gamma2p0_g0p05_T1120,left,33,0.999999999999999
L112_gamma2p0_g0p05_T1120,left,34,0.999999999999999
L112_gamma2p0_g0p05_T1120,left,35,0.9999999999999991
L112_gamma2p0_g0p05_T1120,left,36,0.9999999999999991
L112_gamma2p0_g0p05_T1120,left,37,0.9999999999999994
L112_gamma2p0_g0p05_T1120,left,38,0.9999999999999994
L112_gamma2p0_g0p05_T1120,left,39,0.9999999999999998
L112_gamma2p0_g0p05_T1120,left,40,0.9999999999999998
L112_gamma2p0_g0p05_T1120,left,41,0.9999999999999998
L112_gamma2p0_g0p05_T1120,left,42,0.9999999999999998
L112_gamma2p0_g0p05_T1120,left,43,0.9999999999999999
L112_gamma2p0_g0p05_T1120,left,44,0.9999999999999999
L112_gamma2p0_g0p05_T1120,left,45,0.9999999999999999
L112_gamma2p0_g0p05_T1120,left,46,1.0
L112_gamma2p0_g0p05_T1120,left,47,1.0
L112_gamma2p0_g0p05_T1120,left,48,1.0000000000000002
L112_gamma2p0_g0p05_T1120,left,49,1.0000000000000002
L112_gamma2p0_g0p05_T1120,left,50,1.0000000000000002
L112_gamma2p0_g0p05_T1120,left,51,1.0000000000000004
L112_gamma2p0_g0p05_T1120,left,52,1.0000000000000007
L112_gamma2p0_g0p05_T1120,left,53,1.0000000000000007
L112_gamma2p0_g0p05_T1120,left,54,1.0000000000000009
L112_gamma2p0_g0p05_T1120,left,55,1.0000000000000009
L112_gamma2p0_g0p05_T1120,right,0,-5.897361675669349e-16
L112_gamma2p0_g0p05_T1120,right,1,-4.683822342780593e-16
L112_gamma2p0_g0p05_T1120,right,2,-4.1824980265128743e-16
L112_gamma2p0_g0p05_T1120,right,3,-3.320525597009006e-16
L112_gamma2p0_g0p05_T1120,right,4,-3.2765021298968484e-16
L112_gamma2p0_g0p05_T1120,right,5,-2.130429573013648e-16
L112_gamma2p0_g0p05_T1120,right,6,-1.9165655200766619e-16
L112_gamma2p0_g0p05_T1120,right,7,-1.497679868224289e-16
L112_gamma2p0_g0p05_T1120,right,8,-1.187648623801604e-16
L112_gamma2p0_g0p05_T1120,right,9,-9.458167314607653e-17
L112_gamma2p0_g0p05_T1120,right,10,-5.380841304411279e-17
L112_gamma2p0_g0p05_T1120,right,11,-3.566489423677056e-17
L112_gamma2p0_g0p05_T1120,right,12,-1.2880667589074617e-17
L112_gamma2p0_g0p05_T1120,right,13,-5.491609770244315e-18
L112_gamma2p0_g0p05_T1120,right,14,4.3462304672928284e-17
L112_gamma2p0_g0p05_T1120,right,15,6.937291425907583e-17
L112_gamma2p0_g0p05_T1120,right,16,1.2118025480584233e-16
L112_gamma2p0_g0p05_T1120,right,17,1.473290245410672e-16
L112_gamma2p0_g0p05_T1120,right,18,2.378960608680022e-16
L112_gamma2p0_g0p05_T1120,right,19,2.6717940738063286e-16
L112_gamma2p0_g0p05_T1120,right,20,2.8671263253289905e-16
L112_gamma2p0_g0p05_T1120,right,21,2.981515129011535e-16
L112_gamma2p0_g0p05_T1120,right,22,3.5840268546428224e-16
L112_gamma2p0_g0p05_T1120,right,23,4.621080381055265e-16
L112_gamma2p0_g0p05_T1120,right,24,6.839309397764572e-16
L112_gamma2p0_g0p05_T1120,right,25,8.524521927786773e-13
L112_gamma2p0_g0p05_T1120,right,26,2.05436175404472e-07
L112_gamma2p0_g0p05_T1120,right,27,4.208635623115242e-06
L112_gamma2p0_g0p05_T1120,right,28,0.06407150462897872
L112_gamma2p0_g0p05_T1120,right,29,0.9997769980126635
L112_gamma2p0_g0p05_T1120,right,30,0.9999565252329785
L112_gamma2p0_g0p05_T1120,right,31,0.999999999729041
L112_gamma2p0_g0p05_T1120,right,32,0.9999999999977363
L112_gamma2p0_g0p05_T1120,right,33,0.9999999999999981
L112_gamma2p0_g0p05_T1120,right,34,0.9999999999999981
L112_gamma2p0_g0p05_T1120,right,35,0.9999999999999989
L112_gamma2p0_g0p05_T1120,right,36,0.9999999999999989
L112_gamma2p0_g0p05_T1120,right,37,0.9999999999999993
L112_gamma2p0_g0p05_T1120,right,38,0.9999999999999993
L112_gamma2p0_g0p05_T1120,right,39,0.9999999999999997
L112_gamma2p0_g0p05_T1120,right,40,0.9999999999999997
L112_gamma2p0_g0p05_T1120,right,41,0.9999999999999998
L112_gamma2p0_g0p05_T1120,right,42,0.9999999999999998
L112_gamma2p0_g0p05_T1120,right,43,0.9999999999999999
L112_gamma2p0_g0p05_T1120,right,44,0.9999999999999999
L112_gamma2p0_g0p05_T1120,right,45,1.0
L112_gamma2p0_g0p05_T1120,right,46,1.0000000000000002
L112_gamma2p0_g0p05_T1120,right,47,1.0000000000000002
L112_gamma2p0_g0p05_T1120,right,48,1.0000000000000004
L112_gamma2p0_g0p05_T1120,right,49,1.0000000000000004
L112_gamma2p0_g0p05_T1120,right,50,1.0000000000000007
L112_gamma2p0_g0p05_T1120,right,51,1.0000000000000007
L112_gamma2p0_g0p05_T1120,right,52,1.0000000000000009
L112_gamma2p0_g0p05_T1120,right,53,1.0000000000000009
L112_gamma2p0_g0p05_T1120,right,54,1.000000000000001
L112_gamma2p0_g0p05_T1120,right,55,1.0000000000000013
L112_gamma2p0_g0p05_T1344,charge_density_wave,0,-8.646606933328618e-16
L112_gamma2p0_g0p05_T1344,charge_density_wave,1,-5.768498265150075e-16
L112_gamma2p0_g0p05_T1344,charge_density_wave,2,-5.643854524734425e-16
L112_gamma2p0_g0p05_T1344,charge_density_wave,3,-4.812840768313444e-16
L112_gamma2p0_g0p05_T1344,charge_density_wave,4,-4.153530379665112e-16
L112_gamma2p0_g0p05_T1344,charge_density_wave,5,-2.463187883162233e-16
L112_gamma2p0_g0p05_T1344,charge_density_wave,6,-1.4085282386021727e-16
L112_gamma2p0_g0p05_T1344,charge_density_wave,7,-1.371282344232252e-16
L112_gamma2p0_g0p05_T1344,charge_density_wave,8,-1.0772500845613949e-16
L112_gamma2p0_g0p05_T1344,charge_density_wave,9,-5.741921212262943e-17
L112_gamma2p0_g0p05_T1344,charge_density_wave,10,-1.3070721858909453e-17
L112_gamma2p0_g0p05_T1344,charge_density_wave,11,2.5280196700409116e-17
L112_gamma2p0_g0p05_T1344,charge_density_wave,12,7.298003917629528e-17
L112_gamma2p0_g0p05_T1344,charge_density_wave,13,8.105825852918346e-17
L112_gamma2p0_g0p05_T1344,charge_density_wave,14,1.249000902703301e-16
L112_gamma2p0_g0p05_T1344,charge_density_wave,15,1.2660584685606892e-16
L112_gamma2p0_g0p05_T1344,charge_density_wave,16,1.351488656807081e-16
L112_gamma2p0_g0p05_T1344,charge_density_wave,17,2.1537503617177154e-16
L112_gamma2p0_g0p05_T1344,charge_density_wave,18,2.3436650646591546e-16
L112_gamma2p0_g0p05_T1344,charge_density_wave,19,2.5548498995332537e-16
L112_gamma2p0_g0p05_T1344,charge_density_wave,20,3.078328797261143e-16
L112_gamma2p0_g0p05_T1344,charge_density_wave,21,3.380171640328788e-16
L112_gamma2p0_g0p05_T1344,charge_density_wave,22,5.148509011731542e-16
L112_gamma2p0_g0p05_T1344,charge_density_wave,23,6.174171478393708e-16
L112_gamma2p0_g0p05_T1344,charge_density_wave,24,6.255757186233047e-16
L112_gamma2p0_g0p05_T1344,charge_density_wave,25,8.520961713998076e-13
L112_gamma2p0_g0p05_T1344,charge_density_wave,26,2.0543617584856122e-07
L112_gamma2p0_g0p05_T1344,charge_density_wave,27,0.06407150462897807
L112_gamma2p0_g0p05_T1344,charge_density_wave,28,0.9999565252329776
L112_gamma2p0_g0p05_T1344,charge_density_wave,29,0.9999999997290397
L112_gamma2p0_g0p05_T1344,charge_density_wave,30,0.9999999999999981
L112_gamma2p0_g0p05_T1344,charge_density_wave,31,0.9999999999999987
L112_gamma2p0_g0p05_T1344,charge_density_wave,32,0.9999999999999989
L112_gamma2p0_g0p05_T1344,charge_density_wave,33,0.999999999999999
L112_gamma2p0_g0p05_T1344,charge_density_wave,34,0.9999999999999991
L112_gamma2p0_g0p05_T1344,charge_density_wave,35,0.9999999999999993
L112_gamma2p0_g0p05_T1344,charge_density_wave,36,0.9999999999999994
L112_gamma2p0_g0p05_T1344,charge_density_wave,37,0.9999999999999996
L112_gamma2p0_g0p05_T1344,charge_density_wave,38,0.9999999999999996
L112_gamma2p0_g0p05_T1344,charge_density_wave,39,0.9999999999999997
L112_gamma2p0_g0p05_T1344,charge_density_wave,40,0.9999999999999997
L112_gamma2p0_g0p05_T1344,charge_density_wave,41,0.9999999999999997
L112_gamma2p0_g0p05_T1344,charge_density_wave,42,0.9999999999999999
L112_gamma2p0_g0p05_T1344,charge_density_wave,43,0.9999999999999999
L112_gamma2p0_g0p05_T1344,charge_density_wave,44,0.9999999999999999
L112_gamma2p0_g0p05_T1344,charge_density_wave,45,1.0
L112_gamma2p0_g0p05_T1344,charge_density_wave,46,1.0
L112_gamma2p0_g0p05_T1344,charge_density_wave,47,1.0
L112_gamma2p0_g0p05_T1344,charge_density_wave,48,1.0000000000000002
L112_gamma2p0_g0p05_T1344,charge_density_wave,49,1.0000000000000004
L112_gamma2p0_g0p05_T1344,charge_density_wave,50,1.0000000000000004
L112_gamma2p0_g0p05_T1344,charge_density_wave,51,1.0000000000000004
L112_gamma2p0_g0p05_T1344,charge_density_wave,52,1.0000000000000007
L112_gamma2p0_g0p05_T1344,charge_density_wave,53,1.000000000000001
L112_gamma2p0_g0p05_T1344,charge_density_wave,54,1.000000000000001
L112_gamma2p0_g0p05_T1344,charge_density_wave,55,1.0000000000000013
L112_gamma2p0_g0p05_T1344,left,0,-6.269497202398046e-16
L112_gamma2p0_g0p05_T1344,left,1,-6.1868807200614e-16
L112_gamma2p0_g0p05_T1344,left,2,-5.281344379807284e-16
L112_gamma2p0_g0p05_T1344,left,3,-5.23243973931038e-16
L112_gamma2p0_g0p05_T1344,left,4,-3.672425652280218e-16
L112_gamma2p0_g0p05_T1344,left,5,-3.205713714763475e-16
L112_gamma2p0_g0p05_T1344,left,6,-3.151646502433199e-16
L112_gamma2p0_g0p05_T1344,left,7,-2.966578582183266e-16
L112_gamma2p0_g0p05_T1344,left,8,-1.4428849251491955e-16
L112_gamma2p0_g0p05_T1344,left,9,-1.3981211578466462e-16
L112_gamma2p0_g0p05_T1344,left,10,-7.209265027003323e-17
L112_gamma2p0_g0p05_T1344,left,11,-5.551115123125783e-17
L112_gamma2p0_g0p05_T1344,left,12,0.0
L112_gamma2p0_g0p05_T1344,left,13,7.965734339749083e-17
L112_gamma2p0_g0p05_T1344,left,14,1.2411256642614228e-16
L112_gamma2p0_g0p05_T1344,left,15,1.4419974952793262e-16
L112_gamma2p0_g0p05_T1344,left,16,1.557810734948167e-16
L112_gamma2p0_g0p05_T1344,left,17,2.105025511595347e-16
L112_gamma2p0_g0p05_T1344,left,18,2.4998249849930973e-16
L112_gamma2p0_g0p05_T1344,left,19,3.3179293674381083e-16
L112_gamma2p0_g0p05_T1344,left,20,3.801666368030083e-16
L112_gamma2p0_g0p05_T1344,left,21,5.143017085558578e-16
L112_gamma2p0_g0p05_T1344,left,22,6.070567020281535e-16
L112_gamma2p0_g0p05_T1344,left,23,9.08838754161825e-16
L112_gamma2p0_g0p05_T1344,left,24,9.286354538875774e-16
L112_gamma2p0_g0p05_T1344,left,25,8.525146254134124e-13
L112_gamma2p0_g0p05_T1344,left,26,2.0543617530787873e-07
L112_gamma2p0_g0p05_T1344,left,27,0.064071504628978
L112_gamma2p0_g0p05_T1344,left,28,0.9999565252329793
L112_gamma2p0_g0p05_T1344,left,29,0.9999999997290409
L112_gamma2p0_g0p05_T1344,left,30,0.9999999999999981
L112_gamma2p0_g0p05_T1344,left,31,0.9999999999999989
L112_gamma2p0_g0p05_T1344,left,32,0.999999999999999
L112_gamma2p0_g0p05_T1344,left,33,0.9999999999999992
L112_gamma2p0_g0p05_T1344,left,34,0.9999999999999993
L112_gamma2p0_g0p05_T1344,left,35,0.9999999999999993
L112_gamma2p0_g0p05_T1344,left,36,0.9999999999999994
L112_gamma2p0_g0p05_T1344,left,37,0.9999999999999996
L112_gamma2p0_g0p05_T1344,left,38,0.9999999999999997
L112_gamma2p0_g0p05_T1344,left,39,0.9999999999999998
L112_gamma2p0_g0p05_T1344,left,40,0.9999999999999999
L112_gamma2p0_g0p05_T1344,left,41,0.9999999999999999
L112_gamma2p0_g0p05_T1344,left,42,0.9999999999999999
L112_gamma2p0_g0p05_T1344,left,43,0.9999999999999999
L112_gamma2p0_g0p05_T1344,left,44,1.0
L112_gamma2p0_g0p05_T1344,left,45,1.0
L112_gamma2p0_g0p05_T1344,left,46,1.0
L112_gamma2p0_g0p05_T1344,left,47,1.0
L112_gamma2p0_g0p05_T1344,left,48,1.0000000000000002
L112_gamma2p0_g0p05_T1344,left,49,1.0000000000000002
L112_gamma2p0_g0p05_T1344,left,50,1.0000000000000002
L112_gamma2p0_g0p05_T1344,left,51,1.0000000000000004
L112_gamma2p0_g0p05_T1344,left,52,1.0000000000000004
L112_gamma2p0_g0p05_T1344,left,53,1.0000000000000007
L112_gamma2p0_g0p05_T1344,left,54,1.0000000000000009
L112_gamma2p0_g0p05_T1344,left,55,1.0000000000000009
L112_gamma2p0_g0p05_T1344,right,0,-7.15536608699225e-16
L112_gamma2p0_g0p05_T1344,right,1,-4.976633001294675e-16
L112_gamma2p0_g0p05_T1344,right,2,-3.7908699913150167e-16
L112_gamma2p0_g0p05_T1344,right,3,-3.4141673002773115e-16
L112_gamma2p0_g0p05_T1344,right,4,-2.472203661914892e-16
L112_gamma2p0_g0p05_T1344,right,5,-2.237044501005904e-16
L112_gamma2p0_g0p05_T1344,right,6,-2.064566976604653e-16
L112_gamma2p0_g0p05_T1344,right,7,-1.7232799204930108e-16
L112_gamma2p0_g0p05_T1344,right,8,-9.066201212053768e-17
L112_gamma2p0_g0p05_T1344,right,9,-3.7380401433962565e-17
L112_gamma2p0_g0p05_T1344,right,10,-1.4990498568864832e-17
L112_gamma2p0_g0p05_T1344,right,11,3.316621243641855e-17
L112_gamma2p0_g0p05_T1344,right,12,3.4588514273597595e-17
L112_gamma2p0_g0p05_T1344,right,13,4.6376695708731205e-17
L112_gamma2p0_g0p05_T1344,right,14,7.281615210782379e-17
L112_gamma2p0_g0p05_T1344,right,15,1.2826732826053168e-16
L112_gamma2p0_g0p05_T1344,right,16,2.0553624450179464e-16
L112_gamma2p0_g0p05_T1344,right,17,2.3715075017856757e-16
L112_gamma2p0_g0p05_T1344,right,18,2.672745166777064e-16
L112_gamma2p0_g0p05_T1344,right,19,3.345928629201739e-16
L112_gamma2p0_g0p05_T1344,right,20,3.958601883949661e-16
L112_gamma2p0_g0p05_T1344,right,21,4.577644419451856e-16
L112_gamma2p0_g0p05_T1344,right,22,5.018530557822706e-16
L112_gamma2p0_g0p05_T1344,right,23,6.117823956040621e-16
L112_gamma2p0_g0p05_T1344,right,24,6.569055742909424e-16
L112_gamma2p0_g0p05_T1344,right,25,8.52922538869092e-13
L112_gamma2p0_g0p05_T1344,right,26,2.054361757074991e-07
L112_gamma2p0_g0p05_T1344,right,27,0.06407150462897766
L112_gamma2p0_g0p05_T1344,right,28,0.999956525232979
L112_gamma2p0_g0p05_T1344,right,29,0.9999999997290412
L112_gamma2p0_g0p05_T1344,right,30,0.999999999999998
L112_gamma2p0_g0p05_T1344,right,31,0.9999999999999993
L112_gamma2p0_g0p05_T1344,right,32,0.9999999999999994
L112_gamma2p0_g0p05_T1344,right,33,0.9999999999999994
L112_gamma2p0_g0p05_T1344,right,34,0.9999999999999996
L112_gamma2p0_g0p05_T1344,right,35,0.9999999999999996
L112_gamma2p0_g0p05_T1344,right,36,0.9999999999999997
L112_gamma2p0_g0p05_T1344,right,37,0.9999999999999997
L112_gamma2p0_g0p05_T1344,right,38,0.9999999999999997
L112_gamma2p0_g0p05_T1344,right,39,0.9999999999999998
L112_gamma2p0_g0p05_T1344,right,40,0.9999999999999998
L112_gamma2p0_g0p05_T1344,right,41,0.9999999999999998
L112_gamma2p0_g0p05_T1344,right,42,0.9999999999999998
L112_gamma2p0_g0p05_T1344,right,43,1.0
L112_gamma2p0_g0p05_T1344,right,44,1.0000000000000002
L112_gamma2p0_g0p05_T1344,right,45,1.0000000000000002
L112_gamma2p0_g0p05_T1344,right,46,1.0000000000000002
L112_gamma2p0_g0p05_T1344,right,47,1.0000000000000004
L112_gamma2p0_g0p05_T1344,right,48,1.0000000000000004
L112_gamma2p0_g0p05_T1344,right,49,1.0000000000000004
L112_gamma2p0_g0p05_T1344,right,50,1.0000000000000004
L112_gamma2p0_g0p05_T1344,right,51,1.0000000000000004
L112_gamma2p0_g0p05_T1344,right,52,1.0000000000000007
L112_gamma2p0_g0p05_T1344,right,53,1.0000000000000007
L112_gamma2p0_g0p05_T1344,right,54,1.0000000000000009
L112_gamma2p0_g0p05_T1344,right,55,1.0000000000000013
L112_gamma2p0_g0p0_T1120,charge_density_wave,0,-5.594478555635822e-16
L112_gamma2p0_g0p0_T1120,charge_density_wave,1,-4.789497105175283e-16
L112_gamma2p0_g0p0_T1120,charge_density_wave,2,-3.8179772791644423e-16
L112_gamma2p0_g0p0_T1120,charge_density_wave,3,-3.7777667208636256e-16
L112_gamma2p0_g0p0_T1120,charge_density_wave,4,-2.9567075088032335e-16
L112_gamma2p0_g0p0_T1120,charge_density_wave,5,-2.8006695046849506e-16
L112_gamma2p0_g0p0_T1120,charge_density_wave,6,-2.2784183967446993e-16
L112_gamma2p0_g0p0_T1120,charge_density_wave,7,-2.2174562759239992e-16
L112_gamma2p0_g0p0_T1120,charge_density_wave,8,-1.6459251268118357e-16
L112_gamma2p0_g0p0_T1120,charge_density_wave,9,-1.320930126027997e-16
L112_gamma2p0_g0p0_T1120,charge_density_wave,10,-1.2216001987402707e-16
L112_gamma2p0_g0p0_T1120,charge_density_wave,11,-2.6568439147282712e-17
L112_gamma2p0_g0p0_T1120,charge_density_wave,12,4.249381207660734e-17
L112_gamma2p0_g0p0_T1120,charge_density_wave,13,8.234819525735801e-17
L112_gamma2p0_g0p0_T1120,charge_density_wave,14,1.0969045532400555e-16
L112_gamma2p0_g0p0_T1120,charge_density_wave,15,1.149204971812207e-16
L112_gamma2p0_g0p0_T1120,charge_density_wave,16,1.3892152809010214e-16
L112_gamma2p0_g0p0_T1120,charge_density_wave,17,1.6587112661963396e-16
L112_gamma2p0_g0p0_T1120,charge_density_wave,18,1.879154119221142e-16
L112_gamma2p0_g0p0_T1120,charge_density_wave,19,2.0483754581610344e-16
L112_gamma2p0_g0p0_T1120,charge_density_wave,20,2.319403304810537e-16
L112_gamma2p0_g0p0_T1120,charge_density_wave,21,2.3671694947056817e-16
L112_gamma2p0_g0p0_T1120,charge_density_wave,22,5.067021118613931e-16
L112_gamma2p0_g0p0_T1120,charge_density_wave,23,5.651627351855379e-16
L112_gamma2p0_g0p0_T1120,charge_density_wave,24,6.107386680217461e-16
L112_gamma2p0_g0p0_T1120,charge_density_wave,25,1.3943668361116089e-12
L112_gamma2p0_g0p0_T1120,charge_density_wave,26,2.7410562938314734e-07
L112_gamma2p0_g0p0_T1120,charge_density_wave,27,0.07033668248529433
L112_gamma2p0_g0p0_T1120,charge_density_wave,28,0.9999612572560255
L112_gamma2p0_g0p0_T1120,charge_density_wave,29,0.9999999998030611
L112_gamma2p0_g0p0_T1120,charge_density_wave,30,0.9999999999999986
L112_gamma2p0_g0p0_T1120,charge_density_wave,31,0.9999999999999988
L112_gamma2p0_g0p0_T1120,charge_density_wave,32,0.9999999999999989
L112_gamma2p0_g0p0_T1120,charge_density_wave,33,0.9999999999999993
L112_gamma2p0_g0p0_T1120,charge_density_wave,34,0.9999999999999994
L112_gamma2p0_g0p0_T1120,charge_density_wave,35,0.9999999999999994
L112_gamma2p0_g0p0_T1120,charge_density_wave,36,0.9999999999999996
L112_gamma2p0_g0p0_T1120,charge_density_wave,37,0.9999999999999996
L112_gamma2p0_g0p0_T1120,charge_density_wave,38,0.9999999999999996
L112_gamma2p0_g0p0_T1120,charge_density_wave,39,0.9999999999999997
L112_gamma2p0_g0p0_T1120,charge_density_wave,40,0.9999999999999998
L112_gamma2p0_g0p0_T1120,charge_density_wave,41,0.9999999999999999
L112_gamma2p0_g0p0_T1120,charge_density_wave,42,1.0
L112_gamma2p0_g0p0_T1120,charge_density_wave,43,1.0
L112_gamma2p0_g0p0_T1120,charge_density_wave,44,1.0
L112_gamma2p0_g0p0_T1120,charge_density_wave,45,1.0
L112_gamma2p0_g0p0_T1120,charge_density_wave,46,1.0000000000000002
L112_gamma2p0_g0p0_T1120,charge_density_wave,47,1.0000000000000002
L112_gamma2p0_g0p0_T1120,charge_density_wave,48,1.0000000000000004
L112_gamma2p0_g0p0_T1120,charge_density_wave,49,1.0000000000000004
L112_gamma2p0_g0p0_T1120,charge_density_wave,50,1.0000000000000004
L112_gamma2p0_g0p0_T1120,charge_density_wave,51,1.0000000000000007
L112_gamma2p0_g0p0_T1120,charge_density_wave,52,1.0000000000000007
L112_gamma2p0_g0p0_T1120,charge_density_wave,53,1.0000000000000009
L112_gamma2p0_g0p0_T1120,charge_density_wave,54,1.0000000000000009
L112_gamma2p0_g0p0_T1120,charge_density_wave,55,1.0000000000000013
L112_gamma2p0_g0p0_T1120,left,0,-4.927786651514655e-16
L112_gamma2p0_g0p0_T1120,left,1,-4.737617711245129e-16
L112_gamma2p0_g0p0_T1120,left,2,-2.923650924647155e-16
L112_gamma2p0_g0p0_T1120,left,3,-2.462195864170896e-16
L112_gamma2p0_g0p0_T1120,left,4,-2.3356018839090303e-16
L112_gamma2p0_g0p0_T1120,left,5,-1.769482755146772e-16
L112_gamma2p0_g0p0_T1120,left,6,-1.6517889472751618e-16
L112_gamma2p0_g0p0_T1120,left,7,-7.670335808250692e-17
L112_gamma2p0_g0p0_T1120,left,8,-6.726403034125633e-17
L112_gamma2p0_g0p0_T1120,left,9,-4.191085202162373e-17
L112_gamma2p0_g0p0_T1120,left,10,3.1033477780813074e-18
L112_gamma2p0_g0p0_T1120,left,11,1.6122232821847219e-16
L112_gamma2p0_g0p0_T1120,left,12,1.8408897527875819e-16
L112_gamma2p0_g0p0_T1120,left,13,2.367680904444824e-16
L112_gamma2p0_g0p0_T1120,left,14,3.41081444732488e-16
L112_gamma2p0_g0p0_T1120,left,15,3.8176745737477706e-16
L112_gamma2p0_g0p0_T1120,left,16,4.0725663848589834e-16
L112_gamma2p0_g0p0_T1120,left,17,4.795875735245374e-16
L112_gamma2p0_g0p0_T1120,left,18,5.335569001393493e-16
L112_gamma2p0_g0p0_T1120,left,19,5.396986223888476e-16
L112_gamma2p0_g0p0_T1120,left,20,6.322842300237729e-16
L112_gamma2p0_g0p0_T1120,left,21,6.394188608803596e-16
L112_gamma2p0_g0p0_T1120,left,22,1.5214389384585637e-15
L112_gamma2p0_g0p0_T1120,left,23,1.394657424803949e-12
L112_gamma2p0_g0p0_T1120,left,24,9.720890073515886e-08
L112_gamma2p0_g0p0_T1120,left,25,2.7410562889603775e-07
L112_gamma2p0_g0p0_T1120,left,26,0.07033668248529427
L112_gamma2p0_g0p0_T1120,left,27,0.9870502421469906
L112_gamma2p0_g0p0_T1120,left,28,0.9999612572560241
L112_gamma2p0_g0p0_T1120,left,29,0.9999999998030605
L112_gamma2p0_g0p0_T1120,left,30,0.9999999999999987
L112_gamma2p0_g0p0_T1120,left,31,0.999999999999999
L112_gamma2p0_g0p0_T1120,left,32,0.9999999999999992
L112_gamma2p0_g0p0_T1120,left,33,0.9999999999999994
L112_gamma2p0_g0p0_T1120,left,34,0.9999999999999994
L112_gamma2p0_g0p0_T1120,left,35,0.9999999999999994
L112_gamma2p0_g0p0_T1120,left,36,0.9999999999999996
L112_gamma2p0_g0p0_T1120,left,37,0.9999999999999996
L112_gamma2p0_g0p0_T1120,left,38,0.9999999999999997
L112_gamma2p0_g0p0_T1120,left,39,0.9999999999999999
L112_gamma2p0_g0p0_T1120,left,40,0.9999999999999999
L112_gamma2p0_g0p0_T1120,left,41,0.9999999999999999
L112_gamma2p0_g0p0_T1120,left,42,0.9999999999999999
L112_gamma2p0_g0p0_T1120,left,43,1.0
L112_gamma2p0_g0p0_T1120,left,44,1.0
L112_gamma2p0_g0p0_T1120,left,45,1.0000000000000002
L112_gamma2p0_g0p0_T1120,left,46,1.0000000000000002
L112_gamma2p0_g0p0_T1120,left,47,1.0000000000000002
L112_gamma2p0_g0p0_T1120,left,48,1.0000000000000004
L112_gamma2p0_g0p0_T1120,left,49,1.0000000000000004
L112_gamma2p0_g0p0_T1120,left,50,1.0000000000000007
L112_gamma2p0_g0p0_T1120,left,51,1.0000000000000007
L112_gamma2p0_g0p0_T1120,left,52,1.0000000000000007
L112_gamma2p0_g0p0_T1120,left,53,1.0000000000000009
L112_gamma2p0_g0p0_T1120,left,54,1.000000000000001
L112_gamma2p0_g0p0_T1120,left,55,1.000000000000001
L112_gamma2p0_g0p0_T1120,right,0,-6.98122634562856e-16
L112_gamma2p0_g0p0_T1120,right,1,-4.657212937252512e-16
L112_gamma2p0_g0p0_T1120,right,2,-3.883449388727228e-16
L112_gamma2p0_g0p0_T1120,right,3,-3.4093000974539485e-16
L112_gamma2p0_g0p0_T1120,right,4,-3.150057299015099e-16
L112_gamma2p0_g0p0_T1120,right,5,-2.752795176037805e-16
L112_gamma2p0_g0p0_T1120,right,6,-2.360929446021303e-16
L112_gamma2p0_g0p0_T1120,right,7,-1.890556398213459e-16
L112_gamma2p0_g0p0_T1120,right,8,-1.7880082302416994e-16
L112_gamma2p0_g0p0_T1120,right,9,-1.390562454250935e-16
L112_gamma2p0_g0p0_T1120,right,10,-9.145347980097959e-17
L112_gamma2p0_g0p0_T1120,right,11,2.456963634371904e-18
L112_gamma2p0_g0p0_T1120,right,12,1.5081776312556732e-17
L112_gamma2p0_g0p0_T1120,right,13,2.5439938380268448e-17
L112_gamma2p0_g0p0_T1120,right,14,1.3894435622513106e-16
L112_gamma2p0_g0p0_T1120,right,15,1.5081260784482821e-16
L112_gamma2p0_g0p0_T1120,right,16,1.9706389937249897e-16
L112_gamma2p0_g0p0_T1120,right,17,2.2235049101299233e-16
L112_gamma2p0_g0p0_T1120,right,18,3.738864354832725e-16
L112_gamma2p0_g0p0_T1120,right,19,3.863427132954529e-16
L112_gamma2p0_g0p0_T1120,right,20,4.091419168849717e-16
L112_gamma2p0_g0p0_T1120,right,21,4.942710745573752e-16
L112_gamma2p0_g0p0_T1120,right,22,6.149848787667856e-16
L112_gamma2p0_g0p0_T1120,right,23,6.873687634901527e-16
L112_gamma2p0_g0p0_T1120,right,24,7.368553794580066e-16
L112_gamma2p0_g0p0_T1120,right,25,1.394329096626734e-12
L112_gamma2p0_g0p0_T1120,right,26,2.7410562927765447e-07
L112_gamma2p0_g0p0_T1120,right,27,0.0005061142880573577
L112_gamma2p0_g0p0_T1120,right,28,0.07033668248529402
L112_gamma2p0_g0p0_T1120,right,29,0.9999612572560244
L112_gamma2p0_g0p0_T1120,right,30,0.9999972216520365
L112_gamma2p0_g0p0_T1120,right,31,0.999999999803061
L112_gamma2p0_g0p0_T1120,right,32,0.9999999999999623
L112_gamma2p0_g0p0_T1120,right,33,0.9999999999999988
L112_gamma2p0_g0p0_T1120,right,34,0.999999999999999
L112_gamma2p0_g0p0_T1120,right,35,0.9999999999999991
L112_gamma2p0_g0p0_T1120,right,36,0.9999999999999991
L112_gamma2p0_g0p0_T1120,right,37,0.9999999999999992
L112_gamma2p0_g0p0_T1120,right,38,0.9999999999999994
L112_gamma2p0_g0p0_T1120,right,39,0.9999999999999994
L112_gamma2p0_g0p0_T1120,right,40,0.9999999999999996
L112_gamma2p0_g0p0_T1120,right,41,0.9999999999999996
L112_gamma2p0_g0p0_T1120,right,42,0.9999999999999997
L112_gamma2p0_g0p0_T1120,right,43,0.9999999999999998
L112_gamma2p0_g0p0_T1120,right,44,0.9999999999999999
L112_gamma2p0_g0p0_T1120,right,45,1.0
L112_gamma2p0_g0p0_T1120,right,46,1.0
L112_gamma2p0_g0p0_T1120,right,47,1.0
L112_gamma2p0_g0p0_T1120,right,48,1.0000000000000002
L112_gamma2p0_g0p0_T1120,right,49,1.0000000000000002
L112_gamma2p0_g0p0_T1120,right,50,1.0000000000000004
L112_gamma2p0_g0p0_T1120,right,51,1.0000000000000004
L112_gamma2p0_g0p0_T1120,right,52,1.0000000000000004
L112_gamma2p0_g0p0_T1120,right,53,1.0000000000000007
L112_gamma2p0_g0p0_T1120,right,54,1.0000000000000007
L112_gamma2p0_g0p0_T1120,right,55,1.000000000000001
L112_gamma2p0_g0p0_T1344,charge_density_wave,0,-6.680982576303216e-16
L112_gamma2p0_g0p0_T1344,charge_density_wave,1,-6.045955366656629e-16
L112_gamma2p0_g0p0_T1344,charge_density_wave,2,-5.718683797447416e-16
L112_gamma2p0_g0p0_T1344,charge_density_wave,3,-4.378134950301538e-16
L112_gamma2p0_g0p0_T1344,charge_density_wave,4,-3.5829340329490356e-16
L112_gamma2p0_g0p0_T1344,charge_density_wave,5,-3.102554205213167e-16
L112_gamma2p0_g0p0_T1344,charge_density_wave,6,-1.9368663357625695e-16
L112_gamma2p0_g0p0_T1344,charge_density_wave,7,-1.5401557391449317e-16
L112_gamma2p0_g0p0_T1344,charge_density_wave,8,-1.4654022595499296e-16
L112_gamma2p0_g0p0_T1344,charge_density_wave,9,-1.2187822150783058e-16
L112_gamma2p0_g0p0_T1344,charge_density_wave,10,-5.898780025023018e-17
L112_gamma2p0_g0p0_T1344,charge_density_wave,11,-1.8120135931973963e-18
L112_gamma2p0_g0p0_T1344,charge_density_wave,12,4.4660184093535365e-17
L112_gamma2p0_g0p0_T1344,charge_density_wave,13,7.316238748633656e-17
L112_gamma2p0_g0p0_T1344,charge_density_wave,14,9.298823039796273e-17
L112_gamma2p0_g0p0_T1344,charge_density_wave,15,1.4346240531779149e-16
L112_gamma2p0_g0p0_T1344,charge_density_wave,16,1.5695286482462825e-16
L112_gamma2p0_g0p0_T1344,charge_density_wave,17,1.8006707893119947e-16
L112_gamma2p0_g0p0_T1344,charge_density_wave,18,2.606135848429653e-16
L112_gamma2p0_g0p0_T1344,charge_density_wave,19,3.676600503806068e-16
L112_gamma2p0_g0p0_T1344,charge_density_wave,20,5.12514834546794e-16
L112_gamma2p0_g0p0_T1344,charge_density_wave,21,5.856268290429996e-16
L112_gamma2p0_g0p0_T1344,charge_density_wave,22,5.96606642912363e-16
L112_gamma2p0_g0p0_T1344,charge_density_wave,23,6.320639514014631e-16
L112_gamma2p0_g0p0_T1344,charge_density_wave,24,7.212706146326448e-16
L112_gamma2p0_g0p0_T1344,charge_density_wave,25,1.3944268081628904e-12
L112_gamma2p0_g0p0_T1344,charge_density_wave,26,2.741056297404581e-07
L112_gamma2p0_g0p0_T1344,charge_density_wave,27,0.07033668248529384
L112_gamma2p0_g0p0_T1344,charge_density_wave,28,0.9999612572560241
L112_gamma2p0_g0p0_T1344,charge_density_wave,29,0.9999999998030613
L112_gamma2p0_g0p0_T1344,charge_density_wave,30,0.9999999999999988
L112_gamma2p0_g0p0_T1344,charge_density_wave,31,0.9999999999999988
L112_gamma2p0_g0p0_T1344,charge_density_wave,32,0.9999999999999989
L112_gamma2p0_g0p0_T1344,charge_density_wave,33,0.9999999999999989
L112_gamma2p0_g0p0_T1344,charge_density_wave,34,0.9999999999999992
L112_gamma2p0_g0p0_T1344,charge_density_wave,35,0.9999999999999993
L112_gamma2p0_g0p0_T1344,charge_density_wave,36,0.9999999999999994
L112_gamma2p0_g0p0_T1344,charge_density_wave,37,0.9999999999999994
L112_gamma2p0_g0p0_T1344,charge_density_wave,38,0.9999999999999996
L112_gamma2p0_g0p0_T1344,charge_density_wave,39,0.9999999999999996
L112_gamma2p0_g0p0_T1344,charge_density_wave,40,0.9999999999999997
L112_gamma2p0_g0p0_T1344,charge_density_wave,41,0.9999999999999998
L112_gamma2p0_g0p0_T1344,charge_density_wave,42,0.9999999999999998
L112_gamma2p0_g0p0_T1344,charge_density_wave,43,0.9999999999999999
L112_gamma2p0_g0p0_T1344,charge_density_wave,44,0.9999999999999999
L112_gamma2p0_g0p0_T1344,charge_density_wave,45,1.0
L112_gamma2p0_g0p0_T1344,charge_density_wave,46,1.0000000000000002
L112_gamma2p0_g0p0_T1344,charge_density_wave,47,1.0000000000000002
L112_gamma2p0_g0p0_T1344,charge_density_wave,48,1.0000000000000002
L112_gamma2p0_g0p0_T1344,charge_density_wave,49,1.0000000000000002
L112_gamma2p0_g0p0_T1344,charge_density_wave,50,1.0000000000000004
L112_gamma2p0_g0p0_T1344,charge_density_wave,51,1.0000000000000004
L112_gamma2p0_g0p0_T1344,charge_density_wave,52,1.0000000000000004
L112_gamma2p0_g0p0_T1344,charge_density_wave,53,1.0000000000000007
L112_gamma2p0_g0p0_T1344,charge_density_wave,54,1.0000000000000007
L112_gamma2p0_g0p0_T1344,charge_density_wave,55,1.0000000000000007
L112_gamma2p0_g0p0_T1344,left,0,-4.873895704850911e-16
L112_gamma2p0_g0p0_T1344,left,1,-3.61339699286066e-16
L112_gamma2p0_g0p0_T1344,left,2,-3.509095743074039e-16
L112_gamma2p0_g0p0_T1344,left,3,-3.026111258011918e-16
L112_gamma2p0_g0p0_T1344,left,4,-2.982051683501455e-16
L112_gamma2p0_g0p0_T1344,left,5,-2.553612751508267e-16
L112_gamma2p0_g0p0_T1344,left,6,-2.401298230198965e-16
L112_gamma2p0_g0p0_T1344,left,7,-2.0364605324956073e-16
L112_gamma2p0_g0p0_T1344,left,8,-1.1405476295538194e-16
L112_gamma2p0_g0p0_T1344,left,9,-8.899281926095537e-17
L112_gamma2p0_g0p0_T1344,left,10,-8.14862171759762e-17
L112_gamma2p0_g0p0_T1344,left,11,-2.886514837911755e-17
L112_gamma2p0_g0p0_T1344,left,12,0.0
L112_gamma2p0_g0p0_T1344,left,13,4.574032173254099e-17
L112_gamma2p0_g0p0_T1344,left,14,9.02177943288626e-17
L112_gamma2p0_g0p0_T1344,left,15,1.1574517152425367e-16
L112_gamma2p0_g0p0_T1344,left,16,1.770786171188556e-16
L112_gamma2p0_g0p0_T1344,left,17,2.494586975380035e-16
L112_gamma2p0_g0p0_T1344,left,18,2.691873043721192e-16
L112_gamma2p0_g0p0_T1344,left,19,2.735150234167335e-16
L112_gamma2p0_g0p0_T1344,left,20,3.143336773933815e-16
L112_gamma2p0_g0p0_T1344,left,21,3.5685347789803864e-16
L112_gamma2p0_g0p0_T1344,left,22,3.977055873474364e-16
L112_gamma2p0_g0p0_T1344,left,23,5.037366756356214e-16
L112_gamma2p0_g0p0_T1344,left,24,5.815438483237444e-16
L112_gamma2p0_g0p0_T1344,left,25,1.3938521308265903e-12
L112_gamma2p0_g0p0_T1344,left,26,2.7410562933923716e-07
L112_gamma2p0_g0p0_T1344,left,27,0.07033668248529394
L112_gamma2p0_g0p0_T1344,left,28,0.9999612572560244
L112_gamma2p0_g0p0_T1344,left,29,0.999999999803061
L112_gamma2p0_g0p0_T1344,left,30,0.9999999999999987
L112_gamma2p0_g0p0_T1344,left,31,0.9999999999999988
L112_gamma2p0_g0p0_T1344,left,32,0.9999999999999989
L112_gamma2p0_g0p0_T1344,left,33,0.999999999999999
L112_gamma2p0_g0p0_T1344,left,34,0.9999999999999993
L112_gamma2p0_g0p0_T1344,left,35,0.9999999999999993
L112_gamma2p0_g0p0_T1344,left,36,0.9999999999999994
L112_gamma2p0_g0p0_T1344,left,37,0.9999999999999994
L112_gamma2p0_g0p0_T1344,left,38,0.9999999999999996
L112_gamma2p0_g0p0_T1344,left,39,0.9999999999999996
L112_gamma2p0_g0p0_T1344,left,40,0.9999999999999998
L112_gamma2p0_g0p0_T1344,left,41,0.9999999999999999
L112_gamma2p0_g0p0_T1344,left,42,0.9999999999999999
L112_gamma2p0_g0p0_T1344,left,43,1.0
L112_gamma2p0_g0p0_T1344,left,44,1.0
L112_gamma2p0_g0p0_T1344,left,45,1.0000000000000002
L112_gamma2p0_g0p0_T1344,left,46,1.0000000000000002
L112_gamma2p0_g0p0_T1344,left,47,1.0000000000000002
L112_gamma2p0_g0p0_T1344,left,48,1.0000000000000002
L112_gamma2p0_g0p0_T1344,left,49,1.0000000000000004
L112_gamma2p0_g0p0_T1344,left,50,1.0000000000000004
L112_gamma2p0_g0p0_T1344,left,51,1.0000000000000004
L112_gamma2p0_g0p0_T1344,left,52,1.0000000000000004
L112_gamma2p0_g0p0_T1344,left,53,1.0000000000000007
L112_gamma2p0_g0p0_T1344,left,54,1.0000000000000009
L112_gamma2p0_g0p0_T1344,left,55,1.000000000000001
L112_gamma2p0_g0p0_T1344,right,0,-6.847269467703853e-16
L112_gamma2p0_g0p0_T1344,right,1,-6.527582479450323e-16
L112_gamma2p0_g0p0_T1344,right,2,-5.528533963447147e-16
L112_gamma2p0_g0p0_T1344,right,3,-5.413464686988428e-16
L112_gamma2p0_g0p0_T1344,right,4,-5.086701783253834e-16
L112_gamma2p0_g0p0_T1344,right,5,-3.9707735275547445e-16
L112_gamma2p0_g0p0_T1344,right,6,-3.642351292672545e-16
L112_gamma2p0_g0p0_T1344,right,7,-3.5833089576069634e-16
L112_gamma2p0_g0p0_T1344,right,8,-2.547379255825626e-16
L112_gamma2p0_g0p0_T1344,right,9,-2.4979219243846117e-16
L112_gamma2p0_g0p0_T1344,right,10,-1.4059456836277527e-16
L112_gamma2p0_g0p0_T1344,right,11,-1.39232414598134e-16
L112_gamma2p0_g0p0_T1344,right,12,-1.3317057752159997e-16
L112_gamma2p0_g0p0_T1344,right,13,-8.992656330119597e-17
L112_gamma2p0_g0p0_T1344,right,14,-3.7966218440890377e-17
L112_gamma2p0_g0p0_T1344,right,15,1.1554870379282538e-17
L112_gamma2p0_g0p0_T1344,right,16,4.153163195625234e-17
L112_gamma2p0_g0p0_T1344,right,17,6.913356064086138e-17
L112_gamma2p0_g0p0_T1344,right,18,1.532038433640321e-16
L112_gamma2p0_g0p0_T1344,right,19,1.6318586368865463e-16
L112_gamma2p0_g0p0_T1344,right,20,2.62358962866712e-16
L112_gamma2p0_g0p0_T1344,right,21,3.548514417362354e-16
L112_gamma2p0_g0p0_T1344,right,22,3.899526240107908e-16
L112_gamma2p0_g0p0_T1344,right,23,4.51721136777044e-16
L112_gamma2p0_g0p0_T1344,right,24,5.69972730049429e-16
L112_gamma2p0_g0p0_T1344,right,25,1.3944017085439915e-12
L112_gamma2p0_g0p0_T1344,right,26,2.7410562948859437e-07
L112_gamma2p0_g0p0_T1344,right,27,0.07033668248529445
L112_gamma2p0_g0p0_T1344,right,28,0.9999612572560241
L112_gamma2p0_g0p0_T1344,right,29,0.9999999998030608
L112_gamma2p0_g0p0_T1344,right,30,0.9999999999999986
L112_gamma2p0_g0p0_T1344,right,31,0.9999999999999992
L112_gamma2p0_g0p0_T1344,right,32,0.9999999999999993
L112_gamma2p0_g0p0_T1344,right,33,0.9999999999999994
L112_gamma2p0_g0p0_T1344,right,34,0.9999999999999994
L112_gamma2p0_g0p0_T1344,right,35,0.9999999999999994
L112_gamma2p0_g0p0_T1344,right,36,0.9999999999999996
L112_gamma2p0_g0p0_T1344,right,37,0.9999999999999997
L112_gamma2p0_g0p0_T1344,right,38,0.9999999999999998
L112_gamma2p0_g0p0_T1344,right,39,0.9999999999999998
L112_gamma2p0_g0p0_T1344,right,40,1.0
L112_gamma2p0_g0p0_T1344,right,41,1.0
L112_gamma2p0_g0p0_T1344,right,42,1.0
L112_gamma2p0_g0p0_T1344,right,43,1.0
L112_gamma2p0_g0p0_T1344,right,44,1.0000000000000002
L112_gamma2p0_g0p0_T1344,right,45,1.0000000000000002
L112_gamma2p0_g0p0_T1344,right,46,1.0000000000000002
L112_gamma2p0_g0p0_T1344,right,47,1.0000000000000002
L112_gamma2p0_g0p0_T1344,right,48,1.0000000000000002
L112_gamma2p0_g0p0_T1344,right,49,1.0000000000000002
L112_gamma2p0_g0p0_T1344,right,50,1.0000000000000007
L112_gamma2p0_g0p0_T1344,right,51,1.0000000000000007
L112_gamma2p0_g0p0_T1344,right,52,1.0000000000000009
L112_gamma2p0_g0p0_T1344,right,53,1.0000000000000009
L112_gamma2p0_g0p0_T1344,right,54,1.000000000000001
L112_gamma2p0_g0p0_T1344,right,55,1.0000000000000013
L112_gamma2p0_g0p25_T1120,charge_density_wave,0,-6.254993709223582e-16
L112_gamma2p0_g0p25_T1120,charge_density_wave,1,-5.237505958168955e-16
L112_gamma2p0_g0p25_T1120,charge_density_wave,2,-4.457652015857838e-16
L112_gamma2p0_g0p25_T1120,charge_density_wave,3,-3.2848584593595215e-16
L112_gamma2p0_g0p25_T1120,charge_density_wave,4,-3.074853507501319e-16
L112_gamma2p0_g0p25_T1120,charge_density_wave,5,-2.7059756970675293e-16
L112_gamma2p0_g0p25_T1120,charge_density_wave,6,-2.1413126136043672e-16
L112_gamma2p0_g0p25_T1120,charge_density_wave,7,-1.618519391422491e-16
L112_gamma2p0_g0p25_T1120,charge_density_wave,8,-1.163033055598981e-16
L112_gamma2p0_g0p25_T1120,charge_density_wave,9,-9.257288480415834e-17
L112_gamma2p0_g0p25_T1120,charge_density_wave,10,-5.5302221028450973e-17
L112_gamma2p0_g0p25_T1120,charge_density_wave,11,-3.473566696504717e-17
L112_gamma2p0_g0p25_T1120,charge_density_wave,12,-1.8843608175513444e-17
L112_gamma2p0_g0p25_T1120,charge_density_wave,13,-5.627527154535211e-18
L112_gamma2p0_g0p25_T1120,charge_density_wave,14,3.435477549454672e-18
L112_gamma2p0_g0p25_T1120,charge_density_wave,15,9.206265436377518e-17
L112_gamma2p0_g0p25_T1120,charge_density_wave,16,1.00837100040892e-16
L112_gamma2p0_g0p25_T1120,charge_density_wave,17,1.3824979137167523e-16
L112_gamma2p0_g0p25_T1120,charge_density_wave,18,1.8324874488637252e-16
L112_gamma2p0_g0p25_T1120,charge_density_wave,19,2.3507225215442644e-16
L112_gamma2p0_g0p25_T1120,charge_density_wave,20,2.4137010340314067e-16
L112_gamma2p0_g0p25_T1120,charge_density_wave,21,3.26134656707717e-16
L112_gamma2p0_g0p25_T1120,charge_density_wave,22,3.438457766029606e-16
L112_gamma2p0_g0p25_T1120,charge_density_wave,23,4.967718498343573e-16
L112_gamma2p0_g0p25_T1120,charge_density_wave,24,6.048223836478552e-16
L112_gamma2p0_g0p25_T1120,charge_density_wave,25,1.1812772982011666e-13
L112_gamma2p0_g0p25_T1120,charge_density_wave,26,6.421079342477914e-08
L112_gamma2p0_g0p25_T1120,charge_density_wave,27,0.04387305606271598
L112_gamma2p0_g0p25_T1120,charge_density_wave,28,0.999931675485505
L112_gamma2p0_g0p25_T1120,charge_density_wave,29,0.9999999990331376
L112_gamma2p0_g0p25_T1120,charge_density_wave,30,0.9999999999999861
L112_gamma2p0_g0p25_T1120,charge_density_wave,31,0.9999999999999988
L112_gamma2p0_g0p25_T1120,charge_density_wave,32,0.9999999999999989
L112_gamma2p0_g0p25_T1120,charge_density_wave,33,0.999999999999999
L112_gamma2p0_g0p25_T1120,charge_density_wave,34,0.999999999999999
L112_gamma2p0_g0p25_T1120,charge_density_wave,35,0.999999999999999
L112_gamma2p0_g0p25_T1120,charge_density_wave,36,0.9999999999999991
L112_gamma2p0_g0p25_T1120,charge_density_wave,37,0.9999999999999992
L112_gamma2p0_g0p25_T1120,charge_density_wave,38,0.9999999999999993
L112_gamma2p0_g0p25_T1120,charge_density_wave,39,0.9999999999999994
L112_gamma2p0_g0p25_T1120,charge_density_wave,40,0.9999999999999996
L112_gamma2p0_g0p25_T1120,charge_density_wave,41,0.9999999999999996
L112_gamma2p0_g0p25_T1120,charge_density_wave,42,0.9999999999999998
L112_gamma2p0_g0p25_T1120,charge_density_wave,43,0.9999999999999998
L112_gamma2p0_g0p25_T1120,charge_density_wave,44,0.9999999999999998
L112_gamma2p0_g0p25_T1120,charge_density_wave,45,0.9999999999999998
L112_gamma2p0_g0p25_T1120,charge_density_wave,46,1.0
L112_gamma2p0_g0p25_T1120,charge_density_wave,47,1.0
L112_gamma2p0_g0p25_T1120,charge_density_wave,48,1.0000000000000004
L112_gamma2p0_g0p25_T1120,charge_density_wave,49,1.0000000000000004
L112_gamma2p0_g0p25_T1120,charge_density_wave,50,1.0000000000000004
L112_gamma2p0_g0p25_T1120,charge_density_wave,51,1.0000000000000007
L112_gamma2p0_g0p25_T1120,charge_density_wave,52,1.0000000000000007
L112_gamma2p0_g0p25_T1120,charge_density_wave,53,1.0000000000000007
L112_gamma2p0_g0p25_T1120,charge_density_wave,54,1.0000000000000007
L112_gamma2p0_g0p25_T1120,charge_density_wave,55,1.000000000000001
L112_gamma2p0_g0p25_T1120,left,0,-5.540572492648754e-16
L112_gamma2p0_g0p25_T1120,left,1,-4.612166651091571e-16
L112_gamma2p0_g0p25_T1120,left,2,-3.975433080690004e-16
L112_gamma2p0_g0p25_T1120,left,3,-3.665300798954363e-16
L112_gamma2p0_g0p25_T1120,left,4,-3.2790770708713447e-16
L112_gamma2p0_g0p25_T1120,left,5,-3.178642321860978e-16
L112_gamma2p0_g0p25_T1120,left,6,-2.98193236163858e-16
L112_gamma2p0_g0p25_T1120,left,7,-2.407218094619566e-16
L112_gamma2p0_g0p25_T1120,left,8,-1.6176380941237198e-16
L112_gamma2p0_g0p25_T1120,left,9,-1.3414727335230385e-16
L112_gamma2p0_g0p25_T1120,left,10,-5.322243383158132e-17
L112_gamma2p0_g0p25_T1120,left,11,5.654227148771079e-17
L112_gamma2p0_g0p25_T1120,left,12,1.2057486436723403e-16
L112_gamma2p0_g0p25_T1120,left,13,1.3299544670805684e-16
L112_gamma2p0_g0p25_T1120,left,14,1.5731254872542296e-16
L112_gamma2p0_g0p25_T1120,left,15,1.8647753929514632e-16
L112_gamma2p0_g0p25_T1120,left,16,2.7702619967910024e-16
L112_gamma2p0_g0p25_T1120,left,17,2.9922137242102103e-16
L112_gamma2p0_g0p25_T1120,left,18,3.666131513371568e-16
L112_gamma2p0_g0p25_T1120,left,19,3.8111359768317265e-16
L112_gamma2p0_g0p25_T1120,left,20,3.8694632411092573e-16
L112_gamma2p0_g0p25_T1120,left,21,4.199493793182991e-16
L112_gamma2p0_g0p25_T1120,left,22,5.244417339413418e-16
L112_gamma2p0_g0p25_T1120,left,23,5.316583030497191e-16
L112_gamma2p0_g0p25_T1120,left,24,1.1880892424654475e-13
L112_gamma2p0_g0p25_T1120,left,25,6.034894949409022e-09
L112_gamma2p0_g0p25_T1120,left,26,6.421079236778538e-08
L112_gamma2p0_g0p25_T1120,left,27,0.043873056062716215
L112_gamma2p0_g0p25_T1120,left,28,0.9999316754855045
L112_gamma2p0_g0p25_T1120,left,29,0.9999999990331372
L112_gamma2p0_g0p25_T1120,left,30,0.9999999999999869
L112_gamma2p0_g0p25_T1120,left,31,0.9999999999999991
L112_gamma2p0_g0p25_T1120,left,32,0.9999999999999992
L112_gamma2p0_g0p25_T1120,left,33,0.9999999999999996
L112_gamma2p0_g0p25_T1120,left,34,0.9999999999999996
L112_gamma2p0_g0p25_T1120,left,35,0.9999999999999997
L112_gamma2p0_g0p25_T1120,left,36,0.9999999999999998
L112_gamma2p0_g0p25_T1120,left,37,0.9999999999999998
L112_gamma2p0_g0p25_T1120,left,38,0.9999999999999999
L112_gamma2p0_g0p25_T1120,left,39,1.0
L112_gamma2p0_g0p25_T1120,left,40,1.0
L112_gamma2p0_g0p25_T1120,left,41,1.0000000000000002
L112_gamma2p0_g0p25_T1120,left,42,1.0000000000000002
L112_gamma2p0_g0p25_T1120,left,43,1.0000000000000002
L112_gamma2p0_g0p25_T1120,left,44,1.0000000000000002
L112_gamma2p0_g0p25_T1120,left,45,1.0000000000000002
L112_gamma2p0_g0p25_T1120,left,46,1.0000000000000004
L112_gamma2p0_g0p25_T1120,left,47,1.0000000000000004
L112_gamma2p0_g0p25_T1120,left,48,1.0000000000000007
L112_gamma2p0_g0p25_T1120,left,49,1.0000000000000007
L112_gamma2p0_g0p25_T1120,left,50,1.0000000000000007
L112_gamma2p0_g0p25_T1120,left,51,1.0000000000000009
L112_gamma2p0_g0p25_T1120,left,52,1.000000000000001
L112_gamma2p0_g0p25_T1120,left,53,1.000000000000001
L112_gamma2p0_g0p25_T1120,left,54,1.000000000000001
L112_gamma2p0_g0p25_T1120,left,55,1.0000000000000013
L112_gamma2p0_g0p25_T1120,right,0,-7.450206785133986e-16
L112_gamma2p0_g0p25_T1120,right,1,-5.226925509971809e-16
L112_gamma2p0_g0p25_T1120,right,2,-4.787644151174199e-16
L112_gamma2p0_g0p25_T1120,right,3,-3.453651674744324e-16
L112_gamma2p0_g0p25_T1120,right,4,-3.1457693728983344e-16
L112_gamma2p0_g0p25_T1120,right,5,-2.8877547242770455e-16
L112_gamma2p0_g0p25_T1120,right,6,-2.7777760252906355e-16
L112_gamma2p0_g0p25_T1120,right,7,-2.313946806754616e-16
L112_gamma2p0_g0p25_T1120,right,8,-2.0420765960525972e-16
L112_gamma2p0_g0p25_T1120,right,9,-1.2982309952798933e-16
L112_gamma2p0_g0p25_T1120,right,10,-1.0628528079927033e-16
L112_gamma2p0_g0p25_T1120,right,11,-7.668966126786972e-17
L112_gamma2p0_g0p25_T1120,right,12,-4.279008928029565e-17
L112_gamma2p0_g0p25_T1120,right,13,-1.2431426539269813e-17
L112_gamma2p0_g0p25_T1120,right,14,3.620017693289435e-17
L112_gamma2p0_g0p25_T1120,right,15,7.80482199036199e-17
L112_gamma2p0_g0p25_T1120,right,16,1.222867350095301e-16
L112_gamma2p0_g0p25_T1120,right,17,1.5168884038619111e-16
L112_gamma2p0_g0p25_T1120,right,18,1.6534474966631428e-16
L112_gamma2p0_g0p25_T1120,right,19,2.6058781912002596e-16
L112_gamma2p0_g0p25_T1120,right,20,2.7976765555788375e-16
L112_gamma2p0_g0p25_T1120,right,21,3.7882016241684793e-16
L112_gamma2p0_g0p25_T1120,right,22,4.352131528765707e-16
L112_gamma2p0_g0p25_T1120,right,23,4.701662589444959e-16
L112_gamma2p0_g0p25_T1120,right,24,5.051292881003923e-16
L112_gamma2p0_g0p25_T1120,right,25,1.2221841784064089e-14
L112_gamma2p0_g0p25_T1120,right,26,1.1812772982011666e-13
L112_gamma2p0_g0p25_T1120,right,27,6.421079257190598e-08
L112_gamma2p0_g0p25_T1120,right,28,6.47001371386392e-05
L112_gamma2p0_g0p25_T1120,right,29,0.04387305606271647
L112_gamma2p0_g0p25_T1120,right,30,0.9999316754855045
L112_gamma2p0_g0p25_T1120,right,31,0.9999506532934357
L112_gamma2p0_g0p25_T1120,right,32,0.9999999990331383
L112_gamma2p0_g0p25_T1120,right,33,0.9999999999991849
L112_gamma2p0_g0p25_T1120,right,34,0.9999999999999859
L112_gamma2p0_g0p25_T1120,right,35,0.9999999999999989
L112_gamma2p0_g0p25_T1120,right,36,0.9999999999999992
L112_gamma2p0_g0p25_T1120,right,37,0.9999999999999992
L112_gamma2p0_g0p25_T1120,right,38,0.9999999999999993
L112_gamma2p0_g0p25_T1120,right,39,0.9999999999999993
L112_gamma2p0_g0p25_T1120,right,40,0.9999999999999993
L112_gamma2p0_g0p25_T1120,right,41,0.9999999999999997
L112_gamma2p0_g0p25_T1120,right,42,0.9999999999999998
L112_gamma2p0_g0p25_T1120,right,43,0.9999999999999998
L112_gamma2p0_g0p25_T1120,right,44,0.9999999999999998
L112_gamma2p0_g0p25_T1120,right,45,1.0
L112_gamma2p0_g0p25_T1120,right,46,1.0000000000000002
L112_gamma2p0_g0p25_T1120,right,47,1.0000000000000002
L112_gamma2p0_g0p25_T1120,right,48,1.0000000000000002
L112_gamma2p0_g0p25_T1120,right,49,1.0000000000000002
L112_gamma2p0_g0p25_T1120,right,50,1.0000000000000004
L112_gamma2p0_g0p25_T1120,right,51,1.0000000000000004
L112_gamma2p0_g0p25_T1120,right,52,1.0000000000000004
L112_gamma2p0_g0p25_T1120,right,53,1.0000000000000007
L112_gamma2p0_g0p25_T1120,right,54,1.0000000000000007
L112_gamma2p0_g0p25_T1120,right,55,1.0000000000000016
L112_gamma2p0_g0p25_T1344,charge_density_wave,0,-8.06176480713225e-16
L112_gamma2p0_g0p25_T1344,charge_density_wave,1,-6.222620097947541e-16
L112_gamma2p0_g0p25_T1344,charge_density_wave,2,-5.935103386063865e-16
L112_gamma2p0_g0p25_T1344,charge_density_wave,3,-5.637109667437278e-16
L112_gamma2p0_g0p25_T1344,charge_density_wave,4,-4.583072593658277e-16
L112_gamma2p0_g0p25_T1344,charge_density_wave,5,-4.2910039668151124e-16
L112_gamma2p0_g0p25_T1344,charge_density_wave,6,-2.8425292883580593e-16
L112_gamma2p0_g0p25_T1344,charge_density_wave,7,-1.8974139422670645e-16
L112_gamma2p0_g0p25_T1344,charge_density_wave,8,-1.60253529675157e-16
L112_gamma2p0_g0p25_T1344,charge_density_wave,9,-9.82007457616728e-17
L112_gamma2p0_g0p25_T1344,charge_density_wave,10,-4.928939485722568e-18
L112_gamma2p0_g0p25_T1344,charge_density_wave,11,-3.380631015590637e-18
L112_gamma2p0_g0p25_T1344,charge_density_wave,12,-3.2820272541463767e-18
L112_gamma2p0_g0p25_T1344,charge_density_wave,13,4.7865144811098764e-18
L112_gamma2p0_g0p25_T1344,charge_density_wave,14,2.2850400357172472e-17
L112_gamma2p0_g0p25_T1344,charge_density_wave,15,6.955687809849453e-17
L112_gamma2p0_g0p25_T1344,charge_density_wave,16,1.2415662476804962e-16
L112_gamma2p0_g0p25_T1344,charge_density_wave,17,2.1279232319469737e-16
L112_gamma2p0_g0p25_T1344,charge_density_wave,18,2.439845339844974e-16
L112_gamma2p0_g0p25_T1344,charge_density_wave,19,2.8520857799753695e-16
L112_gamma2p0_g0p25_T1344,charge_density_wave,20,3.331317346391736e-16
L112_gamma2p0_g0p25_T1344,charge_density_wave,21,4.3992822123966953e-16
L112_gamma2p0_g0p25_T1344,charge_density_wave,22,4.639553581314208e-16
L112_gamma2p0_g0p25_T1344,charge_density_wave,23,4.744641517244275e-16
L112_gamma2p0_g0p25_T1344,charge_density_wave,24,5.7463191792575255e-16
L112_gamma2p0_g0p25_T1344,charge_density_wave,25,1.1934897514720433e-13
L112_gamma2p0_g0p25_T1344,charge_density_wave,26,6.42107934600844e-08
L112_gamma2p0_g0p25_T1344,charge_density_wave,27,0.043873056062716013
L112_gamma2p0_g0p25_T1344,charge_density_wave,28,0.9999316754855043
L112_gamma2p0_g0p25_T1344,charge_density_wave,29,0.9999999990331383
L112_gamma2p0_g0p25_T1344,charge_density_wave,30,0.9999999999999868
L112_gamma2p0_g0p25_T1344,charge_density_wave,31,0.9999999999999991
L112_gamma2p0_g0p25_T1344,charge_density_wave,32,0.9999999999999993
L112_gamma2p0_g0p25_T1344,charge_density_wave,33,0.9999999999999993
L112_gamma2p0_g0p25_T1344,charge_density_wave,34,0.9999999999999994
L112_gamma2p0_g0p25_T1344,charge_density_wave,35,0.9999999999999994
L112_gamma2p0_g0p25_T1344,charge_density_wave,36,0.9999999999999994
L112_gamma2p0_g0p25_T1344,charge_density_wave,37,0.9999999999999994
L112_gamma2p0_g0p25_T1344,charge_density_wave,38,0.9999999999999998
L112_gamma2p0_g0p25_T1344,charge_density_wave,39,0.9999999999999999
L112_gamma2p0_g0p25_T1344,charge_density_wave,40,1.0
L112_gamma2p0_g0p25_T1344,charge_density_wave,41,1.0
L112_gamma2p0_g0p25_T1344,charge_density_wave,42,1.0
L112_gamma2p0_g0p25_T1344,charge_density_wave,43,1.0
L112_gamma2p0_g0p25_T1344,charge_density_wave,44,1.0000000000000002
L112_gamma2p0_g0p25_T1344,charge_density_wave,45,1.0000000000000002
L112_gamma2p0_g0p25_T1344,charge_density_wave,46,1.0000000000000002
L112_gamma2p0_g0p25_T1344,charge_density_wave,47,1.0000000000000004
L112_gamma2p0_g0p25_T1344,charge_density_wave,48,1.0000000000000004
L112_gamma2p0_g0p25_T1344,charge_density_wave,49,1.0000000000000004
L112_gamma2p0_g0p25_T1344,charge_density_wave,50,1.0000000000000007
L112_gamma2p0_g0p25_T1344,charge_density_wave,51,1.0000000000000007
L112_gamma2p0_g0p25_T1344,charge_density_wave,52,1.0000000000000009
L112_gamma2p0_g0p25_T1344,charge_density_wave,53,1.0000000000000009
L112_gamma2p0_g0p25_T1344,charge_density_wave,54,1.000000000000001
L112_gamma2p0_g0p25_T1344,charge_density_wave,55,1.000000000000001
L112_gamma2p0_g0p25_T1344,left,0,-5.590958127071019e-16
L112_gamma2p0_g0p25_T1344,left,1,-4.905558683300646e-16
L112_gamma2p0_g0p25_T1344,left,2,-4.668735174845319e-16
L112_gamma2p0_g0p25_T1344,left,3,-3.766718048134635e-16
L112_gamma2p0_g0p25_T1344,left,4,-3.2166403931628907e-16
L112_gamma2p0_g0p25_T1344,left,5,-2.380587249229072e-16
L112_gamma2p0_g0p25_T1344,left,6,-1.5793500138611149e-16
L112_gamma2p0_g0p25_T1344,left,7,-1.5104771156665787e-16
L112_gamma2p0_g0p25_T1344,left,8,-8.549081003369883e-17
L112_gamma2p0_g0p25_T1344,left,9,-2.559450530359836e-17
L112_gamma2p0_g0p25_T1344,left,10,-5.686493828421112e-18
L112_gamma2p0_g0p25_T1344,left,11,3.7235836217796984e-18
L112_gamma2p0_g0p25_T1344,left,12,4.7852775202043095e-17
L112_gamma2p0_g0p25_T1344,left,13,5.3985303986177496e-17
L112_gamma2p0_g0p25_T1344,left,14,1.0710955331489021e-16
L112_gamma2p0_g0p25_T1344,left,15,1.2892292490872426e-16
L112_gamma2p0_g0p25_T1344,left,16,1.5152604647533148e-16
L112_gamma2p0_g0p25_T1344,left,17,2.3510229333084447e-16
L112_gamma2p0_g0p25_T1344,left,18,2.6891295749712734e-16
L112_gamma2p0_g0p25_T1344,left,19,2.8242385860714464e-16
L112_gamma2p0_g0p25_T1344,left,20,2.913972264412833e-16
L112_gamma2p0_g0p25_T1344,left,21,3.061566179137823e-16
L112_gamma2p0_g0p25_T1344,left,22,4.1377859823822816e-16
L112_gamma2p0_g0p25_T1344,left,23,4.4248347507484186e-16
L112_gamma2p0_g0p25_T1344,left,24,6.690481411730416e-16
L112_gamma2p0_g0p25_T1344,left,25,1.1862733018119798e-13
L112_gamma2p0_g0p25_T1344,left,26,6.421079267790538e-08
L112_gamma2p0_g0p25_T1344,left,27,0.043873056062715875
L112_gamma2p0_g0p25_T1344,left,28,0.9999316754855049
L112_gamma2p0_g0p25_T1344,left,29,0.9999999990331373
L112_gamma2p0_g0p25_T1344,left,30,0.9999999999999862
L112_gamma2p0_g0p25_T1344,left,31,0.999999999999999
L112_gamma2p0_g0p25_T1344,left,32,0.999999999999999
L112_gamma2p0_g0p25_T1344,left,33,0.9999999999999992
L112_gamma2p0_g0p25_T1344,left,34,0.9999999999999992
L112_gamma2p0_g0p25_T1344,left,35,0.9999999999999994
L112_gamma2p0_g0p25_T1344,left,36,0.9999999999999994
L112_gamma2p0_g0p25_T1344,left,37,0.9999999999999997
L112_gamma2p0_g0p25_T1344,left,38,0.9999999999999997
L112_gamma2p0_g0p25_T1344,left,39,0.9999999999999998
L112_gamma2p0_g0p25_T1344,left,40,0.9999999999999999
L112_gamma2p0_g0p25_T1344,left,41,1.0
L112_gamma2p0_g0p25_T1344,left,42,1.0
L112_gamma2p0_g0p25_T1344,left,43,1.0
L112_gamma2p0_g0p25_T1344,left,44,1.0
L112_gamma2p0_g0p25_T1344,left,45,1.0000000000000002
L112_gamma2p0_g0p25_T1344,left,46,1.0000000000000002
L112_gamma2p0_g0p25_T1344,left,47,1.0000000000000002
L112_gamma2p0_g0p25_T1344,left,48,1.0000000000000002
L112_gamma2p0_g0p25_T1344,left,49,1.0000000000000004
L112_gamma2p0_g0p25_T1344,left,50,1.0000000000000004
L112_gamma2p0_g0p25_T1344,left,51,1.0000000000000009
L112_gamma2p0_g0p25_T1344,left,52,1.0000000000000009
L112_gamma2p0_g0p25_T1344,left,53,1.0000000000000009
L112_gamma2p0_g0p25_T1344,left,54,1.000000000000001
L112_gamma2p0_g0p25_T1344,left,55,1.000000000000001
L112_gamma2p0_g0p25_T1344,right,0,-4.587116421872455e-16
L112_gamma2p0_g0p25_T1344,right,1,-3.493748434720773e-16
L112_gamma2p0_g0p25_T1344,right,2,-3.2150753669757308e-16
L112_gamma2p0_g0p25_T1344,right,3,-2.9646927860596667e-16
L112_gamma2p0_g0p25_T1344,right,4,-2.367881300888634e-16
L112_gamma2p0_g0p25_T1344,right,5,-1.7709160872077952e-16
L112_gamma2p0_g0p25_T1344,right,6,-1.7581938356905735e-16
L112_gamma2p0_g0p25_T1344,right,7,-1.4328613654647127e-16
L112_gamma2p0_g0p25_T1344,right,8,-1.2012129104185144e-16
L112_gamma2p0_g0p25_T1344,right,9,-1.1547051356927062e-16
L112_gamma2p0_g0p25_T1344,right,10,-7.560921594571147e-17
L112_gamma2p0_g0p25_T1344,right,11,-5.259478751022351e-17
L112_gamma2p0_g0p25_T1344,right,12,-4.427296869947817e-17
L112_gamma2p0_g0p25_T1344,right,13,-1.2057326077559124e-17
L112_gamma2p0_g0p25_T1344,right,14,2.7853683178837305e-17
L112_gamma2p0_g0p25_T1344,right,15,3.0859136802370185e-17
L112_gamma2p0_g0p25_T1344,right,16,5.792035779022075e-17
L112_gamma2p0_g0p25_T1344,right,17,1.0411776178904586e-16
L112_gamma2p0_g0p25_T1344,right,18,1.1357548943377326e-16
L112_gamma2p0_g0p25_T1344,right,19,1.5501797660360835e-16
L112_gamma2p0_g0p25_T1344,right,20,1.599502026514629e-16
L112_gamma2p0_g0p25_T1344,right,21,1.6246296823871007e-16
L112_gamma2p0_g0p25_T1344,right,22,1.8106901895762985e-16
L112_gamma2p0_g0p25_T1344,right,23,2.3843973192779213e-16
L112_gamma2p0_g0p25_T1344,right,24,3.485560483388283e-16
L112_gamma2p0_g0p25_T1344,right,25,1.1834977442504169e-13
L112_gamma2p0_g0p25_T1344,right,26,6.421079246088368e-08
L112_gamma2p0_g0p25_T1344,right,27,0.0438730560627161
L112_gamma2p0_g0p25_T1344,right,28,0.9999316754855058
L112_gamma2p0_g0p25_T1344,right,29,0.9999999990331373
L112_gamma2p0_g0p25_T1344,right,30,0.9999999999995506
L112_gamma2p0_g0p25_T1344,right,31,0.9999999999999862
L112_gamma2p0_g0p25_T1344,right,32,0.9999999999999986
L112_gamma2p0_g0p25_T1344,right,33,0.999999999999999
L112_gamma2p0_g0p25_T1344,right,34,0.9999999999999992
L112_gamma2p0_g0p25_T1344,right,35,0.9999999999999996
L112_gamma2p0_g0p25_T1344,right,36,0.9999999999999996
L112_gamma2p0_g0p25_T1344,right,37,0.9999999999999997
L112_gamma2p0_g0p25_T1344,right,38,0.9999999999999997
L112_gamma2p0_g0p25_T1344,right,39,0.9999999999999997
L112_gamma2p0_g0p25_T1344,right,40,0.9999999999999998
L112_gamma2p0_g0p25_T1344,right,41,0.9999999999999999
L112_gamma2p0_g0p25_T1344,right,42,1.0000000000000002
L112_gamma2p0_g0p25_T1344,right,43,1.0000000000000002
L112_gamma2p0_g0p25_T1344,right,44,1.0000000000000002
L112_gamma2p0_g0p25_T1344,right,45,1.0000000000000004
L112_gamma2p0_g0p25_T1344,right,46,1.0000000000000004
L112_gamma2p0_g0p25_T1344,right,47,1.0000000000000004
L112_gamma2p0_g0p25_T1344,right,48,1.0000000000000004
L112_gamma2p0_g0p25_T1344,right,49,1.0000000000000007
L112_gamma2p0_g0p25_T1344,right,50,1.0000000000000007
L112_gamma2p0_g0p25_T1344,right,51,1.0000000000000007
L112_gamma2p0_g0p25_T1344,right,52,1.0000000000000009
L112_gamma2p0_g0p25_T1344,right,53,1.0000000000000013
L112_gamma2p0_g0p25_T1344,right,54,1.0000000000000016
L112_gamma2p0_g0p25_T1344,right,55,1.0000000000000018
L80_gamma2p0_g0p0_T1000,charge_density_wave,0,-6.982858316812201e-16
L80_gamma2p0_g0p0_T1000,charge_density_wave,1,-5.033637661752327e-16
L80_gamma2p0_g0p0_T1000,charge_density_wave,2,-4.629883899903892e-16
L80_gamma2p0_g0p0_T1000,charge_density_wave,3,-3.8764582038171186e-16
L80_gamma2p0_g0p0_T1000,charge_density_wave,4,-3.6759767357309525e-16
L80_gamma2p0_g0p0_T1000,charge_density_wave,5,-2.842359855983744e-16
L80_gamma2p0_g0p0_T1000,charge_density_wave,6,-2.4930434082973528e-16
L80_gamma2p0_g0p0_T1000,charge_density_wave,7,-7.665175560254324e-17
L80_gamma2p0_g0p0_T1000,charge_density_wave,8,-7.180367605889316e-17
L80_gamma2p0_g0p0_T1000,charge_density_wave,9,-4.4343329883012336e-17
L80_gamma2p0_g0p0_T1000,charge_density_wave,10,7.442899092182417e-17
L80_gamma2p0_g0p0_T1000,charge_density_wave,11,7.62486698394535e-17
L80_gamma2p0_g0p0_T1000,charge_density_wave,12,1.6659694871046635e-16
L80_gamma2p0_g0p0_T1000,charge_density_wave,13,2.5484977127072365e-16
L80_gamma2p0_g0p0_T1000,charge_density_wave,14,2.820165277903104e-16
L80_gamma2p0_g0p0_T1000,charge_density_wave,15,3.39517285668059e-16
L80_gamma2p0_g0p0_T1000,charge_density_wave,16,4.47030755122037e-16
L80_gamma2p0_g0p0_T1000,charge_density_wave,17,1.3940926755681956e-12
L80_gamma2p0_g0p0_T1000,charge_density_wave,18,2.741056293641961e-07
L80_gamma2p0_g0p0_T1000,charge_density_wave,19,0.07033668248529382
L80_gamma2p0_g0p0_T1000,charge_density_wave,20,0.999961257256025
L80_gamma2p0_g0p0_T1000,charge_density_wave,21,0.9999999998030609
L80_gamma2p0_g0p0_T1000,charge_density_wave,22,0.9999999999999989
L80_gamma2p0_g0p0_T1000,charge_density_wave,23,0.9999999999999989
L80_gamma2p0_g0p0_T1000,charge_density_wave,24,0.9999999999999991
L80_gamma2p0_g0p0_T1000,charge_density_wave,25,0.9999999999999993
L80_gamma2p0_g0p0_T1000,charge_density_wave,26,0.9999999999999994
L80_gamma2p0_g0p0_T1000,charge_density_wave,27,0.9999999999999996
L80_gamma2p0_g0p0_T1000,charge_density_wave,28,0.9999999999999996
L80_gamma2p0_g0p0_T1000,charge_density_wave,29,0.9999999999999998
L80_gamma2p0_g0p0_T1000,charge_density_wave,30,1.0
L80_gamma2p0_g0p0_T1000,charge_density_wave,31,1.0
L80_gamma2p0_g0p0_T1000,charge_density_wave,32,1.0000000000000002
L80_gamma2p0_g0p0_T1000,charge_density_wave,33,1.0000000000000002
L80_gamma2p0_g0p0_T1000,charge_density_wave,34,1.0000000000000002
L80_gamma2p0_g0p0_T1000,charge_density_wave,35,1.0000000000000002
L80_gamma2p0_g0p0_T1000,charge_density_wave,36,1.0000000000000002
L80_gamma2p0_g0p0_T1000,charge_density_wave,37,1.0000000000000002
L80_gamma2p0_g0p0_T1000,charge_density_wave,38,1.0000000000000004
L80_gamma2p0_g0p0_T1000,charge_density_wave,39,1.0000000000000009
L80_gamma2p0_g0p0_T1000,left,0,-2.8742146819918653e-16
L80_gamma2p0_g0p0_T1000,left,1,-2.6984626613467215e-16
L80_gamma2p0_g0p0_T1000,left,2,-1.9804058712617198e-16
L80_gamma2p0_g0p0_T1000,left,3,-1.601249749528897e-16
L80_gamma2p0_g0p0_T1000,left,4,-1.3812131230196764e-16
L80_gamma2p0_g0p0_T1000,left,5,-8.609417992759074e-17
L80_gamma2p0_g0p0_T1000,left,6,-5.255842519686736e-17
L80_gamma2p0_g0p0_T1000,left,7,-1.4005984562575698e-17
L80_gamma2p0_g0p0_T1000,left,8,3.6925884970371966e-17
L80_gamma2p0_g0p0_T1000,left,9,4.686634494098962e-17
L80_gamma2p0_g0p0_T1000,left,10,6.540057343663943e-17
L80_gamma2p0_g0p0_T1000,left,11,1.8500401958165475e-16
L80_gamma2p0_g0p0_T1000,left,12,2.574166210706411e-16
L80_gamma2p0_g0p0_T1000,left,13,3.634335573833993e-16
L80_gamma2p0_g0p0_T1000,left,14,3.8070387730397294e-16
L80_gamma2p0_g0p0_T1000,left,15,4.3421014287559194e-16
L80_gamma2p0_g0p0_T1000,left,16,4.44710818558706e-16
L80_gamma2p0_g0p0_T1000,left,17,1.3943206203014465e-12
L80_gamma2p0_g0p0_T1000,left,18,2.7410562930541005e-07
L80_gamma2p0_g0p0_T1000,left,19,0.07033668248529415
L80_gamma2p0_g0p0_T1000,left,20,0.9999612572560235
L80_gamma2p0_g0p0_T1000,left,21,0.9999999998030601
L80_gamma2p0_g0p0_T1000,left,22,0.9999999999999987
L80_gamma2p0_g0p0_T1000,left,23,0.9999999999999988
L80_gamma2p0_g0p0_T1000,left,24,0.999999999999999
L80_gamma2p0_g0p0_T1000,left,25,0.9999999999999993
L80_gamma2p0_g0p0_T1000,left,26,0.9999999999999994
L80_gamma2p0_g0p0_T1000,left,27,0.9999999999999997
L80_gamma2p0_g0p0_T1000,left,28,0.9999999999999998
L80_gamma2p0_g0p0_T1000,left,29,0.9999999999999998
L80_gamma2p0_g0p0_T1000,left,30,1.0
L80_gamma2p0_g0p0_T1000,left,31,1.0
L80_gamma2p0_g0p0_T1000,left,32,1.0
L80_gamma2p0_g0p0_T1000,left,33,1.0000000000000002
L80_gamma2p0_g0p0_T1000,left,34,1.0000000000000002
L80_gamma2p0_g0p0_T1000,left,35,1.0000000000000004
L80_gamma2p0_g0p0_T1000,left,36,1.0000000000000004
L80_gamma2p0_g0p0_T1000,left,37,1.0000000000000007
L80_gamma2p0_g0p0_T1000,left,38,1.0000000000000007
L80_gamma2p0_g0p0_T1000,left,39,1.0000000000000009
L80_gamma2p0_g0p0_T1000,right,0,-5.669456602946752e-16
L80_gamma2p0_g0p0_T1000,right,1,-4.741484755197696e-16
L80_gamma2p0_g0p0_T1000,right,2,-3.6244591031622747e-16
L80_gamma2p0_g0p0_T1000,right,3,-1.9748638620603374e-16
L80_gamma2p0_g0p0_T1000,right,4,-1.5893851542576625e-16
L80_gamma2p0_g0p0_T1000,right,5,-1.309988951005026e-16
L80_gamma2p0_g0p0_T1000,right,6,-1.0115462272017737e-16
L80_gamma2p0_g0p0_T1000,right,7,-9.901851423991725e-17
L80_gamma2p0_g0p0_T1000,right,8,-1.6755929388888235e-17
L80_gamma2p0_g0p0_T1000,right,9,0.0
L80_gamma2p0_g0p0_T1000,right,10,9.999223937577002e-17
L80_gamma2p0_g0p0_T1000,right,11,1.57134944719433e-16
L80_gamma2p0_g0p0_T1000,right,12,2.1776038785346495e-16
L80_gamma2p0_g0p0_T1000,right,13,3.0735617115391805e-16
L80_gamma2p0_g0p0_T1000,right,14,3.3388254913181997e-16
L80_gamma2p0_g0p0_T1000,right,15,3.8128286174462755e-16
L80_gamma2p0_g0p0_T1000,right,16,6.686986903622599e-16
L80_gamma2p0_g0p0_T1000,right,17,1.3944993040761711e-12
L80_gamma2p0_g0p0_T1000,right,18,2.74105629327559e-07
L80_gamma2p0_g0p0_T1000,right,19,0.07033668248529373
L80_gamma2p0_g0p0_T1000,right,20,0.9999612572560244
L80_gamma2p0_g0p0_T1000,right,21,0.9999999998030615
L80_gamma2p0_g0p0_T1000,right,22,0.9999999999999987
L80_gamma2p0_g0p0_T1000,right,23,0.9999999999999992
L80_gamma2p0_g0p0_T1000,right,24,0.9999999999999993
L80_gamma2p0_g0p0_T1000,right,25,0.9999999999999994
L80_gamma2p0_g0p0_T1000,right,26,0.9999999999999996
L80_gamma2p0_g0p0_T1000,right,27,0.9999999999999998
L80_gamma2p0_g0p0_T1000,right,28,0.9999999999999999
L80_gamma2p0_g0p0_T1000,right,29,0.9999999999999999
L80_gamma2p0_g0p0_T1000,right,30,1.0
L80_gamma2p0_g0p0_T1000,right,31,1.0
L80_gamma2p0_g0p0_T1000,right,32,1.0
L80_gamma2p0_g0p0_T1000,right,33,1.0000000000000002
L80_gamma2p0_g0p0_T1000,right,34,1.0000000000000004
L80_gamma2p0_g0p0_T1000,right,35,1.0000000000000004
L80_gamma2p0_g0p0_T1000,right,36,1.0000000000000004
L80_gamma2p0_g0p0_T1000,right,37,1.0000000000000007
L80_gamma2p0_g0p0_T1000,right,38,1.0000000000000007
L80_gamma2p0_g0p0_T1000,right,39,1.0000000000000013
L80_gamma2p0_g0p0_T1100,charge_density_wave,0,-5.622341328466635e-16
L80_gamma2p0_g0p0_T1100,charge_density_wave,1,-3.658045836539779e-16
L80_gamma2p0_g0p0_T1100,charge_density_wave,2,-3.5968302290234614e-16
L80_gamma2p0_g0p0_T1100,charge_density_wave,3,-3.3037806143521045e-16
L80_gamma2p0_g0p0_T1100,charge_density_wave,4,-2.781696009202693e-16
L80_gamma2p0_g0p0_T1100,charge_density_wave,5,-1.181600690736833e-16
L80_gamma2p0_g0p0_T1100,charge_density_wave,6,-8.325642368041462e-17
L80_gamma2p0_g0p0_T1100,charge_density_wave,7,-1.446907391742324e-17
L80_gamma2p0_g0p0_T1100,charge_density_wave,8,2.0177459200345774e-17
L80_gamma2p0_g0p0_T1100,charge_density_wave,9,4.2961207410503315e-17
L80_gamma2p0_g0p0_T1100,charge_density_wave,10,6.910374080547606e-17
L80_gamma2p0_g0p0_T1100,charge_density_wave,11,1.0628971897253872e-16
L80_gamma2p0_g0p0_T1100,charge_density_wave,12,1.4718648202268078e-16
L80_gamma2p0_g0p0_T1100,charge_density_wave,13,1.92644323853145e-16
L80_gamma2p0_g0p0_T1100,charge_density_wave,14,3.241851907854871e-16
L80_gamma2p0_g0p0_T1100,charge_density_wave,15,3.613760712341304e-16
L80_gamma2p0_g0p0_T1100,charge_density_wave,16,3.7926332300731637e-16
L80_gamma2p0_g0p0_T1100,charge_density_wave,17,1.3942560239963182e-12
L80_gamma2p0_g0p0_T1100,charge_density_wave,18,2.7410562929847115e-07
L80_gamma2p0_g0p0_T1100,charge_density_wave,19,0.07033668248529387
L80_gamma2p0_g0p0_T1100,charge_density_wave,20,0.999961257256024
L80_gamma2p0_g0p0_T1100,charge_density_wave,21,0.9999999998030611
L80_gamma2p0_g0p0_T1100,charge_density_wave,22,0.9999999999999989
L80_gamma2p0_g0p0_T1100,charge_density_wave,23,0.9999999999999991
L80_gamma2p0_g0p0_T1100,charge_density_wave,24,0.9999999999999992
L80_gamma2p0_g0p0_T1100,charge_density_wave,25,0.9999999999999996
L80_gamma2p0_g0p0_T1100,charge_density_wave,26,0.9999999999999996
L80_gamma2p0_g0p0_T1100,charge_density_wave,27,0.9999999999999997
L80_gamma2p0_g0p0_T1100,charge_density_wave,28,0.9999999999999999
L80_gamma2p0_g0p0_T1100,charge_density_wave,29,0.9999999999999999
L80_gamma2p0_g0p0_T1100,charge_density_wave,30,1.0
L80_gamma2p0_g0p0_T1100,charge_density_wave,31,1.0
L80_gamma2p0_g0p0_T1100,charge_density_wave,32,1.0000000000000002
L80_gamma2p0_g0p0_T1100,charge_density_wave,33,1.0000000000000004
L80_gamma2p0_g0p0_T1100,charge_density_wave,34,1.0000000000000007
L80_gamma2p0_g0p0_T1100,charge_density_wave,35,1.0000000000000007
L80_gamma2p0_g0p0_T1100,charge_density_wave,36,1.0000000000000009
L80_gamma2p0_g0p0_T1100,charge_density_wave,37,1.0000000000000009
L80_gamma2p0_g0p0_T1100,charge_density_wave,38,1.000000000000001
L80_gamma2p0_g0p0_T1100,charge_density_wave,39,1.000000000000001
L80_gamma2p0_g0p0_T1100,left,0,-4.56810521968301e-16
L80_gamma2p0_g0p0_T1100,left,1,-4.2037172200143424e-16
L80_gamma2p0_g0p0_T1100,left,2,-3.545103709300984e-16
L80_gamma2p0_g0p0_T1100,left,3,-2.829959511966371e-16
L80_gamma2p0_g0p0_T1100,left,4,-2.3977262113170944e-16
L80_gamma2p0_g0p0_T1100,left,5,-1.5938765037943876e-16
L80_gamma2p0_g0p0_T1100,left,6,-4.921251973365779e-17
L80_gamma2p0_g0p0_T1100,left,7,-4.124234073503406e-18
L80_gamma2p0_g0p0_T1100,left,8,5.656144549293749e-18
L80_gamma2p0_g0p0_T1100,left,9,4.7967125280260777e-17
L80_gamma2p0_g0p0_T1100,left,10,1.3627581574415109e-16
L80_gamma2p0_g0p0_T1100,left,11,2.5157667778923747e-16
L80_gamma2p0_g0p0_T1100,left,12,3.008176360455731e-16
L80_gamma2p0_g0p0_T1100,left,13,3.070220199611703e-16
L80_gamma2p0_g0p0_T1100,left,14,4.3095970951416577e-16
L80_gamma2p0_g0p0_T1100,left,15,4.4018503668376795e-16
L80_gamma2p0_g0p0_T1100,left,16,5.135059061014071e-16
L80_gamma2p0_g0p0_T1100,left,17,1.3940998125103613e-12
L80_gamma2p0_g0p0_T1100,left,18,2.7410562911824965e-07
L80_gamma2p0_g0p0_T1100,left,19,0.07033668248529418
L80_gamma2p0_g0p0_T1100,left,20,0.9999612572560248
L80_gamma2p0_g0p0_T1100,left,21,0.9999999998030606
L80_gamma2p0_g0p0_T1100,left,22,0.9999999999999983
L80_gamma2p0_g0p0_T1100,left,23,0.9999999999999992
L80_gamma2p0_g0p0_T1100,left,24,0.9999999999999996
L80_gamma2p0_g0p0_T1100,left,25,0.9999999999999996
L80_gamma2p0_g0p0_T1100,left,26,0.9999999999999998
L80_gamma2p0_g0p0_T1100,left,27,0.9999999999999998
L80_gamma2p0_g0p0_T1100,left,28,1.0
L80_gamma2p0_g0p0_T1100,left,29,1.0
L80_gamma2p0_g0p0_T1100,left,30,1.0
L80_gamma2p0_g0p0_T1100,left,31,1.0
L80_gamma2p0_g0p0_T1100,left,32,1.0
L80_gamma2p0_g0p0_T1100,left,33,1.0000000000000004
L80_gamma2p0_g0p0_T1100,left,34,1.0000000000000004
L80_gamma2p0_g0p0_T1100,left,35,1.0000000000000004
L80_gamma2p0_g0p0_T1100,left,36,1.0000000000000007
L80_gamma2p0_g0p0_T1100,left,37,1.0000000000000007
L80_gamma2p0_g0p0_T1100,left,38,1.000000000000001
L80_gamma2p0_g0p0_T1100,left,39,1.000000000000001
L80_gamma2p0_g0p0_T1100,right,0,-6.900045470687487e-16
L80_gamma2p0_g0p0_T1100,right,1,-5.712321267071596e-16
L80_gamma2p0_g0p0_T1100,right,2,-3.7057004321823154e-16
L80_gamma2p0_g0p0_T1100,right,3,-2.9716210370023944e-16
L80_gamma2p0_g0p0_T1100,right,4,-1.4410778303505664e-16
L80_gamma2p0_g0p0_T1100,right,5,-1.2720460559160797e-16
L80_gamma2p0_g0p0_T1100,right,6,-1.0988559093855563e-16
L80_gamma2p0_g0p0_T1100,right,7,-3.4702167621848226e-17
L80_gamma2p0_g0p0_T1100,right,8,9.010814089512636e-18
L80_gamma2p0_g0p0_T1100,right,9,2.781065723356173e-17
L80_gamma2p0_g0p0_T1100,right,10,9.509059777345709e-17
L80_gamma2p0_g0p0_T1100,right,11,2.0276495495931937e-16
L80_gamma2p0_g0p0_T1100,right,12,2.3340834831467626e-16
L80_gamma2p0_g0p0_T1100,right,13,2.4527858369800807e-16
L80_gamma2p0_g0p0_T1100,right,14,3.2599915396017964e-16
L80_gamma2p0_g0p0_T1100,right,15,3.420880597851623e-16
L80_gamma2p0_g0p0_T1100,right,16,4.2234551351255126e-16
L80_gamma2p0_g0p0_T1100,right,17,1.3945172645616265e-12
L80_gamma2p0_g0p0_T1100,right,18,2.741056292811239e-07
L80_gamma2p0_g0p0_T1100,right,19,0.07033668248529361
L80_gamma2p0_g0p0_T1100,right,20,0.9999612572560244
L80_gamma2p0_g0p0_T1100,right,21,0.9999999998030594
L80_gamma2p0_g0p0_T1100,right,22,0.9999999999999987
L80_gamma2p0_g0p0_T1100,right,23,0.9999999999999988
L80_gamma2p0_g0p0_T1100,right,24,0.9999999999999988
L80_gamma2p0_g0p0_T1100,right,25,0.9999999999999992
L80_gamma2p0_g0p0_T1100,right,26,0.9999999999999992
L80_gamma2p0_g0p0_T1100,right,27,0.9999999999999993
L80_gamma2p0_g0p0_T1100,right,28,0.9999999999999997
L80_gamma2p0_g0p0_T1100,right,29,0.9999999999999998
L80_gamma2p0_g0p0_T1100,right,30,0.9999999999999998
L80_gamma2p0_g0p0_T1100,right,31,0.9999999999999999
L80_gamma2p0_g0p0_T1100,right,32,1.0
L80_gamma2p0_g0p0_T1100,right,33,1.0
L80_gamma2p0_g0p0_T1100,right,34,1.0000000000000002
L80_gamma2p0_g0p0_T1100,right,35,1.0000000000000002
L80_gamma2p0_g0p0_T1100,right,36,1.0000000000000004
L80_gamma2p0_g0p0_T1100,right,37,1.0000000000000004
L80_gamma2p0_g0p0_T1100,right,38,1.0000000000000009
L80_gamma2p0_g0p0_T1100,right,39,1.000000000000001
L80_gamma2p0_g0p0_T850,charge_density_wave,0,-5.149149322866889e-16
L80_gamma2p0_g0p0_T850,charge_density_wave,1,-4.818077533495268e-16
L80_gamma2p0_g0p0_T850,charge_density_wave,2,-3.9153859273045063e-16
L80_gamma2p0_g0p0_T850,charge_density_wave,3,-3.44555380967205e-16
L80_gamma2p0_g0p0_T850,charge_density_wave,4,-1.794181508548036e-16
L80_gamma2p0_g0p0_T850,charge_density_wave,5,-1.3351965534837388e-16
L80_gamma2p0_g0p0_T850,charge_density_wave,6,-3.73915099298687e-17
L80_gamma2p0_g0p0_T850,charge_density_wave,7,1.082640671973932e-19
L80_gamma2p0_g0p0_T850,charge_density_wave,8,3.846470663862229e-17
L80_gamma2p0_g0p0_T850,charge_density_wave,9,7.91229349901971e-17
L80_gamma2p0_g0p0_T850,charge_density_wave,10,1.1141644181930816e-16
L80_gamma2p0_g0p0_T850,charge_density_wave,11,2.1918524770694147e-16
L80_gamma2p0_g0p0_T850,charge_density_wave,12,2.2779467503494496e-16
L80_gamma2p0_g0p0_T850,charge_density_wave,13,2.6909569587351673e-16
L80_gamma2p0_g0p0_T850,charge_density_wave,14,2.9556962618183523e-16
L80_gamma2p0_g0p0_T850,charge_density_wave,15,4.048899791104926e-16
L80_gamma2p0_g0p0_T850,charge_density_wave,16,7.524158749094599e-16
L80_gamma2p0_g0p0_T850,charge_density_wave,17,1.3941949857416077e-12
L80_gamma2p0_g0p0_T850,charge_density_wave,18,2.741056292247454e-07
L80_gamma2p0_g0p0_T850,charge_density_wave,19,0.07033668248529376
L80_gamma2p0_g0p0_T850,charge_density_wave,20,0.9999612572560248
L80_gamma2p0_g0p0_T850,charge_density_wave,21,0.9999999998030609
L80_gamma2p0_g0p0_T850,charge_density_wave,22,0.9999999999999984
L80_gamma2p0_g0p0_T850,charge_density_wave,23,0.999999999999999
L80_gamma2p0_g0p0_T850,charge_density_wave,24,0.9999999999999991
L80_gamma2p0_g0p0_T850,charge_density_wave,25,0.9999999999999992
L80_gamma2p0_g0p0_T850,charge_density_wave,26,0.9999999999999993
L80_gamma2p0_g0p0_T850,charge_density_wave,27,0.9999999999999996
L80_gamma2p0_g0p0_T850,charge_density_wave,28,0.9999999999999996
L80_gamma2p0_g0p0_T850,charge_density_wave,29,0.9999999999999997
L80_gamma2p0_g0p0_T850,charge_density_wave,30,0.9999999999999998
L80_gamma2p0_g0p0_T850,charge_density_wave,31,0.9999999999999998
L80_gamma2p0_g0p0_T850,charge_density_wave,32,0.9999999999999999
L80_gamma2p0_g0p0_T850,charge_density_wave,33,1.0000000000000002
L80_gamma2p0_g0p0_T850,charge_density_wave,34,1.0000000000000002
L80_gamma2p0_g0p0_T850,charge_density_wave,35,1.0000000000000002
L80_gamma2p0_g0p0_T850,charge_density_wave,36,1.0000000000000004
L80_gamma2p0_g0p0_T850,charge_density_wave,37,1.0000000000000004
L80_gamma2p0_g0p0_T850,charge_density_wave,38,1.0000000000000004
L80_gamma2p0_g0p0_T850,charge_density_wave,39,1.0000000000000007
L80_gamma2p0_g0p0_T850,left,0,-5.135360478841594e-16
L80_gamma2p0_g0p0_T850,left,1,-3.7677520051744296e-16
L80_gamma2p0_g0p0_T850,left,2,-2.8544380424800924e-16
L80_gamma2p0_g0p0_T850,left,3,-1.8437824264201784e-16
L80_gamma2p0_g0p0_T850,left,4,-1.5391600363949424e-16
L80_gamma2p0_g0p0_T850,left,5,-1.3636516821311837e-16
L80_gamma2p0_g0p0_T850,left,6,-4.6271532808531105e-17
L80_gamma2p0_g0p0_T850,left,7,2.1529583364721008e-17
L80_gamma2p0_g0p0_T850,left,8,6.565520263192465e-17
L80_gamma2p0_g0p0_T850,left,9,1.3524436311351932e-16
L80_gamma2p0_g0p0_T850,left,10,1.4908479246303383e-16
L80_gamma2p0_g0p0_T850,left,11,1.8588113774376972e-16
L80_gamma2p0_g0p0_T850,left,12,2.516824566662782e-16
L80_gamma2p0_g0p0_T850,left,13,3.6222842417905874e-16
L80_gamma2p0_g0p0_T850,left,14,4.2682687245296816e-16
L80_gamma2p0_g0p0_T850,left,15,7.303662126262044e-16
L80_gamma2p0_g0p0_T850,left,16,1.3942957105080998e-12
L80_gamma2p0_g0p0_T850,left,17,2.7207397122992167e-07
L80_gamma2p0_g0p0_T850,left,18,2.7410562923849815e-07
L80_gamma2p0_g0p0_T850,left,19,0.07033668248529265
L80_gamma2p0_g0p0_T850,left,20,0.9999612572560252
L80_gamma2p0_g0p0_T850,left,21,0.9999999998030608
L80_gamma2p0_g0p0_T850,left,22,0.9999999999999993
L80_gamma2p0_g0p0_T850,left,23,0.9999999999999993
L80_gamma2p0_g0p0_T850,left,24,0.9999999999999996
L80_gamma2p0_g0p0_T850,left,25,0.9999999999999997
L80_gamma2p0_g0p0_T850,left,26,0.9999999999999998
L80_gamma2p0_g0p0_T850,left,27,0.9999999999999998
L80_gamma2p0_g0p0_T850,left,28,0.9999999999999999
L80_gamma2p0_g0p0_T850,left,29,0.9999999999999999
L80_gamma2p0_g0p0_T850,left,30,1.0
L80_gamma2p0_g0p0_T850,left,31,1.0
L80_gamma2p0_g0p0_T850,left,32,1.0000000000000002
L80_gamma2p0_g0p0_T850,left,33,1.0000000000000002
L80_gamma2p0_g0p0_T850,left,34,1.0000000000000004
L80_gamma2p0_g0p0_T850,left,35,1.0000000000000004
L80_gamma2p0_g0p0_T850,left,36,1.0000000000000009
L80_gamma2p0_g0p0_T850,left,37,1.0000000000000009
L80_gamma2p0_g0p0_T850,left,38,1.0000000000000013
L80_gamma2p0_g0p0_T850,left,39,1.0000000000000024
L80_gamma2p0_g0p0_T850,right,0,-2.6253736316911025e-16
L80_gamma2p0_g0p0_T850,right,1,-2.3299567308748535e-16
L80_gamma2p0_g0p0_T850,right,2,-1.7592066506830385e-16
L80_gamma2p0_g0p0_T850,right,3,-1.2334685678667082e-16
L80_gamma2p0_g0p0_T850,right,4,-1.0246654319045938e-16
L80_gamma2p0_g0p0_T850,right,5,-7.124235859166463e-17
L80_gamma2p0_g0p0_T850,right,6,-5.884332026549915e-17
L80_gamma2p0_g0p0_T850,right,7,-3.902001761794234e-17
L80_gamma2p0_g0p0_T850,right,8,-1.932510890637194e-17
L80_gamma2p0_g0p0_T850,right,9,5.770103152503139e-19
L80_gamma2p0_g0p0_T850,right,10,2.7030384491258798e-17
L80_gamma2p0_g0p0_T850,right,11,4.6572679762342084e-17
L80_gamma2p0_g0p0_T850,right,12,6.780340221205648e-17
L80_gamma2p0_g0p0_T850,right,13,1.2358805233971752e-16
L80_gamma2p0_g0p0_T850,right,14,1.2748647294344425e-16
L80_gamma2p0_g0p0_T850,right,15,1.3497349076835325e-16
L80_gamma2p0_g0p0_T850,right,16,1.9357678732308706e-16
L80_gamma2p0_g0p0_T850,right,17,1.394107052021809e-12
L80_gamma2p0_g0p0_T850,right,18,2.7410562919438775e-07
L80_gamma2p0_g0p0_T850,right,19,0.07033668248529228
L80_gamma2p0_g0p0_T850,right,20,0.9999612572560244
L80_gamma2p0_g0p0_T850,right,21,0.9999928019742502
L80_gamma2p0_g0p0_T850,right,22,0.9999999998030605
L80_gamma2p0_g0p0_T850,right,23,0.9999999999999742
L80_gamma2p0_g0p0_T850,right,24,0.9999999999999984
L80_gamma2p0_g0p0_T850,right,25,0.999999999999999
L80_gamma2p0_g0p0_T850,right,26,0.999999999999999
L80_gamma2p0_g0p0_T850,right,27,0.9999999999999993
L80_gamma2p0_g0p0_T850,right,28,0.9999999999999994
L80_gamma2p0_g0p0_T850,right,29,0.9999999999999996
L80_gamma2p0_g0p0_T850,right,30,0.9999999999999996
L80_gamma2p0_g0p0_T850,right,31,0.9999999999999998
L80_gamma2p0_g0p0_T850,right,32,0.9999999999999998
L80_gamma2p0_g0p0_T850,right,33,0.9999999999999999
L80_gamma2p0_g0p0_T850,right,34,0.9999999999999999
L80_gamma2p0_g0p0_T850,right,35,1.0000000000000002
L80_gamma2p0_g0p0_T850,right,36,1.0000000000000004
L80_gamma2p0_g0p0_T850,right,37,1.0000000000000007
L80_gamma2p0_g0p0_T850,right,38,1.0000000000000009
L80_gamma2p0_g0p0_T850,right,39,1.0000000000000009
L80_gamma2p0_g0p25_T1000,charge_density_wave,0,-3.5228521873651676e-16
L80_gamma2p0_g0p25_T1000,charge_density_wave,1,-2.72161389702415e-16
L80_gamma2p0_g0p25_T1000,charge_density_wave,2,-2.6300707731723384e-16
L80_gamma2p0_g0p25_T1000,charge_density_wave,3,-2.0404784187019722e-16
L80_gamma2p0_g0p25_T1000,charge_density_wave,4,-1.3252039265452716e-16
L80_gamma2p0_g0p25_T1000,charge_density_wave,5,-1.0202275596837425e-16
L80_gamma2p0_g0p25_T1000,charge_density_wave,6,-2.325350149156379e-18
L80_gamma2p0_g0p25_T1000,charge_density_wave,7,1.521073322606944e-18
L80_gamma2p0_g0p25_T1000,charge_density_wave,8,4.0111084395044896e-17
L80_gamma2p0_g0p25_T1000,charge_density_wave,9,1.452277480667482e-16
L80_gamma2p0_g0p25_T1000,charge_density_wave,10,1.5549178808118865e-16
L80_gamma2p0_g0p25_T1000,charge_density_wave,11,2.125677384429156e-16
L80_gamma2p0_g0p25_T1000,charge_density_wave,12,2.5763057697448966e-16
L80_gamma2p0_g0p25_T1000,charge_density_wave,13,3.3273295464731345e-16
L80_gamma2p0_g0p25_T1000,charge_density_wave,14,3.6245326227705613e-16
L80_gamma2p0_g0p25_T1000,charge_density_wave,15,5.417179880106669e-16
L80_gamma2p0_g0p25_T1000,charge_density_wave,16,5.463317750958945e-16
L80_gamma2p0_g0p25_T1000,charge_density_wave,17,1.1863564144756104e-13
L80_gamma2p0_g0p25_T1000,charge_density_wave,18,6.421079246088368e-08
L80_gamma2p0_g0p25_T1000,charge_density_wave,19,0.04387305606271582
L80_gamma2p0_g0p25_T1000,charge_density_wave,20,0.9999316754855048
L80_gamma2p0_g0p25_T1000,charge_density_wave,21,0.9999999990331384
L80_gamma2p0_g0p25_T1000,charge_density_wave,22,0.9999999999999861
L80_gamma2p0_g0p25_T1000,charge_density_wave,23,0.9999999999999991
L80_gamma2p0_g0p25_T1000,charge_density_wave,24,0.9999999999999991
L80_gamma2p0_g0p25_T1000,charge_density_wave,25,0.9999999999999993
L80_gamma2p0_g0p25_T1000,charge_density_wave,26,0.9999999999999994
L80_gamma2p0_g0p25_T1000,charge_density_wave,27,0.9999999999999996
L80_gamma2p0_g0p25_T1000,charge_density_wave,28,0.9999999999999998
L80_gamma2p0_g0p25_T1000,charge_density_wave,29,0.9999999999999998
L80_gamma2p0_g0p25_T1000,charge_density_wave,30,0.9999999999999999
L80_gamma2p0_g0p25_T1000,charge_density_wave,31,0.9999999999999999
L80_gamma2p0_g0p25_T1000,charge_density_wave,32,1.0000000000000002
L80_gamma2p0_g0p25_T1000,charge_density_wave,33,1.0000000000000002
L80_gamma2p0_g0p25_T1000,charge_density_wave,34,1.0000000000000004
L80_gamma2p0_g0p25_T1000,charge_density_wave,35,1.0000000000000004
L80_gamma2p0_g0p25_T1000,charge_density_wave,36,1.0000000000000004
L80_gamma2p0_g0p25_T1000,charge_density_wave,37,1.0000000000000004
L80_gamma2p0_g0p25_T1000,charge_density_wave,38,1.0000000000000009
L80_gamma2p0_g0p25_T1000,charge_density_wave,39,1.0000000000000009
L80_gamma2p0_g0p25_T1000,left,0,-4.909727078440979e-16
L80_gamma2p0_g0p25_T1000,left,1,-4.4288096885314e-16
L80_gamma2p0_g0p25_T1000,left,2,-3.9845563031226804e-16
L80_gamma2p0_g0p25_T1000,left,3,-3.9213542586801647e-16
L80_gamma2p0_g0p25_T1000,left,4,-3.090189351885392e-16
L80_gamma2p0_g0p25_T1000,left,5,-2.668332267123304e-16
L80_gamma2p0_g0p25_T1000,left,6,-1.1380394419693366e-16
L80_gamma2p0_g0p25_T1000,left,7,-1.0501461927518033e-16
L80_gamma2p0_g0p25_T1000,left,8,-4.5232858773169954e-17
L80_gamma2p0_g0p25_T1000,left,9,1.0745587170312354e-17
L80_gamma2p0_g0p25_T1000,left,10,5.3540965226106107e-17
L80_gamma2p0_g0p25_T1000,left,11,1.0622023083289221e-16
L80_gamma2p0_g0p25_T1000,left,12,1.6120895694125978e-16
L80_gamma2p0_g0p25_T1000,left,13,1.9102635154344298e-16
L80_gamma2p0_g0p25_T1000,left,14,3.1368704790088123e-16
L80_gamma2p0_g0p25_T1000,left,15,4.306108894539932e-16
L80_gamma2p0_g0p25_T1000,left,16,4.532967876424716e-16
L80_gamma2p0_g0p25_T1000,left,17,1.1857181902996672e-13
L80_gamma2p0_g0p25_T1000,left,18,6.421079212781677e-08
L80_gamma2p0_g0p25_T1000,left,19,0.04387305606271587
L80_gamma2p0_g0p25_T1000,left,20,0.9999316754855058
L80_gamma2p0_g0p25_T1000,left,21,0.9999999990331375
L80_gamma2p0_g0p25_T1000,left,22,0.9999999999999866
L80_gamma2p0_g0p25_T1000,left,23,0.999999999999999
L80_gamma2p0_g0p25_T1000,left,24,0.9999999999999991
L80_gamma2p0_g0p25_T1000,left,25,0.9999999999999994
L80_gamma2p0_g0p25_T1000,left,26,0.9999999999999994
L80_gamma2p0_g0p25_T1000,left,27,0.9999999999999996
L80_gamma2p0_g0p25_T1000,left,28,0.9999999999999997
L80_gamma2p0_g0p25_T1000,left,29,0.9999999999999998
L80_gamma2p0_g0p25_T1000,left,30,1.0
L80_gamma2p0_g0p25_T1000,left,31,1.0
L80_gamma2p0_g0p25_T1000,left,32,1.0000000000000002
L80_gamma2p0_g0p25_T1000,left,33,1.0000000000000002
L80_gamma2p0_g0p25_T1000,left,34,1.0000000000000004
L80_gamma2p0_g0p25_T1000,left,35,1.0000000000000004
L80_gamma2p0_g0p25_T1000,left,36,1.0000000000000004
L80_gamma2p0_g0p25_T1000,left,37,1.0000000000000007
L80_gamma2p0_g0p25_T1000,left,38,1.0000000000000009
L80_gamma2p0_g0p25_T1000,left,39,1.0000000000000009
L80_gamma2p0_g0p25_T1000,right,0,-6.151263824264941e-16
L80_gamma2p0_g0p25_T1000,right,1,-4.798928704449048e-16
L80_gamma2p0_g0p25_T1000,right,2,-4.4141364511296305e-16
L80_gamma2p0_g0p25_T1000,right,3,-3.412309170328086e-16
L80_gamma2p0_g0p25_T1000,right,4,-3.285380438777442e-16
L80_gamma2p0_g0p25_T1000,right,5,-3.0593207861913004e-16
L80_gamma2p0_g0p25_T1000,right,6,-1.255191794817545e-16
L80_gamma2p0_g0p25_T1000,right,7,-6.261315597914714e-17
L80_gamma2p0_g0p25_T1000,right,8,-2.842782329097624e-17
L80_gamma2p0_g0p25_T1000,right,9,1.108690531461291e-17
L80_gamma2p0_g0p25_T1000,right,10,9.27068160543025e-17
L80_gamma2p0_g0p25_T1000,right,11,1.831338279986416e-16
L80_gamma2p0_g0p25_T1000,right,12,2.09940786225997e-16
L80_gamma2p0_g0p25_T1000,right,13,2.537769959435184e-16
L80_gamma2p0_g0p25_T1000,right,14,3.1017490622326553e-16
L80_gamma2p0_g0p25_T1000,right,15,5.164367118805564e-16
L80_gamma2p0_g0p25_T1000,right,16,6.9791851597607375e-16
L80_gamma2p0_g0p25_T1000,right,17,1.186325619163463e-13
L80_gamma2p0_g0p25_T1000,right,18,6.421079203835162e-08
L80_gamma2p0_g0p25_T1000,right,19,0.043873056062716395
L80_gamma2p0_g0p25_T1000,right,20,0.9999316754855052
L80_gamma2p0_g0p25_T1000,right,21,0.9999999990331372
L80_gamma2p0_g0p25_T1000,right,22,0.9999999999999862
L80_gamma2p0_g0p25_T1000,right,23,0.9999999999999986
L80_gamma2p0_g0p25_T1000,right,24,0.9999999999999991
L80_gamma2p0_g0p25_T1000,right,25,0.9999999999999993
L80_gamma2p0_g0p25_T1000,right,26,0.9999999999999993
L80_gamma2p0_g0p25_T1000,right,27,0.9999999999999996
L80_gamma2p0_g0p25_T1000,right,28,0.9999999999999996
L80_gamma2p0_g0p25_T1000,right,29,0.9999999999999997
L80_gamma2p0_g0p25_T1000,right,30,1.0
L80_gamma2p0_g0p25_T1000,right,31,1.0
L80_gamma2p0_g0p25_T1000,right,32,1.0000000000000002
L80_gamma2p0_g0p25_T1000,right,33,1.0000000000000002
L80_gamma2p0_g0p25_T1000,right,34,1.0000000000000002
L80_gamma2p0_g0p25_T1000,right,35,1.0000000000000002
L80_gamma2p0_g0p25_T1000,right,36,1.0000000000000002
L80_gamma2p0_g0p25_T1000,right,37,1.0000000000000004
L80_gamma2p0_g0p25_T1000,right,38,1.000000000000001
L80_gamma2p0_g0p25_T1000,right,39,1.000000000000001
L80_gamma2p0_g0p25_T1100,charge_density_wave,0,-4.963661703904366e-16
L80_gamma2p0_g0p25_T1100,charge_density_wave,1,-4.3705076138856715e-16
L80_gamma2p0_g0p25_T1100,charge_density_wave,2,-4.05188690006729e-16
L80_gamma2p0_g0p25_T1100,charge_density_wave,3,-3.6623663425616784e-16
L80_gamma2p0_g0p25_T1100,charge_density_wave,4,-2.3486197370645515e-16
L80_gamma2p0_g0p25_T1100,charge_density_wave,5,-1.5881380152157093e-16
L80_gamma2p0_g0p25_T1100,charge_density_wave,6,-3.310250675131604e-17
L80_gamma2p0_g0p25_T1100,charge_density_wave,7,-1.6680864483372833e-18
L80_gamma2p0_g0p25_T1100,charge_density_wave,8,1.7487488759175088e-18
L80_gamma2p0_g0p25_T1100,charge_density_wave,9,8.986141719401186e-17
L80_gamma2p0_g0p25_T1100,charge_density_wave,10,1.1197093463499687e-16
L80_gamma2p0_g0p25_T1100,charge_density_wave,11,1.928448326755088e-16
L80_gamma2p0_g0p25_T1100,charge_density_wave,12,2.1285872996308343e-16
L80_gamma2p0_g0p25_T1100,charge_density_wave,13,2.8688268699675116e-16
L80_gamma2p0_g0p25_T1100,charge_density_wave,14,3.0378794444655785e-16
L80_gamma2p0_g0p25_T1100,charge_density_wave,15,4.0405687154035246e-16
L80_gamma2p0_g0p25_T1100,charge_density_wave,16,4.740733945742578e-16
L80_gamma2p0_g0p25_T1100,charge_density_wave,17,1.185058995378796e-13
L80_gamma2p0_g0p25_T1100,charge_density_wave,18,6.421079247105596e-08
L80_gamma2p0_g0p25_T1100,charge_density_wave,19,0.04387305606271584
L80_gamma2p0_g0p25_T1100,charge_density_wave,20,0.9999316754855044
L80_gamma2p0_g0p25_T1100,charge_density_wave,21,0.9999999990331377
L80_gamma2p0_g0p25_T1100,charge_density_wave,22,0.9999999999999862
L80_gamma2p0_g0p25_T1100,charge_density_wave,23,0.999999999999999
L80_gamma2p0_g0p25_T1100,charge_density_wave,24,0.9999999999999991
L80_gamma2p0_g0p25_T1100,charge_density_wave,25,0.9999999999999991
L80_gamma2p0_g0p25_T1100,charge_density_wave,26,0.9999999999999992
L80_gamma2p0_g0p25_T1100,charge_density_wave,27,0.9999999999999994
L80_gamma2p0_g0p25_T1100,charge_density_wave,28,0.9999999999999997
L80_gamma2p0_g0p25_T1100,charge_density_wave,29,0.9999999999999997
L80_gamma2p0_g0p25_T1100,charge_density_wave,30,0.9999999999999997
L80_gamma2p0_g0p25_T1100,charge_density_wave,31,0.9999999999999999
L80_gamma2p0_g0p25_T1100,charge_density_wave,32,0.9999999999999999
L80_gamma2p0_g0p25_T1100,charge_density_wave,33,1.0
L80_gamma2p0_g0p25_T1100,charge_density_wave,34,1.0000000000000002
L80_gamma2p0_g0p25_T1100,charge_density_wave,35,1.0000000000000002
L80_gamma2p0_g0p25_T1100,charge_density_wave,36,1.0000000000000004
L80_gamma2p0_g0p25_T1100,charge_density_wave,37,1.0000000000000007
L80_gamma2p0_g0p25_T1100,charge_density_wave,38,1.0000000000000009
L80_gamma2p0_g0p25_T1100,charge_density_wave,39,1.000000000000001
L80_gamma2p0_g0p25_T1100,left,0,-7.089815722294761e-16
L80_gamma2p0_g0p25_T1100,left,1,-6.758162518514431e-16
L80_gamma2p0_g0p25_T1100,left,2,-4.938645651127041e-16
L80_gamma2p0_g0p25_T1100,left,3,-4.438518278429086e-16
L80_gamma2p0_g0p25_T1100,left,4,-3.417513876403421e-16
L80_gamma2p0_g0p25_T1100,left,5,-3.2475371956702395e-16
L80_gamma2p0_g0p25_T1100,left,6,-1.4499766096075514e-16
L80_gamma2p0_g0p25_T1100,left,7,-1.1821548409105672e-16
L80_gamma2p0_g0p25_T1100,left,8,-7.794103070942358e-17
L80_gamma2p0_g0p25_T1100,left,9,-6.650551308783296e-19
L80_gamma2p0_g0p25_T1100,left,10,2.3649329549125798e-17
L80_gamma2p0_g0p25_T1100,left,11,8.327348321909955e-17
L80_gamma2p0_g0p25_T1100,left,12,1.0321086559042308e-16
L80_gamma2p0_g0p25_T1100,left,13,2.28665547785204e-16
L80_gamma2p0_g0p25_T1100,left,14,2.861094179148182e-16
L80_gamma2p0_g0p25_T1100,left,15,4.0890718553465397e-16
L80_gamma2p0_g0p25_T1100,left,16,5.27493298102657e-16
L80_gamma2p0_g0p25_T1100,left,17,1.1805376024907796e-13
L80_gamma2p0_g0p25_T1100,left,18,6.42107926510004e-08
L80_gamma2p0_g0p25_T1100,left,19,0.04387305606271644
L80_gamma2p0_g0p25_T1100,left,20,0.9999316754855043
L80_gamma2p0_g0p25_T1100,left,21,0.9999999990331383
L80_gamma2p0_g0p25_T1100,left,22,0.9999999999999861
L80_gamma2p0_g0p25_T1100,left,23,0.9999999999999989
L80_gamma2p0_g0p25_T1100,left,24,0.9999999999999991
L80_gamma2p0_g0p25_T1100,left,25,0.9999999999999992
L80_gamma2p0_g0p25_T1100,left,26,0.9999999999999993
L80_gamma2p0_g0p25_T1100,left,27,0.9999999999999994
L80_gamma2p0_g0p25_T1100,left,28,0.9999999999999994
L80_gamma2p0_g0p25_T1100,left,29,0.9999999999999997
L80_gamma2p0_g0p25_T1100,left,30,0.9999999999999997
L80_gamma2p0_g0p25_T1100,left,31,0.9999999999999999
L80_gamma2p0_g0p25_T1100,left,32,0.9999999999999999
L80_gamma2p0_g0p25_T1100,left,33,0.9999999999999999
L80_gamma2p0_g0p25_T1100,left,34,0.9999999999999999
L80_gamma2p0_g0p25_T1100,left,35,1.0
L80_gamma2p0_g0p25_T1100,left,36,1.0
L80_gamma2p0_g0p25_T1100,left,37,1.0000000000000002
L80_gamma2p0_g0p25_T1100,left,38,1.0000000000000004
L80_gamma2p0_g0p25_T1100,left,39,1.0000000000000007
L80_gamma2p0_g0p25_T1100,right,0,-3.6178294755092023e-16
L80_gamma2p0_g0p25_T1100,right,1,-2.891881962662077e-16
L80_gamma2p0_g0p25_T1100,right,2,-2.651444012508818e-16
L80_gamma2p0_g0p25_T1100,right,3,-1.5533102999255403e-16
L80_gamma2p0_g0p25_T1100,right,4,-1.5365218026980378e-16
L80_gamma2p0_g0p25_T1100,right,5,-7.624293429258464e-17
L80_gamma2p0_g0p25_T1100,right,6,-1.0937555910240725e-17
L80_gamma2p0_g0p25_T1100,right,7,1.2614152989830748e-17
L80_gamma2p0_g0p25_T1100,right,8,2.714242512394844e-17
L80_gamma2p0_g0p25_T1100,right,9,1.0089686620688999e-16
L80_gamma2p0_g0p25_T1100,right,10,2.301428294927763e-16
L80_gamma2p0_g0p25_T1100,right,11,2.335546614197731e-16
L80_gamma2p0_g0p25_T1100,right,12,3.3739411294680066e-16
L80_gamma2p0_g0p25_T1100,right,13,3.8057714307191803e-16
L80_gamma2p0_g0p25_T1100,right,14,4.699404573002608e-16
L80_gamma2p0_g0p25_T1100,right,15,5.36854360986453e-16
L80_gamma2p0_g0p25_T1100,right,16,5.517450016311298e-16
L80_gamma2p0_g0p25_T1100,right,17,1.1812772982011666e-13
L80_gamma2p0_g0p25_T1100,right,18,6.421079212781677e-08
L80_gamma2p0_g0p25_T1100,right,19,0.04387305606271614
L80_gamma2p0_g0p25_T1100,right,20,0.9999316754855041
L80_gamma2p0_g0p25_T1100,right,21,0.9999999990331372
L80_gamma2p0_g0p25_T1100,right,22,0.9999999999999869
L80_gamma2p0_g0p25_T1100,right,23,0.9999999999999987
L80_gamma2p0_g0p25_T1100,right,24,0.9999999999999992
L80_gamma2p0_g0p25_T1100,right,25,0.9999999999999994
L80_gamma2p0_g0p25_T1100,right,26,0.9999999999999994
L80_gamma2p0_g0p25_T1100,right,27,0.9999999999999996
L80_gamma2p0_g0p25_T1100,right,28,0.9999999999999998
L80_gamma2p0_g0p25_T1100,right,29,0.9999999999999998
L80_gamma2p0_g0p25_T1100,right,30,0.9999999999999999
L80_gamma2p0_g0p25_T1100,right,31,1.0000000000000002
L80_gamma2p0_g0p25_T1100,right,32,1.0000000000000002
L80_gamma2p0_g0p25_T1100,right,33,1.0000000000000002
L80_gamma2p0_g0p25_T1100,right,34,1.0000000000000004
L80_gamma2p0_g0p25_T1100,right,35,1.0000000000000007
L80_gamma2p0_g0p25_T1100,right,36,1.0000000000000007
L80_gamma2p0_g0p25_T1100,right,37,1.0000000000000009
L80_gamma2p0_g0p25_T1100,right,38,1.0000000000000009
L80_gamma2p0_g0p25_T1100,right,39,1.0000000000000009
L80_gamma2p0_g0p25_T750,charge_density_wave,0,-5.857271010305176e-16
L80_gamma2p0_g0p25_T750,charge_density_wave,1,-5.725457103516186e-16
L80_gamma2p0_g0p25_T750,charge_density_wave,2,-4.367052520528774e-16
L80_gamma2p0_g0p25_T750,charge_density_wave,3,-3.151094751509665e-16
L80_gamma2p0_g0p25_T750,charge_density_wave,4,-2.7429207784879163e-16
L80_gamma2p0_g0p25_T750,charge_density_wave,5,-2.0457827889578505e-16
L80_gamma2p0_g0p25_T750,charge_density_wave,6,-1.3376787137504635e-16
L80_gamma2p0_g0p25_T750,charge_density_wave,7,-1.0822651119625741e-16
L80_gamma2p0_g0p25_T750,charge_density_wave,8,-4.760823356581229e-17
L80_gamma2p0_g0p25_T750,charge_density_wave,9,-2.7529419895363203e-18
L80_gamma2p0_g0p25_T750,charge_density_wave,10,2.5075442722503133e-17
L80_gamma2p0_g0p25_T750,charge_density_wave,11,1.0197770064971652e-16
L80_gamma2p0_g0p25_T750,charge_density_wave,12,2.0450471596939644e-16
L80_gamma2p0_g0p25_T750,charge_density_wave,13,2.460331903358089e-16
L80_gamma2p0_g0p25_T750,charge_density_wave,14,3.3132304046658196e-16
L80_gamma2p0_g0p25_T750,charge_density_wave,15,4.375782935087022e-16
L80_gamma2p0_g0p25_T750,charge_density_wave,16,4.802684683790201e-16
L80_gamma2p0_g0p25_T750,charge_density_wave,17,1.1823875212257917e-13
L80_gamma2p0_g0p25_T750,charge_density_wave,18,6.421079279395059e-08
L80_gamma2p0_g0p25_T750,charge_density_wave,19,0.04387305606271648
L80_gamma2p0_g0p25_T750,charge_density_wave,20,0.9999316754855041
L80_gamma2p0_g0p25_T750,charge_density_wave,21,0.9999999990331379
L80_gamma2p0_g0p25_T750,charge_density_wave,22,0.9999999999999862
L80_gamma2p0_g0p25_T750,charge_density_wave,23,0.9999999999999991
L80_gamma2p0_g0p25_T750,charge_density_wave,24,0.9999999999999992
L80_gamma2p0_g0p25_T750,charge_density_wave,25,0.9999999999999994
L80_gamma2p0_g0p25_T750,charge_density_wave,26,0.9999999999999996
L80_gamma2p0_g0p25_T750,charge_density_wave,27,0.9999999999999997
L80_gamma2p0_g0p25_T750,charge_density_wave,28,0.9999999999999998
L80_gamma2p0_g0p25_T750,charge_density_wave,29,1.0
L80_gamma2p0_g0p25_T750,charge_density_wave,30,1.0
L80_gamma2p0_g0p25_T750,charge_density_wave,31,1.0
L80_gamma2p0_g0p25_T750,charge_density_wave,32,1.0000000000000002
L80_gamma2p0_g0p25_T750,charge_density_wave,33,1.0000000000000002
L80_gamma2p0_g0p25_T750,charge_density_wave,34,1.0000000000000004
L80_gamma2p0_g0p25_T750,charge_density_wave,35,1.0000000000000007
L80_gamma2p0_g0p25_T750,charge_density_wave,36,1.0000000000000007
L80_gamma2p0_g0p25_T750,charge_density_wave,37,1.0000000000000009
L80_gamma2p0_g0p25_T750,charge_density_wave,38,1.000000000000001
L80_gamma2p0_g0p25_T750,charge_density_wave,39,1.000000000000001
L80_gamma2p0_g0p25_T750,left,0,-4.598394447798758e-16
L80_gamma2p0_g0p25_T750,left,1,-2.377815625325847e-16
L80_gamma2p0_g0p25_T750,left,2,-2.063617495912104e-16
L80_gamma2p0_g0p25_T750,left,3,-1.544653009047502e-16
L80_gamma2p0_g0p25_T750,left,4,-9.483993971173541e-17
L80_gamma2p0_g0p25_T750,left,5,-3.326495592924038e-17
L80_gamma2p0_g0p25_T750,left,6,-2.72084274810041e-17
L80_gamma2p0_g0p25_T750,left,7,5.283778020320855e-17
L80_gamma2p0_g0p25_T750,left,8,9.404306754435401e-17
L80_gamma2p0_g0p25_T750,left,9,1.5712804616748425e-16
L80_gamma2p0_g0p25_T750,left,10,1.6242660110251593e-16
L80_gamma2p0_g0p25_T750,left,11,1.9962282834495065e-16
L80_gamma2p0_g0p25_T750,left,12,2.7780017452741815e-16
L80_gamma2p0_g0p25_T750,left,13,2.9709347117384995e-16
L80_gamma2p0_g0p25_T750,left,14,3.0699253059076193e-16
L80_gamma2p0_g0p25_T750,left,15,1.184382360315376e-13
L80_gamma2p0_g0p25_T750,left,16,3.43195418485724e-10
L80_gamma2p0_g0p25_T750,left,17,6.421078680582555e-08
L80_gamma2p0_g0p25_T750,left,18,0.010581846508914227
L80_gamma2p0_g0p25_T750,left,19,0.04387305605143786
L80_gamma2p0_g0p25_T750,left,20,0.9999316754855926
L80_gamma2p0_g0p25_T750,left,21,0.9999999990331385
L80_gamma2p0_g0p25_T750,left,22,0.9999999999999863
L80_gamma2p0_g0p25_T750,left,23,0.9999999999999983
L80_gamma2p0_g0p25_T750,left,24,0.9999999999999992
L80_gamma2p0_g0p25_T750,left,25,0.9999999999999993
L80_gamma2p0_g0p25_T750,left,26,0.9999999999999993
L80_gamma2p0_g0p25_T750,left,27,0.9999999999999996
L80_gamma2p0_g0p25_T750,left,28,0.9999999999999996
L80_gamma2p0_g0p25_T750,left,29,0.9999999999999996
L80_gamma2p0_g0p25_T750,left,30,0.9999999999999997
L80_gamma2p0_g0p25_T750,left,31,0.9999999999999998
L80_gamma2p0_g0p25_T750,left,32,0.9999999999999999
L80_gamma2p0_g0p25_T750,left,33,1.0
L80_gamma2p0_g0p25_T750,left,34,1.0
L80_gamma2p0_g0p25_T750,left,35,1.0000000000000002
L80_gamma2p0_g0p25_T750,left,36,1.0000000000000004
L80_gamma2p0_g0p25_T750,left,37,1.0000000000000004
L80_gamma2p0_g0p25_T750,left,38,1.0000000000000018
L80_gamma2p0_g0p25_T750,left,39,1.0000000000000018
L80_gamma2p0_g0p25_T750,right,0,-3.030569530392273e-16
L80_gamma2p0_g0p25_T750,right,1,-2.854698339455479e-16
L80_gamma2p0_g0p25_T750,right,2,-2.419950939982922e-16
L80_gamma2p0_g0p25_T750,right,3,-1.9119678457275749e-16
L80_gamma2p0_g0p25_T750,right,4,-1.4290080822610087e-16
L80_gamma2p0_g0p25_T750,right,5,-1.2551594225471917e-16
L80_gamma2p0_g0p25_T750,right,6,-7.648271165075563e-17
L80_gamma2p0_g0p25_T750,right,7,-3.977670029861908e-17
L80_gamma2p0_g0p25_T750,right,8,-1.3671878760734101e-17
L80_gamma2p0_g0p25_T750,right,9,2.899584668942478e-17
L80_gamma2p0_g0p25_T750,right,10,7.875099606472818e-17
L80_gamma2p0_g0p25_T750,right,11,1.0718186083046806e-16
L80_gamma2p0_g0p25_T750,right,12,1.6098640657237445e-16
L80_gamma2p0_g0p25_T750,right,13,2.2460276079942694e-16
L80_gamma2p0_g0p25_T750,right,14,2.498086606057216e-16
L80_gamma2p0_g0p25_T750,right,15,2.9831607431107934e-16
L80_gamma2p0_g0p25_T750,right,16,4.28450020071589e-16
L80_gamma2p0_g0p25_T750,right,17,9.839502710785032e-15
L80_gamma2p0_g0p25_T750,right,18,1.1850227893588305e-13
L80_gamma2p0_g0p25_T750,right,19,6.421079239149474e-08
L80_gamma2p0_g0p25_T750,right,20,6.203043655394755e-06
L80_gamma2p0_g0p25_T750,right,21,0.043873056062705786
L80_gamma2p0_g0p25_T750,right,22,0.9963444997891285
L80_gamma2p0_g0p25_T750,right,23,0.9999316754855102
L80_gamma2p0_g0p25_T750,right,24,0.9999999990331373
L80_gamma2p0_g0p25_T750,right,25,0.999999999609715
L80_gamma2p0_g0p25_T750,right,26,0.999999999999986
L80_gamma2p0_g0p25_T750,right,27,0.999999999999999
L80_gamma2p0_g0p25_T750,right,28,0.9999999999999993
L80_gamma2p0_g0p25_T750,right,29,0.9999999999999994
L80_gamma2p0_g0p25_T750,right,30,0.9999999999999997
L80_gamma2p0_g0p25_T750,right,31,0.9999999999999997
L80_gamma2p0_g0p25_T750,right,32,0.9999999999999999
L80_gamma2p0_g0p25_T750,right,33,0.9999999999999999
L80_gamma2p0_g0p25_T750,right,34,1.0000000000000002
L80_gamma2p0_g0p25_T750,right,35,1.0000000000000002
L80_gamma2p0_g0p25_T750,right,36,1.0000000000000002
L80_gamma2p0_g0p25_T750,right,37,1.0000000000000004
L80_gamma2p0_g0p25_T750,right,38,1.0000000000000009
L80_gamma2p0_g0p25_T750,right,39,1.000000000000001
L80_gamma2p0_g0p25_T850,charge_density_wave,0,-4.1203501158714524e-16
L80_gamma2p0_g0p25_T850,charge_density_wave,1,-3.523722506725589e-16
L80_gamma2p0_g0p25_T850,charge_density_wave,2,-2.7560550029200315e-16
L80_gamma2p0_g0p25_T850,charge_density_wave,3,-2.1170436200023172e-16
L80_gamma2p0_g0p25_T850,charge_density_wave,4,-1.780192916909235e-16
L80_gamma2p0_g0p25_T850,charge_density_wave,5,-5.721160054486088e-18
L80_gamma2p0_g0p25_T850,charge_density_wave,6,-1.3603871299862793e-18
L80_gamma2p0_g0p25_T850,charge_density_wave,7,4.8994664065533485e-17
L80_gamma2p0_g0p25_T850,charge_density_wave,8,7.791922684519211e-17
L80_gamma2p0_g0p25_T850,charge_density_wave,9,1.632574954178554e-16
L80_gamma2p0_g0p25_T850,charge_density_wave,10,2.6310414659616234e-16
L80_gamma2p0_g0p25_T850,charge_density_wave,11,3.0990323452711834e-16
L80_gamma2p0_g0p25_T850,charge_density_wave,12,4.0342645676583287e-16
L80_gamma2p0_g0p25_T850,charge_density_wave,13,4.458330383795931e-16
L80_gamma2p0_g0p25_T850,charge_density_wave,14,5.925306226426039e-16
L80_gamma2p0_g0p25_T850,charge_density_wave,15,7.983109362096732e-16
L80_gamma2p0_g0p25_T850,charge_density_wave,16,8.951369747985785e-16
L80_gamma2p0_g0p25_T850,charge_density_wave,17,1.184451697615367e-13
L80_gamma2p0_g0p25_T850,charge_density_wave,18,6.42107921159955e-08
L80_gamma2p0_g0p25_T850,charge_density_wave,19,0.04387305606271632
L80_gamma2p0_g0p25_T850,charge_density_wave,20,0.9999316754855039
L80_gamma2p0_g0p25_T850,charge_density_wave,21,0.9999999990331381
L80_gamma2p0_g0p25_T850,charge_density_wave,22,0.9999999999999867
L80_gamma2p0_g0p25_T850,charge_density_wave,23,0.9999999999999989
L80_gamma2p0_g0p25_T850,charge_density_wave,24,0.9999999999999992
L80_gamma2p0_g0p25_T850,charge_density_wave,25,0.9999999999999996
L80_gamma2p0_g0p25_T850,charge_density_wave,26,0.9999999999999997
L80_gamma2p0_g0p25_T850,charge_density_wave,27,0.9999999999999998
L80_gamma2p0_g0p25_T850,charge_density_wave,28,0.9999999999999999
L80_gamma2p0_g0p25_T850,charge_density_wave,29,0.9999999999999999
L80_gamma2p0_g0p25_T850,charge_density_wave,30,0.9999999999999999
L80_gamma2p0_g0p25_T850,charge_density_wave,31,1.0
L80_gamma2p0_g0p25_T850,charge_density_wave,32,1.0000000000000002
L80_gamma2p0_g0p25_T850,charge_density_wave,33,1.0000000000000002
L80_gamma2p0_g0p25_T850,charge_density_wave,34,1.0000000000000002
L80_gamma2p0_g0p25_T850,charge_density_wave,35,1.0000000000000002
L80_gamma2p0_g0p25_T850,charge_density_wave,36,1.0000000000000007
L80_gamma2p0_g0p25_T850,charge_density_wave,37,1.0000000000000007
L80_gamma2p0_g0p25_T850,charge_density_wave,38,1.0000000000000009
L80_gamma2p0_g0p25_T850,charge_density_wave,39,1.000000000000001
L80_gamma2p0_g0p25_T850,left,0,-5.650888731743216e-16
L80_gamma2p0_g0p25_T850,left,1,-5.111479646148681e-16
L80_gamma2p0_g0p25_T850,left,2,-2.839081534353836e-16
L80_gamma2p0_g0p25_T850,left,3,-2.447284480593807e-16
L80_gamma2p0_g0p25_T850,left,4,-1.315647464133698e-16
L80_gamma2p0_g0p25_T850,left,5,-1.233906939904935e-16
L80_gamma2p0_g0p25_T850,left,6,-9.392708446992723e-17
L80_gamma2p0_g0p25_T850,left,7,-1.3516151195387314e-17
L80_gamma2p0_g0p25_T850,left,8,3.289723894661763e-17
L80_gamma2p0_g0p25_T850,left,9,1.1561362557535445e-16
L80_gamma2p0_g0p25_T850,left,10,1.544407343765444e-16
L80_gamma2p0_g0p25_T850,left,11,1.8355097985414908e-16
L80_gamma2p0_g0p25_T850,left,12,2.600333271490188e-16
L80_gamma2p0_g0p25_T850,left,13,2.944445252823832e-16
L80_gamma2p0_g0p25_T850,left,14,4.3596030393142246e-16
L80_gamma2p0_g0p25_T850,left,15,6.886935984079459e-16
L80_gamma2p0_g0p25_T850,left,16,3.1513887225372976e-14
L80_gamma2p0_g0p25_T850,left,17,1.184477996410072e-13
L80_gamma2p0_g0p25_T850,left,18,6.42107925232071e-08
L80_gamma2p0_g0p25_T850,left,19,0.04387305606271545
L80_gamma2p0_g0p25_T850,left,20,0.9999316754855045
L80_gamma2p0_g0p25_T850,left,21,0.9999999990331377
L80_gamma2p0_g0p25_T850,left,22,0.9999999999999866
L80_gamma2p0_g0p25_T850,left,23,0.9999999999999989
L80_gamma2p0_g0p25_T850,left,24,0.999999999999999
L80_gamma2p0_g0p25_T850,left,25,0.9999999999999994
L80_gamma2p0_g0p25_T850,left,26,0.9999999999999994
L80_gamma2p0_g0p25_T850,left,27,0.9999999999999997
L80_gamma2p0_g0p25_T850,left,28,0.9999999999999998
L80_gamma2p0_g0p25_T850,left,29,0.9999999999999998
L80_gamma2p0_g0p25_T850,left,30,0.9999999999999998
L80_gamma2p0_g0p25_T850,left,31,0.9999999999999999
L80_gamma2p0_g0p25_T850,left,32,0.9999999999999999
L80_gamma2p0_g0p25_T850,left,33,1.0
L80_gamma2p0_g0p25_T850,left,34,1.0000000000000002
L80_gamma2p0_g0p25_T850,left,35,1.0000000000000002
L80_gamma2p0_g0p25_T850,left,36,1.0000000000000002
L80_gamma2p0_g0p25_T850,left,37,1.0000000000000004
L80_gamma2p0_g0p25_T850,left,38,1.0000000000000009
L80_gamma2p0_g0p25_T850,left,39,1.000000000000001
L80_gamma2p0_g0p25_T850,right,0,-7.661733045762085e-16
L80_gamma2p0_g0p25_T850,right,1,-6.741907152808526e-16
L80_gamma2p0_g0p25_T850,right,2,-5.325702222752636e-16
L80_gamma2p0_g0p25_T850,right,3,-4.1981177143444933e-16
L80_gamma2p0_g0p25_T850,right,4,-3.212073354278246e-16
L80_gamma2p0_g0p25_T850,right,5,-2.638421746381499e-16
L80_gamma2p0_g0p25_T850,right,6,-2.02638062257594e-16
L80_gamma2p0_g0p25_T850,right,7,-6.686441634918069e-17
L80_gamma2p0_g0p25_T850,right,8,4.818044041707659e-18
L80_gamma2p0_g0p25_T850,right,9,3.54909895129169e-17
L80_gamma2p0_g0p25_T850,right,10,7.898871603012822e-17
L80_gamma2p0_g0p25_T850,right,11,1.3412375172662356e-16
L80_gamma2p0_g0p25_T850,right,12,1.7458777622123564e-16
L80_gamma2p0_g0p25_T850,right,13,2.0106727691581668e-16
L80_gamma2p0_g0p25_T850,right,14,3.2329955675337375e-16
L80_gamma2p0_g0p25_T850,right,15,4.198481699939625e-16
L80_gamma2p0_g0p25_T850,right,16,4.494319672138213e-16
L80_gamma2p0_g0p25_T850,right,17,1.187781617610214e-13
L80_gamma2p0_g0p25_T850,right,18,6.421079257190598e-08
L80_gamma2p0_g0p25_T850,right,19,0.006862682309463894
L80_gamma2p0_g0p25_T850,right,20,0.04387305606271687
L80_gamma2p0_g0p25_T850,right,21,0.9999316754855048
L80_gamma2p0_g0p25_T850,right,22,0.9999999078098578
L80_gamma2p0_g0p25_T850,right,23,0.9999999990331384
L80_gamma2p0_g0p25_T850,right,24,0.9999999999999859
L80_gamma2p0_g0p25_T850,right,25,0.9999999999999986
L80_gamma2p0_g0p25_T850,right,26,0.9999999999999993
L80_gamma2p0_g0p25_T850,right,27,0.9999999999999994
L80_gamma2p0_g0p25_T850,right,28,0.9999999999999994
L80_gamma2p0_g0p25_T850,right,29,0.9999999999999997
L80_gamma2p0_g0p25_T850,right,30,0.9999999999999999
L80_gamma2p0_g0p25_T850,right,31,1.0
L80_gamma2p0_g0p25_T850,right,32,1.0
L80_gamma2p0_g0p25_T850,right,33,1.0
L80_gamma2p0_g0p25_T850,right,34,1.0000000000000004
L80_gamma2p0_g0p25_T850,right,35,1.0000000000000004
L80_gamma2p0_g0p25_T850,right,36,1.0000000000000004
L80_gamma2p0_g0p25_T850,right,37,1.0000000000000007
L80_gamma2p0_g0p25_T850,right,38,1.000000000000001
L80_gamma2p0_g0p25_T850,right,39,1.0000000000000013
L96_gamma2p0_g0p05_T1152,charge_density_wave,0,-5.202205679005045e-16
L96_gamma2p0_g0p05_T1152,charge_density_wave,1,-4.849762714692201e-16
L96_gamma2p0_g0p05_T1152,charge_density_wave,2,-4.217557565715598e-16
L96_gamma2p0_g0p05_T1152,charge_density_wave,3,-3.753893508561866e-16
L96_gamma2p0_g0p05_T1152,charge_density_wave,4,-3.297144624009585e-16
L96_gamma2p0_g0p05_T1152,charge_density_wave,5,-2.102971223862461e-16
L96_gamma2p0_g0p05_T1152,charge_density_wave,6,-1.4217442930435464e-16
L96_gamma2p0_g0p05_T1152,charge_density_wave,7,-1.2993872940089426e-16
L96_gamma2p0_g0p05_T1152,charge_density_wave,8,-1.0762331584878425e-16
L96_gamma2p0_g0p05_T1152,charge_density_wave,9,-8.597650698932138e-17
L96_gamma2p0_g0p05_T1152,charge_density_wave,10,5.365675941148941e-17
L96_gamma2p0_g0p05_T1152,charge_density_wave,11,7.726155840224493e-17
L96_gamma2p0_g0p05_T1152,charge_density_wave,12,9.97295458235555e-17
L96_gamma2p0_g0p05_T1152,charge_density_wave,13,1.4446345621573822e-16
L96_gamma2p0_g0p05_T1152,charge_density_wave,14,1.5459126039353587e-16
L96_gamma2p0_g0p05_T1152,charge_density_wave,15,1.8197542055988115e-16
L96_gamma2p0_g0p05_T1152,charge_density_wave,16,2.5787895809879044e-16
L96_gamma2p0_g0p05_T1152,charge_density_wave,17,3.0530751209152583e-16
L96_gamma2p0_g0p05_T1152,charge_density_wave,18,3.719497557215085e-16
L96_gamma2p0_g0p05_T1152,charge_density_wave,19,4.1929168954902986e-16
L96_gamma2p0_g0p05_T1152,charge_density_wave,20,4.646973715916035e-16
L96_gamma2p0_g0p05_T1152,charge_density_wave,21,8.527896503155367e-13
L96_gamma2p0_g0p05_T1152,charge_density_wave,22,2.0543617538099903e-07
L96_gamma2p0_g0p05_T1152,charge_density_wave,23,0.06407150462897807
L96_gamma2p0_g0p05_T1152,charge_density_wave,24,0.9999565252329786
L96_gamma2p0_g0p05_T1152,charge_density_wave,25,0.9999999997290415
L96_gamma2p0_g0p05_T1152,charge_density_wave,26,0.9999999999999982
L96_gamma2p0_g0p05_T1152,charge_density_wave,27,0.9999999999999986
L96_gamma2p0_g0p05_T1152,charge_density_wave,28,0.9999999999999989
L96_gamma2p0_g0p05_T1152,charge_density_wave,29,0.9999999999999991
L96_gamma2p0_g0p05_T1152,charge_density_wave,30,0.9999999999999991
L96_gamma2p0_g0p05_T1152,charge_density_wave,31,0.9999999999999992
L96_gamma2p0_g0p05_T1152,charge_density_wave,32,0.9999999999999992
L96_gamma2p0_g0p05_T1152,charge_density_wave,33,0.9999999999999992
L96_gamma2p0_g0p05_T1152,charge_density_wave,34,0.9999999999999996
L96_gamma2p0_g0p05_T1152,charge_density_wave,35,0.9999999999999996
L96_gamma2p0_g0p05_T1152,charge_density_wave,36,0.9999999999999998
L96_gamma2p0_g0p05_T1152,charge_density_wave,37,0.9999999999999999
L96_gamma2p0_g0p05_T1152,charge_density_wave,38,1.0
L96_gamma2p0_g0p05_T1152,charge_density_wave,39,1.0
L96_gamma2p0_g0p05_T1152,charge_density_wave,40,1.0000000000000002
L96_gamma2p0_g0p05_T1152,charge_density_wave,41,1.0000000000000002
L96_gamma2p0_g0p05_T1152,charge_density_wave,42,1.0000000000000002
L96_gamma2p0_g0p05_T1152,charge_density_wave,43,1.0000000000000002
L96_gamma2p0_g0p05_T1152,charge_density_wave,44,1.0000000000000004
L96_gamma2p0_g0p05_T1152,charge_density_wave,45,1.0000000000000007
L96_gamma2p0_g0p05_T1152,charge_density_wave,46,1.0000000000000007
L96_gamma2p0_g0p05_T1152,charge_density_wave,47,1.0000000000000009
L96_gamma2p0_g0p05_T1152,left,0,-3.330116681641675e-16
L96_gamma2p0_g0p05_T1152,left,1,-3.0707437306181607e-16
L96_gamma2p0_g0p05_T1152,left,2,-2.690857565823024e-16
L96_gamma2p0_g0p05_T1152,left,3,-1.8586318388024017e-16
L96_gamma2p0_g0p05_T1152,left,4,-1.466173416975859e-16
L96_gamma2p0_g0p05_T1152,left,5,-8.665924780455343e-17
L96_gamma2p0_g0p05_T1152,left,6,-8.175226484514714e-17
L96_gamma2p0_g0p05_T1152,left,7,-1.3220198851056398e-17
L96_gamma2p0_g0p05_T1152,left,8,2.65930778028085e-17
L96_gamma2p0_g0p05_T1152,left,9,4.6927181663991684e-17
L96_gamma2p0_g0p05_T1152,left,10,8.119976821126566e-17
L96_gamma2p0_g0p05_T1152,left,11,1.5427735355242155e-16
L96_gamma2p0_g0p05_T1152,left,12,1.5942402957066102e-16
L96_gamma2p0_g0p05_T1152,left,13,1.9503260298877894e-16
L96_gamma2p0_g0p05_T1152,left,14,2.5158273744563934e-16
L96_gamma2p0_g0p05_T1152,left,15,2.892530997295754e-16
L96_gamma2p0_g0p05_T1152,left,16,3.264552470653025e-16
L96_gamma2p0_g0p05_T1152,left,17,3.858815108141354e-16
L96_gamma2p0_g0p05_T1152,left,18,6.209439021378955e-16
L96_gamma2p0_g0p05_T1152,left,19,6.609712388581584e-16
L96_gamma2p0_g0p05_T1152,left,20,7.076294049971124e-16
L96_gamma2p0_g0p05_T1152,left,21,8.523964866660222e-13
L96_gamma2p0_g0p05_T1152,left,22,2.0543617579869793e-07
L96_gamma2p0_g0p05_T1152,left,23,0.06407150462897743
L96_gamma2p0_g0p05_T1152,left,24,0.9999565252329783
L96_gamma2p0_g0p05_T1152,left,25,0.9999999997290406
L96_gamma2p0_g0p05_T1152,left,26,0.9999999999999982
L96_gamma2p0_g0p05_T1152,left,27,0.999999999999999
L96_gamma2p0_g0p05_T1152,left,28,0.999999999999999
L96_gamma2p0_g0p05_T1152,left,29,0.9999999999999992
L96_gamma2p0_g0p05_T1152,left,30,0.9999999999999993
L96_gamma2p0_g0p05_T1152,left,31,0.9999999999999994
L96_gamma2p0_g0p05_T1152,left,32,0.9999999999999994
L96_gamma2p0_g0p05_T1152,left,33,0.9999999999999997
L96_gamma2p0_g0p05_T1152,left,34,0.9999999999999999
L96_gamma2p0_g0p05_T1152,left,35,0.9999999999999999
L96_gamma2p0_g0p05_T1152,left,36,1.0
L96_gamma2p0_g0p05_T1152,left,37,1.0
L96_gamma2p0_g0p05_T1152,left,38,1.0
L96_gamma2p0_g0p05_T1152,left,39,1.0
L96_gamma2p0_g0p05_T1152,left,40,1.0000000000000002
L96_gamma2p0_g0p05_T1152,left,41,1.0000000000000002
L96_gamma2p0_g0p05_T1152,left,42,1.0000000000000004
L96_gamma2p0_g0p05_T1152,left,43,1.0000000000000004
L96_gamma2p0_g0p05_T1152,left,44,1.0000000000000007
L96_gamma2p0_g0p05_T1152,left,45,1.0000000000000007
L96_gamma2p0_g0p05_T1152,left,46,1.0000000000000009
L96_gamma2p0_g0p05_T1152,left,47,1.000000000000001
L96_gamma2p0_g0p05_T1152,right,0,-6.131121868381339e-16
L96_gamma2p0_g0p05_T1152,right,1,-5.703459196338607e-16
L96_gamma2p0_g0p05_T1152,right,2,-5.535500525201618e-16
L96_gamma2p0_g0p05_T1152,right,3,-4.989382815484879e-16
L96_gamma2p0_g0p05_T1152,right,4,-4.90570484946175e-16
L96_gamma2p0_g0p05_T1152,right,5,-2.716851815219063e-16
L96_gamma2p0_g0p05_T1152,right,6,-1.8128557589288771e-16
L96_gamma2p0_g0p05_T1152,right,7,-1.035681668073372e-16
L96_gamma2p0_g0p05_T1152,right,8,-6.805034839055096e-17
L96_gamma2p0_g0p05_T1152,right,9,-4.545168342381292e-17
L96_gamma2p0_g0p05_T1152,right,10,3.6589716518548464e-18
L96_gamma2p0_g0p05_T1152,right,11,1.6155230232258103e-17
L96_gamma2p0_g0p05_T1152,right,12,8.851241340440473e-17
L96_gamma2p0_g0p05_T1152,right,13,1.427199021503993e-16
L96_gamma2p0_g0p05_T1152,right,14,1.7750794535378148e-16
L96_gamma2p0_g0p05_T1152,right,15,1.7931019181141297e-16
L96_gamma2p0_g0p05_T1152,right,16,2.6201093299233654e-16
L96_gamma2p0_g0p05_T1152,right,17,2.7066126615425937e-16
L96_gamma2p0_g0p05_T1152,right,18,3.396826116216519e-16
L96_gamma2p0_g0p05_T1152,right,19,5.171527800558412e-16
L96_gamma2p0_g0p05_T1152,right,20,5.811484693496782e-16
L96_gamma2p0_g0p05_T1152,right,21,8.522465593970902e-13
L96_gamma2p0_g0p05_T1152,right,22,2.054361757425452e-07
L96_gamma2p0_g0p05_T1152,right,23,0.0640715046289779
L96_gamma2p0_g0p05_T1152,right,24,0.9999565252329783
L96_gamma2p0_g0p05_T1152,right,25,0.9999999997290416
L96_gamma2p0_g0p05_T1152,right,26,0.9999999999999986
L96_gamma2p0_g0p05_T1152,right,27,0.9999999999999992
L96_gamma2p0_g0p05_T1152,right,28,0.9999999999999992
L96_gamma2p0_g0p05_T1152,right,29,0.9999999999999993
L96_gamma2p0_g0p05_T1152,right,30,0.9999999999999993
L96_gamma2p0_g0p05_T1152,right,31,0.9999999999999994
L96_gamma2p0_g0p05_T1152,right,32,0.9999999999999997
L96_gamma2p0_g0p05_T1152,right,33,0.9999999999999997
L96_gamma2p0_g0p05_T1152,right,34,0.9999999999999997
L96_gamma2p0_g0p05_T1152,right,35,0.9999999999999999
L96_gamma2p0_g0p05_T1152,right,36,0.9999999999999999
L96_gamma2p0_g0p05_T1152,right,37,1.0
L96_gamma2p0_g0p05_T1152,right,38,1.0
L96_gamma2p0_g0p05_T1152,right,39,1.0000000000000002
L96_gamma2p0_g0p05_T1152,right,40,1.0000000000000002
L96_gamma2p0_g0p05_T1152,right,41,1.0000000000000004
L96_gamma2p0_g0p05_T1152,right,42,1.0000000000000004
L96_gamma2p0_g0p05_T1152,right,43,1.0000000000000004
L96_gamma2p0_g0p05_T1152,right,44,1.0000000000000004
L96_gamma2p0_g0p05_T1152,right,45,1.0000000000000007
L96_gamma2p0_g0p05_T1152,right,46,1.0000000000000009
L96_gamma2p0_g0p05_T1152,right,47,1.000000000000001
L96_gamma2p0_g0p05_T960,charge_density_wave,0,-5.411474834242786e-16
L96_gamma2p0_g0p05_T960,charge_density_wave,1,-5.352975222883809e-16
L96_gamma2p0_g0p05_T960,charge_density_wave,2,-5.0927055039949e-16
L96_gamma2p0_g0p05_T960,charge_density_wave,3,-4.3958464545283405e-16
L96_gamma2p0_g0p05_T960,charge_density_wave,4,-3.176214968524148e-16
L96_gamma2p0_g0p05_T960,charge_density_wave,5,-2.823963286257181e-16
L96_gamma2p0_g0p05_T960,charge_density_wave,6,-2.582686542904281e-16
L96_gamma2p0_g0p05_T960,charge_density_wave,7,-2.291808000035675e-16
L96_gamma2p0_g0p05_T960,charge_density_wave,8,-1.7969422271649442e-16
L96_gamma2p0_g0p05_T960,charge_density_wave,9,-1.4904934186511587e-16
L96_gamma2p0_g0p05_T960,charge_density_wave,10,-1.2023282038462584e-16
L96_gamma2p0_g0p05_T960,charge_density_wave,11,-1.0846072813159733e-16
L96_gamma2p0_g0p05_T960,charge_density_wave,12,-4.884491002819298e-17
L96_gamma2p0_g0p05_T960,charge_density_wave,13,5.705577338819913e-17
L96_gamma2p0_g0p05_T960,charge_density_wave,14,7.936765164730441e-17
L96_gamma2p0_g0p05_T960,charge_density_wave,15,1.0479850863120615e-16
L96_gamma2p0_g0p05_T960,charge_density_wave,16,2.0331804645734602e-16
L96_gamma2p0_g0p05_T960,charge_density_wave,17,2.3895458592150183e-16
L96_gamma2p0_g0p05_T960,charge_density_wave,18,2.890365859842656e-16
L96_gamma2p0_g0p05_T960,charge_density_wave,19,3.508526423420541e-16
L96_gamma2p0_g0p05_T960,charge_density_wave,20,5.631304127356323e-16
L96_gamma2p0_g0p05_T960,charge_density_wave,21,8.528298284142395e-13
L96_gamma2p0_g0p05_T960,charge_density_wave,22,2.0543617571008968e-07
L96_gamma2p0_g0p05_T960,charge_density_wave,23,0.06407150462897768
L96_gamma2p0_g0p05_T960,charge_density_wave,24,0.9999565252329787
L96_gamma2p0_g0p05_T960,charge_density_wave,25,0.9999999997290405
L96_gamma2p0_g0p05_T960,charge_density_wave,26,0.9999999999999981
L96_gamma2p0_g0p05_T960,charge_density_wave,27,0.9999999999999991
L96_gamma2p0_g0p05_T960,charge_density_wave,28,0.9999999999999993
L96_gamma2p0_g0p05_T960,charge_density_wave,29,0.9999999999999996
L96_gamma2p0_g0p05_T960,charge_density_wave,30,0.9999999999999996
L96_gamma2p0_g0p05_T960,charge_density_wave,31,0.9999999999999997
L96_gamma2p0_g0p05_T960,charge_density_wave,32,0.9999999999999997
L96_gamma2p0_g0p05_T960,charge_density_wave,33,0.9999999999999997
L96_gamma2p0_g0p05_T960,charge_density_wave,34,0.9999999999999999
L96_gamma2p0_g0p05_T960,charge_density_wave,35,1.0
L96_gamma2p0_g0p05_T960,charge_density_wave,36,1.0
L96_gamma2p0_g0p05_T960,charge_density_wave,37,1.0
L96_gamma2p0_g0p05_T960,charge_density_wave,38,1.0
L96_gamma2p0_g0p05_T960,charge_density_wave,39,1.0000000000000002
L96_gamma2p0_g0p05_T960,charge_density_wave,40,1.0000000000000002
L96_gamma2p0_g0p05_T960,charge_density_wave,41,1.0000000000000004
L96_gamma2p0_g0p05_T960,charge_density_wave,42,1.0000000000000004
L96_gamma2p0_g0p05_T960,charge_density_wave,43,1.0000000000000004
L96_gamma2p0_g0p05_T960,charge_density_wave,44,1.0000000000000009
L96_gamma2p0_g0p05_T960,charge_density_wave,45,1.0000000000000009
L96_gamma2p0_g0p05_T960,charge_density_wave,46,1.0000000000000009
L96_gamma2p0_g0p05_T960,charge_density_wave,47,1.0000000000000013
L96_gamma2p0_g0p05_T960,left,0,-4.656312050217939e-16
L96_gamma2p0_g0p05_T960,left,1,-4.480807240336669e-16
L96_gamma2p0_g0p05_T960,left,2,-3.2613528476873667e-16
L96_gamma2p0_g0p05_T960,left,3,-2.7336690599933383e-16
L96_gamma2p0_g0p05_T960,left,4,-2.2150379870234864e-16
L96_gamma2p0_g0p05_T960,left,5,-1.8205486917132556e-16
L96_gamma2p0_g0p05_T960,left,6,-5.707810677637125e-17
L96_gamma2p0_g0p05_T960,left,7,-5.626233457321453e-17
L96_gamma2p0_g0p05_T960,left,8,-2.777257942831738e-17
L96_gamma2p0_g0p05_T960,left,9,-6.421073194793512e-19
L96_gamma2p0_g0p05_T960,left,10,2.6462919571091436e-17
L96_gamma2p0_g0p05_T960,left,11,2.9767207909647455e-17
L96_gamma2p0_g0p05_T960,left,12,7.472747971243334e-17
L96_gamma2p0_g0p05_T960,left,13,1.5318691726503915e-16
L96_gamma2p0_g0p05_T960,left,14,2.365921865441586e-16
L96_gamma2p0_g0p05_T960,left,15,2.451193178917949e-16
L96_gamma2p0_g0p05_T960,left,16,2.766020266742327e-16
L96_gamma2p0_g0p05_T960,left,17,2.7712235915906306e-16
L96_gamma2p0_g0p05_T960,left,18,4.661587241177918e-16
L96_gamma2p0_g0p05_T960,left,19,8.525012239470918e-13
L96_gamma2p0_g0p05_T960,left,20,2.1084419593116625e-10
L96_gamma2p0_g0p05_T960,left,21,2.054361760625547e-07
L96_gamma2p0_g0p05_T960,left,22,0.05949698606335773
L96_gamma2p0_g0p05_T960,left,23,0.06407150462897664
L96_gamma2p0_g0p05_T960,left,24,0.9999565252329787
L96_gamma2p0_g0p05_T960,left,25,0.9999999997290417
L96_gamma2p0_g0p05_T960,left,26,0.9999999999999984
L96_gamma2p0_g0p05_T960,left,27,0.9999999999999987
L96_gamma2p0_g0p05_T960,left,28,0.999999999999999
L96_gamma2p0_g0p05_T960,left,29,0.9999999999999991
L96_gamma2p0_g0p05_T960,left,30,0.9999999999999993
L96_gamma2p0_g0p05_T960,left,31,0.9999999999999996
L96_gamma2p0_g0p05_T960,left,32,0.9999999999999997
L96_gamma2p0_g0p05_T960,left,33,0.9999999999999997
L96_gamma2p0_g0p05_T960,left,34,0.9999999999999997
L96_gamma2p0_g0p05_T960,left,35,0.9999999999999998
L96_gamma2p0_g0p05_T960,left,36,0.9999999999999999
L96_gamma2p0_g0p05_T960,left,37,1.0
L96_gamma2p0_g0p05_T960,left,38,1.0000000000000002
L96_gamma2p0_g0p05_T960,left,39,1.0000000000000002
L96_gamma2p0_g0p05_T960,left,40,1.0000000000000002
L96_gamma2p0_g0p05_T960,left,41,1.0000000000000004
L96_gamma2p0_g0p05_T960,left,42,1.0000000000000004
L96_gamma2p0_g0p05_T960,left,43,1.0000000000000007
L96_gamma2p0_g0p05_T960,left,44,1.0000000000000009
L96_gamma2p0_g0p05_T960,left,45,1.000000000000001
L96_gamma2p0_g0p05_T960,left,46,1.000000000000001
L96_gamma2p0_g0p05_T960,left,47,1.0000000000000018
L96_gamma2p0_g0p05_T960,right,0,-5.547982075358709e-16
L96_gamma2p0_g0p05_T960,right,1,-4.592977832616079e-16
L96_gamma2p0_g0p05_T960,right,2,-3.209675936529026e-16
L96_gamma2p0_g0p05_T960,right,3,-2.7072066860730386e-16
L96_gamma2p0_g0p05_T960,right,4,-2.629099203211744e-16
L96_gamma2p0_g0p05_T960,right,5,-2.0943671548505327e-16
L96_gamma2p0_g0p05_T960,right,6,-1.6350962071127327e-16
L96_gamma2p0_g0p05_T960,right,7,-1.1203308675216554e-16
L96_gamma2p0_g0p05_T960,right,8,-7.83021275649851e-17
L96_gamma2p0_g0p05_T960,right,9,-3.8940727626273405e-17
L96_gamma2p0_g0p05_T960,right,10,6.943870572745106e-18
L96_gamma2p0_g0p05_T960,right,11,2.881260625401491e-17
L96_gamma2p0_g0p05_T960,right,12,7.799684458313485e-17
L96_gamma2p0_g0p05_T960,right,13,1.237252076523059e-16
L96_gamma2p0_g0p05_T960,right,14,2.1769615552865829e-16
L96_gamma2p0_g0p05_T960,right,15,2.374892094767405e-16
L96_gamma2p0_g0p05_T960,right,16,2.6538064918556986e-16
L96_gamma2p0_g0p05_T960,right,17,2.8949937166175254e-16
L96_gamma2p0_g0p05_T960,right,18,3.278098941285243e-16
L96_gamma2p0_g0p05_T960,right,19,4.509011942347027e-16
L96_gamma2p0_g0p05_T960,right,20,5.313309666944995e-16
L96_gamma2p0_g0p05_T960,right,21,8.526512829121202e-13
L96_gamma2p0_g0p05_T960,right,22,2.0543617607060582e-07
L96_gamma2p0_g0p05_T960,right,23,0.00017850098488469968
L96_gamma2p0_g0p05_T960,right,24,0.06407150462897791
L96_gamma2p0_g0p05_T960,right,25,0.9999565252329787
L96_gamma2p0_g0p05_T960,right,26,0.9999900598228133
L96_gamma2p0_g0p05_T960,right,27,0.9999999997290415
L96_gamma2p0_g0p05_T960,right,28,0.9999999999998134
L96_gamma2p0_g0p05_T960,right,29,0.9999999999999976
L96_gamma2p0_g0p05_T960,right,30,0.9999999999999988
L96_gamma2p0_g0p05_T960,right,31,0.9999999999999989
L96_gamma2p0_g0p05_T960,right,32,0.9999999999999992
L96_gamma2p0_g0p05_T960,right,33,0.9999999999999992
L96_gamma2p0_g0p05_T960,right,34,0.9999999999999993
L96_gamma2p0_g0p05_T960,right,35,0.9999999999999994
L96_gamma2p0_g0p05_T960,right,36,0.9999999999999996
L96_gamma2p0_g0p05_T960,right,37,0.9999999999999998
L96_gamma2p0_g0p05_T960,right,38,0.9999999999999999
L96_gamma2p0_g0p05_T960,right,39,1.0
L96_gamma2p0_g0p05_T960,right,40,1.0
L96_gamma2p0_g0p05_T960,right,41,1.0000000000000002
L96_gamma2p0_g0p05_T960,right,42,1.0000000000000002
L96_gamma2p0_g0p05_T960,right,43,1.0000000000000002
L96_gamma2p0_g0p05_T960,right,44,1.0000000000000007
L96_gamma2p0_g0p05_T960,right,45,1.0000000000000007
L96_gamma2p0_g0p05_T960,right,46,1.0000000000000016
L96_gamma2p0_g0p05_T960,right,47,1.0000000000000018
L96_gamma2p0_g0p0_T1152,charge_density_wave,0,-4.549671767202883e-16
L96_gamma2p0_g0p0_T1152,charge_density_wave,1,-4.418498192842136e-16
L96_gamma2p0_g0p0_T1152,charge_density_wave,2,-3.5795486514426017e-16
L96_gamma2p0_g0p0_T1152,charge_density_wave,3,-3.248527527317492e-16
L96_gamma2p0_g0p0_T1152,charge_density_wave,4,-2.879894883836101e-16
L96_gamma2p0_g0p0_T1152,charge_density_wave,5,-2.1364922355326566e-16
L96_gamma2p0_g0p0_T1152,charge_density_wave,6,-1.398934101610318e-16
L96_gamma2p0_g0p0_T1152,charge_density_wave,7,-1.1554375160316377e-16
L96_gamma2p0_g0p0_T1152,charge_density_wave,8,-1.0328417662719419e-16
L96_gamma2p0_g0p0_T1152,charge_density_wave,9,-3.186528805867323e-17
L96_gamma2p0_g0p0_T1152,charge_density_wave,10,-2.7755575615628914e-17
L96_gamma2p0_g0p0_T1152,charge_density_wave,11,2.7745724897366312e-17
L96_gamma2p0_g0p0_T1152,charge_density_wave,12,6.630523529345783e-17
L96_gamma2p0_g0p0_T1152,charge_density_wave,13,1.1672518680588058e-16
L96_gamma2p0_g0p0_T1152,charge_density_wave,14,1.8826608644852704e-16
L96_gamma2p0_g0p0_T1152,charge_density_wave,15,1.9467864853974006e-16
L96_gamma2p0_g0p0_T1152,charge_density_wave,16,3.2840679604246266e-16
L96_gamma2p0_g0p0_T1152,charge_density_wave,17,3.833392082549573e-16
L96_gamma2p0_g0p0_T1152,charge_density_wave,18,3.935899925762513e-16
L96_gamma2p0_g0p0_T1152,charge_density_wave,19,4.470070013475106e-16
L96_gamma2p0_g0p0_T1152,charge_density_wave,20,6.204946531209035e-16
L96_gamma2p0_g0p0_T1152,charge_density_wave,21,1.3945091226724793e-12
L96_gamma2p0_g0p0_T1152,charge_density_wave,22,2.7410562913800923e-07
L96_gamma2p0_g0p0_T1152,charge_density_wave,23,0.07033668248529372
L96_gamma2p0_g0p0_T1152,charge_density_wave,24,0.9999612572560244
L96_gamma2p0_g0p0_T1152,charge_density_wave,25,0.9999999998030604
L96_gamma2p0_g0p0_T1152,charge_density_wave,26,0.9999999999999986
L96_gamma2p0_g0p0_T1152,charge_density_wave,27,0.999999999999999
L96_gamma2p0_g0p0_T1152,charge_density_wave,28,0.9999999999999991
L96_gamma2p0_g0p0_T1152,charge_density_wave,29,0.9999999999999993
L96_gamma2p0_g0p0_T1152,charge_density_wave,30,0.9999999999999993
L96_gamma2p0_g0p0_T1152,charge_density_wave,31,0.9999999999999994
L96_gamma2p0_g0p0_T1152,charge_density_wave,32,0.9999999999999996
L96_gamma2p0_g0p0_T1152,charge_density_wave,33,0.9999999999999998
L96_gamma2p0_g0p0_T1152,charge_density_wave,34,0.9999999999999999
L96_gamma2p0_g0p0_T1152,charge_density_wave,35,0.9999999999999999
L96_gamma2p0_g0p0_T1152,charge_density_wave,36,0.9999999999999999
L96_gamma2p0_g0p0_T1152,charge_density_wave,37,1.0
L96_gamma2p0_g0p0_T1152,charge_density_wave,38,1.0
L96_gamma2p0_g0p0_T1152,charge_density_wave,39,1.0
L96_gamma2p0_g0p0_T1152,charge_density_wave,40,1.0000000000000002
L96_gamma2p0_g0p0_T1152,charge_density_wave,41,1.0000000000000002
L96_gamma2p0_g0p0_T1152,charge_density_wave,42,1.0000000000000004
L96_gamma2p0_g0p0_T1152,charge_density_wave,43,1.0000000000000007
L96_gamma2p0_g0p0_T1152,charge_density_wave,44,1.0000000000000007
L96_gamma2p0_g0p0_T1152,charge_density_wave,45,1.0000000000000009
L96_gamma2p0_g0p0_T1152,charge_density_wave,46,1.0000000000000009
L96_gamma2p0_g0p0_T1152,charge_density_wave,47,1.000000000000002
L96_gamma2p0_g0p0_T1152,left,0,-6.530254385826776e-16
L96_gamma2p0_g0p0_T1152,left,1,-5.757348195085032e-16
L96_gamma2p0_g0p0_T1152,left,2,-3.3689791328528085e-16
L96_gamma2p0_g0p0_T1152,left,3,-2.9272373862453564e-16
L96_gamma2p0_g0p0_T1152,left,4,-2.693038124638039e-16
L96_gamma2p0_g0p0_T1152,left,5,-2.048735803873378e-16
L96_gamma2p0_g0p0_T1152,left,6,-1.6206948269419271e-16
L96_gamma2p0_g0p0_T1152,left,7,-1.1421756648829625e-16
L96_gamma2p0_g0p0_T1152,left,8,-8.444963623046355e-17
L96_gamma2p0_g0p0_T1152,left,9,-8.316493741125939e-17
L96_gamma2p0_g0p0_T1152,left,10,-4.76008316531448e-17
L96_gamma2p0_g0p0_T1152,left,11,-3.1856609441578944e-17
L96_gamma2p0_g0p0_T1152,left,12,-2.8104523489220524e-18
L96_gamma2p0_g0p0_T1152,left,13,6.595683611647075e-17
L96_gamma2p0_g0p0_T1152,left,14,6.706850879924078e-17
L96_gamma2p0_g0p0_T1152,left,15,1.8640470024151972e-16
L96_gamma2p0_g0p0_T1152,left,16,2.7813888479398875e-16
L96_gamma2p0_g0p0_T1152,left,17,2.954414813053541e-16
L96_gamma2p0_g0p0_T1152,left,18,3.868339328202768e-16
L96_gamma2p0_g0p0_T1152,left,19,4.951244875628459e-16
L96_gamma2p0_g0p0_T1152,left,20,6.852043189394665e-16
L96_gamma2p0_g0p0_T1152,left,21,1.3942946422787433e-12
L96_gamma2p0_g0p0_T1152,left,22,2.741056293158184e-07
L96_gamma2p0_g0p0_T1152,left,23,0.07033668248529387
L96_gamma2p0_g0p0_T1152,left,24,0.9999612572560255
L96_gamma2p0_g0p0_T1152,left,25,0.9999999998030606
L96_gamma2p0_g0p0_T1152,left,26,0.9999999999999987
L96_gamma2p0_g0p0_T1152,left,27,0.9999999999999989
L96_gamma2p0_g0p0_T1152,left,28,0.9999999999999991
L96_gamma2p0_g0p0_T1152,left,29,0.9999999999999991
L96_gamma2p0_g0p0_T1152,left,30,0.9999999999999991
L96_gamma2p0_g0p0_T1152,left,31,0.9999999999999992
L96_gamma2p0_g0p0_T1152,left,32,0.9999999999999993
L96_gamma2p0_g0p0_T1152,left,33,0.9999999999999994
L96_gamma2p0_g0p0_T1152,left,34,0.9999999999999996
L96_gamma2p0_g0p0_T1152,left,35,0.9999999999999996
L96_gamma2p0_g0p0_T1152,left,36,0.9999999999999998
L96_gamma2p0_g0p0_T1152,left,37,0.9999999999999999
L96_gamma2p0_g0p0_T1152,left,38,0.9999999999999999
L96_gamma2p0_g0p0_T1152,left,39,1.0
L96_gamma2p0_g0p0_T1152,left,40,1.0
L96_gamma2p0_g0p0_T1152,left,41,1.0
L96_gamma2p0_g0p0_T1152,left,42,1.0000000000000002
L96_gamma2p0_g0p0_T1152,left,43,1.0000000000000002
L96_gamma2p0_g0p0_T1152,left,44,1.0000000000000002
L96_gamma2p0_g0p0_T1152,left,45,1.0000000000000009
L96_gamma2p0_g0p0_T1152,left,46,1.000000000000001
L96_gamma2p0_g0p0_T1152,left,47,1.0000000000000013
L96_gamma2p0_g0p0_T1152,right,0,-7.658800445203004e-16
L96_gamma2p0_g0p0_T1152,right,1,-6.245553310381595e-16
L96_gamma2p0_g0p0_T1152,right,2,-5.1534240219447355e-16
L96_gamma2p0_g0p0_T1152,right,3,-4.59698050281164e-16
L96_gamma2p0_g0p0_T1152,right,4,-3.682686157439778e-16
L96_gamma2p0_g0p0_T1152,right,5,-3.1648816870492496e-16
L96_gamma2p0_g0p0_T1152,right,6,-2.679718312479016e-16
L96_gamma2p0_g0p0_T1152,right,7,-2.325588731056711e-16
L96_gamma2p0_g0p0_T1152,right,8,-1.8748701964591513e-16
L96_gamma2p0_g0p0_T1152,right,9,-1.0490118146797973e-16
L96_gamma2p0_g0p0_T1152,right,10,-9.937861637682815e-17
L96_gamma2p0_g0p0_T1152,right,11,-7.55028901412822e-17
L96_gamma2p0_g0p0_T1152,right,12,-2.9089064033665104e-17
L96_gamma2p0_g0p0_T1152,right,13,-2.1836197787391338e-17
L96_gamma2p0_g0p0_T1152,right,14,6.082338433403393e-17
L96_gamma2p0_g0p0_T1152,right,15,1.5775307479978517e-16
L96_gamma2p0_g0p0_T1152,right,16,1.8621161287838576e-16
L96_gamma2p0_g0p0_T1152,right,17,2.709936668384977e-16
L96_gamma2p0_g0p0_T1152,right,18,4.165060549507904e-16
L96_gamma2p0_g0p0_T1152,right,19,4.523098894558068e-16
L96_gamma2p0_g0p0_T1152,right,20,7.466992186998705e-16
L96_gamma2p0_g0p0_T1152,right,21,1.3942593403746053e-12
L96_gamma2p0_g0p0_T1152,right,22,2.741056294040033e-07
L96_gamma2p0_g0p0_T1152,right,23,0.07033668248529407
L96_gamma2p0_g0p0_T1152,right,24,0.9999612572560248
L96_gamma2p0_g0p0_T1152,right,25,0.9999999998030609
L96_gamma2p0_g0p0_T1152,right,26,0.9999999999999989
L96_gamma2p0_g0p0_T1152,right,27,0.9999999999999991
L96_gamma2p0_g0p0_T1152,right,28,0.9999999999999993
L96_gamma2p0_g0p0_T1152,right,29,0.9999999999999994
L96_gamma2p0_g0p0_T1152,right,30,0.9999999999999996
L96_gamma2p0_g0p0_T1152,right,31,0.9999999999999997
L96_gamma2p0_g0p0_T1152,right,32,0.9999999999999998
L96_gamma2p0_g0p0_T1152,right,33,0.9999999999999998
L96_gamma2p0_g0p0_T1152,right,34,0.9999999999999999
L96_gamma2p0_g0p0_T1152,right,35,0.9999999999999999
L96_gamma2p0_g0p0_T1152,right,36,1.0
L96_gamma2p0_g0p0_T1152,right,37,1.0
L96_gamma2p0_g0p0_T1152,right,38,1.0
L96_gamma2p0_g0p0_T1152,right,39,1.0000000000000004
L96_gamma2p0_g0p0_T1152,right,40,1.0000000000000004
L96_gamma2p0_g0p0_T1152,right,41,1.0000000000000004
L96_gamma2p0_g0p0_T1152,right,42,1.0000000000000004
L96_gamma2p0_g0p0_T1152,right,43,1.0000000000000007
L96_gamma2p0_g0p0_T1152,right,44,1.0000000000000007
L96_gamma2p0_g0p0_T1152,right,45,1.0000000000000007
L96_gamma2p0_g0p0_T1152,right,46,1.000000000000001
L96_gamma2p0_g0p0_T1152,right,47,1.000000000000001
L96_gamma2p0_g0p0_T960,charge_density_wave,0,-5.783801142717937e-16
L96_gamma2p0_g0p0_T960,charge_density_wave,1,-5.129972001667949e-16
L96_gamma2p0_g0p0_T960,charge_density_wave,2,-4.3557784194583943e-16
L96_gamma2p0_g0p0_T960,charge_density_wave,3,-3.4673991646677277e-16
L96_gamma2p0_g0p0_T960,charge_density_wave,4,-2.7640279885894416e-16
L96_gamma2p0_g0p0_T960,charge_density_wave,5,-2.2537341138772385e-16
L96_gamma2p0_g0p0_T960,charge_density_wave,6,-1.9564375977671395e-16
L96_gamma2p0_g0p0_T960,charge_density_wave,7,-1.3183686172344566e-16
L96_gamma2p0_g0p0_T960,charge_density_wave,8,-8.987540510334458e-17
L96_gamma2p0_g0p0_T960,charge_density_wave,9,-8.32882068876608e-17
L96_gamma2p0_g0p0_T960,charge_density_wave,10,-4.479736419329906e-17
L96_gamma2p0_g0p0_T960,charge_density_wave,11,2.812109429405775e-17
L96_gamma2p0_g0p0_T960,charge_density_wave,12,1.3972086859275527e-16
L96_gamma2p0_g0p0_T960,charge_density_wave,13,1.7460726676800294e-16
L96_gamma2p0_g0p0_T960,charge_density_wave,14,1.9420476044037762e-16
L96_gamma2p0_g0p0_T960,charge_density_wave,15,2.2288679088230517e-16
L96_gamma2p0_g0p0_T960,charge_density_wave,16,3.1075156103625655e-16
L96_gamma2p0_g0p0_T960,charge_density_wave,17,3.3913166373046346e-16
L96_gamma2p0_g0p0_T960,charge_density_wave,18,3.5400587480042185e-16
L96_gamma2p0_g0p0_T960,charge_density_wave,19,5.589961947874603e-16
L96_gamma2p0_g0p0_T960,charge_density_wave,20,5.795511334533536e-16
L96_gamma2p0_g0p0_T960,charge_density_wave,21,1.3941189471729143e-12
L96_gamma2p0_g0p0_T960,charge_density_wave,22,2.7410562930531555e-07
L96_gamma2p0_g0p0_T960,charge_density_wave,23,0.07033668248529407
L96_gamma2p0_g0p0_T960,charge_density_wave,24,0.9999612572560252
L96_gamma2p0_g0p0_T960,charge_density_wave,25,0.9999999998030608
L96_gamma2p0_g0p0_T960,charge_density_wave,26,0.9999999999999989
L96_gamma2p0_g0p0_T960,charge_density_wave,27,0.9999999999999991
L96_gamma2p0_g0p0_T960,charge_density_wave,28,0.9999999999999992
L96_gamma2p0_g0p0_T960,charge_density_wave,29,0.9999999999999992
L96_gamma2p0_g0p0_T960,charge_density_wave,30,0.9999999999999993
L96_gamma2p0_g0p0_T960,charge_density_wave,31,0.9999999999999994
L96_gamma2p0_g0p0_T960,charge_density_wave,32,0.9999999999999996
L96_gamma2p0_g0p0_T960,charge_density_wave,33,0.9999999999999998
L96_gamma2p0_g0p0_T960,charge_density_wave,34,0.9999999999999998
L96_gamma2p0_g0p0_T960,charge_density_wave,35,0.9999999999999999
L96_gamma2p0_g0p0_T960,charge_density_wave,36,0.9999999999999999
L96_gamma2p0_g0p0_T960,charge_density_wave,37,1.0
L96_gamma2p0_g0p0_T960,charge_density_wave,38,1.0
L96_gamma2p0_g0p0_T960,charge_density_wave,39,1.0000000000000002
L96_gamma2p0_g0p0_T960,charge_density_wave,40,1.0000000000000002
L96_gamma2p0_g0p0_T960,charge_density_wave,41,1.0000000000000002
L96_gamma2p0_g0p0_T960,charge_density_wave,42,1.0000000000000004
L96_gamma2p0_g0p0_T960,charge_density_wave,43,1.0000000000000004
L96_gamma2p0_g0p0_T960,charge_density_wave,44,1.0000000000000007
L96_gamma2p0_g0p0_T960,charge_density_wave,45,1.0000000000000009
L96_gamma2p0_g0p0_T960,charge_density_wave,46,1.0000000000000009
L96_gamma2p0_g0p0_T960,charge_density_wave,47,1.0000000000000013
L96_gamma2p0_g0p0_T960,left,0,-5.601250524636113e-16
L96_gamma2p0_g0p0_T960,left,1,-3.7824886417534004e-16
L96_gamma2p0_g0p0_T960,left,2,-2.590753633254516e-16
L96_gamma2p0_g0p0_T960,left,3,-2.3276658945182244e-16
L96_gamma2p0_g0p0_T960,left,4,-2.0057093998762443e-16
L96_gamma2p0_g0p0_T960,left,5,-1.72239112071733e-16
L96_gamma2p0_g0p0_T960,left,6,-7.521795509381794e-17
L96_gamma2p0_g0p0_T960,left,7,-6.592398566128418e-17
L96_gamma2p0_g0p0_T960,left,8,-5.674889072086583e-17
L96_gamma2p0_g0p0_T960,left,9,4.04649123382948e-17
L96_gamma2p0_g0p0_T960,left,10,1.029125560132279e-16
L96_gamma2p0_g0p0_T960,left,11,1.1730086678803624e-16
L96_gamma2p0_g0p0_T960,left,12,1.7251106167426512e-16
L96_gamma2p0_g0p0_T960,left,13,2.1898536980680025e-16
L96_gamma2p0_g0p0_T960,left,14,2.3788659235124576e-16
L96_gamma2p0_g0p0_T960,left,15,2.8380371786338426e-16
L96_gamma2p0_g0p0_T960,left,16,3.0702207660139703e-16
L96_gamma2p0_g0p0_T960,left,17,3.486749818669383e-16
L96_gamma2p0_g0p0_T960,left,18,6.322937306767072e-16
L96_gamma2p0_g0p0_T960,left,19,1.3943343891730415e-12
L96_gamma2p0_g0p0_T960,left,20,8.536542711768924e-09
L96_gamma2p0_g0p0_T960,left,21,2.741056292484456e-07
L96_gamma2p0_g0p0_T960,left,22,0.07033668248529301
L96_gamma2p0_g0p0_T960,left,23,0.7882148705885182
L96_gamma2p0_g0p0_T960,left,24,0.9999612572560239
L96_gamma2p0_g0p0_T960,left,25,0.999999999803061
L96_gamma2p0_g0p0_T960,left,26,0.999999999999998
L96_gamma2p0_g0p0_T960,left,27,0.9999999999999983
L96_gamma2p0_g0p0_T960,left,28,0.999999999999999
L96_gamma2p0_g0p0_T960,left,29,0.9999999999999991
L96_gamma2p0_g0p0_T960,left,30,0.9999999999999992
L96_gamma2p0_g0p0_T960,left,31,0.9999999999999993
L96_gamma2p0_g0p0_T960,left,32,0.9999999999999993
L96_gamma2p0_g0p0_T960,left,33,0.9999999999999993
L96_gamma2p0_g0p0_T960,left,34,0.9999999999999993
L96_gamma2p0_g0p0_T960,left,35,0.9999999999999997
L96_gamma2p0_g0p0_T960,left,36,0.9999999999999999
L96_gamma2p0_g0p0_T960,left,37,1.0
L96_gamma2p0_g0p0_T960,left,38,1.0
L96_gamma2p0_g0p0_T960,left,39,1.0000000000000002
L96_gamma2p0_g0p0_T960,left,40,1.0000000000000002
L96_gamma2p0_g0p0_T960,left,41,1.0000000000000002
L96_gamma2p0_g0p0_T960,left,42,1.0000000000000004
L96_gamma2p0_g0p0_T960,left,43,1.0000000000000004
L96_gamma2p0_g0p0_T960,left,44,1.0000000000000004
L96_gamma2p0_g0p0_T960,left,45,1.0000000000000004
L96_gamma2p0_g0p0_T960,left,46,1.000000000000001
L96_gamma2p0_g0p0_T960,left,47,1.0000000000000013
L96_gamma2p0_g0p0_T960,right,0,-7.95779438276119e-16
L96_gamma2p0_g0p0_T960,right,1,-5.92061173812165e-16
L96_gamma2p0_g0p0_T960,right,2,-5.716992909979236e-16
L96_gamma2p0_g0p0_T960,right,3,-4.797872881744986e-16
L96_gamma2p0_g0p0_T960,right,4,-3.1330958684811787e-16
L96_gamma2p0_g0p0_T960,right,5,-2.726838326072159e-16
L96_gamma2p0_g0p0_T960,right,6,-2.6549621561610517e-16
L96_gamma2p0_g0p0_T960,right,7,-1.51539311803861e-16
L96_gamma2p0_g0p0_T960,right,8,-1.2121265771863203e-16
L96_gamma2p0_g0p0_T960,right,9,-1.0855009057926911e-16
L96_gamma2p0_g0p0_T960,right,10,-8.396572894391796e-17
L96_gamma2p0_g0p0_T960,right,11,-3.3132785124733225e-17
L96_gamma2p0_g0p0_T960,right,12,6.696672592145062e-17
L96_gamma2p0_g0p0_T960,right,13,1.232703878061581e-16
L96_gamma2p0_g0p0_T960,right,14,1.2810480807892843e-16
L96_gamma2p0_g0p0_T960,right,15,1.9026128121870118e-16
L96_gamma2p0_g0p0_T960,right,16,3.0330804499347287e-16
L96_gamma2p0_g0p0_T960,right,17,3.056194466227399e-16
L96_gamma2p0_g0p0_T960,right,18,3.417184675705656e-16
L96_gamma2p0_g0p0_T960,right,19,3.9208766083676937e-16
L96_gamma2p0_g0p0_T960,right,20,5.410074085080814e-16
L96_gamma2p0_g0p0_T960,right,21,1.394329096626734e-12
L96_gamma2p0_g0p0_T960,right,22,2.7410562897234314e-07
L96_gamma2p0_g0p0_T960,right,23,0.01013859106255699
L96_gamma2p0_g0p0_T960,right,24,0.07033668248529533
L96_gamma2p0_g0p0_T960,right,25,0.9999612572560244
L96_gamma2p0_g0p0_T960,right,26,0.9999997487579652
L96_gamma2p0_g0p0_T960,right,27,0.9999999998030609
L96_gamma2p0_g0p0_T960,right,28,0.9999999999999941
L96_gamma2p0_g0p0_T960,right,29,0.999999999999999
L96_gamma2p0_g0p0_T960,right,30,0.999999999999999
L96_gamma2p0_g0p0_T960,right,31,0.9999999999999993
L96_gamma2p0_g0p0_T960,right,32,0.9999999999999994
L96_gamma2p0_g0p0_T960,right,33,0.9999999999999996
L96_gamma2p0_g0p0_T960,right,34,0.9999999999999996
L96_gamma2p0_g0p0_T960,right,35,0.9999999999999997
L96_gamma2p0_g0p0_T960,right,36,0.9999999999999998
L96_gamma2p0_g0p0_T960,right,37,0.9999999999999998
L96_gamma2p0_g0p0_T960,right,38,0.9999999999999999
L96_gamma2p0_g0p0_T960,right,39,0.9999999999999999
L96_gamma2p0_g0p0_T960,right,40,1.0
L96_gamma2p0_g0p0_T960,right,41,1.0000000000000002
L96_gamma2p0_g0p0_T960,right,42,1.0000000000000004
L96_gamma2p0_g0p0_T960,right,43,1.0000000000000004
L96_gamma2p0_g0p0_T960,right,44,1.0000000000000004
L96_gamma2p0_g0p0_T960,right,45,1.0000000000000007
L96_gamma2p0_g0p0_T960,right,46,1.0000000000000007
L96_gamma2p0_g0p0_T960,right,47,1.0000000000000013
L96_gamma2p0_g0p25_T1152,charge_density_wave,0,-5.729148605031923e-16
L96_gamma2p0_g0p25_T1152,charge_density_wave,1,-5.716004745399204e-16
L96_gamma2p0_g0p25_T1152,charge_density_wave,2,-4.071628699981782e-16
L96_gamma2p0_g0p25_T1152,charge_density_wave,3,-3.3454210029425106e-16
L96_gamma2p0_g0p25_T1152,charge_density_wave,4,-2.3826337571929766e-16
L96_gamma2p0_g0p25_T1152,charge_density_wave,5,-1.935183510810996e-16
L96_gamma2p0_g0p25_T1152,charge_density_wave,6,-1.4019228158813712e-16
L96_gamma2p0_g0p25_T1152,charge_density_wave,7,-1.275385944263111e-16
L96_gamma2p0_g0p25_T1152,charge_density_wave,8,-9.117512975431097e-17
L96_gamma2p0_g0p25_T1152,charge_density_wave,9,-4.8020319282278257e-17
L96_gamma2p0_g0p25_T1152,charge_density_wave,10,-1.3349695639289352e-17
L96_gamma2p0_g0p25_T1152,charge_density_wave,11,-7.453574891299388e-18
L96_gamma2p0_g0p25_T1152,charge_density_wave,12,1.4454863048588935e-17
L96_gamma2p0_g0p25_T1152,charge_density_wave,13,3.605198562759465e-17
L96_gamma2p0_g0p25_T1152,charge_density_wave,14,6.949593185230813e-17
L96_gamma2p0_g0p25_T1152,charge_density_wave,15,8.690665343943346e-17
L96_gamma2p0_g0p25_T1152,charge_density_wave,16,1.2916510007902205e-16
L96_gamma2p0_g0p25_T1152,charge_density_wave,17,1.396198444476378e-16
L96_gamma2p0_g0p25_T1152,charge_density_wave,18,1.5846876216425273e-16
L96_gamma2p0_g0p25_T1152,charge_density_wave,19,2.8644591032307433e-16
L96_gamma2p0_g0p25_T1152,charge_density_wave,20,3.188434838425229e-16
L96_gamma2p0_g0p25_T1152,charge_density_wave,21,1.1857181902996672e-13
L96_gamma2p0_g0p25_T1152,charge_density_wave,22,6.421079149830217e-08
L96_gamma2p0_g0p25_T1152,charge_density_wave,23,0.04387305606271632
L96_gamma2p0_g0p25_T1152,charge_density_wave,24,0.9999316754855044
L96_gamma2p0_g0p25_T1152,charge_density_wave,25,0.9999999990331381
L96_gamma2p0_g0p25_T1152,charge_density_wave,26,0.9999999999999856
L96_gamma2p0_g0p25_T1152,charge_density_wave,27,0.999999999999999
L96_gamma2p0_g0p25_T1152,charge_density_wave,28,0.9999999999999991
L96_gamma2p0_g0p25_T1152,charge_density_wave,29,0.9999999999999994
L96_gamma2p0_g0p25_T1152,charge_density_wave,30,0.9999999999999996
L96_gamma2p0_g0p25_T1152,charge_density_wave,31,0.9999999999999996
L96_gamma2p0_g0p25_T1152,charge_density_wave,32,0.9999999999999996
L96_gamma2p0_g0p25_T1152,charge_density_wave,33,0.9999999999999998
L96_gamma2p0_g0p25_T1152,charge_density_wave,34,0.9999999999999999
L96_gamma2p0_g0p25_T1152,charge_density_wave,35,1.0
L96_gamma2p0_g0p25_T1152,charge_density_wave,36,1.0000000000000002
L96_gamma2p0_g0p25_T1152,charge_density_wave,37,1.0000000000000002
L96_gamma2p0_g0p25_T1152,charge_density_wave,38,1.0000000000000002
L96_gamma2p0_g0p25_T1152,charge_density_wave,39,1.0000000000000004
L96_gamma2p0_g0p25_T1152,charge_density_wave,40,1.0000000000000004
L96_gamma2p0_g0p25_T1152,charge_density_wave,41,1.0000000000000004
L96_gamma2p0_g0p25_T1152,charge_density_wave,42,1.0000000000000007
L96_gamma2p0_g0p25_T1152,charge_density_wave,43,1.0000000000000007
L96_gamma2p0_g0p25_T1152,charge_density_wave,44,1.0000000000000009
L96_gamma2p0_g0p25_T1152,charge_density_wave,45,1.000000000000001
L96_gamma2p0_g0p25_T1152,charge_density_wave,46,1.000000000000001
L96_gamma2p0_g0p25_T1152,charge_density_wave,47,1.0000000000000013
L96_gamma2p0_g0p25_T1152,left,0,-4.3175251816277875e-16
L96_gamma2p0_g0p25_T1152,left,1,-4.068810526477231e-16
L96_gamma2p0_g0p25_T1152,left,2,-3.8255025548931166e-16
L96_gamma2p0_g0p25_T1152,left,3,-3.5890669671945847e-16
L96_gamma2p0_g0p25_T1152,left,4,-2.6149132101713713e-16
L96_gamma2p0_g0p25_T1152,left,5,-1.844177253402643e-16
L96_gamma2p0_g0p25_T1152,left,6,-1.2174336810612514e-16
L96_gamma2p0_g0p25_T1152,left,7,-7.196832726541253e-17
L96_gamma2p0_g0p25_T1152,left,8,-6.09097018735086e-17
L96_gamma2p0_g0p25_T1152,left,9,-4.236366603310263e-17
L96_gamma2p0_g0p25_T1152,left,10,-2.5172947053256394e-17
L96_gamma2p0_g0p25_T1152,left,11,1.9833956739733604e-17
L96_gamma2p0_g0p25_T1152,left,12,7.446659276025039e-17
L96_gamma2p0_g0p25_T1152,left,13,1.3917650914258998e-16
L96_gamma2p0_g0p25_T1152,left,14,1.417065467512889e-16
L96_gamma2p0_g0p25_T1152,left,15,1.5740844769062665e-16
L96_gamma2p0_g0p25_T1152,left,16,3.2379934176246946e-16
L96_gamma2p0_g0p25_T1152,left,17,3.9521412173244516e-16
L96_gamma2p0_g0p25_T1152,left,18,4.743489951937149e-16
L96_gamma2p0_g0p25_T1152,left,19,5.534363653055744e-16
L96_gamma2p0_g0p25_T1152,left,20,5.746146069912931e-16
L96_gamma2p0_g0p25_T1152,left,21,1.192379528447418e-13
L96_gamma2p0_g0p25_T1152,left,22,6.42107931270175e-08
L96_gamma2p0_g0p25_T1152,left,23,0.04387305606271612
L96_gamma2p0_g0p25_T1152,left,24,0.9999316754855057
L96_gamma2p0_g0p25_T1152,left,25,0.9999999990331376
L96_gamma2p0_g0p25_T1152,left,26,0.9999999999999866
L96_gamma2p0_g0p25_T1152,left,27,0.9999999999999986
L96_gamma2p0_g0p25_T1152,left,28,0.999999999999999
L96_gamma2p0_g0p25_T1152,left,29,0.999999999999999
L96_gamma2p0_g0p25_T1152,left,30,0.9999999999999992
L96_gamma2p0_g0p25_T1152,left,31,0.9999999999999994
L96_gamma2p0_g0p25_T1152,left,32,0.9999999999999994
L96_gamma2p0_g0p25_T1152,left,33,0.9999999999999994
L96_gamma2p0_g0p25_T1152,left,34,0.9999999999999997
L96_gamma2p0_g0p25_T1152,left,35,1.0
L96_gamma2p0_g0p25_T1152,left,36,1.0
L96_gamma2p0_g0p25_T1152,left,37,1.0000000000000002
L96_gamma2p0_g0p25_T1152,left,38,1.0000000000000002
L96_gamma2p0_g0p25_T1152,left,39,1.0000000000000002
L96_gamma2p0_g0p25_T1152,left,40,1.0000000000000002
L96_gamma2p0_g0p25_T1152,left,41,1.0000000000000002
L96_gamma2p0_g0p25_T1152,left,42,1.0000000000000002
L96_gamma2p0_g0p25_T1152,left,43,1.0000000000000004
L96_gamma2p0_g0p25_T1152,left,44,1.0000000000000004
L96_gamma2p0_g0p25_T1152,left,45,1.0000000000000004
L96_gamma2p0_g0p25_T1152,left,46,1.0000000000000007
L96_gamma2p0_g0p25_T1152,left,47,1.0000000000000009
L96_gamma2p0_g0p25_T1152,right,0,-2.776433592867644e-16
L96_gamma2p0_g0p25_T1152,right,1,-2.0052166773994338e-16
L96_gamma2p0_g0p25_T1152,right,2,-1.3096718029594166e-16
L96_gamma2p0_g0p25_T1152,right,3,-1.1901269022380634e-16
L96_gamma2p0_g0p25_T1152,right,4,-1.059161538843747e-16
L96_gamma2p0_g0p25_T1152,right,5,-6.524983632253713e-17
L96_gamma2p0_g0p25_T1152,right,6,-4.2414555748374204e-17
L96_gamma2p0_g0p25_T1152,right,7,-1.4283661638215173e-17
L96_gamma2p0_g0p25_T1152,right,8,1.0300972148209796e-17
L96_gamma2p0_g0p25_T1152,right,9,1.8251099405920602e-17
L96_gamma2p0_g0p25_T1152,right,10,3.727778762478028e-17
L96_gamma2p0_g0p25_T1152,right,11,5.553964833319793e-17
L96_gamma2p0_g0p25_T1152,right,12,1.136385333908781e-16
L96_gamma2p0_g0p25_T1152,right,13,1.4262433573294607e-16
L96_gamma2p0_g0p25_T1152,right,14,1.7494273316481708e-16
L96_gamma2p0_g0p25_T1152,right,15,1.818155356286037e-16
L96_gamma2p0_g0p25_T1152,right,16,2.316569445095985e-16
L96_gamma2p0_g0p25_T1152,right,17,2.3631758626544284e-16
L96_gamma2p0_g0p25_T1152,right,18,3.070139853229314e-16
L96_gamma2p0_g0p25_T1152,right,19,3.7947549199020843e-16
L96_gamma2p0_g0p25_T1152,right,20,4.1675149147327983e-16
L96_gamma2p0_g0p25_T1152,right,21,1.188350321578612e-13
L96_gamma2p0_g0p25_T1152,right,22,6.421079212781677e-08
L96_gamma2p0_g0p25_T1152,right,23,0.04387305606271603
L96_gamma2p0_g0p25_T1152,right,24,0.9999316754855039
L96_gamma2p0_g0p25_T1152,right,25,0.9999999990331381
L96_gamma2p0_g0p25_T1152,right,26,0.9999999999975273
L96_gamma2p0_g0p25_T1152,right,27,0.9999999999999862
L96_gamma2p0_g0p25_T1152,right,28,0.9999999999999983
L96_gamma2p0_g0p25_T1152,right,29,0.9999999999999989
L96_gamma2p0_g0p25_T1152,right,30,0.9999999999999989
L96_gamma2p0_g0p25_T1152,right,31,0.9999999999999994
L96_gamma2p0_g0p25_T1152,right,32,0.9999999999999997
L96_gamma2p0_g0p25_T1152,right,33,0.9999999999999998
L96_gamma2p0_g0p25_T1152,right,34,0.9999999999999998
L96_gamma2p0_g0p25_T1152,right,35,0.9999999999999999
L96_gamma2p0_g0p25_T1152,right,36,0.9999999999999999
L96_gamma2p0_g0p25_T1152,right,37,1.0
L96_gamma2p0_g0p25_T1152,right,38,1.0000000000000002
L96_gamma2p0_g0p25_T1152,right,39,1.0000000000000002
L96_gamma2p0_g0p25_T1152,right,40,1.0000000000000004
L96_gamma2p0_g0p25_T1152,right,41,1.0000000000000004
L96_gamma2p0_g0p25_T1152,right,42,1.0000000000000007
L96_gamma2p0_g0p25_T1152,right,43,1.0000000000000007
L96_gamma2p0_g0p25_T1152,right,44,1.0000000000000009
L96_gamma2p0_g0p25_T1152,right,45,1.000000000000001
L96_gamma2p0_g0p25_T1152,right,46,1.0000000000000016
L96_gamma2p0_g0p25_T1152,right,47,1.0000000000000018
L96_gamma2p0_g0p25_T960,charge_density_wave,0,-5.20939414200368e-16
L96_gamma2p0_g0p25_T960,charge_density_wave,1,-4.888162822984778e-16
L96_gamma2p0_g0p25_T960,charge_density_wave,2,-4.851954115455471e-16
L96_gamma2p0_g0p25_T960,charge_density_wave,3,-4.624903464622428e-16
L96_gamma2p0_g0p25_T960,charge_density_wave,4,-3.891879152973687e-16
L96_gamma2p0_g0p25_T960,charge_density_wave,5,-2.862119035150164e-16
L96_gamma2p0_g0p25_T960,charge_density_wave,6,-2.4903819133121927e-16
L96_gamma2p0_g0p25_T960,charge_density_wave,7,-1.8386290609218496e-16
L96_gamma2p0_g0p25_T960,charge_density_wave,8,-1.3612552049865697e-16
L96_gamma2p0_g0p25_T960,charge_density_wave,9,-7.262773515885912e-17
L96_gamma2p0_g0p25_T960,charge_density_wave,10,-3.0675227218221346e-17
L96_gamma2p0_g0p25_T960,charge_density_wave,11,2.947998869664875e-17
L96_gamma2p0_g0p25_T960,charge_density_wave,12,9.387889074400002e-17
L96_gamma2p0_g0p25_T960,charge_density_wave,13,1.680094132675605e-16
L96_gamma2p0_g0p25_T960,charge_density_wave,14,2.0323370632258588e-16
L96_gamma2p0_g0p25_T960,charge_density_wave,15,2.2275891791127637e-16
L96_gamma2p0_g0p25_T960,charge_density_wave,16,2.758527113138505e-16
L96_gamma2p0_g0p25_T960,charge_density_wave,17,3.439571795370063e-16
L96_gamma2p0_g0p25_T960,charge_density_wave,18,3.655667825355438e-16
L96_gamma2p0_g0p25_T960,charge_density_wave,19,5.544935584193915e-16
L96_gamma2p0_g0p25_T960,charge_density_wave,20,6.81243719129687e-16
L96_gamma2p0_g0p25_T960,charge_density_wave,21,1.1896218464613286e-13
L96_gamma2p0_g0p25_T960,charge_density_wave,22,6.421079326979876e-08
L96_gamma2p0_g0p25_T960,charge_density_wave,23,0.04387305606271584
L96_gamma2p0_g0p25_T960,charge_density_wave,24,0.9999316754855048
L96_gamma2p0_g0p25_T960,charge_density_wave,25,0.9999999990331376
L96_gamma2p0_g0p25_T960,charge_density_wave,26,0.9999999999999863
L96_gamma2p0_g0p25_T960,charge_density_wave,27,0.9999999999999986
L96_gamma2p0_g0p25_T960,charge_density_wave,28,0.9999999999999989
L96_gamma2p0_g0p25_T960,charge_density_wave,29,0.999999999999999
L96_gamma2p0_g0p25_T960,charge_density_wave,30,0.9999999999999991
L96_gamma2p0_g0p25_T960,charge_density_wave,31,0.9999999999999993
L96_gamma2p0_g0p25_T960,charge_density_wave,32,0.9999999999999996
L96_gamma2p0_g0p25_T960,charge_density_wave,33,0.9999999999999996
L96_gamma2p0_g0p25_T960,charge_density_wave,34,0.9999999999999996
L96_gamma2p0_g0p25_T960,charge_density_wave,35,0.9999999999999998
L96_gamma2p0_g0p25_T960,charge_density_wave,36,0.9999999999999998
L96_gamma2p0_g0p25_T960,charge_density_wave,37,0.9999999999999999
L96_gamma2p0_g0p25_T960,charge_density_wave,38,1.0
L96_gamma2p0_g0p25_T960,charge_density_wave,39,1.0
L96_gamma2p0_g0p25_T960,charge_density_wave,40,1.0000000000000004
L96_gamma2p0_g0p25_T960,charge_density_wave,41,1.0000000000000004
L96_gamma2p0_g0p25_T960,charge_density_wave,42,1.0000000000000004
L96_gamma2p0_g0p25_T960,charge_density_wave,43,1.0000000000000007
L96_gamma2p0_g0p25_T960,charge_density_wave,44,1.0000000000000007
L96_gamma2p0_g0p25_T960,charge_density_wave,45,1.0000000000000009
L96_gamma2p0_g0p25_T960,charge_density_wave,46,1.0000000000000009
L96_gamma2p0_g0p25_T960,charge_density_wave,47,1.000000000000001
L96_gamma2p0_g0p25_T960,left,0,-6.123661695502767e-16
L96_gamma2p0_g0p25_T960,left,1,-5.886151302197677e-16
L96_gamma2p0_g0p25_T960,left,2,-5.167076146350566e-16
L96_gamma2p0_g0p25_T960,left,3,-2.966835950106631e-16
L96_gamma2p0_g0p25_T960,left,4,-2.5389026752531905e-16
L96_gamma2p0_g0p25_T960,left,5,-2.3051373846781384e-16
L96_gamma2p0_g0p25_T960,left,6,-1.8153327434851046e-16
L96_gamma2p0_g0p25_T960,left,7,-1.3525898173531688e-16
L96_gamma2p0_g0p25_T960,left,8,-1.0184693884023895e-16
L96_gamma2p0_g0p25_T960,left,9,-5.200218919180842e-17
L96_gamma2p0_g0p25_T960,left,10,1.219657248730592e-18
L96_gamma2p0_g0p25_T960,left,11,3.5353638408071805e-17
L96_gamma2p0_g0p25_T960,left,12,1.1136162110537725e-16
L96_gamma2p0_g0p25_T960,left,13,1.8711144368789753e-16
L96_gamma2p0_g0p25_T960,left,14,2.1616121145870188e-16
L96_gamma2p0_g0p25_T960,left,15,2.63555334393696e-16
L96_gamma2p0_g0p25_T960,left,16,3.4854556606348816e-16
L96_gamma2p0_g0p25_T960,left,17,3.6301177326731715e-16
L96_gamma2p0_g0p25_T960,left,18,4.472638050252401e-16
L96_gamma2p0_g0p25_T960,left,19,5.243477793308651e-16
L96_gamma2p0_g0p25_T960,left,20,1.183494808626006e-13
L96_gamma2p0_g0p25_T960,left,21,1.0204283505779087e-08
L96_gamma2p0_g0p25_T960,left,22,6.421079228310155e-08
L96_gamma2p0_g0p25_T960,left,23,0.04387305606271453
L96_gamma2p0_g0p25_T960,left,24,0.9999316754855052
L96_gamma2p0_g0p25_T960,left,25,0.9999999990331374
L96_gamma2p0_g0p25_T960,left,26,0.9999999999999868
L96_gamma2p0_g0p25_T960,left,27,0.9999999999999993
L96_gamma2p0_g0p25_T960,left,28,0.9999999999999994
L96_gamma2p0_g0p25_T960,left,29,0.9999999999999994
L96_gamma2p0_g0p25_T960,left,30,0.9999999999999994
L96_gamma2p0_g0p25_T960,left,31,0.9999999999999996
L96_gamma2p0_g0p25_T960,left,32,0.9999999999999996
L96_gamma2p0_g0p25_T960,left,33,0.9999999999999996
L96_gamma2p0_g0p25_T960,left,34,0.9999999999999996
L96_gamma2p0_g0p25_T960,left,35,0.9999999999999998
L96_gamma2p0_g0p25_T960,left,36,1.0
L96_gamma2p0_g0p25_T960,left,37,1.0
L96_gamma2p0_g0p25_T960,left,38,1.0
L96_gamma2p0_g0p25_T960,left,39,1.0
L96_gamma2p0_g0p25_T960,left,40,1.0
L96_gamma2p0_g0p25_T960,left,41,1.0000000000000004
L96_gamma2p0_g0p25_T960,left,42,1.0000000000000004
L96_gamma2p0_g0p25_T960,left,43,1.0000000000000007
L96_gamma2p0_g0p25_T960,left,44,1.0000000000000007
L96_gamma2p0_g0p25_T960,left,45,1.0000000000000007
L96_gamma2p0_g0p25_T960,left,46,1.0000000000000009
L96_gamma2p0_g0p25_T960,left,47,1.0000000000000009
L96_gamma2p0_g0p25_T960,right,0,-7.495385613670796e-16
L96_gamma2p0_g0p25_T960,right,1,-6.24060470375336e-16
L96_gamma2p0_g0p25_T960,right,2,-5.758146813590664e-16
L96_gamma2p0_g0p25_T960,right,3,-5.01664954668913e-16
L96_gamma2p0_g0p25_T960,right,4,-4.4347000337551425e-16
L96_gamma2p0_g0p25_T960,right,5,-2.695181956329492e-16
L96_gamma2p0_g0p25_T960,right,6,-2.385831641173873e-16
L96_gamma2p0_g0p25_T960,right,7,-2.0286950055052891e-16
L96_gamma2p0_g0p25_T960,right,8,-1.1910839384725003e-16
L96_gamma2p0_g0p25_T960,right,9,-1.0225455496254736e-16
L96_gamma2p0_g0p25_T960,right,10,-8.524758413855044e-17
L96_gamma2p0_g0p25_T960,right,11,-5.752608908283354e-17
L96_gamma2p0_g0p25_T960,right,12,5.928069232575332e-19
L96_gamma2p0_g0p25_T960,right,13,6.994522630605742e-17
L96_gamma2p0_g0p25_T960,right,14,1.0444562667234425e-16
L96_gamma2p0_g0p25_T960,right,15,1.6952765487297754e-16
L96_gamma2p0_g0p25_T960,right,16,2.316576814998357e-16
L96_gamma2p0_g0p25_T960,right,17,2.81811468065943e-16
L96_gamma2p0_g0p25_T960,right,18,3.584903793697185e-16
L96_gamma2p0_g0p25_T960,right,19,4.214149417642839e-16
L96_gamma2p0_g0p25_T960,right,20,5.425625167866405e-16
L96_gamma2p0_g0p25_T960,right,21,1.1803737109795216e-13
L96_gamma2p0_g0p25_T960,right,22,1.0641406592709622e-11
L96_gamma2p0_g0p25_T960,right,23,6.421079226096126e-08
L96_gamma2p0_g0p25_T960,right,24,0.025745995824328786
L96_gamma2p0_g0p25_T960,right,25,0.04387305606271576
L96_gamma2p0_g0p25_T960,right,26,0.9999316754855058
L96_gamma2p0_g0p25_T960,right,27,0.999999754201108
L96_gamma2p0_g0p25_T960,right,28,0.9999999990331375
L96_gamma2p0_g0p25_T960,right,29,0.9999999999999866
L96_gamma2p0_g0p25_T960,right,30,0.9999999999999915
L96_gamma2p0_g0p25_T960,right,31,0.9999999999999992
L96_gamma2p0_g0p25_T960,right,32,0.9999999999999993
L96_gamma2p0_g0p25_T960,right,33,0.9999999999999994
L96_gamma2p0_g0p25_T960,right,34,0.9999999999999994
L96_gamma2p0_g0p25_T960,right,35,0.9999999999999997
L96_gamma2p0_g0p25_T960,right,36,0.9999999999999997
L96_gamma2p0_g0p25_T960,right,37,0.9999999999999999
L96_gamma2p0_g0p25_T960,right,38,1.0
L96_gamma2p0_g0p25_T960,right,39,1.0
L96_gamma2p0_g0p25_T960,right,40,1.0000000000000002
L96_gamma2p0_g0p25_T960,right,41,1.0000000000000002
L96_gamma2p0_g0p25_T960,right,42,1.0000000000000002
L96_gamma2p0_g0p25_T960,right,43,1.0000000000000004
L96_gamma2p0_g0p25_T960,right,44,1.0000000000000007
L96_gamma2p0_g0p25_T960,right,45,1.0000000000000007
L96_gamma2p0_g0p25_T960,right,46,1.0000000000000009
L96_gamma2p0_g0p25_T960,right,47,1.0000000000000009
