key,length,gamma,skin_mode,skin_value,family_key,case_id,group,t1,t2,boundary,skin,physical_time,time_fraction,dt,steps,initials,pairs,target_initials,role,digits,initial,rank,kappa,distance_to_G,projector_remainder,directional_remainder,transverse_remainder,column_residual_fro,small_core_smin,small_core_order,small_core_reconstruction_residual,entropy,output_to_G_bound,entropy_budget,rank1_distance_candidate,distance_lower,distance_upper,entropy_error_lower,entropy_error_upper,time_context_seconds,rank_search_seconds,entropy_seconds,prediction_precision_change,rank_target_passed,guaranteed_selected,guaranteed_unselected,rank2_rank,rank2_kappa,rank2_distance_to_G,rank2_projector_remainder,rank2_directional_remainder,rank2_transverse_remainder,rank2_column_residual_fro,rank2_small_core_smin,rank2_small_core_order,rank2_small_core_reconstruction_residual,rank2_distance_candidate,rank2_kappa_candidate,rank2_det_h,rank2_gram_trace,rank2_gram_determinant,rank2_diagonal_h_candidate,rank2_no_gram_mixing_candidate,rank2_entropy,rank2_output_to_G_bound,rank2_entropy_budget,rank2_distance_lower,rank2_distance_upper,rank2_entropy_error_lower,rank2_entropy_error_upper,rank2_precision_change,rank2_target_passed,rank2_guaranteed_selected,rank2_guaranteed_unselected,reference_dps,distance_to_W,alpha,ratio,W_entropy,entropy_error,controlled,reference_qr_seconds,reference_entropy_seconds,projector_selected_actual,entropy_selected_actual,wrong_guarantee,rank2_wrong_guarantee,rank1_misclassified,rank2_misclassified,rank1_distance_abs_error,rank2_distance_abs_error
L128_gL0,128,2.0,gL,0,L128_gL0,L128_gL0_edge_t66p465,edge,0.5,1.0,open,0.0,66.465,0.5192578125,0.005,13293,"['charge_density_wave', 'left', 'right']","[['charge_density_wave', 'left'], ['charge_density_wave', 'right'], ['left', 'right']]",['left'],new_time_validation,"[200, 240, 280, 320]",charge_density_wave,0.0,0.0,0.0,1.82765195942343e-77,2.7582799908835168e-77,1.82765195942343e-77,2.7582799908835168e-77,1.0,0.0,0.0,0.25494570375163744,6.063613682070603e-77,8.927837213080772e-73,1.197866822168095e-77,0.0,7.891265641494033e-77,0.0,8.927837213080772e-73,1.0094408001750708,0.863581221550703,0.6541197206825018,2.8785440641117207e-197,True,True,False,2.0,1.197866822168095e-77,1.197866822168095e-77,9.505159193722196e-78,1.4306155669956117e-77,9.505159193722196e-78,1.4306155669956117e-77,1.0,4.0,2.635622229858638e-279,1.197866822168095e-77,1.197866822168095e-77,1.0,2.4368311718042873e-154,1.4376775657837965e-308,1.197866822168095e-77,1.197866822168095e-77,0.25494570375163744,6.063613682070603e-77,7.934287435185195e-73,0.0,8.211996423610917e-77,0.0,7.934293007674562e-73,2.129843250690669e-197,True,True,False,240,7.925842445673279e-78,0.9114996090624377,1.7564760009554823e-77,0.25494570375163744,7.101626792355772e-79,True,2.3435756750404835,0.6635642275214195,True,True,False,False,False,False,4.05282577600767e-78,4.05282577600767e-78
L128_gL0,128,2.0,gL,0,L128_gL0,L128_gL0_edge_t66p465,edge,0.5,1.0,open,0.0,66.465,0.5192578125,0.005,13293,"['charge_density_wave', 'left', 'right']","[['charge_density_wave', 'left'], ['charge_density_wave', 'right'], ['left', 'right']]",['left'],new_time_validation,"[200, 240, 280, 320]",left,4.0,0.05508291896743023,0.054999544334178016,1.3045558650349724e-08,1.9555203890638032e-08,1.3045558650349724e-08,1.898155725066596e-08,0.9706652692971051,8.0,1.8295801621144304e-241,0.27551339486144677,6.063613682070603e-77,1.599265937934864e-05,0.05337827821978649,0.05499953128861937,0.05499955737973667,0.020551690522711503,0.020583675841470202,0.9254914224147797,4.21215327270329,0.6484425123780966,9.239401575489049e-119,True,False,True,2.0,0.05504259168739975,0.054959399764375756,4.1636475693805526e-05,6.233893827692542e-05,4.1636475693805526e-05,6.051152903580091e-05,0.9706859100967248,4.0,3.1716559261529893e-241,0.054959399764375756,0.05504259168739975,1.0,0.0030296869011822007,4.594195464649348e-15,0.054959399764375756,0.05337827821978649,0.27548779058944267,6.063613682070603e-77,0.029542613423935084,0.05491776328868195,0.05500103624006956,0.0,0.05008470026174028,9.278819273103217e-119,False,False,True,240,0.05499955676479683,5.864848740924158e-87,1.7564760009554823e-77,0.25494570375163744,0.020567691109809317,False,2.358600977808237,0.6900630388408899,False,True,False,False,False,False,0.0016212785450103392,4.01570004210719e-05
L128_gL0,128,2.0,gL,0,L128_gL0,L128_gL0_edge_t66p465,edge,0.5,1.0,open,0.0,66.465,0.5192578125,0.005,13293,"['charge_density_wave', 'left', 'right']","[['charge_density_wave', 'left'], ['charge_density_wave', 'right'], ['left', 'right']]",['left'],new_time_validation,"[200, 240, 280, 320]",right,4.0,0.2785871357909978,0.2683676061137674,1.5214529450522384e-07,2.3619028839520174e-07,1.5214529450522384e-07,2.0668294359963734e-07,0.8750696102026359,8.0,3.968547718722032e-241,0.5137818626559536,6.063613682070603e-77,0.00016259760137437757,0.2585974516058682,0.2683674539684729,0.2683677582590619,0.2586733941116251,0.25899858931437386,0.9479361046105623,4.204789627343416,0.6530756652355194,6.923814047166522e-113,True,False,True,2.0,0.2782756776503813,0.268089148417316,0.0003441811257063839,0.0005336107833705722,0.0003441811257063839,0.00046700506051027116,0.8751792037642426,4.0,3.7861729781612054e-241,0.268089148417316,0.2782756776503813,1.0,0.07743735281173515,3.0941051391456367e-12,0.268089148417316,0.2585974516058682,0.5133997042601012,6.063613682070603e-77,0.19767936452931412,0.2677449672916096,0.2684333295430224,0.06077463597914961,0.45613336503777785,7.066880629767728e-113,False,False,True,240,0.26836772797985786,4.0192735618105275e-91,1.7564760009554823e-77,0.25494570375163744,0.2588361589043161,False,2.367012679576874,0.7145241796970367,False,False,False,False,False,False,0.00977027637398964,0.00027857956254184746
L128_gL0,128,2.0,gL,0,L128_gL0,L128_gL0_edge_t66p485,edge,0.5,1.0,open,0.0,66.485,0.5194140625,0.005,13297,"['charge_density_wave', 'left', 'right']","[['charge_density_wave', 'left'], ['charge_density_wave', 'right'], ['left', 'right']]",['left'],new_time_validation,"[200, 240, 280, 320]",charge_density_wave,0.0,0.0,0.0,1.73329335124682e-77,2.615875834532302e-77,1.73329335124682e-77,2.615875834532302e-77,1.0,0.0,0.0,0.25494570375163744,5.750995058887742e-77,8.469936275706155e-73,1.136109016289086e-77,0.0,7.484288410134561e-77,0.0,8.469936275706155e-73,1.025084936991334,0.8962945472449064,0.660735109820962,2.8785440641117207e-197,True,True,False,2.0,1.136109016289086e-77,1.136109016289086e-77,9.013121592878244e-78,1.3565600796381836e-77,9.013121592878244e-78,1.3565600796381836e-77,1.0,4.0,2.3453519084884526e-279,1.136109016289086e-77,1.136109016289086e-77,1.0,2.1919422329963516e-154,1.163216330124462e-308,1.136109016289086e-77,1.136109016289086e-77,0.25494570375163744,5.750995058887742e-77,7.52725175304287e-73,0.0,7.788416234464653e-77,0.0,7.527257038234593e-73,6.9056800283281e-198,True,True,False,240,7.517213848462819e-78,0.9114996090624377,1.6659182679165049e-77,0.25494570375163744,6.734598501121117e-79,True,2.321106918156147,0.6791882663965225,True,True,False,False,False,False,3.8438763144280406e-78,3.8438763144280406e-78
L128_gL0,128,2.0,gL,0,L128_gL0,L128_gL0_edge_t66p485,edge,0.5,1.0,open,0.0,66.485,0.5194140625,0.005,13297,"['charge_density_wave', 'left', 'right']","[['charge_density_wave', 'left'], ['charge_density_wave', 'right'], ['left', 'right']]",['left'],new_time_validation,"[200, 240, 280, 320]",left,4.0,0.052209489574525494,0.05213847759915593,1.2349688218866275e-08,1.8509363126859794e-08,1.2349688218866275e-08,1.7993613318121462e-08,0.9721357344818686,8.0,2.3583065135932946e-241,0.27372005972982966,5.750995058887742e-77,1.5182912205718497e-05,0.050601051036296085,0.05213846524946771,0.052138489948844145,0.01875916580674442,0.018789531631155855,0.9404568988829851,4.277733910828829,0.6540019307285547,8.761220276977015e-119,True,False,True,2.0,0.0521712636162631,0.05210040729264607,3.9413063115483573e-05,5.9001431007824964e-05,3.9413063115483573e-05,5.735855895069486e-05,0.972155386249662,4.0,1.060414186759461e-241,0.05210040729264607,0.0521712636162631,1.0,0.0027218407486775884,3.701623738728459e-15,0.05210040729264607,0.050601051036296085,0.27369661618830665,5.750995058887742e-77,0.028103452590969726,0.05206099422953059,0.052139820355761556,0.0,0.04685436502763891,8.794777207292813e-119,False,False,True,240,0.05213848938833477,5.864848740924158e-87,1.6659182679165049e-77,0.25494570375163744,0.018774355978192197,False,2.3795206267386675,0.6701058633625507,False,True,False,False,False,False,0.001537438352038685,3.80820956887018e-05
L128_gL0,128,2.0,gL,0,L128_gL0,L128_gL0_edge_t66p485,edge,0.5,1.0,open,0.0,66.485,0.5194140625,0.005,13297,"['charge_density_wave', 'left', 'right']","[['charge_density_wave', 'left'], ['charge_density_wave', 'right'], ['left', 'right']]",['left'],new_time_validation,"[200, 240, 280, 320]",right,4.0,0.26405090506735784,0.25530070722788345,1.4389681848985793e-07,2.225787828533885e-07,1.4389681848985793e-07,1.9592181998526645e-07,0.8802358314373528,8.0,4.3922801804714085e-241,0.4959304826059949,5.750995058887742e-77,0.0001542957857939105,0.245941196547069,0.255300563331065,0.25530085112470197,0.2408303242351359,0.2411389158067237,0.9346427153795958,4.232452493160963,0.663413729518652,6.576866212134494e-113,True,False,True,2.0,0.2637556812082145,0.25503384200375734,0.0003255044473981782,0.0005028317149575201,0.0003255044473981782,0.0004426641017275517,0.8803424457125751,4.0,2.1506903248425638e-241,0.25503384200375734,0.2637556812082145,1.0,0.06956705940544154,2.492744042523469e-12,0.25503384200375734,0.245941196547069,0.49556746491563813,5.750995058887742e-77,0.18811493992094497,0.2547083375563592,0.25535934645115554,0.052506821243055696,0.42873670108494566,6.723286013543628e-113,False,False,True,240,0.25530082402986676,4.0192735618105275e-91,1.6659182679165049e-77,0.25494570375163744,0.24098477885435748,False,2.374558797106147,0.6810212600976229,False,False,False,False,False,False,0.009359627482797755,0.0002669820261094191
L128_gL0,128,2.0,gL,0,L128_gL0,L128_gL0_edge_t66p505,edge,0.5,1.0,open,0.0,66.505,0.5195703125,0.005,13301,"['charge_density_wave', 'left', 'right']","[['charge_density_wave', 'left'], ['charge_density_wave', 'right'], ['left', 'right']]",['left'],new_time_validation,"[200, 240, 280, 320]",charge_density_wave,0.0,0.0,0.0,1.6438063607879123e-77,2.4808237643162463e-77,1.6438063607879123e-77,2.4808237643162463e-77,1.0,0.0,0.0,0.25494570375163744,5.4544939538524706e-77,8.035520009958223e-73,1.0775352259587221e-77,0.0,7.098300314640383e-77,0.0,8.035520009958223e-73,0.9673211351037025,0.9409880042076111,0.6536969169974327,2.8785440641117207e-197,True,True,False,2.0,1.0775352259587221e-77,1.0775352259587221e-77,8.546554740316726e-78,1.2863380970404448e-77,8.546554740316726e-78,1.2863380970404448e-77,1.0,4.0,2.0359292340792955e-279,1.0775352259587221e-77,1.0775352259587221e-77,1.0,1.9716633724744972e-154,9.411513839200445e-309,1.0775352259587221e-77,1.0775352259587221e-77,0.25494570375163744,5.4544939538524706e-77,7.141096777805213e-73,0.0,7.386684653842865e-77,0.0,7.141101790511334e-73,1.4932279138541168e-197,True,True,False,240,7.129652706428603e-78,0.9114996090624377,1.5800293735116435e-77,0.25494570375163744,6.3865393600649e-79,True,2.2830776553601027,0.6751938946545124,True,True,False,False,False,False,3.6456995531586185e-78,3.6456995531586185e-78
L128_gL0,128,2.0,gL,0,L128_gL0,L128_gL0_edge_t66p505,edge,0.5,1.0,open,0.0,66.505,0.5195703125,0.005,13301,"['charge_density_wave', 'left', 'right']","[['charge_density_wave', 'left'], ['charge_density_wave', 'right'], ['left', 'right']]",['left'],new_time_validation,"[200, 240, 280, 320]",left,4.0,0.04948596844642394,0.04942548737519257,1.1691635447348908e-08,1.7520771298021523e-08,1.1691635447348908e-08,1.7057092694316104e-08,0.9735354913423372,8.0,1.9580545042549018e-241,0.2720784883203138,5.4544939538524706e-77,1.4414864018962708e-05,0.04796763058900474,0.049425475683557124,0.04942549906682801,0.017118363060125114,0.01714719278816304,0.9295018725097179,4.1962501015514135,0.6480872798711061,8.307423687443204e-119,True,True,False,2.0,0.049449734308446805,0.049389385832667734,3.73106126904538e-05,5.584680157405595e-05,3.73106126904538e-05,5.436988805994351e-05,0.9735541969730537,4.0,2.4074282227019994e-241,0.049389385832667734,0.049449734308446805,1.0,0.0024452762243956667,2.9824686931684748e-15,0.049389385832667734,0.04796763058900474,0.27205703155944483,5.4544939538524706e-77,0.026735206889594607,0.04935207521997728,0.049426696445358194,0.0,0.043846534697402,8.335988262664721e-119,False,True,False,240,0.04942549855551021,5.864848740924158e-87,1.5800293735116435e-77,0.25494570375163744,0.0171327845686763,True,2.290269523859024,0.6702007595449686,True,True,False,False,False,False,0.0014578679665054745,3.6112722842478184e-05
L128_gL0,128,2.0,gL,0,L128_gL0,L128_gL0_edge_t66p505,edge,0.5,1.0,open,0.0,66.505,0.5195703125,0.005,13301,"['charge_density_wave', 'left', 'right']","[['charge_density_wave', 'left'], ['charge_density_wave', 'right'], ['left', 'right']]",['left'],new_time_validation,"[200, 240, 280, 320]",right,4.0,0.2502732270187991,0.24278507781291997,1.3607550087619263e-07,2.0979316223065547e-07,1.3607550087619263e-07,1.8572102122602073e-07,0.8852577426800554,8.0,5.042421169866307e-241,0.4789994613458965,5.4544939538524706e-77,0.00014639595354450457,0.2338280451678215,0.2427849417374191,0.24278521388842086,0.22390721120257362,0.22420000310966262,1.0071870796382427,4.206985956057906,0.6582470703870058,6.228456330165445e-113,True,False,True,2.0,0.2499933911839746,0.24252959067562074,0.0003077954451142888,0.000473921700006168,0.0003077954451142888,0.00041959193253914023,0.8853613002605268,4.0,3.582459126515933e-241,0.24252959067562074,0.2499933911839746,1.0,0.0624966956677977,2.008265658643934e-12,0.24252959067562074,0.2338280451678215,0.47865566501928647,5.4544939538524706e-77,0.17898273066239165,0.24222179523050646,0.24283738612073502,0.04472723060525734,0.40269269193004065,6.37558310105485e-113,False,False,True,240,0.24278518964370835,4.0192735618105275e-91,1.5800293735116435e-77,0.25494570375163744,0.22405375759425905,False,2.2964133601635695,0.7060158848762512,False,False,False,False,False,False,0.008957144475886858,0.00025559896808760585
L128_gL0,128,2.0,gL,0,L128_gL0,L128_gL0_edge_t66p525,edge,0.5,1.0,open,0.0,66.525,0.5197265625,0.005,13305,"['charge_density_wave', 'left', 'right']","[['charge_density_wave', 'left'], ['charge_density_wave', 'right'], ['left', 'right']]",['left'],new_time_validation,"[200, 240, 280, 320]",charge_density_wave,0.0,0.0,0.0,1.5589394703420132e-77,2.352744201257774e-77,1.5589394703420132e-77,2.352744201257774e-77,1.0,0.0,0.0,0.25494570375163744,5.173279404341408e-77,7.62338397629503e-73,1.0219812945190762e-77,0.0,6.732218874683421e-77,0.0,7.62338397629503e-73,1.015041671693325,0.8839126825332642,0.6563101876527071,2.8785440641117207e-197,True,True,False,2.0,1.0219812945190762e-77,1.0219812945190762e-77,8.104140107059562e-78,1.2197511746039873e-77,8.104140107059562e-78,1.2197511746039873e-77,1.0,4.0,2.4266644172894665e-279,1.0219812945190762e-77,1.0219812945190762e-77,1.0,1.773521403441723e-154,7.614799625103606e-309,1.0219812945190762e-77,1.0219812945190762e-77,0.25494570375163744,5.173279404341408e-77,6.774751370202681e-73,0.0,7.00567470956644e-77,0.0,6.774756124471585e-73,1.161058144588287e-197,True,True,False,240,6.762072855580559e-78,0.9114996090624377,1.4985686088200817e-77,0.25494570375163744,6.056468970056263e-79,True,2.2266789488494396,0.6567658465355635,True,True,False,False,False,False,3.457740089610203e-78,3.457740089610203e-78
L128_gL0,128,2.0,gL,0,L128_gL0,L128_gL0_edge_t66p525,edge,0.5,1.0,open,0.0,66.525,0.5197265625,0.005,13305,"['charge_density_wave', 'left', 'right']","[['charge_density_wave', 'left'], ['charge_density_wave', 'right'], ['left', 'right']]",['left'],new_time_validation,"[200, 240, 280, 320]",left,4.0,0.0469045340348164,0.04685302319788742,1.1069287196642615e-08,1.658616833032595e-08,1.1069287196642615e-08,1.616931858287062e-08,0.974867628306101,8.0,1.3112146941512319e-241,0.27057641159013407,5.173279404341408e-77,1.3686308604196634e-05,0.04547067405983777,0.04685301212860023,0.04685303426717462,0.01561701545028676,0.015644388067495154,0.9358611982315779,4.252705499529839,0.6505076847970486,7.876822520652765e-119,True,True,False,2.0,0.04687018792229807,0.04681879003593468,3.5322358982978555e-05,5.2864626564427716e-05,3.5322358982978555e-05,5.153695416386614e-05,0.9748854293155084,4.0,1.0892656609423663e-241,0.04681879003593468,0.04687018792229807,1.0,0.002196814516965409,2.4030363144420083e-15,0.04681879003593468,0.04547067405983777,0.27055678056200083,5.173279404341408e-77,0.025434306503328622,0.0467834676769517,0.04685411239491766,0.0,0.04104538331369198,7.901134822086777e-119,False,True,False,240,0.046853033800345424,5.864848740924158e-87,1.4985686088200817e-77,0.25494570375163744,0.01563070783849663,True,2.2267358358949423,0.6546891070902348,True,True,False,False,False,False,0.0013823597405076549,3.424376441074628e-05
L128_gL0,128,2.0,gL,0,L128_gL0,L128_gL0_edge_t66p525,edge,0.5,1.0,open,0.0,66.525,0.5197265625,0.005,13305,"['charge_density_wave', 'left', 'right']","[['charge_density_wave', 'left'], ['charge_density_wave', 'right'], ['left', 'right']]",['left'],new_time_validation,"[200, 240, 280, 320]",right,4.0,0.23721451364611562,0.23080947623493828,1.286643891774065e-07,1.9778116686915944e-07,1.286643891774065e-07,1.7605136957045383e-07,0.8901321210574069,8.0,5.421082743658456e-241,0.4629877740075426,5.173279404341408e-77,0.00013888391045907734,0.2222455256241586,0.2308093475705491,0.23080960489932745,0.20790304425337905,0.2081808120742972,0.9303074516355991,4.226634956896305,0.6603982616215944,5.882170716776046e-113,True,False,True,2.0,0.23694926369566602,0.23056511560294923,0.00029101577330654314,0.00044676237028428535,0.00029101577330654314,0.00039772241085942915,0.8902325650352985,4.0,2.572815349281179e-241,0.23056511560294923,0.23694926369566602,1.0,0.05614495359473567,1.61795147047937e-12,0.23056511560294923,0.2222455256241586,0.46266308200766415,5.173279404341408e-77,0.1702696051974937,0.2302740998296427,0.2308561313762558,0.03744777305853297,0.3779869834535204,6.027900674057861e-113,False,False,True,240,0.23080958320377293,4.0192735618105275e-91,1.4985686088200817e-77,0.25494570375163744,0.20804207025590513,False,2.2347223479300737,0.6942781582474709,False,False,False,False,False,False,0.008564057579614315,0.00024446760082369456
L128_gL0,128,2.0,gL,0,L128_gL0,L128_gL0_edge_t66p545,edge,0.5,1.0,open,0.0,66.545,0.5198828125,0.005,13309,"['charge_density_wave', 'left', 'right']","[['charge_density_wave', 'left'], ['charge_density_wave', 'right'], ['left', 'right']]",['left'],new_time_validation,"[200, 240, 280, 320]",charge_density_wave,0.0,0.0,0.0,1.4784541479726147e-77,2.231277163731626e-77,1.4784541479726147e-77,2.231277163731626e-77,1.0,0.0,0.0,0.25494570375163744,4.906563289245303e-77,7.232385504510642e-73,9.692915286529084e-78,0.0,6.3850174372179175e-77,0.0,7.232385504510642e-73,1.0098280012607574,0.8682166244834661,0.6592823788523674,2.8785440641117207e-197,True,True,False,2.0,9.692915286529084e-78,9.692915286529084e-78,7.684627420353973e-78,1.156611140489865e-77,7.684627420353973e-78,1.156611140489865e-77,1.0,4.0,3.025932276633828e-279,9.692915286529084e-78,9.692915286529084e-78,1.0,1.5952916817608686e-154,6.16108888763045e-309,9.692915286529084e-78,9.692915286529084e-78,0.25494570375163744,4.906563289245303e-77,6.427199336775773e-73,0.0,6.644317559933608e-77,0.0,6.427203845931558e-73,1.56994401095455e-197,True,True,False,240,6.413444130728827e-78,0.9114996090624377,1.4213076750274767e-77,0.25494570375163744,5.743457603579097e-79,True,2.39646072499454,0.7177461069077253,True,True,False,False,False,False,3.2794711558002576e-78,3.2794711558002576e-78
L128_gL0,128,2.0,gL,0,L128_gL0,L128_gL0_edge_t66p545,edge,0.5,1.0,open,0.0,66.545,0.5198828125,0.005,13309,"['charge_density_wave', 'left', 'right']","[['charge_density_wave', 'left'], ['charge_density_wave', 'right'], ['left', 'right']]",['left'],new_time_validation,"[200, 240, 280, 320]",left,4.0,0.044457772925278416,0.04441390269525957,1.0480652333637126e-08,1.570249141571696e-08,1.0480652333637126e-08,1.5327753534720012e-08,0.9761351322490222,8.0,3.4678529225200084e-241,0.2692024772002986,4.906563289245303e-77,1.29951603191747e-05,0.04310319809910326,0.04441389221460724,0.04441391317591191,0.014243772727615553,0.014269763048253902,0.9321311116218567,4.230553960427642,0.6527983341366053,7.468277344108664e-119,True,True,False,2.0,0.04442521645262328,0.04438144243585621,3.344192744273237e-05,5.0045113735569234e-05,3.344192744273237e-05,4.8851641304416916e-05,0.9761520687622283,4.0,1.2280992761244725e-241,0.04438144243585621,0.04442521645262328,1.0,0.00197359985784347,1.9361793849920293e-15,0.04438144243585621,0.04310319809910326,0.2691845229563328,4.906563289245303e-77,0.024197366037455658,0.04434800050841348,0.04441488436329895,0.0,0.03843618524215094,7.488968023742028e-119,False,True,False,240,0.04441391274934699,5.864848740924158e-87,1.4213076750274767e-77,0.25494570375163744,0.01425677344866117,True,2.395135335624218,0.7066605389118195,True,True,False,False,False,False,0.0013107146502437245,3.247031349077473e-05
L128_gL0,128,2.0,gL,0,L128_gL0,L128_gL0_edge_t66p545,edge,0.5,1.0,open,0.0,66.545,0.5198828125,0.005,13309,"['charge_density_wave', 'left', 'right']","[['charge_density_wave', 'left'], ['charge_density_wave', 'right'], ['left', 'right']]",['left'],new_time_validation,"[200, 240, 280, 320]",right,4.0,0.22483724321469584,0.21936105136652057,1.2164620928287273e-07,1.8649378053138395e-07,1.2164620928287273e-07,1.66885206742985e-07,0.8948566878073494,8.0,2.83024062398885e-241,0.4478857057321273,4.906563289245303e-77,0.0001317449768153774,0.2111798007500122,0.21936092972031127,0.21936117301272984,0.19280812313610204,0.1930716130897328,0.9247071612626314,4.280853670090437,0.6582650803029537,5.541004217802704e-113,True,False,True,2.0,0.2245858188257669,0.21912753557906173,0.0002751263345628341,0.0004212427133169946,0.0002751263345628341,0.0003769928428869063,0.8949539801373626,4.0,2.1588351777066736e-241,0.21912753557906173,0.2245858188257669,1.0,0.05043879004348338,1.3034989142834624e-12,0.21912753557906173,0.2111798007500122,0.44757983591988165,4.906563289245303e-77,0.16196168038473485,0.2188524092444989,0.21940266191362456,0.03067245178350933,0.35459581255297906,5.683694946569453e-113,False,False,True,240,0.21936115359585864,4.0192735618105275e-91,1.4213076750274767e-77,0.25494570375163744,0.19294000198048988,False,2.416171522811055,0.7206041142344475,False,False,False,False,False,False,0.008181352845846451,0.00023361801679691596
L128_gL0,128,2.0,gL,0,L128_gL0,L128_gL0_edge_t67p065,edge,0.5,1.0,open,0.0,67.065,0.5239453125,0.005,13413,"['charge_density_wave', 'left', 'right']","[['charge_density_wave', 'left'], ['charge_density_wave', 'right'], ['left', 'right']]",['right'],new_time_validation,"[200, 240, 280, 320]",charge_density_wave,0.0,0.0,0.0,3.726107768105919e-78,5.623494538266921e-78,3.726107768105919e-78,5.623494538266921e-78,1.0,0.0,0.0,0.25494570375163744,1.239012337701859e-77,1.839700380920282e-73,2.447668749047306e-78,0.0,1.611623114512451e-77,0.0,1.839700380920282e-73,0.9653062149882317,0.9319326672703028,0.6572957392781973,2.8785440641117207e-197,True,True,False,2.0,2.447668749047306e-78,2.447668749047306e-78,1.92947994540151e-78,2.9040981416682573e-78,1.92947994540151e-78,2.9040981416682573e-78,1.0,4.0,8.91396658935447e-280,2.447668749047306e-78,2.447668749047306e-78,1.0,1.0160986239832655e-155,2.498223767741e-311,2.447668749047306e-78,2.447668749047306e-78,0.25494570375163744,1.239012337701859e-77,1.6343622118031763e-73,0.0,1.6767272071467407e-77,0.0,1.634363350463488e-73,2.124959091399081e-197,True,True,False,240,1.6195320301996648e-78,0.9114996090624377,3.589106348407578e-78,0.25494570375163744,1.4453808361166573e-79,True,2.4069347009062767,0.7140639908611774,True,True,False,False,False,False,8.281367188476412e-79,8.281367188476412e-79
L128_gL0,128,2.0,gL,0,L128_gL0,L128_gL0_edge_t67p065,edge,0.5,1.0,open,0.0,67.065,0.5239453125,0.005,13413,"['charge_density_wave', 'left', 'right']","[['charge_density_wave', 'left'], ['charge_density_wave', 'right'], ['left', 'right']]",['right'],new_time_validation,"[200, 240, 280, 320]",left,2.0,0.011033861098664432,0.011033189495260335,8.17702645738961e-06,1.222730021601818e-05,8.17702645738961e-06,1.2153054764549051e-05,0.9939278949434918,4.0,4.154181895892861e-242,0.2561662876288536,1.239012337701859e-77,0.00665370681993318,0.010714614815826334,0.011025012468802945,0.011041366521717725,0.0,0.007872679183007967,0.9346093572676182,2.997498631477356,0.6512268893420696,1.8597130544483742e-119,True,True,False,2.0,0.011033861098664432,0.011033189495260335,8.17702645738961e-06,1.222730021601818e-05,8.17702645738961e-06,1.2153054764549051e-05,0.9939278949434918,4.0,4.154181895892861e-242,0.011033189495260335,0.011033861098664432,1.0,0.00012174609080250872,7.04769349685399e-18,0.011033189495260335,0.010714614815826334,0.2561646761147122,1.239012337701859e-77,0.00665370681993318,0.011025012468802945,0.011041366521717725,0.0,0.007872679183007967,1.859990978349518e-119,True,True,False,240,0.011041289437989687,5.864848740924158e-87,3.589106348407578e-78,0.25494570375163744,0.0012205838772161382,True,2.430237978696823,0.713220989331603,True,True,False,False,False,False,0.00032667462216335284,8.099942729352175e-06
L128_gL0,128,2.0,gL,0,L128_gL0,L128_gL0_edge_t67p065,edge,0.5,1.0,open,0.0,67.065,0.5239453125,0.005,13413,"['charge_density_wave', 'left', 'right']","[['charge_density_wave', 'left'], ['charge_density_wave', 'right'], ['left', 'right']]",['right'],new_time_validation,"[200, 240, 280, 320]",right,4.0,0.05582331078093118,0.05573653406771752,2.8580840618623947e-08,4.283368354987959e-08,2.8580840618623947e-08,4.1561179153875306e-08,0.9702919690639621,8.0,1.6363150616838007e-241,0.2759854788598348,1.239012337701859e-77,3.360289076634601e-05,0.05356365205743291,0.055736505486876906,0.05573656264855814,0.02100615466014853,0.02107336044168122,0.9294268675148487,4.235515799373388,0.6619318872690201,1.1263419090593495e-113,True,False,True,2.0,0.05576079357650009,0.05567430763258862,6.453910362644175e-05,9.661246115439686e-05,6.453910362644175e-05,9.374538205002019e-05,0.9703239202260383,4.0,1.8854533979753435e-241,0.05567430763258862,0.05576079357650009,1.0,0.003109266101803439,4.733502211873918e-15,0.05567430763258862,0.05356365205743291,0.2759454440321635,1.239012337701859e-77,0.04398244699860657,0.05560976852896218,0.05573884673621506,0.0,0.0649821872791326,1.1312055548112294e-113,False,False,True,240,0.055736561359125567,4.0192735618105275e-91,3.589106348407578e-78,0.25494570375163744,0.021039775108197375,False,2.4396489188075066,0.7514611706137657,False,True,False,False,False,False,0.0021729093016926576,6.225372653694689e-05
L128_gL0,128,2.0,gL,0,L128_gL0,L128_gL0_edge_t67p085,edge,0.5,1.0,open,0.0,67.085,0.5241015625,0.005,13417,"['charge_density_wave', 'left', 'right']","[['charge_density_wave', 'left'], ['charge_density_wave', 'right'], ['left', 'right']]",['right'],new_time_validation,"[200, 240, 280, 320]",charge_density_wave,0.0,0.0,0.0,3.533737682167782e-78,5.3331693232916425e-78,3.533737682167782e-78,5.3331693232916425e-78,1.0,0.0,0.0,0.25494570375163744,1.1751332135643422e-77,1.74533946187599e-73,2.321475545710911e-78,0.0,1.5285069817811204e-77,0.0,1.74533946187599e-73,0.9501347616314888,0.9286741353571415,0.6568895932286978,2.8785440641117207e-197,True,True,False,2.0,2.321475545710911e-78,2.321475545710911e-78,1.8296014856874459e-78,2.7537706754693954e-78,1.8296014856874459e-78,2.7537706754693954e-78,1.0,4.0,4.511947126824394e-280,2.321475545710911e-78,2.321475545710911e-78,1.0,9.139860409942819e-156,2.021297926672e-311,2.321475545710911e-78,2.321475545710911e-78,0.25494570375163744,1.1751332135643422e-77,1.5505143670715324e-73,0.0,1.5902409167041778e-77,0.0,1.5505154470265867e-73,2.2812363475246524e-197,True,True,False,240,1.5360346472811882e-78,0.9114996090624377,3.4040646317141596e-78,0.25494570375163744,1.370682103776421e-79,True,2.4378467574715614,0.7170681152492762,True,True,False,False,False,False,7.854408984297227e-79,7.854408984297227e-79
L128_gL0,128,2.0,gL,0,L128_gL0,L128_gL0_edge_t67p085,edge,0.5,1.0,open,0.0,67.085,0.5241015625,0.005,13417,"['charge_density_wave', 'left', 'right']","[['charge_density_wave', 'left'], ['charge_density_wave', 'right'], ['left', 'right']]",['right'],new_time_validation,"[200, 240, 280, 320]",left,2.0,0.010458363081760952,0.01045779117461252,7.748574387435041e-06,1.1586611243780836e-05,7.748574387435041e-06,1.1519896965262259e-05,0.9942421233340002,4.0,6.998476954093789e-242,0.25605402995515864,1.1751332135643422e-77,0.006331761970428,0.01015581840807364,0.010450042600225086,0.010465539748999955,0.0,0.0074386230461845355,0.9408493377268314,3.0331713147461414,0.651893425732851,1.7627446065580674e-119,True,True,False,2.0,0.010458363081760952,0.01045779117461252,7.748574387435041e-06,1.1586611243780836e-05,7.748574387435041e-06,1.1519896965262259e-05,0.9942421233340002,4.0,6.998476954093789e-242,0.01045779117461252,0.010458363081760952,1.0,0.00010937735840185948,5.678767398978037e-18,0.01045779117461252,0.01015581840807364,0.25605256482739397,1.1751332135643422e-77,0.006331761970428,0.010450042600225086,0.010465539748999955,0.0,0.0074386230461845355,1.7629771944529262e-119,True,True,False,240,0.010465469252294694,5.864848740924158e-87,3.4040646317141596e-78,0.25494570375163744,0.0011083262035211556,True,2.4644544068723917,0.714196452870965,True,True,False,False,False,False,0.00030965084422105403,7.67807768217374e-06
L128_gL0,128,2.0,gL,0,L128_gL0,L128_gL0_edge_t67p085,edge,0.5,1.0,open,0.0,67.085,0.5241015625,0.005,13417,"['charge_density_wave', 'left', 'right']","[['charge_density_wave', 'left'], ['charge_density_wave', 'right'], ['left', 'right']]",['right'],new_time_validation,"[200, 240, 280, 320]",right,4.0,0.052911012094172795,0.052837103064778485,2.7055535639698808e-08,4.0541564010535244e-08,2.7055535639698808e-08,3.9397498881559716e-08,0.9717804392381549,8.0,2.176132786792794e-241,0.2741521485503923,1.1751332135643422e-77,3.1904535564147946e-05,0.05077658754541739,0.05283707600924284,0.05283713012031412,0.019174524185043028,0.019238333256171324,0.9324122499674559,4.225637577474117,0.6623269431293011,1.0680466283105347e-113,True,False,True,2.0,0.05285175306461004,0.052778091740709035,6.1091087776273e-05,9.143744136510924e-05,6.1091087776273e-05,8.88598986215423e-05,0.9718108610096073,4.0,1.0696843415143096e-241,0.052778091740709035,0.05285175306461004,1.0,0.0027933078033678285,3.813735179457612e-15,0.052778091740709035,0.05077658754541739,0.27411548909645866,1.1751332135643422e-77,0.04184735219356723,0.052717000652932756,0.05283918282848531,0.0,0.06101713753838843,1.0721894768358027e-113,False,False,True,240,0.052837128947829555,4.0192735618105275e-91,3.4040646317141596e-78,0.25494570375163744,0.01920644479875489,False,2.452128106728196,0.7201976366341114,False,True,False,False,False,False,0.002060541402412165,5.903720712052002e-05
L128_gL0,128,2.0,gL,0,L128_gL0,L128_gL0_edge_t67p105,edge,0.5,1.0,open,0.0,67.105,0.5242578125,0.005,13421,"['charge_density_wave', 'left', 'right']","[['charge_density_wave', 'left'], ['charge_density_wave', 'right'], ['left', 'right']]",['right'],new_time_validation,"[200, 240, 280, 320]",charge_density_wave,0.0,0.0,0.0,3.3512992883407066e-78,5.057832905290854e-78,3.3512992883407066e-78,5.057832905290854e-78,1.0,0.0,0.0,0.25494570375163744,1.1145474726938113e-77,1.6558183174029718e-73,2.2017884206886253e-78,0.0,1.449677401527882e-77,0.0,1.6558183174029718e-73,0.9871630854904652,0.9380140732973814,0.6604090109467506,2.8785440641117207e-197,True,True,False,2.0,2.2017884206886253e-78,2.2017884206886253e-78,1.7348932318664467e-78,2.6112248248475526e-78,1.7348932318664467e-78,2.6112248248475526e-78,1.0,4.0,1.1910665390276935e-279,2.2017884206886253e-78,2.2017884206886253e-78,1.0,8.221352394056924e-156,1.635420077707e-311,2.2017884206886253e-78,2.2017884206886253e-78,0.25494570375163744,1.1145474726938113e-77,1.4709680613733773e-73,0.0,1.5082156379493184e-77,0.0,1.4709690856498074e-73,3.8289885824688434e-197,True,True,False,240,1.4568420961438868e-78,0.9114996090624377,3.228563015979867e-78,0.25494570375163744,1.2998439348437874e-79,True,2.442834071815014,0.720079805701971,True,True,False,False,False,False,7.449463245447385e-79,7.449463245447385e-79
L128_gL0,128,2.0,gL,0,L128_gL0,L128_gL0_edge_t67p105,edge,0.5,1.0,open,0.0,67.105,0.5242578125,0.005,13421,"['charge_density_wave', 'left', 'right']","[['charge_density_wave', 'left'], ['charge_density_wave', 'right'], ['left', 'right']]",['right'],new_time_validation,"[200, 240, 280, 320]",left,2.0,0.009912884365390798,0.009912397355121403,7.342689216391411e-06,1.09796750741859e-05,7.342689216391411e-06,1.0919728348505077e-05,0.9945402094983884,4.0,8.241559691236926e-242,0.2559519831904511,1.1145474726938113e-77,0.006025376340374739,0.009626161774901797,0.009905054665905012,0.009919740044337795,0.0,0.007030323926950418,0.9578468091785908,3.029076436534524,0.6539849955588579,1.670829752760187e-119,True,True,False,2.0,0.009912884365390798,0.009912397355121403,7.342689216391411e-06,1.09796750741859e-05,7.342689216391411e-06,1.0919728348505077e-05,0.9945402094983884,4.0,8.241559691236926e-242,0.009912397355121403,0.009912884365390798,1.0,9.826527648817455e-05,4.575746443507058e-18,0.009912397355121403,0.009626161774901797,0.25595065133821315,1.1145474726938113e-77,0.006025376340374739,0.009905054665905012,0.009919740044337795,0.0,0.007030323926950418,1.67102394707459e-119,True,True,False,240,0.009919675527478161,5.864848740924158e-87,3.228563015979867e-78,0.25494570375163744,0.001006279438813619,True,2.4794690925627947,0.7175840623676777,True,True,False,False,False,False,0.00029351375257636453,7.278172356758525e-06
L128_gL0,128,2.0,gL,0,L128_gL0,L128_gL0_edge_t67p105,edge,0.5,1.0,open,0.0,67.105,0.5242578125,0.005,13421,"['charge_density_wave', 'left', 'right']","[['charge_density_wave', 'left'], ['charge_density_wave', 'right'], ['left', 'right']]",['right'],new_time_validation,"[200, 240, 280, 320]",right,4.0,0.0501506625692473,0.050087714595421745,2.561317560916923e-08,3.837501716316973e-08,2.561317560916923e-08,3.734646751428445e-08,0.973197415273799,8.0,1.0151295351832362e-241,0.2724738148501059,1.1145474726938113e-77,3.0293475586026388e-05,0.04813384440939891,0.05008768898224614,0.05008774020859735,0.017497802905087338,0.01755838985625939,0.9371823128312826,4.263823667541146,0.6611016504466534,1.0127238866502098e-113,True,False,True,2.0,0.05009449189633131,0.05003175493381779,5.783077245116929e-05,8.6546195175683e-05,5.783077245116929e-05,8.422903969684702e-05,0.9732263737980358,4.0,8.243128243423907e-242,0.05003175493381779,0.05009449189633131,1.0,0.0025094581195760487,3.0726940146384196e-15,0.05003175493381779,0.04813384440939891,0.2724402594710205,1.1145474726938113e-77,0.039817035022700724,0.04997392416136662,0.05008958570626896,0.0,0.05731159074208379,1.0162526234071721e-113,False,False,False,240,0.05008773914161963,4.0192735618105275e-91,3.228563015979867e-78,0.25494570375163744,0.017528111098468448,False,2.464755242690444,0.7266629878431559,False,True,False,False,True,False,0.0019538947322207192,5.5984207801840213e-05
L128_gL0,128,2.0,gL,0,L128_gL0,L128_gL0_edge_t67p125,edge,0.5,1.0,open,0.0,67.125,0.5244140625,0.005,13425,"['charge_density_wave', 'left', 'right']","[['charge_density_wave', 'left'], ['charge_density_wave', 'right'], ['left', 'right']]",['right'],new_time_validation,"[200, 240, 280, 320]",charge_density_wave,0.0,0.0,0.0,3.1782798284697126e-78,4.79671144212078e-78,3.1782798284697126e-78,4.79671144212078e-78,1.0,0.0,0.0,0.25494570375163744,1.057085319816932e-77,1.5708887222954438e-73,2.0882719434349824e-78,0.0,1.3749133026639033e-77,0.0,1.5708887222954438e-73,0.979724483564496,0.960349764674902,0.6603980790823698,2.8785440641117207e-197,True,True,False,2.0,2.0882719434349824e-78,2.0882719434349824e-78,1.6450875456012086e-78,2.4760577747971305e-78,1.6450875456012086e-78,2.4760577747971305e-78,1.0,4.0,5.157560428518888e-280,2.0882719434349824e-78,2.0882719434349824e-78,1.0,7.395149635365258e-156,1.3232086152537e-311,2.0882719434349824e-78,2.0882719434349824e-78,0.25494570375163744,1.057085319816932e-77,1.3955026243114544e-73,0.0,1.4304212687205513e-77,0.0,1.3955035957798513e-73,1.8673221293007032e-197,True,True,False,240,1.3817324347817182e-78,0.9114996090624377,3.0621096471085715e-78,0.25494570375163744,1.2326668055048837e-79,True,2.435092883184552,0.7179362047463655,True,True,False,False,False,False,7.065395086532642e-79,7.065395086532642e-79
L128_gL0,128,2.0,gL,0,L128_gL0,L128_gL0_edge_t67p125,edge,0.5,1.0,open,0.0,67.125,0.5244140625,0.005,13425,"['charge_density_wave', 'left', 'right']","[['charge_density_wave', 'left'], ['charge_density_wave', 'right'], ['left', 'right']]",['right'],new_time_validation,"[200, 240, 280, 320]",left,2.0,0.009395858925804069,0.009395444209879098,6.958170833216252e-06,1.040469537379862e-05,6.958170833216252e-06,1.0350829958547918e-05,0.994822970465205,4.0,1.4899687664312804e-241,0.2558592313860285,1.057085319816932e-77,0.005733795707667583,0.009124126055624977,0.00938848603904588,0.009402402380712313,0.0,0.006646112807324019,0.9383681155741215,3.009823724627495,0.6492742709815502,1.5837055365209344e-119,True,True,False,2.0,0.009395858925804069,0.009395444209879098,6.958170833216252e-06,1.040469537379862e-05,6.958170833216252e-06,1.0350829958547918e-05,0.994822970465205,4.0,1.4899687664312804e-241,0.009395444209879098,0.009395858925804069,1.0,8.828216499537556e-05,3.686978617098633e-18,0.009395444209879098,0.009124126055624977,0.2558580208512939,1.057085319816932e-77,0.005733795707667583,0.00938848603904588,0.009402402380712313,0.0,0.006646112807324019,1.5838672381047848e-119,True,True,False,240,0.009402343295491679,5.864848740924158e-87,3.0621096471085715e-78,0.25494570375163744,0.0009135276343910357,True,2.447006082162261,0.7209910899400711,True,True,False,False,False,False,0.0002782172398667019,6.899085612580708e-06
L128_gL0,128,2.0,gL,0,L128_gL0,L128_gL0_edge_t67p125,edge,0.5,1.0,open,0.0,67.125,0.5244140625,0.005,13425,"['charge_density_wave', 'left', 'right']","[['charge_density_wave', 'left'], ['charge_density_wave', 'right'], ['left', 'right']]",['right'],new_time_validation,"[200, 240, 280, 320]",right,4.0,0.04753433347974977,0.04748072209549206,2.4249122838600162e-08,3.632688385827618e-08,2.4249122838600162e-08,3.540221975655036e-08,0.9745460110112043,8.0,1.7930579598391392e-241,0.2709379678911345,1.057085319816932e-77,2.8765101591784898e-05,0.04562805401036457,0.04748069784636923,0.0474807463446149,0.015963485570452955,0.016021015773636522,0.9559450764209032,4.2331817876547575,0.6589105855673552,9.602287664153335e-114,True,True,False,2.0,0.04748109019702124,0.0474276585593315,5.474765198198591e-05,8.192253099444835e-05,5.474765198198591e-05,7.98395335215574e-05,0.9745735703278977,4.0,2.592794671225755e-241,0.0474276585593315,0.04748109019702124,1.0,0.0022544539273957813,2.47564819154926e-15,0.0474276585593315,0.04562805401036457,0.27090726534679027,1.057085319816932e-77,0.03788624658609348,0.04737291090734951,0.047482406211313485,0.0,0.0538478081812463,9.632343169615334e-114,False,False,False,240,0.0474807453728849,4.0192735618105275e-91,3.0621096471085715e-78,0.25494570375163744,0.01599226413949703,True,2.4437652621418238,0.7171804755926132,True,True,False,False,False,False,0.0018526913625203298,5.308681355339906e-05
L128_gL0,128,2.0,gL,0,L128_gL0,L128_gL0_edge_t67p145,edge,0.5,1.0,open,0.0,67.145,0.5245703125,0.005,13429,"['charge_density_wave', 'left', 'right']","[['charge_density_wave', 'left'], ['charge_density_wave', 'right'], ['left', 'right']]",['right'],new_time_validation,"[200, 240, 280, 320]",charge_density_wave,0.0,0.0,0.0,3.01419301754636e-78,4.549071043920276e-78,3.01419301754636e-78,4.549071043920276e-78,1.0,0.0,0.0,0.25494570375163744,1.0025857137082632e-77,1.4903151821056983e-73,1.9806079770252502e-78,0.0,1.3040050154628992e-77,0.0,1.4903151821056983e-73,0.958796177059412,0.9443720858544111,0.6580070238560438,2.8785440641117207e-197,True,True,False,2.0,1.9806079770252502e-78,1.9806079770252502e-78,1.5599306431336157e-78,2.3478875622296427e-78,1.5599306431336157e-78,2.3478875622296427e-78,1.0,4.0,1.3796471754866359e-279,1.9806079770252502e-78,1.9806079770252502e-78,1.0,6.651975935637977e-156,1.0706001860616e-311,1.9806079770252502e-78,1.9806079770252502e-78,0.25494570375163744,1.0025857137082632e-77,1.3239087056441687e-73,0.0,1.3566395757241498e-77,0.0,1.3239096270271257e-73,2.974235023254067e-197,True,True,False,240,1.3104951637389069e-78,0.9114996090624377,2.904238029273718e-78,0.25494570375163744,1.1689615040062214e-79,True,2.4631250761449337,0.722364716231823,True,True,False,False,False,False,6.701128132863433e-79,6.701128132863433e-79
L128_gL0,128,2.0,gL,0,L128_gL0,L128_gL0_edge_t67p145,edge,0.5,1.0,open,0.0,67.145,0.5245703125,0.005,13429,"['charge_density_wave', 'left', 'right']","[['charge_density_wave', 'left'], ['charge_density_wave', 'right'], ['left', 'right']]",['right'],new_time_validation,"[200, 240, 280, 320]",left,2.0,0.00890580244221103,0.008905449288851473,6.593884060094084e-06,9.859973218196529e-06,6.593884060094084e-06,9.811572415697736e-06,0.9950911831677728,4.0,7.110890733418186e-242,0.25577493928375694,1.0025857137082632e-77,0.005456302835002385,0.008648271439509197,0.00889885540479138,0.008912043172911568,0.0,0.006284438245837623,0.9370508249849081,3.0431770011782646,0.6506103910505772,1.501122619719051e-119,True,True,False,2.0,0.00890580244221103,0.008905449288851473,6.593884060094084e-06,9.859973218196529e-06,6.593884060094084e-06,9.811572415697736e-06,0.9950911831677728,4.0,7.110890733418186e-242,0.008905449288851473,0.00890580244221103,1.0,7.931331717714904e-05,2.970845617795955e-18,0.008905449288851473,0.008648271439509197,0.2557738391624727,1.0025857137082632e-77,0.005456302835002385,0.00889885540479138,0.008912043172911568,0.0,0.006284438245837623,1.5012568430139866e-119,True,True,False,240,0.008911989024162363,5.864848740924158e-87,2.904238029273718e-78,0.25494570375163744,0.0008292355321194658,True,2.4683341085910797,0.7114663161337376,True,True,False,False,False,False,0.0002637175846531663,6.539735310890152e-06
L128_gL0,128,2.0,gL,0,L128_gL0,L128_gL0_edge_t67p145,edge,0.5,1.0,open,0.0,67.145,0.5245703125,0.005,13429,"['charge_density_wave', 'left', 'right']","[['charge_density_wave', 'left'], ['charge_density_wave', 'right'], ['left', 'right']]",['right'],new_time_validation,"[200, 240, 280, 320]",right,4.0,0.045054509862566434,0.045008851088828704,2.2959007471352897e-08,3.439043880060707e-08,2.2959007471352897e-08,3.355919572213763e-08,0.97582923895537,8.0,1.8178130258990454e-241,0.26953302956778136,1.0025857137082632e-77,2.7315055567100355e-05,0.04325220830677135,0.04500882812982123,0.04500887404783618,0.014559998441689525,0.014614628552823725,0.9323662128299475,4.254144115373492,0.661204507574439,9.1042241415938e-114,True,True,False,2.0,0.04500404139389257,0.04495853572954309,5.183182798350706e-05,7.75512390783229e-05,5.183182798350706e-05,7.567880016027748e-05,0.9758554609791038,4.0,2.1532024179952704e-241,0.04495853572954309,0.04500404139389257,1.0,0.0020253637427680147,1.9946163443312983e-15,0.04495853572954309,0.04325220830677135,0.2695049474391537,1.0025857137082632e-77,0.0360500074544397,0.04490670390155958,0.0450103675575266,0.0,0.050609251141955934,9.129822651202112e-114,False,False,False,240,0.045008873162149736,4.0192735618105275e-91,2.904238029273718e-78,0.25494570375163744,0.014587325816143883,True,2.4714679699391127,0.7217484135180712,True,True,False,False,False,False,0.0017566648553783842,5.0337432606642474e-05
L128_gL0,128,2.0,gL,0,L128_gL0,L128_gL0_translated_t50p265,translated,0.5,1.0,open,0.0,50.265,0.3926953125,0.005,10053,"['charge_density_wave', 'block_cell8', 'block_cell24']","[['charge_density_wave', 'block_cell8'], ['charge_density_wave', 'block_cell24'], ['block_cell8', 'block_cell24']]",['block_cell8'],new_time_validation,"[200, 240, 280, 320]",charge_density_wave,0.0,0.0,0.0,8.193970374050178e-59,1.2360153335641026e-58,8.193970374050178e-59,1.2360153335641026e-58,1.0,0.0,0.0,0.25494570375163744,2.531865567428791e-58,2.871829677267025e-54,5.001700174898169e-59,0.0,3.3512626048338095e-58,0.0,2.871829677267025e-54,0.9637256842106581,0.8798649962991476,0.6630115862935781,2.8785440641117207e-197,True,True,False,2.0,5.001700174898169e-59,5.001700174898169e-59,4.801977046790487e-59,7.222978913570395e-59,4.801977046790487e-59,7.222978913570395e-59,1.0,4.0,5.926243843556324e-270,5.001700174898169e-59,5.001700174898169e-59,1.0,4.4082166932909334e-117,4.7695325354658714e-234,5.001700174898169e-59,5.001700174898169e-59,0.25494570375163744,2.531865567428791e-58,2.580948342302696e-54,0.0,3.512233289597657e-58,0.0,2.5809506689764194e-54,2.0408593333357666e-197,True,True,False,240,3.3094403161603194e-59,0.9114996090624377,7.334176186032336e-59,0.25494570375163744,3.361241532445384e-60,True,2.420200927183032,0.7187209725379944,True,True,False,False,False,False,1.6922598587378493e-59,1.6922598587378493e-59
L128_gL0,128,2.0,gL,0,L128_gL0,L128_gL0_translated_t50p265,translated,0.5,1.0,open,0.0,50.265,0.3926953125,0.005,10053,"['charge_density_wave', 'block_cell8', 'block_cell24']","[['charge_density_wave', 'block_cell8'], ['charge_density_wave', 'block_cell24'], ['block_cell8', 'block_cell24']]",['block_cell8'],new_time_validation,"[200, 240, 280, 320]",block_cell8,4.0,0.056689138003701095,0.05659826720456943,8.742725387521016e-10,1.3178104293460307e-09,8.742725387521016e-10,1.2775289412064188e-09,0.9694330176460951,8.0,2.6724979409891554e-241,0.2765426248353026,2.531865567428791e-58,1.223009584721206e-06,0.05575220025558464,0.056598266330296895,0.056598268078841975,0.021595697591908894,0.021598143611078337,1.0056836921721697,4.2061405293643475,0.6523463744670153,8.1647995112824855e-140,True,False,True,2.0,0.056678578576456966,0.056587758465796306,1.1212816799765186e-05,1.6900746380479866e-05,1.1212816799765186e-05,1.6384233868836804e-05,0.9694384792236379,4.0,1.8400622194176994e-241,0.056587758465796306,0.056678578576456966,0.9999999999999992,0.0032124612831620457,4.4057103413268484e-14,0.056587758465796306,0.05575220025558464,0.2765357962842748,2.531865567428791e-58,0.008897377285567321,0.05657654564899654,0.05659897128259607,0.012692715247070059,0.0304874698182047,8.2029113561577e-140,False,False,True,240,0.056598267946595525,2.4421419289418774e-64,7.334176186032336e-59,0.25494570375163744,0.021596921083665167,False,2.4519688598811626,0.7104625962674618,False,True,False,False,False,False,0.0008460676910108864,1.0509480799218707e-05
L128_gL0,128,2.0,gL,0,L128_gL0,L128_gL0_translated_t50p265,translated,0.5,1.0,open,0.0,50.265,0.3926953125,0.005,10053,"['charge_density_wave', 'block_cell8', 'block_cell24']","[['charge_density_wave', 'block_cell8'], ['charge_density_wave', 'block_cell24'], ['block_cell8', 'block_cell24']]",['block_cell8'],new_time_validation,"[200, 240, 280, 320]",block_cell24,4.0,0.7768480568227583,0.6134830423636954,2.132089280984589e-08,3.836273959006735e-08,2.132089280984589e-08,2.9072863658654737e-08,0.7578411752997462,8.0,3.295711219196862e-241,0.9172005170639727,2.531865567428791e-58,2.5467145822384002e-05,0.606685582196742,0.6134830210428026,0.6134830636845883,0.6622293409685616,0.6622802752602064,1.0078584179282188,4.176456606015563,0.6573421489447355,1.4661550174031783e-136,True,False,True,2.0,0.7766608611410084,0.6133908373911166,0.0002042572678794061,0.0003830099380480043,0.0002042572678794061,0.00029027068618180113,0.7578672440228438,4.0,1.276283181770041e-241,0.6133908373911166,0.7766608611410084,0.9999999999999967,0.6032020959108134,1.6181020436860546e-09,0.6133908373911164,0.6066855821967421,0.9171433480355886,2.531865567428791e-58,0.12413649642501849,0.6131865801232371,0.613595094658996,0.5380611478589327,0.7863341407089697,4.533503688075054e-136,False,False,True,240,0.6134830507476967,5.374068264646359e-67,7.334176186032336e-59,0.25494570375163744,0.6622548133123352,False,2.4268873278051615,0.7240081336349249,False,False,False,False,False,False,0.006797468550954755,9.221335658016194e-05
L128_gL0,128,2.0,gL,0,L128_gL0,L128_gL0_translated_t50p285,translated,0.5,1.0,open,0.0,50.285,0.3928515625,0.005,10057,"['charge_density_wave', 'block_cell8', 'block_cell24']","[['charge_density_wave', 'block_cell8'], ['charge_density_wave', 'block_cell24'], ['block_cell8', 'block_cell24']]",['block_cell8'],new_time_validation,"[200, 240, 280, 320]",charge_density_wave,0.0,0.0,0.0,7.7707231633546e-59,1.1721717650850852e-58,7.7707231633546e-59,1.1721717650850852e-58,1.0,0.0,0.0,0.25494570375163744,2.4013314718754946e-58,2.7247769376784625e-54,4.74383008220516e-59,0.0,3.1784037882109545e-58,0.0,2.7247769376784625e-54,1.045269150286913,0.8563486747443676,0.6568856853991747,2.8785440641117207e-197,True,True,False,2.0,4.74383008220516e-59,4.74383008220516e-59,4.553250792985434e-59,6.848859736411203e-59,4.553250792985434e-59,6.848859736411203e-59,1.0,4.0,3.5460791215517834e-270,4.74383008220516e-59,4.74383008220516e-59,1.0,3.965204569767324e-117,3.859000282368014e-234,4.74383008220516e-59,4.74383008220516e-59,0.25494570375163744,2.4013314718754946e-58,2.4487523586988537e-54,0.0,3.331039559394554e-58,0.0,2.448754565417599e-54,8.946720595610631e-198,True,True,False,240,3.138817197770858e-59,0.9114996090624377,6.95605182295863e-59,0.25494570375163744,3.187369817383978e-60,True,2.456305541098118,0.7298460472375154,True,True,False,False,False,False,1.6050128844343023e-59,1.6050128844343023e-59
L128_gL0,128,2.0,gL,0,L128_gL0,L128_gL0_translated_t50p285,translated,0.5,1.0,open,0.0,50.285,0.3928515625,0.005,10057,"['charge_density_wave', 'block_cell8', 'block_cell24']","[['charge_density_wave', 'block_cell8'], ['charge_density_wave', 'block_cell24'], ['block_cell8', 'block_cell24']]",['block_cell8'],new_time_validation,"[200, 240, 280, 320]",block_cell8,4.0,0.05373721169304747,0.053659791178924,8.276508927646141e-10,1.2473777934494198e-09,8.276508927646141e-10,1.2111551853655025e-09,0.9709609965207496,8.0,2.372116667646851e-241,0.27466578738088526,2.4013314718754946e-58,1.1606938870350487e-06,0.052857368554272165,0.05365979035127311,0.05365979200657489,0.019718922493652143,0.019721243881426213,0.9379747956991196,4.270157797262073,0.6499796416610479,7.743299231922462e-140,True,False,True,2.0,0.053727201357936835,0.05364982403989288,1.0614461331412996e-05,1.599645292586366e-05,1.0614461331412996e-05,1.5532015072023422e-05,0.97096619756938,4.0,6.57146372530744e-241,0.05364982403989288,0.053727201357936835,0.9999999999999992,0.002886612178059664,3.551507011537618e-14,0.05364982403989287,0.05285736855427217,0.2746595326114277,2.4013314718754946e-58,0.00845983634518542,0.05363920957856146,0.05366043850122429,0.011253992514604839,0.02817366520497568,7.775764743118366e-140,False,False,True,240,0.053659791882790894,2.4421419289418774e-64,6.95605182295863e-59,0.25494570375163744,0.019720083629247823,False,2.459358410909772,0.7208367306739092,False,True,False,False,False,False,0.0008024233285187296,9.96784289801489e-06
L128_gL0,128,2.0,gL,0,L128_gL0,L128_gL0_translated_t50p285,translated,0.5,1.0,open,0.0,50.285,0.3928515625,0.005,10057,"['charge_density_wave', 'block_cell8', 'block_cell24']","[['charge_density_wave', 'block_cell8'], ['charge_density_wave', 'block_cell24'], ['block_cell8', 'block_cell24']]",['block_cell8'],new_time_validation,"[200, 240, 280, 320]",block_cell24,4.0,0.7363868351125158,0.5929614148600373,2.033865598433644e-08,3.609102774090194e-08,2.033865598433644e-08,2.7561873410474133e-08,0.7636766015182846,8.0,1.827912693428902e-241,0.903379227822691,2.4013314718754946e-58,2.4355286735390636e-05,0.5861347813857246,0.5929613945213813,0.5929614351986933,0.648409162665691,0.6484578732391618,0.9467784930020571,4.230865020304918,0.6614474039524794,1.4714381106813938e-136,True,False,True,2.0,0.7362093765101513,0.5928687503340151,0.00019561170163472782,0.0003603076007167491,0.00019561170163472782,0.0002751680972263347,0.7637032820816188,4.0,2.7688967119200463e-241,0.5928687503340151,0.7362093765101513,0.9999999999999968,0.5420042484678446,1.3042675277587438e-09,0.5928687503340151,0.5861347813857247,0.9033119400510711,2.4013314718754946e-58,0.1194236813554055,0.5926731386323805,0.5930643620356498,0.5289425549440281,0.7677899176548392,4.073555379935034e-136,False,False,True,240,0.5929614232868528,5.3740682646463593e-67,6.95605182295863e-59,0.25494570375163744,0.6484335240710536,False,2.4532798882573843,0.7328258529305458,False,False,False,False,False,False,0.006826641901128139,9.267295283765797e-05
L128_gL0,128,2.0,gL,0,L128_gL0,L128_gL0_translated_t50p305,translated,0.5,1.0,open,0.0,50.305,0.3930078125,0.005,10061,"['charge_density_wave', 'block_cell8', 'block_cell24']","[['charge_density_wave', 'block_cell8'], ['charge_density_wave', 'block_cell24'], ['block_cell8', 'block_cell24']]",['block_cell8'],new_time_validation,"[200, 240, 280, 320]",charge_density_wave,0.0,0.0,0.0,7.369338468540428e-59,1.1116259386009988e-58,7.369338468540428e-59,1.1116259386009988e-58,1.0,0.0,0.0,0.25494570375163744,2.2775272557917545e-58,2.5852536979331805e-54,4.499254865730288e-59,0.0,3.0144611026457976e-58,0.0,2.5852536979331805e-54,0.9698651935905218,0.9109451994299889,0.65933583304286,2.8785440641117207e-197,True,True,False,2.0,4.499254865730288e-59,4.499254865730288e-59,4.317407953541102e-59,6.494118663139963e-59,4.317407953541102e-59,6.494118663139963e-59,1.0,4.0,3.948874016925261e-270,4.499254865730288e-59,4.499254865730288e-59,1.0,3.566713802660982e-117,3.1222940756943227e-234,4.499254865730288e-59,4.499254865730288e-59,0.25494570375163744,2.2775272557917545e-58,2.3233271206963313e-54,0.0,3.1591935377188934e-58,0.0,2.3233292136445482e-54,1.1661535290935944e-197,True,True,False,240,2.9769908080568724e-59,0.9114996090624377,6.597422223894301e-59,0.25494570375163744,3.0224924515762777e-60,True,2.4987469743937254,0.7331542987376451,True,True,False,False,False,False,1.5222640576734158e-59,1.5222640576734158e-59
L128_gL0,128,2.0,gL,0,L128_gL0,L128_gL0_translated_t50p305,translated,0.5,1.0,open,0.0,50.305,0.3930078125,0.005,10061,"['charge_density_wave', 'block_cell8', 'block_cell24']","[['charge_density_wave', 'block_cell8'], ['charge_density_wave', 'block_cell24'], ['block_cell8', 'block_cell24']]",['block_cell8'],new_time_validation,"[200, 240, 280, 320]",block_cell8,4.0,0.050939014608482276,0.0508730550938411,7.835662277412898e-10,1.180801550265562e-09,7.835662277412898e-10,1.1482300811490393e-09,0.972415797464699,8.0,4.005752246522928e-241,0.27294713527625786,2.2775272557917545e-58,1.1016146577868145e-06,0.05011206216352849,0.050873054310274876,0.050873055877407335,0.01800032950548314,0.018002532734798717,1.02092245221138,4.265515152364969,0.6508043520152569,7.343209421787631e-140,True,False,True,2.0,0.05092952481042343,0.05086360210545966,1.0048663943261287e-05,1.514172516311944e-05,1.0048663943261287e-05,1.4724127727159853e-05,0.9724207491906718,4.0,3.143026544030891e-241,0.05086360210545966,0.05092952481042343,0.9999999999999992,0.0025938165084530445,2.862927396584648e-14,0.050863602105459656,0.05011206216352849,0.27294140836594155,2.2775272557917545e-58,0.008044118418940711,0.050853553441516396,0.05087365076940292,0.009951586195363397,0.02603982303324482,7.370863070661391e-140,False,False,True,240,0.05087305576147832,2.4421419289418774e-64,6.597422223894301e-59,0.25494570375163744,0.018001431524620398,False,2.521495383232832,0.7168012987822294,False,True,False,False,False,False,0.00076099359794983,9.45365601865561e-06
L128_gL0,128,2.0,gL,0,L128_gL0,L128_gL0_translated_t50p305,translated,0.5,1.0,open,0.0,50.305,0.3930078125,0.005,10061,"['charge_density_wave', 'block_cell8', 'block_cell24']","[['charge_density_wave', 'block_cell8'], ['charge_density_wave', 'block_cell24'], ['block_cell8', 'block_cell24']]",['block_cell8'],new_time_validation,"[200, 240, 280, 320]",block_cell24,4.0,0.6980332184979101,0.5723794687225162,1.9384312974577673e-08,3.395023935726713e-08,1.9384312974577673e-08,2.6129418521529415e-08,0.7696387128986868,8.0,1.736571249111097e-241,0.887424837429561,2.2775272557917545e-58,2.3272094920898863e-05,0.5655501632516803,0.5723794493382033,0.5723794881068293,0.6324558546367416,0.6325023988265834,0.9524919353425503,4.267489802092314,0.6600511036813259,1.4710359348253118e-136,True,False,True,2.0,0.6978649904540164,0.5722867059543094,0.000187097739940464,0.000338915037913871,0.000187097739940464,0.00026085135498457064,0.7696659215542428,4.0,1.0837015870636328e-241,0.5722867059543094,0.6978649904540164,0.9999999999999969,0.4870155470600512,1.0513042541288348e-09,0.5722867059543093,0.5655501632516803,0.8873484567658556,2.2775272557917545e-58,0.11475869904062347,0.5720996082143689,0.5724738036942498,0.5176440539735947,0.7471614520548416,3.66027371020075e-136,False,False,True,240,0.5723794771592915,5.37406826464636e-67,6.597422223894301e-59,0.25494570375163744,0.6324791336779236,False,2.5257531572133303,0.7482988107949495,False,False,False,False,False,False,0.006829313907611212,9.277120498207836e-05
L128_gL0,128,2.0,gL,0,L128_gL0,L128_gL0_translated_t50p325,translated,0.5,1.0,open,0.0,50.325,0.3931640625,0.005,10065,"['charge_density_wave', 'block_cell8', 'block_cell24']","[['charge_density_wave', 'block_cell8'], ['charge_density_wave', 'block_cell24'], ['block_cell8', 'block_cell24']]",['block_cell8'],new_time_validation,"[200, 240, 280, 320]",charge_density_wave,0.0,0.0,0.0,6.988686981151703e-59,1.0542075118101939e-58,6.988686981151703e-59,1.0542075118101939e-58,1.0,0.0,0.0,0.25494570375163744,2.160105950230625e-58,2.452874446484003e-54,4.267289088353606e-59,0.0,2.8589746483457953e-58,0.0,2.452874446484003e-54,1.02168701402843,0.8645535130053759,0.6605332028120756,2.8785440641117207e-197,True,True,False,2.0,4.267289088353606e-59,4.267289088353606e-59,4.093781186811257e-59,6.157751955718092e-59,4.093781186811257e-59,6.157751955718092e-59,1.0,4.0,6.439645464699979e-270,4.267289088353606e-59,4.267289088353606e-59,1.0,3.208270131502951e-117,2.5262294847860747e-234,4.267289088353606e-59,4.267289088353606e-59,0.25494570375163744,2.160105950230625e-58,2.204325864527406e-54,0.0,2.9962129777471113e-58,0.0,2.2043278495706962e-54,4.024595817099007e-197,True,True,False,240,2.823507618586106e-59,0.9114996090624377,6.257282307281811e-59,0.25494570375163744,2.866144146523463e-60,True,2.5634133610874414,0.74082300812006,True,True,False,False,False,False,1.4437814697675004e-59,1.4437814697675004e-59
L128_gL0,128,2.0,gL,0,L128_gL0,L128_gL0_translated_t50p325,translated,0.5,1.0,open,0.0,50.325,0.3931640625,0.005,10065,"['charge_density_wave', 'block_cell8', 'block_cell24']","[['charge_density_wave', 'block_cell8'], ['charge_density_wave', 'block_cell24'], ['block_cell8', 'block_cell24']]",['block_cell8'],new_time_validation,"[200, 240, 280, 320]",block_cell8,2.0,0.04827754371924153,0.048221381126725006,9.513600953452024e-06,1.4333733323676944e-05,9.513600953452024e-06,1.3958265568697515e-05,0.9738053062310558,4.0,1.8459032239065587e-241,0.27137395076496096,2.160105950230625e-58,0.007649107688259204,0.04750867513118013,0.04821186752577155,0.048230894727678456,0.008773897725465616,0.02407211310198402,0.9371117856353521,3.060042602941394,0.6477357149124146,6.963494507093345e-140,True,True,False,2.0,0.04827754371924153,0.048221381126725006,9.513600953452024e-06,1.4333733323676944e-05,9.513600953452024e-06,1.3958265568697515e-05,0.9738053062310558,4.0,1.8459032239065587e-241,0.048221381126725006,0.04827754371924153,0.9999999999999992,0.002330721237465178,2.3078570977830235e-14,0.048221381126725,0.04750867513118013,0.27136870916536227,2.160105950230625e-58,0.007649107688259204,0.04821186752577155,0.048230894727678456,0.008773897725465616,0.02407211310198402,6.98704774345753e-140,True,True,False,240,0.04823034672460574,2.4421419289418774e-64,6.257282307281811e-59,0.25494570375163744,0.01642824701332351,True,2.394114112481475,0.7007682751864195,True,True,False,False,False,False,0.0007216715934256074,8.965597880730702e-06
L128_gL0,128,2.0,gL,0,L128_gL0,L128_gL0_translated_t50p325,translated,0.5,1.0,open,0.0,50.325,0.3931640625,0.005,10065,"['charge_density_wave', 'block_cell8', 'block_cell24']","[['charge_density_wave', 'block_cell8'], ['charge_density_wave', 'block_cell24'], ['block_cell8', 'block_cell24']]",['block_cell8'],new_time_validation,"[200, 240, 280, 320]",block_cell24,4.0,0.661677410655698,0.5518162707342327,1.845874738931878e-08,3.193392525307208e-08,1.845874738931878e-08,2.477141674738529e-08,0.7757084840361818,8.0,3.853876084337453e-241,0.8695758098568958,2.160105950230625e-58,2.2218693765364323e-05,0.5450099110190638,0.5518162522754853,0.5518162891929801,0.6146078797388153,0.614652317126346,0.9339480623602867,4.294932432472706,0.6605836153030396,1.46515362817827e-136,True,False,True,2.0,0.661517933000686,0.5517237599780171,0.00017874053663632653,0.0003187676253296784,0.00017874053663632653,0.00024727956511733584,0.7757361333717387,4.0,2.5606019707077403e-241,0.5517237599780171,0.661517933000686,0.999999999999997,0.4376059776179572,8.474052011703117e-10,0.551723759978017,0.5450099110190638,0.8694914515923724,2.160105950230625e-58,0.11015548705146325,0.5515450194413808,0.5519025005146534,0.5043902607892717,0.7247012348921982,3.288923605927362e-136,False,False,True,240,0.551816279149107,5.3740682646463607e-67,6.257282307281811e-59,0.25494570375163744,0.6146301061052583,False,2.389165248721838,0.7141462322324514,False,False,False,False,False,False,0.0068063681300432055,9.251917108987762e-05
L128_gL0,128,2.0,gL,0,L128_gL0,L128_gL0_translated_t50p345,translated,0.5,1.0,open,0.0,50.345,0.3933203125,0.005,10069,"['charge_density_wave', 'block_cell8', 'block_cell24']","[['charge_density_wave', 'block_cell8'], ['charge_density_wave', 'block_cell24'], ['block_cell8', 'block_cell24']]",['block_cell8'],new_time_validation,"[200, 240, 280, 320]",charge_density_wave,0.0,0.0,0.0,6.62769772804428e-59,9.997549414401043e-59,6.62769772804428e-59,9.997549414401043e-59,1.0,0.0,0.0,0.25494570375163744,2.0487384747453453e-58,2.3272734090311756e-54,4.047282651685496e-59,0.0,2.7115082475497736e-58,0.0,2.3272734090311756e-54,1.0222445335239172,0.8735543731600046,0.6573244351893663,2.8785440641117207e-197,True,True,False,2.0,4.047282651685496e-59,4.047282651685496e-59,3.8817377190898147e-59,5.8388078682106285e-59,3.8817377190898147e-59,5.8388078682106285e-59,1.0,4.0,4.802203433996838e-270,4.047282651685496e-59,4.047282651685496e-59,1.0,2.8858489454518713e-117,2.0439571850333636e-234,4.047282651685496e-59,4.047282651685496e-59,0.25494570375163744,2.0487384747453453e-58,2.0914195850600432e-54,0.0,2.8416405118228765e-58,0.0,2.091421467761599e-54,8.542755216638441e-198,True,True,False,240,2.677937483259264e-59,0.9114996090624377,5.93467881003841e-59,0.25494570375163744,2.7178836843214396e-60,True,2.4344933703541756,0.7172984424978495,True,True,False,False,False,False,1.3693451684262323e-59,1.3693451684262323e-59
L128_gL0,128,2.0,gL,0,L128_gL0,L128_gL0_translated_t50p345,translated,0.5,1.0,open,0.0,50.345,0.3933203125,0.005,10069,"['charge_density_wave', 'block_cell8', 'block_cell24']","[['charge_density_wave', 'block_cell8'], ['charge_density_wave', 'block_cell24'], ['block_cell8', 'block_cell24']]",['block_cell8'],new_time_validation,"[200, 240, 280, 320]",block_cell8,2.0,0.04576366985171742,0.04571582325764649,9.00755439309846e-06,1.3569819551793293e-05,9.00755439309846e-06,1.3232242320748683e-05,0.9751229388308263,4.0,3.210625597243358e-241,0.26993445794815574,2.0487384747453453e-58,0.007273747147989463,0.045039970909320694,0.04570681570325339,0.04572483081203959,0.007710211379702627,0.022257705675681555,0.9401410948485136,3.063288738951087,0.6506150644272566,6.603161190593616e-140,True,True,False,2.0,0.04576366985171742,0.04571582325764649,9.00755439309846e-06,1.3569819551793293e-05,9.00755439309846e-06,1.3232242320748683e-05,0.9751229388308263,4.0,3.210625597243358e-241,0.04571582325764649,0.04576366985171742,0.9999999999999993,0.002094313487180134,1.8604089212664218e-14,0.04571582325764648,0.045039970909320694,0.2699296622793296,2.0487384747453453e-58,0.007273747147989463,0.04570681570325339,0.04572483081203959,0.007710211379702627,0.022257705675681555,6.623220516482589e-140,True,True,False,240,0.04572432565718291,2.4421419289418777e-64,5.93467881003841e-59,0.25494570375163744,0.014988754196518272,True,2.465496476739645,0.7084447219967842,True,True,False,False,False,False,0.0006843547478622147,8.502399536418348e-06
L128_gL0,128,2.0,gL,0,L128_gL0,L128_gL0_translated_t50p345,translated,0.5,1.0,open,0.0,50.345,0.3933203125,0.005,10069,"['charge_density_wave', 'block_cell8', 'block_cell24']","[['charge_density_wave', 'block_cell8'], ['charge_density_wave', 'block_cell24'], ['block_cell8', 'block_cell24']]",['block_cell8'],new_time_validation,"[200, 240, 280, 320]",block_cell24,4.0,0.6272153357846666,0.5313478274971503,1.7562780756041633e-08,3.003582615050595e-08,1.7562780756041633e-08,2.348399805244105e-08,0.7818662265111515,8.0,7.963019215376782e-241,0.8500867035615176,2.0487384747453453e-58,2.1196150736642967e-05,0.5245887740988633,0.5313478099343695,0.531347845059931,0.5951197953664094,0.5951621876678826,1.0204391088336706,4.236378375440836,0.6733249425888062,1.4540747614060985e-136,True,False,True,2.0,0.62706415332925,0.5312559027491632,0.00017056323611068112,0.0002998026504507107,0.00017056323611068112,0.0002344139615625931,0.7818942267861375,4.0,4.353265616403004e-241,0.5312559027491632,0.62706415332925,0.9999999999999971,0.39320945412765324,6.830536102856067e-10,0.5312559027491631,0.5245887740988633,0.8499955390473906,2.0487384747453453e-58,0.10562715578247907,0.5310853395130526,0.5314264659852739,0.48942267951327406,0.7006769910782322,2.9552504679804178e-136,False,False,True,240,0.53134783585973,5.374068264646361e-67,5.93467881003841e-59,0.25494570375163744,0.5951409998098801,False,2.4424176663160324,0.7166554927825928,False,False,False,False,False,False,0.006759061760866714,9.193311056676645e-05
L128_gL0,128,2.0,gL,0,L128_gL0,L128_gL0_translated_t51p245,translated,0.5,1.0,open,0.0,51.245,0.4003515625,0.005,10249,"['charge_density_wave', 'block_cell8', 'block_cell24']","[['charge_density_wave', 'block_cell8'], ['charge_density_wave', 'block_cell24'], ['block_cell8', 'block_cell24']]",['block_cell24'],new_time_validation,"[200, 240, 280, 320]",charge_density_wave,0.0,0.0,0.0,6.093986788885443e-60,9.192799694547497e-60,6.093986788885443e-60,9.192799694547497e-60,1.0,0.0,0.0,0.25494570375163744,1.8923553116201392e-59,2.185383535785087e-55,3.7383477285928736e-60,0.0,2.5017539905086835e-59,0.0,2.185383535785087e-55,1.0359455589205027,0.8910821508616209,0.6571057848632336,2.8785440641117207e-197,True,True,False,2.0,3.7383477285928736e-60,3.7383477285928736e-60,3.545032543965962e-60,5.332579302259392e-60,3.545032543965962e-60,5.332579302259392e-60,1.0,4.0,1.5092381282649095e-270,3.7383477285928736e-60,3.7383477285928736e-60,1.0,2.4569419245332524e-119,1.4805618491178065e-238,3.7383477285928736e-60,3.7383477285928736e-60,0.25494570375163744,1.8923553116201392e-59,1.962552991183107e-55,0.0,2.6206933388760225e-59,0.0,1.9625547301805317e-55,3.002021362278553e-197,True,True,False,240,2.473526652181524e-60,0.9114996090624377,5.481676215570465e-60,0.25494570375163744,2.4902548028728087e-61,True,2.4570188764482737,0.7030620221048594,True,True,False,False,False,False,1.2648210764113495e-60,1.2648210764113495e-60
L128_gL0,128,2.0,gL,0,L128_gL0,L128_gL0_translated_t51p245,translated,0.5,1.0,open,0.0,51.245,0.4003515625,0.005,10249,"['charge_density_wave', 'block_cell8', 'block_cell24']","[['charge_density_wave', 'block_cell8'], ['charge_density_wave', 'block_cell24'], ['block_cell8', 'block_cell24']]",['block_cell24'],new_time_validation,"[200, 240, 280, 320]",block_cell8,2.0,0.004126340136415544,0.004126305007921571,7.966199225108238e-07,1.1990534406199734e-06,7.966199225108238e-07,1.196279924314295e-06,0.9976869118491963,4.0,1.4211327092355023e-241,0.2551497624216372,1.8923553116201392e-59,0.0007669417011668936,0.004065090203804487,0.00412550838799906,0.004127101627844082,0.0,0.0009709304452967776,0.9431216865777969,3.0914614852517843,0.6496440768241882,5.97173486671229e-141,True,True,False,2.0,0.004126340136415544,0.004126305007921571,7.966199225108238e-07,1.1990534406199734e-06,7.966199225108238e-07,1.196279924314295e-06,0.9976869118491963,4.0,1.4211327092355023e-241,0.004126305007921571,0.004126340136415544,0.9999999999999999,1.7026682988597416e-05,1.1442538190435785e-18,0.00412630500792157,0.004065090203804487,0.25514969249576736,1.8923553116201392e-59,0.0007669417011668936,0.00412550838799906,0.004127101627844082,0.0,0.0009709304452967776,5.971806879201889e-141,True,True,False,240,0.0041270765876436155,2.4421419289418787e-64,5.481676215570465e-60,0.25494570375163744,0.000204058669999742,True,2.4486283268779516,0.7054531499743462,True,True,False,False,False,False,6.198638383912887e-05,7.715797220447795e-07
L128_gL0,128,2.0,gL,0,L128_gL0,L128_gL0_translated_t51p245,translated,0.5,1.0,open,0.0,51.245,0.4003515625,0.005,10249,"['charge_density_wave', 'block_cell8', 'block_cell24']","[['charge_density_wave', 'block_cell8'], ['charge_density_wave', 'block_cell24'], ['block_cell8', 'block_cell24']]",['block_cell24'],new_time_validation,"[200, 240, 280, 320]",block_cell24,4.0,0.05652334786189654,0.05643327073730009,1.4555171930352777e-09,2.1941346786670228e-09,1.4555171930352777e-09,2.127240598107909e-09,0.9695123179039525,8.0,4.0787639873065807e-241,0.27643551430865265,1.8923553116201392e-59,1.988623493932807e-06,0.055442156630097245,0.0564332692817829,0.05643327219281728,0.02148782112691437,0.02149179837390223,0.9433481954038143,4.3524061143398285,0.6637976001948118,2.1137335244512919e-137,True,False,True,2.0,0.05650968061795692,0.05641966871503619,1.449102619613749e-05,2.1843896043574443e-05,1.449102619613749e-05,2.117808076114848e-05,0.9695193897142804,4.0,4.047884339934137e-241,0.05641966871503619,0.05650968061795692,0.9999999999999996,0.003193344016651996,4.1859949421280704e-14,0.05641966871503619,0.055442156630097245,0.27642669250597884,1.8923553116201392e-59,0.01126077820828167,0.056405177688840055,0.05643415974123233,0.01022021054605971,0.032741766962623056,2.1235112875855704e-137,False,False,True,240,0.05643327198097281,5.374068264646373e-67,5.481676215570465e-60,0.25494570375163744,0.02148981055701522,False,2.4509022682905197,0.713629337027669,False,True,False,False,False,False,0.0009911153508755655,1.3603265936620867e-05
L128_gL0,128,2.0,gL,0,L128_gL0,L128_gL0_translated_t51p265,translated,0.5,1.0,open,0.0,51.265,0.4005078125,0.005,10253,"['charge_density_wave', 'block_cell8', 'block_cell24']","[['charge_density_wave', 'block_cell8'], ['charge_density_wave', 'block_cell24'], ['block_cell8', 'block_cell24']]",['block_cell24'],new_time_validation,"[200, 240, 280, 320]",charge_density_wave,0.0,0.0,0.0,5.779223066080885e-60,8.717984312133692e-60,5.779223066080885e-60,8.717984312133692e-60,1.0,0.0,0.0,0.25494570375163744,1.7947921185953738e-59,2.0734661049857866e-55,3.5456116505430593e-60,0.0,2.3727144252034623e-59,0.0,2.0734661049857866e-55,1.0485328268259764,0.8743502870202065,0.6580920778214931,2.8785440641117207e-197,True,True,False,2.0,3.5456116505430593e-60,3.5456116505430593e-60,3.361420449376146e-60,5.056387524167442e-60,3.361420449376146e-60,5.056387524167442e-60,1.0,4.0,1.2105312414795662e-270,3.5456116505430593e-60,3.5456116505430593e-60,1.0,2.2100271810037212e-119,1.1979137475892804e-238,3.5456116505430593e-60,3.5456116505430593e-60,0.25494570375163744,1.7947921185953738e-59,1.8620187264432342e-55,0.0,2.4854953285872943e-59,0.0,1.8620203757841696e-55,1.0780001332318928e-197,True,True,False,240,2.3460003061846524e-60,0.9114996090624377,5.199060244122117e-60,0.25494570375163744,2.361446874054513e-61,True,2.492273161187768,0.7288744449615479,True,True,False,False,False,False,1.199611344358407e-60,1.199611344358407e-60
L128_gL0,128,2.0,gL,0,L128_gL0,L128_gL0_translated_t51p265,translated,0.5,1.0,open,0.0,51.265,0.4005078125,0.005,10253,"['charge_density_wave', 'block_cell8', 'block_cell24']","[['charge_density_wave', 'block_cell8'], ['charge_density_wave', 'block_cell24'], ['block_cell8', 'block_cell24']]",['block_cell24'],new_time_validation,"[200, 240, 280, 320]",block_cell8,2.0,0.003911531325304632,0.003911501402282164,7.551012073292273e-07,1.136561955083956e-06,7.551012073292273e-07,1.134069446264404e-06,0.9978069749665622,4.0,4.952372203246669e-242,0.2551307065119875,1.7947921185953738e-59,0.0007295564920526546,0.003853471348187869,0.003910746301074835,0.0039122565034894925,0.0,0.0009144958007792094,0.9464657958596945,3.0578355565667152,0.6491516549140215,5.660870654194268e-141,True,True,False,2.0,0.003911531325304632,0.003911501402282164,7.551012073292273e-07,1.136561955083956e-06,7.551012073292273e-07,1.134069446264404e-06,0.9978069749665622,4.0,4.952372203246669e-242,0.003911501402282164,0.003911531325304632,0.9999999999999999,1.5300077369132777e-05,9.224931359833556e-19,0.003911501402282164,0.003853471348187869,0.25513064306036404,1.7947921185953738e-59,0.0007295564920526546,0.003910746301074835,0.0039122565034894925,0.0,0.0009144958007792094,5.660924692102434e-141,True,True,False,240,0.003912232869715182,2.4421419289418787e-64,5.199060244122117e-60,0.25494570375163744,0.0001850027603500404,True,2.5105429850518703,0.7232231087982655,True,True,False,False,False,False,5.876152152731271e-05,7.314674330179821e-07
L128_gL0,128,2.0,gL,0,L128_gL0,L128_gL0_translated_t51p265,translated,0.5,1.0,open,0.0,51.265,0.4005078125,0.005,10253,"['charge_density_wave', 'block_cell8', 'block_cell24']","[['charge_density_wave', 'block_cell8'], ['charge_density_wave', 'block_cell24'], ['block_cell8', 'block_cell24']]",['block_cell24'],new_time_validation,"[200, 240, 280, 320]",block_cell24,4.0,0.053580236364292134,0.05350349137765118,1.3778935983176515e-09,2.0768555648668324e-09,1.3778935983176515e-09,2.0167024272281564e-09,0.971036436690034,8.0,3.776057946456225e-241,0.274567798839027,1.7947921185953738e-59,1.8874020436469765e-06,0.05256350862145034,0.053503489999757584,0.05350349275554478,0.01962020694645399,0.019623981750541284,0.9523520544171333,4.345329074189067,0.6707866415381432,2.0046101351133902e-137,True,False,True,2.0,0.05356727987512533,0.0534905904695832,1.3717739923075397e-05,2.067514049171146e-05,1.3717739923075397e-05,2.0076453984644486e-05,0.9710431710339775,4.0,1.2869774477326893e-241,0.0534905904695832,0.05356727987512533,0.9999999999999996,0.00286945348497998,3.374469445353688e-14,0.0534905904695832,0.05256350862145034,0.2745597185043481,1.7947921185953738e-59,0.01070801407096624,0.05347687272966013,0.05350430820950628,0.008906000681744419,0.0303220288236769,2.0129413800842431e-137,False,False,True,240,0.053503492557345905,5.374068264646373e-67,5.199060244122117e-60,0.25494570375163744,0.019622095087389546,False,2.5131021328270435,0.7362716794013977,False,True,False,False,False,False,0.0009399839358955678,1.290208776270202e-05
L128_gL0,128,2.0,gL,0,L128_gL0,L128_gL0_translated_t51p285,translated,0.5,1.0,open,0.0,51.285,0.4006640625,0.005,10257,"['charge_density_wave', 'block_cell8', 'block_cell24']","[['charge_density_wave', 'block_cell8'], ['charge_density_wave', 'block_cell24'], ['block_cell8', 'block_cell24']]",['block_cell24'],new_time_validation,"[200, 240, 280, 320]",charge_density_wave,0.0,0.0,0.0,5.480717597875304e-60,8.267693858713509e-60,5.480717597875304e-60,8.267693858713509e-60,1.0,0.0,0.0,0.25494570375163744,1.7022589411151197e-59,1.9672798953867664e-55,3.362812367697689e-60,0.0,2.2503307009026503e-59,0.0,1.9672798953867664e-55,1.0438166074454784,0.9006970394402742,0.9514665380120277,2.8785440641117207e-197,True,True,False,2.0,3.362812367697689e-60,3.362812367697689e-60,3.187318559239794e-60,4.7945008683468954e-60,3.187318559239794e-60,4.7945008683468954e-60,1.0,4.0,1.0997038925216462e-270,3.362812367697689e-60,3.362812367697689e-60,1.0,1.9879265789585614e-119,9.692248571165317e-239,3.362812367697689e-60,3.362812367697689e-60,0.25494570375163744,1.7022589411151197e-59,1.766634220549135e-55,0.0,2.357272033808868e-59,0.0,1.7666357848559488e-55,2.319949883761508e-197,True,True,False,240,2.2250487706548405e-60,0.9114996090624377,4.93101495948136e-60,0.25494570375163744,2.239301680567831e-61,True,2.475630532950163,0.7237447425723076,True,True,False,False,False,False,1.1377635970428483e-60,1.1377635970428483e-60
L128_gL0,128,2.0,gL,0,L128_gL0,L128_gL0_translated_t51p285,translated,0.5,1.0,open,0.0,51.285,0.4006640625,0.005,10257,"['charge_density_wave', 'block_cell8', 'block_cell24']","[['charge_density_wave', 'block_cell8'], ['charge_density_wave', 'block_cell24'], ['block_cell8', 'block_cell24']]",['block_cell24'],new_time_validation,"[200, 240, 280, 320]",block_cell8,2.0,0.0037079061258169796,0.003707880636880353,7.157509720154086e-07,1.0773343413910796e-06,7.157509720154086e-07,1.0750943719763733e-06,0.9979208224145033,4.0,7.437641736465584e-242,0.2551134170672779,1.7022589411151197e-59,0.0006939890814365618,0.0036528696433298967,0.0037071648859083378,0.0037085963878523685,0.0,0.0008616448256150219,0.9540133699774742,3.477001864463091,0.6421810016036034,5.366189001060024e-141,True,True,False,2.0,0.0037079061258169796,0.003707880636880353,7.157509720154086e-07,1.0773343413910796e-06,7.157509720154086e-07,1.0750943719763733e-06,0.9979208224145033,4.0,7.437641736465584e-242,0.003707880636880353,0.0037079061258169796,0.9999999999999999,1.3748567891964864e-05,7.437120034092942e-19,0.003707880636880353,0.0036528696433298967,0.25511335949581593,1.7022589411151197e-59,0.0006939890814365618,0.0037071648859083378,0.0037085963878523685,0.0,0.0008616448256150219,5.366228108528138e-141,True,True,False,240,0.0037085740773218938,2.442141928941879e-64,4.93101495948136e-60,0.25494570375163744,0.00016771331564046605,True,2.478173077106476,0.7065104600042105,True,True,False,False,False,False,5.5704433991997024e-05,6.934404415408386e-07
L128_gL0,128,2.0,gL,0,L128_gL0,L128_gL0_translated_t51p285,translated,0.5,1.0,open,0.0,51.285,0.4006640625,0.005,10257,"['charge_density_wave', 'block_cell8', 'block_cell24']","[['charge_density_wave', 'block_cell8'], ['charge_density_wave', 'block_cell24'], ['block_cell8', 'block_cell24']]",['block_cell24'],new_time_validation,"[200, 240, 280, 320]",block_cell24,4.0,0.05079038541345769,0.05072500084356369,1.3044940860167985e-09,1.9659979743459324e-09,1.3044940860167985e-09,1.9119085471317155e-09,0.9724875468235352,8.0,2.1391505288580324e-241,0.2728575276626531,1.7022589411151197e-59,1.791431509500932e-06,0.049833554274494096,0.0507249995390696,0.05072500214805778,0.01791003180291451,0.01791361466593351,0.9511112999171019,5.063132233917713,0.6670174077153206,1.9010309751009769e-137,True,False,True,2.0,0.05077810271388711,0.05071276550761976,1.298652844768595e-05,1.9570441039838572e-05,1.298652844768595e-05,1.9032135671113612e-05,0.9724939582286798,4.0,7.239602340499333e-242,0.05071276550761976,0.05077810271388711,0.9999999999999996,0.0025784157257722593,2.7202775328468456e-14,0.05071276550761976,0.049833554274494096,0.2728501294268326,1.7022589411151197e-59,0.01018276107359475,0.05069977897917208,0.05072575203606745,0.007721664601600396,0.028087186748789898,1.9081293737309966e-137,False,False,True,240,0.050725001962516926,5.374068264646373e-67,4.93101495948136e-60,0.25494570375163744,0.01791182391101565,False,2.510184835642576,0.7225551642477512,False,True,False,False,True,False,0.0008914476880228298,1.2236454897167348e-05
L128_gL0,128,2.0,gL,0,L128_gL0,L128_gL0_translated_t51p305,translated,0.5,1.0,open,0.0,51.305,0.4008203125,0.005,10261,"['charge_density_wave', 'block_cell8', 'block_cell24']","[['charge_density_wave', 'block_cell8'], ['charge_density_wave', 'block_cell24'], ['block_cell8', 'block_cell24']]",['block_cell24'],new_time_validation,"[200, 240, 280, 320]",charge_density_wave,0.0,0.0,0.0,5.197630596905901e-60,7.840661567067388e-60,5.197630596905901e-60,7.840661567067388e-60,1.0,0.0,0.0,0.25494570375163744,1.6144964492456836e-59,1.8665314288963258e-55,3.189437573798722e-60,0.0,2.1342595089362736e-59,0.0,1.8665314288963258e-55,0.9511381853371859,0.9716808442026377,0.6533308122307062,2.8785440641117207e-197,True,True,False,2.0,3.189437573798722e-60,3.189437573798722e-60,3.0222342830515077e-60,4.546178400140629e-60,3.0222342830515077e-60,4.546178400140629e-60,1.0,4.0,1.9350179019019185e-270,3.189437573798722e-60,3.189437573798722e-60,1.0,1.7881463760240532e-119,7.841940419692431e-239,3.189437573798722e-60,3.189437573798722e-60,0.25494570375163744,1.6144964492456836e-59,1.6761356949598775e-55,0.0,2.2356636349307065e-59,0.0,1.6761371786166247e-55,1.400256441562049e-197,True,True,False,240,2.1103330714582347e-60,0.9114996090624377,4.676789148215502e-60,0.25494570375163744,2.123474575938674e-61,True,2.4673087503761053,0.71518399938941,True,True,False,False,False,False,1.079104502340487e-60,1.079104502340487e-60
L128_gL0,128,2.0,gL,0,L128_gL0,L128_gL0_translated_t51p305,translated,0.5,1.0,open,0.0,51.305,0.4008203125,0.005,10261,"['charge_density_wave', 'block_cell8', 'block_cell24']","[['charge_density_wave', 'block_cell8'], ['charge_density_wave', 'block_cell24'], ['block_cell8', 'block_cell24']]",['block_cell24'],new_time_validation,"[200, 240, 280, 320]",block_cell8,2.0,0.003514882225851246,0.0035148605139271026,6.784555072300393e-07,1.0211994376857177e-06,6.784555072300393e-07,1.019186423099303e-06,0.9980287742901851,4.0,9.142380813446088e-242,0.2550977317796637,1.6144964492456836e-59,0.000660151172594615,0.0034627115102447113,0.0035141820584198725,0.0035155389694343326,0.0,0.0008121269691542065,0.9436099510639906,3.147470533847809,0.6484492775052786,5.0868476146507625e-141,True,True,False,2.0,0.003514882225851246,0.0035148605139271026,6.784555072300393e-07,1.0211994376857177e-06,6.784555072300393e-07,1.019186423099303e-06,0.9980287742901851,4.0,9.142380813446088e-242,0.0035148605139271026,0.003514882225851246,0.9999999999999999,1.2354397110136738e-05,5.995802412300081e-19,0.0035148605139271026,0.0034627115102447113,0.25509767954819706,1.6144964492456836e-59,0.000660151172594615,0.0035141820584198725,0.0035155389694343326,0.0,0.0008121269691542065,5.0868743648790424e-141,True,True,False,240,0.0035155179042862866,2.442141928941879e-64,4.676789148215502e-60,0.25494570375163744,0.00015202802802623716,True,2.4774951599538326,0.7075313553214073,True,True,False,False,False,False,5.280639404157527e-05,6.573903591840409e-07
L128_gL0,128,2.0,gL,0,L128_gL0,L128_gL0_translated_t51p305,translated,0.5,1.0,open,0.0,51.305,0.4008203125,0.005,10261,"['charge_density_wave', 'block_cell8', 'block_cell24']","[['charge_density_wave', 'block_cell8'], ['charge_density_wave', 'block_cell24'], ['block_cell8', 'block_cell24']]",['block_cell24'],new_time_validation,"[200, 240, 280, 320]",block_cell24,4.0,0.04814581322969817,0.048090108591434234,1.235081582897251e-09,1.8611956745452835e-09,1.235081582897251e-09,1.8125604267840449e-09,0.973868815393029,8.0,3.6283087184466194e-241,0.2712920384791302,1.6144964492456836e-59,1.7004309824901767e-06,0.04724472840963893,0.048090107356352656,0.04809010982651582,0.016344633677201632,0.01634803453916661,0.9483733344823122,4.397925574332476,0.6631727609783411,1.8027276666591932e-137,True,True,False,2.0,0.048134169277198526,0.04807850499856704,1.2295035186341947e-05,1.8526141244847736e-05,1.2295035186341947e-05,1.8042144284391005e-05,0.9738749179302877,4.0,3.175002509069912e-241,0.04807850499856704,0.048134169277198526,0.9999999999999996,0.002316898261470877,2.192915220151549e-14,0.04807850499856704,0.04724472840963893,0.2712852673386091,1.6144964492456836e-59,0.009683616038815533,0.0480662099633807,0.048090800033753385,0.006655947548156069,0.026023179625787138,1.8087753956085759e-137,False,True,False,240,0.048090109652726865,5.374068264646373e-67,4.676789148215502e-60,0.25494570375163744,0.016346334727492733,True,2.488879570737481,0.7174339238554239,True,True,False,False,False,False,0.0008453812430879379,1.1604654159821925e-05
L128_gL0,128,2.0,gL,0,L128_gL0,L128_gL0_translated_t51p325,translated,0.5,1.0,open,0.0,51.325,0.4009765625,0.005,10265,"['charge_density_wave', 'block_cell8', 'block_cell24']","[['charge_density_wave', 'block_cell8'], ['charge_density_wave', 'block_cell24'], ['block_cell8', 'block_cell24']]",['block_cell24'],new_time_validation,"[200, 240, 280, 320]",charge_density_wave,0.0,0.0,0.0,4.9291656539577903e-60,7.435686102253624e-60,4.9291656539577903e-60,7.435686102253624e-60,1.0,0.0,0.0,0.25494570375163744,1.531258683193864e-59,1.7709422547926375e-55,3.0250013752993213e-60,0.0,2.024175248589643e-59,0.0,1.7709422547926375e-55,0.9635506197810173,0.9532778467983007,0.6536192614585161,2.8785440641117207e-197,True,True,False,2.0,3.0250013752993213e-60,3.0250013752993213e-60,2.8657005449749765e-60,4.3107175623186075e-60,2.8657005449749765e-60,4.3107175623186075e-60,1.0,4.0,8.211891169412669e-271,3.0250013752993213e-60,3.0250013752993213e-60,1.0,1.6084434430687254e-119,6.34486714764602e-239,3.0250013752993213e-60,3.0250013752993213e-60,0.25494570375163744,1.531258683193864e-59,1.590272881637551e-55,0.0,2.120328875221294e-59,0.0,1.590274288802261e-55,5.9644373317638455e-198,True,True,False,240,2.001531710776687e-60,0.9114996090624377,4.4356703268178275e-60,0.25494570375163744,2.0136387418558354e-61,True,2.548493377864361,0.7455267645418644,True,True,False,False,False,False,1.0234696645226343e-60,1.0234696645226343e-60
L128_gL0,128,2.0,gL,0,L128_gL0,L128_gL0_translated_t51p325,translated,0.5,1.0,open,0.0,51.325,0.4009765625,0.005,10265,"['charge_density_wave', 'block_cell8', 'block_cell24']","[['charge_density_wave', 'block_cell8'], ['charge_density_wave', 'block_cell24'], ['block_cell8', 'block_cell24']]",['block_cell24'],new_time_validation,"[200, 240, 280, 320]",block_cell8,2.0,0.0033319076364458013,0.003331889141832726,6.431071109262736e-07,9.679951272271318e-07,6.431071109262736e-07,9.661860744132822e-07,0.9981311343797448,4.0,6.507224603395487e-242,0.2550835030941164,1.531258683193864e-59,0.0006279587682051799,0.0032824532280863487,0.0033312460347217996,0.003332532248943652,0.0,0.0007657107281388001,0.9626044724136591,3.113609116524458,0.650282733142376,4.822048017617522e-141,True,True,False,2.0,0.0033319076364458013,0.003331889141832726,6.431071109262736e-07,9.679951272271318e-07,6.431071109262736e-07,9.661860744132822e-07,0.9981311343797448,4.0,6.507224603395487e-242,0.003331889141832726,0.0033319076364458013,0.9999999999999999,1.1101608541347489e-05,4.8338225906567885e-19,0.003331889141832726,0.0032824532280863487,0.2550834557115711,1.531258683193864e-59,0.0006279587682051799,0.0033312460347217996,0.003332532248943652,0.0,0.0007657107281388001,4.822064583688152e-141,True,True,False,240,0.0033325123562604267,2.442141928941879e-64,4.4356703268178275e-60,0.25494570375163744,0.00013779934247894096,True,2.5556463040411472,0.7315307948738337,True,True,False,False,False,False,5.005912817407799e-05,6.232144277007988e-07
L128_gL0,128,2.0,gL,0,L128_gL0,L128_gL0_translated_t51p325,translated,0.5,1.0,open,0.0,51.325,0.4009765625,0.005,10265,"['charge_density_wave', 'block_cell8', 'block_cell24']","[['charge_density_wave', 'block_cell8'], ['charge_density_wave', 'block_cell24'], ['block_cell8', 'block_cell24']]",['block_cell24'],new_time_validation,"[200, 240, 280, 320]",block_cell24,4.0,0.045638953767500136,0.04559149688093044,1.1694328505985577e-09,1.7621046605208459e-09,1.1694328505985577e-09,1.7183750508707866e-09,0.9751833074221973,8.0,5.245723565455922e-241,0.2698596073666566,1.531258683193864e-59,1.614135191150075e-06,0.044789833548936606,0.04559149571149759,0.0455914980503633,0.014912288913158463,0.014915517183540764,0.9404898434877396,4.308506624773145,0.6663365550339222,1.7094428241314595e-137,True,True,False,2.0,0.04562791534218741,0.04558049284588073,1.1641040154591135e-05,1.7538806741860493e-05,1.1641040154591135e-05,1.710365341949777e-05,0.9751891147004816,4.0,7.852415871888244e-242,0.04558049284588073,0.04562791534218741,0.9999999999999996,0.0020819066669650415,1.7677928812636177e-14,0.04558049284588073,0.044789833548936606,0.26985341241696764,1.531258683193864e-59,0.00920924954397504,0.04556885180572614,0.04559213388603532,0.005698459121355151,0.02411695820930523,1.7145951919350797e-137,False,True,False,240,0.04559149788749401,5.374068264646374e-67,4.4356703268178275e-60,0.25494570375163744,0.014913903615019134,True,2.5578826013952494,0.7407831512391567,True,True,False,False,False,False,0.0008016643385574049,1.1005041613283695e-05
L128_gL2,128,2.0,gL,2,L128_gL2,L128_gL2_edge_t66p125,edge,0.5,1.0,open,0.015625,66.125,0.5166015625,0.005,13225,"['charge_density_wave', 'left', 'right']","[['charge_density_wave', 'left'], ['charge_density_wave', 'right'], ['left', 'right']]",['left'],new_time_validation,"[200, 240, 280, 320]",charge_density_wave,0.0,0.0,0.0,4.495492602420708e-77,6.7849425870472274e-77,4.495492602420708e-77,6.7849425870472274e-77,1.0,0.0,0.0,0.2497230754758906,9.08571325493297e-76,1.061428775491407e-71,3.1239009934009154e-77,0.0,9.535262515175041e-76,0.0,1.061428775491407e-71,0.9933516085147858,0.8518814966082573,0.6525834631174803,3.62733192331595e-198,True,True,False,2.0,2.943529435601032e-77,2.943529435601032e-77,2.4757304814127954e-77,3.727092337050159e-77,2.4757304814127954e-77,3.727092337050159e-77,1.0,4.0,4.7209647298602995e-279,2.943529435601032e-77,2.943529435601032e-77,1.0,1.5570930551906586e-153,5.984100389200973e-307,2.943529435601032e-77,3.1239009934009154e-77,0.2497230754758906,9.08571325493297e-76,1.0386698029694655e-71,0.0,9.627639246634353e-76,0.0,1.0386699385744698e-71,1.779289336600678e-197,True,True,False,240,1.981349983242139e-77,0.9098742411773187,4.345383203616505e-77,0.2497230754758906,1.7624681181793118e-78,True,2.3915314730256796,0.7097050920128822,True,True,False,False,False,False,1.1425510101587765e-77,9.62179452358893e-78
L128_gL2,128,2.0,gL,2,L128_gL2,L128_gL2_edge_t66p125,edge,0.5,1.0,open,0.015625,66.125,0.5166015625,0.005,13225,"['charge_density_wave', 'left', 'right']","[['charge_density_wave', 'left'], ['charge_density_wave', 'right'], ['left', 'right']]",['left'],new_time_validation,"[200, 240, 280, 320]",left,4.0,0.05757059252716685,0.05747542381809356,1.3819602208906895e-08,2.0729182109247462e-08,1.3819602208906895e-08,2.0094165843937307e-08,0.969366072333994,8.0,3.4121785424847534e-241,0.27189283445781615,9.08571325493297e-76,1.6890585628879442e-05,0.05577722969150735,0.05747540999849136,0.057475437637695775,0.022152859779505686,0.022186640950763444,0.9289950951933861,4.188275035470724,0.6456952281296253,8.621458185618493e-119,True,False,True,2.0,0.057528222906871276,0.057433263817858266,4.381038549602102e-05,6.563824346699599e-05,4.381038549602102e-05,6.362890570422518e-05,0.9693876975275681,4.0,8.771181651598424e-242,0.057433263817858266,0.057528222906871276,1.0,0.0033094964327830554,6.487890629606314e-15,0.057433263817858266,0.05577722969150735,0.27186516236709374,9.08571325493297e-76,0.030942378744020792,0.05738945343236224,0.05747707420335429,0.0,0.05308446563522395,8.66160152087175e-119,False,False,True,240,0.057475436947205326,1.4992766940713194e-86,4.345383203616505e-77,0.2497230754758906,0.022169758981925542,False,2.4138108137995005,0.7050036359578371,False,True,False,False,False,False,0.0016982072556979769,4.2173129347060356e-05
L128_gL2,128,2.0,gL,2,L128_gL2,L128_gL2_edge_t66p125,edge,0.5,1.0,open,0.015625,66.125,0.5166015625,0.005,13225,"['charge_density_wave', 'left', 'right']","[['charge_density_wave', 'left'], ['charge_density_wave', 'right'], ['left', 'right']]",['left'],new_time_validation,"[200, 240, 280, 320]",right,4.0,1.6337075905125578,0.8529045709310508,6.019399270562337e-07,1.6960843390353107e-06,6.019399270562337e-07,1.1902931832472436e-06,0.701788912174174,8.0,4.543471313708525e-241,0.8355053104333405,9.08571325493297e-76,0.0005903097883087918,0.8434510739034158,0.8529039689911238,0.8529051728709778,0.5851921124635662,0.5863727320401838,0.939795471727848,4.212052343413234,0.6576169524341822,7.91829989559543e-113,True,False,True,2.0,1.631894829190537,0.8526463181583919,0.0013637199372950714,0.0038698239753622,0.0013637199372950714,0.0027160291897032596,0.7018482512370734,4.0,4.918872322705737e-241,0.8526463181583919,1.631894829190537,1.0,2.663080734772035,3.2841723489989553e-09,0.8526463181583919,0.8434510739034158,0.8359374057942107,9.08571325493297e-76,0.6630390533495,0.8512825982210969,0.854010038095687,0.0,1.2492533836678201,1.0836360898274468e-111,False,False,True,240,0.852904682784802,1.5148251464512274e-91,4.345383203616505e-77,0.2497230754758906,0.58578223495745,False,2.4609811566770077,0.706280404701829,False,False,False,False,False,False,0.009453608881386244,0.0002583646264101569
L128_gL2,128,2.0,gL,2,L128_gL2,L128_gL2_edge_t66p145,edge,0.5,1.0,open,0.015625,66.145,0.5167578125,0.005,13229,"['charge_density_wave', 'left', 'right']","[['charge_density_wave', 'left'], ['charge_density_wave', 'right'], ['left', 'right']]",['left'],new_time_validation,"[200, 240, 280, 320]",charge_density_wave,0.0,0.0,0.0,4.263403459392203e-77,6.43465885605068e-77,4.263403459392203e-77,6.43465885605068e-77,1.0,0.0,0.0,0.2497230754758906,8.61728579280918e-76,1.0070080380228388e-71,2.9628436307915152e-77,0.0,9.043626138748401e-76,0.0,1.0070080380228388e-71,0.9523834306746721,0.8983585759997368,0.652888922020793,3.62733192331595e-198,True,True,False,2.0,2.791776275632643e-77,2.791776275632643e-77,2.3475994057269934e-77,3.5341991576847786e-77,2.3475994057269934e-77,3.5341991576847786e-77,1.0,4.0,5.934281474522962e-279,2.791776275632643e-77,2.791776275632643e-77,1.0,1.4006089061184934e-153,4.8416998772793754e-307,2.791776275632643e-77,2.9628436307915152e-77,0.2497230754758906,8.61728579280918e-76,9.854139741205923e-72,0.0,9.131223360945145e-76,0.0,9.854141027342874e-72,3.2639589493131306e-197,True,True,False,240,1.8792019342183776e-77,0.9098742411773187,4.121358048828113e-77,0.2497230754758906,1.6713784679570774e-78,True,2.507812410593033,0.7168582063168287,True,True,False,False,False,False,1.0836416965731376e-77,9.125743414142653e-78
L128_gL2,128,2.0,gL,2,L128_gL2,L128_gL2_edge_t66p145,edge,0.5,1.0,open,0.015625,66.145,0.5167578125,0.005,13229,"['charge_density_wave', 'left', 'right']","[['charge_density_wave', 'left'], ['charge_density_wave', 'right'], ['left', 'right']]",['left'],new_time_validation,"[200, 240, 280, 320]",left,4.0,0.05456894478143417,0.054487878907096506,1.3082115468457517e-08,1.9619795770171808e-08,1.3082115468457517e-08,1.9048820795291883e-08,0.9708980163928116,8.0,1.5213678239245387e-241,0.26996544311756054,8.61728579280918e-76,1.6035131776764544e-05,0.05287739122655843,0.05448786582498104,0.05448789198921198,0.020226324616657375,0.020258394880210903,0.9302038885653019,4.2250275276601315,0.6493294201791286,8.175815481565747e-119,True,False,True,2.0,0.05452878178254047,0.05444789450598974,4.146989555568989e-05,6.212175717069662e-05,4.146989555568989e-05,6.031517013513336e-05,0.9709186101964378,4.0,2.1753565600760356e-241,0.05444789450598974,0.05452878178254047,1.0,0.0029733880444462175,5.2281076887949235e-15,0.05444789450598974,0.05287739122655843,0.2699400965424984,8.61728579280918e-76,0.029435058673768433,0.05440642461043405,0.05448936440154543,0.0,0.04965207974037625,8.209991173706665e-119,False,False,True,240,0.05448789135959439,1.4992766940713194e-86,4.121358048828113e-77,0.2497230754758906,0.02024236764166996,False,2.5128219947218895,0.7213616166263819,False,True,False,False,False,False,0.001610500133035965,3.9996853604652716e-05
L128_gL2,128,2.0,gL,2,L128_gL2,L128_gL2_edge_t66p145,edge,0.5,1.0,open,0.015625,66.145,0.5167578125,0.005,13229,"['charge_density_wave', 'left', 'right']","[['charge_density_wave', 'left'], ['charge_density_wave', 'right'], ['left', 'right']]",['left'],new_time_validation,"[200, 240, 280, 320]",right,4.0,1.5484058101849543,0.84004236595526,5.894903909013379e-07,1.6010403118510437e-06,5.894903909013379e-07,1.128283268572721e-06,0.7047188382585169,8.0,4.177356737098533e-241,0.8557052015347627,8.61728579280918e-76,0.0005788892644351715,0.8300005481153107,0.8400417764648692,0.840042955445651,0.6054034115859008,0.6065611901147712,0.9211297314614058,4.143103888258338,0.6582919359207153,7.3887823005081e-113,True,False,True,2.0,1.546687596223481,0.8397676798255224,0.0013368350741561521,0.0036527249956526337,0.0013368350741561521,0.002574376750563539,0.7047825263679819,4.0,2.814910496041865e-241,0.8397676798255224,1.546687596223481,1.0,2.392242521417375,2.6453547094858215e-09,0.8397676798255224,0.8300005481153107,0.856108347270048,8.61728579280918e-76,0.6516723732830255,0.8384308447513662,0.8411045148996785,0.0,1.258057645077183,9.73428068990443e-112,False,False,True,240,0.840042484939273,1.5148251464512274e-91,4.121358048828113e-77,0.2497230754758906,0.6059821260588721,False,2.560164362192154,0.7212012987583876,False,False,False,False,False,False,0.010041936823962372,0.00027480511375066463
L128_gL2,128,2.0,gL,2,L128_gL2,L128_gL2_edge_t66p165,edge,0.5,1.0,open,0.015625,66.165,0.5169140625,0.005,13233,"['charge_density_wave', 'left', 'right']","[['charge_density_wave', 'left'], ['charge_density_wave', 'right'], ['left', 'right']]",['left'],new_time_validation,"[200, 240, 280, 320]",charge_density_wave,0.0,0.0,0.0,4.043296501933255e-77,6.102459245656125e-77,4.043296501933255e-77,6.102459245656125e-77,1.0,0.0,0.0,0.2497230754758906,8.173008805294812e-76,9.553774305756548e-72,2.8100898200890067e-77,0.0,8.577338455488138e-76,0.0,9.553774305756548e-72,0.9494175761938095,0.8559659197926521,0.6563351284712553,3.62733192331595e-198,True,True,False,2.0,2.6478467240300688e-77,2.6478467240300688e-77,2.226099801269867e-77,3.351289134153488e-77,2.226099801269867e-77,3.351289134153488e-77,1.0,4.0,6.279107148573154e-279,2.6478467240300688e-77,2.6478467240300688e-77,1.0,1.2598510459950208e-153,3.917390447518414e-307,2.6478467240300688e-77,2.8100898200890067e-77,0.2497230754758906,8.173008805294812e-76,9.348886524011828e-72,0.0,8.660403457824806e-76,0.0,9.348887743840154e-72,1.141915796174222e-197,True,True,False,240,1.782320104667158e-77,0.9098742411773187,3.9088824553858375e-77,0.2497230754758906,1.5849966773380557e-78,True,2.4001765325665474,0.704605795443058,True,True,False,False,False,False,1.0277697154218487e-77,8.655266193629108e-78
L128_gL2,128,2.0,gL,2,L128_gL2,L128_gL2_edge_t66p165,edge,0.5,1.0,open,0.015625,66.165,0.5169140625,0.005,13233,"['charge_density_wave', 'left', 'right']","[['charge_density_wave', 'left'], ['charge_density_wave', 'right'], ['left', 'right']]",['left'],new_time_validation,"[200, 240, 280, 320]",left,4.0,0.05172381343376928,0.05165476222865873,1.23847451972444e-08,1.8571231826526755e-08,1.23847451972444e-08,1.80578603849347e-08,0.9723566295231549,8.0,1.9934403778473086e-241,0.2682004958520508,8.173008805294812e-76,1.522376501018137e-05,0.05012752641443439,0.051654749843913536,0.05165477461340393,0.01846218938365187,0.01849263691367223,0.930423142388463,4.262247392907739,0.6547695342451334,7.752837979807399e-119,True,False,True,2.0,0.05168574212599451,0.051616843081139306,3.925685142134027e-05,5.879825326752644e-05,3.925685142134027e-05,5.717402420672199e-05,0.9723762361882698,4.0,1.444739476210405e-241,0.051616843081139306,0.05168574212599451,1.0,0.0026714159406918516,4.212950385899969e-15,0.051616843081139306,0.05012752641443439,0.2681772887949599,8.173008805294812e-76,0.02800204387559206,0.05157758622971796,0.051656099932560644,0.0,0.04645625719466133,7.781929734090372e-119,False,False,True,240,0.051654774038812294,1.4992766940713194e-86,3.9088824553858375e-77,0.2497230754758906,0.01847742037616021,False,2.398116262629628,0.70303257368505,False,True,False,False,False,False,0.001527247624377906,3.793095767298804e-05
L128_gL2,128,2.0,gL,2,L128_gL2,L128_gL2_edge_t66p165,edge,0.5,1.0,open,0.015625,66.165,0.5169140625,0.005,13233,"['charge_density_wave', 'left', 'right']","[['charge_density_wave', 'left'], ['charge_density_wave', 'right'], ['left', 'right']]",['left'],new_time_validation,"[200, 240, 280, 320]",right,4.0,1.4675584041553167,0.8263866631068677,5.765405813100354e-07,1.510892988467268e-06,5.765405813100354e-07,1.0695040692100306e-06,0.7078622227871967,8.0,2.4778225447117174e-241,0.8743756631440388,8.173008805294812e-76,0.0005669919556427647,0.8157586748620753,0.8263860865662863,0.826387239647449,0.6240857556158367,0.6252197395271222,0.9289527498185635,4.240337522700429,0.6553198285400867,6.758686460795152e-113,True,False,True,2.0,1.465929805867855,0.8260955434378894,0.0013086051897014922,0.003446825789586376,0.0013086051897014922,0.0024401127193637985,0.7079303882244119,4.0,6.110881982147793e-241,0.8260955434378894,1.465929805867855,1.0,2.148950196723321,2.13080040809288e-09,0.8260955434378894,0.8157586748620753,0.8747443598354665,8.173008805294812e-76,0.6396997218448143,0.8247869382481878,0.8274041486275908,0.0,1.26472100620439,8.744289797139295e-112,False,False,True,240,0.8263867892229402,1.5148251464512274e-91,3.9088824553858375e-77,0.2497230754758906,0.6246525876681482,False,2.4516755491495132,0.7104059588164091,False,False,False,False,False,False,0.01062811436086486,0.0002912457850507977
L128_gL2,128,2.0,gL,2,L128_gL2,L128_gL2_edge_t66p185,edge,0.5,1.0,open,0.015625,66.185,0.5170703125,0.005,13237,"['charge_density_wave', 'left', 'right']","[['charge_density_wave', 'left'], ['charge_density_wave', 'right'], ['left', 'right']]",['left'],new_time_validation,"[200, 240, 280, 320]",charge_density_wave,0.0,0.0,0.0,3.8345531142887355e-77,5.787410117905879e-77,3.8345531142887355e-77,5.787410117905879e-77,1.0,0.0,0.0,0.2497230754758906,7.751637178746834e-76,9.063939087823155e-72,2.6652114593230528e-77,0.0,8.135092490175707e-76,0.0,9.063939087823155e-72,0.993063822388649,0.8537922073155642,0.6566158439964056,3.62733192331595e-198,True,True,False,2.0,2.5113374359946823e-77,2.5113374359946823e-77,2.110888450350534e-77,3.177845584688259e-77,2.110888450350534e-77,3.177845584688259e-77,1.0,4.0,1.0361954068536259e-278,2.5113374359946823e-77,2.5113374359946823e-77,1.0,1.1332390193545522e-153,3.1695372095082533e-307,2.5113374359946823e-77,2.6652114593230528e-77,0.2497230754758906,7.751637178746834e-76,8.869538449620407e-72,0.0,8.213859767381356e-76,0.0,8.869539606558744e-72,1.4782531364379806e-197,True,True,False,240,1.6904329958408247e-77,0.9098742411773187,3.707360988517361e-77,0.2497230754758906,1.503079422433122e-78,True,2.4058505408465862,0.7026655059307814,True,True,False,False,False,False,9.747784634822281e-78,8.2090444015385765e-78
L128_gL2,128,2.0,gL,2,L128_gL2,L128_gL2_edge_t66p185,edge,0.5,1.0,open,0.015625,66.185,0.5170703125,0.005,13237,"['charge_density_wave', 'left', 'right']","[['charge_density_wave', 'left'], ['charge_density_wave', 'right'], ['left', 'right']]",['left'],new_time_validation,"[200, 240, 280, 320]",left,4.0,0.04902703638801461,0.048968220471186534,1.1725247097524488e-08,1.75800169578911e-08,1.1725247097524488e-08,1.7118455045374682e-08,0.9737450814966799,8.0,2.2777590983143883e-241,0.2665849431413586,7.751637178746834e-76,1.4454150296848398e-05,0.04751999699077457,0.048968208745939434,0.048968232196433634,0.016847406899825335,0.01687631520041903,0.9402240794152021,4.251018552109599,0.6522242594510317,7.351428092794302e-119,True,True,False,2.0,0.04899094782760344,0.048932261542162334,3.716411677259521e-05,5.5656701690519034e-05,3.716411677259521e-05,5.4196478211615e-05,0.9737637439059244,4.0,7.02840136351743e-242,0.048932261542162334,0.04899094782760344,1.0,0.0024001129704614437,3.394915581427431e-15,0.048932261542162334,0.04751999699077457,0.2665637032353805,7.751637178746834e-76,0.026639591593780994,0.048895097425389736,0.048969425658934924,0.0,0.04348021935327088,7.376189142286709e-119,False,True,False,240,0.04896823167161884,1.4992766940713194e-86,3.707360988517361e-77,0.2497230754758906,0.016861867665468024,True,2.4045530632138252,0.7106778547167778,True,True,False,False,False,False,0.0014482346808442695,3.5970129456504296e-05
L128_gL2,128,2.0,gL,2,L128_gL2,L128_gL2_edge_t66p185,edge,0.5,1.0,open,0.015625,66.185,0.5170703125,0.005,13237,"['charge_density_wave', 'left', 'right']","[['charge_density_wave', 'left'], ['charge_density_wave', 'right'], ['left', 'right']]",['left'],new_time_validation,"[200, 240, 280, 320]",right,4.0,1.390932745019459,0.8119414754935764,5.630952661313858e-07,1.425410789268245e-06,5.630952661313858e-07,1.0137872530332185e-06,0.7112246242738633,8.0,1.168636796825826e-240,0.8912553398460362,7.751637178746834e-76,0.0005546197086257413,0.8007356323820471,0.8119409123983103,0.8119420385888426,0.6409777873733129,0.6420870267905644,0.9283143319189548,4.220073131844401,0.6587723642587662,6.075911365738114e-113,True,False,True,2.0,1.3893890879836543,0.8116340900035557,0.00127906334359034,0.003251596024676949,0.00127906334359034,0.002312851692833159,0.7112973675944091,4.0,9.838800533888584e-241,0.8116340900035557,1.3893890879836543,1.0,1.9304020386971592,1.7163367904492294e-09,0.8116340900035557,0.8007356323820471,0.891584279471169,7.751637178746834e-76,0.6271288444077822,0.8103550266599654,0.812913153347146,0.01473235958749631,1.2689900484030607,7.854987384794863e-112,False,False,True,240,0.8119416086707805,1.5148251464512274e-91,3.707360988517361e-77,0.2497230754758906,0.6415322643701455,False,2.459062023088336,0.7101616803556681,False,False,False,False,False,False,0.011205976288733321,0.00030751866722478205
L128_gL2,128,2.0,gL,2,L128_gL2,L128_gL2_edge_t66p205,edge,0.5,1.0,open,0.015625,66.205,0.5172265625,0.005,13241,"['charge_density_wave', 'left', 'right']","[['charge_density_wave', 'left'], ['charge_density_wave', 'right'], ['left', 'right']]",['left'],new_time_validation,"[200, 240, 280, 320]",charge_density_wave,0.0,0.0,0.0,3.636586618847294e-77,5.488626036649639e-77,3.636586618847294e-77,5.488626036649639e-77,1.0,0.0,0.0,0.2497230754758906,7.351989993208226e-76,8.599217616390083e-72,2.5278025179572107e-77,0.0,7.715648655092955e-76,0.0,8.599217616390083e-72,0.9490844756364822,0.849311800673604,0.6580078452825546,3.62733192331595e-198,True,True,False,2.0,2.3818658611003097e-77,2.3818658611003097e-77,2.001639898995195e-77,3.0133785688373025e-77,2.001639898995195e-77,3.0133785688373025e-77,1.0,4.0,2.5743890631025496e-279,2.3818658611003097e-77,2.3818658611003097e-77,1.0,1.0193512028716248e-153,2.5644536221354386e-307,2.3818658611003097e-77,2.5278025179572107e-77,0.2497230754758906,7.351989993208226e-76,8.414767361466567e-72,0.0,7.790340569217777e-76,0.0,8.414768458757299e-72,2.1718386306153667e-198,True,True,False,240,1.6032831060478594e-77,0.9098742411773187,3.5162289109424e-77,0.2497230754758906,1.4253959556520022e-78,True,2.4436611626297235,0.7042070422321558,True,True,False,False,False,False,9.245194119093513e-78,7.785827550524503e-78
L128_gL2,128,2.0,gL,2,L128_gL2,L128_gL2_edge_t66p205,edge,0.5,1.0,open,0.015625,66.205,0.5172265625,0.005,13241,"['charge_density_wave', 'left', 'right']","[['charge_density_wave', 'left'], ['charge_density_wave', 'right'], ['left', 'right']]",['left'],new_time_validation,"[200, 240, 280, 320]",left,4.0,0.04647087723068603,0.04642078044012519,1.1101506487914665e-08,1.664288888000172e-08,1.1101506487914665e-08,1.6227922437473353e-08,0.9750664415582926,8.0,2.4464009257476346e-241,0.26510669932822223,7.351989993208226e-76,1.372408020734361e-05,0.045047536111419435,0.046420769338618696,0.04642079154163167,0.015369893719322524,0.015397341879737212,0.9843754936009645,4.1328742280602455,0.6544098854064941,6.970533088509606e-119,True,True,False,2.0,0.046436668148557785,0.046386681792444893,3.518496768148444e-05,5.2686743016175784e-05,3.518496768148444e-05,5.1374010728061864e-05,0.975084201205778,4.0,1.7447224035296433e-241,0.046386681792444893,0.046436668148557785,1.0,0.0021563641500079557,2.7357249324664968e-15,0.046386681792444893,0.045047536111419435,0.26508726701418295,7.351989993208226e-76,0.025344152252670584,0.04635149682476341,0.04642186676012638,0.0,0.040708343790962956,6.991605387320433e-119,False,True,False,240,0.046420791061878505,1.4992766940713194e-86,3.5162289109424e-77,0.2497230754758906,0.015383623852331654,True,2.463394621387124,0.709263427183032,True,True,False,False,False,False,0.00137325495045907,3.4109269433611755e-05
L128_gL2,128,2.0,gL,2,L128_gL2,L128_gL2_edge_t66p205,edge,0.5,1.0,open,0.015625,66.205,0.5172265625,0.005,13241,"['charge_density_wave', 'left', 'right']","[['charge_density_wave', 'left'], ['charge_density_wave', 'right'], ['left', 'right']]",['left'],new_time_validation,"[200, 240, 280, 320]",right,4.0,1.3183083555143507,0.7967192042643861,5.491683723501128e-07,1.3443754908543236e-06,5.491683723501128e-07,9.60973259267316e-07,0.714810159665018,8.0,4.9901520163742394e-241,0.9060957917492539,7.351989993208226e-76,0.0005417826457022182,0.7849503378406735,0.7967186550960138,0.7967197534327585,0.6558310569930977,0.6569146222845023,0.9827573839575052,4.22399191185832,0.6584055814892054,6.371618352485911e-113,True,False,True,2.0,1.3168452091505152,0.7963958998140399,0.001248261553702589,0.0030665359539464483,0.001248261553702589,0.002192228373354221,0.7148875494294968,4.0,3.481835836078705e-241,0.7963958998140399,1.3168452091505152,1.0,1.7340813056599127,1.3824936169490287e-09,0.7963958998140399,0.7849503378406735,0.9063800118795816,7.351989993208226e-76,0.6139752453643543,0.7951476382603373,0.7976441613677425,0.04268169103933675,1.2706321817680455,7.05613227779783e-112,False,False,True,240,0.7967193443541566,1.5148251464512274e-91,3.5162289109424e-77,0.2497230754758906,0.6563727162733634,False,2.520139267668128,0.7104450352489948,False,False,False,False,False,False,0.011769006513483116,0.00032344454011667967
L128_gL2,128,2.0,gL,2,L128_gL2,L128_gL2_edge_t67p385,edge,0.5,1.0,open,0.015625,67.385,0.5264453125,0.005,13477,"['charge_density_wave', 'left', 'right']","[['charge_density_wave', 'left'], ['charge_density_wave', 'right'], ['left', 'right']]",['right'],new_time_validation,"[200, 240, 280, 320]",charge_density_wave,0.0,0.0,0.0,1.5939860499432258e-78,2.405836043425271e-78,1.5939860499432258e-78,2.405836043425271e-78,1.0,0.0,0.0,0.2497230754758906,3.2365450059010962e-77,3.852703330349937e-73,1.1128070934477007e-78,0.0,3.3959436108954187e-77,0.0,3.852703330349937e-73,0.9671569466590881,0.9131063967943192,0.6554113663733006,3.62733192331595e-198,True,True,False,2.0,1.0486699312976217e-78,1.0486699312976217e-78,8.704175382055359e-79,1.3104161349606437e-78,8.704175382055359e-79,1.3104161349606437e-78,1.0,4.0,1.778176641847726e-279,1.0486699312976217e-78,1.0486699312976217e-78,1.0,1.9699864213781234e-156,9.57051998867e-313,1.0486699312976217e-78,1.1128070934477007e-78,0.2497230754758906,3.2365450059010962e-77,3.769622573369101e-73,0.0,3.428453752851412e-77,0.0,3.7696230564280326e-73,9.097356199253813e-198,True,True,False,240,7.058838745319724e-79,0.9098742411773187,1.5481062278378628e-78,0.2497230754758906,6.226332109155244e-80,True,2.416620511561632,0.7108448799699545,True,True,False,False,False,False,4.069232189157283e-79,3.4278605676564925e-79
L128_gL2,128,2.0,gL,2,L128_gL2,L128_gL2_edge_t67p385,edge,0.5,1.0,open,0.015625,67.385,0.5264453125,0.005,13477,"['charge_density_wave', 'left', 'right']","[['charge_density_wave', 'left'], ['charge_density_wave', 'right'], ['left', 'right']]",['right'],new_time_validation,"[200, 240, 280, 320]",left,2.0,0.001972623832958751,0.0019726199949888492,1.4654054853767868e-06,2.192636528582545e-06,1.4654054853767868e-06,2.1902373494761376e-06,0.9989058017253966,4.0,2.6334603296160913e-242,0.24977551062448777,3.2365450059010962e-77,0.0013536480677228992,0.001915459103874524,0.0019711545895034726,0.0019740854004742263,0.0,0.001406011502285054,0.9496749397367239,3.0403167493641376,0.6546928435564041,2.9699576445305744e-120,True,True,False,2.0,0.001972623832958751,0.0019726199949888492,1.4654054853767868e-06,2.192636528582545e-06,1.4654054853767868e-06,2.1902373494761376e-06,0.9989058017253966,4.0,2.6334603296160913e-242,0.0019726199949888492,0.001972623832958751,1.0,3.891244788430658e-06,8.069598791606537e-21,0.0019726199949888492,0.001915459103874524,0.24977543891045276,3.2365450059010962e-77,0.0013536480677228992,0.0019711545895034726,0.0019740854004742263,0.0,0.001406011502285054,2.9699576445305744e-120,True,True,False,240,0.001974078775708698,1.4992766940713194e-86,1.5481062278378628e-78,0.2497230754758906,5.2435148597184825e-05,True,2.4255357570946217,0.7106262259185314,True,True,False,False,False,False,5.8619671834174e-05,1.4587807198487672e-06
L128_gL2,128,2.0,gL,2,L128_gL2,L128_gL2_edge_t67p385,edge,0.5,1.0,open,0.015625,67.385,0.5264453125,0.005,13477,"['charge_density_wave', 'left', 'right']","[['charge_density_wave', 'left'], ['charge_density_wave', 'right'], ['left', 'right']]",['right'],new_time_validation,"[200, 240, 280, 320]",right,4.0,0.05574356446783833,0.05565715854294159,2.815292019788458e-08,4.217385168439937e-08,2.815292019788458e-08,4.0923729621338933e-08,0.970357887337028,8.0,3.03243083627836e-241,0.2707118097601704,3.2365450059010962e-77,3.312695964601815e-05,0.053491733466017356,0.055657130390021396,0.055657186695861796,0.020955590027257977,0.021021843946550014,0.9289428796619177,4.2018114142119884,0.6609526555985212,1.1279371791574423e-113,True,False,True,2.0,0.055681482652197495,0.05559536465218504,6.407162166659448e-05,9.586894516889305e-05,6.407162166659448e-05,9.303022670537626e-05,0.9703895932252535,4.0,1.013206625801913e-241,0.05559536465218504,0.055681482652197495,1.0,0.0031004275116303425,3.979002863309225e-15,0.05559536465218504,0.053491733466017356,0.2706720902171396,3.2365450059010962e-77,0.04369367612399137,0.05553129303051845,0.055659436273851635,0.0,0.06464269086524041,1.1327946870621507e-113,False,False,True,240,0.055657185455363946,1.5148251464512274e-91,1.5481062278378628e-78,0.2497230754758906,0.02098873428427982,False,2.470598129555583,0.7177894674241543,False,True,False,False,False,False,0.0021654519893465896,6.182080317890248e-05
L128_gL2,128,2.0,gL,2,L128_gL2,L128_gL2_edge_t67p405,edge,0.5,1.0,open,0.015625,67.405,0.5266015625,0.005,13481,"['charge_density_wave', 'left', 'right']","[['charge_density_wave', 'left'], ['charge_density_wave', 'right'], ['left', 'right']]",['right'],new_time_validation,"[200, 240, 280, 320]",charge_density_wave,0.0,0.0,0.0,1.5116955565824225e-78,2.2816343362709997e-78,1.5116955565824225e-78,2.2816343362709997e-78,1.0,0.0,0.0,0.2497230754758906,3.069680113665967e-77,3.655149980407927e-73,1.0554346684117202e-78,0.0,3.2208496693242094e-77,0.0,3.655149980407927e-73,0.9533171076327562,0.8627648167312145,0.657526521012187,3.62733192331595e-198,True,True,False,2.0,9.946059307997938e-79,9.946059307997938e-79,8.253707115398733e-79,1.2425986660306515e-78,8.253707115398733e-79,1.2425986660306515e-78,1.0,4.0,1.7251669023615514e-279,9.946059307997938e-79,9.946059307997938e-79,1.0,1.7720078346937446e-156,7.74345055077e-313,9.946059307997938e-79,1.0554346684117202e-78,0.2497230754758906,3.069680113665967e-77,3.576322266785398e-73,0.0,3.2516777778999337e-77,0.0,3.576322724939538e-73,2.153484779113956e-198,True,True,False,240,6.694921908038941e-79,0.9098742411773187,1.4682939941779743e-78,0.2497230754758906,5.904553290475057e-80,True,2.395525297150016,0.6986670717597008,True,True,False,False,False,False,3.859424776078261e-79,3.251137399958998e-79
L128_gL2,128,2.0,gL,2,L128_gL2,L128_gL2_edge_t67p405,edge,0.5,1.0,open,0.015625,67.405,0.5266015625,0.005,13481,"['charge_density_wave', 'left', 'right']","[['charge_density_wave', 'left'], ['charge_density_wave', 'right'], ['left', 'right']]",['right'],new_time_validation,"[200, 240, 280, 320]",left,2.0,0.0018698068156741223,0.0018698035470944077,1.389023589650057e-06,2.078357268308526e-06,1.389023589650057e-06,2.0762014849621625e-06,0.9989627465021362,4.0,1.7778980028923726e-242,0.24977056190074337,3.069680113665967e-77,0.0012878501175945664,0.0018156204644995135,0.0018684145235047577,0.0018711925706840578,0.0,0.0013352715517008023,0.987163957208395,2.9318383522331715,0.6489711906760931,2.8151570804778625e-120,True,True,False,2.0,0.0018698068156741223,0.0018698035470944077,1.389023589650057e-06,2.078357268308526e-06,1.389023589650057e-06,2.0762014849621625e-06,0.9989627465021362,4.0,1.7778980028923726e-242,0.0018698035470944077,0.0018698068156741223,1.0,3.496177529801558e-06,6.503437610253528e-21,0.0018698035470944077,0.0018156204644995135,0.24977049690999684,3.069680113665967e-77,0.0012878501175945664,0.0018684145235047577,0.0018711925706840578,0.0,0.0013352715517008023,2.8151570804778625e-120,True,True,False,240,0.00187118637470747,1.4992766940713194e-86,1.4682939941779743e-78,0.2497230754758906,4.748642485278442e-05,True,2.4068461637943983,0.6977399047464132,True,True,False,False,False,False,5.5565910207956573e-05,1.3828276130623592e-06
L128_gL2,128,2.0,gL,2,L128_gL2,L128_gL2_edge_t67p405,edge,0.5,1.0,open,0.015625,67.405,0.5266015625,0.005,13481,"['charge_density_wave', 'left', 'right']","[['charge_density_wave', 'left'], ['charge_density_wave', 'right'], ['left', 'right']]",['right'],new_time_validation,"[200, 240, 280, 320]",right,4.0,0.052834006475749797,0.05276041922579902,2.664984584830325e-08,3.991614274261981e-08,2.664984584830325e-08,3.8792258092589374e-08,0.9718438563245636,8.0,3.673820426881729e-241,0.26888190808109136,3.069680113665967e-77,3.145190495079614e-05,0.05070703177085042,0.05276039257595318,0.05276044587564487,0.019127364860971458,0.01919026867087305,0.9715186208486557,4.1800572872161865,0.6588972415775061,1.0695295516143762e-113,True,False,True,2.0,0.052775161692834104,0.05270181970536048,6.0647138141365375e-05,9.073162460846388e-05,6.0647138141365375e-05,8.817971089590159e-05,0.9718740436581553,4.0,1.6271697419981955e-241,0.05270181970536048,0.052775161692834104,1.0,0.0027852176928556574,3.205430994763119e-15,0.05270181970536048,0.05070703177085042,0.2688455393138101,3.069680113665967e-77,0.041571557154920724,0.05264117256721912,0.052762466843501846,0.0,0.060694020992840256,1.073666843582958e-113,False,False,True,240,0.052760444748730546,1.5148251464512274e-91,1.4682939941779743e-78,0.2497230754758906,0.019158832605200765,False,2.425567038357258,0.7043447643518448,False,True,False,False,False,False,0.0020534129778801286,5.8625043370064134e-05
L128_gL2,128,2.0,gL,2,L128_gL2,L128_gL2_edge_t67p425,edge,0.5,1.0,open,0.015625,67.425,0.5267578125,0.005,13485,"['charge_density_wave', 'left', 'right']","[['charge_density_wave', 'left'], ['charge_density_wave', 'right'], ['left', 'right']]",['right'],new_time_validation,"[200, 240, 280, 320]",charge_density_wave,0.0,0.0,0.0,1.4336533943574575e-78,2.1638446157666304e-78,1.4336533943574575e-78,2.1638446157666304e-78,1.0,0.0,0.0,0.2497230754758906,2.9114181891664553e-77,3.4677261813180586e-73,1.0010201640916394e-78,0.0,3.054783528602201e-77,0.0,3.4677261813180586e-73,0.9511293545365334,0.925084512680769,0.6552536897361279,3.62733192331595e-198,True,True,False,2.0,9.433291906752865e-79,9.433291906752865e-79,7.826552211324461e-79,1.178290961965312e-78,7.826552211324461e-79,1.178290961965312e-78,1.0,4.0,1.972940773718835e-279,9.433291906752865e-79,9.433291906752865e-79,1.0,1.5939255937849093e-156,6.2651795831e-313,9.433291906752865e-79,1.0010201640916394e-78,0.2497230754758906,2.9114181891664553e-77,3.392933799333811e-73,0.0,3.0840166303472286e-77,0.0,3.3929342338671606e-73,1.2144529580510383e-197,True,True,False,240,6.349766721012708e-79,0.9098742411773187,1.3925964604753689e-78,0.2497230754758906,5.5994043504282956e-80,True,2.406841581687331,0.705440329387784,True,True,False,False,False,False,3.660434919903686e-79,3.083525185740156e-79
L128_gL2,128,2.0,gL,2,L128_gL2,L128_gL2_edge_t67p425,edge,0.5,1.0,open,0.015625,67.425,0.5267578125,0.005,13485,"['charge_density_wave', 'left', 'right']","[['charge_density_wave', 'left'], ['charge_density_wave', 'right'], ['left', 'right']]",['right'],new_time_validation,"[200, 240, 280, 320]",left,2.0,0.0017723493030663974,0.001772346519401598,1.3166271595235678e-06,1.970040472956292e-06,1.3166271595235678e-06,1.9681033938518002e-06,0.9990167313153799,4.0,3.6079106863986395e-242,0.24976607756780475,2.9114181891664553e-77,0.0012252373605766166,0.0017209861060862718,0.0017710298922420746,0.0017736631465611217,0.0,0.0012681805589706166,0.9321264810860157,2.990711487829685,0.6519207116216421,2.668425627491774e-120,True,True,False,2.0,0.0017723493030663974,0.001772346519401598,1.3166271595235678e-06,1.970040472956292e-06,1.3166271595235678e-06,1.9681033938518002e-06,0.9990167313153799,4.0,3.6079106863986395e-242,0.001772346519401598,0.0017723493030663974,1.0,3.141222053748483e-06,5.241248925741369e-21,0.001772346519401598,0.0017209861060862718,0.2497660186742846,2.9114181891664553e-77,0.0012252373605766166,0.0017710298922420746,0.0017736631465611217,0.0,0.0012681805589706166,2.668425627491774e-120,True,True,False,240,0.001773657348705127,1.4992766940713194e-86,1.3925964604753689e-78,0.2497230754758906,4.300209191414793e-05,True,2.416521107777953,0.7060184963047504,True,True,False,False,False,False,5.267124261885514e-05,1.31082930352887e-06
L128_gL2,128,2.0,gL,2,L128_gL2,L128_gL2_edge_t67p425,edge,0.5,1.0,open,0.015625,67.425,0.5267578125,0.005,13485,"['charge_density_wave', 'left', 'right']","[['charge_density_wave', 'left'], ['charge_density_wave', 'right'], ['left', 'right']]",['right'],new_time_validation,"[200, 240, 280, 320]",right,4.0,0.050076328892332544,0.050013660060299545,2.522853735889147e-08,3.7782164778962984e-08,2.522853735889147e-08,3.6771809551082205e-08,0.973258408198904,8.0,1.4308466096339886e-241,0.2672068054732428,2.9114181891664553e-77,2.9862983400201714e-05,0.04806660265880269,0.05001363483176219,0.0500136852888369,0.017453852515599912,0.017513578482400316,0.9331598710268736,4.199001599103212,0.6605525352060795,1.014101840057469e-113,True,False,True,2.0,0.05002055234493725,0.04995809242619622,5.740914593380145e-05,8.587611377714081e-05,5.740914593380145e-05,8.358211740464404e-05,0.9732871427036164,4.0,1.0252898820455017e-241,0.04995809242619622,0.05002055234493725,1.0,0.0025020556579246614,2.5822569155480974e-15,0.04995809242619622,0.04806660265880269,0.2671735179792696,2.9114181891664553e-77,0.03955362743417678,0.04990068328026242,0.05001550157213002,0.0,0.057004069937555746,1.0176255653555859e-113,False,False,False,240,0.05001368426432478,1.5148251464512274e-91,1.3925964604753689e-78,0.2497230754758906,0.01748372999735221,False,2.4693955779075623,0.7141594346612692,False,True,False,False,True,True,0.0019470816055220871,5.559183812856028e-05
L128_gL2,128,2.0,gL,2,L128_gL2,L128_gL2_edge_t67p445,edge,0.5,1.0,open,0.015625,67.445,0.5269140625,0.005,13489,"['charge_density_wave', 'left', 'right']","[['charge_density_wave', 'left'], ['charge_density_wave', 'right'], ['left', 'right']]",['right'],new_time_validation,"[200, 240, 280, 320]",charge_density_wave,0.0,0.0,0.0,1.359640237006132e-78,2.0521358566051603e-78,1.359640237006132e-78,2.0521358566051603e-78,1.0,0.0,0.0,0.2497230754758906,2.761315693603784e-77,3.289912555982815e-73,9.494110804849562e-79,0.0,2.897279717304397e-77,0.0,3.289912555982815e-73,0.9544040281325579,0.9233952518552542,0.6676762569695711,3.62733192331595e-198,True,True,False,2.0,8.946960141887061e-79,8.946960141887061e-79,7.421504107324395e-79,1.1173113797872426e-78,7.421504107324395e-79,1.1173113797872426e-78,1.0,4.0,1.2406973364600594e-279,8.946960141887061e-79,8.946960141887061e-79,1.0,1.4337401658478131e-156,5.06911937394e-313,8.946960141887061e-79,9.494110804849562e-79,0.2497230754758906,2.761315693603784e-77,3.2189489380489106e-73,0.0,2.9250003360958985e-77,0.0,3.2189493501792735e-73,2.6011146907470557e-198,True,True,False,240,6.022405931609869e-79,0.9098742411773187,1.3208014943923123e-78,0.2497230754758906,5.310025825921329e-80,True,2.4073749352246523,0.6982000656425953,True,True,False,False,False,False,3.4717048732396935e-79,2.924554210277192e-79
L128_gL2,128,2.0,gL,2,L128_gL2,L128_gL2_edge_t67p445,edge,0.5,1.0,open,0.015625,67.445,0.5269140625,0.005,13489,"['charge_density_wave', 'left', 'right']","[['charge_density_wave', 'left'], ['charge_density_wave', 'right'], ['left', 'right']]",['right'],new_time_validation,"[200, 240, 280, 320]",left,2.0,0.0016799718967876738,0.0016799695260956676,1.2480078326549174e-06,1.8673744388292268e-06,1.2480078326549174e-06,1.8656338771274386e-06,0.9990679096459737,4.0,6.579091120199866e-242,0.24976201433792916,2.761315693603784e-77,0.0011656561997773532,0.0016312847255610886,0.0016787215182630126,0.0016812175339283226,0.0,0.0012045416972898315,0.9566536843776703,3.026557480916381,0.651032280176878,2.5293426603802447e-120,True,True,False,2.0,0.0016799718967876738,0.0016799695260956676,1.2480078326549174e-06,1.8673744388292268e-06,1.2480078326549174e-06,1.8656338771274386e-06,0.9990679096459737,4.0,6.579091120199866e-242,0.0016799695260956676,0.0016799718967876738,1.0,2.8223055754930347e-06,4.224033623468717e-21,0.0016799695260956676,0.0016312847255610886,0.24976196097340309,2.761315693603784e-77,0.0011656561997773532,0.0016787215182630126,0.0016812175339283226,0.0,0.0012045416972898315,2.5293426603802447e-120,True,True,False,240,0.0016812121059612516,1.4992766940713194e-86,1.3208014943923123e-78,0.2497230754758906,3.8938862038554375e-05,True,2.3984095882624388,0.7044018674641848,True,True,False,False,False,False,4.992738040016293e-05,1.2425798655839749e-06
L128_gL2,128,2.0,gL,2,L128_gL2,L128_gL2_edge_t67p445,edge,0.5,1.0,open,0.015625,67.445,0.5269140625,0.005,13489,"['charge_density_wave', 'left', 'right']","[['charge_density_wave', 'left'], ['charge_density_wave', 'right'], ['left', 'right']]",['right'],new_time_validation,"[200, 240, 280, 320]",right,4.0,0.04746260269584267,0.04740923337705938,2.3884421550978272e-08,3.57648616669965e-08,2.3884421550978272e-08,3.485660069719957e-08,0.9746046558699524,8.0,2.2422896930565057e-241,0.26567399960192833,2.761315693603784e-77,2.835564548699458e-05,0.04556307591948211,0.04740920949263783,0.04740925726148093,0.01592255521461481,0.0159792665055888,0.9397417604923248,4.217743199318647,0.6589118279516697,9.615086669984944e-114,True,True,False,2.0,0.04740973438953366,0.04735654301577027,5.434720351524947e-05,8.1286328398962e-05,5.434720351524947e-05,7.922425691587387e-05,0.9746320011777717,4.0,8.506021897654911e-242,0.04735654301577027,0.04740973438953366,1.0,0.0022476829158116344,2.080239327102795e-15,0.04735654301577027,0.04556307591948211,0.26564354382174404,2.761315693603784e-77,0.03763466531234257,0.04730219581225502,0.04741089021928552,0.0,0.053555133658196016,9.645097128359044e-114,False,False,False,240,0.047409256329349246,1.5148251464512274e-91,1.3208014943923123e-78,0.2497230754758906,0.015950924126037734,True,2.4520144313573837,0.7150087337940931,True,True,False,False,False,False,0.001846180409867136,5.271331357897813e-05
L128_gL2,128,2.0,gL,2,L128_gL2,L128_gL2_edge_t67p465,edge,0.5,1.0,open,0.015625,67.465,0.5270703125,0.005,13493,"['charge_density_wave', 'left', 'right']","[['charge_density_wave', 'left'], ['charge_density_wave', 'right'], ['left', 'right']]",['right'],new_time_validation,"[200, 240, 280, 320]",charge_density_wave,0.0,0.0,0.0,1.289448081397343e-78,1.9461941231373593e-78,1.289448081397343e-78,1.9461941231373593e-78,1.0,0.0,0.0,0.2497230754758906,2.6189519554817235e-77,3.121216356746864e-73,9.004627799536455e-79,0.0,2.747896763621458e-77,0.0,3.121216356746864e-73,0.9568804651498795,0.9275811277329922,0.6498908270150423,3.62733192331595e-198,True,True,False,2.0,8.48570112865445e-79,8.48570112865445e-79,7.037418686077818e-79,1.0594876772883139e-78,7.037418686077818e-79,1.0594876772883139e-78,1.0,4.0,1.0231757673961123e-279,8.48570112865445e-79,8.48570112865445e-79,1.0,1.2896529661583684e-156,4.1013942037e-313,8.48570112865445e-79,9.004627799536455e-79,0.2497230754758906,2.6189519554817235e-77,3.053885508989817e-73,0.0,2.7741831536290464e-77,0.0,3.0538858998722115e-73,1.5408961524460382e-197,True,True,False,240,5.711922153689406e-79,0.9098742411773187,1.25270790002121e-78,0.2497230754758906,5.035602673188317e-80,True,2.3889613524079323,0.6989679113030434,True,True,False,False,False,False,3.2927056458470486e-79,2.773778974965043e-79
L128_gL2,128,2.0,gL,2,L128_gL2,L128_gL2_edge_t67p465,edge,0.5,1.0,open,0.015625,67.465,0.5270703125,0.005,13493,"['charge_density_wave', 'left', 'right']","[['charge_density_wave', 'left'], ['charge_density_wave', 'right'], ['left', 'right']]",['right'],new_time_validation,"[200, 240, 280, 320]",left,2.0,0.0015924097652562797,0.0015924077462685714,1.1829681803575202e-06,1.770063818477219e-06,1.1829681803575202e-06,1.7684998379770337e-06,0.9991164270554207,4.0,4.857188291751979e-242,0.24975833292638425,2.6189519554817235e-77,0.0011089604250678058,0.0015462591636774322,0.001591224778088214,0.001593590714448929,0.0,0.0011441695243369911,0.9364722203463316,3.0621081851422787,0.6521968469023705,2.3975094789261836e-120,True,True,False,2.0,0.0015924097652562797,0.0015924077462685714,1.1829681803575202e-06,1.770063818477219e-06,1.1829681803575202e-06,1.7684998379770337e-06,0.9991164270554207,4.0,4.857188291751979e-242,0.0015924077462685714,0.0015924097652562797,1.0,2.5357688618260498e-06,3.4042442927594695e-21,0.0015924077462685714,0.0015462591636774322,0.24975828457515978,2.6189519554817235e-77,0.0011089604250678058,0.001591224778088214,0.001593590714448929,0.0,0.0011441695243369911,2.3975094789261836e-120,True,True,False,240,0.0015935856303637228,1.4992766940713194e-86,1.25270790002121e-78,0.2497230754758906,3.5257450493652586e-05,True,2.390693536028266,0.7043144199997187,True,True,False,False,False,False,4.732646668629062e-05,1.1778840951514637e-06
L128_gL2,128,2.0,gL,2,L128_gL2,L128_gL2_edge_t67p465,edge,0.5,1.0,open,0.015625,67.465,0.5270703125,0.005,13493,"['charge_density_wave', 'left', 'right']","[['charge_density_wave', 'left'], ['charge_density_wave', 'right'], ['left', 'right']]",['right'],new_time_validation,"[200, 240, 280, 320]",right,4.0,0.04498531284633132,0.04493986391289818,2.261318941901271e-08,3.385760497410292e-08,2.261318941901271e-08,3.3041149509908695e-08,0.9758856107861522,8.0,1.4723552332519529e-241,0.26427192012216655,2.6189519554817235e-77,2.6925589748361088e-05,0.04318944226250656,0.04493984129970876,0.044939886526087595,0.014521906922624157,0.014575758102120879,0.9348017107695341,4.1926604975014925,0.6672030631452799,9.116107459570993e-114,True,True,False,2.0,0.044935201130342266,0.044889903759486115,5.14514731176977e-05,7.694715974017583e-05,5.14514731176977e-05,7.509362796389781e-05,0.9759116284143982,4.0,9.416100439322224e-242,0.044889903759486115,0.044935201130342266,1.0,0.0020191723014542683,1.6758224002409126e-15,0.044889903759486115,0.04318944226250656,0.2642440652068701,2.6189519554817235e-77,0.035809717321101664,0.04483845228636842,0.044941355232603813,0.0,0.050330707052081196,9.141665599026383e-114,False,False,False,240,0.04493988567734919,1.5148251464512274e-91,1.25270790002121e-78,0.2497230754758906,0.014548844646275977,True,2.4678701143711805,0.7137873638421297,True,True,False,False,False,False,0.0017504434148426298,4.9981917863074765e-05
L128_gL2,128,2.0,gL,2,L128_gL2,L128_gL2_translated_t50p005,translated,0.5,1.0,open,0.015625,50.005,0.3906640625,0.005,10001,"['charge_density_wave', 'block_cell8', 'block_cell24']","[['charge_density_wave', 'block_cell8'], ['charge_density_wave', 'block_cell24'], ['block_cell8', 'block_cell24']]",['block_cell8'],new_time_validation,"[200, 240, 280, 320]",charge_density_wave,0.0,0.0,0.0,1.628656678244177e-58,2.4568695403884275e-58,1.628656678244177e-58,2.4568695403884275e-58,1.0,0.0,0.0,0.2497230754758906,3.0698278768855447e-57,2.715952282355578e-53,1.0554854731923108e-58,0.0,3.2326935447099625e-57,0.0,2.715952282355578e-53,0.9513016324490309,0.9158296603709459,0.6574425734579563,3.62733192331595e-198,True,True,False,2.0,9.931412160370451e-59,9.931412160370451e-59,1.0016139972234997e-58,1.5069933616338304e-58,1.0016139972234997e-58,1.5069933616338304e-58,1.0,4.0,2.4064588595869918e-269,9.931412160370451e-59,9.931412160370451e-59,1.0,1.8488851911220785e-116,8.507641266419857e-233,9.931412160370451e-59,1.0554854731923108e-58,0.2497230754758906,3.0698278768855447e-57,2.662463782398142e-53,0.0,3.2693033982115995e-57,0.0,2.6624642405479017e-53,3.687304203062024e-198,True,True,False,240,6.68469129819741e-59,0.9098742411773187,1.4660267962709948e-58,0.2497230754758906,6.750670148845602e-60,True,2.417197175323963,0.7444350253790617,True,True,False,False,False,False,3.870163433725698e-59,3.246720862173041e-59
L128_gL2,128,2.0,gL,2,L128_gL2,L128_gL2_translated_t50p005,translated,0.5,1.0,open,0.015625,50.005,0.3906640625,0.005,10001,"['charge_density_wave', 'block_cell8', 'block_cell24']","[['charge_density_wave', 'block_cell8'], ['charge_density_wave', 'block_cell24'], ['block_cell8', 'block_cell24']]",['block_cell8'],new_time_validation,"[200, 240, 280, 320]",block_cell8,4.0,0.05609131339531947,0.056003282825620504,9.070300746143997e-10,1.3671832376535492e-09,9.070300746143997e-10,1.3258133161210582e-09,0.9697407630571212,8.0,6.897604032384345e-241,0.2709347076943186,3.0698278768855447e-57,1.266698440248329e-06,0.055157478544187295,0.05600328191859043,0.05600328373265058,0.021210365025192333,0.02121289842207283,0.9278713073581457,4.2766025345772505,0.6506118010729551,2.8060027837366363e-140,True,False,True,2.0,0.05608063830922857,0.0559926579121109,1.1343666157812712e-05,1.7097850300619302e-05,1.1343666157812712e-05,1.6580576895801546e-05,0.9697462899883373,4.0,2.0926413170156428e-241,0.0559926579121109,0.05608063830922857,0.9999999999999987,0.003145038008319568,4.76443456408543e-14,0.055992657912110895,0.055157478544187295,0.2709278509929723,3.0698278768855447e-57,0.008992783254418543,0.05598131424595309,0.056004001578268715,0.01221199226266312,0.030197558771500203,2.818811006498774e-140,False,False,True,240,0.056003283592329346,4.910699927286031e-64,1.4660267962709948e-58,0.2497230754758906,0.021211632218428002,False,2.4376304652541876,0.7082461472600698,False,True,False,False,False,False,0.0008458050481420509,1.0625680218444289e-05
L128_gL2,128,2.0,gL,2,L128_gL2,L128_gL2_translated_t50p005,translated,0.5,1.0,open,0.015625,50.005,0.3906640625,0.005,10001,"['charge_density_wave', 'block_cell8', 'block_cell24']","[['charge_density_wave', 'block_cell8'], ['charge_density_wave', 'block_cell24'], ['block_cell8', 'block_cell24']]",['block_cell8'],new_time_validation,"[200, 240, 280, 320]",block_cell24,4.0,3.1663219163955962,0.9535732497704328,5.777082671980224e-08,1.666059899949282e-07,5.777082671980224e-08,1.1235180357154312e-07,0.6743563276144111,8.0,3.903942374568063e-241,0.5538738017952042,3.0698278768855447e-57,6.531997408886232e-05,0.9520338942323396,0.9535731919996061,0.9535733075412596,0.30408541422745644,0.30421605417563413,0.9843457415699959,4.126118086278439,0.6496092043817043,1.5835310653376843e-136,True,False,True,2.0,3.1655774718213285,0.9535529089421332,0.0004233922352132868,0.0017109873113671699,0.0004233922352132868,0.0011538227677629367,0.6743607974748631,4.0,1.3632513076247568e-241,0.9535529089421332,3.1655774718213285,0.9999999999999944,10.020880771338721,4.1322111948582536e-07,0.9535529089421332,0.9520338942323398,0.5539631362250782,3.0698278768855447e-57,0.23756029739223689,0.9531295167069199,0.9539763011773466,0.06667976335695076,0.5418003581414246,8.348646935010212e-135,False,False,True,240,0.9535732515716144,2.6343064839972988e-67,1.4660267962709948e-58,0.2497230754758906,0.30415072631931356,False,2.443211067467928,0.7242522407323122,False,False,False,False,False,False,0.001539357339274794,2.034262948125143e-05
L128_gL2,128,2.0,gL,2,L128_gL2,L128_gL2_translated_t50p025,translated,0.5,1.0,open,0.015625,50.025,0.3908203125,0.005,10005,"['charge_density_wave', 'block_cell8', 'block_cell24']","[['charge_density_wave', 'block_cell8'], ['charge_density_wave', 'block_cell24'], ['block_cell8', 'block_cell24']]",['block_cell8'],new_time_validation,"[200, 240, 280, 320]",charge_density_wave,0.0,0.0,0.0,1.544532717830611e-58,2.329968325478421e-58,1.544532717830611e-58,2.329968325478421e-58,1.0,0.0,0.0,0.2497230754758906,2.911558334233446e-57,2.576952702628178e-53,1.0010683495561932e-58,0.0,3.0660116060165067e-57,0.0,2.576952702628178e-53,1.0200839843600988,0.8680761810392141,0.6611612364649773,3.62733192331595e-198,True,True,False,2.0,9.419399927085935e-59,9.419399927085935e-59,9.497455845732558e-59,1.428955342676085e-58,9.497455845732558e-59,1.428955342676085e-58,1.0,4.0,5.635887619042183e-270,9.419399927085935e-59,9.419399927085935e-59,1.0,1.663072235493078e-116,6.883481725991241e-233,9.419399927085935e-59,1.0010683495561932e-58,0.2497230754758906,2.911558334233446e-57,2.5261954809062843e-53,0.0,3.100726891961631e-57,0.0,2.526195915435481e-53,6.192579078151226e-198,True,True,False,240,6.340063629855811e-59,0.9098742411773187,1.3904461537837363e-58,0.2497230754758906,6.401462153277788e-60,True,2.4072816651314497,0.7424989212304354,True,True,False,False,False,False,3.670619865706121e-59,3.0793362972301248e-59
L128_gL2,128,2.0,gL,2,L128_gL2,L128_gL2_translated_t50p025,translated,0.5,1.0,open,0.015625,50.025,0.3908203125,0.005,10005,"['charge_density_wave', 'block_cell8', 'block_cell24']","[['charge_density_wave', 'block_cell8'], ['charge_density_wave', 'block_cell24'], ['block_cell8', 'block_cell24']]",['block_cell8'],new_time_validation,"[200, 240, 280, 320]",block_cell8,4.0,0.05317134610493427,0.05309634230172718,8.586847896526034e-10,1.2941513955338601e-09,8.586847896526034e-10,1.2569492072648583e-09,0.97125360417847,8.0,2.329409598659849e-241,0.269090800054661,2.911558334233446e-57,1.2021927347771574e-06,0.05229416449725465,0.05309634144304239,0.05309634316041197,0.019366521932786603,0.01936892631825616,0.9342444371432066,4.285239150747657,0.650369182229042,2.6611600927369077e-140,True,False,True,2.0,0.05316122596407755,0.053086264918961644,1.0738626451706649e-05,1.618351739446365e-05,1.0738626451706649e-05,1.5718384773088138e-05,0.971258867275996,4.0,3.2440951066788746e-241,0.053086264918961644,0.05316122596407755,0.9999999999999987,0.0028261159595946057,3.8409437393183463e-14,0.053086264918961644,0.05229416449725465,0.2690845198450636,2.911558334233446e-57,0.008550804331980893,0.05307552629250994,0.05309700354541335,0.010810640037192124,0.02791224870115391,2.672070145858489e-140,False,False,True,240,0.05309634302901282,4.910699927286031e-64,1.3904461537837363e-58,0.2497230754758906,0.019367724578770406,False,2.4302799683064222,0.7087479215115309,False,True,False,False,False,False,0.0008021785317581659,1.0078110051173206e-05
L128_gL2,128,2.0,gL,2,L128_gL2,L128_gL2_translated_t50p025,translated,0.5,1.0,open,0.015625,50.025,0.3908203125,0.005,10005,"['charge_density_wave', 'block_cell8', 'block_cell24']","[['charge_density_wave', 'block_cell8'], ['charge_density_wave', 'block_cell24'], ['block_cell8', 'block_cell24']]",['block_cell8'],new_time_validation,"[200, 240, 280, 320]",block_cell24,4.0,3.0013431629056484,0.94872574693182,5.541044967102636e-08,1.5770134991389946e-07,5.541044967102636e-08,1.0651074123995146e-07,0.6753952410559793,8.0,1.0354447388938403e-240,0.5746297821837033,2.911558334233446e-57,6.279909220011575e-05,0.9470388640550796,0.9487256915213703,0.9487258023422697,0.3248439158186167,0.32496951400301693,0.9235874954611063,4.218813460320234,0.6584668681025505,1.6466650444755189e-136,True,False,True,2.0,3.0006374549559705,0.9487034503651681,0.0004131447749012466,0.0016194381242503116,0.0004131447749012466,0.0010937687463820958,0.6754001465097257,4.0,2.1074427585528124e-241,0.9487034503651681,3.0006374549559705,0.9999999999999947,9.003825173073075,3.330373789987112e-07,0.9487034503651681,0.9470388640550796,0.5747226962718758,2.911558334233446e-57,0.2324585419687946,0.9482903055902668,0.9491165951400694,0.0925410788271906,0.5574581627647798,7.501309777278936e-135,False,False,True,240,0.9487257489064147,2.6343064839972994e-67,1.3904461537837363e-58,0.2497230754758906,0.3249067067078127,False,2.434248449280858,0.7191369086503983,False,False,False,False,False,False,0.0016868848513350576,2.2298541246579262e-05
L128_gL2,128,2.0,gL,2,L128_gL2,L128_gL2_translated_t50p045,translated,0.5,1.0,open,0.015625,50.045,0.3909765625,0.005,10009,"['charge_density_wave', 'block_cell8', 'block_cell24']","[['charge_density_wave', 'block_cell8'], ['charge_density_wave', 'block_cell24'], ['block_cell8', 'block_cell24']]",['block_cell8'],new_time_validation,"[200, 240, 280, 320]",charge_density_wave,0.0,0.0,0.0,1.4647540222953954e-58,2.2096218547932252e-58,1.4647540222953954e-58,2.2096218547932252e-58,1.0,0.0,0.0,0.2497230754758906,2.7614486132833757e-57,2.44506658466751e-53,9.494567816762076e-59,0.0,2.9079240155129157e-57,0.0,2.44506658466751e-53,0.9446938391774893,0.8643020521849394,0.6573885101824999,3.62733192331595e-198,True,True,False,2.0,8.93378439575169e-59,8.93378439575169e-59,9.00563215676697e-59,1.3549585072562163e-58,9.00563215676697e-59,1.3549585072562163e-58,1.0,4.0,1.5145849578429534e-269,8.93378439575169e-59,8.93378439575169e-59,1.0,1.4959334862138439e-116,5.569383944181575e-233,8.93378439575169e-59,9.494567816762076e-59,0.2497230754758906,2.7614486132833757e-57,2.396901184269408e-53,0.0,2.9408427788085625e-57,0.0,2.396901596395834e-53,5.975126203736389e-198,True,True,False,240,6.013203158821767e-59,0.9098742411773187,1.31876205229007e-58,0.2497230754758906,6.070318958646808e-60,True,2.4281508158892393,0.7414898928254843,True,True,False,False,False,False,3.481364657940309e-59,2.920581236929923e-59
L128_gL2,128,2.0,gL,2,L128_gL2,L128_gL2_translated_t50p045,translated,0.5,1.0,open,0.015625,50.045,0.3909765625,0.005,10009,"['charge_density_wave', 'block_cell8', 'block_cell24']","[['charge_density_wave', 'block_cell8'], ['charge_density_wave', 'block_cell24'], ['block_cell8', 'block_cell24']]",['block_cell8'],new_time_validation,"[200, 240, 280, 320]",block_cell8,4.0,0.05040340051670529,0.050339497261100465,8.1296874309058e-10,1.2251152621868424e-09,8.1296874309058e-10,1.1916621949907804e-09,0.9726939429875782,8.0,4.672672608070461e-241,0.267402392185043,2.7614486132833757e-57,1.1410349797169506e-06,0.04957873163898615,0.05033949644813172,0.050339498074069206,0.017678175259145962,0.017680457329105396,0.9953870046883821,4.208793772384524,0.6492229849100113,2.52367666273398e-140,True,False,True,2.0,0.05039380647001094,0.05032993965228532,1.0166488793493623e-05,1.531926233611497e-05,1.0166488793493623e-05,1.4901030444641174e-05,0.9726989536246914,4.0,3.185464637464503e-241,0.05032993965228532,0.05039380647001094,0.9999999999999987,0.0025395357427299317,3.096459826773055e-14,0.05032993965228532,0.04957873163898615,0.26739664227418025,2.7614486132833757e-57,0.008130854255557393,0.05031977316349183,0.05034010614107882,0.009542712542732241,0.025804421053847025,2.532969075662121e-140,False,False,True,240,0.05033949795095677,4.9106999272860316e-64,1.31876205229007e-58,0.2497230754758906,0.017679316709152428,False,2.4171232152730227,0.7148539461195469,False,True,False,False,True,False,0.000760766311970619,9.558298671448473e-06
L128_gL2,128,2.0,gL,2,L128_gL2,L128_gL2_translated_t50p045,translated,0.5,1.0,open,0.015625,50.045,0.3909765625,0.005,10009,"['charge_density_wave', 'block_cell8', 'block_cell24']","[['charge_density_wave', 'block_cell8'], ['charge_density_wave', 'block_cell24'], ['block_cell8', 'block_cell24']]",['block_cell8'],new_time_validation,"[200, 240, 280, 320]",block_cell24,4.0,2.844961464987051,0.9434166832617404,5.318158104841003e-08,1.4925022184505155e-07,5.318158104841003e-08,1.0097337146484502e-07,0.6765374966723564,8.0,6.367916998130463e-241,0.596165817074161,2.7614486132833757e-57,6.041275701733228e-05,0.9415710313202903,0.9434166300801594,0.9434167364433216,0.3463823373394986,0.3465031628535333,0.9220832921564579,4.2097754664719105,0.6604145895689726,1.7047395821146451e-136,True,False,True,2.0,2.844292477858969,0.9433922806894196,0.0004033855963725037,0.0015325572559794544,0.0004033855963725037,0.0010368406920669472,0.6765428750029338,4.0,2.4349515662610742e-241,0.9433922806894196,2.844292477858969,0.9999999999999948,8.089999732783552,2.6841355225387237e-07,0.9433922806894196,0.9415710313202903,0.5962620246340277,2.7614486132833757e-57,0.22758475568949152,0.9429888950930471,0.9437956662857921,0.11895419346864558,0.5741237048476286,6.739976791502813e-135,False,False,True,240,0.9434166854230988,2.6343064839972998e-67,1.31876205229007e-58,0.2497230754758906,0.34644274159827043,False,2.437386319041252,0.7238868344575167,False,False,False,False,False,False,0.0018456541028084583,2.440473367915086e-05
L128_gL2,128,2.0,gL,2,L128_gL2,L128_gL2_translated_t50p065,translated,0.5,1.0,open,0.015625,50.065,0.3911328125,0.005,10013,"['charge_density_wave', 'block_cell8', 'block_cell24']","[['charge_density_wave', 'block_cell8'], ['charge_density_wave', 'block_cell24'], ['block_cell8', 'block_cell24']]",['block_cell8'],new_time_validation,"[200, 240, 280, 320]",charge_density_wave,0.0,0.0,0.0,1.3890961418133733e-58,2.0954915555093566e-58,1.3890961418133733e-58,2.0954915555093566e-58,1.0,0.0,0.0,0.2497230754758906,2.619078022289512e-57,2.319929909249643e-53,9.005061249520001e-59,0.0,2.7579876364708494e-57,0.0,2.319929909249643e-53,0.9516644030809402,0.9195248540490866,0.6555521544069052,3.62733192331595e-198,True,True,False,2.0,8.473204688974961e-59,8.473204688974961e-59,8.539277893356607e-59,1.2847935798377536e-58,8.539277893356607e-59,1.2847935798377536e-58,1.0,4.0,1.3996434531633566e-269,8.473204688974961e-59,8.473204688974961e-59,1.0,1.3455921846186715e-116,4.506155279033712e-233,8.473204688974961e-59,9.005061249520001e-59,0.2497230754758906,2.619078022289512e-57,2.274223993300566e-53,0.0,2.789202848112828e-57,0.0,2.2742243841792273e-53,2.6651694243011155e-197,True,True,False,240,5.703193901476714e-59,0.9098742411773187,1.2507736066004794e-58,0.2497230754758906,5.75630603319768e-60,True,2.409687763080001,0.7348480504006147,True,True,False,False,False,False,3.3018673480432874e-59,2.7700107874982473e-59
L128_gL2,128,2.0,gL,2,L128_gL2,L128_gL2_translated_t50p065,translated,0.5,1.0,open,0.015625,50.065,0.3911328125,0.005,10013,"['charge_density_wave', 'block_cell8', 'block_cell24']","[['charge_density_wave', 'block_cell8'], ['charge_density_wave', 'block_cell24'], ['block_cell8', 'block_cell24']]",['block_cell8'],new_time_validation,"[200, 240, 280, 320]",block_cell8,2.0,0.04777046580915435,0.047716052403540425,9.625411426804567e-06,1.4502229126114538e-05,9.625411426804567e-06,1.4126181951818836e-05,0.974069698456319,4.0,1.2503551235380661e-241,0.26585696827264693,2.619078022289512e-57,0.00773180754508065,0.04700365596087595,0.04770642699211362,0.04772567781496723,0.008396822848831337,0.02386043793899264,0.9294252917170525,3.000337265431881,0.6526436135172844,2.393196053446053e-140,True,True,False,2.0,0.04777046580915435,0.047716052403540425,9.625411426804567e-06,1.4502229126114538e-05,9.625411426804567e-06,1.4126181951818836e-05,0.974069698456319,4.0,1.2503551235380661e-241,0.047716052403540425,0.04777046580915435,0.9999999999999988,0.0022820174145625175,2.496283336848264e-14,0.04771605240354042,0.04700365596087595,0.26585170586980256,2.619078022289512e-57,0.00773180754508065,0.04770642699211362,0.04772567781496723,0.008396822848831337,0.02386043793899264,2.4011100020935254e-140,True,True,False,240,0.04772511731063053,4.9106999272860316e-64,1.2507736066004794e-58,0.2497230754758906,0.016133892796756328,True,2.424673605710268,0.7040372770279646,True,True,False,False,False,False,0.000721461349754586,9.064907090107488e-06
L128_gL2,128,2.0,gL,2,L128_gL2,L128_gL2_translated_t50p065,translated,0.5,1.0,open,0.015625,50.065,0.3911328125,0.005,10013,"['charge_density_wave', 'block_cell8', 'block_cell24']","[['charge_density_wave', 'block_cell8'], ['charge_density_wave', 'block_cell24'], ['block_cell8', 'block_cell24']]",['block_cell8'],new_time_validation,"[200, 240, 280, 320]",block_cell24,4.0,2.696728778071929,0.9376114916613292,5.1075032054840535e-08,1.4122906982754003e-07,5.1075032054840535e-08,9.572390332543414e-08,0.6777917849513991,8.0,2.3212761397803734e-241,0.6184076538668601,2.619078022289512e-57,5.8151890573189825e-05,0.9355955693620063,0.9376114405862971,0.9376115427363613,0.36862643526107114,0.3687427390422175,0.9329637661576271,4.248453628271818,0.659783661365509,1.75629583089551e-136,True,False,True,2.0,2.696094600871254,0.9375848290751321,0.00039404891639252635,0.0014501021631559297,0.00039404891639252635,0.0009828758751508529,0.6777976753112146,4.0,2.3135505311037986e-241,0.9375848290751321,2.696094600871254,0.999999999999995,7.268926126608067,2.1633006851910416e-07,0.9375848290751321,0.9355955693620063,0.6185067863179307,2.619078022289512e-57,0.22290782172637802,0.9371907801587396,0.9379788779915247,0.14587588911566202,0.5916915325684181,6.055918140829532e-135,False,False,True,240,0.9376114940231377,2.6343064839973004e-67,1.2507736066004794e-58,0.2497230754758906,0.3686845783909696,False,2.4211764112114906,0.7133124507963657,False,False,False,False,False,False,0.0020159246611314297,2.666494800562802e-05
L128_gL2,128,2.0,gL,2,L128_gL2,L128_gL2_translated_t50p085,translated,0.5,1.0,open,0.015625,50.085,0.3912890625,0.005,10017,"['charge_density_wave', 'block_cell8', 'block_cell24']","[['charge_density_wave', 'block_cell8'], ['charge_density_wave', 'block_cell24'], ['block_cell8', 'block_cell24']]",['block_cell8'],new_time_validation,"[200, 240, 280, 320]",charge_density_wave,0.0,0.0,0.0,1.3173462204407749e-58,1.9872563433978723e-58,1.3173462204407749e-58,1.9872563433978723e-58,1.0,0.0,0.0,0.2497230754758906,2.484047558894779e-57,2.2011972841574404e-53,8.540791921507508e-59,0.0,2.6157821809388564e-57,0.0,2.2011972841574404e-53,1.0154867433011532,0.8600881472229958,0.6601949390023947,3.62733192331595e-198,True,True,False,2.0,8.036370089160968e-59,8.036370089160968e-59,8.097074080655073e-59,1.2182621225564425e-58,8.097074080655073e-59,1.2182621225564425e-58,1.0,4.0,1.1573727761522454e-269,8.036370089160968e-59,8.036370089160968e-59,1.0,1.2103601864306802e-116,3.6459033175431922e-233,8.036370089160968e-59,8.540791921507508e-59,0.2497230754758906,2.484047558894779e-57,2.1578252723299293e-53,0.0,2.6453820005929393e-57,0.0,2.157825643056285e-53,1.045608222494268e-197,True,True,False,240,5.409167097518802e-59,0.9098742411773187,1.1862902881107804e-58,0.2497230754758906,5.458537191893925e-60,True,2.3971349876374006,0.7346499357372522,True,True,False,False,False,False,3.1316248239887064e-59,2.627202991642166e-59
L128_gL2,128,2.0,gL,2,L128_gL2,L128_gL2_translated_t50p085,translated,0.5,1.0,open,0.015625,50.085,0.3912890625,0.005,10017,"['charge_density_wave', 'block_cell8', 'block_cell24']","[['charge_density_wave', 'block_cell8'], ['charge_density_wave', 'block_cell24'], ['block_cell8', 'block_cell24']]",['block_cell8'],new_time_validation,"[200, 240, 280, 320]",block_cell8,2.0,0.0452837020782116,0.04523734367408013,9.113659314882618e-06,1.3729735036793704e-05,9.113659314882618e-06,1.3391628628638577e-05,0.9753741490823347,4.0,4.7770460811041674e-241,0.264442941590569,2.484047558894779e-57,0.007352598018045458,0.04456177934759505,0.04522823001476525,0.04524645733339502,0.007362453604744771,0.02206764964083569,0.9374721702188253,3.0211071260273457,0.6502592451870441,2.2693764642908317e-140,True,True,False,2.0,0.0452837020782116,0.04523734367408013,9.113659314882618e-06,1.3729735036793704e-05,9.113659314882618e-06,1.3391628628638577e-05,0.9753741490823347,4.0,4.7770460811041674e-241,0.04523734367408013,0.0452837020782116,0.9999999999999988,0.0020506136837220744,2.0124413320822947e-14,0.04523734367408013,0.04456177934759505,0.2644381270986808,2.484047558894779e-57,0.007352598018045458,0.04522823001476525,0.04524645733339502,0.007362453604744771,0.02206764964083569,2.2761158461844734e-140,True,True,False,240,0.04524594032474455,4.9106999272860316e-64,1.1862902881107804e-58,0.2497230754758906,0.014719866114678409,True,2.3929634168744087,0.7014950476586819,True,True,False,False,False,False,0.0006841609771494964,8.596650664417782e-06
L128_gL2,128,2.0,gL,2,L128_gL2,L128_gL2_translated_t50p085,translated,0.5,1.0,open,0.015625,50.085,0.3912890625,0.005,10017,"['charge_density_wave', 'block_cell8', 'block_cell24']","[['charge_density_wave', 'block_cell8'], ['charge_density_wave', 'block_cell24'], ['block_cell8', 'block_cell24']]",['block_cell8'],new_time_validation,"[200, 240, 280, 320]",block_cell24,4.0,2.5562204106363224,0.9312749394666028,4.908186628852836e-08,1.3361565016572017e-07,4.908186628852836e-08,9.074736703157526e-08,0.6791672002420641,8.0,3.228643957027648e-241,0.6412615306542678,2.484047558894779e-57,5.600759614877823e-05,0.9290771114877413,0.9312748903847365,0.931274988548469,0.39148245656464886,0.39159447175694645,0.9313393030315638,4.282358717173338,0.6644882764667273,1.799758675451344e-136,True,False,True,2.0,2.555619231917405,0.93124586074295,0.00038507164916533977,0.0013718436323445315,0.00038507164916533977,0.000931720038043163,0.6791736434646118,4.0,1.7005654334050768e-241,0.93124586074295,2.555619231917405,0.9999999999999952,6.531189685241604,1.743533608941046e-07,0.93124586074295,0.9290771114877413,0.6413631304254432,2.484047558894779e-57,0.21839757118255082,0.9308607890937847,0.9316309323921154,0.17324248376700177,0.6100376261321034,5.4412901569136537e-135,False,False,True,240,0.9312749420427406,2.6343064839973007e-67,1.1862902881107804e-58,0.2497230754758906,0.3915384551783772,False,2.4079920798540115,0.7043615728616714,False,False,False,False,False,False,0.002197830554999336,2.9081299790623127e-05
L128_gL2,128,2.0,gL,2,L128_gL2,L128_gL2_translated_t51p505,translated,0.5,1.0,open,0.015625,51.505,0.4023828125,0.005,10301,"['charge_density_wave', 'block_cell8', 'block_cell24']","[['charge_density_wave', 'block_cell8'], ['charge_density_wave', 'block_cell24'], ['block_cell8', 'block_cell24']]",['block_cell24'],new_time_validation,"[200, 240, 280, 320]",charge_density_wave,0.0,0.0,0.0,3.051045375779043e-60,4.6028513532867737e-60,3.051045375779043e-60,4.6028513532867737e-60,1.0,0.0,0.0,0.2497230754758906,5.7939439876766605e-59,5.279062244055254e-55,1.9921063840513984e-60,0.0,6.0990485252545645e-59,0.0,5.279062244055254e-55,0.9505968429148197,0.9129333104938269,0.6587734017521143,3.62733192331595e-198,True,True,False,2.0,1.8746849989784833e-60,1.8746849989784833e-60,1.856859636494696e-60,2.7939625091964187e-60,1.856859636494696e-60,2.7939625091964187e-60,1.0,4.0,1.3962357219733272e-270,1.8746849989784833e-60,1.8746849989784833e-60,1.0,6.561476866127167e-120,1.0708626446427524e-239,1.8746849989784833e-60,1.9921063840513984e-60,0.2497230754758906,5.7939439876766605e-59,5.174151629524721e-55,0.0,6.167098451223978e-59,0.0,5.1741524942336366e-55,1.0056510862864878e-197,True,True,False,240,1.261830058266512e-60,0.9098742411773187,2.76733603962296e-60,0.2497230754758906,1.257082594512476e-61,True,2.403543222695589,0.7376027069985867,True,True,False,False,False,False,7.302763257848865e-61,6.128549407119714e-61
L128_gL2,128,2.0,gL,2,L128_gL2,L128_gL2_translated_t51p505,translated,0.5,1.0,open,0.015625,51.505,0.4023828125,0.005,10301,"['charge_density_wave', 'block_cell8', 'block_cell24']","[['charge_density_wave', 'block_cell8'], ['charge_density_wave', 'block_cell24'], ['block_cell8', 'block_cell24']]",['block_cell24'],new_time_validation,"[200, 240, 280, 320]",block_cell8,2.0,0.001018202983355864,0.0010182024555517605,2.0097414485031883e-07,3.0252464849636455e-07,2.0097414485031883e-07,3.023515600607975e-07,0.9994278534445793,4.0,2.4841842596183978e-242,0.2497384033185419,5.7939439876766605e-59,0.0002112008601248113,0.0010029320521427786,0.0010180014814069104,0.001018403429696611,0.0,0.00022652323334212756,0.9484614543616772,3.024944331496954,0.649414187297225,5.117801763322178e-142,True,True,False,2.0,0.001018202983355864,0.0010182024555517605,2.0097414485031883e-07,3.0252464849636455e-07,2.0097414485031883e-07,3.023515600607975e-07,0.9994278534445793,4.0,2.4841842596183978e-242,0.0010182024555517605,0.001018202983355864,0.9999999999999999,1.0367373197491902e-06,4.597316615130032e-21,0.0010182024555517605,0.0010029320521427786,0.24973839784910792,5.7939439876766605e-59,0.0002112008601248113,0.0010180014814069104,0.001018403429696611,0.0,0.00022652323334212756,5.117801763322178e-142,True,True,False,240,0.001018397354789206,4.910699927286037e-64,2.76733603962296e-60,0.2497230754758906,1.5327842651319294e-05,True,2.3994546197354794,0.7064112946391106,True,True,False,False,False,False,1.546530264642733e-05,1.9489923744537598e-07
L128_gL2,128,2.0,gL,2,L128_gL2,L128_gL2_translated_t51p505,translated,0.5,1.0,open,0.015625,51.505,0.4023828125,0.005,10301,"['charge_density_wave', 'block_cell8', 'block_cell24']","[['charge_density_wave', 'block_cell8'], ['charge_density_wave', 'block_cell24'], ['block_cell8', 'block_cell24']]",['block_cell24'],new_time_validation,"[200, 240, 280, 320]",block_cell24,4.0,0.05727919558777099,0.057185462337000434,1.4032937446759111e-09,2.1157067941246785e-09,1.4032937446759111e-09,2.050365321579969e-09,0.9691160076026776,8.0,4.4531857197986144e-241,0.27170283379554455,5.7939439876766605e-59,1.9205539878931576e-06,0.05619258613608044,0.05718546093370669,0.05718546374029418,0.021977836978515842,0.021981678086491627,0.9348474927246571,4.273364365100861,0.6645202916115522,2.3741239082721486e-137,True,False,True,2.0,0.05726565673391949,0.057171989824880295,1.4347212481807524e-05,2.1630250210297073e-05,1.4347212481807524e-05,2.096237310292768e-05,0.9691230059349267,4.0,3.5452313274040705e-241,0.057171989824880295,0.05726565673391949,0.9999999999999998,0.003279355453089191,3.909677879925409e-14,0.057171989824880295,0.05619258613608044,0.27169402046646585,5.7939439876766605e-59,0.011158180858114467,0.05715764261239849,0.0571863370373621,0.010812764132460803,0.03312912584868974,2.3854120438355425e-137,False,False,True,240,0.05718546354027552,2.6343064839973116e-67,2.76733603962296e-60,0.2497230754758906,0.021979758319653934,False,2.417784310877323,0.7128806635737419,False,True,False,False,False,False,0.0009928774041950764,1.3473715395222186e-05
L128_gL2,128,2.0,gL,2,L128_gL2,L128_gL2_translated_t51p525,translated,0.5,1.0,open,0.015625,51.525,0.4025390625,0.005,10305,"['charge_density_wave', 'block_cell8', 'block_cell24']","[['charge_density_wave', 'block_cell8'], ['charge_density_wave', 'block_cell24'], ['block_cell8', 'block_cell24']]",['block_cell24'],new_time_validation,"[200, 240, 280, 320]",charge_density_wave,0.0,0.0,0.0,2.8934608701719596e-60,4.365120428615473e-60,2.8934608701719596e-60,4.365120428615473e-60,1.0,0.0,0.0,0.2497230754758906,5.495228586729882e-59,5.008827137377218e-55,1.8894003761047851e-60,0.0,5.784574673747078e-59,0.0,5.008827137377218e-55,0.9574739746749401,0.9192637056112289,0.6540404334664345,3.62733192331595e-198,True,True,False,2.0,1.7780359382000233e-60,1.7780359382000233e-60,1.7607091259889627e-60,2.6492900536155506e-60,1.7607091259889627e-60,2.6492900536155506e-60,1.0,4.0,1.2810825276448812e-270,1.7780359382000233e-60,1.7780359382000233e-60,1.0,5.9020499180468876e-120,8.664285686962183e-240,1.7780359382000233e-60,1.8894003761047851e-60,0.2497230754758906,5.495228586729882e-59,4.909275083677974e-55,0.0,5.84910309314878e-59,0.0,4.90927590380559e-55,1.3925263284893881e-198,True,True,False,240,1.1967767087973208e-60,0.9098742411773187,2.62466672566464e-60,0.2497230754758906,1.1920614561752932e-61,True,2.412472339347005,0.7362872902303934,True,True,False,False,False,False,6.926236673074644e-61,5.812592294027025e-61
L128_gL2,128,2.0,gL,2,L128_gL2,L128_gL2_translated_t51p525,translated,0.5,1.0,open,0.015625,51.525,0.4025390625,0.005,10305,"['charge_density_wave', 'block_cell8', 'block_cell24']","[['charge_density_wave', 'block_cell8'], ['charge_density_wave', 'block_cell24'], ['block_cell8', 'block_cell24']]",['block_cell24'],new_time_validation,"[200, 240, 280, 320]",block_cell8,2.0,0.0009652198063853318,0.0009652193567624797,1.905208225765804e-07,2.86789933550213e-07,1.905208225765804e-07,2.866343794259771e-07,0.999457602565368,4.0,8.008311367027256e-242,0.24973694923620715,5.495228586729882e-59,0.00020086691712584398,0.0009507431205694763,0.0009650288359399032,0.0009654098775850564,0.0,0.0002147357239410268,0.9350690469145775,3.0171593595296144,0.6518509797751904,4.8514912637236635e-142,True,True,False,2.0,0.0009652198063853318,0.0009652193567624797,1.905208225765804e-07,2.86789933550213e-07,1.905208225765804e-07,2.866343794259771e-07,0.999457602565368,4.0,8.008311367027256e-242,0.0009652193567624797,0.0009652198063853318,0.9999999999999999,9.31649278617274e-07,3.7067870593108626e-21,0.0009652193567624797,0.0009507431205694763,0.2497369442827058,5.495228586729882e-59,0.00020086691712584398,0.0009650288359399032,0.0009654098775850564,0.0,0.0002147357239410268,4.8514912637236635e-142,True,True,False,240,0.000965404127246343,4.910699927286037e-64,2.62466672566464e-60,0.2497230754758906,1.3873760316565208e-05,True,2.412522826343775,0.7014172468334436,True,True,False,False,False,False,1.4661006676866756e-05,1.8477048386331216e-07
L128_gL2,128,2.0,gL,2,L128_gL2,L128_gL2_translated_t51p525,translated,0.5,1.0,open,0.015625,51.525,0.4025390625,0.005,10305,"['charge_density_wave', 'block_cell8', 'block_cell24']","[['charge_density_wave', 'block_cell8'], ['charge_density_wave', 'block_cell24'], ['block_cell8', 'block_cell24']]",['block_cell24'],new_time_validation,"[200, 240, 280, 320]",block_cell24,4.0,0.05429603273428227,0.054216175300680895,1.3284179331938233e-09,2.002554725820821e-09,1.3284179331938233e-09,1.9437986257376063e-09,0.9706594285161764,8.0,2.143286313924316e-241,0.2697934939945804,5.495228586729882e-59,1.8227404933696805e-06,0.05327452121735945,0.054216173972262964,0.054216176629098826,0.020068595057070673,0.02007224053805741,0.9338095709681511,4.2662061639130116,0.661712396889925,2.251557994310916e-137,True,False,True,2.0,0.05428319812679181,0.05420339722721501,1.3581211736215662e-05,2.0472249139842078e-05,1.3581211736215662e-05,1.9871718092201384e-05,0.9706660932299828,4.0,1.069041088552067e-241,0.05420339722721501,0.05428319812679181,0.9999999999999998,0.002946665609567806,3.151539105015501e-14,0.05420339722721501,0.05327452121735945,0.2697854207686342,5.495228586729882e-59,0.010610134938953788,0.054189816015478794,0.05421697843895123,0.009452210353789818,0.030672480231697392,2.261176415946043e-137,False,False,True,240,0.05421617644205441,2.6343064839973116e-67,2.62466672566464e-60,0.2497230754758906,0.020070418518689844,False,2.425076961517334,0.7149383556097746,False,True,False,False,False,False,0.0009416552246949636,1.2779214839400699e-05
L128_gL2,128,2.0,gL,2,L128_gL2,L128_gL2_translated_t51p545,translated,0.5,1.0,open,0.015625,51.545,0.4026953125,0.005,10309,"['charge_density_wave', 'block_cell8', 'block_cell24']","[['charge_density_wave', 'block_cell8'], ['charge_density_wave', 'block_cell24'], ['block_cell8', 'block_cell24']]",['block_cell24'],new_time_validation,"[200, 240, 280, 320]",charge_density_wave,0.0,0.0,0.0,2.744015614383157e-60,4.1396681460831165e-60,2.744015614383157e-60,4.1396681460831165e-60,1.0,0.0,0.0,0.2497230754758906,5.211913902626859e-59,4.752424646096048e-55,1.7919895291760676e-60,0.0,5.486315464065175e-59,0.0,4.752424646096048e-55,0.9559900276362896,0.917723385617137,0.6571139059960842,3.62733192331595e-198,True,True,False,2.0,1.686369603022632e-60,1.686369603022632e-60,1.6695374906265647e-60,2.5121089146470963e-60,1.6695374906265647e-60,2.5121089146470963e-60,1.0,4.0,2.8383078376784823e-270,1.686369603022632e-60,1.686369603022632e-60,1.0,5.3088952472633496e-120,7.010221790894722e-240,1.686369603022632e-60,1.7919895291760676e-60,0.2497230754758906,5.211913902626859e-59,4.657957470574938e-55,0.0,5.547504611991779e-59,0.0,4.657958248419708e-55,2.5460185397230225e-197,True,True,False,240,1.1350771693198116e-60,0.9098742411773187,2.489352692315486e-60,0.2497230754758906,1.1304035462520238e-61,True,2.5099467523396015,0.7314654756337404,True,True,False,False,False,False,6.56912359856256e-61,5.512924337028203e-61
L128_gL2,128,2.0,gL,2,L128_gL2,L128_gL2_translated_t51p545,translated,0.5,1.0,open,0.015625,51.545,0.4026953125,0.005,10309,"['charge_density_wave', 'block_cell8', 'block_cell24']","[['charge_density_wave', 'block_cell8'], ['charge_density_wave', 'block_cell24'], ['block_cell8', 'block_cell24']]",['block_cell24'],new_time_validation,"[200, 240, 280, 320]",block_cell8,2.0,0.0009149939247710198,0.0009149935417484522,1.8061153247086096e-07,2.7187408573027004e-07,1.8061153247086096e-07,2.717342896373521e-07,0.9994858057451763,4.0,1.4121246797800483e-242,0.2497356324553276,5.211913902626859e-59,0.0001910369185133278,0.0009012701672578193,0.0009148129302159814,0.000915174153280923,0.0,0.0002035894119773425,0.9344372227787971,3.0790848433971405,0.6511924173682928,4.599039786429548e-142,True,True,False,2.0,0.0009149939247710198,0.0009149935417484522,1.8061153247086096e-07,2.7187408573027004e-07,1.8061153247086096e-07,2.717342896373521e-07,0.9994858057451763,4.0,1.4121246797800483e-242,0.0009149935417484522,0.0009149939247710198,0.9999999999999999,8.372138859377684e-07,2.9887646284928912e-21,0.0009149935417484522,0.0009012701672578193,0.2497356279693546,5.211913902626859e-59,0.0001910369185133278,0.0009148129302159814,0.000915174153280923,0.0,0.0002035894119773425,4.599039786429548e-142,True,True,False,240,0.0009151687098964141,4.910699927286037e-64,2.489352692315486e-60,0.2497230754758906,1.2556979437000877e-05,True,2.5216687843203545,0.7330325990915298,True,True,False,False,False,False,1.3898542638594792e-05,1.7516814796185356e-07
L128_gL2,128,2.0,gL,2,L128_gL2,L128_gL2_translated_t51p545,translated,0.5,1.0,open,0.015625,51.545,0.4026953125,0.005,10309,"['charge_density_wave', 'block_cell8', 'block_cell24']","[['charge_density_wave', 'block_cell8'], ['charge_density_wave', 'block_cell24'], ['block_cell8', 'block_cell24']]",['block_cell24'],new_time_validation,"[200, 240, 280, 320]",block_cell24,4.0,0.05146825229888117,0.051400218223726944,1.257619287347099e-09,1.8956034284473325e-09,1.257619287347099e-09,1.8427710444923258e-09,0.9721289890268445,8.0,2.3311224848204143e-241,0.2680449698104293,5.211913902626859e-59,1.7300048642698694e-06,0.05050718767407433,0.05140021696610766,0.05140021948134623,0.01832016366930184,0.018323623679030378,0.9351862259209156,4.229261392727494,0.6647277288138866,2.135216471655791e-137,True,False,True,2.0,0.051456085302287166,0.05138809940140587,1.2856916422207975e-05,1.9377768778648713e-05,1.2856916422207975e-05,1.883781373238234e-05,0.9721353344425638,4.0,5.2233939688105477e-241,0.05138809940140587,0.051456085302287166,0.9999999999999998,0.002647728724230963,2.5404188965281242e-14,0.05138809940140587,0.05050718767407433,0.2680375775225303,5.211913902626859e-59,0.010089385733297554,0.051375242484983666,0.05140095631782808,0.008225116313342155,0.02840388777993726,2.1434118241629257e-137,False,False,True,240,0.051400219306329,2.6343064839973116e-67,2.489352692315486e-60,0.2497230754758906,0.018321894334538708,False,2.541572092100978,0.7432187478989363,False,True,False,False,False,False,0.0008930316322546678,1.2119904923127423e-05
L128_gL2,128,2.0,gL,2,L128_gL2,L128_gL2_translated_t51p565,translated,0.5,1.0,open,0.015625,51.565,0.4028515625,0.005,10313,"['charge_density_wave', 'block_cell8', 'block_cell24']","[['charge_density_wave', 'block_cell8'], ['charge_density_wave', 'block_cell24'], ['block_cell8', 'block_cell24']]",['block_cell24'],new_time_validation,"[200, 240, 280, 320]",charge_density_wave,0.0,0.0,0.0,2.602289209730496e-60,3.925860313309362e-60,2.602289209730496e-60,3.925860313309362e-60,1.0,0.0,0.0,0.2497230754758906,4.943205928501695e-59,4.509146752608742e-55,1.69960084336226e-60,0.0,5.203434849474744e-59,0.0,4.509146752608742e-55,0.9584482293576002,0.93999351747334,0.6558093149214983,3.62733192331595e-198,True,True,False,2.0,1.59942910989062e-60,1.59942910989062e-60,1.5830869095197283e-60,2.382031176399843e-60,1.5830869095197283e-60,2.382031176399843e-60,1.0,4.0,2.1707825023564124e-270,1.59942910989062e-60,1.59942910989062e-60,1.0,4.775352501318436e-120,5.671928573579329e-240,1.59942910989062e-60,1.69960084336226e-60,0.2497230754758906,4.943205928501695e-59,4.419504749688448e-55,0.0,5.26145753044273e-59,0.0,4.4195054874303235e-55,1.841425924303246e-198,True,True,False,240,1.0765585349566913e-60,0.9098742411773187,2.3610147399336943e-60,0.2497230754758906,1.0719348967491253e-61,True,2.4212859496474266,0.7072826121002436,True,True,False,False,False,False,6.230423084055687e-61,5.228705749339286e-61
L128_gL2,128,2.0,gL,2,L128_gL2,L128_gL2_translated_t51p565,translated,0.5,1.0,open,0.015625,51.565,0.4028515625,0.005,10313,"['charge_density_wave', 'block_cell8', 'block_cell24']","[['charge_density_wave', 'block_cell8'], ['charge_density_wave', 'block_cell24'], ['block_cell8', 'block_cell24']]",['block_cell24'],new_time_validation,"[200, 240, 280, 320]",block_cell8,2.0,0.0008673818321837755,0.0008673815058960599,1.7121793055584902e-07,2.5773444359137166e-07,1.7121793055584902e-07,2.576088091903346e-07,0.9995125432236126,4.0,3.992537336427515e-242,0.24973444008072615,4.943205928501695e-59,0.00018168637079887971,0.0008543718360934109,0.0008672102879655041,0.0008675527238266158,0.0,0.00019304691329812332,0.9334723725914955,3.0351348146796227,0.6575314272195101,4.3597260362110924e-142,True,True,False,2.0,0.0008673818321837755,0.0008673815058960599,1.7121793055584902e-07,2.5773444359137166e-07,1.7121793055584902e-07,2.576088091903346e-07,0.9995125432236126,4.0,3.992537336427515e-242,0.0008673815058960599,0.0008673818321837755,0.9999999999999999,7.523512460055502e-07,2.4098313133407916e-21,0.0008673815058960599,0.0008543718360934109,0.24973443601838985,4.943205928501695e-59,0.00018168637079887971,0.0008672102879655041,0.0008675527238266158,0.0,0.00019304691329812332,4.3597260362110924e-142,True,True,False,240,0.0008675475707649398,4.910699927286037e-64,2.3610147399336943e-60,0.2497230754758906,1.1364604835560403e-05,True,2.418281013146043,0.7076728902757168,True,True,False,False,False,False,1.3175734671528943e-05,1.6606486887991902e-07
L128_gL2,128,2.0,gL,2,L128_gL2,L128_gL2_translated_t51p565,translated,0.5,1.0,open,0.015625,51.565,0.4028515625,0.005,10313,"['charge_density_wave', 'block_cell8', 'block_cell24']","[['charge_density_wave', 'block_cell8'], ['charge_density_wave', 'block_cell24'], ['block_cell8', 'block_cell24']]",['block_cell24'],new_time_validation,"[200, 240, 280, 320]",block_cell24,4.0,0.04878776010760914,0.048729800132228,1.1906688166967e-09,1.7944988275645494e-09,1.1906688166967e-09,1.7469946469676452e-09,0.973527884294371,8.0,7.745322691521648e-241,0.2664443477272647,4.943205928501695e-59,1.6420752284923867e-06,0.047882919821922006,0.04872979894155918,0.04872980132289682,0.016719629571640766,0.016722913722097752,0.9379463046789169,4.252615140751004,0.6621386110782623,2.0247986056056e-137,True,True,False,2.0,0.04877622599240689,0.04871830706620087,1.217198896480704e-05,1.8343178791877242e-05,1.217198896480704e-05,1.7857706833160408e-05,0.9735339242873318,4.0,2.2672054018236936e-241,0.04871830706620087,0.04877622599240689,0.9999999999999998,0.00237912023066976,2.0478063188590405e-14,0.04871830706620086,0.047882919821922006,0.26643758154865294,4.943205928501695e-59,0.009594539839609536,0.048706135077236055,0.04873047905516567,0.007119966233152801,0.026309045912371872,2.0317811773874972e-137,False,True,False,240,0.0487298011590385,2.634306483997312e-67,2.3610147399336943e-60,0.2497230754758906,0.016721272251374143,True,2.456884942948818,0.7136708088219166,True,True,False,False,False,False,0.0008468813371164952,1.1494092837634196e-05
L128_gL2,128,2.0,gL,2,L128_gL2,L128_gL2_translated_t51p585,translated,0.5,1.0,open,0.015625,51.585,0.4030078125,0.005,10317,"['charge_density_wave', 'block_cell8', 'block_cell24']","[['charge_density_wave', 'block_cell8'], ['charge_density_wave', 'block_cell24'], ['block_cell8', 'block_cell24']]",['block_cell24'],new_time_validation,"[200, 240, 280, 320]",charge_density_wave,0.0,0.0,0.0,2.4678829717652577e-60,3.7230954944369147e-60,2.4678829717652577e-60,3.7230954944369147e-60,1.0,0.0,0.0,0.2497230754758906,4.688351593693569e-59,4.2783216770179515e-55,1.611975393676471e-60,0.0,4.935139890870094e-59,0.0,4.2783216770179515e-55,0.9576348774135113,0.9343160036951303,0.6620706990361214,3.62733192331595e-198,True,True,False,2.0,1.5169708188355232e-60,1.5169708188355232e-60,1.5011129127343582e-60,2.2586890104048548e-60,1.5011129127343582e-60,2.2586890104048548e-60,1.0,4.0,1.026671678019041e-270,1.5169708188355232e-60,1.5169708188355232e-60,1.0,4.2954306922056166e-120,4.589123526101682e-240,1.5169708188355232e-60,1.611975393676471e-60,0.2497230754758906,4.688351593693569e-59,4.1932584044325956e-55,0.0,4.990159966850557e-59,0.0,4.193259104139138e-55,2.726729954304291e-198,True,True,False,240,1.0210568149004931e-60,0.9098742411773187,2.2392932184195847e-60,0.2497230754758906,1.0164905386616551e-61,True,2.4029729552567005,0.7075545825064182,True,True,False,False,False,False,5.909185787759779e-61,4.9591400393503006e-61
L128_gL2,128,2.0,gL,2,L128_gL2,L128_gL2_translated_t51p585,translated,0.5,1.0,open,0.015625,51.585,0.4030078125,0.005,10317,"['charge_density_wave', 'block_cell8', 'block_cell24']","[['charge_density_wave', 'block_cell8'], ['charge_density_wave', 'block_cell24'], ['block_cell8', 'block_cell24']]",['block_cell24'],new_time_validation,"[200, 240, 280, 320]",block_cell8,2.0,0.000822247491976679,0.000822247214019781,1.6231315253192608e-07,2.443305727540394e-07,1.6231315253192608e-07,2.442176654183485e-07,0.9995378910857605,4.0,6.9224540937822016e-242,0.24973336042075175,4.688351593693569e-59,0.000172791967559956,0.0008099141286310247,0.000822084900867249,0.0008224095271723128,0.0,0.00018307323392471536,0.9337214063853025,3.0056928638368845,0.6461932007223368,4.132866259958682e-142,True,True,False,2.0,0.000822247491976679,0.000822247214019781,1.6231315253192608e-07,2.443305727540394e-07,1.6231315253192608e-07,2.442176654183485e-07,0.9995378910857605,4.0,6.9224540937822016e-242,0.000822247214019781,0.000822247491976679,0.9999999999999999,6.760909409358764e-07,1.943043049700203e-21,0.000822247214019781,0.0008099141286310247,0.24973335674225536,4.688351593693569e-59,0.000172791967559956,0.000822084900867249,0.0008224095271723128,0.0,0.00018307323392471536,4.132866259958682e-142,True,True,False,240,0.0008224046487276771,4.910699927286037e-64,2.2392932184195847e-60,0.2497230754758906,1.0284944861167609e-05,True,2.431585283949971,0.7044595722109079,True,True,False,False,False,False,1.249052009665247e-05,1.5743470789617714e-07
L128_gL2,128,2.0,gL,2,L128_gL2,L128_gL2_translated_t51p585,translated,0.5,1.0,open,0.015625,51.585,0.4030078125,0.005,10317,"['charge_density_wave', 'block_cell8', 'block_cell24']","[['charge_density_wave', 'block_cell8'], ['charge_density_wave', 'block_cell24'], ['block_cell8', 'block_cell24']]",['block_cell24'],new_time_validation,"[200, 240, 280, 320]",block_cell24,4.0,0.04624688367315274,0.04619750704119351,1.12735089930599e-09,1.6989083730626396e-09,1.12735089930599e-09,1.6561964703506753e-09,0.9748592076010744,8.0,2.535509280913557e-241,0.26497966824045743,4.688351593693569e-59,1.5586948551308038e-06,0.04539442390776749,0.04619750591384261,0.04619750816854441,0.015255033516551489,0.01525815090626175,0.9316089656203985,4.161587418988347,0.6738411001861095,1.9200158821853116e-137,True,True,False,2.0,0.046235949516631736,0.046186607861414423,1.1524227341171174e-05,1.736506969354949e-05,1.1524227341171174e-05,1.6928597895716014e-05,0.9748649555955651,4.0,4.4529572197885934e-241,0.046186607861414423,0.046235949516631736,0.9999999999999998,0.002137763035426233,1.6507196916011832e-14,0.046186607861414423,0.04539442390776749,0.26497347741630195,4.688351593693569e-59,0.009124277127440877,0.04617508363407325,0.046198132088755596,0.0061261248129704585,0.024374679067852217,1.9259649462575068e-137,False,True,False,240,0.04619750801504815,2.634306483997312e-67,2.2392932184195847e-60,0.2497230754758906,0.015256592764566848,True,2.4451290406286716,0.7103283349424601,True,True,False,False,False,False,0.0008030841072806591,1.0900153633724985e-05
L128_gL4,128,2.0,gL,4,L128_gL4,L128_gL4_edge_t65p805,edge,0.5,1.0,open,0.03125,65.805,0.5141015625,0.005,13161,"['charge_density_wave', 'left', 'right']","[['charge_density_wave', 'left'], ['charge_density_wave', 'right'], ['left', 'right']]",['left'],new_time_validation,"[200, 240, 280, 320]",charge_density_wave,0.0,0.0,0.0,1.0607952904931409e-76,1.601325526038994e-76,1.0607952904931409e-76,1.601325526038994e-76,1.0,0.0,0.0,0.2445789664548871,1.4171911828191665e-74,1.5633051464165096e-70,8.767064606946436e-77,0.0,1.427799135724098e-74,0.0,1.5633051464165096e-70,0.9989417307078838,0.8552467096596956,0.6536117624491453,7.482232154807445e-198,True,True,False,2.0,7.54817133790672e-77,7.54817133790672e-77,7.00422479917473e-77,1.0551618455885907e-76,7.00422479917473e-77,1.0551618455885907e-76,1.0,4.0,1.0668389867786333e-278,7.54817133790672e-77,7.54817133790672e-77,1.0,1.0502219181260809e-152,2.737489730692143e-305,7.54817133790672e-77,9.38361988031153e-77,0.2445789664548871,1.4171911828191665e-74,1.5592659570421054e-70,0.0,1.431743578956248e-74,0.0,1.559265988344572e-70,3.066436181909081e-197,True,True,False,240,4.7534812919582336e-77,0.9082104608110634,1.0316619683561086e-76,0.2445789664548871,4.1494125997309715e-78,True,2.3953206557780504,0.6976301018148661,True,True,False,False,False,False,4.013583314988202e-77,2.7946900459484867e-77
L128_gL4,128,2.0,gL,4,L128_gL4,L128_gL4_edge_t65p805,edge,0.5,1.0,open,0.03125,65.805,0.5141015625,0.005,13161,"['charge_density_wave', 'left', 'right']","[['charge_density_wave', 'left'], ['charge_density_wave', 'right'], ['left', 'right']]",['left'],new_time_validation,"[200, 240, 280, 320]",left,4.0,0.05719303860349858,0.05709972699765824,1.3913006616637238e-08,2.0881864557331233e-08,1.3913006616637238e-08,2.024542191812858e-08,0.9695217523581144,8.0,2.8171068530919127e-241,0.2665026750221889,1.4171911828191665e-74,1.6998748267550578e-05,0.05540777186863606,0.057099713084651615,0.05709974091066485,0.021906701191475933,0.02194069868801103,0.93095494620502,4.176454370841384,0.647221501916647,2.7094899672194605e-119,True,False,True,2.0,0.057150704617421624,0.05705759972752005,4.378085208079043e-05,6.563482973669544e-05,4.378085208079043e-05,6.36358158321887e-05,0.9695433977276073,4.0,9.717109340413251e-242,0.05705759972752005,0.057150704617421624,1.0,0.003266203040550556,7.456019135445386e-15,0.05705759972752005,0.05540777186863606,0.26647514183340276,1.4171911828191665e-74,0.03092340943993209,0.057013818875439264,0.05710138057960084,0.0,0.05281958481844771,2.7217903311491604e-119,False,False,True,240,0.05709974019923653,3.828509340805182e-86,1.0316619683561086e-76,0.2445789664548871,0.021923708567301744,False,2.388419782742858,0.7014480475336313,False,True,False,False,False,False,0.0016919683306004726,4.214047171648139e-05
L128_gL4,128,2.0,gL,4,L128_gL4,L128_gL4_edge_t65p805,edge,0.5,1.0,open,0.03125,65.805,0.5141015625,0.005,13161,"['charge_density_wave', 'left', 'right']","[['charge_density_wave', 'left'], ['charge_density_wave', 'right'], ['left', 'right']]",['left'],new_time_validation,"[200, 240, 280, 320]",right,4.0,9.12232690123992,0.9940452159748357,9.991309013017136e-07,9.724363703684047e-06,9.991309013017136e-07,6.53268769959404e-06,0.6717856199803746,8.0,6.775563423304884e-241,0.30902566103557755,1.4171911828191665e-74,0.0009474241688841606,0.993559053169275,0.9940442168439345,0.9940462151057371,0.06349931917114127,0.06539416750890958,0.9401858691126108,4.175755811855197,0.6576947029680014,2.110055344433205e-113,True,False,True,2.0,9.112277882517127,0.9940321922645989,0.0018408259621070233,0.022397454692189595,0.0018408259621070233,0.01504636625838486,0.6717891146636321,4.0,2.3893854663550474e-241,0.9940321922645989,9.112277882517127,1.0,83.03360824269139,2.8630461118617654e-06,0.9940321922645989,0.993559053169275,0.3091399900035585,1.4171911828191665e-74,0.8596356746443657,0.9921913663024919,0.995873018226706,0.0,0.9241966981930372,3.3671563740917333e-110,False,False,True,240,0.9940452215634779,5.707481190911582e-92,1.0316619683561086e-76,0.2445789664548871,0.06444669458069045,False,2.4076620303094387,0.6995109878480434,False,False,False,False,False,False,0.0004861683942029016,1.3029298878919349e-05
L128_gL4,128,2.0,gL,4,L128_gL4,L128_gL4_edge_t65p825,edge,0.5,1.0,open,0.03125,65.825,0.5142578125,0.005,13165,"['charge_density_wave', 'left', 'right']","[['charge_density_wave', 'left'], ['charge_density_wave', 'right'], ['left', 'right']]",['left'],new_time_validation,"[200, 240, 280, 320]",charge_density_wave,0.0,0.0,0.0,1.0060343702290767e-76,1.518661794289849e-76,1.0060343702290767e-76,1.518661794289849e-76,1.0,0.0,0.0,0.2445789664548871,1.3441257832753537e-74,1.4831645996082382e-70,8.315065549868829e-77,0.0,1.3541861269776445e-74,0.0,1.4831645996082382e-70,0.9515304658561945,0.894054589793086,0.6523342281579971,7.482232154807445e-198,True,True,False,2.0,7.158578722584015e-77,7.158578722584015e-77,6.64192783591516e-77,1.0005835186871113e-76,6.64192783591516e-77,1.0005835186871113e-76,1.0,4.0,1.2170816790524767e-278,7.158578722584015e-77,7.158578722584015e-77,1.0,9.446655504934164e-153,2.2148865879764183e-305,7.158578722584015e-77,8.89935300099939e-77,0.2445789664548871,1.3441257832753537e-74,1.479331954314265e-70,0.0,1.357926289833853e-74,0.0,1.4793319840028884e-70,1.899622946195659e-197,True,True,False,240,4.5084410975344334e-77,0.9082104608110634,9.784802627491383e-77,0.2445789664548871,3.9349556754451177e-78,True,2.402987815439701,0.7083068042993546,True,True,False,False,False,False,3.806624452334395e-77,2.650137625049581e-77
L128_gL4,128,2.0,gL,4,L128_gL4,L128_gL4_edge_t65p825,edge,0.5,1.0,open,0.03125,65.825,0.5142578125,0.005,13165,"['charge_density_wave', 'left', 'right']","[['charge_density_wave', 'left'], ['charge_density_wave', 'right'], ['left', 'right']]",['left'],new_time_validation,"[200, 240, 280, 320]",left,4.0,0.05421273770211024,0.05413324669319619,1.31709957750731e-08,1.976504587415488e-08,1.31709957750731e-08,1.9192759103658517e-08,0.9710455126620933,8.0,7.78502590746363e-241,0.264597024502488,1.3441257832753537e-74,1.6138367350230987e-05,0.05252863786153676,0.05413323352220042,0.054133259864191964,0.020001911777164257,0.02003418851186472,0.9343619346618652,4.222224060446024,0.647865192964673,2.569498665429685e-119,True,False,True,2.0,0.054172607276502374,0.054093292406128514,4.144343927273254e-05,6.212091420208655e-05,4.144343927273254e-05,6.032351547079751e-05,0.9710661255653468,4.0,8.66611748552697e-242,0.054093292406128514,0.054172607276502374,1.0,0.0029346713811817843,6.00911137258075e-15,0.054093292406128514,0.05252863786153676,0.26457180518849166,1.3441257832753537e-74,0.029417972875392405,0.05405184896685578,0.054134735845401245,0.0,0.04941081160899696,2.5799570692551176e-119,False,False,True,240,0.05413325921471271,3.828509340805182e-86,9.784802627491383e-77,0.2445789664548871,0.020018058047600904,False,2.4193295165896416,0.7162019107490778,False,True,False,False,False,False,0.0016046213531759473,3.9966808584195046e-05
L128_gL4,128,2.0,gL,4,L128_gL4,L128_gL4_edge_t65p825,edge,0.5,1.0,open,0.03125,65.825,0.5142578125,0.005,13165,"['charge_density_wave', 'left', 'right']","[['charge_density_wave', 'left'], ['charge_density_wave', 'right'], ['left', 'right']]",['left'],new_time_validation,"[200, 240, 280, 320]",right,4.0,8.645709739943337,0.9933772611928925,9.726357855362459e-07,9.215662921691597e-06,9.726357855362459e-07,6.192169268487038e-06,0.6719179424316905,8.0,4.117301347193001e-241,0.3148226117646627,1.3441257832753537e-74,0.0009239732242202445,0.9928371367469818,0.9933762885571069,0.993378233828678,0.06931972498259578,0.07116767143103626,0.9321671165525913,4.127229800447822,0.6545222159475088,2.28544522016341e-113,True,False,True,2.0,8.6361851604033,0.9933627903063413,0.001820757538310604,0.0212244407940031,0.001820757538310604,0.014261163033336483,0.6719217326736793,4.0,5.7990131025095416e-241,0.9933627903063413,8.6361851604033,1.0,74.58369415568458,2.30570905903813e-06,0.9933627903063413,0.9928371367469818,0.31494650835961685,1.3441257832753537e-74,0.8515425715114003,0.9915420327680308,0.995183547844652,0.0,0.92191011341613,3.0244943704166826e-110,False,False,True,240,0.993377267403001,5.707481190911582e-92,9.784802627491383e-77,0.2445789664548871,0.07024364530977557,False,2.4512584321200848,0.720572093501687,False,False,False,False,False,False,0.000540130656019211,1.447709665969299e-05
L128_gL4,128,2.0,gL,4,L128_gL4,L128_gL4_edge_t65p845,edge,0.5,1.0,open,0.03125,65.845,0.5144140625,0.005,13169,"['charge_density_wave', 'left', 'right']","[['charge_density_wave', 'left'], ['charge_density_wave', 'right'], ['left', 'right']]",['left'],new_time_validation,"[200, 240, 280, 320]",charge_density_wave,0.0,0.0,0.0,9.541003704807115e-77,1.440265371140556e-76,9.541003704807115e-77,1.440265371140556e-76,1.0,0.0,0.0,0.2445789664548871,1.2748273790919533e-74,1.407132206166667e-70,7.886369976540752e-77,0.0,1.2843683827967605e-74,0.0,1.407132206166667e-70,0.9520878791809082,0.8499233163893223,0.6551015395671129,7.482232154807445e-198,True,True,False,2.0,6.789094607481003e-77,6.789094607481003e-77,6.2983710082587485e-77,9.488282818362248e-77,6.2983710082587485e-77,9.488282818362248e-77,1.0,4.0,1.8772115388135236e-278,6.789094607481003e-77,6.789094607481003e-77,1.0,8.497185127644266e-153,1.792051507114682e-305,6.789094607481003e-77,8.440078013237628e-77,0.2445789664548871,1.2748273790919533e-74,1.4034955437890035e-70,0.0,1.287914844707693e-74,0.0,1.4034955719469875e-70,1.6576057637437634e-197,True,True,False,240,4.2760326338183566e-77,0.9082104608110634,9.28040049875805e-77,0.2445789664548871,3.7315828474973606e-78,True,2.4359959941357374,0.7046510055661201,True,True,False,False,False,False,3.610337342722395e-77,2.5130619736626464e-77
L128_gL4,128,2.0,gL,4,L128_gL4,L128_gL4_edge_t65p845,edge,0.5,1.0,open,0.03125,65.845,0.5144140625,0.005,13169,"['charge_density_wave', 'left', 'right']","[['charge_density_wave', 'left'], ['charge_density_wave', 'right'], ['left', 'right']]",['left'],new_time_validation,"[200, 240, 280, 320]",left,4.0,0.051387753353378224,0.05132003758589873,1.2469321241351818e-08,1.8709410427813764e-08,1.2469321241351818e-08,1.8194832942257415e-08,0.9724963281156435,8.0,2.24059852489318e-241,0.26285198425863704,1.2748273790919533e-74,1.532229755522715e-05,0.04979833969664855,0.05132002511657749,0.05132005005521997,0.01825768826966757,0.018288332864778024,0.9349747076630592,4.291355350986123,0.6526399273425341,2.4366256564219964e-119,True,False,True,2.0,0.05134971178023336,0.051282146090742255,3.923321871569086e-05,5.879968983957256e-05,3.923321871569086e-05,5.7183636394453e-05,0.9725159528982422,4.0,1.3294979738377285e-241,0.051282146090742255,0.05134971178023336,1.0,0.002636792901749737,4.842998158091058e-15,0.051282146090742255,0.04979833969664855,0.2628288936839202,1.2748273790919533e-74,0.02798669865481344,0.051242912872026564,0.051321379309457946,0.0,0.04623662588384652,2.445515472795548e-119,False,False,True,240,0.05132004946179108,3.828509340805182e-86,9.28040049875805e-77,0.2445789664548871,0.018273017803749913,False,2.4437569957226515,0.7060469649732113,False,True,False,False,True,False,0.0015217097651425288,3.7903371048822465e-05
L128_gL4,128,2.0,gL,4,L128_gL4,L128_gL4_edge_t65p845,edge,0.5,1.0,open,0.03125,65.845,0.5144140625,0.005,13169,"['charge_density_wave', 'left', 'right']","[['charge_density_wave', 'left'], ['charge_density_wave', 'right'], ['left', 'right']]",['left'],new_time_validation,"[200, 240, 280, 320]",right,4.0,8.193997215534097,0.9926352173759634,9.481317799023602e-07,8.733378020127929e-06,9.481317799023602e-07,5.869401754566107e-06,0.6720654643642839,8.0,8.810884383032208e-241,0.3210998444616924,1.2748273790919533e-74,0.0009022435283477158,0.9920352828004565,0.9926342692441835,0.9926361655077433,0.07561869179921986,0.07742317885591529,0.9484159145504236,4.240416342392564,0.6644641757011414,2.4731556868050458e-113,True,False,True,2.0,8.184969703257513,0.992619142141744,0.0018022509989328356,0.020112411082825212,0.0018022509989328356,0.01351693972314525,0.672069582681109,4.0,4.0341876534498696e-241,0.992619142141744,8.184969703257513,1.0,66.99372907096047,1.8568703501260482e-06,0.992619142141744,0.9920352828004565,0.3212339800236957,1.2748273790919533e-74,0.8440667718511613,0.9908168911428111,0.9944213931406768,0.0,0.9207217854199699,2.7167054757662813e-110,False,False,True,240,0.9926352242750869,5.707481190911582e-92,9.28040049875805e-77,0.2445789664548871,0.07652087800680528,False,2.482114063575864,0.7144723385572433,False,False,False,False,False,False,0.0005999414746303833,1.6082133342920635e-05
L128_gL4,128,2.0,gL,4,L128_gL4,L128_gL4_edge_t65p865,edge,0.5,1.0,open,0.03125,65.865,0.5145703125,0.005,13173,"['charge_density_wave', 'left', 'right']","[['charge_density_wave', 'left'], ['charge_density_wave', 'right'], ['left', 'right']]",['left'],new_time_validation,"[200, 240, 280, 320]",charge_density_wave,0.0,0.0,0.0,9.048473559992092e-77,1.3659159655687943e-76,9.048473559992092e-77,1.3659159655687943e-76,1.0,0.0,0.0,0.2445789664548871,1.2091017572196427e-74,1.3349973814788072e-70,7.479776441192878e-77,0.0,1.2181502307796347e-74,0.0,1.3349973814788072e-70,1.0007922798395157,0.8456157110631466,0.6520194821059704,7.482232154807445e-198,True,True,False,2.0,6.4386811090169164e-77,6.4386811090169164e-77,5.9725849581464274e-77,8.99750108204772e-77,5.9725849581464274e-77,8.99750108204772e-77,1.0,4.0,2.5219879488982205e-278,6.4386811090169164e-77,6.4386811090169164e-77,1.0,7.64314474934826e-153,1.449938169107824e-305,6.4386811090169164e-77,8.004505143411842e-77,0.2445789664548871,1.2091017572196427e-74,1.3315466808500516e-70,0.0,1.221513023286806e-74,0.0,1.3315467075563107e-70,6.5974304650244454e-198,True,True,False,240,4.055604739813096e-77,0.9082104608110634,8.802000070337626e-77,0.2445789664548871,3.5387212310175537e-78,True,2.4161997865885496,0.7166785672307014,True,True,False,False,False,False,3.424171701379782e-77,2.3830763692038206e-77
L128_gL4,128,2.0,gL,4,L128_gL4,L128_gL4_edge_t65p865,edge,0.5,1.0,open,0.03125,65.865,0.5145703125,0.005,13173,"['charge_density_wave', 'left', 'right']","[['charge_density_wave', 'left'], ['charge_density_wave', 'right'], ['left', 'right']]",['left'],new_time_validation,"[200, 240, 280, 320]",left,4.0,0.04870999056003427,0.04865230698697133,1.1805727796086704e-08,1.771146742273221e-08,1.1805727796086704e-08,1.724879704629193e-08,0.9738773549702352,8.0,2.5092786720283636e-241,0.2612546478060561,1.2091017572196427e-74,1.4548193460167159e-05,0.047209298913069284,0.04865229518124353,0.04865231879269912,0.01666112653407276,0.016690222920993095,0.9402682594954967,4.2126612309366465,0.6533701773732901,2.3105260669467492e-119,True,True,False,2.0,0.04867392910301776,0.048616373398469095,3.7143072899029776e-05,5.56601532613887e-05,3.7143072899029776e-05,5.420720254640587e-05,0.9738960345984037,4.0,1.0975920223677676e-241,0.048616373398469095,0.04867392910301776,1.0,0.0023691513759731024,3.903185259728748e-15,0.048616373398469095,0.047209298913069284,0.2612335144192168,1.2091017572196427e-74,0.026625853597040516,0.048579230325570065,0.048653516471368126,0.0,0.043280401561370155,2.3180802870656175e-119,False,True,False,240,0.04865231825002163,3.828509340805182e-86,8.802000070337626e-77,0.2445789664548871,0.016675681351169005,True,2.4443504959344864,0.7097178623080254,True,True,False,False,False,False,0.0014430193369523447,3.594485155253291e-05
L128_gL4,128,2.0,gL,4,L128_gL4,L128_gL4_edge_t65p865,edge,0.5,1.0,open,0.03125,65.865,0.5145703125,0.005,13173,"['charge_density_wave', 'left', 'right']","[['charge_density_wave', 'left'], ['charge_density_wave', 'right'], ['left', 'right']]",['left'],new_time_validation,"[200, 240, 280, 320]",right,4.0,7.76588784656039,0.9918110630409627,9.254801620671241e-07,8.276127213135954e-06,9.254801620671241e-07,5.563459750735502e-06,0.672229849476591,8.0,8.058689907420049e-241,0.32789067835220315,1.2091017572196427e-74,0.0008821204644735513,0.9911448690192858,0.9918101375608006,0.9918119885211247,0.08242965347510112,0.08419389440404822,0.9305596295744181,4.213614350184798,0.6554216183722019,2.673668953515921e-113,True,False,True,2.0,7.757331458372429,0.9917932100711864,0.0017851363703357457,0.019058171799411536,0.0017851363703357457,0.012811557385289189,0.672234331820053,4.0,4.803668291454945e-241,0.9917932100711864,7.757331458372429,1.0,60.176191379905,1.495407550468367e-06,0.9917932100711864,0.9911448690192858,0.3280357508042915,1.2091017572196427e-74,0.8371423993031506,0.9900080737008506,0.9935783464415221,0.0,0.9205991836525549,2.440240431824919e-110,False,False,True,240,0.9918110707036258,5.707481190911582e-92,8.802000070337626e-77,0.2445789664548871,0.08331171189731605,False,2.4903556276112795,0.723444389179349,False,False,False,False,False,False,0.000666201684340062,1.7860632439470336e-05
L128_gL4,128,2.0,gL,4,L128_gL4,L128_gL4_edge_t65p885,edge,0.5,1.0,open,0.03125,65.885,0.5147265625,0.005,13177,"['charge_density_wave', 'left', 'right']","[['charge_density_wave', 'left'], ['charge_density_wave', 'right'], ['left', 'right']]",['left'],new_time_validation,"[200, 240, 280, 320]",charge_density_wave,0.0,0.0,0.0,8.581369252751673e-77,1.2954046587208512e-76,8.581369252751673e-77,1.2954046587208512e-76,1.0,0.0,0.0,0.2445789664548871,1.1467647175517548e-74,1.266560335172271e-70,7.094145440379708e-77,0.0,1.1553460868045064e-74,0.0,1.266560335172271e-70,0.9543530121445656,0.857918843626976,0.6559630259871483,7.482232154807445e-198,True,True,False,2.0,6.106353913111883e-77,6.106353913111883e-77,5.663650469239013e-77,8.53210524388831e-77,5.663650469239013e-77,8.53210524388831e-77,1.0,4.0,7.704156845787318e-279,6.106353913111883e-77,6.106353913111883e-77,1.0,6.874942824866172e-153,1.1731363110319412e-305,6.106353913111883e-77,7.591411180135344e-77,0.2445789664548871,1.1467647175517548e-74,1.2632860875127516e-70,0.0,1.1585347219341056e-74,0.0,1.2632861128421315e-70,7.131159996371249e-198,True,True,False,240,3.846539821627056e-77,0.9082104608110634,8.348260966415787e-77,0.2445789664548871,3.3558275513349635e-78,True,2.4092684388160706,0.7012824174016714,True,True,False,False,False,False,3.2476056187526523e-77,2.2598140914848266e-77
L128_gL4,128,2.0,gL,4,L128_gL4,L128_gL4_edge_t65p885,edge,0.5,1.0,open,0.03125,65.885,0.5147265625,0.005,13177,"['charge_density_wave', 'left', 'right']","[['charge_density_wave', 'left'], ['charge_density_wave', 'right'], ['left', 'right']]",['left'],new_time_validation,"[200, 240, 280, 320]",left,4.0,0.0461717762715851,0.046122639564670775,1.1178090426256145e-08,1.6767937946194007e-08,1.1178090426256145e-08,1.63519530538022e-08,0.9751916488642405,8.0,2.9010532345396062e-241,0.259793063025995,1.1467647175517548e-74,1.3813837777311823e-05,0.044754305712507186,0.04612262838658035,0.0461226507427612,0.015200276672904706,0.01522790434845933,0.975308608263731,4.166605845093727,0.6531557366251945,2.1908691653286555e-119,True,True,False,2.0,0.04613759185512568,0.046088564090350684,3.51662954599999e-05,5.269196941447579e-05,3.51662954599999e-05,5.138570518987134e-05,0.9752094249063009,4.0,1.445822321720704e-241,0.046088564090350684,0.04613759185512568,1.0,0.0021286773836679566,3.1457545683218316e-15,0.046088564090350684,0.044754305712507186,0.2597737280361516,1.1467647175517548e-74,0.025331897154669707,0.046053397794890684,0.046123730385810684,0.0,0.040526658735934216,2.1972863388400916e-119,False,True,False,240,0.046122650246071976,3.828509340805182e-86,8.348260966415787e-77,0.2445789664548871,0.015214096571107864,True,2.385769560933113,0.7024186383932829,True,True,False,False,False,False,0.00136834453356479,3.4086155721292644e-05
L128_gL4,128,2.0,gL,4,L128_gL4,L128_gL4_edge_t65p885,edge,0.5,1.0,open,0.03125,65.885,0.5147265625,0.005,13177,"['charge_density_wave', 'left', 'right']","[['charge_density_wave', 'left'], ['charge_density_wave', 'right'], ['left', 'right']]",['left'],new_time_validation,"[200, 240, 280, 320]",right,4.0,7.360148172683891,0.9908959542534652,9.045463255516493e-07,7.842600598478784e-06,9.045463255516493e-07,5.2734660976555185e-06,0.6724129364280521,8.0,6.266044126631932e-241,0.3352296420337909,1.1467647175517548e-74,0.0008634918979511881,0.9901563966697977,0.9908950497071396,0.9908968587997907,0.08978725075289071,0.09151423454879308,0.9825609438121319,4.202586034312844,0.6559675484895706,2.8874107470692743e-113,True,False,True,2.0,7.352038319570546,0.9908761324708396,0.001769254150196996,0.018058695535266036,0.001769254150196996,0.012142988729328896,0.6724178225174341,4.0,3.4980198387408906e-241,0.9908761324708396,7.352038319570546,1.0,54.052467474714106,1.204310485450581e-06,0.9908761324708396,0.9901563966697977,0.33538637278290084,1.1467647175517548e-74,0.8307072353449079,0.9891068783206426,0.9926453866210365,0.0,0.9215146416729216,2.1919112295194375e-110,False,False,True,240,0.990895962761803,5.707481190911582e-92,8.348260966415787e-77,0.2445789664548871,0.09065067557890379,False,2.4424341544508934,0.7071510758250952,False,False,False,False,False,False,0.0007395660920053171,1.9830290963418484e-05
L128_gL4,128,2.0,gL,4,L128_gL4,L128_gL4_edge_t67p705,edge,0.5,1.0,open,0.03125,67.705,0.5289453125,0.005,13541,"['charge_density_wave', 'left', 'right']","[['charge_density_wave', 'left'], ['charge_density_wave', 'right'], ['left', 'right']]",['right'],new_time_validation,"[200, 240, 280, 320]",charge_density_wave,0.0,0.0,0.0,6.900762043803874e-79,1.041751370180676e-78,6.900762043803874e-79,1.041751370180676e-78,1.0,0.0,0.0,0.2445789664548871,9.27936190449935e-77,1.0536431517244683e-72,5.740422768235916e-79,0.0,9.34836952493739e-77,0.0,1.0536431517244683e-72,0.9550706204026937,0.9098528120666742,0.6528530828654766,7.482232154807445e-198,True,True,False,2.0,4.9138510289133694e-79,4.9138510289133694e-79,4.509639154879134e-79,6.793885941202388e-79,4.509639154879134e-79,6.793885941202388e-79,1.0,4.0,1.2283851679961317e-279,4.9138510289133694e-79,4.9138510289133694e-79,1.0,4.4771837259071145e-157,4.9803170604e-314,4.9138510289133694e-79,6.112698594125761e-79,0.2445789664548871,9.27936190449935e-77,1.0508859726102565e-72,0.0,9.373596806337275e-77,0.0,1.0508859931063443e-72,1.1125229601779625e-197,True,True,False,240,3.1145815867406317e-79,0.9082104608110634,6.759725018140419e-79,0.2445789664548871,2.683063359340922e-80,True,2.40241689234972,0.7068484667688608,True,True,False,False,False,False,2.6258411814952842e-79,1.7992694421727377e-79
L128_gL4,128,2.0,gL,4,L128_gL4,L128_gL4_edge_t67p705,edge,0.5,1.0,open,0.03125,67.705,0.5289453125,0.005,13541,"['charge_density_wave', 'left', 'right']","[['charge_density_wave', 'left'], ['charge_density_wave', 'right'], ['left', 'right']]",['right'],new_time_validation,"[200, 240, 280, 320]",left,2.0,0.00035447046466655443,0.00035447044239707184,2.65128408390181e-07,3.970079150104895e-07,2.65128408390181e-07,3.9692964797738866e-07,0.9998028577513404,4.0,1.0334032166730244e-242,0.24458109161893946,9.27936190449935e-77,0.00027391881815890987,0.00034416175679616144,0.00035420531398868164,0.000354735570805462,0.0,0.00027604100598841726,0.9329228475689888,2.9931809809058905,0.6522042956203222,1.688178273218878e-121,True,True,False,2.0,0.00035447046466655443,0.00035447044239707184,2.65128408390181e-07,3.970079150104895e-07,2.65128408390181e-07,3.9692964797738866e-07,0.9998028577513404,4.0,1.0334032166730244e-242,0.00035447044239707184,0.00035447046466655443,1.0,1.2564931039603015e-07,9.437158780780724e-24,0.00035447044239707184,0.00034416175679616144,0.24458108864271663,9.27936190449935e-77,0.00027391881815890987,0.00035420531398868164,0.000354735570805462,0.0,0.00027604100598841726,1.688178273218878e-121,True,True,False,240,0.0003547345593528131,3.828509340805182e-86,6.759725018140419e-79,0.2445789664548871,2.125164052346978e-06,True,2.3974517062306404,0.708615692332387,True,True,False,False,False,False,1.0572802556651649e-05,2.6411695574124396e-07
L128_gL4,128,2.0,gL,4,L128_gL4,L128_gL4_edge_t67p705,edge,0.5,1.0,open,0.03125,67.705,0.5289453125,0.005,13541,"['charge_density_wave', 'left', 'right']","[['charge_density_wave', 'left'], ['charge_density_wave', 'right'], ['left', 'right']]",['right'],new_time_validation,"[200, 240, 280, 320]",right,4.0,0.055814430411885364,0.05572769504108017,2.783214516618426e-08,4.167927068488114e-08,2.783214516618426e-08,4.0443144104604387e-08,0.970341933532797,8.0,1.6739290226733927e-241,0.2656130550455251,9.27936190449935e-77,3.276992249059854e-05,0.05356414303678162,0.055727667208935,0.05572772287322533,0.021001301537841105,0.0210668413828223,0.9314292632043362,4.175700770691037,0.6611838433891535,1.1254567835540565e-113,True,False,True,2.0,0.05575259473750961,0.05566614687849756,6.380549671702433e-05,9.543695043742637e-05,6.380549671702433e-05,9.260948659670772e-05,0.970373489222369,4.0,5.537363396263861e-242,0.05566614687849756,0.05575259473750961,1.0,0.003108351821051411,3.376995390563707e-15,0.05566614687849756,0.05356414303678162,0.26557346077978655,9.27936190449935e-77,0.04352918919396716,0.05560234138178054,0.05572995237521458,0.0,0.06452368351886661,1.130316836982596e-113,False,False,True,240,0.055727721671554035,5.707481190911582e-92,6.759725018140419e-79,0.2445789664548871,0.021034088590638034,False,2.430332565680146,0.7074910439550877,False,True,False,False,False,False,0.0021635786347724145,6.15747930564764e-05
L128_gL4,128,2.0,gL,4,L128_gL4,L128_gL4_edge_t67p725,edge,0.5,1.0,open,0.03125,67.725,0.5291015625,0.005,13545,"['charge_density_wave', 'left', 'right']","[['charge_density_wave', 'left'], ['charge_density_wave', 'right'], ['left', 'right']]",['right'],new_time_validation,"[200, 240, 280, 320]",charge_density_wave,0.0,0.0,0.0,6.544542638250924e-79,9.879762940641765e-79,6.544542638250924e-79,9.879762940641765e-79,1.0,0.0,0.0,0.2445789664548871,8.800950598189103e-77,9.996208727252416e-73,5.444466733371793e-79,0.0,8.866396024571612e-77,0.0,9.996208727252416e-73,0.9510034266859293,0.8645030446350574,0.6525119226425886,7.482232154807445e-198,True,True,False,2.0,4.66022666813374e-79,4.66022666813374e-79,4.276385069396478e-79,6.442485374149695e-79,4.276385069396478e-79,6.442485374149695e-79,1.0,4.0,6.742241788760063e-280,4.66022666813374e-79,4.66022666813374e-79,1.0,4.027189856148667e-157,4.0295447826e-314,4.66022666813374e-79,5.79723638336806e-79,0.2445789664548871,8.800950598189103e-77,9.970047136099642e-73,0.0,8.890316715564406e-77,0.0,9.97004733049347e-73,3.306120089247474e-197,True,True,False,240,2.9540260453968673e-79,0.9082104608110634,6.411264251820101e-79,0.2445789664548871,2.5444036401420024e-80,True,2.416264496743679,0.6979168206453323,True,True,False,False,False,False,2.490440687974926e-79,1.706200622736873e-79
L128_gL4,128,2.0,gL,4,L128_gL4,L128_gL4_edge_t67p725,edge,0.5,1.0,open,0.03125,67.725,0.5291015625,0.005,13545,"['charge_density_wave', 'left', 'right']","[['charge_density_wave', 'left'], ['charge_density_wave', 'right'], ['left', 'right']]",['right'],new_time_validation,"[200, 240, 280, 320]",left,2.0,0.0003360078426773372,0.0003360078237094826,2.5132994330536164e-07,3.763473481456738e-07,2.5132994330536164e-07,3.7627701703090554e-07,0.9998131218006058,4.0,7.708722831445272e-243,0.24458088810200498,8.800950598189103e-77,0.00026052257316013384,0.0003262358072149045,0.00033575649376617724,0.00033625915365278797,0.0,0.0002624415278577609,0.9910129997879267,2.9240077435970306,0.6470059007406235,1.6002482634594607e-121,True,True,False,2.0,0.0003360078426773372,0.0003360078237094826,2.5132994330536164e-07,3.763473481456738e-07,2.5132994330536164e-07,3.7627701703090554e-07,0.9998131218006058,4.0,7.708722831445272e-243,0.0003360078237094826,0.0003360078426773372,1.0,1.129012704080564e-07,7.607089282222212e-24,0.0003360078237094826,0.0003262358072149045,0.24458088540958475,8.800950598189103e-77,0.00026052257316013384,0.00033575649376617724,0.00033625915365278797,0.0,0.0002624415278577609,1.6002482634594607e-121,True,True,False,240,0.0003362581981554503,3.828509340805182e-86,6.411264251820101e-79,0.2445789664548871,1.9216471178547957e-06,True,2.4201317969709635,0.7130912635475397,True,True,False,False,False,False,1.0022390940545825e-05,2.5037444596770096e-07
L128_gL4,128,2.0,gL,4,L128_gL4,L128_gL4_edge_t67p725,edge,0.5,1.0,open,0.03125,67.725,0.5291015625,0.005,13545,"['charge_density_wave', 'left', 'right']","[['charge_density_wave', 'left'], ['charge_density_wave', 'right'], ['left', 'right']]",['right'],new_time_validation,"[200, 240, 280, 320]",right,4.0,0.052899845077229155,0.052825982768791795,2.63455551192009e-08,3.944705512006114e-08,2.63455551192009e-08,3.8335803601867764e-08,0.9718292908098928,8.0,2.3989743820161344e-241,0.26377850358337607,8.800950598189103e-77,3.111214680804912e-05,0.05077441957755714,0.052825956423236675,0.052826009114346914,0.019168409295872726,0.019230633589488823,0.9957912489771843,4.191590845584869,0.6634458210319281,1.0671522582002992e-113,True,False,True,2.0,0.0528412350416263,0.052767617625753056,6.039370530508153e-05,9.032044593622396e-05,6.039370530508153e-05,8.777876849396257e-05,0.9718593346620975,4.0,1.4258804317976132e-241,0.052767617625753056,0.0528412350416263,1.0,0.0027921961216985855,2.7201313506896763e-15,0.052767617625753056,0.05077441957755714,0.26374225065675755,8.800950598189103e-77,0.04141402379195145,0.05270722392044798,0.05282801133105814,0.0,0.060577307993821855,1.0712914157127628e-113,False,False,True,240,0.052826008023756206,5.707481190911582e-92,6.411264251820101e-79,0.2445789664548871,0.019199537128488927,False,2.4846057016402483,0.7089370023459196,False,True,False,False,False,False,0.002051588446199064,5.839039800314971e-05
L128_gL4,128,2.0,gL,4,L128_gL4,L128_gL4_edge_t67p745,edge,0.5,1.0,open,0.03125,67.745,0.5292578125,0.005,13549,"['charge_density_wave', 'left', 'right']","[['charge_density_wave', 'left'], ['charge_density_wave', 'right'], ['left', 'right']]",['right'],new_time_validation,"[200, 240, 280, 320]",charge_density_wave,0.0,0.0,0.0,6.206711533501494e-79,9.369771028295188e-79,6.206711533501494e-79,9.369771028295188e-79,1.0,0.0,0.0,0.2445789664548871,8.347204498426573e-77,9.483683328191049e-73,5.1637691521283973e-79,0.0,8.409271613761588e-77,0.0,9.483683328191049e-73,0.9598763827234507,0.9429313782602549,0.652759563177824,7.482232154807445e-198,True,True,False,2.0,4.419692919105818e-79,4.419692919105818e-79,4.055195778404429e-79,6.109260451902404e-79,4.055195778404429e-79,6.109260451902404e-79,1.0,4.0,2.5868255338942334e-279,4.419692919105818e-79,4.419692919105818e-79,1.0,3.6224240960635e-157,3.260280612e-314,4.419692919105818e-79,5.498054446352594e-79,0.2445789664548871,8.347204498426573e-77,9.458859813333166e-73,0.0,8.431953385401676e-77,0.0,9.458859997704743e-73,1.1003819840632764e-197,True,True,False,240,2.801747083292195e-79,0.9082104608110634,6.08076648020807e-79,0.2445789664548871,2.412909909286994e-80,True,2.4501476772129536,0.7132745496928692,True,True,False,False,False,False,2.3620220688362025e-79,1.617945835813623e-79
L128_gL4,128,2.0,gL,4,L128_gL4,L128_gL4_edge_t67p745,edge,0.5,1.0,open,0.03125,67.745,0.5292578125,0.005,13549,"['charge_density_wave', 'left', 'right']","[['charge_density_wave', 'left'], ['charge_density_wave', 'right'], ['left', 'right']]",['right'],new_time_validation,"[200, 240, 280, 320]",left,1.0,0.0003092436408986792,0.0003092436261119436,9.510810252813405e-06,1.423462683829057e-05,9.510810252813405e-06,1.4232178582049453e-05,0.9998280069952709,2.0,3.758102880209464e-243,0.24458070400692583,8.347204498426573e-77,0.007647042493830449,0.0003092436261119436,0.00029973281585913024,0.000318754436364757,0.0,0.007648683796594765,0.9294934384524822,1.935994004830718,0.6557437721639872,1.517015435008963e-121,True,True,False,2.0,0.0003185069307760913,0.0003185069146203596,2.382497908131696e-07,3.5676223816227663e-07,2.382497908131696e-07,3.5669903828110256e-07,0.9998228515397268,4.0,1.0978427435972288e-242,0.0003185069146203596,0.0003185069307760913,1.0,1.014466650128506e-07,6.131920453461647e-24,0.0003185069146203596,0.0003092436261119436,0.24458070157135364,8.347204498426573e-77,0.0002477789598671608,0.0003182686648295464,0.00031874516441117277,0.0,0.0002495140763336774,1.5168985463633691e-121,True,True,False,240,0.0003187442616555398,3.828509340805182e-86,6.08076648020807e-79,0.2445789664548871,1.7375520387170045e-06,True,2.4765454344451427,0.7218376323580742,True,True,False,False,False,False,9.500635543596171e-06,2.3734703518015193e-07
L128_gL4,128,2.0,gL,4,L128_gL4,L128_gL4_edge_t67p745,edge,0.5,1.0,open,0.03125,67.745,0.5292578125,0.005,13549,"['charge_density_wave', 'left', 'right']","[['charge_density_wave', 'left'], ['charge_density_wave', 'right'], ['left', 'right']]",['right'],new_time_validation,"[200, 240, 280, 320]",right,4.0,0.05013747209192483,0.050074573711939935,2.4939868551079352e-08,3.733722844044444e-08,2.4939868551079352e-08,3.6338276143888206e-08,0.9732451406201819,8.0,1.0215631607001953e-241,0.2620991986633554,8.347204498426573e-77,2.9539655250123915e-05,0.04812929202773888,0.05007454877207139,0.05007459865180849,0.017490678195798613,0.01754975750629886,0.9481013268232346,4.260697638615966,0.6598884202539921,1.0118235647917901e-113,True,False,True,2.0,0.050081919416742095,0.050019229619575487,5.71677966410439e-05,8.548473976004764e-05,5.71677966410439e-05,8.320005221492564e-05,0.9732737380784567,4.0,1.0190582007440761e-241,0.050019229619575487,0.050081919416742095,1.0,0.0025081986533385995,2.1910390840108524e-15,0.050019229619575487,0.04812929202773888,0.2620660182584112,8.347204498426573e-77,0.039402757410140855,0.049962061822934445,0.050076397416216535,0.0,0.05688980921366491,1.0153486213033983e-113,False,False,False,240,0.050074597661295614,5.707481190911582e-92,6.08076648020807e-79,0.2445789664548871,0.0175202322084683,False,2.504663707688451,0.7250395808368921,False,True,False,False,True,False,0.0019453056335567362,5.536804172012744e-05
L128_gL4,128,2.0,gL,4,L128_gL4,L128_gL4_edge_t67p765,edge,0.5,1.0,open,0.03125,67.765,0.5294140625,0.005,13553,"['charge_density_wave', 'left', 'right']","[['charge_density_wave', 'left'], ['charge_density_wave', 'right'], ['left', 'right']]",['right'],new_time_validation,"[200, 240, 280, 320]",charge_density_wave,0.0,0.0,0.0,5.886319504563231e-79,8.886105033462152e-79,5.886319504563231e-79,8.886105033462152e-79,1.0,0.0,0.0,0.2445789664548871,7.91685195379797e-77,8.997435310473062e-73,4.8975433522319135e-79,0.0,7.975715148843602e-77,0.0,8.997435310473062e-73,0.9544622395187616,0.8614236731082201,0.6570356767624617,7.482232154807445e-198,True,True,False,2.0,4.191574120727709e-79,4.191574120727709e-79,3.845447239873688e-79,5.793271060726043e-79,3.845447239873688e-79,5.793271060726043e-79,1.0,4.0,1.149380804472943e-279,4.191574120727709e-79,4.191574120727709e-79,1.0,3.2583406445037573e-157,2.637873567e-314,4.191574120727709e-79,5.2143125958744163e-79,0.2445789664548871,7.91685195379797e-77,8.973881436773133e-73,0.0,7.997222167403984e-77,0.0,8.97388161163917e-73,3.6501000954347403e-197,True,True,False,240,2.657318045813191e-79,0.9082104608110634,5.767305719068504e-79,0.2445789664548871,2.2882118201940395e-80,True,2.3788851238787174,0.703915324062109,True,True,False,False,False,False,2.2402253064187226e-79,1.5342560749145183e-79
L128_gL4,128,2.0,gL,4,L128_gL4,L128_gL4_edge_t67p765,edge,0.5,1.0,open,0.03125,67.765,0.5294140625,0.005,13553,"['charge_density_wave', 'left', 'right']","[['charge_density_wave', 'left'], ['charge_density_wave', 'right'], ['left', 'right']]",['right'],new_time_validation,"[200, 240, 280, 320]",left,1.0,0.00029313658153714016,0.00029313656894266614,9.015595212897772e-06,1.349351764539794e-05,9.015595212897772e-06,1.3491317689168776e-05,0.9998369619926414,2.0,5.555941952999038e-243,0.24458053748757097,7.91685195379797e-77,0.007279725396769339,0.00029313656894266614,0.0002841209737297684,0.00030215216415556396,0.0,0.007281209369419399,0.9946128930896521,1.9236039463430643,0.6542085185647011,1.4380017108298565e-121,True,True,False,2.0,0.00030191762950658587,0.00030191761574604857,2.258505417790088e-07,3.381965803182471e-07,2.258505417790088e-07,3.38139788580656e-07,0.9998320747727916,4.0,1.112811048356446e-242,0.00030191761574604857,0.00030191762950658587,1.0,9.115425506110092e-08,4.9428252668402624e-24,0.00030191761574604857,0.00029313656894266614,0.2445805352844406,7.91685195379797e-77,0.0002356563184289338,0.00030169176520426956,0.0003021434662878276,0.0,0.00023722514798242125,1.437890512985291e-121,True,True,False,240,0.0003021426132562708,3.828509340805182e-86,5.767305719068504e-79,0.2445789664548871,1.571032683839649e-06,True,2.4174032621085644,0.7069595605134964,True,True,False,False,False,False,9.00604431360464e-06,2.2499751022221235e-07
L128_gL4,128,2.0,gL,4,L128_gL4,L128_gL4_edge_t67p765,edge,0.5,1.0,open,0.03125,67.765,0.5294140625,0.005,13553,"['charge_density_wave', 'left', 'right']","[['charge_density_wave', 'left'], ['charge_density_wave', 'right'], ['left', 'right']]",['right'],new_time_validation,"[200, 240, 280, 320]",right,4.0,0.04751936146764852,0.04746580066873561,2.361055874138085e-08,3.534280785070903e-08,2.361055874138085e-08,3.444483900489196e-08,0.9745926002933845,8.0,2.6889484257528767e-241,0.26056259818202,7.91685195379797e-77,2.8047941217642607e-05,0.04562137070448408,0.04746577705817687,0.047465824279294355,0.015955570649357948,0.016011666531793235,0.9292316008359194,4.20491923391819,0.6572507247328758,9.593254858832531e-114,True,True,False,2.0,0.04746670665418227,0.04741332350568113,5.4117358899723895e-05,8.091379777940237e-05,5.4117358899723895e-05,7.886019059987879e-05,0.9746198147178508,4.0,9.958616736455625e-242,0.04741332350568113,0.04746670665418227,1.0,0.0022530882413775003,1.7648638735991628e-15,0.04741332350568113,0.04562137070448408,0.2605322413760837,7.91685195379797e-77,0.037490180489464314,0.04735920614678141,0.04746744086458085,0.0,0.05344345541066094,9.623274461307168e-114,False,False,False,240,0.0474658233790019,5.707481190911582e-92,5.767305719068504e-79,0.2445789664548871,0.01598363172713289,True,2.4557168539613485,0.7123994305729866,True,True,False,False,False,False,0.00184445267451782,5.249987332076739e-05
L128_gL4,128,2.0,gL,4,L128_gL4,L128_gL4_edge_t67p785,edge,0.5,1.0,open,0.03125,67.785,0.5295703125,0.005,13557,"['charge_density_wave', 'left', 'right']","[['charge_density_wave', 'left'], ['charge_density_wave', 'right'], ['left', 'right']]",['right'],new_time_validation,"[200, 240, 280, 320]",charge_density_wave,0.0,0.0,0.0,5.582466326920705e-79,8.427405994362544e-79,5.582466326920705e-79,8.427405994362544e-79,1.0,0.0,0.0,0.2445789664548871,7.508686874769762e-77,8.536117464279083e-73,4.645043219467801e-79,0.0,7.56451153803897e-77,0.0,8.536117464279083e-73,0.9541974104940891,0.9189342483878136,0.6542535107582808,7.482232154807445e-198,True,True,False,2.0,3.97522948558644e-79,3.97522948558644e-79,3.646547690103301e-79,5.493625713520248e-79,3.646547690103301e-79,5.493625713520248e-79,1.0,4.0,9.686030046960039e-280,3.97522948558644e-79,3.97522948558644e-79,1.0,2.930850591307093e-157,2.134287745e-314,3.97522948558644e-79,4.94521400484344e-79,0.2445789664548871,7.508686874769762e-77,8.513768296525285e-73,0.0,7.58490464652666e-77,0.0,8.513768462375855e-73,8.88248485392389e-198,True,True,False,240,2.520334272234243e-79,0.9082104608110634,5.470003718232893e-79,0.2445789664548871,2.169958166509697e-80,True,2.4256387688219547,0.7030121423304081,True,True,False,False,False,False,2.124708947233558e-79,1.4548952133521973e-79
L128_gL4,128,2.0,gL,4,L128_gL4,L128_gL4_edge_t67p785,edge,0.5,1.0,open,0.03125,67.785,0.5295703125,0.005,13557,"['charge_density_wave', 'left', 'right']","[['charge_density_wave', 'left'], ['charge_density_wave', 'right'], ['left', 'right']]",['right'],new_time_validation,"[200, 240, 280, 320]",left,1.0,0.0002778685362426687,0.0002778685255154262,8.546171690764195e-06,1.2791002391946565e-05,8.546171690764195e-06,1.2789025552680844e-05,0.9998454507938358,2.0,1.1931124636265972e-242,0.24458038687250144,7.508686874769762e-77,0.006929932202715933,0.0002778685255154262,0.000269322353824662,0.00028641469720619043,0.0,0.006931273875590693,0.9379752576351166,1.9304978530853987,0.6547107603400946,1.363103749036589e-121,True,True,False,2.0,0.00028619244953267486,0.00028619243781221926,2.1409673675661958e-07,3.2059728850616503e-07,2.1409673675661958e-07,3.205462551431215e-07,0.9998408178581879,4.0,1.3677657136672974e-242,0.00028619243781221926,0.00028619244953267486,1.0,8.190611821815766e-08,3.9843249410700095e-24,0.00028619243781221926,0.0002778685255154262,0.2445803848797155,7.508686874769762e-77,0.00022412451785726689,0.0002859783410754626,0.0002864065345489759,0.0,0.00022554294268564904,1.3629979856873811e-121,True,True,False,240,0.0002864057284068284,3.828509340805182e-86,5.470003718232893e-79,0.2445789664548871,1.420417614334762e-06,True,2.4171755481511354,0.7037642132490873,True,True,False,False,False,False,8.537202891402168e-06,2.1329059460913243e-07
L128_gL4,128,2.0,gL,4,L128_gL4,L128_gL4_edge_t67p785,edge,0.5,1.0,open,0.03125,67.785,0.5295703125,0.005,13557,"['charge_density_wave', 'left', 'right']","[['charge_density_wave', 'left'], ['charge_density_wave', 'right'], ['left', 'right']]",['right'],new_time_validation,"[200, 240, 280, 320]",right,4.0,0.045037978482910405,0.04499236989917058,2.2353360534600385e-08,3.345723399891712e-08,2.2353360534600385e-08,3.265006771023377e-08,0.9758746856147916,8.0,2.970080126066194e-241,0.25915709513378765,7.508686874769762e-77,2.6632743893256424e-05,0.043243627901056535,0.04499234754581005,0.04499239225253112,0.014551483919840014,0.014604749407626526,1.0024247821420431,4.146518724039197,0.6648507658392191,9.09518886906422e-114,True,True,False,2.0,0.044988070354003325,0.04494261307072075,5.123258250233731e-05,7.659255882336862e-05,5.123258250233731e-05,7.474672244622149e-05,0.9759005782610837,4.0,5.665092845777618e-242,0.04494261307072075,0.044988070354003325,1.0,0.002023926474879143,1.42158601094028e-15,0.04494261307072075,0.043243627901056535,0.25912933167006175,7.508686874769762e-77,0.035671351130447386,0.044891380488218405,0.044993845653223084,0.0,0.050221716345622024,9.120752929624191e-114,False,False,False,240,0.0449923914336233,5.707481190911582e-92,5.470003718232893e-79,0.2445789664548871,0.014578128678900518,True,2.4624602142721415,0.7109217513352633,True,True,False,False,False,False,0.001748763532566762,4.977836290254861e-05
L128_gL4,128,2.0,gL,4,L128_gL4,L128_gL4_translated_t49p745,translated,0.5,1.0,open,0.03125,49.745,0.3886328125,0.005,9949,"['charge_density_wave', 'block_cell8', 'block_cell24']","[['charge_density_wave', 'block_cell8'], ['charge_density_wave', 'block_cell24'], ['block_cell8', 'block_cell24']]",['block_cell8'],new_time_validation,"[200, 240, 280, 320]",charge_density_wave,0.0,0.0,0.0,3.2654547338609275e-58,4.9269081383190224e-58,3.2654547338609275e-58,4.9269081383190224e-58,1.0,0.0,0.0,0.2445789664548871,4.085242595884169e-56,3.388553091455702e-52,2.527223299676438e-58,0.0,4.117897143222779e-56,0.0,3.388553091455702e-52,0.9501793589442968,0.9404825922101736,0.6559493970125914,7.482232154807445e-198,True,True,False,2.0,2.284752697634915e-58,2.284752697634915e-58,2.3514162830256563e-58,3.540627559963947e-58,2.3514162830256563e-58,3.540627559963947e-58,1.0,4.0,2.5518639317756144e-269,2.284752697634915e-58,2.284752697634915e-58,1.0,9.169042604277763e-116,2.061388178500475e-231,2.284752697634915e-58,2.8247800545498592e-58,0.2445789664548871,4.085242595884169e-56,3.380800772647837e-52,0.0,4.131604285690775e-56,0.0,3.380800862876441e-52,2.795880349644486e-197,True,True,False,240,1.3622935543896303e-58,0.9082104608110634,2.9564551214772417e-58,0.2445789664548871,1.3562464503315266e-59,True,2.3710521776229143,0.7220707479864359,True,True,False,False,False,False,1.1649297452868076e-58,9.224591432452847e-59
L128_gL4,128,2.0,gL,4,L128_gL4,L128_gL4_translated_t49p745,translated,0.5,1.0,open,0.03125,49.745,0.3886328125,0.005,9949,"['charge_density_wave', 'block_cell8', 'block_cell24']","[['charge_density_wave', 'block_cell8'], ['charge_density_wave', 'block_cell24'], ['block_cell8', 'block_cell24']]",['block_cell8'],new_time_validation,"[200, 240, 280, 320]",block_cell8,4.0,0.05574647243736828,0.055660053010129516,9.468426411874744e-10,1.4273923172029925e-09,9.468426411874744e-10,1.3844433719679735e-09,0.9699109034584279,8.0,2.9869930028336383e-241,0.2655695446416915,4.085242595884169e-56,1.3196949237983901e-06,0.05481128019568754,0.05566005206328688,0.05566005395697216,0.020989257979619477,0.020991897369467074,0.9322801269590855,4.278957644477487,0.6512135490775108,2.0151402236111043e-140,True,False,True,2.0,0.05573562675931257,0.05564925768379952,1.153469441199384e-05,1.738814569291394e-05,1.153469441199384e-05,1.6865049820352896e-05,0.9699165234867904,4.0,7.278554696420921e-241,0.05564925768379952,0.05573562675931257,0.9999999999999977,0.0031064601071244136,5.24091336934971e-14,0.055649257683799504,0.054811280195687546,0.26556260583480296,4.085242595884169e-56,0.009131894203110235,0.055637722989387524,0.05566079237821151,0.011851745176805576,0.030115533583026047,2.0242857895034862e-140,False,False,True,240,0.055660053807088605,9.86498130653872e-64,2.9564551214772417e-58,0.2445789664548871,0.020990578186804408,False,2.368581995368004,0.691261162981391,False,True,False,False,False,False,0.0008487736114010658,1.0796123289087689e-05
L128_gL4,128,2.0,gL,4,L128_gL4,L128_gL4_translated_t49p745,translated,0.5,1.0,open,0.03125,49.745,0.3886328125,0.005,9949,"['charge_density_wave', 'block_cell8', 'block_cell24']","[['charge_density_wave', 'block_cell8'], ['charge_density_wave', 'block_cell24'], ['block_cell8', 'block_cell24']]",['block_cell8'],new_time_validation,"[200, 240, 280, 320]",block_cell24,4.0,12.973879432177275,0.9970426656514392,1.9592155293119625e-07,6.570839406152891e-07,1.9592155293119625e-07,4.370076178433733e-07,0.6650712197199071,8.0,1.5684440302855836e-241,0.2807863164826429,4.085242595884169e-56,0.00020621043002250469,0.9969390685656327,0.9970424697298862,0.997042861572992,0.03600114033935938,0.03641356119940439,0.9345843531191349,4.243860272690654,0.6638286057859659,3.194031724010347e-137,True,False,True,2.0,12.970902921694822,0.9970413142397667,0.0011078191988099478,0.006934169075557788,0.0011078191988099478,0.004611719004453798,0.6650716119267439,4.0,1.3781010839434199e-241,0.9970413142397667,12.970902921694822,0.9999999999999907,168.24432324483982,0.00010781240237757012,0.9970413142397667,0.9969390685656327,0.2807990193843247,4.085242595884169e-56,0.5533642168359761,0.9959334950409567,0.9981491334385767,0.0,0.5895842697654137,1.785967065113423e-133,False,False,True,240,0.9970426657681203,1.2904347859204268e-67,2.9564551214772417e-58,0.2445789664548871,0.03620735002775576,False,2.3857377003878355,0.7008188422769308,False,True,False,False,False,False,0.00010359720248753757,1.3515283535658895e-06
L128_gL4,128,2.0,gL,4,L128_gL4,L128_gL4_translated_t49p765,translated,0.5,1.0,open,0.03125,49.765,0.3887890625,0.005,9953,"['charge_density_wave', 'block_cell8', 'block_cell24']","[['charge_density_wave', 'block_cell8'], ['charge_density_wave', 'block_cell24'], ['block_cell8', 'block_cell24']]",['block_cell8'],new_time_validation,"[200, 240, 280, 320]",charge_density_wave,0.0,0.0,0.0,3.0968008535081612e-58,4.6724475098083e-58,3.0968008535081612e-58,4.6724475098083e-58,1.0,0.0,0.0,0.2445789664548871,3.8746218369348336e-56,3.2151717699951864e-52,2.3969285431426234e-58,0.0,3.905589845469915e-56,0.0,3.2151717699951864e-52,0.9506610184907913,0.8584854397922754,0.6511853691190481,7.482232154807445e-198,True,True,False,2.0,2.1668271190042262e-58,2.1668271190042262e-58,2.2297307253642788e-58,3.357403153451645e-58,2.2297307253642788e-58,3.357403153451645e-58,1.0,4.0,5.491948204689618e-269,2.1668271190042262e-58,2.1668271190042262e-58,1.0,8.247444795939663e-116,1.667856860971473e-231,2.1668271190042262e-58,2.6789997012098622e-58,0.2445789664548871,3.8746218369348336e-56,3.2078148625703713e-52,0.0,3.9185874153785187e-56,0.0,3.2078149481471122e-52,1.356492371960806e-197,True,True,False,240,1.2920678889566945e-58,0.9082104608110634,2.804051250752444e-58,0.2445789664548871,1.2860873622959633e-59,True,2.409119552001357,0.7365573961287737,True,True,False,False,False,False,1.104860654185929e-58,8.747592300475318e-59
L128_gL4,128,2.0,gL,4,L128_gL4,L128_gL4_translated_t49p765,translated,0.5,1.0,open,0.03125,49.765,0.3887890625,0.005,9953,"['charge_density_wave', 'block_cell8', 'block_cell24']","[['charge_density_wave', 'block_cell8'], ['charge_density_wave', 'block_cell24'], ['block_cell8', 'block_cell24']]",['block_cell8'],new_time_validation,"[200, 240, 280, 320]",block_cell8,4.0,0.05284542754820164,0.05277179263258172,8.963968398537305e-10,1.3511799296086e-09,8.963968398537305e-10,1.3125566181763942e-09,0.9714151234888503,8.0,7.366295482251514e-241,0.2637448426738651,3.8746218369348336e-56,1.2525252875696676e-06,0.05196678940866338,0.05277179173618488,0.05277179352897857,0.019164623224448975,0.019167128275024113,0.991772823035717,4.197700040414929,0.6501976288855076,1.9111454046047026e-140,True,False,True,2.0,0.0528351454912619,0.05276155348856928,1.0919738597202276e-05,1.645873561331786e-05,1.0919738597202276e-05,1.5988352770272707e-05,0.9714204751752294,4.0,5.217823073761081e-241,0.05276155348856928,0.0528351454912619,0.9999999999999978,0.002791552614219203,4.225402969737156e-14,0.05276155348856927,0.05196678940866338,0.263738487364182,3.8746218369348336e-56,0.008683329354802087,0.052750633749972076,0.05277247322716648,0.010476191554492788,0.027842850264096962,1.9189420394122033e-140,False,False,True,240,0.0527717933885731,9.86498130653872e-64,2.804051250752444e-58,0.2445789664548871,0.01916587621897799,False,2.4323900565505028,0.7063791546970606,False,True,False,False,False,False,0.0008050039799097214,1.0239900003823632e-05
L128_gL4,128,2.0,gL,4,L128_gL4,L128_gL4_translated_t49p765,translated,0.5,1.0,open,0.03125,49.765,0.3887890625,0.005,9953,"['charge_density_wave', 'block_cell8', 'block_cell24']","[['charge_density_wave', 'block_cell8'], ['charge_density_wave', 'block_cell24'], ['block_cell8', 'block_cell24']]",['block_cell8'],new_time_validation,"[200, 240, 280, 320]",block_cell24,4.0,12.297650870627281,0.9967101325062017,1.8591908164487725e-07,6.228503235770227e-07,1.8591908164487725e-07,4.1428183639512024e-07,0.6651386709023512,8.0,1.3768141014239169e-241,0.28414754818325766,3.8746218369348336e-56,0.00019630620772576886,0.9965949423696577,0.9967099465871201,0.9967103184252833,0.039372276411115854,0.03976488882656739,0.9987558759748936,4.161057222634554,0.6606954354792833,3.4760681788469655e-137,True,False,True,2.0,12.294829289512917,0.996708629775405,0.001055190917900132,0.0065724811547019,0.001055190917900132,0.004371614163758248,0.6651390944850151,4.0,3.549679223993343e-241,0.996708629775405,12.294829289512917,0.999999999999991,151.16282783302654,8.688262761128259e-05,0.996708629775405,0.9965949423696577,0.2841615788048046,3.8746218369348336e-56,0.5303646704212454,0.9956534388575048,0.997763820693305,0.0,0.5699472827711628,1.6046406762485611e-133,False,False,True,240,0.9967101326359628,1.2904347859204272e-67,2.804051250752444e-58,0.2445789664548871,0.039568581728370564,False,2.441738350316882,0.7153178453445435,False,True,False,False,False,False,0.00011519026630502083,1.5028605577782628e-06
L128_gL4,128,2.0,gL,4,L128_gL4,L128_gL4_translated_t49p785,translated,0.5,1.0,open,0.03125,49.785,0.3889453125,0.005,9957,"['charge_density_wave', 'block_cell8', 'block_cell24']","[['charge_density_wave', 'block_cell8'], ['charge_density_wave', 'block_cell24'], ['block_cell8', 'block_cell24']]",['block_cell8'],new_time_validation,"[200, 240, 280, 320]",charge_density_wave,0.0,0.0,0.0,2.93685772101565e-58,4.431129232441241e-58,2.93685772101565e-58,4.431129232441241e-58,1.0,0.0,0.0,0.2445789664548871,3.6748599445177054e-56,3.0506612957344085e-52,2.273351326599193e-58,0.0,3.704228521727862e-56,0.0,3.0506612957344085e-52,1.0093632396310568,0.8654204308986664,0.6544079724699259,7.482232154807445e-198,True,True,False,2.0,2.0549881693439965e-58,2.0549881693439965e-58,2.114342475084741e-58,3.1836605873285174e-58,2.114342475084741e-58,3.1836605873285174e-58,1.0,4.0,2.967516380753806e-269,2.0549881693439965e-58,2.0549881693439965e-58,1.0,7.418478559027229e-116,1.3494530228232676e-231,2.0549881693439965e-58,2.540742734119249e-58,0.2445789664548871,3.6748599445177054e-56,3.043679633060644e-52,0.0,3.7165532509619925e-56,0.0,3.043679714225354e-52,1.4056361756462955e-197,True,True,False,240,1.2254623272659213e-58,0.9082104608110634,2.6595037278174425e-58,0.2445789664548871,1.2195577264882068e-59,True,2.3896540366113186,0.7241790872067213,True,True,False,False,False,False,1.0478889993332715e-58,8.295258420780752e-59
L128_gL4,128,2.0,gL,4,L128_gL4,L128_gL4_translated_t49p785,translated,0.5,1.0,open,0.03125,49.785,0.3889453125,0.005,9957,"['charge_density_wave', 'block_cell8', 'block_cell24']","[['charge_density_wave', 'block_cell8'], ['charge_density_wave', 'block_cell24'], ['block_cell8', 'block_cell24']]",['block_cell8'],new_time_validation,"[200, 240, 280, 320]",block_cell8,4.0,0.05009536866515786,0.050032628412587266,8.486932182323833e-10,1.2791348359507585e-09,8.486932182323833e-10,1.2444027925176948e-09,0.9728472382606576,8.0,6.485730235640125e-241,0.2620740461930552,3.6748599445177054e-56,1.1888398645344174e-06,0.04926917327546316,0.050032627563894046,0.050032629261280485,0.017493890468638147,0.017496268148367217,0.9425396043807268,4.288848033174872,0.6488048378378153,1.81243425041989e-140,True,False,True,2.0,0.05008562093722455,0.050022917256346805,1.0338207458042683e-05,1.5580198917076566e-05,1.0338207458042683e-05,1.5157232867969278e-05,0.9728523331853166,4.0,1.222445215756201e-241,0.050022917256346805,0.05008562093722455,0.9999999999999979,0.0025085694382474813,3.4066711524922295e-14,0.0500229172563468,0.049269173275463166,0.26206822760296195,3.6748599445177054e-56,0.008257107370208938,0.05001257904888876,0.05003325546380485,0.009232153777865878,0.025746368518283755,1.819080944196648e-140,False,False,True,240,0.050032629129682794,9.864981306538722e-64,2.6595037278174425e-58,0.2445789664548871,0.01749507973816809,False,2.372934512794018,0.6954284328967333,False,True,False,False,True,False,0.0007634558542196357,9.711873335989385e-06
L128_gL4,128,2.0,gL,4,L128_gL4,L128_gL4_translated_t49p785,translated,0.5,1.0,open,0.03125,49.785,0.3889453125,0.005,9957,"['charge_density_wave', 'block_cell8', 'block_cell24']","[['charge_density_wave', 'block_cell8'], ['charge_density_wave', 'block_cell24'], ['block_cell8', 'block_cell24']]",['block_cell8'],new_time_validation,"[200, 240, 280, 320]",block_cell24,4.0,11.65667297995578,0.9963404164169231,1.7645076636239383e-07,5.903935140650864e-07,1.7645076636239383e-07,3.927379528587935e-07,0.6652138675349627,8.0,3.1877500296754435e-241,0.2878046387744254,3.6748599445177054e-56,0.00018689917969608752,0.9962123506328981,0.9963402399661567,0.9963405928676894,0.04303877418351286,0.04341257254290504,0.9256933070719242,4.218920798972249,0.6596128065139055,3.7807180728866447e-137,True,False,True,2.0,11.653998263325375,0.996338745612605,0.001005620574810287,0.00622958820824974,0.001005620574810287,0.004144011321189428,0.6652143259969548,4.0,3.209197781440478e-241,0.996338745612605,11.653998263325375,0.9999999999999913,135.81567603711417,7.001614340761033e-05,0.996338745612605,0.9962123506328981,0.28782008489749084,3.6748599445177054e-56,0.5085477927955306,0.9953331250377947,0.9973443661874153,0.0,0.5517889112381343,1.4417250758595574e-133,False,False,True,240,0.9963404165612141,1.2904347859204277e-67,2.6595037278174425e-58,0.2445789664548871,0.04322567231953832,False,2.387136770412326,0.7023004200309515,False,True,False,False,False,False,0.00012806592831593466,1.6709486090338288e-06
L128_gL4,128,2.0,gL,4,L128_gL4,L128_gL4_translated_t49p805,translated,0.5,1.0,open,0.03125,49.805,0.3891015625,0.005,9961,"['charge_density_wave', 'block_cell8', 'block_cell24']","[['charge_density_wave', 'block_cell8'], ['charge_density_wave', 'block_cell24'], ['block_cell8', 'block_cell24']]",['block_cell8'],new_time_validation,"[200, 240, 280, 320]",charge_density_wave,0.0,0.0,0.0,2.785175431117004e-58,4.202274521634492e-58,2.785175431117004e-58,4.202274521634492e-58,1.0,0.0,0.0,0.2445789664548871,3.4853970736158325e-56,2.8945678291912892e-52,2.1561453172794033e-58,0.0,3.513248827927003e-56,0.0,2.8945678291912892e-52,0.9585591461509466,0.8531766645610332,0.6521379705518484,7.482232154807445e-198,True,True,False,2.0,1.9489216924525803e-58,1.9489216924525803e-58,2.0049256375686825e-58,3.018909170366662e-58,2.0049256375686825e-58,3.018909170366662e-58,1.0,4.0,2.5056299221552906e-269,1.9489216924525803e-58,1.9489216924525803e-58,1.0,6.67283331247842e-116,1.0918343794479861e-231,1.9489216924525803e-58,2.4096208887460672e-58,0.2445789664548871,3.4853970736158325e-56,2.8879422730879374e-52,0.0,3.524935546916045e-56,0.0,2.8879423500680856e-52,8.346876621561683e-198,True,True,False,240,1.1622902544838103e-58,0.9082104608110634,2.5224075616448003e-58,0.2445789664548871,1.1564697798131046e-59,True,2.4760758485645056,0.7553341239690781,True,True,False,False,False,False,9.93855062795593e-59,7.8663143796877e-59
L128_gL4,128,2.0,gL,4,L128_gL4,L128_gL4_translated_t49p805,translated,0.5,1.0,open,0.03125,49.805,0.3891015625,0.005,9961,"['charge_density_wave', 'block_cell8', 'block_cell24']","[['charge_density_wave', 'block_cell8'], ['charge_density_wave', 'block_cell24'], ['block_cell8', 'block_cell24']]",['block_cell8'],new_time_validation,"[200, 240, 280, 320]",block_cell8,2.0,0.04747919565997184,0.047425770410740434,9.78823093338366e-06,1.4749636420103504e-05,9.78823093338366e-06,1.4369320480556282e-05,0.9742152329240564,4.0,2.9655141810049077e-241,0.2605447618511489,3.4853970736158325e-56,0.007852087485443969,0.04671095931347627,0.047415982179807054,0.04743555864167382,0.008108382712344826,0.023812557683232764,0.9330159854143858,3.0258811693638563,0.6478687524795532,1.7187506940164893e-140,True,True,False,2.0,0.04747919565997184,0.047425770410740434,9.78823093338366e-06,1.4749636420103504e-05,9.78823093338366e-06,1.4369320480556282e-05,0.9742152329240564,4.0,2.9655141810049077e-241,0.047425770410740434,0.04747919565997184,0.999999999999998,0.0022542740327017945,2.7465861085422377e-14,0.04742577041074043,0.04671095931347627,0.2605394366526759,3.4853970736158325e-56,0.007852087485443969,0.047415982179807054,0.04743555864167382,0.008108382712344826,0.023812557683232764,1.7244171267351262e-140,True,True,False,240,0.0474349810930671,9.864981306538722e-64,2.5224075616448003e-58,0.2445789664548871,0.015965795396261775,True,2.4701119530946016,0.7242391500622034,True,True,False,False,False,False,0.0007240217795908277,9.210682326663e-06
L128_gL4,128,2.0,gL,4,L128_gL4,L128_gL4_translated_t49p805,translated,0.5,1.0,open,0.03125,49.805,0.3891015625,0.005,9961,"['charge_density_wave', 'block_cell8', 'block_cell24']","[['charge_density_wave', 'block_cell8'], ['charge_density_wave', 'block_cell24'], ['block_cell8', 'block_cell24']]",['block_cell8'],new_time_validation,"[200, 240, 280, 320]",block_cell24,4.0,11.049107984390877,0.9959294086975515,1.6748924030039528e-07,5.596209226093813e-07,1.6748924030039528e-07,3.7231449585978426e-07,0.6652976699365866,8.0,3.810373922131985e-241,0.29178111277848184,3.4853970736158325e-56,0.00017796572327084836,0.995787046240248,0.9959292412083113,0.9959295761867918,0.04702418180248608,0.04738011324902778,0.9322654101997614,4.235605910420418,0.6668589785695076,4.109427492179927e-137,True,False,True,2.0,11.046572487217142,0.9959275512547796,0.0009589523369537352,0.005904509652137374,0.0009589523369537352,0.00392825944957048,0.6652981671642265,4.0,1.6503321398681775e-241,0.9959275512547796,11.046572487217142,0.9999999999999917,122.0267641777337,5.64240737058389e-05,0.9959275512547796,0.995787046240248,0.2917980694335215,3.4853970736158325e-56,0.487865209677988,0.9949685989178259,0.9968865035917334,0.0,0.5350843126566224,1.2953508399567805e-133,False,False,True,240,0.9959294088579792,1.290434785920428e-67,2.5224075616448003e-58,0.2445789664548871,0.0472021463235947,False,2.5165826082229614,0.7324201073497534,False,True,False,False,False,False,0.000142362617731151,1.8576031995953812e-06
L128_gL4,128,2.0,gL,4,L128_gL4,L128_gL4_translated_t49p825,translated,0.5,1.0,open,0.03125,49.825,0.3892578125,0.005,9965,"['charge_density_wave', 'block_cell8', 'block_cell24']","[['charge_density_wave', 'block_cell8'], ['charge_density_wave', 'block_cell24'], ['block_cell8', 'block_cell24']]",['block_cell8'],new_time_validation,"[200, 240, 280, 320]",charge_density_wave,0.0,0.0,0.0,2.6413273162562485e-58,3.9852396516331234e-58,2.6413273162562485e-58,3.9852396516331234e-58,1.0,0.0,0.0,0.2445789664548871,3.3057022428549e-56,2.7464607482760346e-52,2.044982038117482e-58,0.0,3.3321155160174623e-56,0.0,2.7464607482760346e-52,1.0189389400184155,0.867985937744379,0.6518870256841183,7.482232154807445e-198,True,True,False,2.0,1.8483297470345672e-58,1.8483297470345672e-58,1.901171183962114e-58,2.8626836052954875e-58,1.901171183962114e-58,2.8626836052954875e-58,1.0,4.0,1.5090041423418994e-269,1.8483297470345672e-58,1.8483297470345672e-58,1.0,6.002134300344076e-116,8.833966740468696e-232,1.8483297470345672e-58,2.285265937991214e-58,0.2445789664548871,3.3057022428549e-56,2.7401731365693373e-52,0.0,3.3431972521648665e-56,0.0,2.7401732095806646e-52,1.0839602807339165e-197,True,True,False,240,1.102374675693284e-58,0.9082104608110634,2.392378638303618e-58,0.2445789664548871,1.0966454730293842e-59,True,2.4357747063040733,0.7345698345452547,True,True,False,False,False,False,9.42607362424198e-59,7.459550713412832e-59
L128_gL4,128,2.0,gL,4,L128_gL4,L128_gL4_translated_t49p825,translated,0.5,1.0,open,0.03125,49.825,0.3892578125,0.005,9965,"['charge_density_wave', 'block_cell8', 'block_cell24']","[['charge_density_wave', 'block_cell8'], ['charge_density_wave', 'block_cell24'], ['block_cell8', 'block_cell24']]",['block_cell8'],new_time_validation,"[200, 240, 280, 320]",block_cell8,2.0,0.04500842125351417,0.04496290231527087,9.268047286496626e-06,1.3964324669247788e-05,9.268047286496626e-06,1.3622369186856654e-05,0.9755122076798897,4.0,3.3524591430906454e-241,0.2591455173774012,3.3057022428549e-56,0.007467189012827465,0.044285038632757366,0.04495363426798438,0.044972170362557365,0.007094490012193558,0.02202886803784849,0.9359618965536356,3.06241993047297,0.6506997216492891,1.629849219963041e-140,True,True,False,2.0,0.04500842125351417,0.04496290231527087,9.268047286496626e-06,1.3964324669247788e-05,9.268047286496626e-06,1.3622369186856654e-05,0.9755122076798897,4.0,3.3524591430906454e-241,0.04496290231527087,0.04500842125351417,0.999999999999998,0.0020257579946650296,2.2144054971904586e-14,0.044962902315270864,0.044285038632757366,0.2591406454799081,3.3057022428549e-56,0.007467189012827465,0.04495363426798438,0.044972170362557365,0.007094490012193558,0.02202886803784849,1.6346800656518146e-140,True,True,False,240,0.04497163733671223,9.864981306538723e-64,2.392378638303618e-58,0.2445789664548871,0.014566550922514068,True,2.420574927702546,0.7019144557416439,True,True,False,False,False,False,0.0006865987039548632,8.735021441358404e-06
L128_gL4,128,2.0,gL,4,L128_gL4,L128_gL4_translated_t49p825,translated,0.5,1.0,open,0.03125,49.825,0.3892578125,0.005,9965,"['charge_density_wave', 'block_cell8', 'block_cell24']","[['charge_density_wave', 'block_cell8'], ['charge_density_wave', 'block_cell24'], ['block_cell8', 'block_cell24']]",['block_cell8'],new_time_validation,"[200, 240, 280, 320]",block_cell24,4.0,10.473213931208448,0.9954725582041918,1.590085743269163e-07,5.304447676128964e-07,1.590085743269163e-07,3.529531914326392e-07,0.6653910321728622,8.0,3.824850656684363e-241,0.29610196872706845,3.3057022428549e-56,0.00016948337361041488,0.9953143254977381,0.9954723991956175,0.9954727172127661,0.0513535202654278,0.05169248701264863,0.9315938614308834,4.286543134599924,0.6714005153626204,4.463669818946174e-137,True,False,True,2.0,10.470810406461249,0.9954704935623649,0.0009150384098621969,0.005596315884549666,0.0009150384098621969,0.003723741426489845,0.6653915724754507,4.0,1.7383866481615317e-241,0.9954704935623649,10.470810406461249,0.999999999999992,109.63787098279259,4.54707066666823e-05,0.9954704935623649,0.9953143254977381,0.29612053822137596,3.3057022428549e-56,0.4682705025619175,0.9945554551525028,0.9963855319722272,0.0,0.5198120743284064,1.1638383757204438e-133,False,False,True,240,0.9954725583825359,1.2904347859204283e-67,2.392378638303618e-58,0.2445789664548871,0.05152300227218132,False,2.4266411289572716,0.7123981285840273,False,False,False,False,False,False,0.00015823288479777098,2.064820170954995e-06
L128_gL4,128,2.0,gL,4,L128_gL4,L128_gL4_translated_t51p785,translated,0.5,1.0,open,0.03125,51.785,0.4045703125,0.005,10357,"['charge_density_wave', 'block_cell8', 'block_cell24']","[['charge_density_wave', 'block_cell8'], ['charge_density_wave', 'block_cell24'], ['block_cell8', 'block_cell24']]",['block_cell24'],new_time_validation,"[200, 240, 280, 320]",charge_density_wave,0.0,0.0,0.0,1.4619741222011634e-60,2.205999526012739e-60,1.4619741222011634e-60,2.205999526012739e-60,1.0,0.0,0.0,0.2445789664548871,1.8466637089824125e-58,1.595933659265553e-54,1.1423878613008531e-60,0.0,1.861283450204424e-58,0.0,1.595933659265553e-54,0.9769673030823469,0.8910337388515472,0.6520318239927292,7.482232154807445e-198,True,True,False,2.0,1.026397587525986e-60,1.026397587525986e-60,1.0412609194254199e-60,1.567994830200233e-60,1.0412609194254199e-60,1.567994830200233e-60,1.0,4.0,1.578953848473787e-270,1.026397587525986e-60,1.026397587525986e-60,1.0,1.8615192293639178e-120,8.512502200320883e-241,1.026397587525986e-60,1.269882104921192e-60,0.2445789664548871,1.8466637089824125e-58,1.5922196591952692e-54,0.0,1.8673402940519264e-58,0.0,1.592219699981848e-54,2.202279445463796e-197,True,True,False,240,6.1625860531292155e-61,0.9082104608110634,1.3374149921502209e-60,0.2445789664548871,6.0195571294533015e-62,True,2.400771228596568,0.7019836716353893,True,True,False,False,False,False,5.261292559879316e-61,4.101389822130644e-61
L128_gL4,128,2.0,gL,4,L128_gL4,L128_gL4_translated_t51p785,translated,0.5,1.0,open,0.03125,51.785,0.4045703125,0.005,10357,"['charge_density_wave', 'block_cell8', 'block_cell24']","[['charge_density_wave', 'block_cell8'], ['charge_density_wave', 'block_cell24'], ['block_cell8', 'block_cell24']]",['block_cell24'],new_time_validation,"[200, 240, 280, 320]",block_cell8,1.0,0.0002359173226873272,0.00023591731612210423,3.7056275088817875e-06,5.57857636928573e-06,3.7056275088817875e-06,5.577836137535895e-06,0.9998673081265124,2.0,8.813224005824352e-243,0.2445799809854446,1.8466637089824125e-58,0.003203003567508312,0.00023591731612210423,0.00023221168861322245,0.00023962294363098603,0.0,0.0032039889218902734,0.9944376200437546,1.9279653523117304,0.6539249829947948,8.700255252582224e-143,True,True,False,2.0,0.00023954698823801867,0.00023954698136508535,4.842933258759812e-08,7.29159367719156e-08,4.842933258759812e-08,7.29061125244648e-08,0.9998652661148477,4.0,1.2957873936817239e-242,0.00023954698136508535,0.00023954698823801867,1.0,5.738275983953141e-08,1.5242350707313664e-23,0.00023954698136508532,0.00023591731612210423,0.24457998061025998,1.8466637089824125e-58,5.530446954925117e-05,0.00023949855203249775,0.00023959541069767292,0.0,5.631862492211964e-05,8.700231826974694e-143,True,True,False,240,0.0002395939446344317,9.864981306538741e-64,1.3374149921502209e-60,0.2445789664548871,1.01453055746434e-06,True,2.3905496150255203,0.7052700631320477,True,True,False,False,False,False,3.6766285123274796e-06,4.6963269346360446e-08
L128_gL4,128,2.0,gL,4,L128_gL4,L128_gL4_translated_t51p785,translated,0.5,1.0,open,0.03125,51.785,0.4045703125,0.005,10357,"['charge_density_wave', 'block_cell8', 'block_cell24']","[['charge_density_wave', 'block_cell8'], ['charge_density_wave', 'block_cell24'], ['block_cell8', 'block_cell24']]",['block_cell24'],new_time_validation,"[200, 240, 280, 320]",block_cell24,4.0,0.05527873733857945,0.055194471718472554,1.2884242650010727e-09,1.942806909866752e-09,1.2884242650010727e-09,1.884789738224476e-09,0.9701374483755284,8.0,6.5725615463062e-241,0.26527111070063986,1.8466637089824125e-58,1.7703853041754265e-06,0.05424800753170294,0.055194470430048284,0.05519447300689682,0.02069037315042096,0.02069391392102931,0.9425552561879158,4.196377046406269,0.6588477808982134,2.9202364142868275e-137,True,False,True,2.0,0.05526596229354021,0.055181754992936594,1.3512640856895234e-05,2.0374688416624726e-05,1.3512640856895234e-05,1.976638324264238e-05,0.9701440747684761,4.0,4.205104403903134e-241,0.055181754992936594,0.05526596229354021,0.9999999999999999,0.0030543265980427065,2.9968132364819397e-14,0.055181754992936594,0.05424800753170294,0.2652629816216635,1.8466637089824125e-58,0.010560942350756393,0.0551682423520797,0.05519526763379349,0.010123072816019991,0.031244957517532777,2.9331744453925516e-137,False,False,True,240,0.05519447282920219,1.2904347859204377e-67,1.3374149921502209e-60,0.2445789664548871,0.020692144245752754,False,2.4150616340339184,0.707281643524766,False,True,False,False,False,False,0.000946465297499248,1.2717836265593863e-05
L128_gL4,128,2.0,gL,4,L128_gL4,L128_gL4_translated_t51p805,translated,0.5,1.0,open,0.03125,51.805,0.4047265625,0.005,10361,"['charge_density_wave', 'block_cell8', 'block_cell24']","[['charge_density_wave', 'block_cell8'], ['charge_density_wave', 'block_cell24'], ['block_cell8', 'block_cell24']]",['block_cell24'],new_time_validation,"[200, 240, 280, 320]",charge_density_wave,0.0,0.0,0.0,1.3864722039397806e-60,2.0920748841461343e-60,1.3864722039397806e-60,2.0920748841461343e-60,1.0,0.0,0.0,0.2445789664548871,1.751456214499238e-58,1.51424984014995e-54,1.083490355775941e-60,0.0,1.765320936538636e-58,0.0,1.51424984014995e-54,0.9488752111792564,0.9324842989444733,0.6529833525419235,7.482232154807445e-198,True,True,False,2.0,9.734209411109388e-61,9.734209411109388e-61,9.873799656346325e-61,1.4868586741733366e-60,9.873799656346325e-61,1.4868586741733366e-60,1.0,4.0,1.7170740973241004e-270,9.734209411109388e-61,9.734209411109388e-61,1.0,1.67441517756947e-120,6.887414678572474e-241,9.734209411109388e-61,1.2043464319199003e-60,0.2445789664548871,1.751456214499238e-58,1.5107253514897123e-54,0.0,1.771064223566694e-58,0.0,1.5107253901734808e-54,2.1641783639811945e-197,True,True,False,240,5.844907275411282e-61,0.9082104608110634,1.2684718759188687e-60,0.2445789664548871,5.708208750016742e-62,True,2.4628696888685226,0.7191063351929188,True,True,False,False,False,False,4.989996282348128e-61,3.8893021356981064e-61
L128_gL4,128,2.0,gL,4,L128_gL4,L128_gL4_translated_t51p805,translated,0.5,1.0,open,0.03125,51.805,0.4047265625,0.005,10361,"['charge_density_wave', 'block_cell8', 'block_cell24']","[['charge_density_wave', 'block_cell8'], ['charge_density_wave', 'block_cell24'], ['block_cell8', 'block_cell24']]",['block_cell24'],new_time_validation,"[200, 240, 280, 320]",block_cell8,1.0,0.00022364685038872461,0.0002236468447955504,3.5129581781424766e-06,5.288538369299037e-06,3.5129581781424766e-06,5.28787311365566e-06,0.9998742080331233,2.0,7.168988531580105e-243,0.2445798837068438,1.751456214499238e-58,0.003048472112364794,0.0002236468447955504,0.00022013388661740792,0.00022715980297369288,0.0,0.0030493629755757906,0.9464448653161526,1.947428122162819,0.6533001381903887,8.24774289308581e-143,True,True,False,2.0,0.0002270878338727342,0.0002270878280174013,4.591251265873076e-08,6.912671576749534e-08,4.591251265873076e-08,6.911788635934556e-08,0.9998722721302212,4.0,8.985414068832906e-243,0.0002270878280174013,0.0002270878338727342,1.0,5.1568884531360404e-08,1.2291437332962923e-23,0.0002270878280174013,0.0002236468447955504,0.24457988336748845,1.751456214499238e-58,5.258717274778843e-05,0.00022704191550474258,0.00022713374053006004,0.0,5.350408534912412e-05,8.24772151102686e-143,True,True,False,240,0.0002271323517162964,9.864981306538741e-64,1.2684718759188687e-60,0.2445789664548871,9.172519566826e-07,True,2.4550112187862396,0.7171997837722301,True,True,False,False,False,False,3.4855069207460052e-06,4.4523698895082954e-08
L128_gL4,128,2.0,gL,4,L128_gL4,L128_gL4_translated_t51p805,translated,0.5,1.0,open,0.03125,51.805,0.4047265625,0.005,10361,"['charge_density_wave', 'block_cell8', 'block_cell24']","[['charge_density_wave', 'block_cell8'], ['charge_density_wave', 'block_cell24'], ['block_cell8', 'block_cell24']]",['block_cell24'],new_time_validation,"[200, 240, 280, 320]",block_cell24,4.0,0.052399248088208665,0.05232746006950003,1.2197193889539197e-09,1.838980125305582e-09,1.2197193889539197e-09,1.7868125561262836e-09,0.9716323366079719,8.0,1.89486419672743e-241,0.26346982184091633,1.751456214499238e-58,1.6802577192211475e-06,0.051429862332371554,0.052327458849780635,0.05232746128921942,0.01888917447802583,0.01889253499346427,0.9407894760370255,4.230085868388414,0.658173106610775,2.769359181238704e-137,True,False,True,2.0,0.052387137681834256,0.05231539935801426,1.2791602574427631e-05,1.928471609480145e-05,1.2791602574427631e-05,1.8737775434743462e-05,0.971638645994616,4.0,4.956888025844184e-241,0.05231539935801426,0.052387137681834256,0.9999999999999999,0.002744412203297279,2.4155824008368157e-14,0.05231539935801426,0.051429862332371554,0.2634623775440575,1.751456214499238e-58,0.010042300572189048,0.05230260775543984,0.05232819096058869,0.008841110516981311,0.028925711661359408,2.7803829362958363e-137,False,False,True,240,0.05232746112304082,1.2904347859204377e-67,1.2684718759188687e-60,0.2445789664548871,0.018890855386029214,False,2.4683452900499105,0.7266929093748331,False,True,False,False,False,False,0.0008975987906692656,1.2061765026556703e-05
L128_gL4,128,2.0,gL,4,L128_gL4,L128_gL4_translated_t51p825,translated,0.5,1.0,open,0.03125,51.825,0.4048828125,0.005,10365,"['charge_density_wave', 'block_cell8', 'block_cell24']","[['charge_density_wave', 'block_cell8'], ['charge_density_wave', 'block_cell24'], ['block_cell8', 'block_cell24']]",['block_cell24'],new_time_validation,"[200, 240, 280, 320]",charge_density_wave,0.0,0.0,0.0,1.3148695460018312e-60,1.9840337427114638e-60,1.3148695460018312e-60,1.9840337427114638e-60,1.0,0.0,0.0,0.2445789664548871,1.6611572840180923e-58,1.4367465767595957e-54,1.0276293987601377e-60,0.0,1.6743059794781106e-58,0.0,1.4367465767595957e-54,0.9645646084100008,0.8782044947147369,0.6531330067664385,7.482232154807445e-198,True,True,False,2.0,9.231786396256344e-61,9.231786396256344e-61,9.362871660762407e-61,1.409920977501055e-60,9.362871660762407e-61,1.409920977501055e-60,1.0,4.0,3.4290146806282594e-270,9.231786396256344e-61,9.231786396256344e-61,1.0,1.5061172375933703e-120,5.572566072620507e-241,9.231786396256344e-61,1.1421929031500203e-60,0.2445789664548871,1.6611572840180923e-58,1.433401930144151e-54,0.0,1.679751942075111e-58,0.0,1.4334019668335233e-54,5.863556330447369e-198,True,True,False,240,5.543604707783582e-61,0.9082104608110634,1.2030827450037386e-60,0.2445789664548871,5.412964586895492e-62,True,2.4005066696554422,0.7027664948254824,True,True,False,False,False,False,4.732689279817795e-61,3.688181688472762e-61
L128_gL4,128,2.0,gL,4,L128_gL4,L128_gL4_translated_t51p825,translated,0.5,1.0,open,0.03125,51.825,0.4048828125,0.005,10365,"['charge_density_wave', 'block_cell8', 'block_cell24']","[['charge_density_wave', 'block_cell8'], ['charge_density_wave', 'block_cell24'], ['block_cell8', 'block_cell24']]",['block_cell24'],new_time_validation,"[200, 240, 280, 320]",block_cell8,1.0,0.00021201464626651397,0.00021201464150146266,3.33030852480264e-06,5.0135829035538385e-06,3.33030852480264e-06,5.012985029634054e-06,0.9998807491705461,2.0,1.3006500352618296e-242,0.2445797957263356,1.6611572840180923e-58,0.0029013528388368973,0.00021201464150146266,0.00020868433297666002,0.0002153449500262653,0.0,0.002902158243618169,1.0031763073056936,1.925298584625125,0.6539874076843262,7.818768556116653e-143,True,True,False,2.0,0.00021527675681229898,0.00021527675182389733,4.352651479974361e-08,6.553444765848605e-08,4.352651479974361e-08,6.552651234544139e-08,0.9998789138639572,4.0,1.5761065074204722e-242,0.00021527675182389733,0.00021527675681229898,1.0,4.634408223749668e-08,9.911838632625217e-24,0.00021527675182389733,0.00021201464150146266,0.24457979541940017,1.6611572840180923e-58,5.000296917225621e-05,0.00021523322530909758,0.00021532027833869705,0.0,5.0831933685311624e-05,7.818749031089592e-143,True,True,False,240,0.00021531896268781931,9.864981306538741e-64,1.2030827450037386e-60,0.2445789664548871,8.292714484614941e-07,True,2.4065252412110567,0.6995166968554258,True,True,False,False,False,False,3.304321186356653e-06,4.221086392198299e-08
L128_gL4,128,2.0,gL,4,L128_gL4,L128_gL4_translated_t51p825,translated,0.5,1.0,open,0.03125,51.825,0.4048828125,0.005,10365,"['charge_density_wave', 'block_cell8', 'block_cell24']","[['charge_density_wave', 'block_cell8'], ['charge_density_wave', 'block_cell24'], ['block_cell8', 'block_cell24']]",['block_cell24'],new_time_validation,"[200, 240, 280, 320]",block_cell24,4.0,0.04966976795918592,0.04960861130415823,1.1547517052895287e-09,1.7408348942989577e-09,1.1547517052895287e-09,1.693928866550306e-09,0.9730554414423426,8.0,2.34432626031597e-241,0.26182071094932297,1.6611572840180923e-58,1.5948048908216661e-06,0.04875739605053903,0.04960861014940652,0.049608612458909934,0.017240149094210434,0.017243338703992077,0.9447447694838047,4.258875550702214,0.6595482509583235,2.6261589259277874e-137,True,True,False,2.0,0.049658287610015964,0.04959717329910008,1.210978471383536e-05,1.8254447464777645e-05,1.210978471383536e-05,1.776269907422888e-05,0.9730614475459964,4.0,1.5823655163378596e-241,0.04959717329910008,0.049658287610015964,0.9999999999999999,0.0024659455362549616,1.9470851423949088e-14,0.04959717329910008,0.04875739605053903,0.26181389641620384,1.6611572840180923e-58,0.009549478400728999,0.04958506351438624,0.04960928308381391,0.007685451560587747,0.026784408362045743,2.6355512881784627e-137,False,True,False,240,0.04960861230340793,1.2904347859204377e-67,1.2030827450037386e-60,0.2445789664548871,0.017241744494435874,True,2.4131396021693945,0.7053619716316462,True,True,False,False,False,False,0.0008512162528688944,1.1439004307847722e-05
L128_gL4,128,2.0,gL,4,L128_gL4,L128_gL4_translated_t51p845,translated,0.5,1.0,open,0.03125,51.845,0.4050390625,0.005,10369,"['charge_density_wave', 'block_cell8', 'block_cell24']","[['charge_density_wave', 'block_cell8'], ['charge_density_wave', 'block_cell24'], ['block_cell8', 'block_cell24']]",['block_cell24'],new_time_validation,"[200, 240, 280, 320]",charge_density_wave,0.0,0.0,0.0,1.2469647701648854e-60,1.881572251283056e-60,1.2469647701648854e-60,1.881572251283056e-60,1.0,0.0,0.0,0.2445789664548871,1.5755138492202172e-58,1.3632099209933453e-54,9.746484364781007e-61,0.0,1.587983496921866e-58,0.0,1.3632099209933453e-54,0.963576290756464,0.9192009046673775,0.6527509726583958,7.482232154807445e-198,True,True,False,2.0,8.755295521637061e-61,8.755295521637061e-61,8.878382413876657e-61,1.336964484429212e-60,8.878382413876657e-61,1.336964484429212e-60,1.0,4.0,1.2342846426745487e-270,8.755295521637061e-61,8.755295521637061e-61,1.0,1.3547351779552534e-120,4.5087299201443574e-241,8.755295521637061e-61,1.0832469739845082e-60,0.2445789664548871,1.5755138492202172e-58,1.360035940378082e-54,0.0,1.593147527155731e-58,0.0,1.360035975175881e-54,6.964082992919572e-198,True,True,False,240,5.25783416337976e-61,0.9082104608110634,1.1410643931293688e-60,0.2445789664548871,5.132991642677604e-62,True,2.430296605452895,0.7097662687301636,True,True,False,False,False,False,4.4886502014012475e-61,3.4974613582573015e-61
L128_gL4,128,2.0,gL,4,L128_gL4,L128_gL4_translated_t51p845,translated,0.5,1.0,open,0.03125,51.845,0.4050390625,0.005,10369,"['charge_density_wave', 'block_cell8', 'block_cell24']","[['charge_density_wave', 'block_cell8'], ['charge_density_wave', 'block_cell24'], ['block_cell8', 'block_cell24']]",['block_cell24'],new_time_validation,"[200, 240, 280, 320]",block_cell8,1.0,0.00020098750663053493,0.00020098750257099162,3.1571573098572376e-06,4.752925402683467e-06,3.1571573098572376e-06,4.752388085367751e-06,0.9998869501895795,2.0,7.221851887403826e-243,0.24457971615835133,1.5755138492202172e-58,0.0027612926078210884,0.00020098750257099162,0.0001978303452611344,0.00020414465988084887,0.0,0.002762020726503045,0.9320703577250242,1.9472396858036518,0.6544544454663992,7.412107761091997e-143,True,True,False,2.0,0.00020408004337069203,0.0002040800391208616,4.126453687181463e-08,6.212889220340077e-08,4.126453687181463e-08,6.21217604435884e-08,0.9998852102530812,4.0,1.0441673346320779e-242,0.0002040800391208616,0.00020408004337069203,1.0,4.164866429409704e-08,7.99294094542667e-24,0.0002040800391208616,0.00020098750257099162,0.24457971588074967,1.5755138492202172e-58,4.7545362132923135e-05,0.00020403877458398978,0.0002041213036577334,0.0,4.829478799546616e-05,7.412089923916746e-143,True,True,False,240,0.00020412005730093572,9.864981306538741e-64,1.1410643931293688e-60,0.2445789664548871,7.497034642282463e-07,True,2.429203875362873,0.7070776056498289,True,True,False,False,False,False,3.1325547299440918e-06,4.001818007412462e-08
L128_gL4,128,2.0,gL,4,L128_gL4,L128_gL4_translated_t51p845,translated,0.5,1.0,open,0.03125,51.845,0.4050390625,0.005,10369,"['charge_density_wave', 'block_cell8', 'block_cell24']","[['charge_density_wave', 'block_cell8'], ['charge_density_wave', 'block_cell24'], ['block_cell8', 'block_cell24']]",['block_cell24'],new_time_validation,"[200, 240, 280, 320]",block_cell24,4.0,0.04708248129247025,0.04703038261252493,1.0933116224761139e-09,1.648047571437498e-09,1.0933116224761139e-09,1.6058738587952427e-09,0.9744098936382827,8.0,4.038854924456884e-241,0.2603114986068824,1.5755138492202172e-58,1.5137768506959569e-06,0.0462231863283368,0.04703038151921331,0.04703038370583655,0.015731017830319723,0.015734045384021116,0.9322439376264811,4.21621722355485,0.657408956438303,2.4902626472203274e-137,True,True,False,2.0,0.047071598218479505,0.04701953561794586,1.1464991557106868e-05,1.7280478511642494e-05,1.1464991557106868e-05,1.683836800556329e-05,0.974415609742442,4.0,5.5474054446018455e-241,0.04701953561794586,0.047071598218479505,0.9999999999999999,0.0022157353659251885,1.5694552433269118e-14,0.04701953561794586,0.0462231863283368,0.260305262889732,1.5755138492202172e-58,0.009081158700810154,0.04700807062638876,0.04703100060950297,0.006645137734034742,0.02480745513565505,2.4982647785809136e-137,False,True,False,240,0.047030383560241404,1.2904347859204377e-67,1.1410643931293688e-60,0.2445789664548871,0.01573253215199528,True,2.457446828484535,0.7212897874414921,True,True,False,False,False,False,0.0008071972319046022,1.0847942295541535e-05
L128_gL4,128,2.0,gL,4,L128_gL4,L128_gL4_translated_t51p865,translated,0.5,1.0,open,0.03125,51.865,0.4051953125,0.005,10373,"['charge_density_wave', 'block_cell8', 'block_cell24']","[['charge_density_wave', 'block_cell8'], ['charge_density_wave', 'block_cell24'], ['block_cell8', 'block_cell24']]",['block_cell24'],new_time_validation,"[200, 240, 280, 320]",charge_density_wave,0.0,0.0,0.0,1.1825668985788562e-60,1.7844022518556015e-60,1.1825668985788562e-60,1.7844022518556015e-60,1.0,0.0,0.0,0.2445789664548871,1.494285889100475e-58,1.2934368733589497e-54,9.24398986517254e-61,0.0,1.5061115580862635e-58,0.0,1.2934368733589497e-54,0.9677620138972998,0.8852302934974432,0.6564319673925638,7.482232154807445e-198,True,True,False,2.0,8.303398321713675e-61,8.303398321713675e-61,8.418963783721077e-61,1.2677831815903858e-60,8.418963783721077e-61,1.2677831815903858e-60,1.0,4.0,1.4499980147540925e-270,8.303398321713675e-61,8.303398321713675e-61,1.0,1.2185687573421789e-120,3.647986444285508e-241,8.303398321713675e-61,1.0273431076400863e-60,0.2445789664548871,1.494285889100475e-58,1.2904248508530448e-54,0.0,1.5110082512059098e-58,0.0,1.2904248838567939e-54,1.320844950164946e-197,True,True,False,240,4.9867949728169315e-61,0.9082104608110634,1.082243058217771e-60,0.2445789664548871,4.86750000820914e-62,True,2.4607743192464113,0.7222403660416603,True,True,False,False,False,False,4.257194892355609e-61,3.316603348896743e-61
L128_gL4,128,2.0,gL,4,L128_gL4,L128_gL4_translated_t51p865,translated,0.5,1.0,open,0.03125,51.865,0.4051953125,0.005,10373,"['charge_density_wave', 'block_cell8', 'block_cell24']","[['charge_density_wave', 'block_cell8'], ['charge_density_wave', 'block_cell24'], ['block_cell8', 'block_cell24']]",['block_cell24'],new_time_validation,"[200, 240, 280, 320]",block_cell8,1.0,0.00019053395526483205,0.00019053395180633714,2.9930104250593342e-06,4.505822131331953e-06,2.9930104250593342e-06,4.50533923684065e-06,0.9998928287719249,2.0,1.4728170576021579e-242,0.24457964420132566,1.494285889100475e-58,0.00262795497386699,0.00019053395180633714,0.00018754094138127782,0.0001935269622313965,0.0,0.002628613199998223,1.0042168591171503,1.9349604714661837,0.649705046787858,7.026599733068508e-143,True,True,False,2.0,0.00019346573385404915,0.00019346573023343574,3.9120130605506125e-08,5.8900341870949635e-08,3.9120130605506125e-08,5.889393229161181e-08,0.9998911792506762,4.0,2.0680500988215304e-242,0.00019346573023343574,0.00019346573385404915,1.0,3.742899034789314e-08,6.445547514193879e-24,0.00019346573023343574,0.00019053395180633714,0.24457964395026408,1.494285889100475e-58,4.5208170908356435e-05,0.00019342661010283022,0.00019350485036404125,0.0,4.588566628532629e-05,7.026583430298897e-143,True,True,False,240,0.0001935036696385381,9.864981306538741e-64,1.082243058217771e-60,0.2445789664548871,6.77746438541312e-07,True,2.4760596975684166,0.7202796060591936,True,True,False,False,False,False,2.9697178322009527e-06,3.793940510235863e-08
L128_gL4,128,2.0,gL,4,L128_gL4,L128_gL4_translated_t51p865,translated,0.5,1.0,open,0.03125,51.865,0.4051953125,0.005,10373,"['charge_density_wave', 'block_cell8', 'block_cell24']","[['charge_density_wave', 'block_cell8'], ['charge_density_wave', 'block_cell24'], ['block_cell8', 'block_cell24']]",['block_cell24'],new_time_validation,"[200, 240, 280, 320]",block_cell24,4.0,0.04462997967815833,0.044585598187914556,1.0352017706862283e-09,1.5603141190034865e-09,1.0352017706862283e-09,1.5223964906071428e-09,0.9756987212161098,8.0,3.439775809665251e-241,0.25893082076925167,1.494285889100475e-58,1.4369375392482906e-06,0.04382017284317038,0.044585597152712785,0.04458559922311632,0.014350416878402635,0.014353290753481131,0.9294546786695719,4.242217542603612,0.6581946816295385,2.361312820023019e-137,True,True,False,2.0,0.04461966280311598,0.04457531205348502,1.0855154651915582e-05,1.6359611600390114e-05,1.0855154651915582e-05,1.5962141097112415e-05,0.9757041601606103,4.0,3.363664795622423e-241,0.04457531205348502,0.04461966280311598,0.9999999999999999,0.0019909143150179773,1.2650678919465598e-14,0.044575312053485014,0.04382017284317038,0.2589251167387101,1.494285889100475e-58,0.008636093625681298,0.0445644568988331,0.044586167208136934,0.005710056658141709,0.022982243909504305,2.368130295121915e-137,False,True,False,240,0.0445855990867215,1.2904347859204377e-67,1.082243058217771e-60,0.2445789664548871,0.014351854314364537,True,2.5080653373152018,0.726589810103178,True,True,False,False,False,False,0.0007654262435511233,1.0287033236480725e-05
L128_g0p25,128,2.0,g,0.25,L128_g0p25,L128_g0p25_edge_t61p405,edge,0.5,1.0,open,0.25,61.405,0.4797265625,0.005,12281,"['charge_density_wave', 'left', 'right']","[['charge_density_wave', 'left'], ['charge_density_wave', 'right'], ['left', 'right']]",['left'],new_time_validation,"[200, 240, 280, 320]",charge_density_wave,0.0,0.0,0.0,4.424050451887349e-71,6.786819585858768e-71,4.424050451887349e-71,6.786819585858768e-71,1.0,0.0,0.0,0.1807881606881332,9.767894047633955e-58,8.26884798096136e-54,7.690079176317869e-68,0.0,9.767894047634396e-58,0.0,8.26884798096136e-54,0.9463300257921219,0.9009618684649467,0.6583680398762226,1.1784493709094097e-197,True,True,False,2.0,1.5822984027108553e-67,1.5822984027108553e-67,1.5823053638782354e-67,2.4067349979788193e-67,1.5823053638782354e-67,2.4067349979788193e-67,1.0,4.0,7.634597684438028e-272,1.5822984027108553e-67,1.5822984027108553e-67,1.0,2.50369138623695e-134,5.7962462435950126e-273,1.5822984027108553e-67,2.3464947701115826e-67,0.1807881606881332,9.767894047633955e-58,8.268847982528665e-54,0.0,9.767894050798558e-58,0.0,8.268847982528665e-54,1.569385782574051e-197,True,True,False,240,2.558025041186303e-71,0.8804135534357681,4.778505010837793e-71,0.1807881606881332,5.64830215143418e-73,True,2.3801970556378365,0.697521211579442,True,True,False,False,False,False,7.687521151276683e-68,1.5820426002067365e-67
L128_g0p25,128,2.0,g,0.25,L128_g0p25,L128_g0p25_edge_t61p405,edge,0.5,1.0,open,0.25,61.405,0.4797265625,0.005,12281,"['charge_density_wave', 'left', 'right']","[['charge_density_wave', 'left'], ['charge_density_wave', 'right'], ['left', 'right']]",['left'],new_time_validation,"[200, 240, 280, 320]",left,4.0,0.057748655585683546,0.0576526025606878,1.947569550696789e-08,2.9820429875358695e-08,1.947569550696789e-08,2.88688030132457e-08,0.9680880904101472,8.0,6.327647118141421e-241,0.2030743237810252,9.767894047633955e-58,2.3375943190212695e-05,0.05581989385643383,0.05765258308499229,0.05765262203638331,0.022262775404463416,0.022309527290843845,0.9270503222942352,4.240599382668734,0.6605002228170633,2.8170968784581577e-118,True,False,True,2.0,0.05769945454396862,0.05760364641042816,5.131076816951468e-05,7.849708720861136e-05,5.131076816951468e-05,7.599414219205036e-05,0.9681141669638103,4.0,5.264024229741032e-241,0.05760364641042816,0.05769945454396862,0.9999999999999988,0.003329227074479496,6.594531566225092e-14,0.05760364641042815,0.055819893856433836,0.20304212616207434,9.767894047633955e-58,0.03572078108959699,0.05755233564225864,0.05765495717859767,0.0,0.05797474656353816,2.8302728901393878e-118,False,False,True,240,0.05765262042052913,1.690003575144023e-80,4.778505010837793e-71,0.1807881606881332,0.022286163092892015,False,2.414040993899107,0.7019215431064367,False,True,False,False,False,False,0.001832726564095298,4.897401010096891e-05
L128_g0p25,128,2.0,g,0.25,L128_g0p25,L128_g0p25_edge_t61p405,edge,0.5,1.0,open,0.25,61.405,0.4797265625,0.005,12281,"['charge_density_wave', 'left', 'right']","[['charge_density_wave', 'left'], ['charge_density_wave', 'right'], ['left', 'right']]",['left'],new_time_validation,"[200, 240, 280, 320]",right,8.0,311758165885.6898,1.0,3.3779808228087244e-06,0.0008591693738568128,3.3779808228087244e-06,0.0005641964917220057,0.6566766796974229,16.0,6.936592992070861e-241,0.1843001177504472,9.767894047633955e-58,0.002939812007824303,1.0,0.9999966220191772,1.0,0.000572141339138581,0.006451765354787187,0.9303606301546097,7.31186262331903,0.6687978077679873,1.4375164536707678e-118,True,False,True,2.0,311439883364.717,1.0,1.0,1.0,1.0,476295237.69697076,0.6593385375496205,4.0,1.6306750106875685e-241,1.0,311439883364.717,0.9999999999999959,9.699480096018964e+22,9.661770133826531e+35,1.0,1.0,0.18078816069123824,9.767894047633955e-58,44.3614195558365,0.0,1.0,0.0,44.3614195558396,4.095951035480252e-76,False,False,False,240,1.0,6.459357540776993e-98,4.778505010837793e-71,0.1807881606881332,0.0035119570623139895,False,2.405747478827834,0.7087966110557318,False,True,False,False,False,False,0.0,0.0
L128_g0p25,128,2.0,g,0.25,L128_g0p25,L128_g0p25_edge_t61p425,edge,0.5,1.0,open,0.25,61.425,0.4798828125,0.005,12285,"['charge_density_wave', 'left', 'right']","[['charge_density_wave', 'left'], ['charge_density_wave', 'right'], ['left', 'right']]",['left'],new_time_validation,"[200, 240, 280, 320]",charge_density_wave,0.0,0.0,0.0,4.197516734722957e-71,6.439303122390515e-71,4.197516734722957e-71,6.439303122390515e-71,1.0,0.0,0.0,0.1807881606881332,9.26429573997847e-58,7.845673702458998e-54,7.293605705163825e-68,0.0,9.26429573997889e-58,0.0,7.845673702458998e-54,0.9629840459674597,0.9211521167308092,0.6640950031578541,1.1794002755259362e-197,True,True,False,2.0,1.5006006437730113e-67,1.5006006437730113e-67,1.5006072467158372e-67,2.2824695663464028e-67,1.5006072467158372e-67,2.2824695663464028e-67,1.0,4.0,1.2194529277831323e-271,1.5006006437730113e-67,1.5006006437730113e-67,1.0,2.251823118557189e-134,4.689708210266542e-273,1.5006006437730113e-67,2.2253976120704294e-67,0.1807881606881332,9.26429573997847e-58,7.845673703945887e-54,0.0,9.264295742979678e-58,0.0,7.845673703945887e-54,1.4104872858697523e-197,True,True,False,240,2.42727804472525e-71,0.8804135534357681,4.534287404572104e-71,0.1807881606881332,5.3563282545561596e-73,True,2.38342984393239,0.700603011995554,True,True,False,False,False,False,7.2911784271191e-68,1.5003579159685387e-67
L128_g0p25,128,2.0,g,0.25,L128_g0p25,L128_g0p25_edge_t61p425,edge,0.5,1.0,open,0.25,61.425,0.4798828125,0.005,12285,"['charge_density_wave', 'left', 'right']","[['charge_density_wave', 'left'], ['charge_density_wave', 'right'], ['left', 'right']]",['left'],new_time_validation,"[200, 240, 280, 320]",left,4.0,0.05477647700226859,0.05469448408797409,1.8447903847401148e-08,2.8242328358649537e-08,1.8447903847401148e-08,2.738556056239234e-08,0.9696636982129414,8.0,6.370982422009007e-241,0.20116165432711608,9.26429573997847e-58,2.2206335235786122e-05,0.05295521457176598,0.054694465640070244,0.05469450253587794,0.020351276532061768,0.02039568920253334,0.9651855956763029,4.318214884027839,0.6602526474744081,2.6733587878216057e-118,True,False,True,2.0,0.054729805720137796,0.054648021896327476,4.860092692930184e-05,7.433981578642505e-05,4.860092692930184e-05,7.208646791595718e-05,0.9696885464857534,4.0,3.4951326691802336e-241,0.054648021896327476,0.054729805720137796,0.9999999999999988,0.002995351651959861,5.330477813749277e-14,0.05464802189632747,0.05295521457176599,0.20113212775213288,9.26429573997847e-58,0.03400305501562216,0.054599420969398176,0.05469662282325678,0.0,0.05434702207962185,2.6846036894972783e-118,False,False,True,240,0.0546945010392114,1.6900035751440232e-80,4.534287404572104e-71,0.1807881606881332,0.0203734936389829,False,2.4125617276877165,0.7032006047666073,False,True,False,False,False,False,0.0017392864674454153,4.647914288392202e-05
L128_g0p25,128,2.0,g,0.25,L128_g0p25,L128_g0p25_edge_t61p425,edge,0.5,1.0,open,0.25,61.425,0.4798828125,0.005,12285,"['charge_density_wave', 'left', 'right']","[['charge_density_wave', 'left'], ['charge_density_wave', 'right'], ['left', 'right']]",['left'],new_time_validation,"[200, 240, 280, 320]",right,8.0,295351850369.0638,1.0,3.1969018771485693e-06,0.0008143474010134279,3.1969018771485693e-06,0.0005347608834836877,0.6566741452335892,16.0,4.290733804538727e-241,0.18403834104169464,9.26429573997847e-58,0.0027934941452110182,1.0,0.9999968030981229,1.0,0.00045668284636424386,0.006043671136786281,0.9321586638689041,7.383914090692997,0.6704633124172688,1.6677199896319982e-118,True,False,True,2.0,295050287911.9543,1.0,1.0,1.0,1.0,451277155.07691586,0.6593349361703967,4.0,2.5892827038896923e-241,1.0,295050287911.9543,0.999999999999996,8.705467240584479e+22,7.763257514291075e+35,1.0,1.0,0.18078816069158915,9.26429573997847e-58,44.3614195558365,0.0,1.0,0.0,44.36141955583996,3.2911073448635636e-76,False,False,False,240,1.0,6.459357540776993e-98,4.534287404572104e-71,0.1807881606881332,0.0032501803535614454,False,2.4021055921912193,0.7091320678591728,False,True,False,False,False,False,0.0,0.0
L128_g0p25,128,2.0,g,0.25,L128_g0p25,L128_g0p25_edge_t61p445,edge,0.5,1.0,open,0.25,61.445,0.4800390625,0.005,12289,"['charge_density_wave', 'left', 'right']","[['charge_density_wave', 'left'], ['charge_density_wave', 'right'], ['left', 'right']]",['left'],new_time_validation,"[200, 240, 280, 320]",charge_density_wave,0.0,0.0,0.0,3.98258278379493e-71,6.109581250168669e-71,3.98258278379493e-71,6.109581250168669e-71,1.0,0.0,0.0,0.1807881606881332,8.786661192191461e-58,7.444154994399569e-54,6.9175730135810785e-68,0.0,8.786661192191859e-58,0.0,7.444154994399569e-54,0.9558090493083,0.9241015482693911,0.663316935300827,1.1784619224572057e-197,True,True,False,2.0,1.4231211278362481e-67,1.4231211278362481e-67,1.4231273909891422e-67,2.1646202489634245e-67,1.4231273909891422e-67,2.1646202489634245e-67,1.0,4.0,3.9566555323529725e-272,1.4231211278362481e-67,1.4231211278362481e-67,1.0,2.0252924798125748e-134,3.794414897701179e-273,1.4231211278362481e-67,2.1105499977625216e-67,0.1807881606881332,8.786661192191461e-58,7.444154995810169e-54,0.0,8.78666119503771e-58,0.0,7.444154995810169e-54,9.785871428963696e-198,True,True,False,240,2.303213841501575e-71,0.8804135534357681,4.302551151939709e-71,0.1807881606881332,5.079447432940661e-73,True,2.3609581366181374,0.6877694707363844,True,True,False,False,False,False,6.915269799739577e-68,1.422890806452098e-67
L128_g0p25,128,2.0,g,0.25,L128_g0p25,L128_g0p25_edge_t61p445,edge,0.5,1.0,open,0.25,61.445,0.4800390625,0.005,12289,"['charge_density_wave', 'left', 'right']","[['charge_density_wave', 'left'], ['charge_density_wave', 'right'], ['left', 'right']]",['left'],new_time_validation,"[200, 240, 280, 320]",left,4.0,0.051957281570324323,0.0518872923671324,1.747546444362207e-08,2.6749865931354804e-08,1.747546444362207e-08,2.5978529093105027e-08,0.9711648334900379,8.0,6.091539229308993e-241,0.1994080977936805,8.786661192191461e-58,2.109634484502678e-05,0.05023677771957948,0.05188727489166796,0.051887309842596846,0.01859883088579815,0.018641023575488202,0.937260577455163,4.276646530255675,0.6652647275477648,2.536836373157836e-118,True,False,True,2.0,0.05191300996750993,0.05184319928030668,4.6037109364475314e-05,7.040831078418577e-05,4.6037109364475314e-05,6.837974212833962e-05,0.971188505543556,4.0,5.090536710601767e-241,0.05184319928030668,0.05191300996750993,0.9999999999999988,0.002694960619874878,4.308728074328996e-14,0.05184319928030667,0.05023677771957949,0.19938103143141406,8.786661192191461e-58,0.03236899283885112,0.051797162170942206,0.05188923638967116,0.0,0.050961863582132,2.5464324462366433e-118,False,False,True,240,0.05188730845518731,1.6900035751440232e-80,4.302551151939709e-71,0.1807881606881332,0.018619937105547314,False,2.367987785488367,0.6869291979819536,False,True,False,False,False,False,0.0016505307356078289,4.410917488063132e-05
L128_g0p25,128,2.0,g,0.25,L128_g0p25,L128_g0p25_edge_t61p445,edge,0.5,1.0,open,0.25,61.445,0.4800390625,0.005,12289,"['charge_density_wave', 'left', 'right']","[['charge_density_wave', 'left'], ['charge_density_wave', 'right'], ['left', 'right']]",['left'],new_time_validation,"[200, 240, 280, 320]",right,8.0,279809063006.75854,1.0,3.0255603289423356e-06,0.0007718638545145667,3.0255603289423356e-06,0.0005068610844418081,0.6566716156964991,16.0,7.263687239291432e-241,0.18381021065129696,8.786661192191461e-58,0.0026544403042111603,1.0,0.9999969744396711,1.0,0.0003676066174384084,0.005676487225860729,1.0092221461236477,7.582909168675542,0.6764608826488256,1.9148115683627063e-118,True,False,True,2.0,279523342152.3322,1.0,1.0,1.0,1.0,427573361.2906215,0.6593313382090685,4.0,5.957369936438004e-241,1.0,279523342152.3322,0.9999999999999962,7.813329881599336e+22,6.237817355515245e+35,1.0,1.0,0.18078816069197964,8.786661192191461e-58,44.3614195558365,0.0,1.0,0.0,44.36141955584035,2.6444216844827436e-76,False,False,False,240,1.0,6.459357540776994e-98,4.302551151939709e-71,0.1807881606881332,0.0030220499631637703,False,2.3847703393548727,0.6992129776626825,False,True,False,False,False,False,0.0,0.0
L128_g0p25,128,2.0,g,0.25,L128_g0p25,L128_g0p25_edge_t61p465,edge,0.5,1.0,open,0.25,61.465,0.4801953125,0.005,12293,"['charge_density_wave', 'left', 'right']","[['charge_density_wave', 'left'], ['charge_density_wave', 'right'], ['left', 'right']]",['left'],new_time_validation,"[200, 240, 280, 320]",charge_density_wave,0.0,0.0,0.0,3.778654622579795e-71,5.796742789038407e-71,3.778654622579795e-71,5.796742789038407e-71,1.0,0.0,0.0,0.1807881606881332,8.333651804011051e-58,7.063183713937704e-54,6.5609272467725704e-68,0.0,8.333651804011429e-58,0.0,7.063183713937704e-54,0.9524245448410511,0.9453971683979034,0.667194027453661,1.1799256061230975e-197,True,True,False,2.0,1.3496420574741985e-67,1.3496420574741985e-67,1.3496479983231069e-67,2.0528557671079745e-67,1.3496479983231069e-67,2.0528557671079745e-67,1.0,4.0,8.509299530915706e-272,1.3496420574741985e-67,1.3496420574741985e-67,1.0,1.8215505374434922e-134,3.0700384267784444e-273,1.3496420574741985e-67,2.0016294027165543e-67,0.1807881606881332,8.333651804011051e-58,7.06318371527593e-54,0.0,8.333651806710341e-58,0.0,7.06318371527593e-54,2.3073594046113688e-197,True,True,False,240,2.185490858381015e-71,0.8804135534357681,4.082658362343216e-71,0.1807881606881332,4.816879462875935e-73,True,2.420868583023548,0.7123463470488787,True,True,False,False,False,False,6.558741755914189e-68,1.3494235083883605e-67
L128_g0p25,128,2.0,g,0.25,L128_g0p25,L128_g0p25_edge_t61p465,edge,0.5,1.0,open,0.25,61.465,0.4801953125,0.005,12293,"['charge_density_wave', 'left', 'right']","[['charge_density_wave', 'left'], ['charge_density_wave', 'right'], ['left', 'right']]",['left'],new_time_validation,"[200, 240, 280, 320]",left,4.0,0.04928319432378704,0.04922345279809819,1.655530490973515e-08,2.5338194007477124e-08,1.655530490973515e-08,2.4643792581293786e-08,0.9725946756119073,8.0,5.7654454005625726e-241,0.19780104157668862,8.333651804011051e-58,2.004284198776703e-05,0.04765723182884019,0.04922343624279329,0.049223469353403104,0.01699282899721516,0.017032914681190694,0.9366289768368006,4.371964871883392,0.6602211277931929,2.4071848206232095e-118,True,True,False,2.0,0.04924119900917667,0.049181609890162556,4.361120940181894e-05,6.668978206248103e-05,4.361120940181894e-05,6.486363055973343e-05,0.9726172219150951,4.0,1.0189364731517412e-240,0.049181609890162556,0.04924119900917667,0.9999999999999989,0.0024246956942253466,3.482834114286713e-14,0.04918160989016255,0.0476572318288402,0.19777623983460954,8.333651804011051e-58,0.03081442327200083,0.049137998680760735,0.04922522109956437,0.0,0.04780250241847719,2.4153731893255347e-118,False,True,False,240,0.049223468066239506,1.6900035751440232e-80,4.082658362343216e-71,0.1807881606881332,0.01701288088855545,True,2.442095996811986,0.7090936191380024,True,True,False,False,False,False,0.0015662362373993141,4.1858176076950415e-05
L128_g0p25,128,2.0,g,0.25,L128_g0p25,L128_g0p25_edge_t61p465,edge,0.5,1.0,open,0.25,61.465,0.4801953125,0.005,12293,"['charge_density_wave', 'left', 'right']","[['charge_density_wave', 'left'], ['charge_density_wave', 'right'], ['left', 'right']]",['left'],new_time_validation,"[200, 240, 280, 320]",right,8.0,265084345272.5769,1.0,2.863434324852571e-06,0.0007315967286256165,2.863434324852571e-06,0.0004804169594035754,0.6566690918726367,16.0,1.3256312864669237e-240,0.1836134587094909,8.333651804011051e-58,0.0025222939056895673,1.0,0.9999971365656751,1.0,0.0003030013647231838,0.005347589176102318,1.014496061950922,7.445697108283639,0.665398770943284,2.181261175113828e-118,True,False,True,2.0,264813633719.8436,1.0,1.0,1.0,1.0,405114802.55229956,0.6593277436607391,4.0,4.2504629112372296e-241,1.0,264813633719.8436,0.9999999999999963,7.0126260611054786e+22,5.012134141738295e+35,1.0,1.0,0.1807881606924142,8.333651804011051e-58,44.3614195558365,0.0,1.0,0.0,44.36141955584078,2.124813128292886e-76,False,False,False,240,1.0,6.459357540776995e-98,4.082658362343216e-71,0.1807881606881332,0.0028252980213577133,False,2.4683929476886988,0.7234021872282028,False,True,False,False,False,False,0.0,0.0
L128_g0p25,128,2.0,g,0.25,L128_g0p25,L128_g0p25_edge_t61p485,edge,0.5,1.0,open,0.25,61.485,0.4803515625,0.005,12297,"['charge_density_wave', 'left', 'right']","[['charge_density_wave', 'left'], ['charge_density_wave', 'right'], ['left', 'right']]",['left'],new_time_validation,"[200, 240, 280, 320]",charge_density_wave,0.0,0.0,0.0,3.585168689919063e-71,5.4999232166326685e-71,3.585168689919063e-71,5.4999232166326685e-71,1.0,0.0,0.0,0.1807881606881332,7.903997988703071e-58,6.701708420081029e-54,6.222668882992944e-68,0.0,7.90399798870343e-58,0.0,6.701708420081029e-54,0.9624638501554728,0.8758459575474262,0.6608178745955229,1.1779548418849314e-197,True,True,False,2.0,1.2799568806263934e-67,1.2799568806263934e-67,1.2799625157574059e-67,1.9468619467278814e-67,1.2799625157574059e-67,1.9468619467278814e-67,1.0,4.0,5.7349133033547215e-272,1.2799568806263934e-67,1.2799568806263934e-67,1.0,1.638304778110464e-134,2.4839497514113235e-273,1.2799568806263934e-67,1.898329947201868e-67,0.1807881606881332,7.903997988703071e-58,6.701708421350594e-54,0.0,7.90399799126299e-58,0.0,6.701708421350594e-54,1.408324252203087e-197,True,True,False,240,2.073784980803178e-71,0.8804135534357681,3.874003746154179e-71,0.1807881606881332,4.5678844543757926e-73,True,2.3915471732616425,0.6988349203020334,True,True,False,False,False,False,6.220595098012141e-68,1.279749502128313e-67
L128_g0p25,128,2.0,g,0.25,L128_g0p25,L128_g0p25_edge_t61p485,edge,0.5,1.0,open,0.25,61.485,0.4803515625,0.005,12297,"['charge_density_wave', 'left', 'right']","[['charge_density_wave', 'left'], ['charge_density_wave', 'right'], ['left', 'right']]",['left'],new_time_validation,"[200, 240, 280, 320]",left,4.0,0.046746745703261434,0.04669575240772105,1.5684529569832343e-08,2.400275672667615e-08,1.5684529569832343e-08,2.3377636234341157e-08,0.9739563042923212,8.0,1.2868283504626983e-240,0.1963287917235739,7.903997988703071e-58,1.9042866891984688e-05,0.045209578166382464,0.04669573672319148,0.04669576809225062,0.015521579878731723,0.015559665612515693,0.9343112744390965,4.318385098129511,0.6591325718909502,2.284073206877237e-118,True,True,False,2.0,0.04670690963089737,0.04665604644710025,4.131558670460723e-05,6.317221203915475e-05,4.131558670460723e-05,6.152833044154786e-05,0.9739777736991704,4.0,1.0449061343057332e-240,0.04665604644710025,0.04670690963089737,0.9999999999999989,0.002181535420173723,2.8152518278385205e-14,0.046656046447100245,0.04520957816638247,0.19630607334209815,7.903997988703071e-58,0.029335388841677953,0.046614730860395644,0.046697362033804854,0.0,0.04485330149564291,2.291059817998665e-118,False,True,False,240,0.046695766897149285,1.6900035751440232e-80,3.874003746154179e-71,0.1807881606881332,0.015540631035440705,True,2.3922109343111515,0.6997011229395866,True,True,False,False,False,False,0.0014861887307668215,3.9720450049032796e-05
L128_g0p25,128,2.0,g,0.25,L128_g0p25,L128_g0p25_edge_t61p485,edge,0.5,1.0,open,0.25,61.485,0.4803515625,0.005,12297,"['charge_density_wave', 'left', 'right']","[['charge_density_wave', 'left'], ['charge_density_wave', 'right'], ['left', 'right']]",['left'],new_time_validation,"[200, 240, 280, 320]",right,8.0,251134632114.92587,1.0,2.710030010518396e-06,0.0006934303835289489,2.710030010518396e-06,0.0004553525546678905,0.6566665745889988,16.0,2.8027906844676254e-241,0.18344611875134526,7.903997988703071e-58,0.002396715765178529,1.0,0.9999972899699895,1.0,0.0002612398104846668,0.005054671340841724,0.9306669160723686,7.486777156591415,0.6674213539808989,2.4697262751442793e-118,True,False,True,2.0,250878141297.1801,1.0,1.0,1.0,1.0,383836053.72493285,0.6593241525205209,4.0,2.6140775198898237e-241,1.0,250878141297.1801,0.9999999999999964,6.293984178712652e+22,4.027300953672036e+35,1.0,1.0,0.1807881606928978,7.903997988703071e-58,44.3614195558365,0.0,1.0,0.0,44.361419555841266,1.7073090414733277e-76,False,False,False,240,1.0,6.459357540776995e-98,3.874003746154179e-71,0.1807881606881332,0.0026579580632120564,False,2.4133643601089716,0.7108837738633156,False,True,False,False,False,False,0.0,0.0
L128_g0p25,128,2.0,g,0.25,L128_g0p25,L128_g0p25_edge_t72p285,edge,0.5,1.0,open,0.25,72.285,0.5647265625,0.005,14457,"['charge_density_wave', 'left', 'right']","[['charge_density_wave', 'left'], ['charge_density_wave', 'right'], ['left', 'right']]",['right'],new_time_validation,"[200, 240, 280, 320]",charge_density_wave,0.0,0.0,0.0,1.694126537228399e-83,2.599449244796403e-83,1.694126537228399e-83,2.599449244796403e-83,1.0,0.0,0.0,0.1807881606881332,3.048180933283237e-70,3.1421412132089226e-66,2.3997754896172902e-80,0.0,3.048180933283406e-70,0.0,3.1421412132089226e-66,1.022100679576397,0.8959643747657537,0.6636274252086878,1.1757718292692111e-197,True,True,False,2.0,4.726059512795856e-80,4.726059512795856e-80,4.726082720482259e-80,7.18835950372462e-80,4.726082720482259e-80,7.18835950372462e-80,1.0,4.0,1.5944961556634192e-278,4.726059512795856e-80,4.726059512795856e-80,1.0,2.2335870579164663e-159,5e-323,4.726059512795856e-80,7.11060146452933e-80,0.1807881606881332,3.048180933283237e-70,3.142141213764211e-66,0.0,3.0481809342284515e-70,0.0,3.142141213764211e-66,9.799425934561116e-198,True,True,False,240,1.029060800252659e-83,0.8804135534357681,1.928626551725033e-83,0.1807881606881332,1.6417632312688852e-85,True,2.502737106755376,0.7215002756565809,True,True,False,False,False,False,2.3987464288170374e-80,4.725030451995604e-80
L128_g0p25,128,2.0,g,0.25,L128_g0p25,L128_g0p25_edge_t72p285,edge,0.5,1.0,open,0.25,72.285,0.5647265625,0.005,14457,"['charge_density_wave', 'left', 'right']","[['charge_density_wave', 'left'], ['charge_density_wave', 'right'], ['left', 'right']]",['right'],new_time_validation,"[200, 240, 280, 320]",left,0.0,0.0,0.0,1.954098434696669e-14,2.987849341320413e-14,1.954098434696669e-14,2.987849341320413e-14,1.0,0.0,0.0,0.1807881606881332,3.048180933283237e-70,4.0728116689991334e-11,1.8911257983250437e-14,0.0,1.954098434696669e-14,0.0,4.0728116689991334e-11,0.9376619979739189,0.9844934530556202,0.6616878639906645,1.9341474446591857e-127,True,True,False,2.0,1.952395174457493e-14,1.952395174457493e-14,1.7163251514561722e-17,2.6256540899086456e-17,1.7163251514561722e-17,2.625654089908616e-17,0.9999999999999887,4.0,2.6241929338753292e-245,1.952395174457493e-14,1.952395174457493e-14,1.0,3.8118469286511964e-28,4.3479038204232383e-64,1.952395174457493e-14,1.8911257983250437e-14,0.1807881606881332,3.048180933283237e-70,4.350267602875853e-14,1.950678849306037e-14,1.9541114996089493e-14,0.0,4.350267602877513e-14,9.573985050567102e-131,True,True,False,240,1.9540984310155774e-14,1.6900035751440247e-80,1.928626551725033e-83,0.1807881606881332,1.6799332485757463e-26,True,2.3589743953198195,0.6989923808723688,True,True,False,False,False,False,6.297263269053365e-16,1.7032565580844333e-17
L128_g0p25,128,2.0,g,0.25,L128_g0p25,L128_g0p25_edge_t72p285,edge,0.5,1.0,open,0.25,72.285,0.5647265625,0.005,14457,"['charge_density_wave', 'left', 'right']","[['charge_density_wave', 'left'], ['charge_density_wave', 'right'], ['left', 'right']]",['right'],new_time_validation,"[200, 240, 280, 320]",right,4.0,0.05622427118376103,0.05613561412113921,2.5401500957732055e-08,3.820205543900711e-08,2.5401500957732055e-08,3.705284247329107e-08,0.9699175096075431,8.0,7.008036340089885e-241,0.20208527115019276,3.048180933283237e-70,3.0056612633315776e-05,0.05399626183630686,0.05613558871963825,0.05613563952264017,0.021267038026298247,0.02132715125156488,0.965808380395174,4.297368589788675,0.6688452232629061,1.1413216521172899e-113,True,False,True,2.0,0.05616439703907352,0.05607602246726933,6.170516494090816e-05,9.267380907164352e-05,6.170516494090816e-05,8.988880106613063e-05,0.9699482730513441,4.0,2.3544006634668742e-241,0.05607602246726933,0.05616439703907352,1.0,0.0031544394948566537,2.964026627203734e-16,0.05607602246726933,0.05399626183630686,0.20204675310027273,3.048180933283237e-70,0.042228495604024405,0.05601431730232842,0.056137727632210234,0.0,0.06348708801616396,1.1463310022603316e-113,False,False,True,240,0.056135638602840925,6.459357540777016e-98,1.928626551725033e-83,0.1807881606881332,0.021297110462059562,False,2.373429574072361,0.7049893662333488,False,True,False,False,False,False,0.0021393767665340638,5.9616135571594064e-05
L128_g0p25,128,2.0,g,0.25,L128_g0p25,L128_g0p25_edge_t72p305,edge,0.5,1.0,open,0.25,72.305,0.5648828125,0.005,14461,"['charge_density_wave', 'left', 'right']","[['charge_density_wave', 'left'], ['charge_density_wave', 'right'], ['left', 'right']]",['right'],new_time_validation,"[200, 240, 280, 320]",charge_density_wave,0.0,0.0,0.0,1.6073960631754473e-83,2.4663717110139294e-83,1.6073960631754473e-83,2.4663717110139294e-83,1.0,0.0,0.0,0.1807881606881332,2.8910274310090203e-70,2.9811228466170817e-66,2.2760514945134414e-80,0.0,2.891027431009181e-70,0.0,2.9811228466170817e-66,0.9590356480330229,0.8635312728583813,0.6628531087189913,1.1790765885030573e-197,True,True,False,2.0,4.482036846788041e-80,4.482036846788041e-80,4.482058861367962e-80,6.817199567676194e-80,4.482058861367962e-80,6.817199567676194e-80,1.0,4.0,2.1943100047143155e-278,4.482036846788041e-80,4.482036846788041e-80,1.0,2.008886305634428e-159,4e-323,4.482036846788041e-80,6.743639798862879e-80,0.1807881606881332,2.8910274310090203e-70,2.98112284714385e-66,0.0,2.89102743190543e-70,0.0,2.98112284714385e-66,1.9995339464234484e-197,True,True,False,240,9.76460582737946e-84,0.8804135534357681,1.830057769847185e-83,0.1807881606881332,1.5569341641392652e-85,True,2.449399182572961,0.7182653434574604,True,True,False,False,False,False,2.2750750339307035e-80,4.481060386205303e-80
L128_g0p25,128,2.0,g,0.25,L128_g0p25,L128_g0p25_edge_t72p305,edge,0.5,1.0,open,0.25,72.305,0.5648828125,0.005,14461,"['charge_density_wave', 'left', 'right']","[['charge_density_wave', 'left'], ['charge_density_wave', 'right'], ['left', 'right']]",['right'],new_time_validation,"[200, 240, 280, 320]",left,0.0,0.0,0.0,1.8537137317659175e-14,2.834367019389421e-14,1.8537137317659175e-14,2.834367019389421e-14,1.0,0.0,0.0,0.1807881606881332,2.8910274310090203e-70,3.8698424758020075e-11,1.793975204493482e-14,0.0,1.8537137317659175e-14,0.0,3.8698424758020075e-11,0.9369498938322067,0.9336560554802418,0.6578176449984312,1.8378521623628628e-127,True,True,False,2.0,1.8520979191607675e-14,1.8520979191607675e-14,1.6281998437327144e-17,2.4908445553145896e-17,1.6281998437327144e-17,2.490844555314563e-17,0.9999999999999893,4.0,1.130637520048368e-244,1.8520979191607675e-14,1.8520979191607675e-14,1.0,3.430266712412737e-28,3.517083850577213e-64,1.8520979191607675e-14,1.793975204493482e-14,0.1807881606881332,2.8910274310090203e-70,4.132394291706796e-14,1.8504697193170348e-14,1.8537261190045004e-14,0.0,4.132394291708528e-14,9.082152039073774e-131,True,True,False,240,1.8537137282777826e-14,1.6900035751440247e-80,1.830057769847185e-83,0.1807881606881332,1.751917676017328e-26,True,2.4693893287330866,0.7235095053911209,True,True,False,False,False,False,5.973852378430043e-16,1.615809117015071e-17
L128_g0p25,128,2.0,g,0.25,L128_g0p25,L128_g0p25_edge_t72p305,edge,0.5,1.0,open,0.25,72.305,0.5648828125,0.005,14461,"['charge_density_wave', 'left', 'right']","[['charge_density_wave', 'left'], ['charge_density_wave', 'right'], ['left', 'right']]",['right'],new_time_validation,"[200, 240, 280, 320]",right,4.0,0.05327731164488769,0.05320185915730562,2.4039570453503727e-08,3.614816708478649e-08,2.4039570453503727e-08,3.511546500000592e-08,0.9714314122107951,8.0,5.2492831048384445e-241,0.20022169890077582,2.8910274310090203e-70,2.8529876944766713e-05,0.05117363805191488,0.05320183511773516,0.05320188319687607,0.019404993850823993,0.019462053604713526,0.9315870236605406,4.392796138301492,0.6637542303651571,1.0819817505249564e-113,True,False,True,2.0,0.05322057222279733,0.053145360205411094,5.8392577877770564e-05,8.768551749081798e-05,5.8392577877770564e-05,8.518303395617397e-05,0.9714606972022939,4.0,4.141902273053648e-241,0.053145360205411094,0.05322057222279733,1.0,0.002832429307806185,2.384869326667224e-16,0.053145360205411094,0.05117363805191488,0.20018644119266935,2.8910274310090203e-70,0.040167712702402,0.05308696762753332,0.053203752783288864,0.0,0.05956599320693815,1.0862455167351575e-113,False,False,True,240,0.05320188237010938,6.459357540777016e-98,1.830057769847185e-83,0.1807881606881332,0.019433538212642636,False,2.4822876527905464,0.726774986833334,False,True,False,False,False,False,0.002028244318194497,5.652216469828608e-05
L128_g0p25,128,2.0,g,0.25,L128_g0p25,L128_g0p25_edge_t72p325,edge,0.5,1.0,open,0.25,72.325,0.5650390625,0.005,14465,"['charge_density_wave', 'left', 'right']","[['charge_density_wave', 'left'], ['charge_density_wave', 'right'], ['left', 'right']]",['right'],new_time_validation,"[200, 240, 280, 320]",charge_density_wave,0.0,0.0,0.0,1.5251057632392477e-83,2.3401070537633506e-83,1.5251057632392477e-83,2.3401070537633506e-83,1.0,0.0,0.0,0.1807881606881332,2.7419762113150083e-70,2.8283555271300285e-66,2.1587062740202537e-80,0.0,2.7419762113151608e-70,0.0,2.8283555271300285e-66,0.9604460801929235,0.9283867962658405,0.6611806470900774,1.1801562738279704e-197,True,True,False,2.0,4.250613898875052e-80,4.250613898875052e-80,4.2506347816897855e-80,6.465203892429631e-80,4.2506347816897855e-80,6.465203892429631e-80,1.0,4.0,3.176251498939409e-278,4.250613898875052e-80,4.250613898875052e-80,1.0,1.8067906316882403e-159,3.5e-323,4.250613898875052e-80,6.3956161744775256e-80,0.1807881606881332,2.7419762113150083e-70,2.828355527629743e-66,0.0,2.741976212165133e-70,0.0,2.828355527629743e-66,8.660240448854023e-198,True,True,False,240,9.265490094203824e-84,0.8804135534357681,1.736526666057842e-83,0.1807881606881332,1.4764882271414353e-85,True,2.387676265090704,0.6928900144994259,True,True,False,False,False,False,2.1577797250108334e-80,4.249687349865632e-80
L128_g0p25,128,2.0,g,0.25,L128_g0p25,L128_g0p25_edge_t72p325,edge,0.5,1.0,open,0.25,72.325,0.5650390625,0.005,14465,"['charge_density_wave', 'left', 'right']","[['charge_density_wave', 'left'], ['charge_density_wave', 'right'], ['left', 'right']]",['right'],new_time_validation,"[200, 240, 280, 320]",left,0.0,0.0,0.0,1.7584861792359823e-14,2.6887692826182144e-14,1.7584861792359823e-14,2.6887692826182144e-14,1.0,0.0,0.0,0.1807881606881332,2.7419762113150083e-70,3.6769791810724605e-11,1.7018156583486788e-14,0.0,1.7584861792359823e-14,0.0,3.6769791810724605e-11,0.9483896922320127,0.8646687362343073,0.6569037716835737,1.7463465115613434e-127,True,True,False,2.0,1.7569533244104402e-14,1.7569533244104402e-14,1.5445995454001075e-17,2.3629568551385244e-17,1.5445995454001075e-17,2.3629568551385004e-17,0.9999999999999898,4.0,2.122578036770739e-245,1.7569533244104402e-14,1.7569533244104402e-14,1.0,3.086884993373387e-28,2.8450242538764783e-64,1.7569533244104402e-14,1.7018156583486788e-14,0.1807881606881332,2.7419762113150083e-70,3.925426195709173e-14,1.75540872486504e-14,1.7584979239558404e-14,0.0,3.9254261957109607e-14,8.615586617653254e-131,True,True,False,240,1.758486175930687e-14,1.6900035751440247e-80,1.736526666057842e-83,0.1807881606881332,1.8070259227356432e-26,True,2.3839501906186342,0.7062241416424513,True,True,False,False,False,False,5.667051758200826e-16,1.532851520246792e-17
L128_g0p25,128,2.0,g,0.25,L128_g0p25,L128_g0p25_edge_t72p325,edge,0.5,1.0,open,0.25,72.325,0.5650390625,0.005,14465,"['charge_density_wave', 'left', 'right']","[['charge_density_wave', 'left'], ['charge_density_wave', 'right'], ['left', 'right']]",['right'],new_time_validation,"[200, 240, 280, 320]",right,4.0,0.050484831574166264,0.05042061848891435,2.2752058146909414e-08,3.420736184110378e-08,2.2752058146909414e-08,3.327939467120595e-08,0.9728722964896176,8.0,2.744489030369937e-241,0.19851631833835606,2.7419762113150083e-70,2.7082026309904934e-05,0.04849784607050166,0.0504205957368562,0.050420641240972494,0.017701062369441776,0.017755226422061586,1.0007623862475157,4.343189015984535,0.6672375537455082,1.0256807601581055e-113,True,False,True,2.0,0.05043106274061381,0.05036705434734236,5.526122981796895e-05,8.29721727757461e-05,5.526122981796895e-05,8.072364076440838e-05,0.9729001671751447,4.0,2.1794165103402227e-241,0.05036705434734236,0.05043106274061381,1.0,0.0025432920892231752,1.9188805828553603e-16,0.05036705434734236,0.04849784607050166,0.19848405797313218,2.7419762113150083e-70,0.03820862704428889,0.050311793117524393,0.05042231557716033,0.0,0.05590452432928788,1.0293097768466537e-113,False,False,True,240,0.050420640497511396,6.459357540777016e-98,1.736526666057842e-83,0.1807881606881332,0.01772815765022288,False,2.4099464900791645,0.710261270403862,False,True,False,False,True,False,0.0019227944270097386,5.358615016903823e-05
L128_g0p25,128,2.0,g,0.25,L128_g0p25,L128_g0p25_edge_t72p345,edge,0.5,1.0,open,0.25,72.345,0.5651953125,0.005,14469,"['charge_density_wave', 'left', 'right']","[['charge_density_wave', 'left'], ['charge_density_wave', 'right'], ['left', 'right']]",['right'],new_time_validation,"[200, 240, 280, 320]",charge_density_wave,0.0,0.0,0.0,1.4470283210458458e-83,2.2203064873231595e-83,1.4470283210458458e-83,2.2203064873231595e-83,1.0,0.0,0.0,0.1807881606881332,2.6006095489703943e-70,2.6834164630495774e-66,2.0474109609240594e-80,0.0,2.600609548970539e-70,0.0,2.6834164630495774e-66,0.9539267010986805,0.8617475647479296,0.660750376060605,1.1779123197451758e-197,True,True,False,2.0,4.031140103346396e-80,4.031140103346396e-80,4.031159912583306e-80,6.1313829621849264e-80,4.031159912583306e-80,6.1313829621849264e-80,1.0,4.0,6.00922020452316e-278,4.031140103346396e-80,4.031140103346396e-80,1.0,1.6250259476166824e-159,3e-323,4.031140103346396e-80,6.0655532429439375e-80,0.1807881606881332,2.6006095489703943e-70,2.683416463523626e-66,0.0,2.6006095497766244e-70,0.0,2.683416463523626e-66,2.1811727289398562e-197,True,True,False,240,8.791886512898478e-84,0.8804135534357681,1.6477757735717632e-83,0.1807881606881332,1.400198940408419e-85,True,2.4677220080047846,0.7176576685160398,True,True,False,False,False,False,2.0465317722727696e-80,4.030260914695106e-80
L128_g0p25,128,2.0,g,0.25,L128_g0p25,L128_g0p25_edge_t72p345,edge,0.5,1.0,open,0.25,72.345,0.5651953125,0.005,14469,"['charge_density_wave', 'left', 'right']","[['charge_density_wave', 'left'], ['charge_density_wave', 'right'], ['left', 'right']]",['right'],new_time_validation,"[200, 240, 280, 320]",left,0.0,0.0,0.0,1.6681508212349464e-14,2.5506510699561857e-14,1.6681508212349464e-14,2.5506510699561857e-14,1.0,0.0,0.0,0.1807881606881332,2.6006095489703943e-70,3.493719092226193e-11,1.6143907353804165e-14,0.0,1.6681508212349464e-14,0.0,3.493719092226193e-11,0.9353508409112692,0.9345609694719315,0.6607487630099058,1.6593925060189241e-127,True,True,False,2.0,1.6666966648679856e-14,1.6666966648679856e-14,1.465291899147341e-17,2.241635571268752e-17,1.465291899147341e-17,2.2416355712687303e-17,0.9999999999999903,4.0,6.5304467708803045e-245,1.6666966648679856e-14,1.6666966648679856e-14,1.0,2.777877780966761e-28,2.3013871307503117e-64,1.6666966648679856e-14,1.6143907353804165e-14,0.1807881606881332,2.6006095489703943e-70,3.728817817800455e-14,1.665231372968838e-14,1.6681619567671328e-14,0.0,3.728817817802284e-14,8.17299061643915e-131,True,True,False,240,1.6681508181029048e-14,1.6900035751440247e-80,1.6477757735717632e-83,0.1807881606881332,1.847322705068642e-26,True,2.4522492699325085,0.7214230243116617,True,True,False,False,False,False,5.376008272248833e-16,1.454153234919243e-17
L128_g0p25,128,2.0,g,0.25,L128_g0p25,L128_g0p25_edge_t72p345,edge,0.5,1.0,open,0.25,72.345,0.5651953125,0.005,14469,"['charge_density_wave', 'left', 'right']","[['charge_density_wave', 'left'], ['charge_density_wave', 'right'], ['left', 'right']]",['right'],new_time_validation,"[200, 240, 280, 320]",right,4.0,0.04783873229202036,0.04778408554105801,2.1534782319235697e-08,3.237315761457738e-08,2.1534782319235697e-08,3.153933364034508e-08,0.9742433535783104,8.0,6.957435641371539e-241,0.19695631404114292,2.6006095489703943e-70,2.57088728504625e-05,0.045961356345807676,0.04778406400627569,0.04778410707584033,0.0161424323562262,0.016193850101927126,0.9314393978565931,4.390936641022563,0.6668885350227356,9.722699941240489e-114,True,True,False,2.0,0.04778777850780222,0.04773330598760774,5.230092298957892e-05,7.851799938544555e-05,5.230092298957892e-05,7.649772121604134e-05,0.9742698720647904,4.0,1.9637015092928496e-241,0.04773330598760774,0.04778777850780222,1.0,0.002283671774778372,1.5439462651721816e-16,0.04773330598760774,0.045961356345807676,0.19692680751943595,2.6006095489703943e-70,0.036346113507527755,0.047681005064618164,0.04778560691059732,0.0,0.05248476033883051,9.753586516867461e-114,False,False,False,240,0.04778410640700246,6.459357540777016e-98,1.6477757735717632e-83,0.1807881606881332,0.016168153353009737,True,2.4540126901119947,0.721655486151576,True,True,False,False,False,False,0.0018227500611947833,5.080041939471702e-05
L128_g0p25,128,2.0,g,0.25,L128_g0p25,L128_g0p25_edge_t72p365,edge,0.5,1.0,open,0.25,72.365,0.5653515625,0.005,14473,"['charge_density_wave', 'left', 'right']","[['charge_density_wave', 'left'], ['charge_density_wave', 'right'], ['left', 'right']]",['right'],new_time_validation,"[200, 240, 280, 320]",charge_density_wave,0.0,0.0,0.0,1.3729480578342533e-83,2.1066390821830372e-83,1.3729480578342533e-83,2.1066390821830372e-83,1.0,0.0,0.0,0.1807881606881332,2.4665312551900254e-70,2.545904526114989e-66,1.941853643249591e-80,0.0,2.4665312551901628e-70,0.0,2.545904526114989e-66,1.0232972167432308,0.8706125821918249,0.6582355014979839,1.1795489270062078e-197,True,True,False,2.0,3.822998485356804e-80,3.822998485356804e-80,3.823017276211498e-80,5.8147983531621385e-80,3.823017276211498e-80,5.8147983531621385e-80,1.0,4.0,5.0492296060606624e-278,3.822998485356804e-80,3.822998485356804e-80,1.0,1.4615469399464836e-159,2e-323,3.822998485356804e-80,5.7525240945206135e-80,0.1807881606881332,2.4665312551900254e-70,2.5459045265646906e-66,0.0,2.466531255954627e-70,0.0,2.5459045265646906e-66,1.0678301059060976e-197,True,True,False,240,8.342491039556051e-84,0.8804135534357681,1.5635607842673104e-83,0.1807881606881332,1.3278515266219322e-85,True,2.448150346055627,0.7105520945042372,True,True,False,False,False,False,1.9410193941456356e-80,3.822164236252848e-80
L128_g0p25,128,2.0,g,0.25,L128_g0p25,L128_g0p25_edge_t72p365,edge,0.5,1.0,open,0.25,72.365,0.5653515625,0.005,14473,"['charge_density_wave', 'left', 'right']","[['charge_density_wave', 'left'], ['charge_density_wave', 'right'], ['left', 'right']]",['right'],new_time_validation,"[200, 240, 280, 320]",left,0.0,0.0,0.0,1.5824563150567285e-14,2.419628130904964e-14,1.5824563150567285e-14,2.419628130904964e-14,1.0,0.0,0.0,0.1807881606881332,2.4665312551900254e-70,3.3195844961851275e-11,1.5314571860367767e-14,0.0,1.5824563150567285e-14,0.0,3.3195844961851275e-11,0.9416485112160444,0.9410686455667019,0.6615846008062363,1.5767639714657856e-127,True,True,False,2.0,1.5810768165234024e-14,1.5810768165234024e-14,1.390056479615008e-17,2.1265435361418896e-17,1.390056479615008e-17,2.12654353614187e-17,0.9999999999999909,4.0,1.180334999280494e-244,1.5810768165234024e-14,1.5810768165234024e-14,1.0,2.4998039071948893e-28,1.8616320334773657e-64,1.5810768165234024e-14,1.5314571860367767e-14,0.1807881606881332,2.4665312551900254e-70,3.542050929526884e-14,1.5796867600437876e-14,1.5824668730030175e-14,0.0,3.542050929528741e-14,7.753132564841509e-131,True,True,False,240,1.582456312088857e-14,1.6900035751440247e-80,1.5635607842673104e-83,0.1807881606881332,1.8746528459310573e-26,True,2.453352766111493,0.7133666202425957,True,True,False,False,False,False,5.099912605208036e-16,1.3794955654546754e-17
L128_g0p25,128,2.0,g,0.25,L128_g0p25,L128_g0p25_edge_t72p365,edge,0.5,1.0,open,0.25,72.365,0.5653515625,0.005,14473,"['charge_density_wave', 'left', 'right']","[['charge_density_wave', 'left'], ['charge_density_wave', 'right'], ['left', 'right']]",['right'],new_time_validation,"[200, 240, 280, 320]",right,4.0,0.04533133974346534,0.04528483503094795,2.0383803943172106e-08,3.063946748006173e-08,2.0383803943172106e-08,2.9890261132795846e-08,0.975547670736986,8.0,8.560428254848958e-241,0.19552982797574808,2.4665312551900254e-70,2.4406458178633945e-05,0.04355700916360211,0.045284814647144005,0.04528485541475189,0.014717249743671746,0.014766062660029014,0.9352352172136307,4.297212911769748,0.6668890751898289,9.216069915842938e-114,True,True,False,2.0,0.04528305361412296,0.04523669719948652,4.950205232643551e-05,7.430818422941556e-05,4.950205232643551e-05,7.249305056466838e-05,0.9755728970695444,4.0,3.0190814249787905e-241,0.04523669719948652,0.04528305361412296,1.0,0.0020505549446801167,1.2422736866967035e-16,0.04523669719948652,0.04355700916360211,0.19550285009430574,2.4665312551900254e-70,0.034575311744115794,0.04518719514716008,0.04528619925181296,0.0,0.04929000115028834,9.242356685720523e-114,False,True,False,240,0.0452848548127846,6.459357540777016e-98,1.5635607842673104e-83,0.1807881606881332,0.014741667287614902,True,2.48315392434597,0.7204468827694654,True,True,False,False,False,False,0.0017278456491824912,4.815761329808599e-05
L128_g0p25,128,2.0,g,0.25,L128_g0p25,L128_g0p25_translated_t46p225,translated,0.5,1.0,open,0.25,46.225,0.3611328125,0.005,9245,"['charge_density_wave', 'block_cell8', 'block_cell24']","[['charge_density_wave', 'block_cell8'], ['charge_density_wave', 'block_cell24'], ['block_cell8', 'block_cell24']]",['block_cell8'],new_time_validation,"[200, 240, 280, 320]",charge_density_wave,0.0,0.0,0.0,9.456926044163533e-54,1.4500613688362835e-53,9.456926044163533e-54,1.4500613688362835e-53,1.0,0.0,0.0,0.1807881606881332,2.742174196818571e-40,1.616253312360443e-36,2.158862144281616e-50,0.0,2.742174196818666e-40,0.0,1.616253312360443e-36,0.9521656557917595,0.8705588635057211,0.6620008368045092,1.18048186060455e-197,True,True,False,2.0,4.717278938252263e-50,4.717278938252263e-50,4.71729709664544e-50,7.175358315811758e-50,4.71729709664544e-50,7.175358315811758e-50,1.0,4.0,3.3144409524780386e-263,4.717278938252263e-50,4.717278938252263e-50,1.0,2.2252896182187755e-99,3.9075979697838917e-203,4.717278938252263e-50,6.862889633203372e-50,0.1807881606881332,2.742174196818571e-40,1.6162533127062874e-36,0.0,2.742174197762029e-40,0.0,1.6162533127062874e-36,1.149684949116053e-197,True,True,False,240,5.0283735474041477e-54,0.8804135534357681,9.363219413850546e-54,0.1807881606881332,1.7999463136429496e-55,True,2.3951839581131935,0.7419495172798634,True,True,False,False,False,False,2.158359306926876e-50,4.716776100897522e-50
L128_g0p25,128,2.0,g,0.25,L128_g0p25,L128_g0p25_translated_t46p225,translated,0.5,1.0,open,0.25,46.225,0.3611328125,0.005,9245,"['charge_density_wave', 'block_cell8', 'block_cell24']","[['charge_density_wave', 'block_cell8'], ['charge_density_wave', 'block_cell24'], ['block_cell8', 'block_cell24']]",['block_cell8'],new_time_validation,"[200, 240, 280, 320]",block_cell8,4.0,0.05706818718949192,0.05697548435459393,2.2153709776033995e-09,3.3936511999696898e-09,2.2153709776033995e-09,3.2862182117536456e-09,0.968342949264496,8.0,4.218425094099881e-241,0.2026307065933307,2.742174196818571e-40,2.9672283243670803e-06,0.05594154288270044,0.056975482139222954,0.05697548656996491,0.02183957755007443,0.021845512006723165,0.9406033400446177,4.385266497731209,0.6605785321444273,1.6584094321424832e-139,True,False,True,2.0,0.0570520933905836,0.0569594688357385,1.7430372561926047e-05,2.6699934973182683e-05,1.7430372561926047e-05,2.5854922611155155e-05,0.9683515198491586,4.0,3.488026671349619e-241,0.0569594688357385,0.0570520933905836,0.9999999999979303,0.003254941446579029,2.8100284973466227e-13,0.05695946883572961,0.05594154288270569,0.20262025447801588,2.742174196818571e-40,0.013338878582352234,0.05694203846317657,0.05697689920830042,0.008493215207530451,0.03517097237223492,1.6662229623793088e-139,False,False,True,240,0.05697548608103738,1.5430760543553373e-59,9.363219413850546e-54,0.1807881606881332,0.021842545905197536,False,2.3970980271697044,0.7077253125607967,False,True,False,False,False,False,0.0010339431983369396,1.6017245298878546e-05
L128_g0p25,128,2.0,g,0.25,L128_g0p25,L128_g0p25_translated_t46p225,translated,0.5,1.0,open,0.25,46.225,0.3611328125,0.005,9245,"['charge_density_wave', 'block_cell8', 'block_cell24']","[['charge_density_wave', 'block_cell8'], ['charge_density_wave', 'block_cell24'], ['block_cell8', 'block_cell24']]",['block_cell8'],new_time_validation,"[200, 240, 280, 320]",block_cell24,8.0,5791648926.835469,1.0,1.4640655103428138e-09,1.3592660975217868e-08,1.4640655103428138e-09,8.865581113403544e-09,0.6522329314007953,16.0,1.1138261112901557e-240,0.19412028555722183,2.742174196818571e-40,1.9997540725706513e-06,1.0,0.9999999985359345,1.0,0.013330125112629439,0.01333412462077458,0.9274513386189938,7.442532362416387,0.6734541319310665,2.2511933601130015e-141,True,False,True,2.0,5790665991.740394,1.0,1.0,1.0,1.0,1536197.6554523043,0.6536271409118002,4.0,4.380001382218377e-241,1.0,5790665991.740394,0.9999999999911893,3.3531812672186503e+19,1.485048363141231e+30,1.0,1.0,0.1807881612691891,2.742174196818571e-40,44.3614195558365,0.0,1.0,0.0,44.36141955641756,2.7106503737269276e-105,False,False,False,240,1.0,5.52821257820325e-72,9.363219413850546e-54,0.1807881606881332,0.013332124869088632,False,2.444781344383955,0.7161506544798613,False,True,False,False,False,False,0.0,0.0
L128_g0p25,128,2.0,g,0.25,L128_g0p25,L128_g0p25_translated_t46p245,translated,0.5,1.0,open,0.25,46.245,0.3612890625,0.005,9249,"['charge_density_wave', 'block_cell8', 'block_cell24']","[['charge_density_wave', 'block_cell8'], ['charge_density_wave', 'block_cell24'], ['block_cell8', 'block_cell24']]",['block_cell8'],new_time_validation,"[200, 240, 280, 320]",charge_density_wave,0.0,0.0,0.0,8.972455330379326e-54,1.3757770870789659e-53,8.972455330379326e-54,1.3757770870789659e-53,1.0,0.0,0.0,0.1807881606881332,2.600797327036812e-40,1.5338060446139917e-36,2.0475587950622354e-50,0.0,2.600797327036902e-40,0.0,1.5338060446139917e-36,0.9560525771230459,0.9798817615956068,0.6598082557320595,1.1758774890993155e-197,True,True,False,2.0,4.473721564996217e-50,4.473721564996217e-50,4.47373878890305e-50,6.804887842276701e-50,4.47373878890305e-50,6.804887842276701e-50,1.0,4.0,1.3583116603470185e-263,4.473721564996217e-50,4.473721564996217e-50,1.0,2.0014342609784466e-99,3.161614174271234e-203,4.473721564996217e-50,6.5087118011805455e-50,0.1807881606881332,2.600797327036812e-40,1.5338060449421317e-36,0.0,2.6007973279315583e-40,0.0,1.5338060449421317e-36,1.356335976068614e-197,True,True,False,240,4.7713747227347054e-54,0.8804135534357681,8.884697032008949e-54,0.1807881606881332,1.7068135351259007e-55,True,2.4688876066356897,0.7468457128852606,True,True,False,False,False,False,2.047081657589962e-50,4.473244427523943e-50
L128_g0p25,128,2.0,g,0.25,L128_g0p25,L128_g0p25_translated_t46p245,translated,0.5,1.0,open,0.25,46.245,0.3612890625,0.005,9249,"['charge_density_wave', 'block_cell8', 'block_cell24']","[['charge_density_wave', 'block_cell8'], ['charge_density_wave', 'block_cell24'], ['block_cell8', 'block_cell24']]",['block_cell8'],new_time_validation,"[200, 240, 280, 320]",block_cell8,4.0,0.05412939316738512,0.05405026767978197,2.0983561957701828e-09,3.2140362618833472e-09,2.0983561957701828e-09,3.117318660833987e-09,0.9699077442913833,8.0,1.6442682443332587e-240,0.20075384923824593,2.600797327036812e-40,2.8177884029208383e-06,0.05306906591988553,0.054050265581425776,0.05405026977813817,0.01996286972834067,0.01996850530514651,0.9402872323989868,4.403420897200704,0.6647070124745369,1.5737480106149332e-139,True,False,True,2.0,0.054114126862258125,0.054035068206182924,1.6509410816586784e-05,2.52855165336956e-05,1.6509410816586784e-05,2.4524824796192232e-05,0.9699159106957667,4.0,6.074429391023273e-241,0.054035068206182924,0.054114126862258125,0.9999999999980078,0.002928338803612366,2.2708622502384918e-13,0.05403506820617481,0.05306906591989032,0.20074426525001998,2.600797327036812e-40,0.012691454226092223,0.05401855879536634,0.05405157761699951,0.0072646503357945615,0.03264755878797901,1.5804179608554687e-139,False,False,True,240,0.05405026931851166,1.543076054355446e-59,8.884697032008949e-54,0.1807881606881332,0.019965688550112753,False,2.4443982746452093,0.7113839760422707,False,True,False,False,False,False,0.000981203398626132,1.5201112328736e-05
L128_g0p25,128,2.0,g,0.25,L128_g0p25,L128_g0p25_translated_t46p245,translated,0.5,1.0,open,0.25,46.245,0.3612890625,0.005,9249,"['charge_density_wave', 'block_cell8', 'block_cell24']","[['charge_density_wave', 'block_cell8'], ['charge_density_wave', 'block_cell24'], ['block_cell8', 'block_cell24']]",['block_cell8'],new_time_validation,"[200, 240, 280, 320]",block_cell24,8.0,5489642205.185006,1.0,1.3881650530141976e-09,1.2890474767320024e-08,1.3881650530141976e-09,8.407607765982703e-09,0.6522341432526364,16.0,9.374691913552905e-241,0.19541098816175537,2.600797327036812e-40,1.9008117921858054e-06,1.0,0.999999998611835,1.0,0.01462092665971427,0.014624728283298642,0.9448761288076639,7.471372649073601,0.6706571485847235,2.4713575819136584e-141,True,False,True,2.0,5488710429.223743,1.0,1.0,1.0,1.0,1456227.222604801,0.6536254532623248,4.0,3.767483573764075e-241,1.0,5488710429.223743,0.9999999999915155,3.0125942215572582e+19,1.1960929831619038e+30,1.0,1.0,0.18078816133300588,2.600797327036812e-40,44.3614195558365,0.0,1.0,0.0,44.36141955648137,2.1832217583829338e-105,False,False,False,240,1.0,5.528212578204886e-72,8.884697032008949e-54,0.1807881606881332,0.014622827473622172,False,2.4598686043173075,0.7172635830938816,False,True,False,False,False,False,0.0,0.0
L128_g0p25,128,2.0,g,0.25,L128_g0p25,L128_g0p25_translated_t46p265,translated,0.5,1.0,open,0.25,46.265,0.3614453125,0.005,9253,"['charge_density_wave', 'block_cell8', 'block_cell24']","[['charge_density_wave', 'block_cell8'], ['charge_density_wave', 'block_cell24'], ['block_cell8', 'block_cell24']]",['block_cell8'],new_time_validation,"[200, 240, 280, 320]",charge_density_wave,0.0,0.0,0.0,8.512804051912605e-54,1.305298326866231e-53,8.512804051912605e-54,1.305298326866231e-53,1.0,0.0,0.0,0.1807881606881332,2.4667093520789036e-40,1.4555640432153116e-36,1.9419938555788662e-50,0.0,2.466709352078989e-40,0.0,1.4555640432153116e-36,0.9609721601009369,0.8950996212661266,0.6630946174263954,1.1742593312831397e-197,True,True,False,2.0,4.2427392708497987e-50,4.2427392708497987e-50,4.242755608361585e-50,6.453545094088035e-50,4.242755608361585e-50,6.453545094088035e-50,1.0,4.0,1.7360557247388552e-263,4.2427392708497987e-50,4.2427392708497987e-50,1.0,1.800097862731477e-99,2.558043141655535e-203,4.2427392708497987e-50,6.172812266405789e-50,0.1807881606881332,2.4667093520789036e-40,1.4555640435266534e-36,0.0,2.466709352927453e-40,0.0,1.4555640435266534e-36,5.974700141515955e-198,True,True,False,240,4.5275110235002325e-54,0.8804135534357681,8.430630295793659e-54,0.1807881606881332,1.6184997784559734e-55,True,2.434233319014311,0.740302812308073,True,True,False,False,False,False,1.941541104476516e-50,4.2422865197474487e-50
L128_g0p25,128,2.0,g,0.25,L128_g0p25,L128_g0p25_translated_t46p265,translated,0.5,1.0,open,0.25,46.265,0.3614453125,0.005,9253,"['charge_density_wave', 'block_cell8', 'block_cell24']","[['charge_density_wave', 'block_cell8'], ['charge_density_wave', 'block_cell24'], ['block_cell8', 'block_cell24']]",['block_cell8'],new_time_validation,"[200, 240, 280, 320]",block_cell8,4.0,0.05134195185015343,0.05127441674719738,1.9876562416429833e-09,3.044168414148116e-09,1.9876562416429833e-09,2.9571004660245264e-09,0.9713984457236559,8.0,2.5186277746944628e-241,0.19903336659111007,2.4667093520789036e-40,2.676028940514484e-06,0.050343308996131785,0.051274414759541136,0.05127441873485362,0.01824252892672292,0.018247880984603948,1.020194973796606,4.3528537303209305,0.661605529487133,1.4933385949717928e-139,True,False,True,2.0,0.051327470488684385,0.051259992440811857,1.563811303936256e-05,2.3947920472671005e-05,1.563811303936256e-05,2.3263159026020838e-05,0.9714062251279143,4.0,3.247704697149682e-241,0.051259992440811857,0.051327470488684385,0.9999999999980824,0.002634509296424945,1.8351511448539982e-13,0.051259992440804446,0.05034330899613616,0.19902458208214885,2.4667093520789036e-40,0.012075917689548882,0.05124435432777249,0.05127563055385122,0.006160503704466773,0.030312339083564534,1.4990321034520177e-139,False,False,True,240,0.05127441830259364,1.5430760543555508e-59,8.430630295793659e-54,0.1807881606881332,0.018245205902976888,False,2.3987070415169,0.7083717472851276,False,True,False,False,False,False,0.0009311093064618553,1.4425861781783289e-05
L128_g0p25,128,2.0,g,0.25,L128_g0p25,L128_g0p25_translated_t46p265,translated,0.5,1.0,open,0.25,46.265,0.3614453125,0.005,9253,"['charge_density_wave', 'block_cell8', 'block_cell24']","[['charge_density_wave', 'block_cell8'], ['charge_density_wave', 'block_cell24'], ['block_cell8', 'block_cell24']]",['block_cell8'],new_time_validation,"[200, 240, 280, 320]",block_cell24,8.0,5203386351.685296,1.0,1.3162685836607167e-09,1.2224559221054574e-08,1.3162685836607167e-09,7.973292528314633e-09,0.6522355844603452,16.0,7.714930265201841e-241,0.1968321586091335,2.4667093520789036e-40,1.8068441958033084e-06,1.0,0.9999999986837315,1.0,0.016042191074937612,0.016045804763329216,0.9897378515452147,7.547652073204517,0.670197868719697,2.7120347230199525e-141,True,False,True,2.0,5202503071.818019,1.0,1.0,1.0,1.0,1380420.3978924693,0.6536237676525153,4.0,5.017832005336497e-241,1.0,5202503071.818019,0.9999999999918298,2.7066038247869043e+19,9.633646326595788e+29,1.0,1.0,0.18078816140386758,2.4667093520789036e-40,44.3614195558365,0.0,1.0,0.0,44.361419556552235,1.7584240199718038e-105,False,False,False,240,1.0,5.528212578206461e-72,8.430630295793659e-54,0.1807881606881332,0.01604399792100031,False,2.416959458962083,0.7156563606113195,False,True,False,False,False,False,0.0,0.0
L128_g0p25,128,2.0,g,0.25,L128_g0p25,L128_g0p25_translated_t46p285,translated,0.5,1.0,open,0.25,46.285,0.3616015625,0.005,9257,"['charge_density_wave', 'block_cell8', 'block_cell24']","[['charge_density_wave', 'block_cell8'], ['charge_density_wave', 'block_cell24'], ['block_cell8', 'block_cell24']]",['block_cell8'],new_time_validation,"[200, 240, 280, 320]",charge_density_wave,0.0,0.0,0.0,8.076700688713104e-54,1.2384301314521293e-53,8.076700688713104e-54,1.2384301314521293e-53,1.0,0.0,0.0,0.1807881606881332,2.339534482129757e-40,1.3813128413652996e-36,1.8418714735815145e-50,0.0,2.339534482129838e-40,0.0,1.3813128413652996e-36,1.042736331000924,0.876861359924078,0.6638635918498039,1.1777835773714732e-197,True,True,False,2.0,4.023682793954251e-50,4.023682793954251e-50,4.023698290687386e-50,6.1203424901368e-50,4.023698290687386e-50,6.1203424901368e-50,1.0,4.0,5.315530107052676e-263,4.023682793954251e-50,4.023682793954251e-50,1.0,1.6190151064192737e-99,2.0696974247590616e-203,4.023682793954251e-50,5.854247728310626e-50,0.1807881606881332,2.339534482129757e-40,1.381312841660703e-36,0.0,2.3395344829344952e-40,0.0,1.381312841660703e-36,2.6437967918300076e-197,True,True,False,240,4.29611111855316e-54,0.8804135534357681,7.999769361140687e-54,0.1807881606881332,1.5347556824984059e-55,True,2.4518308360129595,0.7464628666639328,True,True,False,False,False,False,1.8414418624696593e-50,4.0232531828423956e-50
L128_g0p25,128,2.0,g,0.25,L128_g0p25,L128_g0p25_translated_t46p285,translated,0.5,1.0,open,0.25,46.285,0.3616015625,0.005,9257,"['charge_density_wave', 'block_cell8', 'block_cell24']","[['charge_density_wave', 'block_cell8'], ['charge_density_wave', 'block_cell24'], ['block_cell8', 'block_cell24']]",['block_cell8'],new_time_validation,"[200, 240, 280, 320]",block_cell8,4.0,0.04869806748029193,0.04864042620557765,1.8829187666254547e-09,2.883495910053148e-09,1.8829187666254547e-09,2.8051173815264558e-09,0.972818227952594,8.0,5.7701673806124035e-241,0.19745683594133945,2.339534482129757e-40,2.5415417861345706e-06,0.04775689293568064,0.04864042432265889,0.04864042808849642,0.016666132843321965,0.01667121592689423,0.9425895772874355,4.342053512111306,0.6600971762090921,1.416977940848358e-139,True,True,False,2.0,0.048684330700458606,0.048626738132784564,1.4813717754407987e-05,2.268279475192119e-05,1.4813717754407987e-05,2.206640425361172e-05,0.9728256370058957,4.0,3.213971085508971e-241,0.048626738132784564,0.048684330700458606,0.9999999999981543,0.002370164118322957,1.4830434234626245e-13,0.048626738132777805,0.047756892935684636,0.19744878724181622,2.339534482129757e-40,0.011490656732827082,0.04861192441503016,0.04864155185053897,0.005169969820855946,0.02815128328651011,1.4218377699000587e-139,False,True,False,240,0.048640427681813245,1.5430760543556517e-59,7.999769361140687e-54,0.1807881606881332,0.01666867525320627,True,2.4742530938237906,0.7172107771039009,True,True,False,False,False,False,0.0008835347461326054,1.3689549028680914e-05
L128_g0p25,128,2.0,g,0.25,L128_g0p25,L128_g0p25_translated_t46p285,translated,0.5,1.0,open,0.25,46.285,0.3616015625,0.005,9257,"['charge_density_wave', 'block_cell8', 'block_cell24']","[['charge_density_wave', 'block_cell8'], ['charge_density_wave', 'block_cell24'], ['block_cell8', 'block_cell24']]",['block_cell8'],new_time_validation,"[200, 240, 280, 320]",block_cell24,8.0,4932059752.892496,1.0,1.248168904972579e-09,1.1593040559832822e-08,1.248168904972579e-09,7.56141324432538e-09,0.6522372802286149,16.0,5.488967326906115e-241,0.19839542905860832,2.339534482129757e-40,1.7176072859176695e-06,1.0,0.9999999987518311,1.0,0.017605550761551493,0.01760898597612333,0.9308274667710066,7.3190822917968035,0.6709515321999788,2.974982031629328e-141,True,False,True,2.0,4931222444.719624,1.0,1.0,1.0,1.0,1308560.3762483727,0.6536220840799678,4.0,2.4449654490428704e-241,1.0,4931222444.719624,0.9999999999921324,2.4316954831215247e+19,7.759216373037526e+29,1.0,1.0,0.18078816148255064,2.339534482129757e-40,44.3614195558365,0.0,1.0,0.0,44.36141955663092,1.4162853827799808e-105,False,False,False,240,1.0,5.52821257820798e-72,7.999769361140687e-54,0.1807881606881332,0.017607268370475132,False,2.4907333441078663,0.7279564775526524,False,True,False,False,False,False,0.0,0.0
L128_g0p25,128,2.0,g,0.25,L128_g0p25,L128_g0p25_translated_t46p305,translated,0.5,1.0,open,0.25,46.305,0.3617578125,0.005,9261,"['charge_density_wave', 'block_cell8', 'block_cell24']","[['charge_density_wave', 'block_cell8'], ['charge_density_wave', 'block_cell24'], ['block_cell8', 'block_cell24']]",['block_cell8'],new_time_validation,"[200, 240, 280, 320]",charge_density_wave,0.0,0.0,0.0,7.662938862807272e-54,1.174987531878216e-53,7.662938862807272e-54,1.174987531878216e-53,1.0,0.0,0.0,0.1807881606881332,2.218916301777199e-40,1.3108489086763242e-36,1.7469110499230245e-50,0.0,2.2189163017772755e-40,0.0,1.3108489086763242e-36,0.9558819513767958,0.9333099592477083,0.665458993986249,1.1790037095317695e-197,True,True,False,2.0,3.8159363943624353e-50,3.8159363943624353e-50,3.8159510935857774e-50,5.804343438953503e-50,3.8159510935857774e-50,5.804343438953503e-50,1.0,4.0,2.5032070149703533e-263,3.8159363943624353e-50,3.8159363943624353e-50,1.0,1.4561485567344874e-99,1.674579822481792e-203,3.8159363943624353e-50,5.552123567883206e-50,0.1807881606881332,2.218916301777199e-40,1.310848908956605e-36,0.0,2.2189163025403875e-40,0.0,1.310848908956605e-36,1.1270094811221966e-197,True,True,False,240,4.0765379881791003e-54,0.8804135534357681,7.590928259198009e-54,0.1807881606881332,1.4553447897627656e-55,True,2.4092688281089067,0.7383368201553822,True,True,False,False,False,False,1.7465033961242067e-50,3.8155287405636175e-50
L128_g0p25,128,2.0,g,0.25,L128_g0p25,L128_g0p25_translated_t46p305,translated,0.5,1.0,open,0.25,46.305,0.3617578125,0.005,9261,"['charge_density_wave', 'block_cell8', 'block_cell24']","[['charge_density_wave', 'block_cell8'], ['charge_density_wave', 'block_cell24'], ['block_cell8', 'block_cell24']]",['block_cell8'],new_time_validation,"[200, 240, 280, 320]",block_cell8,4.0,0.046190345882740076,0.04614114992894983,1.7838119588682932e-09,2.7315003041492943e-09,1.7838119588682932e-09,2.660946101293507e-09,0.97417016474477,8.0,7.693778738920219e-241,0.196012742727235,2.218916301777199e-40,2.413941474011683e-06,0.045302792743980046,0.046141148145137874,0.04614115171276179,0.015222167302406086,0.015226995185354109,0.9372488167136908,4.248406892642379,0.6616652254015207,1.3444709862965022e-139,True,True,False,2.0,0.046177315398092264,0.04612816102340943,1.403362281525141e-05,2.148605017270532e-05,1.403362281525141e-05,2.0931220616544195e-05,0.974177219558672,4.0,9.331124423416131e-241,0.04612816102340943,0.046177315398092264,0.9999999999982235,0.002132344513580479,1.1984967886082543e-13,0.04612816102340325,0.045302792743983696,0.19600537084706485,2.218916301777199e-40,0.010934143373101538,0.046114127400594174,0.046142194646224675,0.004283066785830115,0.02615135353203319,1.3486190654496857e-139,False,True,False,240,0.04614115132999809,1.5430760543557487e-59,7.590928259198009e-54,0.1807881606881332,0.015224582039101812,True,2.396238975226879,0.7057432811707258,True,True,False,False,False,False,0.000838358586018044,1.2990306588661626e-05
L128_g0p25,128,2.0,g,0.25,L128_g0p25,L128_g0p25_translated_t46p305,translated,0.5,1.0,open,0.25,46.305,0.3617578125,0.005,9261,"['charge_density_wave', 'block_cell8', 'block_cell24']","[['charge_density_wave', 'block_cell8'], ['charge_density_wave', 'block_cell24'], ['block_cell8', 'block_cell24']]",['block_cell8'],new_time_validation,"[200, 240, 280, 320]",block_cell24,8.0,4674883660.816973,1.0,1.1836697521203948e-09,1.0994141800799036e-08,1.1836697521203948e-09,7.1708108943729685e-09,0.6522392583522804,16.0,8.038137977379854e-241,0.20011346066822572,2.218916301777199e-40,1.6328692992508187e-06,1.0,0.9999999988163303,1.0,0.019323667109367317,0.019326932847965817,0.9459490831941366,7.726061159744859,0.6773904655128717,3.262081834854338e-141,True,False,True,2.0,4674089931.360468,1.0,1.0,1.0,1.0,1240441.643525826,0.6536204025422844,4.0,2.1756057303013154e-241,1.0,4674089931.360468,0.9999999999924241,2.1847116715050988e+19,6.2495167172469636e+29,1.0,1.0,0.18078816156991687,2.218916301777199e-40,44.3614195558365,0.0,1.0,0.0,44.36141955671828,1.140720759565827e-105,False,False,False,240,1.0,5.528212578209442e-72,7.590928259198009e-54,0.1807881606881332,0.019325299980092518,False,2.4100908003747463,0.7171072084456682,False,True,False,False,False,False,0.0,0.0
L128_g0p25,128,2.0,g,0.25,L128_g0p25,L128_g0p25_translated_t55p705,translated,0.5,1.0,open,0.25,55.705,0.4351953125,0.005,11141,"['charge_density_wave', 'block_cell8', 'block_cell24']","[['charge_density_wave', 'block_cell8'], ['charge_density_wave', 'block_cell24'], ['block_cell8', 'block_cell24']]",['block_cell24'],new_time_validation,"[200, 240, 280, 320]",charge_density_wave,0.0,0.0,0.0,1.4195734749599263e-64,2.1774105230580038e-64,1.4195734749599263e-64,2.1774105230580038e-64,1.0,0.0,0.0,0.1807881606881332,3.479620864065065e-51,2.6096581124222506e-47,2.7394400284992433e-61,0.0,3.479620864065207e-51,0.0,2.6096581124222506e-47,0.961450632661581,0.9130000751465559,0.6636698879301548,1.1790275532399337e-197,True,True,False,2.0,5.766092908034687e-61,5.766092908034687e-61,5.766117025348259e-61,8.77053714720225e-61,5.766117025348259e-61,8.77053714720225e-61,1.0,4.0,6.78998425280945e-269,5.766092908034687e-61,5.766092908034687e-61,1.0,3.3248116938425264e-121,9.625722724856686e-247,5.766092908034687e-61,8.488517815689654e-61,0.1807881606881332,3.479620864065065e-51,2.6096581129376743e-47,0.0,3.4796208652182865e-51,0.0,2.6096581129376743e-47,2.3610109822121435e-197,True,True,False,240,7.973200686616498e-65,0.8804135534357681,1.4873852610284619e-64,0.1807881606881332,2.100681188301351e-66,True,2.400770166888833,0.7066480498760939,True,True,False,False,False,False,2.7386427084305817e-61,5.7652955879660254e-61
L128_g0p25,128,2.0,g,0.25,L128_g0p25,L128_g0p25_translated_t55p705,translated,0.5,1.0,open,0.25,55.705,0.4351953125,0.005,11141,"['charge_density_wave', 'block_cell8', 'block_cell24']","[['charge_density_wave', 'block_cell8'], ['charge_density_wave', 'block_cell24'], ['block_cell8', 'block_cell24']]",['block_cell24'],new_time_validation,"[200, 240, 280, 320]",block_cell8,0.0,0.0,0.0,7.682163453443039e-13,1.176073243946854e-12,7.682163453443039e-13,1.176073243946854e-12,1.0,0.0,0.0,0.1807881606881332,3.479620864065065e-51,1.420632619280515e-09,7.540582921414481e-13,0.0,7.682163453443039e-13,0.0,1.420632619280515e-09,1.0173193719238043,0.9860773328691721,0.656633522361517,4.003479243576622e-147,True,True,False,2.0,7.679930323038625e-13,7.679930323038625e-13,2.3179981418333936e-16,3.5494230750976445e-16,2.3179981418333936e-16,3.5494230750960644e-16,0.9999999999995549,4.0,1.0653684510987525e-245,7.679930323038625e-13,7.679930323038625e-13,1.0,5.898133058938447e-25,4.852136300739361e-57,7.679930323038625e-13,7.540582921414481e-13,0.1807881606881332,3.479620864065065e-51,5.489117147841623e-13,7.677612324896791e-13,7.682248321180459e-13,0.0,5.48911714990586e-13,2.2425187661624328e-150,True,True,False,240,7.682163392411442e-13,1.5430760543582468e-59,1.4873852610284619e-64,0.1807881606881332,2.071097701940292e-22,True,2.403706157580018,0.7112336996942759,True,True,False,False,False,False,1.4158047099696157e-14,2.2330693728173583e-16
L128_g0p25,128,2.0,g,0.25,L128_g0p25,L128_g0p25_translated_t55p705,translated,0.5,1.0,open,0.25,55.705,0.4351953125,0.005,11141,"['charge_density_wave', 'block_cell8', 'block_cell24']","[['charge_density_wave', 'block_cell8'], ['charge_density_wave', 'block_cell24'], ['block_cell8', 'block_cell24']]",['block_cell24'],new_time_validation,"[200, 240, 280, 320]",block_cell24,4.0,0.057444078394536906,0.05734953469242851,7.571513199919282e-10,1.161531467667537e-09,7.571513199919282e-10,1.1244392521744253e-09,0.9680661122616021,8.0,6.072407399492694e-241,0.20287534785875266,3.479620864065065e-51,1.066139709260439e-06,0.056518387722067534,0.05734953393527719,0.05734953544957983,0.022086120583221822,0.022088252862640344,0.9559472817927599,4.672648416832089,0.6738990917801857,5.151370551834579e-137,True,False,True,2.0,0.05743394694212603,0.05733945317317664,1.0621770952930933e-05,1.6293070671002716e-05,1.0621770952930933e-05,1.577285753806912e-05,0.9680715106784976,4.0,4.021556612210337e-241,0.05733945317317664,0.05743394694212603,1.0,0.0032986582630914496,5.741321595148944e-15,0.05733945317317664,0.056518387722067534,0.2028687405822494,3.479620864065065e-51,0.008465194210438945,0.05732883140222371,0.057350074944129574,0.013615385683677265,0.030545774104555154,5.176153530771955e-137,False,False,True,240,0.057349535375526235,5.528212578247532e-72,1.4873852610284619e-64,0.1807881606881332,0.022087187170619468,False,2.4382998421788216,0.7162122242152691,False,True,False,False,False,False,0.0008311476534587012,1.0082202349596947e-05
L128_g0p25,128,2.0,g,0.25,L128_g0p25,L128_g0p25_translated_t55p725,translated,0.5,1.0,open,0.25,55.725,0.4353515625,0.005,11145,"['charge_density_wave', 'block_cell8', 'block_cell24']","[['charge_density_wave', 'block_cell8'], ['charge_density_wave', 'block_cell24'], ['block_cell8', 'block_cell24']]",['block_cell24'],new_time_validation,"[200, 240, 280, 320]",charge_density_wave,0.0,0.0,0.0,1.346873738548672e-64,2.0659013375183712e-64,1.346873738548672e-64,2.0659013375183712e-64,1.0,0.0,0.0,0.1807881606881332,3.300223834379804e-51,2.4762313282527396e-47,2.5982041228323427e-61,0.0,3.3002238343799385e-51,0.0,2.4762313282527396e-47,0.9576759524643421,0.9660480413585901,0.663358137011528,1.1773784960506696e-197,True,True,False,2.0,5.468379248149844e-61,5.468379248149844e-61,5.468402124244177e-61,8.317698363668865e-61,5.468402124244177e-61,8.317698363668865e-61,1.0,4.0,1.635048585250441e-268,5.468379248149844e-61,5.468379248149844e-61,1.0,2.9903432046034945e-121,7.788114754854042e-247,5.468379248149844e-61,8.0504450798988e-61,0.1807881606881332,3.300223834379804e-51,2.476231328741736e-47,0.0,3.300223835473482e-51,0.0,2.476231328741736e-47,3.255729348222941e-197,True,True,False,240,7.565679359083618e-65,0.8804135534357681,1.4113692091091693e-64,0.1807881606881332,1.9920595314761008e-66,True,2.4303596280515194,0.6957453973591328,True,True,False,False,False,False,2.5974475548964343e-61,5.467622680213936e-61
L128_g0p25,128,2.0,g,0.25,L128_g0p25,L128_g0p25_translated_t55p725,translated,0.5,1.0,open,0.25,55.725,0.4353515625,0.005,11145,"['charge_density_wave', 'block_cell8', 'block_cell24']","[['charge_density_wave', 'block_cell8'], ['charge_density_wave', 'block_cell24'], ['block_cell8', 'block_cell24']]",['block_cell24'],new_time_validation,"[200, 240, 280, 320]",block_cell8,0.0,0.0,0.0,7.287376430100365e-13,1.1156370235905402e-12,7.287376430100365e-13,1.1156370235905402e-12,1.0,0.0,0.0,0.1807881606881332,3.300223834379804e-51,1.3500867632836792e-09,7.153069107801349e-13,0.0,7.287376430100365e-13,0.0,1.3500867632836792e-09,0.9456691518425941,0.8828808926045895,0.6637464035302401,3.804921608026383e-147,True,True,False,2.0,7.285257958057805e-13,7.285257958057805e-13,2.1989411325797804e-16,3.367123854154528e-16,2.1989411325797804e-16,3.3671238541531063e-16,0.9999999999995778,4.0,1.7479732189077439e-245,7.285257958057805e-13,7.285257958057805e-13,1.0,5.307498425484342e-25,3.9243580812769855e-57,7.285257958057805e-13,7.153069107801349e-13,0.1807881606881332,3.300223834379804e-51,5.214605669129276e-13,7.283059016925225e-13,7.287456899190385e-13,0.0,5.21460567112658e-13,2.127274856051237e-150,True,True,False,240,7.287376372273938e-13,1.5430760543582468e-59,1.4113692091091693e-64,0.1807881606881332,2.0038808366542798e-22,True,2.4512608256191015,0.7141081094741821,True,True,False,False,False,False,1.3430726447258897e-14,2.1184142161330856e-16
L128_g0p25,128,2.0,g,0.25,L128_g0p25,L128_g0p25_translated_t55p725,translated,0.5,1.0,open,0.25,55.725,0.4353515625,0.005,11145,"['charge_density_wave', 'block_cell8', 'block_cell24']","[['charge_density_wave', 'block_cell8'], ['charge_density_wave', 'block_cell24'], ['block_cell8', 'block_cell24']]",['block_cell24'],new_time_validation,"[200, 240, 280, 320]",block_cell24,4.0,0.05445876827906272,0.054378191714077456,7.168149142168188e-10,1.0994925882065162e-09,7.168149142168188e-10,1.0661326761170652e-09,0.9696588113032508,8.0,5.3276586116031516e-241,0.20096103968410128,3.300223834379804e-51,1.0118537972570256e-06,0.05358982712196701,0.054378190997262536,0.05437819243089237,0.020171866731953432,0.020173890439547947,1.0180134326219559,4.396544581279159,0.6713111568242311,4.886027086576467e-137,True,False,True,2.0,0.05444916272548495,0.054368628726763436,1.0055414374420865e-05,1.5421865542970975e-05,1.0055414374420865e-05,1.495402710273801e-05,0.9696639528512685,4.0,1.634059079435101e-241,0.054368628726763436,0.05444916272548495,1.0,0.0029647113230679176,4.6296264240171354e-15,0.054368628726763436,0.05358982712196701,0.2009549859615924,3.300223834379804e-51,0.008049090073691373,0.05435857331238902,0.05437868414113786,0.012117735199767825,0.02821591534715057,4.907152185173124e-137,False,False,True,240,0.05437819236209749,5.528212578247532e-72,1.4113692091091693e-64,0.1807881606881332,0.020172878995968105,False,2.476757815107703,0.7118790037930012,False,True,False,False,False,False,0.0007883652401304772,9.563635334053355e-06
L128_g0p25,128,2.0,g,0.25,L128_g0p25,L128_g0p25_translated_t55p745,translated,0.5,1.0,open,0.25,55.745,0.4355078125,0.005,11149,"['charge_density_wave', 'block_cell8', 'block_cell24']","[['charge_density_wave', 'block_cell8'], ['charge_density_wave', 'block_cell24'], ['block_cell8', 'block_cell24']]",['block_cell24'],new_time_validation,"[200, 240, 280, 320]",charge_density_wave,0.0,0.0,0.0,1.2778971674144946e-64,1.9601028003463524e-64,1.2778971674144946e-64,1.9601028003463524e-64,1.0,0.0,0.0,0.1807881606881332,3.130075885418324e-51,2.349625919142446e-47,2.4642498443746633e-61,0.0,3.1300758854184523e-51,0.0,2.349625919142446e-47,0.962162921205163,0.8877175208181143,0.6553874928504229,1.1775135054995745e-197,True,True,False,2.0,5.186037065054764e-61,5.186037065054764e-61,5.186058763810455e-61,7.88824045423741e-61,5.186058763810455e-61,7.88824045423741e-61,1.0,4.0,1.209992948774644e-268,5.186037065054764e-61,5.186037065054764e-61,1.0,2.6895214733548363e-121,6.301317123767275e-247,5.186037065054764e-61,7.63498026294727e-61,0.1807881606881332,3.130075885418324e-51,2.349625919606371e-47,0.0,3.130075886455534e-51,0.0,2.349625919606371e-47,2.424431454035123e-197,True,True,False,240,7.178986982892077e-65,0.8804135534357681,1.3392381207510867e-64,0.1807881606881332,1.8890545836111275e-66,True,2.418557032942772,0.693525368347764,True,True,False,False,False,False,2.4635319456763742e-61,5.185319166356475e-61
L128_g0p25,128,2.0,g,0.25,L128_g0p25,L128_g0p25_translated_t55p745,translated,0.5,1.0,open,0.25,55.745,0.4355078125,0.005,11149,"['charge_density_wave', 'block_cell8', 'block_cell24']","[['charge_density_wave', 'block_cell8'], ['charge_density_wave', 'block_cell24'], ['block_cell8', 'block_cell24']]",['block_cell24'],new_time_validation,"[200, 240, 280, 320]",block_cell8,0.0,0.0,0.0,6.912878774424681e-13,1.058306694618797e-12,6.912878774424681e-13,1.058306694618797e-12,1.0,0.0,0.0,0.1807881606881332,3.130075885418324e-51,1.2830400359900924e-09,6.785471005820897e-13,0.0,6.912878774424681e-13,0.0,1.2830400359900924e-09,1.0070154182612896,0.9023018386214972,0.6613310780376196,3.6161994252100913e-147,True,True,False,2.0,6.910869073440024e-13,6.910869073440024e-13,2.0859994362473455e-16,3.194188030488627e-16,2.0859994362473455e-16,3.1941880304873474e-16,0.9999999999995994,4.0,1.1404632174633194e-245,6.910869073440024e-13,6.910869073440024e-13,1.0,4.776011201479789e-25,3.173984748775139e-57,6.910869073440024e-13,6.785471005820897e-13,0.1807881606881332,3.130075885418324e-51,4.953813224769866e-13,6.908783074003776e-13,6.912955072876271e-13,0.0,4.953813226701135e-13,2.0179537347841637e-150,True,True,False,240,6.912878719635036e-13,1.5430760543582468e-59,1.3392381207510867e-64,0.1807881606881332,1.9375744718834398e-22,True,2.4426933024078608,0.708293505012989,True,True,False,False,False,False,1.2740771381413943e-14,2.0096461950127106e-16
L128_g0p25,128,2.0,g,0.25,L128_g0p25,L128_g0p25_translated_t55p745,translated,0.5,1.0,open,0.25,55.745,0.4355078125,0.005,11149,"['charge_density_wave', 'block_cell8', 'block_cell24']","[['charge_density_wave', 'block_cell8'], ['charge_density_wave', 'block_cell24'], ['block_cell8', 'block_cell24']]",['block_cell24'],new_time_validation,"[200, 240, 280, 320]",block_cell24,2.0,0.051619510059040544,0.051550875193105014,9.519875238168421e-06,1.4598430834544938e-05,9.519875238168421e-06,1.4177708900223391e-05,0.9711803317020913,4.0,1.9276266309280913e-241,0.1992075844838906,3.130075885418324e-51,0.007653750638432406,0.05081219843732642,0.05154135531786685,0.05156039506834318,0.010760128847665558,0.02606763012453037,0.9326800350099802,3.2180581651628017,0.6607068050652742,4.634125645767852e-137,True,False,True,2.0,0.051619510059040544,0.051550875193105014,9.519875238168421e-06,1.4598430834544938e-05,9.519875238168421e-06,1.4177708900223391e-05,0.9711803317020913,4.0,1.9276266309280913e-241,0.051550875193105014,0.051619510059040544,1.0,0.002664573820136436,3.733196320384144e-15,0.051550875193105014,0.05081219843732642,0.19920204017423115,3.130075885418324e-51,0.007653750638432406,0.05154135531786685,0.05156039506834318,0.010760128847665558,0.02606763012453037,4.6521320479901e-137,True,False,True,240,0.05155994647817281,5.528212578247532e-72,1.3392381207510867e-64,0.1807881606881332,0.018419423795757395,False,2.457046953961253,0.7103755380958319,False,True,False,False,False,False,0.0007477480408463882,9.071285067795143e-06
L128_g0p25,128,2.0,g,0.25,L128_g0p25,L128_g0p25_translated_t55p765,translated,0.5,1.0,open,0.25,55.765,0.4356640625,0.005,11153,"['charge_density_wave', 'block_cell8', 'block_cell24']","[['charge_density_wave', 'block_cell8'], ['charge_density_wave', 'block_cell24'], ['block_cell8', 'block_cell24']]",['block_cell24'],new_time_validation,"[200, 240, 280, 320]",charge_density_wave,0.0,0.0,0.0,1.2124530854038621e-64,1.85972245273012e-64,1.2124530854038621e-64,1.85972245273012e-64,1.0,0.0,0.0,0.1807881606881332,2.968700167065633e-51,2.229493170734867e-47,2.337201778003799e-61,0.0,2.9687001670657545e-51,0.0,2.229493170734867e-47,0.960067018866539,0.8878111112862825,0.6614720672369003,1.1779763038521701e-197,True,True,False,2.0,4.9182727030629734e-61,4.9182727030629734e-61,4.918293285072933e-61,7.480956223491482e-61,4.918293285072933e-61,7.480956223491482e-61,1.0,4.0,1.408548449514018e-268,4.9182727030629734e-61,4.9182727030629734e-61,1.0,2.4189617149910907e-121,5.0983580422380194e-247,4.9182727030629734e-61,7.240956622528397e-61,0.1807881606881332,2.968700167065633e-51,2.2294931711750055e-47,0.0,2.9687001680492894e-51,0.0,2.2294931711750055e-47,1.6934363501538926e-197,True,True,False,240,6.81205896435285e-65,0.8804135534357681,1.2707934466386387e-64,0.1807881606881332,1.7913759044847555e-66,True,2.4925470277667046,0.7227342333644629,True,True,False,False,False,False,2.3365205721073635e-61,4.917591497166538e-61
L128_g0p25,128,2.0,g,0.25,L128_g0p25,L128_g0p25_translated_t55p765,translated,0.5,1.0,open,0.25,55.765,0.4356640625,0.005,11153,"['charge_density_wave', 'block_cell8', 'block_cell24']","[['charge_density_wave', 'block_cell8'], ['charge_density_wave', 'block_cell24'], ['block_cell8', 'block_cell24']]",['block_cell24'],new_time_validation,"[200, 240, 280, 320]",block_cell8,0.0,0.0,0.0,6.557627686528414e-13,1.0039226317157412e-12,6.557627686528414e-13,1.0039226317157412e-12,1.0,0.0,0.0,0.1807881606881332,2.968700167065633e-51,1.2193190934285962e-09,6.436765012950773e-13,0.0,6.557627686528414e-13,0.0,1.2193190934285962e-09,0.9482507649809122,0.9482748154550791,0.6569392569363117,3.4368261557199313e-147,True,True,False,2.0,6.55572117160357e-13,6.55572117160357e-13,1.9788589263091482e-16,3.030134649528975e-16,1.9788589263091482e-16,3.0301346495278237e-16,0.9999999999996201,4.0,1.205763974865002e-245,6.55572117160357e-13,6.55572117160357e-13,1.0,4.29774806771225e-25,2.5670930687842075e-57,6.55572117160357e-13,6.436765012950773e-13,0.1807881606881332,2.968700167065633e-51,4.706054682891387e-13,6.553742312677261e-13,6.557700030529879e-13,0.0,4.70605468475767e-13,1.9142509906306274e-150,True,True,False,240,6.557627634616015e-13,1.5430760543582468e-59,1.2707934466386387e-64,0.1807881606881332,1.8723263183449577e-22,True,2.5169074777513742,0.7301953043788671,True,True,False,False,False,False,1.2086262166524201e-14,1.9064630124451715e-16
L128_g0p25,128,2.0,g,0.25,L128_g0p25,L128_g0p25_translated_t55p765,translated,0.5,1.0,open,0.25,55.765,0.4356640625,0.005,11153,"['charge_density_wave', 'block_cell8', 'block_cell24']","[['charge_density_wave', 'block_cell8'], ['charge_density_wave', 'block_cell24'], ['block_cell8', 'block_cell24']]",['block_cell24'],new_time_validation,"[200, 240, 280, 320]",block_cell24,2.0,0.0489369253039368,0.04887843271376018,9.013425360518472e-06,1.3820033761146353e-05,9.013425360518472e-06,1.3441695582507367e-05,0.9726239323884543,4.0,4.1520070947435696e-241,0.19760209849622334,2.968700167065633e-51,0.007278112183944558,0.04817784464318734,0.04886941928839966,0.048887446139120695,0.009530749811968744,0.024086974179857862,0.9440289456397295,3.1850668117403984,0.6663760710507631,4.395018798791671e-137,True,True,False,2.0,0.0489369253039368,0.04887843271376018,9.013425360518472e-06,1.3820033761146353e-05,9.013425360518472e-06,1.3441695582507367e-05,0.9726239323884543,4.0,4.1520070947435696e-241,0.04887843271376018,0.0489369253039368,1.0,0.002394822659460113,3.0103467014546634e-15,0.04887843271376018,0.04817784464318734,0.1975970226840465,2.968700167065633e-51,0.007278112183944558,0.04886941928839966,0.048887446139120695,0.009530749811968744,0.024086974179857862,4.410366379748122e-137,True,True,False,240,0.048887036607457114,5.528212578247532e-72,1.2707934466386387e-64,0.1807881606881332,0.01681393780809016,True,2.5329674687236547,0.730086475610733,True,True,False,False,False,False,0.000709191964269773,8.60389369693182e-06
L128_g0p25,128,2.0,g,0.25,L128_g0p25,L128_g0p25_translated_t55p785,translated,0.5,1.0,open,0.25,55.785,0.4358203125,0.005,11157,"['charge_density_wave', 'block_cell8', 'block_cell24']","[['charge_density_wave', 'block_cell8'], ['charge_density_wave', 'block_cell24'], ['block_cell8', 'block_cell24']]",['block_cell24'],new_time_validation,"[200, 240, 280, 320]",charge_density_wave,0.0,0.0,0.0,1.1503605816523673e-64,1.7644828136771783e-64,1.1503605816523673e-64,1.7644828136771783e-64,1.0,0.0,0.0,0.1807881606881332,2.8156444139237426e-51,2.115502193946248e-47,2.2167038636824202e-61,0.0,2.815644413923858e-51,0.0,2.115502193946248e-47,1.0284208096563816,0.8794920649379492,0.6564344651997089,1.1754562142047742e-197,True,True,False,2.0,4.664333484263434e-61,4.664333484263434e-61,4.6643530070020936e-61,7.094700805582974e-61,4.6643530070020936e-61,7.094700805582974e-61,1.0,4.0,5.381757720320844e-269,4.664333484263434e-61,4.664333484263434e-61,1.0,2.1756196457575337e-121,4.1250510355703044e-247,4.664333484263434e-61,6.867267629202509e-61,0.1807881606881332,2.8156444139237426e-51,2.1155021943638193e-47,0.0,2.815644414856611e-51,0.0,2.1155021943638193e-47,4.228619655013115e-198,True,True,False,240,6.46388512241606e-65,0.8804135534357681,1.2058467847362487e-64,0.1807881606881332,1.6987480728768348e-66,True,2.4282336439937353,0.7087297104299068,True,True,False,False,False,False,2.2160574751701788e-61,4.6636870957511925e-61
L128_g0p25,128,2.0,g,0.25,L128_g0p25,L128_g0p25_translated_t55p785,translated,0.5,1.0,open,0.25,55.785,0.4358203125,0.005,11157,"['charge_density_wave', 'block_cell8', 'block_cell24']","[['charge_density_wave', 'block_cell8'], ['charge_density_wave', 'block_cell24'], ['block_cell8', 'block_cell24']]",['block_cell24'],new_time_validation,"[200, 240, 280, 320]",block_cell8,0.0,0.0,0.0,6.220633966028651e-13,9.52333413918196e-13,6.220633966028651e-13,9.52333413918196e-13,1.0,0.0,0.0,0.1807881606881332,2.8156444139237426e-51,1.1587591674407692e-09,6.105980139813351e-13,0.0,6.220633966028651e-13,0.0,1.1587591674407692e-09,0.9417962767183781,0.9433933924883604,0.6673976648598909,3.266339293236921e-147,True,True,False,2.0,6.218825338947651e-13,6.218825338947651e-13,1.877221612879457e-16,2.874507462396224e-16,1.877221612879457e-16,2.874507462395188e-16,0.9999999999996395,4.0,5.839162955102745e-246,6.218825338947651e-13,6.218825338947651e-13,1.0,3.867378913319885e-25,2.076246737279685e-57,6.218825338947651e-13,6.105980139813351e-13,0.1807881606881332,2.8156444139237426e-51,4.4706791011749076e-13,6.216948117334772e-13,6.22070256056053e-13,0.0,4.470679102977375e-13,1.8158778586014875e-150,True,True,False,240,6.220633916842346e-13,1.5430760543582468e-59,1.2058467847362487e-64,0.1807881606881332,1.8082597210476753e-22,True,2.4869030602276325,0.7159425429999828,True,True,False,False,False,False,1.1465377702899496e-14,1.808577894694476e-16
L128_g0p25,128,2.0,g,0.25,L128_g0p25,L128_g0p25_translated_t55p785,translated,0.5,1.0,open,0.25,55.785,0.4358203125,0.005,11157,"['charge_density_wave', 'block_cell8', 'block_cell24']","[['charge_density_wave', 'block_cell8'], ['charge_density_wave', 'block_cell24'], ['block_cell8', 'block_cell24']]",['block_cell24'],new_time_validation,"[200, 240, 280, 320]",block_cell24,2.0,0.04639376400714924,0.046343915925849674,8.53443696906878e-06,1.3084108250983324e-05,8.53443696906878e-06,1.2743894422861167e-05,0.9739979353887883,4.0,2.688877573696804e-241,0.19613264698189448,2.8156444139237426e-51,0.006921167243964978,0.04567947907970736,0.046335381488880605,0.046352450362818744,0.008418673851144167,0.022261008339074125,0.9412173423916101,3.128965597599745,0.6665411554276943,4.168085268790609e-137,True,True,False,2.0,0.04639376400714924,0.046343915925849674,8.53443696906878e-06,1.3084108250983324e-05,8.53443696906878e-06,1.2743894422861167e-05,0.9739979353887883,4.0,2.688877573696804e-241,0.046343915925849674,0.04639376400714924,1.0,0.0021523813398788604,2.4274651764047132e-15,0.046343915925849674,0.04567947907970736,0.19612800178324233,2.8156444139237426e-51,0.006921167243964978,0.046335381488880605,0.046352450362818744,0.008418673851144167,0.022261008339074125,4.181166220578267e-137,True,True,False,240,0.046352076179434924,5.528212578247532e-72,1.2058467847362487e-64,0.1807881606881332,0.015344486293761292,True,2.509337054565549,0.7204997465014458,True,True,False,False,False,False,0.0006725970997275635,8.160253585250132e-06
L144_gL0,144,2.0,gL,0,L144_gL0,L144_gL0_edge_t75p045,edge,0.5,1.0,open,0.0,75.045,0.5211458333333333333333333333,0.005,15009,"['charge_density_wave', 'left', 'right']","[['charge_density_wave', 'left'], ['charge_density_wave', 'right'], ['left', 'right']]",['left'],new_time_validation,"[200, 240, 280, 320]",charge_density_wave,0.0,0.0,0.0,2.61972520805691e-87,3.9545492615418416e-87,2.61972520805691e-87,3.9545492615418416e-87,1.0,0.0,0.0,0.25494570375163744,8.449238440969742e-87,1.58969069069669e-82,1.6690492523221521e-87,0.0,1.1068963649026653e-86,0.0,1.58969069069669e-82,1.336206827312708,1.301762480288744,0.9179597832262516,3.5074527940058984e-197,True,True,False,2.0,1.6690492523221521e-87,1.6690492523221521e-87,1.4339119662501208e-87,2.1597962993460726e-87,1.4339119662501208e-87,2.1597962993460726e-87,1.0,4.0,1.9344204078209223e-284,1.6690492523221521e-87,1.6690492523221521e-87,1.0,4.806856638773533e-174,0.0,1.6690492523221521e-87,1.6690492523221521e-87,0.25494570375163744,8.449238440969742e-87,1.4192468549086728e-82,0.0,1.1552199659542015e-86,0.0,1.4192475456917404e-82,1.936344549110718e-197,True,True,False,240,1.1042697224898627e-87,0.9114867029725592,2.447009201083655e-87,0.25494570375163744,9.251955908826277e-89,True,3.3280303087085485,0.9553930573165417,True,True,False,False,False,False,5.647795298322894e-88,5.647795298322894e-88
L144_gL0,144,2.0,gL,0,L144_gL0,L144_gL0_edge_t75p045,edge,0.5,1.0,open,0.0,75.045,0.5211458333333333333333333333,0.005,15009,"['charge_density_wave', 'left', 'right']","[['charge_density_wave', 'left'], ['charge_density_wave', 'right'], ['left', 'right']]",['left'],new_time_validation,"[200, 240, 280, 320]",left,4.0,0.05620076525447644,0.05611221916613118,1.7190230654865535e-08,2.579259293603837e-08,1.7190230654865535e-08,2.501931394727053e-08,0.9700193388588169,8.0,1.6289031221305198e-241,0.2762276903583153,8.449238440969742e-87,2.336638091302496e-05,0.054423153176519544,0.05611220197590053,0.05611223635636183,0.021258609608469245,0.021305342370295296,1.3085958287119865,6.061296820640564,0.9083170015364885,5.97102596036434e-106,True,False,True,2.0,0.056156862444706246,0.05606852337923149,4.532319853770635e-05,6.794035981473945e-05,4.532319853770635e-05,6.59049901189527e-05,0.9700418175391357,4.0,1.466491448996499e-241,0.05606852337923149,0.056156862444706246,1.0,0.003153593200606962,3.069402291598034e-15,0.05606852337923149,0.054423153176519544,0.2761994529083331,8.449238440969742e-87,0.03590141926672125,0.05602320018069379,0.056113846577769196,0.0,0.0571551684234169,5.997651688520848e-106,False,False,True,240,0.056112235597763516,3.8524714353470924e-98,2.447009201083655e-87,0.25494570375163744,0.021281986606677846,False,3.353284703567624,0.955361895263195,False,True,False,False,False,False,0.0016890824212439717,4.3712218532027114e-05
L144_gL0,144,2.0,gL,0,L144_gL0,L144_gL0_edge_t75p045,edge,0.5,1.0,open,0.0,75.045,0.5211458333333333333333333333,0.005,15009,"['charge_density_wave', 'left', 'right']","[['charge_density_wave', 'left'], ['charge_density_wave', 'right'], ['left', 'right']]",['left'],new_time_validation,"[200, 240, 280, 320]",right,4.0,0.2832376100168373,0.27251731528317774,1.8413063941184463e-07,2.865007717014104e-07,1.8413063941184463e-07,2.501443253822124e-07,0.8731017508145197,8.0,8.517192647161834e-241,0.5194816540712898,8.449238440969742e-87,0.00021884822426883498,0.26254587859073975,0.2725171311525383,0.27251749941381714,0.2643168995670322,0.26475459601556983,1.3673618249595165,5.9724330175668,0.9820025935769081,1.9272168240681056e-102,True,False,True,2.0,0.28290997678987817,0.2722254560566121,0.0003622308317619758,0.000562951368690714,0.0003622308317619758,0.0004915783320499526,0.8732163369515249,4.0,2.689919312615902e-241,0.2722254560566121,0.28290997678987817,1.0,0.08003805499253087,2.0234789566624487e-12,0.2722254560566121,0.26254587859073975,0.5190801499822322,8.449238440969742e-87,0.23271861673740704,0.27186322522485007,0.27258768688837404,0.03141582949318762,0.4968530629680017,1.9724746875472244e-102,False,False,True,240,0.2725174625666814,1.671414048236573e-102,2.447009201083655e-87,0.25494570375163744,0.2645359503196523,False,3.34887689165771,0.9732084292918444,False,False,False,False,False,False,0.009971583975941667,0.0002920065100693314
L144_gL0,144,2.0,gL,0,L144_gL0,L144_gL0_edge_t75p065,edge,0.5,1.0,open,0.0,75.065,0.5212847222222222222222222222,0.005,15013,"['charge_density_wave', 'left', 'right']","[['charge_density_wave', 'left'], ['charge_density_wave', 'right'], ['left', 'right']]",['left'],new_time_validation,"[200, 240, 280, 320]",charge_density_wave,0.0,0.0,0.0,2.484502597554943e-87,3.7504282728059375e-87,2.484502597554943e-87,3.7504282728059375e-87,1.0,0.0,0.0,0.25494570375163744,8.01365555136353e-87,1.5081134393314857e-82,1.583004894442943e-87,0.0,1.0498158148918473e-86,0.0,1.5081134393314857e-82,1.419847471639514,1.2873262893408537,0.9170110318809748,3.5074527940058984e-197,True,True,False,2.0,1.583004894442943e-87,1.583004894442943e-87,1.3597395351468228e-87,2.0480767390185075e-87,1.3597395351468228e-87,2.0480767390185075e-87,1.0,4.0,4.992663161942394e-284,1.583004894442943e-87,1.583004894442943e-87,1.0,4.323861553815962e-174,0.0,1.583004894442943e-87,1.583004894442943e-87,0.25494570375163744,8.01365555136353e-87,1.3464017447789662e-82,0.0,1.0956399980953295e-86,0.0,1.346402399950178e-82,2.128736861496619e-197,True,True,False,240,1.0473413969387166e-87,0.9114867029725592,2.3208587383943016e-87,0.25494570375163744,8.773945025252921e-89,True,3.256983207538724,0.9363870080560446,True,True,False,False,False,False,5.356634975042264e-88,5.356634975042264e-88
L144_gL0,144,2.0,gL,0,L144_gL0,L144_gL0_edge_t75p065,edge,0.5,1.0,open,0.0,75.065,0.5212847222222222222222222222,0.005,15013,"['charge_density_wave', 'left', 'right']","[['charge_density_wave', 'left'], ['charge_density_wave', 'right'], ['left', 'right']]",['left'],new_time_validation,"[200, 240, 280, 320]",left,4.0,0.053273045947291695,0.05319761155613211,1.6273666928288527e-08,2.44135768577018e-08,1.6273666928288527e-08,2.3718252524328368e-08,0.9715189487625581,8.0,2.998758334948859e-241,0.27437658678313287,8.01365555136353e-87,2.218471294864913e-05,0.051595753184435815,0.053197595282465183,0.05319762782979904,0.019408688594136372,0.01945305802003367,1.3195793610066175,6.142996704205871,0.9153949413448572,5.662520275954879e-106,True,False,True,2.0,0.053231428206226096,0.05315617021905183,4.2904518526479927e-05,6.43049391660928e-05,4.2904518526479927e-05,6.247484332820985e-05,0.9715403534842634,4.0,2.5789412777302612e-241,0.05315617021905183,0.053231428206226096,1.0,0.002833584949747806,2.4742944769546405e-15,0.05315617021905183,0.051595753184435815,0.27435072550108913,8.01365555136353e-87,0.03415495119426276,0.053113265700525346,0.0531990747375783,0.0,0.05355997294371446,5.685206267354531e-106,False,False,True,240,0.05319762714083684,3.8524714353470924e-98,2.3208587383943016e-87,0.25494570375163744,0.019430883031495413,False,3.2842787448316813,0.9380103051662445,False,True,False,False,False,False,0.0016018739564010245,4.145692178501165e-05
L144_gL0,144,2.0,gL,0,L144_gL0,L144_gL0_edge_t75p065,edge,0.5,1.0,open,0.0,75.065,0.5212847222222222222222222222,0.005,15013,"['charge_density_wave', 'left', 'right']","[['charge_density_wave', 'left'], ['charge_density_wave', 'right'], ['left', 'right']]",['left'],new_time_validation,"[200, 240, 280, 320]",right,4.0,0.2684798036207799,0.25929714789077646,1.741659617687105e-07,2.699847473182692e-07,1.741659617687105e-07,2.3713277901176034e-07,0.8783191693870706,8.0,6.772252776764032e-241,0.5013732280841777,8.01365555136353e-87,0.0002077024034293627,0.24974111326140971,0.2592969737248147,0.2592973220567382,0.2462196293259219,0.24663503413278062,1.3075283840298653,6.114590670913458,0.9227507095783949,1.8325952819494436e-102,True,False,True,2.0,0.2681692274002688,0.25901732888641416,0.0003426105709071246,0.000530476774682578,0.0003426105709071246,0.0004659870835134904,0.8784306981061021,4.0,1.9537168781450863e-241,0.25901732888641416,0.2681692274002688,1.0,0.07191473454713729,1.631041419222974e-12,0.25901732888641416,0.24974111326140971,0.5009914333650274,8.01365555136353e-87,0.22148732732194346,0.25867471831550704,0.2593599394573213,0.024558402291446454,0.46753305693533337,1.879203518898583e-102,False,False,True,240,0.2592972891073843,1.671414048236573e-102,2.3208587383943016e-87,0.25494570375163744,0.24642752433254028,False,3.2829142548143864,0.9518062118440866,False,False,False,False,False,False,0.009556175845974596,0.0002799602209701546
L144_gL0,144,2.0,gL,0,L144_gL0,L144_gL0_edge_t75p085,edge,0.5,1.0,open,0.0,75.085,0.5214236111111111111111111111,0.005,15017,"['charge_density_wave', 'left', 'right']","[['charge_density_wave', 'left'], ['charge_density_wave', 'right'], ['left', 'right']]",['left'],new_time_validation,"[200, 240, 280, 320]",charge_density_wave,0.0,0.0,0.0,2.3562598314321084e-87,3.5568434149343945e-87,2.3562598314321084e-87,3.5568434149343945e-87,1.0,0.0,0.0,0.25494570375163744,7.600528230391492e-87,1.430722348346103e-82,1.5013963742195397e-87,0.0,9.9567880618236e-87,0.0,1.430722348346103e-82,1.3613831959664822,1.3287062142044306,0.9242737330496311,3.5074527940058984e-197,True,True,False,2.0,1.5013963742195397e-87,1.5013963742195397e-87,1.2894038767180937e-87,1.9421361313728426e-87,1.2894038767180937e-87,1.9421361313728426e-87,1.0,4.0,2.560254547129172e-284,1.5013963742195397e-87,1.5013963742195397e-87,1.0,3.8893980359248186e-174,0.0,1.5013963742195397e-87,1.5013963742195397e-87,0.25494570375163744,7.600528230391492e-87,1.2772954461665271e-82,0.0,1.0391328481329126e-86,0.0,1.2772960675617769e-82,2.8578218589609323e-197,True,True,False,240,9.933478926400718e-88,0.9114867029725592,2.2012117000605613e-87,0.25494570375163744,8.320631313498656e-89,True,3.2399427499622107,0.9290430769324303,True,True,False,False,False,False,5.080484815794679e-88,5.080484815794679e-88
L144_gL0,144,2.0,gL,0,L144_gL0,L144_gL0_edge_t75p085,edge,0.5,1.0,open,0.0,75.085,0.5214236111111111111111111111,0.005,15017,"['charge_density_wave', 'left', 'right']","[['charge_density_wave', 'left'], ['charge_density_wave', 'right'], ['left', 'right']]",['left'],new_time_validation,"[200, 240, 280, 320]",left,4.0,0.05049785453714587,0.05043359180948518,1.5406904552450813e-08,2.3110056703536233e-08,1.5406904552450813e-08,2.2484852803079834e-08,0.9729466738884838,8.0,2.7562132800782697e-241,0.27268167080175143,7.600528230391492e-87,2.1063833126616467e-05,0.04891450965342796,0.05043357640258063,0.05043360721638974,0.01771489431391095,0.017757021980164184,1.3169744722545147,6.172765215858817,0.9158513490110636,5.369710323532179e-106,True,False,True,2.0,0.0504584029232424,0.05039429050327298,4.061736902119867e-05,6.086869645753942e-05,4.061736902119867e-05,5.9223236088645024e-05,0.9729670509694219,4.0,2.0832225681251733e-241,0.05039429050327298,0.0504584029232424,1.0,0.0025460504263476757,1.994571471295151e-15,0.05039429050327298,0.04891450965342796,0.2726579951384604,7.600528230391492e-87,0.03249443142773905,0.050353673134251785,0.05043490787229418,0.0,0.05020672281456201,5.389038799712687e-106,False,False,True,240,0.05043360659020027,3.8524714353470924e-98,2.2012117000605613e-87,0.25494570375163744,0.01773596705011397,False,3.276869609951973,0.9298787973821163,False,True,False,False,True,False,0.00151909693677231,3.931608692728933e-05
L144_gL0,144,2.0,gL,0,L144_gL0,L144_gL0_edge_t75p085,edge,0.5,1.0,open,0.0,75.085,0.5214236111111111111111111111,0.005,15017,"['charge_density_wave', 'left', 'right']","[['charge_density_wave', 'left'], ['charge_density_wave', 'right'], ['left', 'right']]",['left'],new_time_validation,"[200, 240, 280, 320]",right,4.0,0.25449099755639265,0.24662971689302085,1.647145698052449e-07,2.5447108035882214e-07,1.647145698052449e-07,2.2479808084777362e-07,0.8833934313116937,8.0,8.330159013364925e-241,0.4841807495740059,7.600528230391492e-87,0.0001970927960055747,0.2374813105622462,0.24662955217845106,0.24662988160759067,0.22903777042787937,0.22943195601989053,1.3297539744526148,6.141610911116004,0.9214142058044672,1.7372346865622189e-102,True,False,True,2.0,0.25419659027379116,0.24636173014741086,0.0003240017738749428,0.0004999742829387775,0.0003240017738749428,0.0004417281867869935,0.883501815714557,4.0,4.536209138498147e-241,0.24636173014741086,0.25419659027379116,1.0,0.0646159065271683,1.3147160252667538e-12,0.24636173014741086,0.2374813105622462,0.4838188174115242,7.600528230391492e-87,0.21076029216621567,0.24603772837353594,0.24668573192128582,0.018112821493671074,0.43963340582610244,1.7842950746691986e-102,False,False,True,240,0.2466298521467618,1.671414048236573e-102,2.2012117000605613e-87,0.25494570375163744,0.22923504582236845,False,3.2556460797786713,0.9498242624104023,False,False,False,False,False,False,0.009148541584515613,0.0002681219993509454
L144_gL0,144,2.0,gL,0,L144_gL0,L144_gL0_edge_t75p105,edge,0.5,1.0,open,0.0,75.105,0.5215625,0.005,15021,"['charge_density_wave', 'left', 'right']","[['charge_density_wave', 'left'], ['charge_density_wave', 'right'], ['left', 'right']]",['left'],new_time_validation,"[200, 240, 280, 320]",charge_density_wave,0.0,0.0,0.0,2.2346366256364517e-87,3.3732508399777977e-87,2.2346366256364517e-87,3.3732508399777977e-87,1.0,0.0,0.0,0.25494570375163744,7.208698827983533e-87,1.3573026085193025e-82,1.4239950112806358e-87,0.0,9.443335453619985e-87,0.0,1.3573026085193025e-82,1.3498424086719751,1.372300699353218,0.9130898509174585,3.5074527940058984e-197,True,True,False,2.0,1.4239950112806358e-87,1.4239950112806358e-87,1.2227065217331867e-87,1.8416755442851801e-87,1.2227065217331867e-87,1.8416755442851801e-87,1.0,4.0,3.7315292140241623e-284,1.4239950112806358e-87,1.4239950112806358e-87,1.0,3.4985896103469986e-174,0.0,1.4239950112806358e-87,1.4239950112806358e-87,0.25494570375163744,7.208698827983533e-87,1.2117360668583218e-82,0.0,9.855400360997355e-87,0.0,1.2117366562188578e-82,2.844842069060857e-197,True,True,False,240,9.421379109969519e-88,0.9114867029725592,2.087732815585224e-87,0.25494570375163744,7.890738740522792e-89,True,3.2201584056019783,0.9336896147578955,True,True,False,False,False,False,4.818571002836839e-88,4.818571002836839e-88
L144_gL0,144,2.0,gL,0,L144_gL0,L144_gL0_edge_t75p105,edge,0.5,1.0,open,0.0,75.105,0.5215625,0.005,15021,"['charge_density_wave', 'left', 'right']","[['charge_density_wave', 'left'], ['charge_density_wave', 'right'], ['left', 'right']]",['left'],new_time_validation,"[200, 240, 280, 320]",left,4.0,0.04786724404225464,0.04781249963691937,1.4587160979280995e-08,2.1877730211569152e-08,1.4587160979280995e-08,2.131559585046369e-08,0.9743056361117296,8.0,2.7731008997665023e-241,0.27113036614244773,7.208698827983533e-87,2.0000528380686896e-05,0.04637197688375691,0.047812485049758394,0.04781251422408035,0.016164653714404696,0.016204654771166067,1.3299547042697668,6.174287781119347,0.9140752516686916,5.091833851646651e-106,True,True,False,2.0,0.04782984580546647,0.04777522946751278,3.8454395201951786e-05,5.762027357512106e-05,3.8454395201951786e-05,5.6140874803112594e-05,0.9743250304065333,4.0,8.115003305499411e-242,0.04777522946751278,0.04782984580546647,1.0,0.0022876941504775287,1.607860863373857e-15,0.04777522946751278,0.04637197688375691,0.2711086995927852,7.208698827983533e-87,0.030915538686285222,0.047736775072310826,0.04781368386271473,0.0,0.04707853452743296,5.1083011630418895e-106,False,True,False,240,0.047812513654512084,3.8524714353470924e-98,2.087732815585224e-87,0.25494570375163744,0.016184662390810258,True,3.2460187915712595,0.9302572533488274,True,True,False,False,False,False,0.0014405367707551742,3.728418699930347e-05
L144_gL0,144,2.0,gL,0,L144_gL0,L144_gL0_edge_t75p105,edge,0.5,1.0,open,0.0,75.105,0.5215625,0.005,15021,"['charge_density_wave', 'left', 'right']","[['charge_density_wave', 'left'], ['charge_density_wave', 'right'], ['left', 'right']]",['left'],new_time_validation,"[200, 240, 280, 320]",right,4.0,0.24123111755987947,0.23450440178280732,1.5575654929354508e-07,2.3989640722958877e-07,1.5575654929354508e-07,2.1310501991561037e-07,0.8883210147939474,8.0,5.8809261785914444e-241,0.46790621717546366,7.208698827983533e-87,0.0001870009940553005,0.22575453531242642,0.23450424602625805,0.23450455753935662,0.21277333980712992,0.2131473417952405,1.3222540318965912,6.162840433418751,0.9131576362997293,1.6421666729926989e-102,True,False,True,2.0,0.2409520373868087,0.23424799859168377,0.0003063651859701709,0.0004713191440533978,0.0003063651859701709,0.0004187322712740793,0.8884261896788969,4.0,2.4587108611129383e-241,0.23424799859168377,0.2409520373868087,1.0,0.05805788433910723,1.0597406469765665e-12,0.23424799859168377,0.22575453531242642,0.4675640861275259,7.208698827983533e-87,0.20052267082256237,0.2339416334057136,0.23455436377765396,0.012095711553326085,0.4131410531984508,1.6889614372060366e-102,False,False,True,240,0.23450453119832393,1.671414048236573e-102,2.087732815585224e-87,0.25494570375163744,0.21296051342382621,False,3.2366112899035215,0.9465217441320419,False,False,False,False,False,False,0.008749995885897505,0.00025653260664015853
L144_gL0,144,2.0,gL,0,L144_gL0,L144_gL0_edge_t75p125,edge,0.5,1.0,open,0.0,75.125,0.5217013888888888888888888889,0.005,15025,"['charge_density_wave', 'left', 'right']","[['charge_density_wave', 'left'], ['charge_density_wave', 'right'], ['left', 'right']]",['left'],new_time_validation,"[200, 240, 280, 320]",charge_density_wave,0.0,0.0,0.0,2.1192912933022227e-87,3.1991347722034716e-87,2.1192912933022227e-87,3.1991347722034716e-87,1.0,0.0,0.0,0.25494570375163744,6.837069374307753e-87,1.2876504331308079e-82,1.3505839143951677e-87,0.0,8.956360667609976e-87,0.0,1.2876504331308079e-82,1.408152224496007,1.2754290793091059,0.9140605591237545,3.5074527940058984e-197,True,True,False,2.0,1.3505839143951677e-87,1.3505839143951677e-87,1.1594592674965917e-87,1.746411508839683e-87,1.1594592674965917e-87,1.746411508839683e-87,1.0,4.0,3.828029874865753e-284,1.3505839143951677e-87,1.3505839143951677e-87,1.0,3.1470497928828747e-174,0.0,1.3505839143951677e-87,1.3505839143951677e-87,0.25494570375163744,6.837069374307753e-87,1.1495415631767051e-82,0.0,9.347112556199514e-87,0.0,1.149542122154009e-82,3.3121146197534626e-197,True,True,False,240,8.935679532964194e-88,0.9114867029725592,1.980104098643256e-87,0.25494570375163744,7.483057203110178e-89,True,3.3191505316644907,0.9472401551902294,True,True,False,False,False,False,4.5701596109874834e-88,4.5701596109874834e-88
L144_gL0,144,2.0,gL,0,L144_gL0,L144_gL0_edge_t75p125,edge,0.5,1.0,open,0.0,75.125,0.5217013888888888888888888889,0.005,15025,"['charge_density_wave', 'left', 'right']","[['charge_density_wave', 'left'], ['charge_density_wave', 'right'], ['left', 'right']]",['left'],new_time_validation,"[200, 240, 280, 320]",left,4.0,0.04537368156507414,0.04532704655143929,1.381181423486512e-08,2.071255580395612e-08,1.381181423486512e-08,2.0207145755012648e-08,0.9755988563783646,8.0,1.4837295184271963e-241,0.2697110302608726,6.837069374307753e-87,1.8991760969198928e-05,0.04396107217693386,0.04532703273962505,0.04532706036325353,0.014746327293956167,0.014784310815894564,1.3240684680640697,6.1937595419585705,0.9126674719154835,4.82816017663765e-106,True,True,False,2.0,0.04533822982453126,0.04529170392526968,3.6408666957539355e-05,5.454900098122292e-05,3.6408666957539355e-05,5.321894966934918e-05,0.9756173112623717,4.0,9.471340648156586e-242,0.04529170392526968,0.04533822982453126,1.0,0.002055555084252565,1.2961282281126615e-15,0.04529170392526968,0.04396107217693386,0.26969120950229863,6.837069374307753e-87,0.029414174511316435,0.04525529525831214,0.04532811259222722,0.0,0.04415968026197761,4.842189427541058e-106,False,True,False,240,0.045327059844790116,3.8524714353470924e-98,1.980104098643256e-87,0.25494570375163744,0.014765326509235134,True,3.3633587658405304,0.9373640287667513,True,True,False,False,False,False,0.0013659876678562555,3.535591952043282e-05
L144_gL0,144,2.0,gL,0,L144_gL0,L144_gL0_edge_t75p125,edge,0.5,1.0,open,0.0,75.125,0.5217013888888888888888888889,0.005,15025,"['charge_density_wave', 'left', 'right']","[['charge_density_wave', 'left'], ['charge_density_wave', 'right'], ['left', 'right']]",['left'],new_time_validation,"[200, 240, 280, 320]",right,4.0,0.22866217789096885,0.2229088742594519,1.4727151213020802e-07,2.262012776331266e-07,1.4727151213020802e-07,2.0202021708888933e-07,0.8930993635524186,8.0,3.8434332818138984e-241,0.45254249948366565,6.837069374307753e-87,0.00017740784746152362,0.2145473972536287,0.2229087269879398,0.22290902153096406,0.19741922511781484,0.1977740408127379,1.3159712329506874,6.080126259475946,0.9158275090157986,1.5482577375972146e-102,True,False,True,2.0,0.2283976268314021,0.2226637727356925,0.00028966061039943934,0.00044439432154886493,0.00028966061039943934,0.0003969335784918719,0.893201283734733,4.0,2.5769055158223894e-241,0.2226637727356925,0.2283976268314021,1.0,0.05216547595859154,8.542163823685486e-13,0.2226637727356925,0.2145473972536287,0.4522199278353787,6.837069374307753e-87,0.1907586646414933,0.22237411212529304,0.2229534333460919,0.006515559442247891,0.3880328887252345,1.594223002936562e-102,False,False,True,240,0.22290899797818736,1.671414048236573e-102,1.980104098643256e-87,0.25494570375163744,0.1975967957320282,False,3.37006264179945,0.9575206730514765,False,False,False,False,False,False,0.00836160072455866,0.0002452252424948731
L144_gL0,144,2.0,gL,0,L144_gL0,L144_gL0_edge_t75p645,edge,0.5,1.0,open,0.0,75.645,0.5253125,0.005,15129,"['charge_density_wave', 'left', 'right']","[['charge_density_wave', 'left'], ['charge_density_wave', 'right'], ['left', 'right']]",['right'],new_time_validation,"[200, 240, 280, 320]",charge_density_wave,0.0,0.0,0.0,5.342824046920644e-88,8.065231313379727e-88,5.342824046920644e-88,8.065231313379727e-88,1.0,0.0,0.0,0.25494570375163744,1.7266754689516815e-87,3.2729682454445535e-83,3.410847522639024e-88,0.0,2.260957873643746e-87,0.0,3.2729682454445535e-83,1.3395970854908228,1.2714902348816395,0.9124840497970581,3.5074527940058984e-197,True,True,False,2.0,3.410847522639024e-88,3.410847522639024e-88,2.914231962697766e-88,4.3895526994295765e-88,2.914231962697766e-88,4.3895526994295765e-88,1.0,4.0,2.5433730933406608e-284,3.410847522639024e-88,3.410847522639024e-88,1.0,2.0053020863944208e-175,0.0,3.410847522639024e-88,3.410847522639024e-88,0.25494570375163744,1.7266754689516815e-87,2.9211100586345487e-83,0.0,2.3591834174853606e-87,0.0,2.9211114703116344e-83,5.624770908280076e-197,True,True,False,240,2.2566713606800377e-88,0.9114867029725592,5.0006764388640727e-88,0.25494570375163744,1.8839999200736385e-89,True,3.3115578033030033,0.9473681766539812,True,True,False,False,False,False,1.1541761619589861e-88,1.1541761619589861e-88
L144_gL0,144,2.0,gL,0,L144_gL0,L144_gL0_edge_t75p645,edge,0.5,1.0,open,0.0,75.645,0.5253125,0.005,15129,"['charge_density_wave', 'left', 'right']","[['charge_density_wave', 'left'], ['charge_density_wave', 'right'], ['left', 'right']]",['right'],new_time_validation,"[200, 240, 280, 320]",left,2.0,0.011282462903578046,0.011281744877385112,8.913518116632403e-06,1.3343545461175696e-05,8.913518116632403e-06,1.3260508951581226e-05,0.9937770280143255,4.0,5.646456832378245e-242,0.2562163338234351,1.7266754689516815e-87,0.008104272912234634,0.01094949004690703,0.01127283135926848,0.011290658395501744,0.0,0.009373114532515965,1.389036402106285,4.372052028775215,0.9127345997840166,1.204745863599767e-106,True,True,False,2.0,0.011282462903578046,0.011281744877385112,8.913518116632403e-06,1.3343545461175696e-05,8.913518116632403e-06,1.3260508951581226e-05,0.9937770280143255,4.0,5.646456832378245e-242,0.011281744877385112,0.011282462903578046,1.0,0.00012729396920815105,4.7781457734340565e-18,0.011281744877385112,0.01094949004690703,0.2562145453719188,1.7266754689516815e-87,0.008104272912234634,0.01127283135926848,0.011290658395501744,0.0,0.009373114532515965,1.2049623631769578e-106,True,True,False,240,0.011290579625283194,3.8524714353470924e-98,5.0006764388640727e-88,0.25494570375163744,0.0012706300717976507,True,3.3628742527216673,0.95425826869905,True,True,False,False,False,False,0.00034108957837616395,8.834747898081238e-06
L144_gL0,144,2.0,gL,0,L144_gL0,L144_gL0_edge_t75p645,edge,0.5,1.0,open,0.0,75.645,0.5253125,0.005,15129,"['charge_density_wave', 'left', 'right']","[['charge_density_wave', 'left'], ['charge_density_wave', 'right'], ['left', 'right']]",['right'],new_time_validation,"[200, 240, 280, 320]",right,4.0,0.05688739870967634,0.056795572702561276,3.46316418477483e-08,5.195473790929586e-08,3.46316418477483e-08,5.037906594657224e-08,0.9696722180472841,8.0,1.4698248890855973e-241,0.27667099749648283,1.7266754689516815e-87,4.532768883642121e-05,0.05456580630121348,0.05679553807091942,0.05679560733420312,0.021679944469123753,0.021770599846796596,1.3149443678557873,6.195983095094562,0.9148463532328606,3.146091831613796e-103,True,False,True,2.0,0.05682150661559255,0.05672999880971589,6.802592883334487e-05,0.00010195875057996934,6.802592883334487e-05,9.88700031646509e-05,0.9697059114813705,4.0,1.9073182848217844e-241,0.05672999880971589,0.05682150661559255,1.0,0.003228683615039362,3.1432337007590527e-15,0.05672999880971589,0.05456580630121348,0.2766282863256931,1.7266754689516815e-87,0.051895777564050616,0.056661972880882545,0.05679802473854923,0.0,0.07357836013810622,3.1601968257127674e-103,False,False,True,240,0.05679560584890174,1.671414048236573e-102,5.0006764388640727e-88,0.25494570375163744,0.021725293744845386,False,3.3523969408124685,0.966903492808342,False,True,False,False,False,False,0.0022297995476882604,6.560703918585126e-05
L144_gL0,144,2.0,gL,0,L144_gL0,L144_gL0_edge_t75p665,edge,0.5,1.0,open,0.0,75.665,0.5254513888888888888888888889,0.005,15133,"['charge_density_wave', 'left', 'right']","[['charge_density_wave', 'left'], ['charge_density_wave', 'right'], ['left', 'right']]",['right'],new_time_validation,"[200, 240, 280, 320]",charge_density_wave,0.0,0.0,0.0,5.067045908989788e-88,7.64893464792229e-88,5.067045908989788e-88,7.64893464792229e-88,1.0,0.0,0.0,0.25494570375163744,1.6376603114990041e-87,3.1050051933518502e-83,3.2350083827807835e-88,0.0,2.1443649023979827e-87,0.0,3.1050051933518502e-83,1.411699341610074,1.2671319302171469,0.9173563569784164,3.5074527940058984e-197,True,True,False,2.0,3.2350083827807835e-88,3.2350083827807835e-88,2.7634885271052397e-88,4.1624977280846376e-88,2.7634885271052397e-88,4.1624977280846376e-88,1.0,4.0,4.889141144710882e-285,3.2350083827807835e-88,3.2350083827807835e-88,1.0,1.8038085404367856e-175,0.0,3.2350083827807835e-88,3.2350083827807835e-88,0.25494570375163744,1.6376603114990041e-87,2.771174253298234e-83,0.0,2.2375100024876064e-87,0.0,2.771175592199302e-83,1.6065833195231728e-197,True,True,False,240,2.1403333689137908e-88,0.9114867029725592,4.7428769805526416e-88,0.25494570375163744,1.7866632097877133e-89,True,3.2744447365403175,0.9311718158423901,True,True,False,False,False,False,1.0946750138669927e-88,1.0946750138669927e-88
L144_gL0,144,2.0,gL,0,L144_gL0,L144_gL0_edge_t75p665,edge,0.5,1.0,open,0.0,75.665,0.5254513888888888888888888889,0.005,15133,"['charge_density_wave', 'left', 'right']","[['charge_density_wave', 'left'], ['charge_density_wave', 'right'], ['left', 'right']]",['right'],new_time_validation,"[200, 240, 280, 320]",left,2.0,0.010694786581604072,0.010694175007456997,8.446931346701456e-06,1.2645035660367476e-05,8.446931346701456e-06,1.257041210860207e-05,0.9940985890613742,4.0,6.237654031317093e-242,0.2560996818798232,1.6376603114990041e-87,0.007712746240131708,0.010379213546610517,0.010685728076110295,0.010702621938803699,0.0,0.008865098087619268,1.3223089538514614,4.464827695861459,0.9140463508665562,1.1420136248666728e-106,True,True,False,2.0,0.010694786581604072,0.010694175007456997,8.446931346701456e-06,1.2645035660367476e-05,8.446931346701456e-06,1.257041210860207e-05,0.9940985890613742,4.0,6.237654031317093e-242,0.010694175007456997,0.010694786581604072,1.0,0.00011437846005973537,3.8519096617079216e-18,0.010694175007456997,0.010379213546610517,0.256098055599125,1.6376603114990041e-87,0.007712746240131708,0.010685728076110295,0.010702621938803699,0.0,0.008865098087619268,1.1421980097060223e-106,True,True,False,240,0.010702550131086794,3.8524714353470924e-98,4.7428769805526416e-88,0.25494570375163744,0.0011539781281857341,True,3.3062015511095524,0.9351685810834169,True,True,False,False,False,False,0.00032333658447627686,8.375123629797074e-06
L144_gL0,144,2.0,gL,0,L144_gL0,L144_gL0_edge_t75p665,edge,0.5,1.0,open,0.0,75.665,0.5254513888888888888888888889,0.005,15133,"['charge_density_wave', 'left', 'right']","[['charge_density_wave', 'left'], ['charge_density_wave', 'right'], ['left', 'right']]",['right'],new_time_validation,"[200, 240, 280, 320]",right,4.0,0.05392371537297035,0.05384548713163342,3.2784356353969965e-08,4.917560043175477e-08,3.2784356353969965e-08,4.775877778321416e-08,0.97118850332073,8.0,4.4879504057080124e-241,0.27478246855809013,1.6376603114990041e-87,4.303925823393731e-05,0.051730843876435874,0.05384545434727706,0.05384551991598977,0.019793705775156385,0.01987978429162426,1.3922475073486567,6.141318142414093,0.9197563081979752,2.983538363050041e-103,True,False,True,2.0,0.05386125333499262,0.0537832962311854,6.439426558502593e-05,9.650068247020427e-05,6.439426558502593e-05,9.372344962884023e-05,0.9712205885982046,4.0,1.8808436884950136e-241,0.0537832962311854,0.05386125333499262,1.0,0.002901034611689647,2.5337445360195704e-15,0.0537832962311854,0.051730843876435874,0.2747433483266433,1.6376603114990041e-87,0.049379626725798584,0.05371890196560037,0.05384769049677043,0.0,0.06917727130080444,2.995556377388147e-103,False,False,True,240,0.05384551856955306,1.671414048236573e-102,4.7428769805526416e-88,0.25494570375163744,0.019836764806452672,False,3.288002172484994,0.950441624969244,False,True,False,False,False,False,0.0021146746931171856,6.222233836766095e-05
L144_gL0,144,2.0,gL,0,L144_gL0,L144_gL0_edge_t75p685,edge,0.5,1.0,open,0.0,75.685,0.5255902777777777777777777778,0.005,15137,"['charge_density_wave', 'left', 'right']","[['charge_density_wave', 'left'], ['charge_density_wave', 'right'], ['left', 'right']]",['right'],new_time_validation,"[200, 240, 280, 320]",charge_density_wave,0.0,0.0,0.0,4.8055025786339457e-88,7.25412577551039e-88,4.8055025786339457e-88,7.25412577551039e-88,1.0,0.0,0.0,0.25494570375163744,1.553234145086511e-87,2.945661525318365e-83,3.0682342635371744e-88,0.0,2.0337844029499052e-87,0.0,2.945661525318365e-83,1.4270159304141998,1.2968117091804743,0.925053458660841,3.5074527940058984e-197,True,True,False,2.0,3.0682342635371744e-88,3.0682342635371744e-88,2.6205426057440077e-88,3.9471875453517745e-88,2.6205426057440077e-88,3.9471875453517745e-88,1.0,4.0,7.933771715590639e-285,3.0682342635371744e-88,3.0682342635371744e-88,1.0,1.6225611484737904e-175,0.0,3.0682342635371744e-88,3.0682342635371744e-88,0.25494570375163744,1.553234145086511e-87,2.6289342456858704e-83,0.0,2.122111832014629e-87,0.0,2.628935515562734e-83,3.2800991356660755e-197,True,True,False,240,2.0299929400022987e-88,0.9114867029725592,4.4983678363653465e-88,0.25494570375163744,1.6943554524681867e-89,True,3.3073795828968287,0.9361644480377436,True,True,False,False,False,False,1.0382413235348758e-88,1.0382413235348758e-88
L144_gL0,144,2.0,gL,0,L144_gL0,L144_gL0_edge_t75p685,edge,0.5,1.0,open,0.0,75.685,0.5255902777777777777777777778,0.005,15137,"['charge_density_wave', 'left', 'right']","[['charge_density_wave', 'left'], ['charge_density_wave', 'right'], ['left', 'right']]",['right'],new_time_validation,"[200, 240, 280, 320]",left,2.0,0.010137723152926477,0.010137202248783376,8.00489867528249e-06,1.1983293759729409e-05,8.00489867528249e-06,1.1916231157199048e-05,0.994403658637183,4.0,4.868341750852922e-242,0.25599362026301137,1.553234145086511e-87,0.007340112704353292,0.009838634571999084,0.010129197350108093,0.010145207147458658,0.0,0.008386550609605402,1.3250857815146446,4.406014850363135,0.9145152233541012,1.0825461488128224e-106,True,True,False,2.0,0.010137723152926477,0.010137202248783376,8.00489867528249e-06,1.1983293759729409e-05,8.00489867528249e-06,1.1916231157199048e-05,0.994403658637183,4.0,4.868341750852922e-242,0.010137202248783376,0.010137723152926477,1.0,0.00010277343075559582,3.1052274817259e-18,0.010137202248783376,0.009838634571999084,0.25599214165688955,1.553234145086511e-87,0.007340112704353292,0.010129197350108093,0.010145207147458658,0.0,0.008386550609605402,1.082703180873912e-106,True,True,False,240,0.010145141645777055,3.8524714353470924e-98,4.4983678363653465e-88,0.25494570375163744,0.0010479165113739313,True,3.293567894026637,0.9375725854188204,True,True,False,False,False,False,0.00030650707377797085,7.93939699367946e-06
L144_gL0,144,2.0,gL,0,L144_gL0,L144_gL0_edge_t75p685,edge,0.5,1.0,open,0.0,75.685,0.5255902777777777777777777778,0.005,15137,"['charge_density_wave', 'left', 'right']","[['charge_density_wave', 'left'], ['charge_density_wave', 'right'], ['left', 'right']]",['right'],new_time_validation,"[200, 240, 280, 320]",right,4.0,0.05111444386824446,0.051047801421257005,3.103749541820255e-08,4.654871893949931e-08,3.103749541820255e-08,4.5274782021136056e-08,0.972632180919543,8.0,2.008191954464425e-241,0.2730531384282924,1.553234145086511e-87,4.086834358972378e-05,0.0490424328822457,0.051047770383761584,0.05104783245875242,0.018066548228694645,0.018148284915874092,1.3205081634223461,6.119277102872729,0.9192535355687141,2.8292545927372064e-103,True,False,True,2.0,0.05105523332096522,0.05098882189937765,6.096020302838559e-05,9.134184779751102e-05,6.096020302838559e-05,8.88448107873306e-05,0.9726627272122202,4.0,9.823930996099456e-242,0.05098882189937765,0.05105523332096522,1.0,0.0026066368502417514,2.0424415274390024e-15,0.05098882189937765,0.0490424328822457,0.2730173216101525,1.553234145086511e-87,0.04698682214936408,0.05092786169634927,0.05104978210240604,0.0,0.06505844000787914,2.8394940485874965e-103,False,False,True,240,0.05104783123733358,1.671414048236573e-102,4.4983678363653465e-88,0.25494570375163744,0.018107434676654894,False,3.3055153116583824,0.9511956833302975,False,True,False,False,True,False,0.0020053983550878812,5.900933795592589e-05
L144_gL0,144,2.0,gL,0,L144_gL0,L144_gL0_edge_t75p705,edge,0.5,1.0,open,0.0,75.705,0.5257291666666666666666666667,0.005,15141,"['charge_density_wave', 'left', 'right']","[['charge_density_wave', 'left'], ['charge_density_wave', 'right'], ['left', 'right']]",['right'],new_time_validation,"[200, 240, 280, 320]",charge_density_wave,0.0,0.0,0.0,4.557459294684267e-88,6.879695563481173e-88,4.557459294684267e-88,6.879695563481173e-88,1.0,0.0,0.0,0.25494570375163744,1.4731603938391538e-87,2.7944949289354716e-83,2.9100578366511886e-88,0.0,1.9289063233075804e-87,0.0,2.7944949289354716e-83,1.3580399360507727,1.2997626475989819,0.9193981997668743,3.5074527940058984e-197,True,True,False,2.0,2.9100578366511886e-88,2.9100578366511886e-88,2.484990852895709e-88,3.743014628030045e-88,2.484990852895709e-88,3.743014628030045e-88,1.0,4.0,3.343577225468828e-284,2.9100578366511886e-88,2.9100578366511886e-88,1.0,1.4595255683728672e-175,0.0,2.9100578366511886e-88,2.9100578366511886e-88,0.25494570375163744,1.4731603938391538e-87,2.4939950398017182e-83,0.0,2.0126652627938437e-87,0.0,2.4939962442127742e-83,1.9520349075677527e-197,True,True,False,240,1.9253408820844103e-88,0.9114867029725592,4.2664638518388097e-88,0.25494570375163744,1.606816821486139e-89,True,3.330518012866378,0.9362430702894926,True,True,False,False,False,False,9.847169545667782e-89,9.847169545667782e-89
L144_gL0,144,2.0,gL,0,L144_gL0,L144_gL0_edge_t75p705,edge,0.5,1.0,open,0.0,75.705,0.5257291666666666666666666667,0.005,15141,"['charge_density_wave', 'left', 'right']","[['charge_density_wave', 'left'], ['charge_density_wave', 'right'], ['left', 'right']]",['right'],new_time_validation,"[200, 240, 280, 320]",left,2.0,0.00960967782974511,0.009609234153261308,7.586115191215217e-06,1.1356364181073083e-05,7.586115191215217e-06,1.1296096748496306e-05,0.9946930697522698,4.0,7.134396768216596e-242,0.2558972009749565,1.4731603938391538e-87,0.006985457771295986,0.009326207389373412,0.009601648038070093,0.009616820268452522,0.0,0.00793561083865152,1.329120859503746,4.398764273151755,0.99496004357934,1.0261738124115586e-106,True,True,False,2.0,0.00960967782974511,0.009609234153261308,7.586115191215217e-06,1.1356364181073083e-05,7.586115191215217e-06,1.1296096748496306e-05,0.9946930697522698,4.0,7.134396768216596e-242,0.009609234153261308,0.00960967782974511,1.0,9.234590801860246e-05,2.503291234361141e-18,0.009609234153261308,0.009326207389373412,0.255895856818993,1.4731603938391538e-87,0.006985457771295986,0.009601648038070093,0.009616820268452522,0.0,0.00793561083865152,1.0263075476854556e-106,True,True,False,240,0.009616760480958116,3.8524714353470924e-98,4.2664638518388097e-88,0.25494570375163744,0.0009514972233190199,True,3.3804904483258724,0.9400758277624846,True,True,False,False,False,False,0.00029055309158470405,7.526327696807944e-06
L144_gL0,144,2.0,gL,0,L144_gL0,L144_gL0_edge_t75p705,edge,0.5,1.0,open,0.0,75.705,0.5257291666666666666666666667,0.005,15141,"['charge_density_wave', 'left', 'right']","[['charge_density_wave', 'left'], ['charge_density_wave', 'right'], ['left', 'right']]",['right'],new_time_validation,"[200, 240, 280, 320]",right,4.0,0.04845153851343234,0.04839476720608054,2.9385444945530393e-08,4.40654078967992e-08,2.9385444945530393e-08,4.2919989118770374e-08,0.9740063956582136,8.0,1.3961448045215681e-241,0.27147020812224204,1.4731603938391538e-87,3.880874523195809e-05,0.04649310787019804,0.048394737820635594,0.048394796591525485,0.016485679055217632,0.016563296545681547,1.320856001228094,6.053193431347609,0.922276359051466,2.682839037462196e-103,True,True,False,2.0,0.048395410187997805,0.04833883572092172,5.7712684860164035e-05,8.646516626782013e-05,5.7712684860164035e-05,8.4220138862142e-05,0.9740354699749921,4.0,1.5489481014511435e-241,0.04833883572092172,0.048395410187997805,1.0,0.0023421157279675184,1.6464065774785622e-15,0.04833883572092172,0.04649310787019804,0.2714374283194288,1.4731603938391538e-87,0.04471119078687804,0.04828112303606156,0.048396548405781885,0.0,0.061202915354669374,2.6915628663476787e-103,False,False,False,240,0.04839479548272382,1.671414048236573e-102,4.2664638518388097e-88,0.25494570375163744,0.016524504370604595,True,3.4264134988188744,0.960567532107234,True,True,False,False,False,False,0.0019016876125257792,5.595976180209489e-05
L144_gL0,144,2.0,gL,0,L144_gL0,L144_gL0_edge_t75p725,edge,0.5,1.0,open,0.0,75.725,0.5258680555555555555555555556,0.005,15145,"['charge_density_wave', 'left', 'right']","[['charge_density_wave', 'left'], ['charge_density_wave', 'right'], ['left', 'right']]",['right'],new_time_validation,"[200, 240, 280, 320]",charge_density_wave,0.0,0.0,0.0,4.3222192225489763e-88,6.524592129503368e-88,4.3222192225489763e-88,6.524592129503368e-88,1.0,0.0,0.0,0.25494570375163744,1.397214678058379e-87,2.651085788997283e-83,2.760035866000749e-88,0.0,1.8294366003132767e-87,0.0,2.651085788997283e-83,1.3540553990751505,1.3388069104403257,0.9201776925474405,3.5074527940058984e-197,True,True,False,2.0,2.760035866000749e-88,2.760035866000749e-88,2.3564507870674694e-88,3.5494028785518084e-88,2.3564507870674694e-88,3.5494028785518084e-88,1.0,4.0,5.831335036008376e-285,2.760035866000749e-88,2.760035866000749e-88,1.0,1.312871869590098e-175,0.0,2.760035866000749e-88,2.760035866000749e-88,0.25494570375163744,1.397214678058379e-87,2.3659819128550426e-83,0.0,1.9088633433652008e-87,0.0,2.3659830551752412e-83,1.7020463883536304e-197,True,True,False,240,1.8260839430413873e-88,0.9114867029725592,4.0465151942209633e-88,0.25494570375163744,1.5238009146152701e-89,True,3.2980517596006393,0.9429189376533031,True,True,False,False,False,False,9.339519229593617e-89,9.339519229593617e-89
L144_gL0,144,2.0,gL,0,L144_gL0,L144_gL0_edge_t75p725,edge,0.5,1.0,open,0.0,75.725,0.5258680555555555555555555556,0.005,15145,"['charge_density_wave', 'left', 'right']","[['charge_density_wave', 'left'], ['charge_density_wave', 'right'], ['left', 'right']]",['right'],new_time_validation,"[200, 240, 280, 320]",left,2.0,0.009109138911478026,0.009108761013165033,7.189346562911492e-06,1.076239736636378e-05,7.189346562911492e-06,1.0708236835560215e-05,0.9949676146531408,4.0,1.2474915987670813e-241,0.2558095593349083,1.397214678058379e-87,0.006647911702306291,0.00884046659194394,0.009101571666602122,0.009115950359727945,0.0,0.007510545518404428,1.4022061005234718,4.411804655566812,0.9082620572298765,9.72735762113627e-107,True,True,False,2.0,0.009109138911478026,0.009108761013165033,7.189346562911492e-06,1.076239736636378e-05,7.189346562911492e-06,1.0708236835560215e-05,0.9949676146531408,4.0,1.2474915987670813e-241,0.009108761013165033,0.009109138911478026,1.0,8.297641173292376e-05,2.018040906320807e-18,0.009108761013165033,0.00884046659194394,0.2558083375677356,1.397214678058379e-87,0.006647911702306291,0.009101571666602122,0.009115950359727945,0.0,0.007510545518404428,9.728496552678994e-107,True,True,False,240,0.00911589575264365,3.8524714353470924e-98,4.0465151942209633e-88,0.25494570375163744,0.000863855583270818,True,3.3705706764012575,0.9440901465713978,True,True,False,False,False,False,0.0002754291606997094,7.134739478616148e-06
L144_gL0,144,2.0,gL,0,L144_gL0,L144_gL0_edge_t75p725,edge,0.5,1.0,open,0.0,75.725,0.5258680555555555555555555556,0.005,15145,"['charge_density_wave', 'left', 'right']","[['charge_density_wave', 'left'], ['charge_density_wave', 'right'], ['left', 'right']]",['right'],new_time_validation,"[200, 240, 280, 320]",right,4.0,0.04592737288232812,0.0458790115309071,2.7822914877023736e-08,4.171750875770734e-08,2.7822914877023736e-08,4.068767833281262e-08,0.9753141916772666,8.0,2.0359556369532008e-241,0.270021826098964,1.397214678058379e-87,3.685460092990979e-05,0.04407576724801573,0.045878983707992226,0.04587903935382198,0.015039252585988172,0.015112961787847993,1.319905400276184,6.181298589333892,0.9242987036705017,2.543906817780096e-103,True,True,False,2.0,0.04587416632240462,0.045825972679055936,5.464129349915898e-05,8.185459439549607e-05,5.464129349915898e-05,7.98362122520389e-05,0.9753418588368421,4.0,1.4313436257554162e-241,0.045825972679055936,0.04587416632240462,1.0,0.0021044391364062926,1.3271658734903044e-15,0.045825972679055936,0.04407576724801573,0.269991836755573,1.397214678058379e-87,0.042546876002697374,0.04577133138555678,0.04588061397255509,0.0,0.05759300900663289,2.5513391495828557e-103,False,False,False,240,0.045879038346526534,1.671414048236573e-102,4.0465151942209633e-88,0.25494570375163744,0.015076122347326568,True,3.3894132524728775,0.9565380103886127,True,True,False,False,False,False,0.0018032710985108058,5.30656674705976e-05
L144_gL0,144,2.0,gL,0,L144_gL0,L144_gL0_translated_t56p785,translated,0.5,1.0,open,0.0,56.785,0.3943402777777777777777777778,0.005,11357,"['charge_density_wave', 'block_cell9', 'block_cell27']","[['charge_density_wave', 'block_cell9'], ['charge_density_wave', 'block_cell27'], ['block_cell9', 'block_cell27']]",['block_cell9'],new_time_validation,"[200, 240, 280, 320]",charge_density_wave,0.0,0.0,0.0,2.7310700826870873e-66,4.1208273122112657e-66,2.7310700826870873e-66,4.1208273122112657e-66,1.0,0.0,0.0,0.25494570375163744,8.200731974457316e-66,1.18961599360312e-61,1.6199596763766328e-66,0.0,1.0931802057144403e-65,0.0,1.18961599360312e-61,1.4300320614129305,1.2379985768347979,0.9178364481776953,3.5074527940058984e-197,True,True,False,2.0,1.6199596763766328e-66,1.6199596763766328e-66,1.666141741221619e-66,2.508229199949534e-66,1.666141741221619e-66,2.508229199949534e-66,1.0,4.0,8.009054862678502e-274,1.6199596763766328e-66,1.6199596763766328e-66,1.0,4.682715494707446e-132,5.4019171244351225e-264,1.6199596763766328e-66,1.6199596763766328e-66,0.25494570375163744,8.200731974457316e-66,1.0736891973671754e-61,0.0,1.1486833392055568e-65,0.0,1.0736898678077796e-61,2.746598014990133e-197,True,True,False,240,1.071791272659168e-66,0.9114867029725592,2.3750385004893776e-66,0.25494570375163744,1.0191900367000155e-67,True,3.275010921061039,0.9360709395259619,True,True,False,False,False,False,5.481684037174649e-67,5.481684037174649e-67
L144_gL0,144,2.0,gL,0,L144_gL0,L144_gL0_translated_t56p785,translated,0.5,1.0,open,0.0,56.785,0.3943402777777777777777777778,0.005,11357,"['charge_density_wave', 'block_cell9', 'block_cell27']","[['charge_density_wave', 'block_cell9'], ['charge_density_wave', 'block_cell27'], ['block_cell9', 'block_cell27']]",['block_cell9'],new_time_validation,"[200, 240, 280, 320]",block_cell9,4.0,0.056003141876747486,0.05591552514043618,1.1347064403539446e-09,1.7111439344103739e-09,1.1347064403539446e-09,1.6593944442581774e-09,0.9697573715971308,8.0,1.2332450978429658e-241,0.2761007321816264,8.200731974457316e-66,1.764441524675965e-06,0.05506195782193274,0.05591552400572974,0.05591552627514262,0.02115326335424149,0.02115679223729084,1.3220476675778627,6.096943631768227,0.912518423050642,3.38707713707446e-132,True,False,True,2.0,0.055991980603934725,0.05590441616065379,1.1797817492504867e-05,1.779091704059277e-05,1.1797817492504867e-05,1.7252975831241645e-05,0.9697631545285875,4.0,1.8564569812610374e-241,0.05590441616065379,0.055991980603934725,1.0,0.0031351019012568495,2.917352564207578e-14,0.05590441616065379,0.05506195782193274,0.2760935703373353,8.200731974457316e-66,0.010488572244477096,0.05589261834316128,0.05591621397814629,0.010659294341220713,0.031636438830174904,3.4024810034349056e-132,False,False,True,240,0.05591552612421078,1.2001398089078915e-72,2.3750385004893776e-66,0.25494570375163744,0.02115502842998894,False,3.3328171838074923,0.9450436271727085,False,True,False,False,False,False,0.0008535683022780419,1.110996355699334e-05
L144_gL0,144,2.0,gL,0,L144_gL0,L144_gL0_translated_t56p785,translated,0.5,1.0,open,0.0,56.785,0.3943402777777777777777777778,0.005,11357,"['charge_density_wave', 'block_cell9', 'block_cell27']","[['charge_density_wave', 'block_cell9'], ['charge_density_wave', 'block_cell27'], ['block_cell9', 'block_cell27']]",['block_cell9'],new_time_validation,"[200, 240, 280, 320]",block_cell27,4.0,0.7655736270098542,0.6078847856390373,2.5960798976433918e-08,4.687953359668648e-08,2.5960798976433918e-08,3.558938233385759e-08,0.7591667323322754,8.0,3.1820291074573687e-241,0.913647566093356,8.200731974457316e-66,3.451749979353248e-05,0.6009943255206434,0.6078847596782383,0.6078848115998362,0.6586673379315838,0.6587363729311709,1.3115342874079943,6.045430347323418,0.9132117796689272,8.112889111071508e-129,True,False,True,2.0,0.7653803064392622,0.6077879931218625,0.00021036733279803947,0.00039343721673118173,0.00021036733279803947,0.00029869527093931674,0.7591942455799803,4.0,3.830666908746938e-241,0.6077879931218625,0.7653803064392622,1.0,0.5858070152856335,1.0547892110229185e-09,0.6077879931218625,0.6009943255206434,0.9135846594835995,8.200731974457316e-66,0.14338460938023487,0.6075776257890645,0.6079983604546606,0.5152543463517271,0.8020235651121969,2.432400571233299e-128,False,False,True,240,0.6078847962742516,2.177957041823953e-75,2.3750385004893776e-66,0.25494570375163744,0.6587018623417186,False,3.3132021874189377,0.9505535773932934,False,False,False,False,False,False,0.006890470753608269,9.68031523891355e-05
L144_gL0,144,2.0,gL,0,L144_gL0,L144_gL0_translated_t56p805,translated,0.5,1.0,open,0.0,56.805,0.3944791666666666666666666667,0.005,11361,"['charge_density_wave', 'block_cell9', 'block_cell27']","[['charge_density_wave', 'block_cell9'], ['charge_density_wave', 'block_cell27'], ['block_cell9', 'block_cell27']]",['block_cell9'],new_time_validation,"[200, 240, 280, 320]",charge_density_wave,0.0,0.0,0.0,2.590039711222018e-66,3.9080333975111094e-66,2.590039711222018e-66,3.9080333975111094e-66,1.0,0.0,0.0,0.25494570375163744,7.777960318138644e-66,1.1286573097179658e-61,1.5364460293406886e-66,0.0,1.036800002936066e-65,0.0,1.1286573097179658e-61,1.333049451932311,1.2419696934521198,0.9135712049901485,3.5074527940058984e-197,True,True,False,2.0,1.5364460293406886e-66,1.5364460293406886e-66,1.5799108891345827e-66,2.378418116259312e-66,1.5799108891345827e-66,2.378418116259312e-66,1.0,4.0,5.357621054555734e-274,1.5364460293406886e-66,1.5364460293406886e-66,1.0,4.212187288101008e-132,4.370823148889977e-264,1.5364460293406886e-66,1.5364460293406886e-66,0.25494570375163744,7.777960318138644e-66,1.0186573237560787e-61,0.0,1.0894317236613915e-65,0.0,1.0186579596335407e-61,2.835186573168554e-197,True,True,False,240,1.0165373059423738e-66,0.9114867029725592,2.2525983373673588e-66,0.25494570375163744,9.664911026183958e-68,True,3.344436364248395,0.9454108625650406,True,True,False,False,False,False,5.199087233983148e-67,5.199087233983148e-67
L144_gL0,144,2.0,gL,0,L144_gL0,L144_gL0_translated_t56p805,translated,0.5,1.0,open,0.0,56.805,0.3944791666666666666666666667,0.005,11361,"['charge_density_wave', 'block_cell9', 'block_cell27']","[['charge_density_wave', 'block_cell9'], ['charge_density_wave', 'block_cell27'], ['block_cell9', 'block_cell27']]",['block_cell9'],new_time_validation,"[200, 240, 280, 320]",block_cell9,4.0,0.053090372884648414,0.05301571074315808,1.0742571409229343e-09,1.6197775568824566e-09,1.0742571409229343e-09,1.5732383804887534e-09,0.9712681681531161,8.0,4.814346936464432e-241,0.27426320483335254,7.777960318138644e-66,1.6746786046180833e-06,0.05220613825433809,0.05301570966890094,0.05301571181741522,0.01931582582212966,0.019319175179338895,1.316700680181384,6.205037606880069,0.9166620839387178,3.212391772513967e-132,True,False,True,2.0,0.05307979149844827,0.053005173927850216,1.1168994128266527e-05,1.684016463331324e-05,1.1168994128266527e-05,1.6356408593340742e-05,0.971273675138809,4.0,2.6160618748923202e-241,0.053005173927850216,0.05307979149844827,1.0,0.002817464273869362,2.3527576748451502e-14,0.053005173927850216,0.05220613825433809,0.2742566447992355,7.777960318138644e-66,0.009973578539917344,0.05299400493372195,0.05301634292197849,0.009337362507680707,0.029284519587515392,3.225514429382077e-132,False,False,True,240,0.05301571167634645,1.2001398089078915e-72,2.2525983373673588e-66,0.25494570375163744,0.019317501081715063,False,3.4085930977016687,0.9508255925029516,False,True,False,False,False,False,0.0008095734220083597,1.0537748496235178e-05
L144_gL0,144,2.0,gL,0,L144_gL0,L144_gL0_translated_t56p805,translated,0.5,1.0,open,0.0,56.805,0.3944791666666666666666666667,0.005,11361,"['charge_density_wave', 'block_cell9', 'block_cell27']","[['charge_density_wave', 'block_cell9'], ['charge_density_wave', 'block_cell27'], ['block_cell9', 'block_cell27']]",['block_cell9'],new_time_validation,"[200, 240, 280, 320]",block_cell27,4.0,0.7257485774157162,0.5873646105633453,2.4775393061230137e-08,4.410382148622263e-08,2.4775393061230137e-08,3.374110213254668e-08,0.7650380623612603,8.0,2.3361641226816892e-241,0.8992403218896234,7.777960318138644e-66,3.3024753398779473e-05,0.5804521330094342,0.5873645857879523,0.5873646353387384,0.6442615853409911,0.6443276348477887,1.3501857835799456,6.482258923351765,0.9221385940909386,8.133279188401596e-129,True,False,True,2.0,0.7255653031371913,0.5872674426173167,0.0002014375003496574,0.00037012468286483325,0.0002014375003496574,0.0002831698821135757,0.765066193158988,4.0,1.385373654032708e-241,0.5872674426173167,0.7255653031371913,1.0,0.5264450107323101,8.506013148822976e-10,0.5872674426173167,0.5804521330094342,0.8991671074521037,7.777960318138644e-66,0.1379272797282817,0.587066005116967,0.5874688801176663,0.5062941239721845,0.782148683428748,2.1859159605029245e-128,False,False,True,240,0.5873646212408212,2.177957041823953e-75,2.2525983373673588e-66,0.25494570375163744,0.6442946181379859,False,3.4253795444965363,0.963307186961174,False,False,False,False,False,False,0.006912488231387015,9.717862350455686e-05
L144_gL0,144,2.0,gL,0,L144_gL0,L144_gL0_translated_t56p825,translated,0.5,1.0,open,0.0,56.825,0.3946180555555555555555555556,0.005,11365,"['charge_density_wave', 'block_cell9', 'block_cell27']","[['charge_density_wave', 'block_cell9'], ['charge_density_wave', 'block_cell27'], ['block_cell9', 'block_cell27']]",['block_cell9'],new_time_validation,"[200, 240, 280, 320]",charge_density_wave,0.0,0.0,0.0,2.4562921230144674e-66,3.70622799413041e-66,2.4562921230144674e-66,3.70622799413041e-66,1.0,0.0,0.0,0.25494570375163744,7.376983774005461e-66,1.070822169630501e-61,1.4572377544340334e-66,0.0,9.83327589701993e-66,0.0,1.070822169630501e-61,1.359069712460041,1.3905800729990005,0.9368177000433207,3.5074527940058984e-197,True,True,False,2.0,1.4572377544340334e-66,1.4572377544340334e-66,1.4981429609323812e-66,2.2553253779193825e-66,1.4981429609323812e-66,2.2553253779193825e-66,1.0,4.0,7.829162247938694e-274,1.4572377544340334e-66,1.4572377544340334e-66,1.0,3.788938662191676e-132,3.5365398170321265e-264,1.4572377544340334e-66,1.4572377544340334e-66,0.25494570375163744,7.376983774005461e-66,9.664459999515526e-62,0.0,1.0332364489371876e-65,0.0,9.664466030477019e-62,8.167571092217756e-198,True,True,False,240,9.641318423957592e-67,0.9114867029725592,2.1364703218346346e-66,0.25494570375163744,9.165171125265739e-68,True,3.375973302870989,0.9394571781158447,True,True,False,False,False,False,4.931059120382742e-67,4.931059120382742e-67
L144_gL0,144,2.0,gL,0,L144_gL0,L144_gL0_translated_t56p825,translated,0.5,1.0,open,0.0,56.825,0.3946180555555555555555555556,0.005,11365,"['charge_density_wave', 'block_cell9', 'block_cell27']","[['charge_density_wave', 'block_cell9'], ['charge_density_wave', 'block_cell27'], ['block_cell9', 'block_cell27']]",['block_cell9'],new_time_validation,"[200, 240, 280, 320]",block_cell9,4.0,0.05032911178450079,0.050265490314230186,1.017093061745374e-09,1.533407680024932e-09,1.017093061745374e-09,1.4915557926921756e-09,0.9727066142435937,8.0,3.4548764633229245e-241,0.27258051994333976,7.376983774005461e-66,1.5895688139272794e-06,0.049497681205085214,0.050265489297137124,0.05026549133132325,0.01763322609089008,0.01763640522851793,1.3326706383377314,6.626170199364424,0.9271876867860556,3.0465745088245995e-132,True,False,True,2.0,0.05031908015486671,0.050255496672189016,1.0574340406932665e-05,1.594144794375846e-05,1.0574340406932665e-05,1.5506435435470494e-05,0.9727118571774224,4.0,4.4979168935383844e-241,0.050255496672189016,0.05031908015486671,1.0,0.002532009835125679,1.89743193375888e-14,0.050255496672189016,0.049497681205085214,0.2725745135204729,7.376983774005461e-66,0.009484225249368407,0.050244922331782085,0.050266071012595955,0.008144584519467027,0.027113035018203842,3.057752825226303e-132,False,False,True,240,0.05026549119939109,1.2001398089078915e-72,2.1364703218346346e-66,0.25494570375163744,0.0176348161917023,False,3.4147442523390055,0.9400721434503794,False,True,False,False,True,False,0.000767809994305875,9.994527202072945e-06
L144_gL0,144,2.0,gL,0,L144_gL0,L144_gL0_translated_t56p825,translated,0.5,1.0,open,0.0,56.825,0.3946180555555555555555555556,0.005,11365,"['charge_density_wave', 'block_cell9', 'block_cell27']","[['charge_density_wave', 'block_cell9'], ['charge_density_wave', 'block_cell27'], ['block_cell9', 'block_cell27']]",['block_cell9'],new_time_validation,"[200, 240, 280, 320]",block_cell27,4.0,0.6879953986541463,0.5668059328112488,2.362187964355007e-08,4.148837566051241e-08,2.362187964355007e-08,3.198881500333635e-08,0.7710307886018901,8.0,4.5490342997150856e-241,0.8827680180359778,7.376983774005461e-66,3.156824819867413e-05,0.5598979880486935,0.5668059091893691,0.5668059564331285,0.627790736980095,0.6278538734764924,1.3242501951754093,6.425715921446681,0.9302189871668816,8.12259807910484e-129,True,False,True,2.0,0.6878216485569963,0.566708764541032,0.0001926453188024507,0.00034815930143470045,0.0001926453188024507,0.00026845151881949253,0.7710594481125541,4.0,1.2934761456856655e-241,0.566708764541032,0.6878216485569963,1.0,0.47309862167355565,6.859416512681647e-10,0.566708764541032,0.5598979880486935,0.8826855973004328,7.376983774005461e-66,0.13252621847422233,0.5665161192222296,0.5669014098598345,0.49521367507457303,0.7602661120230177,1.9644096021607722e-128,False,False,True,240,0.5668059434897671,2.177957041823953e-75,2.1364703218346346e-66,0.25494570375163744,0.6278223142843403,False,3.3910434041172266,0.9598544463515282,False,False,False,False,False,False,0.006907955441073588,9.717894873506605e-05
L144_gL0,144,2.0,gL,0,L144_gL0,L144_gL0_translated_t56p845,translated,0.5,1.0,open,0.0,56.845,0.3947569444444444444444444444,0.005,11369,"['charge_density_wave', 'block_cell9', 'block_cell27']","[['charge_density_wave', 'block_cell9'], ['charge_density_wave', 'block_cell27'], ['block_cell9', 'block_cell27']]",['block_cell9'],new_time_validation,"[200, 240, 280, 320]",charge_density_wave,0.0,0.0,0.0,2.3294512321106211e-66,3.5148436574999783e-66,2.3294512321106211e-66,3.5148436574999783e-66,1.0,0.0,0.0,0.25494570375163744,6.996678740444277e-66,1.015950528149101e-61,1.3821128971638447e-66,0.0,9.326129972554898e-66,0.0,1.015950528149101e-61,1.350849213078618,1.3708412144333124,0.920721223577857,3.5074527940058984e-197,True,True,False,2.0,1.3821128971638447e-66,1.3821128971638447e-66,1.4206069723332643e-66,2.1386032735207767e-66,1.4206069723332643e-66,2.1386032735207767e-66,1.0,4.0,5.959078498779768e-274,1.3821128971638447e-66,1.3821128971638447e-66,1.0,3.408218872939807e-132,2.861500786328991e-264,1.3821128971638447e-66,1.3821128971638447e-66,0.25494570375163744,6.996678740444277e-66,9.169106697301807e-62,0.0,9.799398609941386e-66,0.0,9.169112417349882e-62,2.4638594601365974e-197,True,True,False,240,9.144280333712969e-67,0.9114867029725592,2.0263290442692878e-66,0.25494570375163744,8.691271626805046e-68,True,3.4686466585844755,0.9658938478678465,True,True,False,False,False,False,4.6768486379254785e-67,4.6768486379254785e-67
L144_gL0,144,2.0,gL,0,L144_gL0,L144_gL0_translated_t56p845,translated,0.5,1.0,open,0.0,56.845,0.3947569444444444444444444444,0.005,11369,"['charge_density_wave', 'block_cell9', 'block_cell27']","[['charge_density_wave', 'block_cell9'], ['charge_density_wave', 'block_cell27'], ['block_cell9', 'block_cell27']]",['block_cell9'],new_time_validation,"[200, 240, 280, 320]",block_cell9,4.0,0.04771147722542993,0.04765726491700862,9.630301295832138e-10,1.4517497692290187e-09,9.630301295832138e-10,1.4141143923538513e-09,0.9740758513120656,8.0,7.879028810439125e-241,0.2710402234884177,6.996678740444277e-66,1.5088634940561547e-06,0.04692909554885391,0.04765726395397849,0.04765726588003875,0.016093010386324113,0.016096028113312226,1.326921634376049,6.209866868332028,0.9161949157714844,2.8891961242966243e-132,True,True,False,2.0,0.04770196678792796,0.047647786855037635,1.0011945246245147e-05,1.5091801518272997e-05,1.0011945246245147e-05,1.4700634725860358e-05,0.9740808417113744,4.0,1.387868488184048e-241,0.047647786855037635,0.04770196678792796,1.0,0.002275477642161444,1.5302272673959294e-14,0.047647786855037635,0.04692909554885391,0.27103472602699363,6.996678740444277e-66,0.00901920399322219,0.04763777490979139,0.047657798800283875,0.0070698182821339675,0.025108226268578348,2.898717351731608e-132,False,True,False,240,0.04765726575657767,1.2001398089078915e-72,2.0263290442692878e-66,0.25494570375163744,0.016094519736780256,True,3.5658621564507484,0.9678621198982,True,True,False,False,False,False,0.000728170207723762,9.478901540037332e-06
L144_gL0,144,2.0,gL,0,L144_gL0,L144_gL0_translated_t56p845,translated,0.5,1.0,open,0.0,56.845,0.3947569444444444444444444444,0.005,11369,"['charge_density_wave', 'block_cell9', 'block_cell27']","[['charge_density_wave', 'block_cell9'], ['charge_density_wave', 'block_cell27'], ['block_cell9', 'block_cell27']]",['block_cell9'],new_time_validation,"[200, 240, 280, 320]",block_cell27,4.0,0.6522062937215002,0.5462868089689787,2.25016615441188e-08,3.902526208408442e-08,2.25016615441188e-08,3.032753512099648e-08,0.7771257257837836,8.0,8.118893760018386e-241,0.8644732973222272,6.996678740444277e-66,3.014990250746208e-05,0.5394089473138235,0.5462867864673172,0.5462868314706403,0.6094974337296446,0.6095577335346596,1.3174591809511185,6.153727727010846,0.9165294710546732,8.082100666526578e-129,True,False,True,2.0,0.6520415728312244,0.5461900023693875,0.0001840172589925031,0.0003274742958863801,0.0001840172589925031,0.0002544982280382238,0.7771548217223255,4.0,5.16174908942241e-242,0.5461900023693875,0.6520415728312244,1.0,0.42515821400128034,5.531578153838388e-10,0.5461900023693875,0.5394089473138235,0.8643828556557239,6.996678740444277e-66,0.1271978832598215,0.5460059851103951,0.5463740196283801,0.482239268644265,0.736635035163908,1.765350147519494e-128,False,False,True,240,0.5462868196087493,2.177957041823953e-75,2.0263290442692878e-66,0.25494570375163744,0.6095275935705897,False,3.5389151759445667,1.0019608065485954,False,False,False,False,False,False,0.006877872294925758,9.681723936172393e-05
L144_gL0,144,2.0,gL,0,L144_gL0,L144_gL0_translated_t56p865,translated,0.5,1.0,open,0.0,56.865,0.3948958333333333333333333333,0.005,11373,"['charge_density_wave', 'block_cell9', 'block_cell27']","[['charge_density_wave', 'block_cell9'], ['charge_density_wave', 'block_cell27'], ['block_cell9', 'block_cell27']]",['block_cell9'],new_time_validation,"[200, 240, 280, 320]",charge_density_wave,0.0,0.0,0.0,2.209160374017754e-66,3.3333422461136314e-66,2.209160374017754e-66,3.3333422461136314e-66,1.0,0.0,0.0,0.25494570375163744,6.635979540782527e-66,9.63890540206763e-62,1.310860945438886e-66,0.0,8.845139914800281e-66,0.0,9.63890540206763e-62,1.428359778597951,1.2851923275738955,0.9134637899696827,3.5074527940058984e-197,True,True,False,2.0,1.310860945438886e-66,1.310860945438886e-66,1.3470838941110002e-66,2.027922087891353e-66,1.3470838941110002e-66,2.027922087891353e-66,1.0,4.0,1.354148513392375e-273,1.310860945438886e-66,1.310860945438886e-66,1.0,3.065754540357005e-132,2.3153102110505805e-264,1.310860945438886e-66,1.310860945438886e-66,0.25494570375163744,6.635979540782527e-66,8.699141852467292e-62,0.0,9.293924380332414e-66,0.0,8.699147277630432e-62,1.8424770976807815e-197,True,True,False,240,8.672866006971492e-67,0.9114867029725592,1.9218658708646905e-66,0.25494570375163744,8.241876354643674e-68,True,3.281818263232708,0.9398952107876539,True,True,False,False,False,False,4.435743447417369e-67,4.435743447417369e-67
L144_gL0,144,2.0,gL,0,L144_gL0,L144_gL0_translated_t56p865,translated,0.5,1.0,open,0.0,56.865,0.3948958333333333333333333333,0.005,11373,"['charge_density_wave', 'block_cell9', 'block_cell27']","[['charge_density_wave', 'block_cell9'], ['charge_density_wave', 'block_cell27'], ['block_cell9', 'block_cell27']]",['block_cell9'],new_time_validation,"[200, 240, 280, 320]",block_cell9,2.0,0.045220981549002004,0.045174815309175526,9.480008185249036e-06,1.4288439676535908e-05,9.480008185249036e-06,1.3936710700768876e-05,0.9753836679350908,4.0,1.1654980261988583e-241,0.26963078541788427,6.635979540782527e-66,0.008577275220657245,0.0444932541849897,0.045165335300990275,0.045184295317360776,0.006102776627174283,0.02325732706848877,1.3248552400618792,4.382262611761689,0.914898719638586,2.739845025280835e-132,True,True,False,2.0,0.045220981549002004,0.045174815309175526,9.480008185249036e-06,1.4288439676535908e-05,9.480008185249036e-06,1.3936710700768876e-05,0.9753836679350908,4.0,1.1654980261988583e-241,0.045174815309175526,0.045220981549002004,1.0,0.0020449371782900287,1.2340887436739686e-14,0.045174815309175526,0.0444932541849897,0.269625755599469,6.635979540782527e-66,0.008577275220657245,0.045165335300990275,0.045184295317360776,0.006102776627174283,0.02325732706848877,2.7479540808226468e-132,True,True,False,240,0.04518380483933044,1.2001398089078915e-72,1.9218658708646905e-66,0.25494570375163744,0.014685081666246807,True,3.3118849992752075,0.9306151811033487,True,True,False,False,False,False,0.0006905506543407394,8.989530154913938e-06
L144_gL0,144,2.0,gL,0,L144_gL0,L144_gL0_translated_t56p865,translated,0.5,1.0,open,0.0,56.865,0.3948958333333333333333333333,0.005,11373,"['charge_density_wave', 'block_cell9', 'block_cell27']","[['charge_density_wave', 'block_cell9'], ['charge_density_wave', 'block_cell27'], ['block_cell9', 'block_cell27']]",['block_cell9'],new_time_validation,"[200, 240, 280, 320]",block_cell27,4.0,0.6182790746607953,0.5258819466924382,2.1416023707065387e-08,3.6706780970430085e-08,2.1416023707065387e-08,2.8752535636382266e-08,0.7833031084786344,8.0,6.518083469093693e-241,0.8446128248138984,6.635979540782527e-66,2.877150914026801e-05,0.5190583582125355,0.5258819252764144,0.5258819681084619,0.5896383388677999,0.5896958818860805,1.4136298596858978,6.136030189692974,0.919396786019206,8.01345376184872e-129,True,False,True,2.0,0.6181229137286094,0.5257858454426154,0.0001755775000887631,0.00030800486830617605,0.0001755775000887631,0.0002412702378270777,0.783332546507804,4.0,4.8077624383495365e-241,0.5257858454426154,0.6181229137286094,1.0,0.38207593764385966,4.4607890246767796e-10,0.5257858454426154,0.5190583582125355,0.8445155967588365,6.635979540782527e-66,0.12195764855726231,0.5256102679425266,0.5259614229427042,0.4676122444499367,0.7115275415644613,1.5864627906350224e-128,False,False,True,240,0.5258819572556723,2.177957041823953e-75,1.9218658708646905e-66,0.25494570375163744,0.5896671210622609,False,3.3000377528369427,0.954934611916542,False,False,False,False,False,False,0.0068235990431367854,9.611181305690941e-05
L144_gL0,144,2.0,gL,0,L144_gL0,L144_gL0_translated_t57p765,translated,0.5,1.0,open,0.0,57.765,0.4011458333333333333333333333,0.005,11553,"['charge_density_wave', 'block_cell9', 'block_cell27']","[['charge_density_wave', 'block_cell9'], ['charge_density_wave', 'block_cell27'], ['block_cell9', 'block_cell27']]",['block_cell27'],new_time_validation,"[200, 240, 280, 320]",charge_density_wave,0.0,0.0,0.0,2.0326152255762987e-67,3.0670433176369596e-67,2.0326152255762987e-67,3.0670433176369596e-67,1.0,0.0,0.0,0.25494570375163744,6.130484059205306e-67,9.035658223772481e-63,1.2110061642685897e-67,0.0,8.163099284781604e-67,0.0,9.035658223772481e-63,1.4535595159977674,1.3853186629712582,0.9238983038812876,3.5074527940058984e-197,True,True,False,2.0,1.2110061642685897e-67,1.2110061642685897e-67,1.2326640131764334e-67,1.8557362285590952e-67,1.2326640131764334e-67,1.8557362285590952e-67,1.0,4.0,1.5492207063603472e-274,1.2110061642685897e-67,1.2110061642685897e-67,1.0,2.612064085864357e-134,1.6799581994349366e-268,1.2110061642685897e-67,1.2110061642685897e-67,0.25494570375163744,6.130484059205306e-67,8.149863462708055e-63,0.0,8.574154236650328e-67,0.0,8.149868474619123e-63,3.767837189536344e-197,True,True,False,240,8.012210778620412e-68,0.9114867029725592,1.7754678134341196e-67,0.25494570375163744,7.559245453936163e-69,True,3.274182675406337,0.9365148451179266,True,True,False,False,False,False,4.097850864065485e-68,4.097850864065485e-68
L144_gL0,144,2.0,gL,0,L144_gL0,L144_gL0_translated_t57p765,translated,0.5,1.0,open,0.0,57.765,0.4011458333333333333333333333,0.005,11553,"['charge_density_wave', 'block_cell9', 'block_cell27']","[['charge_density_wave', 'block_cell9'], ['charge_density_wave', 'block_cell27'], ['block_cell9', 'block_cell27']]",['block_cell27'],new_time_validation,"[200, 240, 280, 320]",block_cell9,2.0,0.0040889833459212795,0.004088949162889125,8.40505398558466e-07,1.2657142465857398e-06,8.40505398558466e-07,1.2628102228488096e-06,0.9977056245161467,4.0,5.481149719318898e-242,0.2551463933946647,6.130484059205306e-67,0.0009070960079324174,0.004027066510784424,0.004088108657490566,0.004089789668287683,0.0,0.0011077121186479763,1.3271481525152922,4.44020732305944,0.9067985340952873,2.4847195610784004e-133,True,True,False,2.0,0.0040889833459212795,0.004088949162889125,8.40505398558466e-07,1.2657142465857398e-06,8.40505398558466e-07,1.2628102228488096e-06,0.9977056245161467,4.0,5.481149719318898e-242,0.004088949162889125,0.0040889833459212795,1.0,1.671978484950484e-05,7.738461100859593e-19,0.004088949162889125,0.004027066510784424,0.25514631986235303,6.130484059205306e-67,0.0009070960079324174,0.004088108657490566,0.004089789668287683,0.0,0.0011077121186479763,2.48473749112267e-133,True,True,False,240,0.004089766591969698,1.2001398089078915e-72,1.7754678134341196e-67,0.25494570375163744,0.00020068964302725044,True,3.3211106564849615,0.9346573632210493,True,True,False,False,False,False,6.270008118527438e-05,8.174290805733342e-07
L144_gL0,144,2.0,gL,0,L144_gL0,L144_gL0_translated_t57p765,translated,0.5,1.0,open,0.0,57.765,0.4011458333333333333333333333,0.005,11553,"['charge_density_wave', 'block_cell9', 'block_cell27']","[['charge_density_wave', 'block_cell9'], ['charge_density_wave', 'block_cell27'], ['block_cell9', 'block_cell27']]",['block_cell27'],new_time_validation,"[200, 240, 280, 320]",block_cell27,4.0,0.055882797979683596,0.05579574398680694,1.7839571009357204e-09,2.6904175006219177e-09,1.7839571009357204e-09,2.6092065315136177e-09,0.9698147335536111,8.0,2.350452335508984e-241,0.276023566947042,6.130484059205306e-67,2.7158946726112273e-06,0.054804331948827556,0.055795742202849836,0.05579574577076404,0.02107514630032237,0.021080578089667592,1.350467311218381,6.2223166804760695,0.9292570501565933,1.1546480851700904e-129,True,False,True,2.0,0.05586864889285881,0.055781660904545845,1.4939356054852897e-05,2.2529941426955957e-05,1.4939356054852897e-05,2.1850034358720078e-05,0.9698220667621263,4.0,1.597277159364238e-241,0.055781660904545845,0.05586864889285881,1.0,0.0031213059380498956,2.7893120475750676e-14,0.055781660904545845,0.054804331948827556,0.2760145003835321,6.130484059205306e-67,0.0130275410967681,0.055766721548490994,0.055796600260600696,0.00804125553512652,0.03409633772866272,1.1598846401234838e-129,False,False,True,240,0.05579574554076708,2.177957041823953e-75,1.7754678134341196e-67,0.25494570375163744,0.021077863195404514,False,3.2826450560241938,0.9476191326975822,False,True,False,False,False,False,0.0009914135919395217,1.408463622123296e-05
L144_gL0,144,2.0,gL,0,L144_gL0,L144_gL0_translated_t57p785,translated,0.5,1.0,open,0.0,57.785,0.4012847222222222222222222222,0.005,11557,"['charge_density_wave', 'block_cell9', 'block_cell27']","[['charge_density_wave', 'block_cell9'], ['charge_density_wave', 'block_cell27'], ['block_cell9', 'block_cell27']]",['block_cell27'],new_time_validation,"[200, 240, 280, 320]",charge_density_wave,0.0,0.0,0.0,1.9276556561623005e-67,2.9086700325363742e-67,1.9276556561623005e-67,2.9086700325363742e-67,1.0,0.0,0.0,0.25494570375163744,5.8144397222097704e-67,8.57260359227162e-63,1.1485752637740232e-67,0.0,7.742095378372071e-67,0.0,8.57260359227162e-63,1.3702400401234627,1.3892771173268557,0.9174661971628666,3.5074527940058984e-197,True,True,False,2.0,1.1485752637740232e-67,1.1485752637740232e-67,1.1688700653720374e-67,1.759697803109893e-67,1.1688700653720374e-67,1.759697803109893e-67,1.0,4.0,1.3235764317226828e-274,1.1485752637740232e-67,1.1485752637740232e-67,1.0,2.3495990990116785e-134,1.3592952313250424e-268,1.1485752637740232e-67,1.1485752637740232e-67,0.25494570375163744,5.8144397222097704e-67,7.732102044425507e-63,0.0,8.13188505135583e-67,0.0,7.732106797958138e-63,3.028358587688773e-197,True,True,False,240,7.599157939897947e-68,0.9114867029725592,1.6839372682871778e-67,0.25494570375163744,7.16840344871831e-69,True,3.436186496168375,0.9764856919646263,True,True,False,False,False,False,3.886594697842285e-68,3.886594697842285e-68
L144_gL0,144,2.0,gL,0,L144_gL0,L144_gL0_translated_t57p785,translated,0.5,1.0,open,0.0,57.785,0.4012847222222222222222222222,0.005,11557,"['charge_density_wave', 'block_cell9', 'block_cell27']","[['charge_density_wave', 'block_cell9'], ['charge_density_wave', 'block_cell27'], ['block_cell9', 'block_cell27']]",['block_cell27'],new_time_validation,"[200, 240, 280, 320]",block_cell9,2.0,0.0038763576841290524,0.003876328561093391,7.96739689579655e-07,1.199808706273595e-06,7.96739689579655e-07,1.197198627979411e-06,0.9978245879692853,4.0,1.1923476733282975e-241,0.25512767019237553,5.8144397222097704e-67,0.0008629305081974721,0.00381766220383078,0.003875531821403811,0.0038771253007829705,0.0,0.0010448302194519508,1.3296042308211327,4.468818048015237,0.9200994838029146,2.355520333720907e-133,True,True,False,2.0,0.0038763576841290524,0.003876328561093391,7.96739689579655e-07,1.199808706273595e-06,7.96739689579655e-07,1.197198627979411e-06,0.9978245879692853,4.0,1.1923476733282975e-241,0.003876328561093391,0.0038763576841290524,1.0,1.5026148936842852e-05,6.24133657914037e-19,0.003876328561093391,0.00381766220383078,0.2551276034628919,5.8144397222097704e-67,0.0008629305081974721,0.003875531821403811,0.0038771253007829705,0.0,0.0010448302194519508,2.3555315272475654e-133,True,True,False,240,0.003877103529466699,1.2001398089078915e-72,1.6839372682871778e-67,0.25494570375163744,0.000181966440738052,True,3.4925184343010187,0.9971459005028009,True,True,False,False,False,False,5.944132563591919e-05,7.749683733080173e-07
L144_gL0,144,2.0,gL,0,L144_gL0,L144_gL0_translated_t57p785,translated,0.5,1.0,open,0.0,57.785,0.4012847222222222222222222222,0.005,11557,"['charge_density_wave', 'block_cell9', 'block_cell27']","[['charge_density_wave', 'block_cell9'], ['charge_density_wave', 'block_cell27'], ['block_cell9', 'block_cell27']]",['block_cell27'],new_time_validation,"[200, 240, 280, 320]",block_cell27,4.0,0.05297643144087319,0.052902248312714784,1.6889156052009097e-09,2.5467556769506783e-09,1.6889156052009097e-09,2.4737216824444106e-09,0.9713227322246655,8.0,2.8830885163030507e-241,0.2741926171540462,5.8144397222097704e-67,2.577860964887734e-06,0.05196193943312876,0.05290224662379918,0.052902250001630395,0.019244334625039283,0.01924949034696906,1.3243511691689491,6.508914386853576,0.9297824781388044,1.09509645416344e-129,True,False,True,2.0,0.05296301751038329,0.052888890639912395,1.4143096152008717e-05,2.132595950674265e-05,1.4143096152008717e-05,2.0714538178736976e-05,0.9713297154197277,4.0,3.956328969871831e-241,0.052888890639912395,0.05296301751038329,1.0,0.0028050812318246823,2.249539193551042e-14,0.052888890639912395,0.05196193943312876,0.27418431259960674,5.8144397222097704e-67,0.012388955314173373,0.05287474754376039,0.052903033736064406,0.006849653533795929,0.03162756416214268,1.0995608576287692e-129,False,False,True,240,0.05290224978675205,2.177957041823953e-75,1.6839372682871778e-67,0.25494570375163744,0.01924691340240871,False,3.45616146735847,1.0083369314670563,False,True,False,False,False,False,0.0009403103536232901,1.3359146839656e-05
L144_gL0,144,2.0,gL,0,L144_gL0,L144_gL0_translated_t57p805,translated,0.5,1.0,open,0.0,57.805,0.4014236111111111111111111111,0.005,11561,"['charge_density_wave', 'block_cell9', 'block_cell27']","[['charge_density_wave', 'block_cell9'], ['charge_density_wave', 'block_cell27'], ['block_cell9', 'block_cell27']]",['block_cell27'],new_time_validation,"[200, 240, 280, 320]",charge_density_wave,0.0,0.0,0.0,1.8281160166944733e-67,2.758474776452963e-67,1.8281160166944733e-67,2.758474776452963e-67,1.0,0.0,0.0,0.25494570375163744,5.514688392745503e-67,8.133278453807736e-63,1.0893628583223093e-67,0.0,7.342804409439976e-67,0.0,8.133278453807736e-63,1.4454609267413616,1.3494859971106052,0.9182216562330723,3.5074527940058984e-197,True,True,False,2.0,1.0893628583223093e-67,1.0893628583223093e-67,1.1083776845468558e-67,1.668629643467879e-67,1.1083776845468558e-67,1.668629643467879e-67,1.0,4.0,2.8191740534185516e-274,1.0893628583223093e-67,1.0893628583223093e-67,1.0,2.113507078893418e-134,1.099838987972724e-268,1.0893628583223093e-67,1.0893628583223093e-67,0.25494570375163744,5.514688392745503e-67,7.335754272680437e-63,0.0,7.712428935614667e-67,0.0,7.335758781154785e-63,6.1104734842466374e-198,True,True,False,240,7.2073991799623194e-68,0.9114867029725592,1.5971253897539054e-67,0.25494570375163744,6.79776988401581e-69,True,3.3647334408015013,0.956990884616971,True,True,False,False,False,False,3.6862294032607733e-68,3.6862294032607733e-68
L144_gL0,144,2.0,gL,0,L144_gL0,L144_gL0_translated_t57p805,translated,0.5,1.0,open,0.0,57.805,0.4014236111111111111111111111,0.005,11561,"['charge_density_wave', 'block_cell9', 'block_cell27']","[['charge_density_wave', 'block_cell9'], ['charge_density_wave', 'block_cell27'], ['block_cell9', 'block_cell27']]",['block_cell27'],new_time_validation,"[200, 240, 280, 320]",block_cell9,2.0,0.003674789343677203,0.0036747645316098864,7.552576458035186e-07,1.137342103455501e-06,7.552576458035186e-07,1.1349962208270186e-06,0.9979373992914224,4.0,5.882758973064459e-242,0.2551106809599873,5.514688392745503e-67,0.0008209098283325131,0.0036191473075303585,0.003674009273964083,0.00367551978925569,0.0,0.0009858264862630862,1.337778452783823,4.418765123933554,0.9160188604146242,2.233039112096945e-133,True,True,False,2.0,0.003674789343677203,0.0036747645316098864,7.552576458035186e-07,1.137342103455501e-06,7.552576458035186e-07,1.1349962208270186e-06,0.9979373992914224,4.0,5.882758973064459e-242,0.0036747645316098864,0.003674789343677203,1.0,1.3504076757680136e-05,5.033861879647051e-19,0.0036747645316098864,0.0036191473075303585,0.25511062040956806,5.514688392745503e-67,0.0008209098283325131,0.003674009273964083,0.00367551978925569,0.0,0.0009858264862630862,2.2330447785982418e-133,True,True,False,240,0.003675499244808112,1.2001398089078915e-72,1.5971253897539054e-67,0.25494570375163744,0.00016497720834980615,True,3.4114554841071367,0.957998039200902,True,True,False,False,False,False,5.635193727775373e-05,7.347131982258018e-07
L144_gL0,144,2.0,gL,0,L144_gL0,L144_gL0_translated_t57p805,translated,0.5,1.0,open,0.0,57.805,0.4014236111111111111111111111,0.005,11561,"['charge_density_wave', 'block_cell9', 'block_cell27']","[['charge_density_wave', 'block_cell9'], ['charge_density_wave', 'block_cell27'], ['block_cell9', 'block_cell27']]",['block_cell27'],new_time_validation,"[200, 240, 280, 320]",block_cell27,4.0,0.050221232205438,0.050158018460337045,1.5990393196113363e-09,2.410950255441511e-09,1.5990393196113363e-09,2.3452723626871234e-09,0.9727585035791788,8.0,4.206809532629527e-241,0.2725159746376277,5.514688392745503e-67,2.446974887815231e-06,0.049266220275802436,0.05015801686129773,0.05015802005937636,0.017567823071979644,0.017572717021755276,1.3280428051948547,6.373053431510925,0.9460312779992819,1.0385685725367518e-129,True,False,True,2.0,0.05020851523168,0.05014534943483251,1.339010280340001e-05,2.018786865427713e-05,1.339010280340001e-05,1.963805511712861e-05,0.9727651518560859,4.0,1.1589189039856577e-241,0.05014534943483251,0.05020851523168,1.0,0.0025208950089665853,1.8142233180053732e-14,0.05014534943483251,0.049266220275802436,0.2725083710439912,5.514688392745503e-67,0.011782100593561976,0.05013195933202911,0.05015873953763591,0.005780566698791809,0.02934476788591576,1.0423746752884228e-129,False,False,True,240,0.05015801985849532,2.177957041823953e-75,1.5971253897539054e-67,0.25494570375163744,0.017570270885990273,False,3.4068613331764936,0.9660529382526875,False,True,False,False,True,False,0.0008917995826928857,1.2670423662812513e-05
L144_gL0,144,2.0,gL,0,L144_gL0,L144_gL0_translated_t57p825,translated,0.5,1.0,open,0.0,57.825,0.4015625,0.005,11565,"['charge_density_wave', 'block_cell9', 'block_cell27']","[['charge_density_wave', 'block_cell9'], ['charge_density_wave', 'block_cell27'], ['block_cell9', 'block_cell27']]",['block_cell27'],new_time_validation,"[200, 240, 280, 320]",charge_density_wave,0.0,0.0,0.0,1.7337164282894472e-67,2.6160352503079688e-67,1.7337164282894472e-67,2.6160352503079688e-67,1.0,0.0,0.0,0.25494570375163744,5.230390118744582e-67,7.716466823231151e-63,1.0332030251050503e-67,0.0,6.964106547034029e-67,0.0,7.716466823231151e-63,1.3526503145694733,1.3065085858106613,0.9226103201508522,3.5074527940058984e-197,True,True,False,2.0,1.0332030251050503e-67,1.0332030251050503e-67,1.05101600035845e-67,1.5822745205503758e-67,1.05101600035845e-67,1.5822745205503758e-67,1.0,4.0,3.2221934777894086e-274,1.0332030251050503e-67,1.0332030251050503e-67,1.0,1.9011380207112448e-134,8.899066012949237e-269,1.0332030251050503e-67,1.0332030251050503e-67,0.25494570375163744,5.230390118744582e-67,6.959722565326854e-63,0.0,7.314609144208082e-67,0.0,6.959726841376376e-63,1.6156644808598558e-197,True,True,False,240,6.835836726933344e-68,0.9114867029725592,1.514788916805154e-67,0.25494570375163744,6.446299863360682e-69,True,3.357301987707615,0.9687805715948343,True,True,False,False,False,False,3.4961935241171584e-68,3.4961935241171584e-68
L144_gL0,144,2.0,gL,0,L144_gL0,L144_gL0_translated_t57p825,translated,0.5,1.0,open,0.0,57.825,0.4015625,0.005,11565,"['charge_density_wave', 'block_cell9', 'block_cell27']","[['charge_density_wave', 'block_cell9'], ['charge_density_wave', 'block_cell27'], ['block_cell9', 'block_cell27']]",['block_cell27'],new_time_validation,"[200, 240, 280, 320]",block_cell9,2.0,0.003483703257245952,0.003483682117998861,7.159396373343051e-07,1.0781342743599076e-06,7.159396373343051e-07,1.0760258479945332e-06,0.9980443749767381,4.0,1.3437772647224056e-241,0.25509526652400427,5.230390118744582e-67,0.0007809299261403067,0.003430955551930898,0.003482966178361527,0.0034843980576361954,0.0,0.0009304377599602438,1.4101049844175577,4.5681575909256935,0.9129340704530478,2.1169266330434818e-133,True,True,False,2.0,0.003483703257245952,0.003483682117998861,7.159396373343051e-07,1.0781342743599076e-06,7.159396373343051e-07,1.0760258479945332e-06,0.9980443749767381,4.0,1.3437772647224056e-241,0.003483682117998861,0.003483703257245952,1.0,1.2136188417999693e-05,4.0599966732305614e-19,0.003483682117998861,0.003430955551930898,0.2550952115854574,5.230390118744582e-67,0.0007809299261403067,0.003482966178361527,0.0034843980576361954,0.0,0.0009304377599602438,2.116927791929014e-133,True,True,False,240,0.003484378667013404,1.2001398089078915e-72,1.514788916805154e-67,0.25494570375163744,0.00014956277236683417,True,3.3875345904380083,0.9660814348608255,True,True,False,False,False,False,5.342311508250595e-05,6.96549014542712e-07
L144_gL0,144,2.0,gL,0,L144_gL0,L144_gL0_translated_t57p825,translated,0.5,1.0,open,0.0,57.825,0.4015625,0.005,11565,"['charge_density_wave', 'block_cell9', 'block_cell27']","[['charge_density_wave', 'block_cell9'], ['charge_density_wave', 'block_cell27'], ['block_cell9', 'block_cell27']]",['block_cell27'],new_time_validation,"[200, 240, 280, 320]",block_cell27,4.0,0.047609337039188133,0.04755547176470313,1.5140388533546158e-09,2.2825538660754476e-09,1.5140388533546158e-09,2.223493207248874e-09,0.9741251850813402,8.0,9.561242080974886e-241,0.2709812255493617,5.230390118744582e-67,2.322854944168775e-06,0.04670971713413567,0.047555470250664277,0.04755547327874198,0.016033198174710446,0.016037843884598783,1.3282867427915335,6.255802895873785,0.9270923770964146,9.849179921610607e-130,True,True,False,2.0,0.047597280807585414,0.04754345639781357,1.267795626883642e-05,1.911191428496787e-05,1.267795626883642e-05,1.8617517979821817e-05,0.9741315130564963,4.0,4.6755233912123907e-241,0.04754345639781357,0.047597280807585414,1.0,0.0022655011467345304,1.463149296869326e-14,0.04754345639781357,0.04670971713413567,0.270974266366198,5.230390118744582e-67,0.011205361458139267,0.047530778441544734,0.0475561343540824,0.004823201156421271,0.027233924072699804,9.88162884697844e-130,False,True,False,240,0.04755547309083158,2.177957041823953e-75,1.514788916805154e-67,0.25494570375163744,0.016035521797724227,True,3.3506344314664602,0.9675750713795424,True,True,False,False,False,False,0.0008457559566959066,1.2016693018007674e-05
L144_gL0,144,2.0,gL,0,L144_gL0,L144_gL0_translated_t57p845,translated,0.5,1.0,open,0.0,57.845,0.4017013888888888888888888889,0.005,11569,"['charge_density_wave', 'block_cell9', 'block_cell27']","[['charge_density_wave', 'block_cell9'], ['charge_density_wave', 'block_cell27'], ['block_cell9', 'block_cell27']]",['block_cell27'],new_time_validation,"[200, 240, 280, 320]",charge_density_wave,0.0,0.0,0.0,1.6441914648467553e-67,2.4809509620488363e-67,1.6441914648467553e-67,2.4809509620488363e-67,1.0,0.0,0.0,0.25494570375163744,4.9607482501184834e-67,7.321015024488868e-63,9.799383951186483e-68,0.0,6.604939714965238e-67,0.0,7.321015024488868e-63,1.4421676807105541,1.3982328958809376,0.9170775916427374,3.5074527940058984e-197,True,True,False,2.0,9.799383951186483e-68,9.799383951186483e-68,9.966229858646918e-68,1.5003885179844862e-67,9.966229858646918e-68,1.5003885179844862e-67,1.0,4.0,4.921016970049192e-274,9.799383951186483e-68,9.799383951186483e-68,1.0,1.7101081971210653e-134,7.200451772381818e-269,9.799383951186483e-68,9.799383951186483e-68,0.25494570375163744,4.9607482501184834e-67,6.602965596022743e-63,0.0,6.937309631101823e-67,0.0,6.60296965162961e-63,1.5048657023889154e-197,True,True,False,240,6.4834294022736605e-68,0.9114867029725592,1.436697129227465e-67,0.25494570375163744,6.113002518762318e-69,True,3.3706099800765514,0.951780816540122,True,True,False,False,False,False,3.315954548912822e-68,3.315954548912822e-68
L144_gL0,144,2.0,gL,0,L144_gL0,L144_gL0_translated_t57p845,translated,0.5,1.0,open,0.0,57.845,0.4017013888888888888888888889,0.005,11569,"['charge_density_wave', 'block_cell9', 'block_cell27']","[['charge_density_wave', 'block_cell9'], ['charge_density_wave', 'block_cell27'], ['block_cell9', 'block_cell27']]",['block_cell27'],new_time_validation,"[200, 240, 280, 320]",block_cell9,2.0,0.0033025542679383916,0.0033025362578294466,6.786723475779629e-07,1.0220145658686258e-06,6.786723475779629e-07,1.0201195622073308e-06,0.9981458154075481,4.0,1.2332432734478001e-241,0.25508128216579834,4.9607482501184834e-67,0.0007428918180506742,0.0032525501099752896,0.0033018575854818688,0.0033032149301770244,0.0,0.0008784203898559457,1.325864251703024,4.534967275336385,0.9211214110255241,2.00685178053553e-133,True,True,False,2.0,0.0033025542679383916,0.0033025362578294466,6.786723475779629e-07,1.0220145658686258e-06,6.786723475779629e-07,1.0201195622073308e-06,0.9981458154075481,4.0,1.2332432734478001e-241,0.0033025362578294466,0.0033025542679383916,1.0,1.090686472270086e-05,3.274543399697555e-19,0.0033025362578294466,0.0032525501099752896,0.2550812323234427,4.9607482501184834e-67,0.0007428918180506742,0.0033018575854818688,0.0033032149301770244,0.0,0.0008784203898559457,2.00685178053553e-133,True,True,False,240,0.003303196625055643,1.2001398089078915e-72,1.436697129227465e-67,0.25494570375163744,0.00013557841416090012,True,3.410387735813856,0.9592068754136562,True,True,False,False,False,False,5.064651508035348e-05,6.603672261964837e-07
L144_gL0,144,2.0,gL,0,L144_gL0,L144_gL0_translated_t57p845,translated,0.5,1.0,open,0.0,57.845,0.4017013888888888888888888889,0.005,11569,"['charge_density_wave', 'block_cell9', 'block_cell27']","[['charge_density_wave', 'block_cell9'], ['charge_density_wave', 'block_cell27'], ['block_cell9', 'block_cell27']]",['block_cell27'],new_time_validation,"[200, 240, 280, 320]",block_cell27,4.0,0.04513329176232507,0.04508739329813141,1.433641663276753e-09,2.161146239494772e-09,1.433641663276753e-09,2.1080378261265735e-09,0.9754258122853297,8.0,3.3971965947934077e-241,0.269576877472522,4.9607482501184834e-67,2.2051408092300156e-06,0.044285335273312056,0.04508739186448975,0.045087394731773076,0.014628967877294804,0.014633378158913263,1.4151552207767963,6.1474646758288145,0.9288376085460186,9.340042954456737e-130,True,True,False,2.0,0.045121861940169476,0.045075998302523956,1.2004376869116657e-05,1.809456938326322e-05,1.2004376869116657e-05,1.765001900061084e-05,0.9754318340914168,4.0,4.724270458462709e-241,0.045075998302523956,0.045121861940169476,1.0,0.0020359824307435125,1.1800142681908105e-14,0.045075998302523956,0.044285335273312056,0.2695705103710731,4.9607482501184834e-67,0.010657207196460225,0.04506399392565484,0.04508800267939307,0.003967599422975401,0.02528201381589585,9.367707677707368e-130,False,True,False,240,0.04508739455589237,2.177957041823953e-75,1.436697129227465e-67,0.25494570375163744,0.014631173720884575,True,3.375159351155162,0.9744510687887669,True,True,False,False,False,False,0.0008020592825803141,1.1396253368413378e-05
L144_gL2,144,2.0,gL,2,L144_gL2,L144_gL2_edge_t74p725,edge,0.5,1.0,open,0.013888888888888888,74.725,0.5189236111111111111111111111,0.005,14945,"['charge_density_wave', 'left', 'right']","[['charge_density_wave', 'left'], ['charge_density_wave', 'right'], ['left', 'right']]",['left'],new_time_validation,"[200, 240, 280, 320]",charge_density_wave,0.0,0.0,0.0,6.110956947966554e-87,9.225070828810225e-87,6.110956947966554e-87,9.225070828810225e-87,1.0,0.0,0.0,0.2502994942155268,1.2161591900922983e-85,1.8086167889278102e-81,4.13091572121912e-87,0.0,1.2772687595719639e-85,0.0,1.8086167889278102e-81,1.332082886248827,1.3506146278232336,0.9090291932225227,1.6173224179561204e-197,True,True,False,2.0,3.8902835194761735e-87,3.8902835194761735e-87,3.5273243507170072e-87,5.3140023133637315e-87,3.5273243507170072e-87,5.3140023133637315e-87,1.0,4.0,1.8985737167130857e-283,3.8902835194761735e-87,3.8902835194761735e-87,1.0,2.769210998165944e-173,0.0,3.8902835194761735e-87,4.13091572121912e-87,0.2502994942155268,1.2161591900922983e-85,1.7716422996927925e-81,0.0,1.2903352687942302e-85,0.0,1.7716424593033736e-81,2.2813139834735057e-197,True,True,False,240,2.6133881738723303e-87,0.9100436723446919,5.73770309111933e-87,0.2502994942155268,2.17517629659511e-88,True,3.393168233335018,0.9997213557362556,True,True,False,False,False,False,1.5175275473467897e-87,1.2768953456038432e-87
L144_gL2,144,2.0,gL,2,L144_gL2,L144_gL2_edge_t74p725,edge,0.5,1.0,open,0.013888888888888888,74.725,0.5189236111111111111111111111,0.005,14945,"['charge_density_wave', 'left', 'right']","[['charge_density_wave', 'left'], ['charge_density_wave', 'right'], ['left', 'right']]",['left'],new_time_validation,"[200, 240, 280, 320]",left,4.0,0.05524578796918937,0.055161672711938545,1.7063471949118006e-08,2.5612498448822114e-08,1.7063471949118006e-08,2.4856478860915355e-08,0.9704823959514373,8.0,1.8415340266189197e-241,0.27097068578936273,1.2161591900922983e-85,2.3203172908185065e-05,0.053497362409405634,0.0551616556484666,0.05516168977541049,0.020647977982421975,0.020694384328238346,1.3082522004842758,6.1922453455626965,0.9080123621970415,5.724995971232878e-106,True,False,True,2.0,0.05520243811315145,0.055118520408879185,4.4742536640918924e-05,6.709737701732395e-05,4.4742536640918924e-05,6.511831593023616e-05,0.9705046430268532,4.0,1.2518558594478483e-241,0.055118520408879185,0.05520243811315145,1.0,0.003047309174736316,3.3520399691891697e-15,0.055118520408879185,0.053497362409405634,0.2709431087531161,1.2161591900922983e-85,0.03548300490195772,0.05507377787223827,0.055163262945520104,0.0,0.05612661943954705,5.749659596873926e-106,False,False,True,240,0.055161689016698004,9.87532079981761e-98,5.73770309111933e-87,0.2502994942155268,0.020671191573835918,False,3.437223695218563,1.0088529959321022,False,True,False,False,False,False,0.0016643266072923699,4.316860781881926e-05
L144_gL2,144,2.0,gL,2,L144_gL2,L144_gL2_edge_t74p725,edge,0.5,1.0,open,0.013888888888888888,74.725,0.5189236111111111111111111111,0.005,14945,"['charge_density_wave', 'left', 'right']","[['charge_density_wave', 'left'], ['charge_density_wave', 'right'], ['left', 'right']]",['left'],new_time_validation,"[200, 240, 280, 320]",right,4.0,1.5840850889566078,0.8456033125833875,7.081330024088984e-07,1.96256673774448e-06,7.081330024088984e-07,1.3787605720136044e-06,0.7025292671566282,8.0,4.357616595017112e-241,0.8478717821152133,1.2161591900922983e-85,0.0007729736367174194,0.8357320529880453,0.845602604450385,0.8456040207163898,0.5967995301809523,0.5983454774543873,1.3826141487807035,6.125861939042807,0.9880249798297882,2.1100339080033147e-102,True,False,True,2.0,1.5822639363613753,0.845325950835381,0.0013973351561356153,0.0038866675763544484,0.0013973351561356153,0.0027307468770451132,0.7025933716735439,4.0,5.832568560764399e-241,0.845325950835381,1.5822639363613753,1.0,2.503559165020774,1.7799794197709855e-09,0.845325950835381,0.8357320529880453,0.8483029396978052,1.2161591900922983e-85,0.7618539996268031,0.8439286156792454,0.8467232859915167,0.0,1.3598574451090815,2.81793105843528e-101,False,False,True,240,0.8456034513610238,6.284361892893309e-103,5.73770309111933e-87,0.2502994942155268,0.5975722878996865,False,3.402098599821329,0.9937642179429531,False,False,False,False,False,False,0.009871398372978457,0.00027750052564279315
L144_gL2,144,2.0,gL,2,L144_gL2,L144_gL2_edge_t74p745,edge,0.5,1.0,open,0.013888888888888888,74.745,0.5190625,0.005,14949,"['charge_density_wave', 'left', 'right']","[['charge_density_wave', 'left'], ['charge_density_wave', 'right'], ['left', 'right']]",['left'],new_time_validation,"[200, 240, 280, 320]",charge_density_wave,0.0,0.0,0.0,5.795533283625473e-87,8.74891200988148e-87,5.795533283625473e-87,8.74891200988148e-87,1.0,0.0,0.0,0.2502994942155268,1.1534626360842007e-85,1.7158334604450348e-81,3.9179549651534126e-87,0.0,1.2114179689204554e-85,0.0,1.7158334604450348e-81,1.4318626131862402,1.3255176860839128,0.9140409585088491,1.6172232213154574e-197,True,True,False,2.0,3.6897331571292395e-87,3.6897331571292395e-87,3.3448962575691067e-87,5.039172014865289e-87,3.3448962575691067e-87,5.039172014865289e-87,1.0,4.0,1.6469879877174546e-283,3.6897331571292395e-87,3.6897331571292395e-87,1.0,2.4909530662477172e-173,0.0,3.6897331571292395e-87,3.9179549651534126e-87,0.2502994942155268,1.1534626360842007e-85,1.680752918460059e-81,0.0,1.2238089302311841e-85,0.0,1.6807530698422552e-81,5.215442813145043e-198,True,True,False,240,2.478663941248978e-87,0.9100436723446919,5.441915636686869e-87,0.2502994942155268,2.0627926356333466e-88,True,3.4438029676675797,0.9714251607656479,True,True,False,False,False,False,1.4392910239044347e-87,1.2110692158802616e-87
L144_gL2,144,2.0,gL,2,L144_gL2,L144_gL2_edge_t74p745,edge,0.5,1.0,open,0.013888888888888888,74.745,0.5190625,0.005,14949,"['charge_density_wave', 'left', 'right']","[['charge_density_wave', 'left'], ['charge_density_wave', 'right'], ['left', 'right']]",['left'],new_time_validation,"[200, 240, 280, 320]",left,4.0,0.05236908486759118,0.05229742058075423,1.6154336444825422e-08,2.4244248880260797e-08,1.6154336444825422e-08,2.356442230362987e-08,0.9719592642367061,8.0,5.474071983557378e-241,0.2691718206297155,1.1534626360842007e-85,2.2030598549377167e-05,0.05071902697473748,0.05229740442641778,0.05229743673509067,0.018850286274162874,0.01889434747126163,1.3254567794501781,6.2797949723899364,0.9068557545542717,5.42924979611961e-106,True,False,True,2.0,0.052327990325470114,0.05225649438319023,4.2356635728987335e-05,6.35100904734198e-05,4.2356635728987335e-05,6.173056613786712e-05,0.971980447165361,4.0,9.52115229333393e-242,0.05225649438319023,0.052327990325470114,1.0,0.002738218572489429,2.7024436302738234e-15,0.05225649438319023,0.05071902697473748,0.2691465664601393,1.1534626360842007e-85,0.03375799420853724,0.052214137747461246,0.05229885101891922,0.0,0.05260506645314976,5.450265194463401e-106,False,False,True,240,0.05229743604523521,9.87532079981761e-98,5.441915636686869e-87,0.2502994942155268,0.0188723264141887,False,3.4527898486703634,0.9714488014578819,False,True,False,False,False,False,0.0015784090704977286,4.094166204497707e-05
L144_gL2,144,2.0,gL,2,L144_gL2,L144_gL2_edge_t74p745,edge,0.5,1.0,open,0.013888888888888888,74.745,0.5190625,0.005,14949,"['charge_density_wave', 'left', 'right']","[['charge_density_wave', 'left'], ['charge_density_wave', 'right'], ['left', 'right']]",['left'],new_time_validation,"[200, 240, 280, 320]",right,4.0,1.5015021200798624,0.8323064052664999,6.93215517982899e-07,1.852367986908642e-06,6.93215517982899e-07,1.30700742775582e-06,0.7055873546686817,8.0,1.0483101771193108e-240,0.8671949891526454,1.1534626360842007e-85,0.0007577528895823165,0.8218436829919309,0.8323057120509819,0.8323070984820179,0.6161379413735859,0.6176534471527505,1.3349849376827478,6.268689915537834,0.9203016124665737,1.947733702200676e-102,True,False,True,2.0,1.4997758289725256,0.8320120275644657,0.0013687612267047832,0.0036682339979248243,0.0013687612267047832,0.0025885115273188513,0.7056560537804327,4.0,3.4325131639028123e-241,0.8320120275644657,1.4997758289725256,1.0,2.2493275378079893,1.4345379291193738e-09,0.8320120275644657,0.8218436829919309,0.8675929072237246,1.1534626360842007e-85,0.7483124961667995,0.8306432663377609,0.8333807887911704,0.0,1.3656059091749972,2.53177344248623e-101,False,False,True,240,0.8323065525716139,6.284361892893309e-103,5.441915636686869e-87,0.2502994942155268,0.6168954949371186,False,3.4669802132993937,0.9842603802680969,False,False,False,False,False,False,0.01046286957968301,0.0002945250071482164
L144_gL2,144,2.0,gL,2,L144_gL2,L144_gL2_edge_t74p765,edge,0.5,1.0,open,0.013888888888888888,74.765,0.5192013888888888888888888889,0.005,14953,"['charge_density_wave', 'left', 'right']","[['charge_density_wave', 'left'], ['charge_density_wave', 'right'], ['left', 'right']]",['left'],new_time_validation,"[200, 240, 280, 320]",charge_density_wave,0.0,0.0,0.0,5.496390661052499e-87,8.297330639536756e-87,5.496390661052499e-87,8.297330639536756e-87,1.0,0.0,0.0,0.2502994942155268,1.0939982723325381e-85,1.627809866801177e-81,3.7159729573083763e-87,0.0,1.1489621789430631e-85,0.0,1.627809866801177e-81,1.3642290011048317,1.4977500159293413,0.9256518874317408,1.6188139158503974e-197,True,True,False,2.0,3.499521487989988e-87,3.499521487989988e-87,3.17190315402756e-87,4.778555537021405e-87,3.17190315402756e-87,4.778555537021405e-87,1.0,4.0,6.994477651086126e-284,3.499521487989988e-87,3.499521487989988e-87,1.0,2.2406552606786135e-173,0.0,3.499521487989988e-87,3.7159729573083763e-87,0.2502994942155268,1.0939982723325381e-85,1.5945262613930335e-81,0.0,1.1607125187527136e-85,0.0,1.594526404971042e-81,1.4955547617295593e-197,True,True,False,240,2.350884952726715e-87,0.9100436723446919,5.161376482264281e-87,0.2502994942155268,1.9562155109041346e-88,True,3.397491440176964,0.9599399585276842,True,True,False,False,False,False,1.3650880045816612e-87,1.1486365352632727e-87
L144_gL2,144,2.0,gL,2,L144_gL2,L144_gL2_edge_t74p765,edge,0.5,1.0,open,0.013888888888888888,74.765,0.5192013888888888888888888889,0.005,14953,"['charge_density_wave', 'left', 'right']","[['charge_density_wave', 'left'], ['charge_density_wave', 'right'], ['left', 'right']]",['left'],new_time_validation,"[200, 240, 280, 320]",left,4.0,0.049642185700188295,0.04958113074666749,1.5294554847765302e-08,2.295082034892002e-08,1.5294554847765302e-08,2.2339531183268068e-08,0.9733652585677307,8.0,1.5952211279028335e-241,0.267524877541346,1.0939982723325381e-85,2.091829177306126e-05,0.04808428628237573,0.04958111545211264,0.04958114604122234,0.0172044562991862,0.017246292882732325,1.3338936381042004,7.05849883146584,0.9151785932481289,5.148555768744435e-106,True,True,False,2.0,0.04960322913002066,0.049542317625630425,4.010036546583442e-05,6.0119118272312854e-05,4.010036546583442e-05,5.851907339436194e-05,0.973385423407186,4.0,1.9529960149054645e-241,0.049542317625630425,0.04960322913002066,1.0,0.002460480341010822,2.1787366559779167e-15,0.049542317625630425,0.04808428628237573,0.2675017596143836,1.0939982723325381e-85,0.03211780884203009,0.049502217260164585,0.04958241799109626,0.0,0.04932007424088689,5.1664619225094335e-106,False,True,False,240,0.04958114541348949,9.87532079981761e-98,5.161376482264281e-87,0.2502994942155268,0.017225383325819202,True,3.4224166609346867,0.9574479404836893,True,True,False,False,False,False,0.001496859131113762,3.8827787859067875e-05
L144_gL2,144,2.0,gL,2,L144_gL2,L144_gL2_edge_t74p765,edge,0.5,1.0,open,0.013888888888888888,74.765,0.5192013888888888888888888889,0.005,14953,"['charge_density_wave', 'left', 'right']","[['charge_density_wave', 'left'], ['charge_density_wave', 'right'], ['left', 'right']]",['left'],new_time_validation,"[200, 240, 280, 320]",right,4.0,1.4232247888810325,0.81821979661434,6.776711314704403e-07,1.747855280295181e-06,6.776711314704403e-07,1.238988658662291e-06,0.7088622683069323,8.0,1.4044402507848443e-240,0.8848430451561033,1.0939982723325381e-85,0.0007418678961062289,0.8071712989848144,0.8182191189432085,0.8182204742854715,0.6338018629804617,0.6352855987726742,1.3409405816346407,6.99126048758626,0.9281925447285175,1.7581594683696559e-102,True,False,True,2.0,1.4215884177101032,0.8179085010894304,0.0013388017499328631,0.003461083021040081,0.0013388017499328631,0.0024536852412773134,0.7089356789078013,4.0,5.0839329116043445e-241,0.8179085010894304,1.4215884177101032,1.0,2.0209136299396016,1.156138275722382e-09,0.8179085010894304,0.8071712989848144,0.885202138820523,1.0939982723325381e-85,0.7340681615834282,0.8165696993394974,0.8192473028393632,0.0,1.3689708061884245,2.274675909928866e-101,False,False,True,240,0.818219952399639,6.284361892893309e-103,5.161376482264281e-87,0.2502994942155268,0.6345435509405765,False,3.431795572862029,0.9663606155663729,False,False,False,False,False,False,0.011048653414824527,0.0003114513102085992
L144_gL2,144,2.0,gL,2,L144_gL2,L144_gL2_edge_t74p785,edge,0.5,1.0,open,0.013888888888888888,74.785,0.5193402777777777777777777778,0.005,14957,"['charge_density_wave', 'left', 'right']","[['charge_density_wave', 'left'], ['charge_density_wave', 'right'], ['left', 'right']]",['left'],new_time_validation,"[200, 240, 280, 320]",charge_density_wave,0.0,0.0,0.0,5.21268870547827e-87,7.869058118005737e-87,5.21268870547827e-87,7.869058118005737e-87,1.0,0.0,0.0,0.2502994942155268,1.0375994700007011e-85,1.5443018421668467e-81,3.5244037111862193e-87,0.0,1.0897263570554838e-85,0.0,1.5443018421668467e-81,1.3967249374836683,1.5816004537045956,0.9303831532597542,1.616067243507892e-197,True,True,False,2.0,3.319115535822974e-87,3.319115535822974e-87,3.00785706848622e-87,4.531417756110024e-87,3.00785706848622e-87,4.531417756110024e-87,1.0,4.0,5.460743333437504e-284,3.319115535822974e-87,3.319115535822974e-87,1.0,2.015508070195044e-173,0.0,3.319115535822974e-87,3.5244037111862193e-87,0.2502994942155268,1.0375994700007011e-85,1.512723131524645e-81,0.0,1.100869196043793e-85,0.0,1.5127232677007938e-81,1.1797960053676079e-197,True,True,False,240,2.229693170152107e-87,0.9100436723446919,4.895299554441606e-87,0.2502994942155268,1.8551449119395122e-88,True,3.3703417647629976,0.95248893648386,True,True,False,False,False,False,1.2947105410341122e-87,1.0894223656708668e-87
L144_gL2,144,2.0,gL,2,L144_gL2,L144_gL2_edge_t74p785,edge,0.5,1.0,open,0.013888888888888888,74.785,0.5193402777777777777777777778,0.005,14957,"['charge_density_wave', 'left', 'right']","[['charge_density_wave', 'left'], ['charge_density_wave', 'right'], ['left', 'right']]",['left'],new_time_validation,"[200, 240, 280, 320]",left,4.0,0.04705728885840292,0.04700527367074368,1.4481372181424465e-08,2.1727955775593166e-08,1.4481372181424465e-08,2.11783138327624e-08,0.9747034673437537,8.0,1.2166768499473329e-241,0.2660176017998453,1.0375994700007011e-85,1.9863069945355585e-05,0.04558582274631998,0.0470052591893715,0.04700528815211586,0.01569823652092235,0.015737962660813065,1.3384701162576675,7.02515497431159,0.9101836755871773,4.8821813863055545e-106,True,True,False,2.0,0.04702035902380711,0.046968466067274124,3.79664841932598e-05,5.6913283351181076e-05,3.79664841932598e-05,5.547466686204206e-05,0.9747226586759704,4.0,1.9918296946134277e-241,0.046968466067274124,0.04702035902380711,1.0,0.002210914163522196,1.7565215285879428e-15,0.046968466067274124,0.04558582274631998,0.2659964473005078,1.0375994700007011e-85,0.030558187459085534,0.04693049958308086,0.04700643255146738,0.0,0.04625514054406657,4.897437802802216e-106,False,True,False,240,0.04700528758046621,9.87532079981761e-98,4.895299554441606e-87,0.2502994942155268,0.015718107584318495,True,3.3861821852624416,0.9603193234652281,True,True,False,False,False,False,0.0014194648341462265,3.682151319208543e-05
L144_gL2,144,2.0,gL,2,L144_gL2,L144_gL2_edge_t74p785,edge,0.5,1.0,open,0.013888888888888888,74.785,0.5193402777777777777777777778,0.005,14957,"['charge_density_wave', 'left', 'right']","[['charge_density_wave', 'left'], ['charge_density_wave', 'right'], ['left', 'right']]",['left'],new_time_validation,"[200, 240, 280, 320]",right,4.0,1.349028593488768,0.8033521938382849,6.615151650355428e-07,1.6487617958718093e-06,6.615151650355428e-07,1.1745098987865326e-06,0.7123587541434339,8.0,1.6379740782193742e-240,0.9005622799546164,1.0375994700007011e-85,0.0007253307041494768,0.7917300129199222,0.80335153232312,0.80335285535345,0.6495376129256677,0.6509882743339667,1.3493422083556652,7.084708135575056,0.9280396085232496,1.7286680220658708e-102,True,False,True,2.0,1.3474774581373468,0.8030242588635995,0.0013075036556731946,0.0032646847051922222,0.0013075036556731946,0.0023258820528060282,0.7124369618624724,4.0,3.290195977624244e-241,0.8030242588635995,1.3474774581373468,1.0,1.8156955007014597,9.317689033352566e-10,0.8030242588635995,0.7917300129199222,0.9008772524531018,1.0375994700007011e-85,0.7191357317998811,0.8017167552079264,0.8043317625192727,0.0,1.3697134900374561,2.0436872167487713e-101,False,False,True,240,0.8033523579662709,6.284361892893309e-103,4.895299554441606e-87,0.2502994942155268,0.6502627857390896,False,3.3883384615182877,0.9802329074591398,False,False,False,False,False,False,0.011622345046348737,0.0003280991026713975
L144_gL2,144,2.0,gL,2,L144_gL2,L144_gL2_edge_t74p805,edge,0.5,1.0,open,0.013888888888888888,74.805,0.5194791666666666666666666667,0.005,14961,"['charge_density_wave', 'left', 'right']","[['charge_density_wave', 'left'], ['charge_density_wave', 'right'], ['left', 'right']]",['left'],new_time_validation,"[200, 240, 280, 320]",charge_density_wave,0.0,0.0,0.0,4.943630419855783e-87,7.462891326526168e-87,4.943630419855783e-87,7.462891326526168e-87,1.0,0.0,0.0,0.2502994942155268,9.841081904546942e-86,1.4650777456689287e-81,3.342710418544195e-87,0.0,1.033544494653252e-85,0.0,1.4650777456689287e-81,1.4648125395178795,1.5034039188176394,0.9247248433530331,1.619664780483957e-197,True,True,False,2.0,3.148009800173453e-87,3.148009800173453e-87,2.8522952671178187e-87,4.297061568527151e-87,2.8522952671178187e-87,4.297061568527151e-87,1.0,4.0,9.736741826279394e-284,3.148009800173453e-87,3.148009800173453e-87,1.0,1.812984291085921e-173,0.0,3.148009800173453e-87,3.342710418544195e-87,0.2502994942155268,9.841081904546942e-86,1.4351166023486169e-81,0.0,1.0441112411276068e-85,0.0,1.4351167315044934e-81,6.275673939592079e-198,True,True,False,240,2.1147490127962607e-87,0.9100436723446919,4.6429393031068725e-87,0.2502994942155268,1.7592963293184666e-88,True,3.366452928632498,0.9595879130065441,True,True,False,False,False,False,1.2279614057479342e-87,1.033260787377192e-87
L144_gL2,144,2.0,gL,2,L144_gL2,L144_gL2_edge_t74p805,edge,0.5,1.0,open,0.013888888888888888,74.805,0.5194791666666666666666666667,0.005,14961,"['charge_density_wave', 'left', 'right']","[['charge_density_wave', 'left'], ['charge_density_wave', 'right'], ['left', 'right']]",['left'],new_time_validation,"[200, 240, 280, 320]",left,4.0,0.04460699906312319,0.04456268602754574,1.3712192378310559e-08,2.0571655506824615e-08,1.3712192378310559e-08,2.0077460112675005e-08,0.9759768777974305,8.0,4.344954105302697e-241,0.2646386519424095,9.841081904546942e-86,1.886192403518418e-05,0.04321667621948658,0.04456267231535336,0.044562699739738115,0.014320288490481763,0.01435801233855213,1.3439675141125917,7.068803567439318,0.9230446480214596,4.629424753476073e-106,True,True,False,2.0,0.04457199051559117,0.04452778162834004,3.5948168215100766e-05,5.388208487501411e-05,3.5948168215100766e-05,5.258865290188956e-05,0.9759951387158678,4.0,1.2077167425694765e-241,0.04452778162834004,0.04457199051559117,1.0,0.0019866623392347676,1.4161291216333994e-15,0.04452778162834004,0.04321667621948658,0.26461930100876435,9.841081904546942e-86,0.029075088415647432,0.04449183346012495,0.044563729796555145,0.0,0.043394895208885,4.642423147790431e-106,False,True,False,240,0.044562699218752645,9.87532079981761e-98,4.6429393031068725e-87,0.2502994942155268,0.014339157726882688,True,3.3906971104443073,0.9611563552170992,True,True,False,False,False,False,0.001346022999266068,3.491759041260312e-05
L144_gL2,144,2.0,gL,2,L144_gL2,L144_gL2_edge_t74p805,edge,0.5,1.0,open,0.013888888888888888,74.805,0.5194791666666666666666666667,0.005,14961,"['charge_density_wave', 'left', 'right']","[['charge_density_wave', 'left'], ['charge_density_wave', 'right'], ['left', 'right']]",['left'],new_time_validation,"[200, 240, 280, 320]",right,4.0,1.2787007388384348,0.7877209173824753,6.447735541837442e-07,1.5548358996193414e-06,6.447735541837442e-07,1.1133868990930851e-06,0.71608000520548,8.0,1.0532850522730097e-240,0.9141161093961203,9.841081904546942e-86,0.0007081640640501445,0.7755438137574304,0.7877202726089211,0.7877215621560295,0.663108584529971,0.6645249126580712,1.3299054466187954,7.047903571277857,0.9285487085580826,1.808441828958924e-102,True,False,True,2.0,1.2772303992119793,0.7873768108030466,0.0012749334300158086,0.0030785392687901676,0.0012749334300158086,0.002204736103633551,0.7161630601840555,4.0,3.273215797249066e-241,0.7873768108030466,1.2772303992119793,1.0,1.6313174931315217,7.509436229642857e-10,0.7873768108030466,0.7755438137574304,0.9143821123797793,9.841081904546942e-86,0.7035389893269067,0.7861018773730308,0.7886517442330624,0.0,1.3676216074911591,1.8361558489309612e-101,False,False,True,240,0.78772108962078,6.284361892893309e-103,4.6429393031068725e-87,0.2502994942155268,0.6638166151805935,False,3.405110999941826,0.968505347147584,False,False,False,False,False,False,0.012177275863349601,0.0003442788177334677
L144_gL2,144,2.0,gL,2,L144_gL2,L144_gL2_edge_t75p965,edge,0.5,1.0,open,0.013888888888888888,75.965,0.5275347222222222222222222222,0.005,15193,"['charge_density_wave', 'left', 'right']","[['charge_density_wave', 'left'], ['charge_density_wave', 'right'], ['left', 'right']]",['right'],new_time_validation,"[200, 240, 280, 320]",charge_density_wave,0.0,0.0,0.0,2.286358354136286e-88,3.451552649470854e-88,2.286358354136286e-88,3.451552649470854e-88,1.0,0.0,0.0,0.2502994942155268,4.568808357795058e-87,6.906536602851182e-83,1.5518825517423056e-88,0.0,4.797444193208687e-87,0.0,6.906536602851182e-83,1.3682642336934805,1.4731412008404732,0.9252672959119081,1.620650871932065e-197,True,True,False,2.0,1.4616082890357339e-88,1.4616082890357339e-88,1.3109137336017495e-88,1.9749765316150682e-88,1.3109137336017495e-88,1.9749765316150682e-88,1.0,4.0,1.3970595567061338e-284,1.4616082890357339e-88,1.4616082890357339e-88,1.0,3.898939934363978e-176,0.0,1.4616082890357339e-88,1.5518825517423056e-88,0.2502994942155268,4.568808357795058e-87,6.764630718059436e-83,0.0,4.846060560058807e-87,0.0,6.764631317678329e-83,7.699954943508203e-198,True,True,False,240,9.818723038846085e-89,0.9100436723446919,2.1557061616824925e-88,0.2502994942155268,8.111710886305013e-90,True,3.401958094909787,0.9668667055666447,True,True,False,False,False,False,5.700102478576971e-89,4.7973598515112536e-89
L144_gL2,144,2.0,gL,2,L144_gL2,L144_gL2_edge_t75p965,edge,0.5,1.0,open,0.013888888888888888,75.965,0.5275347222222222222222222222,0.005,15193,"['charge_density_wave', 'left', 'right']","[['charge_density_wave', 'left'], ['charge_density_wave', 'right'], ['left', 'right']]",['right'],new_time_validation,"[200, 240, 280, 320]",left,2.0,0.00200557623012484,0.002005572196586258,1.5860342658037424e-06,2.375523995528608e-06,1.5860342658037424e-06,2.372875481713951e-06,0.998885082272525,4.0,3.2597773698772288e-242,0.25035356719521146,4.568808357795058e-87,0.0016391785605882757,0.0019463309131774803,0.002003986162320454,0.0020071582308520616,0.0,0.0016931727732400423,1.4200399667024612,5.085925692692399,0.9191074725240469,2.088829108090475e-107,True,True,False,2.0,0.00200557623012484,0.002005572196586258,1.5860342658037424e-06,2.375523995528608e-06,1.5860342658037424e-06,2.372875481713951e-06,0.998885082272525,4.0,3.2597773698772288e-242,0.002005572196586258,0.00200557623012484,1.0,4.022336016165396e-06,5.324086570047446e-21,0.002005572196586258,0.0019463309131774803,0.25035348842817856,4.568808357795058e-87,0.0016391785605882757,0.002003986162320454,0.0020071582308520616,0.0,0.0016931727732400423,2.0888398766467468e-107,True,True,False,240,0.0020071522926567637,9.87532079981761e-98,2.1557061616824925e-88,0.2502994942155268,5.4072979684646924e-05,True,3.42170974239707,0.9607741050422192,True,True,False,False,False,False,6.0821379479283465e-05,1.580096070505875e-06
L144_gL2,144,2.0,gL,2,L144_gL2,L144_gL2_edge_t75p965,edge,0.5,1.0,open,0.013888888888888888,75.965,0.5275347222222222222222222222,0.005,15193,"['charge_density_wave', 'left', 'right']","[['charge_density_wave', 'left'], ['charge_density_wave', 'right'], ['left', 'right']]",['right'],new_time_validation,"[200, 240, 280, 320]",right,4.0,0.05732144870555712,0.05722750820937919,3.4516226347846364e-08,5.1763527620328573e-08,3.4516226347846364e-08,5.018333239805498e-08,0.9694728065315815,8.0,1.2971002807231707e-241,0.27230678436220884,4.568808357795058e-87,4.518492309840225e-05,0.05498491169578322,0.05722747369315284,0.05722754272560554,0.021962083592125564,0.02205245343832237,1.3367996253073215,7.0200188010931015,0.9334755185991526,3.207479146390243e-103,True,False,True,2.0,0.057255362433988016,0.057161745947139644,6.822786759284816e-05,0.00010222439557671983,6.822786759284816e-05,9.910722134415734e-05,0.9695065525701931,4.0,1.3855127963771345e-241,0.057161745947139644,0.057255362433988016,1.0,0.003278176528291601,2.767682169940185e-15,0.057161745947139644,0.05498491169578322,0.2722637392067373,4.568808357795058e-87,0.05203527142471257,0.057093518079546796,0.057229973814732486,0.0,0.07399951641592306,3.2220819504690224e-103,False,False,True,240,0.05722754126110694,6.284361892893309e-103,2.1557061616824925e-88,0.2502994942155268,0.022007290146682033,False,3.4111990891397,0.9766144715249538,False,True,False,False,False,False,0.0022426295653237213,6.579531396729704e-05
L144_gL2,144,2.0,gL,2,L144_gL2,L144_gL2_edge_t75p985,edge,0.5,1.0,open,0.013888888888888888,75.985,0.5276736111111111111111111111,0.005,15197,"['charge_density_wave', 'left', 'right']","[['charge_density_wave', 'left'], ['charge_density_wave', 'right'], ['left', 'right']]",['right'],new_time_validation,"[200, 240, 280, 320]",charge_density_wave,0.0,0.0,0.0,2.1683480794607556e-88,3.2734020901821327e-88,2.1683480794607556e-88,3.2734020901821327e-88,1.0,0.0,0.0,0.2502994942155268,4.333272958900933e-87,6.552197890026423e-83,1.4718784790746874e-88,0.0,4.550107766847009e-87,0.0,6.552197890026423e-83,1.4651892688125372,1.5228281244635582,0.9253992587327957,1.6138585262343784e-197,True,True,False,2.0,1.3862600344746145e-88,1.3862600344746145e-88,1.2431169370794137e-88,1.8728370475162136e-88,1.2431169370794137e-88,1.8728370475162136e-88,1.0,4.0,9.821133104739851e-285,1.3862600344746145e-88,1.3862600344746145e-88,1.0,3.507164179684878e-176,0.0,1.3862600344746145e-88,1.4718784790746874e-88,0.2502994942155268,4.333272958900933e-87,6.4175616368426254e-83,0.0,4.596210656056336e-87,0.0,6.4175622055494376e-83,1.8184487078950748e-197,True,True,False,240,9.312552560937072e-89,0.9100436723446919,2.0445761798107185e-88,0.2502994942155268,7.692624336838239e-90,True,3.330995086580515,0.9472497198730707,True,True,False,False,False,False,5.406232229809802e-89,4.5500477838090725e-89
L144_gL2,144,2.0,gL,2,L144_gL2,L144_gL2_edge_t75p985,edge,0.5,1.0,open,0.013888888888888888,75.985,0.5276736111111111111111111111,0.005,15197,"['charge_density_wave', 'left', 'right']","[['charge_density_wave', 'left'], ['charge_density_wave', 'right'], ['left', 'right']]",['right'],new_time_validation,"[200, 240, 280, 320]",left,2.0,0.001901169657435373,0.001901166221607092,1.503446540368108e-06,2.251833417354262e-06,1.503446540368108e-06,2.249453308209577e-06,0.9989430349836973,4.0,3.61256838426666e-242,0.2503484709599522,4.333272958900933e-87,0.0015596122572771286,0.0018450076823007429,0.0018996627750667238,0.00190266966814746,0.0,0.001608517609631511,1.3538787066936493,4.971000611782074,0.9152105916291475,1.980088381515712e-107,True,True,False,2.0,0.001901169657435373,0.001901166221607092,1.503446540368108e-06,2.251833417354262e-06,1.503446540368108e-06,2.249453308209577e-06,0.9989430349836973,4.0,3.61256838426666e-242,0.001901166221607092,0.001901169657435373,1.0,3.614446067540586e-06,4.2927084240722616e-21,0.001901166221607092,0.0018450076823007429,0.2503483995678812,4.333272958900933e-87,0.0015596122572771286,0.0018996627750667238,0.00190266966814746,0.0,0.001608517609631511,1.980097468064279e-107,True,True,False,240,0.0019026641297833298,9.87532079981761e-98,2.0445761798107185e-88,0.2502994942155268,4.897674442541783e-05,True,3.3079153671860695,0.9562375117093325,True,True,False,False,False,False,5.7656447482586906e-05,1.4979081762378152e-06
L144_gL2,144,2.0,gL,2,L144_gL2,L144_gL2_edge_t75p985,edge,0.5,1.0,open,0.013888888888888888,75.985,0.5276736111111111111111111111,0.005,15197,"['charge_density_wave', 'left', 'right']","[['charge_density_wave', 'left'], ['charge_density_wave', 'right'], ['left', 'right']]",['right'],new_time_validation,"[200, 240, 280, 320]",right,4.0,0.05433391672751632,0.05425389226670747,3.267413119820038e-08,4.899304120617425e-08,3.267413119820038e-08,4.7572203027419415e-08,0.970999183888675,8.0,2.0808026992750292e-241,0.2703937662924516,4.333272958900933e-87,4.290247765511931e-05,0.052127113402638994,0.05425385959257627,0.054253924940838666,0.02005134978494246,0.0201371547402527,1.4155878201127052,6.909081133082509,0.9308804348111153,3.0417065237270585e-103,True,False,True,2.0,0.0542712720171022,0.05419152362591999,6.45834638509135e-05,9.674892695437917e-05,6.45834638509135e-05,9.394623822983696e-05,0.9710313198009547,4.0,9.216608913546275e-242,0.05419152362591999,0.0542712720171022,1.0,0.002945370967111682,2.2307711877184537e-15,0.05419152362591999,0.052127113402638994,0.2703543392993794,4.333272958900933e-87,0.04951106743008662,0.05412694016206907,0.054256107089770904,0.0,0.06956591251393926,3.0541479169777366e-103,False,False,True,240,0.05425392361444341,6.284361892893309e-103,2.0445761798107185e-88,0.2502994942155268,0.020094272076924834,False,3.3257915508002043,0.9512975048273802,False,True,False,False,False,False,0.002126810211804414,6.239998852342055e-05
L144_gL2,144,2.0,gL,2,L144_gL2,L144_gL2_edge_t76p005,edge,0.5,1.0,open,0.013888888888888888,76.005,0.5278125,0.005,15201,"['charge_density_wave', 'left', 'right']","[['charge_density_wave', 'left'], ['charge_density_wave', 'right'], ['left', 'right']]",['right'],new_time_validation,"[200, 240, 280, 320]",charge_density_wave,0.0,0.0,0.0,2.0564289383006587e-88,3.104446761568401e-88,2.0564289383006587e-88,3.104446761568401e-88,1.0,0.0,0.0,0.2502994942155268,4.109880096919647e-87,6.21603803760449e-83,1.3959988497396007e-88,0.0,4.315522990749713e-87,0.0,6.21603803760449e-83,1.4626997634768486,1.4820070918649435,0.9207951836287975,1.6169263824960888e-197,True,True,False,2.0,1.3147961034373602e-88,1.3147961034373602e-88,1.1788264279364018e-88,1.7759799310493298e-88,1.1788264279364018e-88,1.7759799310493298e-88,1.0,4.0,8.900906155535675e-285,1.3147961034373602e-88,1.3147961034373602e-88,1.0,3.154755091264024e-176,0.0,1.3147961034373602e-88,1.3959988497396007e-88,0.2502994942155268,4.109880096919647e-87,6.088299015064932e-83,0.0,4.359242350057023e-87,0.0,6.0882995544532714e-83,1.2563797300868063e-197,True,True,False,240,8.83247596009075e-89,0.9100436723446919,1.9391751201252305e-88,0.2502994942155268,7.295189889320476e-90,True,3.3613194804638624,0.9598644394427538,True,True,False,False,False,False,5.127512537305257e-89,4.315485074282852e-89
L144_gL2,144,2.0,gL,2,L144_gL2,L144_gL2_edge_t76p005,edge,0.5,1.0,open,0.013888888888888888,76.005,0.5278125,0.005,15201,"['charge_density_wave', 'left', 'right']","[['charge_density_wave', 'left'], ['charge_density_wave', 'right'], ['left', 'right']]",['right'],new_time_validation,"[200, 240, 280, 320]",left,2.0,0.0018021986826258448,0.0018021957559343188,1.4251638452384698e-06,2.1345900719454382e-06,1.4251638452384698e-06,2.1324511681015108e-06,0.9989979791098822,4.0,2.937017698690806e-242,0.2503438522763191,4.109880096919647e-87,0.0014838920828523635,0.001748959536393849,0.0018007705920890804,0.0018036209197795573,0.0,0.0015281854407116627,1.3460535239428282,4.920379385352135,0.923702884465456,1.877008794210117e-107,True,True,False,2.0,0.0018021986826258448,0.0018021957559343188,1.4251638452384698e-06,2.1345900719454382e-06,1.4251638452384698e-06,2.1324511681015108e-06,0.9989979791098822,4.0,2.937017698690806e-242,0.0018021957559343188,0.0018021986826258448,1.0,3.2479200927239767e-06,3.461132968721934e-21,0.0018021957559343188,0.001748959536393849,0.2503437875733861,4.109880096919647e-87,0.0014838920828523635,0.0018007705920890804,0.0018036209197795573,0.0,0.0015281854407116627,1.8770164567488648e-107,True,True,False,240,0.0018036157513443697,9.87532079981761e-98,1.9391751201252305e-88,0.2502994942155268,4.4358060792335885e-05,True,3.35522941313684,0.9638284705579281,True,True,False,False,False,False,5.465621495052064e-05,1.4199954100509431e-06
L144_gL2,144,2.0,gL,2,L144_gL2,L144_gL2_edge_t76p005,edge,0.5,1.0,open,0.013888888888888888,76.005,0.5278125,0.005,15201,"['charge_density_wave', 'left', 'right']","[['charge_density_wave', 'left'], ['charge_density_wave', 'right'], ['left', 'right']]",['right'],new_time_validation,"[200, 240, 280, 320]",right,4.0,0.05150210365392682,0.05143393542748726,3.09322365701296e-08,4.6374443245467595e-08,3.09322365701296e-08,4.509694292392677e-08,0.9724524925338984,8.0,2.5477929005458918e-241,0.2686419768864165,4.109880096919647e-87,4.073731071776159e-05,0.04941709036351542,0.05143390449525069,0.05143396635972383,0.01830172721767479,0.018383201839110314,1.3236928842961788,6.768582260236144,0.9257242362946272,2.8843677222354335e-103,True,False,True,2.0,0.05144272126742395,0.05137478825423381,6.11374721950483e-05,9.157385944843223e-05,6.11374721950483e-05,8.905402956860659e-05,0.9724830874771131,4.0,1.1516997722376555e-241,0.05137478825423381,0.05144272126742395,1.0,0.002646353572077305,1.79801990208908e-15,0.05137478825423381,0.04941709036351542,0.2686058785377522,4.109880096919647e-87,0.04711067512603151,0.05131365078203877,0.05143592572642886,0.0,0.06541705944825695,2.8949672340021187e-103,False,False,True,240,0.05143396515758458,6.284361892893309e-103,1.9391751201252305e-88,0.2502994942155268,0.018342482670889736,False,3.408387755975127,0.9648898504674435,False,True,False,False,True,False,0.0020168747940691595,5.917690335077025e-05
L144_gL2,144,2.0,gL,2,L144_gL2,L144_gL2_edge_t76p025,edge,0.5,1.0,open,0.013888888888888888,76.025,0.5279513888888888888888888889,0.005,15205,"['charge_density_wave', 'left', 'right']","[['charge_density_wave', 'left'], ['charge_density_wave', 'right'], ['left', 'right']]",['right'],new_time_validation,"[200, 240, 280, 320]",charge_density_wave,0.0,0.0,0.0,1.950286533056653e-88,2.9442120493027523e-88,1.950286533056653e-88,2.9442120493027523e-88,1.0,0.0,0.0,0.2502994942155268,3.898003788651341e-87,5.8971244263437744e-83,1.324031036651498e-88,0.0,4.0930324419570065e-87,0.0,5.8971244263437744e-83,1.461093407124281,1.504542613402009,0.9250634964555502,1.620407471095269e-197,True,True,False,2.0,1.2470162528087042e-88,1.2470162528087042e-88,1.1178608680354316e-88,1.6841319909172597e-88,1.1178608680354316e-88,1.6841319909172597e-88,1.0,4.0,1.3764946742666538e-284,1.2470162528087042e-88,1.2470162528087042e-88,1.0,2.8377570014822104e-176,0.0,1.2470162528087042e-88,1.324031036651498e-88,0.2502994942155268,3.898003788651341e-87,5.775929309842234e-83,0.0,4.134491500735755e-87,0.0,5.775929821423552e-83,1.4955702209987222e-197,True,True,False,240,8.37714805627843e-89,0.9100436723446919,1.8392076478403437e-88,0.2502994942155268,6.918288874927808e-90,True,3.3565189000219107,0.9634448289871216,True,True,False,False,False,False,4.8631623102365494e-89,4.093014471808613e-89
L144_gL2,144,2.0,gL,2,L144_gL2,L144_gL2_edge_t76p025,edge,0.5,1.0,open,0.013888888888888888,76.025,0.5279513888888888888888888889,0.005,15205,"['charge_density_wave', 'left', 'right']","[['charge_density_wave', 'left'], ['charge_density_wave', 'right'], ['left', 'right']]",['right'],new_time_validation,"[200, 240, 280, 320]",left,2.0,0.0017083802981353099,0.0017083778051327951,1.3509613281234438e-06,2.0234572331293758e-06,1.3509613281234438e-06,2.0215350913072578e-06,0.9990500704484151,4.0,2.134637550257881e-242,0.2503396666954933,3.898003788651341e-87,0.0014118328467757687,0.0016579118294962143,0.0017070268438046717,0.0017097287664609186,0.0,0.0014519466903846776,1.3565296083688736,5.0018641240894794,0.9168203417211771,1.7792956177773618e-107,True,True,False,2.0,0.0017083802981353099,0.0017083778051327951,1.3509613281234438e-06,2.0234572331293758e-06,1.3509613281234438e-06,2.0215350913072578e-06,0.9990500704484151,4.0,2.134637550257881e-242,0.0017083778051327951,0.0017083802981353099,1.0,2.9185632440130638e-06,2.7906526825438404e-21,0.0017083778051327951,0.0016579118294962143,0.2503396080591357,3.898003788651341e-87,0.0014118328467757687,0.0017070268438046717,0.0017097287664609186,0.0,0.0014519466903846776,1.77930207518485e-107,True,True,False,240,0.0017097239405271117,9.87532079981761e-98,1.8392076478403437e-88,0.2502994942155268,4.017247996652699e-05,True,3.365593019872904,0.9660929515957832,True,True,False,False,False,False,5.1812111030897405e-05,1.3461353943165777e-06
L144_gL2,144,2.0,gL,2,L144_gL2,L144_gL2_edge_t76p025,edge,0.5,1.0,open,0.013888888888888888,76.025,0.5279513888888888888888888889,0.005,15205,"['charge_density_wave', 'left', 'right']","[['charge_density_wave', 'left'], ['charge_density_wave', 'right'], ['left', 'right']]",['right'],new_time_validation,"[200, 240, 280, 320]",right,4.0,0.04881789232776173,0.0487598250223981,2.928493767535909e-08,4.389906152425935e-08,2.928493767535909e-08,4.275048178006021e-08,0.9738358929708688,8.0,1.6488501916684395e-241,0.2670384618257893,3.898003788651341e-87,3.868323150701072e-05,0.046847314315113235,0.04875979573746043,0.04875985430733577,0.016700267773437517,0.01677763423645154,1.4650323931127787,6.92880580201745,0.945825906470418,2.735053591522716e-103,True,True,False,2.0,0.048761602363261346,0.048703735453791544,5.787878430235748e-05,8.668203082289413e-05,5.787878430235748e-05,8.441659715687869e-05,0.9738650139537673,4.0,7.007389614541589e-242,0.048703735453791544,0.048761602363261346,1.0,0.002377693865642321,1.4492210029026913e-15,0.048703735453791544,0.046847314315113235,0.26700542384370884,3.898003788651341e-87,0.044827894704134286,0.04864585666948919,0.0487616142380939,0.0,0.06153382433231635,2.7440836085029603e-103,False,False,False,240,0.04875985321705634,6.284361892893309e-103,1.8392076478403437e-88,0.2502994942155268,0.01673896761026246,True,3.4063291046768427,0.9731162153184414,True,True,False,False,False,False,0.0019125389019431019,5.611776326479301e-05
L144_gL2,144,2.0,gL,2,L144_gL2,L144_gL2_edge_t76p045,edge,0.5,1.0,open,0.013888888888888888,76.045,0.5280902777777777777777777778,0.005,15209,"['charge_density_wave', 'left', 'right']","[['charge_density_wave', 'left'], ['charge_density_wave', 'right'], ['left', 'right']]",['right'],new_time_validation,"[200, 240, 280, 320]",charge_density_wave,0.0,0.0,0.0,1.8496226940604592e-88,2.7922478365637e-88,1.8496226940604592e-88,2.7922478365637e-88,1.0,0.0,0.0,0.2502994942155268,3.6970503221562187e-87,5.594572281462031e-83,1.2557733742713631e-88,0.0,3.8820125915622647e-87,0.0,5.594572281462031e-83,1.4754504282027483,1.496093899011612,0.9218773320317268,1.617982502569471e-197,True,True,False,2.0,1.1827305623275208e-88,1.1827305623275208e-88,1.0600482977553829e-88,1.5970341647245315e-88,1.0600482977553829e-88,1.5970341647245315e-88,1.0,4.0,1.846164898333087e-284,1.1827305623275208e-88,1.1827305623275208e-88,1.0,2.552611718817918e-176,0.0,1.1827305623275208e-88,1.2557733742713631e-88,0.2502994942155268,3.6970503221562187e-87,5.479585845588522e-83,0.0,3.921328208164509e-87,0.0,5.479586330796351e-83,1.8637616326864856e-197,True,True,False,240,7.945293015598087e-89,0.9100436723446919,1.744393653134633e-88,0.2502994942155268,6.5608604222209836e-90,True,3.3477672431617975,0.9489444103091955,True,True,False,False,False,False,4.612440727115543e-89,3.882012607677121e-89
L144_gL2,144,2.0,gL,2,L144_gL2,L144_gL2_edge_t76p045,edge,0.5,1.0,open,0.013888888888888888,76.045,0.5280902777777777777777777778,0.005,15209,"['charge_density_wave', 'left', 'right']","[['charge_density_wave', 'left'], ['charge_density_wave', 'right'], ['left', 'right']]",['right'],new_time_validation,"[200, 240, 280, 320]",left,2.0,0.0016194462324303277,0.001619444108849721,1.2806259249092912e-06,1.918115828150725e-06,1.2806259249092912e-06,1.9163884819256584e-06,0.9990994567691295,4.0,2.734179715352257e-242,0.2503358738727116,3.6970503221562187e-87,0.0013432582510377268,0.00157160421531658,0.0016181634829248118,0.0016207247347746303,0.0,0.0013795847733608533,1.3449107334017754,5.099100762978196,0.9177860971540213,1.686669466483936e-107,True,True,False,2.0,0.0016194462324303277,0.001619444108849721,1.2806259249092912e-06,1.918115828150725e-06,1.2806259249092912e-06,1.9163884819256584e-06,0.9990994567691295,4.0,2.734179715352257e-242,0.001619444108849721,0.0016194462324303277,1.0,2.6226061005907307e-06,2.2500589870369327e-21,0.001619444108849721,0.00157160421531658,0.25033582073784993,3.6970503221562187e-87,0.0013432582510377268,0.0016181634829248118,0.0016207247347746303,0.0,0.0013795847733608533,1.6866749044064788e-107,True,True,False,240,0.0016207202261672273,9.87532079981761e-98,1.744393653134633e-88,0.2502994942155268,3.637965718481828e-05,True,3.3554824087768793,0.9602224677801132,True,True,False,False,False,False,4.9116010850647294e-05,1.2761173175063287e-06
L144_gL2,144,2.0,gL,2,L144_gL2,L144_gL2_edge_t76p045,edge,0.5,1.0,open,0.013888888888888888,76.045,0.5280902777777777777777777778,0.005,15209,"['charge_density_wave', 'left', 'right']","[['charge_density_wave', 'left'], ['charge_density_wave', 'right'], ['left', 'right']]",['right'],new_time_validation,"[200, 240, 280, 320]",right,4.0,0.04627358874833604,0.046224126621445115,2.7726953324539515e-08,4.155875056563749e-08,2.7726953324539515e-08,4.052611723074253e-08,0.9751524451327277,8.0,1.802933694330335e-241,0.26557122428530666,3.6970503221562187e-87,3.6734386291796555e-05,0.04441062366719878,0.04622409889449179,0.04622415434839844,0.015234980490704425,0.015308449263288018,1.4489218536764383,6.711543705314398,0.9309767968952656,2.593371835716827e-103,True,True,False,2.0,0.04622023015301307,0.046170938752802156,5.479693380109463e-05,8.205732173235848e-05,5.479693380109463e-05,8.002067188881991e-05,0.975180156986096,4.0,9.226956240360836e-242,0.046170938752802156,0.04622023015301307,1.0,0.002136309675944277,1.1680875650690238e-15,0.046170938752802156,0.04441062366719878,0.26554099834548034,3.6970503221562187e-87,0.04265684420325995,0.04611614181900106,0.04622573568660325,0.0,0.057898348333213494,2.601064534884079e-103,False,False,False,240,0.04622415335887653,6.284361892893309e-103,1.744393653134633e-88,0.2502994942155268,0.01527173006977986,True,3.3803587555885315,0.9758212529122829,True,True,False,False,False,False,0.001813529691677751,5.321460607437406e-05
L144_gL2,144,2.0,gL,2,L144_gL2,L144_gL2_translated_t56p525,translated,0.5,1.0,open,0.013888888888888888,56.525,0.3925347222222222222222222222,0.005,11305,"['charge_density_wave', 'block_cell9', 'block_cell27']","[['charge_density_wave', 'block_cell9'], ['charge_density_wave', 'block_cell27'], ['block_cell9', 'block_cell27']]",['block_cell9'],new_time_validation,"[200, 240, 280, 320]",charge_density_wave,0.0,0.0,0.0,5.429011575540414e-66,8.192013515870041e-66,5.429011575540414e-66,8.192013515870041e-66,1.0,0.0,0.0,0.2502994942155268,1.0070819056371788e-64,1.1348783703757557e-60,3.4207450064462395e-66,0.0,1.061372021392583e-64,0.0,1.1348783703757557e-60,1.4752079844474792,1.485257113352418,0.9177361894398928,1.617735192351279e-197,True,True,False,2.0,3.21742723799851e-66,3.21742723799851e-66,3.463791929075439e-66,5.215571633027216e-66,3.463791929075439e-66,5.215571633027216e-66,1.0,4.0,3.4042801812753458e-273,3.21742723799851e-66,3.21742723799851e-66,1.0,1.9682657660616755e-131,9.659113350143621e-263,3.21742723799851e-66,3.4207450064462395e-66,0.2502994942155268,1.0070819056371788e-64,1.1135851205089459e-60,0.0,1.0738940973079184e-64,0.0,1.1135852526748307e-60,1.1709335953956365e-197,True,True,False,240,2.161276905647076e-66,0.9100436723446919,4.7450386168120694e-66,0.2502994942155268,2.0447401453310866e-67,True,3.4709374513477087,0.9962329342961311,True,True,False,False,False,False,1.2594681007991635e-66,1.0561503323514341e-66
L144_gL2,144,2.0,gL,2,L144_gL2,L144_gL2_translated_t56p525,translated,0.5,1.0,open,0.013888888888888888,56.525,0.3925347222222222222222222222,0.005,11305,"['charge_density_wave', 'block_cell9', 'block_cell27']","[['charge_density_wave', 'block_cell9'], ['charge_density_wave', 'block_cell27'], ['block_cell9', 'block_cell27']]",['block_cell9'],new_time_validation,"[200, 240, 280, 320]",block_cell9,4.0,0.055127734683086904,0.05504415669101262,1.1633780887357086e-09,1.7543438535006041e-09,1.1633780887357086e-09,1.7020816508720693e-09,0.9702098294332373,8.0,3.168824783596685e-241,0.2708956376239608,1.0070819056371788e-64,1.8069350331752799e-06,0.05419616981114926,0.05504415552763453,0.05504415785439071,0.020594335831539863,0.020597949701606215,1.3422549329698086,7.100944627076387,0.9194986075162888,1.7722103051284291e-131,True,False,True,2.0,0.05511653715584838,0.05503301000531386,1.1840118734163537e-05,1.7854227632642972e-05,1.1840118734163537e-05,1.732245087681108e-05,0.9702156392999245,4.0,1.812814958129329e-241,0.05503301000531386,0.05511653715584838,1.0,0.0030378326781275587,3.0607813721434014e-14,0.05503301000531386,0.05419616981114926,0.27088852478603737,1.0070819056371788e-64,0.010523128007664743,0.0550211698865797,0.05504485012404803,0.01006590256284582,0.031112158578175307,1.7800458850050123e-131,False,False,True,240,0.05504415769689636,2.417254595373191e-72,4.7450386168120694e-66,0.2502994942155268,0.020596143408433992,False,3.4685380905866623,0.9782377518713474,False,True,False,False,False,False,0.0008479878857471021,1.1147691582502617e-05
L144_gL2,144,2.0,gL,2,L144_gL2,L144_gL2_translated_t56p525,translated,0.5,1.0,open,0.013888888888888888,56.525,0.3925347222222222222222222222,0.005,11305,"['charge_density_wave', 'block_cell9', 'block_cell27']","[['charge_density_wave', 'block_cell9'], ['charge_density_wave', 'block_cell27'], ['block_cell9', 'block_cell27']]",['block_cell9'],new_time_validation,"[200, 240, 280, 320]",block_cell27,4.0,3.129765879604947,0.9525587901629204,6.850484967222477e-08,2.0617374309372443e-07,6.850484967222477e-08,1.390074626023294e-07,0.6742248577169113,8.0,7.358679397635122e-241,0.5588848775773225,1.0070819056371788e-64,8.629816305962554e-05,0.9509666519185317,0.9525587216580708,0.9525588586677701,0.308499095356,0.3086716916821193,1.3324589729309082,7.0751758478581905,0.9245691541582346,2.7294582660654992e-129,True,False,True,2.0,3.128992288268906,0.9525369730373964,0.0004318115967125625,0.0017721413972949986,0.0004318115967125625,0.001194830242346796,0.6742296321109524,4.0,2.7750478627118558e-241,0.9525369730373964,3.128992288268906,0.9999999999999999,9.79059276802461,2.739243952920125e-07,0.9525369730373964,0.9509666519185317,0.5589796602713539,1.0070819056371788e-64,0.27195752487628094,0.9521051614406838,0.952968784634109,0.03672264117954621,0.5806376909321082,1.3935638021872048e-127,False,False,True,240,0.9525587925064303,1.0658932352054077e-75,4.7450386168120694e-66,0.2502994942155268,0.3085853833617957,False,3.5105978697538376,0.9903568476438522,False,False,False,False,False,False,0.0015921405878985828,2.1819469033901306e-05
L144_gL2,144,2.0,gL,2,L144_gL2,L144_gL2_translated_t56p545,translated,0.5,1.0,open,0.013888888888888888,56.545,0.3926736111111111111111111111,0.005,11309,"['charge_density_wave', 'block_cell9', 'block_cell27']","[['charge_density_wave', 'block_cell9'], ['charge_density_wave', 'block_cell27'], ['block_cell9', 'block_cell27']]",['block_cell9'],new_time_validation,"[200, 240, 280, 320]",charge_density_wave,0.0,0.0,0.0,5.148666492656138e-66,7.768996559002669e-66,5.148666492656138e-66,7.768996559002669e-66,1.0,0.0,0.0,0.2502994942155268,9.551638955594296e-65,1.0767506877718062e-60,3.2443956224249665e-66,0.0,1.0066505604859909e-64,0.0,1.0767506877718062e-60,1.3632947355508804,1.537672644481063,0.9236929193139076,1.616224605255775e-197,True,True,False,2.0,3.0515637035685976e-66,3.0515637035685976e-66,3.284557999624852e-66,4.945695584091376e-66,3.284557999624852e-66,4.945695584091376e-66,1.0,4.0,1.857757233362436e-273,3.0515637035685976e-66,3.0515637035685976e-66,1.0,1.7704856977868062e-131,7.815424645740881e-263,3.0515637035685976e-66,3.2443956224249665e-66,0.2502994942155268,9.551638955594296e-65,1.0565458596808012e-60,0.0,1.0185251125913641e-64,0.0,1.0565459850331545e-60,7.706716866600885e-198,True,True,False,240,2.0498597297485266e-66,0.9100436723446919,4.50042456165037e-66,0.2502994942155268,1.9390118750137346e-67,True,3.3933150954544544,0.9583242423832417,True,True,False,False,False,False,1.19453589267644e-66,1.001703973820071e-66
L144_gL2,144,2.0,gL,2,L144_gL2,L144_gL2_translated_t56p545,translated,0.5,1.0,open,0.013888888888888888,56.545,0.3926736111111111111111111111,0.005,11309,"['charge_density_wave', 'block_cell9', 'block_cell27']","[['charge_density_wave', 'block_cell9'], ['charge_density_wave', 'block_cell27'], ['block_cell9', 'block_cell27']]",['block_cell9'],new_time_validation,"[200, 240, 280, 320]",block_cell9,4.0,0.0522611855829088,0.05218996274566161,1.1014355711273336e-09,1.6607302153330712e-09,1.1014355711273336e-09,1.6137292896925238e-09,0.9716986388236931,8.0,5.6315775439033326e-241,0.2691055562293537,9.551638955594296e-65,1.7150661492089542e-06,0.051385684250365465,0.05218996164422604,0.05218996384709718,0.018804346359756127,0.018807776492054545,1.3361983988434076,6.749261949211359,0.911569295451045,1.6808079480638795e-131,True,False,True,2.0,0.05225056968399376,0.05217939018167847,1.1209392132990305e-05,1.690070462257084e-05,1.1209392132990305e-05,1.6422485176654982e-05,0.9717041711221202,4.0,2.8640757827514346e-241,0.05217939018167847,0.05225056968399376,1.0,0.002730122041343877,2.468573382664767e-14,0.05217939018167847,0.051385684250365465,0.26909904171276017,9.551638955594296e-65,0.010006738826313975,0.05216818078954548,0.05219059957381146,0.008792808670919425,0.028806286323547373,1.687486030315518e-131,False,False,True,240,0.05218996369982192,2.417254595373191e-72,4.50042456165037e-66,0.2502994942155268,0.018806062013826935,False,3.4050014913082123,0.9610543362796307,False,True,False,False,False,False,0.0008042794494564562,1.0573518143451588e-05
L144_gL2,144,2.0,gL,2,L144_gL2,L144_gL2_translated_t56p545,translated,0.5,1.0,open,0.013888888888888888,56.545,0.3926736111111111111111111111,0.005,11309,"['charge_density_wave', 'block_cell9', 'block_cell27']","[['charge_density_wave', 'block_cell9'], ['charge_density_wave', 'block_cell27'], ['block_cell9', 'block_cell27']]",['block_cell9'],new_time_validation,"[200, 240, 280, 320]",block_cell27,4.0,2.966903066824749,0.9476208902057578,6.583198652826837e-08,1.951564855691137e-07,6.583198652826837e-08,1.317863604523136e-07,0.6752855795081538,8.0,3.300017162962149e-241,0.5797871969866144,9.551638955594296e-65,8.311969775975792e-05,0.9458769683754179,0.9476208243737713,0.9476209560377443,0.3294045936309508,0.32957083302647033,1.313029145821929,6.194157533347607,0.9145037587732077,2.8355128718696475e-129,True,False,True,2.0,2.966169688851451,0.9475969864421248,0.00042207464906536383,0.0016773625972304061,0.00042207464906536383,0.001132707563888107,0.6752908200995946,4.0,5.3758516639510176e-241,0.9475969864421248,2.966169688851451,0.9999999999999999,8.798162648165967,2.208765754246388e-07,0.9475969864421248,0.9458769683754179,0.5798856756329562,9.551638955594296e-65,0.2665183810500205,0.9471749117930593,0.94801906109119,0.06306780036740886,0.5961045624674499,1.252305332513215e-127,False,False,True,240,0.9476208927736367,1.0658932352054077e-75,4.50042456165037e-66,0.2502994942155268,0.3294877027710877,False,3.4114111438393593,0.9732591137290001,False,False,False,False,False,False,0.001743924398218799,2.3906331511946988e-05
L144_gL2,144,2.0,gL,2,L144_gL2,L144_gL2_translated_t56p565,translated,0.5,1.0,open,0.013888888888888888,56.565,0.3928125,0.005,11313,"['charge_density_wave', 'block_cell9', 'block_cell27']","[['charge_density_wave', 'block_cell9'], ['charge_density_wave', 'block_cell27'], ['block_cell9', 'block_cell27']]",['block_cell9'],new_time_validation,"[200, 240, 280, 320]",charge_density_wave,0.0,0.0,0.0,4.882798126997792e-66,7.367823483107884e-66,4.882798126997792e-66,7.367823483107884e-66,1.0,0.0,0.0,0.2502994942155268,9.059224103555216e-65,1.0216001372951368e-60,3.0771375635934044e-66,0.0,9.547503916254993e-65,0.0,1.0216001372951368e-60,1.3406390435993671,1.3022811692208052,0.9134830180555582,1.6151317667426525e-197,True,True,False,2.0,2.8942507003562684e-66,2.8942507003562684e-66,3.1145986566496974e-66,4.689784266797347e-66,3.1145986566496974e-66,4.689784266797347e-66,1.0,4.0,3.301516956032277e-273,2.8942507003562684e-66,2.8942507003562684e-66,1.0,1.592579450694343e-131,6.323651061859188e-263,2.8942507003562684e-66,3.0771375635934044e-66,0.2502994942155268,9.059224103555216e-65,1.002428098552682e-60,0.0,9.660109039255811e-65,0.0,1.0024282174427609e-60,2.249393988510712e-197,True,True,False,240,1.9441862820222228e-66,0.9100436723446919,4.268420738091871e-66,0.2502994942155268,1.838750657900017e-67,True,3.4248153623193502,0.97985197044909,True,True,False,False,False,False,1.1329512815711817e-66,9.500644183340457e-67
L144_gL2,144,2.0,gL,2,L144_gL2,L144_gL2_translated_t56p565,translated,0.5,1.0,open,0.013888888888888888,56.565,0.3928125,0.005,11313,"['charge_density_wave', 'block_cell9', 'block_cell27']","[['charge_density_wave', 'block_cell9'], ['charge_density_wave', 'block_cell27'], ['block_cell9', 'block_cell27']]",['block_cell9'],new_time_validation,"[200, 240, 280, 320]",block_cell9,4.0,0.04954370437794445,0.04948301162712277,1.0428569927589365e-09,1.5722311586706964e-09,1.0428569927589365e-09,1.529963401823775e-09,0.973116067180186,8.0,6.047254427415883e-241,0.2674664730832469,9.059224103555216e-65,1.6279557965783527e-06,0.048720223399420025,0.049483010584265776,0.049483012669979766,0.017165350373617928,0.017168606285211083,1.4048387054353952,6.230408115312457,0.9216837249696255,1.5940481971980453e-131,True,True,False,2.0,0.04953363989419309,0.04947298407861882,1.0612913857183001e-05,1.599931952064792e-05,1.0612913857183001e-05,1.5569279153656418e-05,0.973121333914451,4.0,1.734033926209353e-241,0.04947298407861882,0.04953363989419309,1.0,0.0024535814892820648,1.990950674343765e-14,0.04947298407861882,0.048720223399420025,0.26746050887870154,9.059224103555216e-65,0.00951603977671542,0.04946237116476163,0.049483596992476,0.007644974886459351,0.026677054439890192,1.59973955026831e-131,False,True,False,240,0.04948301253217731,2.417254595373191e-72,4.268420738091871e-66,0.2502994942155268,0.017166978867720086,True,3.4302858747541904,0.9679629970341921,True,True,False,False,False,False,0.0007627891327572842,1.0028453558491579e-05
L144_gL2,144,2.0,gL,2,L144_gL2,L144_gL2_translated_t56p565,translated,0.5,1.0,open,0.013888888888888888,56.565,0.3928125,0.005,11313,"['charge_density_wave', 'block_cell9', 'block_cell27']","[['charge_density_wave', 'block_cell9'], ['charge_density_wave', 'block_cell27'], ['block_cell9', 'block_cell27']]",['block_cell9'],new_time_validation,"[200, 240, 280, 320]",block_cell27,4.0,2.812515845713338,0.9422152860517828,6.330762700326126e-08,1.8469976306078655e-07,6.330762700326126e-08,1.2494039901884272e-07,0.676451322667499,8.0,1.8196466549188856e-241,0.601453127369122,9.059224103555216e-65,8.011065629961337e-05,0.9403081516001243,0.9422152227441558,0.9422153493594099,0.3510735334209813,0.3512337547335805,1.326279655098915,6.4419524520635605,0.9201126713305712,2.9324289470129256e-129,True,False,True,2.0,2.811820590559936,0.9421891371953568,0.0004127660415959254,0.0015874105043667953,0.0004127660415959254,0.0010738150571171128,0.676457069021002,4.0,4.4566266343995355e-241,0.9421891371953568,2.811820590559936,0.9999999999999999,7.906335056023352,1.7810223962776466e-07,0.9421891371953568,0.9403081516001243,0.6015549840420878,9.059224103555216e-65,0.26130338784181667,0.9417763711537609,0.9426019032369527,0.08995210198474435,0.6125588776683777,1.125366107624047e-127,False,False,True,240,0.9422152888610955,1.0658932352054077e-75,4.268420738091871e-66,0.2502994942155268,0.35115363315359527,False,3.4492118936032057,0.9908662736415863,False,False,False,False,False,False,0.0019071372609712478,2.615166573871619e-05
L144_gL2,144,2.0,gL,2,L144_gL2,L144_gL2_translated_t56p585,translated,0.5,1.0,open,0.013888888888888888,56.585,0.3929513888888888888888888889,0.005,11317,"['charge_density_wave', 'block_cell9', 'block_cell27']","[['charge_density_wave', 'block_cell9'], ['charge_density_wave', 'block_cell27'], ['block_cell9', 'block_cell27']]",['block_cell9'],new_time_validation,"[200, 240, 280, 320]",charge_density_wave,0.0,0.0,0.0,4.630658907857766e-66,6.987366294166983e-66,4.630658907857766e-66,6.987366294166983e-66,1.0,0.0,0.0,0.2502994942155268,8.592194673602954e-65,9.692742454447502e-61,2.918502145616965e-66,0.0,9.05526056438873e-65,0.0,9.692742454447502e-61,1.34743532538414,1.3819432370364666,0.9162848945707083,1.6141151398041734e-197,True,True,False,2.0,2.74504743476385e-66,2.74504743476385e-66,2.953433973510341e-66,4.447115066529434e-66,2.953433973510341e-66,4.447115066529434e-66,1.0,4.0,2.7291982121755665e-273,2.74504743476385e-66,2.74504743476385e-66,1.0,1.4325500144831984e-131,5.1166206015363644e-263,2.74504743476385e-66,2.918502145616965e-66,0.2502994942155268,8.592194673602954e-65,9.510822069975953e-61,0.0,9.162042814430373e-65,0.0,9.510823197585487e-61,2.0667726339291493e-197,True,True,False,240,1.8439604643759277e-66,0.9100436723446919,4.0483770692600564e-66,0.2502994942155268,1.7436737946716182e-67,True,3.335305191576481,0.9568527564406395,True,True,False,False,False,False,1.074541681241037e-66,9.010869703879222e-67
L144_gL2,144,2.0,gL,2,L144_gL2,L144_gL2_translated_t56p585,translated,0.5,1.0,open,0.013888888888888888,56.585,0.3929513888888888888888888889,0.005,11317,"['charge_density_wave', 'block_cell9', 'block_cell27']","[['charge_density_wave', 'block_cell9'], ['charge_density_wave', 'block_cell27'], ['block_cell9', 'block_cell27']]",['block_cell9'],new_time_validation,"[200, 240, 280, 320]",block_cell9,4.0,0.046967538510852114,0.04691582004825628,9.874540253709607e-10,1.4885558251682065e-09,9.874540253709607e-10,1.4505458853729285e-09,0.9744652238413813,8.0,4.369435661106222e-241,0.26596622143609877,8.592194673602954e-65,1.5453499130706177e-06,0.04619241137124684,0.04691581906080225,0.046915821035710306,0.015665181377965118,0.01566827207779126,1.3531369268894196,6.42571135610342,0.9220254961401224,1.5117058664662387e-131,True,True,False,2.0,0.04695799679865172,0.04690630981564622,1.004876997967544e-05,1.5147105152841984e-05,1.004876997967544e-05,1.4760403142558752e-05,0.974470236630616,4.0,2.98361973678244e-241,0.04690630981564622,0.04695799679865172,1.0,0.002205053470624284,1.6057416960659577e-14,0.04690630981564622,0.04619241137124684,0.26596076308280553,8.592194673602954e-65,0.009049721080960284,0.04689626104566654,0.04691635858562589,0.006611547786318471,0.02471098994823904,1.516556114897344e-131,False,True,False,240,0.04691582090669645,2.417254595373191e-72,4.0483770692600564e-66,0.2502994942155268,0.01566672722057197,True,3.350321603938937,0.964201033115387,True,True,False,False,False,False,0.0007234095354496095,9.511091050233567e-06
L144_gL2,144,2.0,gL,2,L144_gL2,L144_gL2_translated_t56p585,translated,0.5,1.0,open,0.013888888888888888,56.585,0.3929513888888888888888888889,0.005,11317,"['charge_density_wave', 'block_cell9', 'block_cell27']","[['charge_density_wave', 'block_cell9'], ['charge_density_wave', 'block_cell27'], ['block_cell9', 'block_cell27']]",['block_cell9'],new_time_validation,"[200, 240, 280, 320]",block_cell27,4.0,2.6661630961927445,0.9363073729957293,6.09207480750727e-08,1.7477452818477924e-07,6.09207480750727e-08,1.1845008835609815e-07,0.6777308431973998,8.0,2.9387302302060678e-241,0.6238046645944432,8.592194673602954e-65,7.725882909147622e-05,0.9342253602693132,0.9363073120749812,0.9363074339164773,0.3734279227958509,0.3735824404540339,1.3147495817393064,6.248179253190756,0.9162354450672865,3.017678822807059e-129,True,False,True,2.0,2.6655039820035205,0.936278817016778,0.0004038211847655007,0.0015020347805317184,0.0004038211847655007,0.0010179847515297447,0.677737136798776,4.0,3.593023340201283e-241,0.936278817016778,2.6655039820035205,0.9999999999999999,7.104911498289644,1.4361171630362865e-07,0.936278817016778,0.9342253602693132,0.6239094935115154,8.592194673602954e-65,0.25627793681080663,0.9358749958320125,0.9366826382015435,0.11733206248518196,0.6298879361067952,1.0112945378633464e-127,False,False,True,240,0.9363073760639292,1.0658932352054077e-75,4.0483770692600564e-66,0.2502994942155268,0.37350517037891634,False,3.3273563887923956,0.9689449016004801,False,False,False,False,False,False,0.0020820157946159767,2.8559047151266448e-05
L144_gL2,144,2.0,gL,2,L144_gL2,L144_gL2_translated_t56p605,translated,0.5,1.0,open,0.013888888888888888,56.605,0.3930902777777777777777777778,0.005,11321,"['charge_density_wave', 'block_cell9', 'block_cell27']","[['charge_density_wave', 'block_cell9'], ['charge_density_wave', 'block_cell27'], ['block_cell9', 'block_cell27']]",['block_cell9'],new_time_validation,"[200, 240, 280, 320]",charge_density_wave,0.0,0.0,0.0,4.391539869173311e-66,6.626555247208523e-66,4.391539869173311e-66,6.626555247208523e-66,1.0,0.0,0.0,0.2502994942155268,8.149241973175017e-65,9.196283472903343e-61,2.7680448462057453e-66,0.0,8.588395960092347e-65,0.0,9.196283472903343e-61,1.4380048494786024,1.2970125880092382,0.9180978052318096,1.6167365393167828e-197,True,True,False,2.0,2.603535836810564e-66,2.603535836810564e-66,2.8006088583982093e-66,4.217002761374915e-66,2.8006088583982093e-66,4.217002761374915e-66,1.0,4.0,4.249196523794935e-273,2.603535836810564e-66,2.603535836810564e-66,1.0,1.2886010473983812e-131,4.139982760587259e-263,2.603535836810564e-66,2.7680448462057453e-66,0.2502994942155268,8.149241973175017e-65,9.023662181427661e-61,0.0,8.689656442695893e-65,0.0,9.02366325090568e-61,7.51466134763231e-198,True,True,False,240,1.7489014430330818e-66,0.9100436723446919,3.83967699074339e-66,0.2502994942155268,1.6535132046051074e-67,True,3.3647419214248657,0.9518493749201298,True,True,False,False,False,False,1.0191434031726635e-66,8.546343937774823e-67
L144_gL2,144,2.0,gL,2,L144_gL2,L144_gL2_translated_t56p605,translated,0.5,1.0,open,0.013888888888888888,56.605,0.3930902777777777777777777778,0.005,11321,"['charge_density_wave', 'block_cell9', 'block_cell27']","[['charge_density_wave', 'block_cell9'], ['charge_density_wave', 'block_cell27'], ['block_cell9', 'block_cell27']]",['block_cell9'],new_time_validation,"[200, 240, 280, 320]",block_cell9,2.0,0.04451629254856911,0.044472249023370186,9.515157306485354e-06,1.4341273893072302e-05,9.515157306485354e-06,1.399355373388075e-05,0.9757538861760725,4.0,9.860390985759874e-242,0.26459354044208744,8.149241973175017e-65,0.008606541835244499,0.0437952314214977,0.044462733866063704,0.044481764180676675,0.005682510757123388,0.022895594427612385,1.3327848445624113,4.483580065891147,0.9024233017116785,1.4335650993117415e-131,True,True,False,2.0,0.04451629254856911,0.044472249023370186,9.515157306485354e-06,1.4341273893072302e-05,9.515157306485354e-06,1.399355373388075e-05,0.9757538861760725,4.0,9.860390985759874e-242,0.044472249023370186,0.04451629254856911,1.0,0.0019817003088049103,1.2950650819153046e-14,0.044472249023370186,0.0437952314214977,0.2645885468078947,8.149241973175017e-65,0.008606541835244499,0.044462733866063704,0.044481764180676675,0.005682510757123388,0.022895594427612385,1.4376984142923225e-131,True,True,False,240,0.044481269104864204,2.417254595373191e-72,3.83967699074339e-66,0.2502994942155268,0.014294046226560636,True,3.3832407128065825,0.9469004049897194,True,True,False,False,False,False,0.0006860376833665027,9.02008149401834e-06
L144_gL2,144,2.0,gL,2,L144_gL2,L144_gL2_translated_t56p605,translated,0.5,1.0,open,0.013888888888888888,56.605,0.3930902777777777777777777778,0.005,11321,"['charge_density_wave', 'block_cell9', 'block_cell27']","[['charge_density_wave', 'block_cell9'], ['charge_density_wave', 'block_cell27'], ['block_cell9', 'block_cell27']]",['block_cell9'],new_time_validation,"[200, 240, 280, 320]",block_cell27,4.0,2.5274266587748806,0.9298619646929528,5.866062490057792e-08,1.653533302498489e-07,5.866062490057792e-08,1.1229695115376939e-07,0.6791332898109079,8.0,6.762469074517042e-241,0.6467440849108808,8.149241973175017e-65,7.455224518563183e-05,0.9275933039004121,0.9298619060323279,0.9298620233535777,0.39637004996466685,0.3965191544550381,1.4068181868642569,6.399899408221245,0.9205482397228479,3.0885443195771165e-129,True,False,True,2.0,2.526801806730209,0.9298308377671191,0.00039517835364605395,0.0014209988585206675,0.00039517835364605395,0.000965057411824086,0.6791401738554246,4.0,9.723774375295423e-242,0.9298308377671191,2.526801806730209,0.9999999999999999,6.3847273886321885,1.1580068667338682e-07,0.9298308377671191,0.9275933039004121,0.6468513857891601,8.149241973175017e-65,0.25140861722531216,0.929435659413473,0.930226016120765,0.14514327434832114,0.6479605087989455,9.087861922645785e-128,False,False,True,240,0.9298619680376913,1.0658932352054077e-75,3.83967699074339e-66,0.2502994942155268,0.396444590695354,False,3.396844180300832,0.9684643000364304,False,False,False,False,False,False,0.0022686641372792193,3.113027057222162e-05
L144_gL2,144,2.0,gL,2,L144_gL2,L144_gL2_translated_t58p025,translated,0.5,1.0,open,0.013888888888888888,58.025,0.4029513888888888888888888889,0.005,11605,"['charge_density_wave', 'block_cell9', 'block_cell27']","[['charge_density_wave', 'block_cell9'], ['charge_density_wave', 'block_cell27'], ['block_cell9', 'block_cell27']]",['block_cell27'],new_time_validation,"[200, 240, 280, 320]",charge_density_wave,0.0,0.0,0.0,1.0181470488548414e-67,1.5363867084851093e-67,1.0181470488548414e-67,1.5363867084851093e-67,1.0,0.0,0.0,0.2502994942155268,1.9012869830170524e-66,2.1990720202338913e-62,6.458082422662399e-68,0.0,2.0031016879025365e-66,0.0,2.1990720202338913e-62,1.4387778863310814,1.327207101508975,0.915234787389636,1.620966988268248e-197,True,True,False,2.0,6.074866197017292e-68,6.074866197017292e-68,6.441472619113849e-68,9.699720715902394e-68,6.441472619113849e-68,9.699720715902394e-68,1.0,4.0,2.9071059308120575e-274,6.074866197017292e-68,6.074866197017292e-68,1.0,6.994191522672593e-135,1.2192312261882611e-269,6.074866197017292e-68,6.458082422662399e-68,0.2502994942155268,1.9012869830170524e-66,2.1574772461838624e-62,0.0,2.0264503711783638e-66,0.0,2.1574774957028787e-62,1.559834983707251e-197,True,True,False,240,4.080752116464129e-68,0.9100436723446919,8.959213252840398e-68,0.2502994942155268,3.814067512672993e-69,True,3.4248970448970795,0.9818892646580935,True,True,False,False,False,False,2.37733030619827e-68,1.9941140805531627e-68
L144_gL2,144,2.0,gL,2,L144_gL2,L144_gL2_translated_t58p025,translated,0.5,1.0,open,0.013888888888888888,58.025,0.4029513888888888888888888889,0.005,11605,"['charge_density_wave', 'block_cell9', 'block_cell27']","[['charge_density_wave', 'block_cell9'], ['charge_density_wave', 'block_cell27'], ['block_cell9', 'block_cell27']]",['block_cell27'],new_time_validation,"[200, 240, 280, 320]",block_cell9,2.0,0.001005204024129248,0.0010052035162829035,2.1061321002918825e-07,3.171804402344243e-07,2.1061321002918825e-07,3.170011181418813e-07,0.9994346369769508,4.0,3.748150178032823e-242,0.25031445951700015,1.9012869830170524e-66,0.00024828632223708707,0.000989844440083404,0.0010049929030728744,0.0010054141294929327,0.0,0.0002632459306668055,1.3461950905621052,4.498929506167769,0.9122860766947269,3.246344918451632e-133,True,True,False,2.0,0.001005204024129248,0.0010052035162829035,2.1061321002918825e-07,3.171804402344243e-07,2.1061321002918825e-07,3.170011181418813e-07,0.9994346369769508,4.0,3.748150178032823e-242,0.0010052035162829035,0.001005204024129248,1.0,1.010435133140879e-06,3.046709414095572e-21,0.0010052035162829035,0.000989844440083404,0.2503144538239565,1.9012869830170524e-66,0.00024828632223708707,0.0010049929030728744,0.0010054141294929327,0.0,0.0002632459306668055,3.2463475808161614e-133,True,True,False,240,0.0010054086236514742,2.417254595373191e-72,8.959213252840398e-68,0.2502994942155268,1.4965301473383675e-05,True,3.4210926834493876,0.9669407960027456,True,True,False,False,False,False,1.5564183568070062e-05,2.0510736857071513e-07
L144_gL2,144,2.0,gL,2,L144_gL2,L144_gL2_translated_t58p025,translated,0.5,1.0,open,0.013888888888888888,58.025,0.4029513888888888888888888889,0.005,11605,"['charge_density_wave', 'block_cell9', 'block_cell27']","[['charge_density_wave', 'block_cell9'], ['charge_density_wave', 'block_cell27'], ['block_cell9', 'block_cell27']]",['block_cell27'],new_time_validation,"[200, 240, 280, 320]",block_cell27,4.0,0.05690953637764439,0.05681760330002517,1.7407241933462858e-09,2.6255636620173553e-09,1.7407241933462858e-09,2.5449034086931753e-09,0.9692788811442474,8.0,1.3277992564527667e-240,0.2720391170127987,1.9012869830170524e-66,2.6531516763642003e-06,0.05581826050849487,0.056817601559300976,0.05681760504074936,0.021736968655507703,0.02174227495886043,1.3309048973023891,6.231426551938057,0.920645747333765,4.0304670596201434e-130,True,False,True,2.0,0.05689541179536322,0.05680354704193552,1.4910514220692475e-05,2.2489546962159353e-05,1.4910514220692475e-05,2.1798807313391336e-05,0.969286191049991,4.0,3.6686260262151904e-241,0.05680354704193552,0.05689541179536322,1.0,0.003237087891652707,2.6831415300414624e-14,0.05680354704193552,0.05581826050849487,0.2720299601557221,1.9012869830170524e-66,0.01300446482318095,0.05678863652771483,0.056818457556156214,0.008726001117014402,0.034734930763376304,4.049413035231802e-130,False,False,True,240,0.056817604819888026,1.0658932352054079e-75,8.959213252840398e-68,0.2502994942155268,0.021739622797271922,False,3.4682838264852762,0.9919200278818607,False,True,False,False,False,False,0.0009993443113931536,1.4057777952505845e-05
L144_gL2,144,2.0,gL,2,L144_gL2,L144_gL2_translated_t58p045,translated,0.5,1.0,open,0.013888888888888888,58.045,0.4030902777777777777777777778,0.005,11609,"['charge_density_wave', 'block_cell9', 'block_cell27']","[['charge_density_wave', 'block_cell9'], ['charge_density_wave', 'block_cell27'], ['block_cell9', 'block_cell27']]",['block_cell27'],new_time_validation,"[200, 240, 280, 320]",charge_density_wave,0.0,0.0,0.0,9.655740335729369e-68,1.4570547610774112e-67,9.655740335729369e-68,1.4570547610774112e-67,1.0,0.0,0.0,0.2502994942155268,1.8032700926405753e-66,2.086418057241256e-62,6.125149434366295e-68,0.0,1.899827495997869e-66,0.0,2.086418057241256e-62,1.3445668555796146,1.3819258492439985,0.9171796645969152,1.6181745342562862e-197,True,True,False,2.0,5.761697100602935e-68,5.761697100602935e-68,6.1081766490325985e-68,9.197842406248412e-68,6.1081766490325985e-68,9.197842406248412e-68,1.0,4.0,2.7743745151491664e-274,5.761697100602935e-68,5.761697100602935e-68,1.0,6.29138513090788e-135,9.86509778753857e-270,5.761697100602935e-68,6.125149434366295e-68,0.2502994942155268,1.8032700926405753e-66,2.04694990595876e-62,0.0,1.9219688301369307e-66,0.0,2.046950142614353e-62,1.8630880877370464e-197,True,True,False,240,3.870383014609066e-68,0.9100436723446919,8.497351997198137e-68,0.2502994942155268,3.616868454080258e-69,True,3.293683711439371,0.9359050504863262,True,True,False,False,False,False,2.2547664197572287e-68,1.8913140859938692e-68
L144_gL2,144,2.0,gL,2,L144_gL2,L144_gL2_translated_t58p045,translated,0.5,1.0,open,0.013888888888888888,58.045,0.4030902777777777777777777778,0.005,11609,"['charge_density_wave', 'block_cell9', 'block_cell27']","[['charge_density_wave', 'block_cell9'], ['charge_density_wave', 'block_cell27'], ['block_cell9', 'block_cell27']]",['block_cell27'],new_time_validation,"[200, 240, 280, 320]",block_cell9,2.0,0.0009529520501429464,0.0009529516174469721,1.9966778236987347e-07,3.006972688518418e-07,1.9966778236987347e-07,3.005360961145062e-07,0.9994640033215101,4.0,5.555229076831985e-242,0.2503130411117984,1.8032700926405753e-66,0.00023615027699372022,0.0009383905797713882,0.0009527519496646022,0.0009531512852293419,0.0,0.00024969201685140415,1.3274165242910385,4.497524896636605,0.9081776328384876,3.077594849434347e-133,True,True,False,2.0,0.0009529520501429464,0.0009529516174469721,1.9966778236987347e-07,3.006972688518418e-07,1.9966778236987347e-07,3.005360961145062e-07,0.9994640033215101,4.0,5.555229076831985e-242,0.0009529516174469721,0.0009529520501429464,1.0,9.081176125778157e-07,2.4575215663601516e-21,0.0009529516174469721,0.0009383905797713882,0.25031303595538446,1.8032700926405753e-66,0.00023615027699372022,0.0009527519496646022,0.0009531512852293419,0.0,0.00024969201685140415,3.077596917625742e-133,True,True,False,240,0.000953146073699486,2.417254595373191e-72,8.497351997198137e-68,0.2502994942155268,1.3546896271616605e-05,True,3.308776929974556,0.939481470733881,True,True,False,False,False,False,1.4755493928097726e-05,1.9445625251387003e-07
L144_gL2,144,2.0,gL,2,L144_gL2,L144_gL2_translated_t58p045,translated,0.5,1.0,open,0.013888888888888888,58.045,0.4030902777777777777777777778,0.005,11609,"['charge_density_wave', 'block_cell9', 'block_cell27']","[['charge_density_wave', 'block_cell9'], ['charge_density_wave', 'block_cell27'], ['block_cell9', 'block_cell27']]",['block_cell27'],new_time_validation,"[200, 240, 280, 320]",block_cell27,4.0,0.053949178293407986,0.05387083934194371,1.647932633503003e-09,2.485270740194371e-09,1.647932633503003e-09,2.4127325977957334e-09,0.9708127805854406,8.0,7.420243564603272e-241,0.2701521882120162,1.8032700926405753e-66,2.5182216582773155e-06,0.05292300246349201,0.053870837694011076,0.053870840989876344,0.019850174867773088,0.01985521131108964,1.3151671718806028,6.419733535498381,0.9218373391777277,3.8226207002416335e-130,True,False,True,2.0,0.05393578774373779,0.05385750702597352,1.4115332891493149e-05,2.1286908534340346e-05,1.4115332891493149e-05,2.0665751053760884e-05,0.9708197421162682,4.0,1.582590554619039e-241,0.05385750702597352,0.05393578774373779,1.0,0.002909069206975675,2.1638062547105565e-14,0.05385750702597352,0.05292300246349201,0.2701437999417728,1.8032700926405753e-66,0.012366632482696434,0.05384339169308203,0.053871622358865015,0.007477673243549557,0.03221093820894243,3.838770981568495e-130,False,False,True,240,0.05387084078364522,1.0658932352054079e-75,8.497351997198137e-68,0.2502994942155268,0.019852693996489396,False,3.3008865155279636,0.9562330730259418,False,True,False,False,False,False,0.000947838320153209,1.3333757671700475e-05
L144_gL2,144,2.0,gL,2,L144_gL2,L144_gL2_translated_t58p065,translated,0.5,1.0,open,0.013888888888888888,58.065,0.4032291666666666666666666667,0.005,11613,"['charge_density_wave', 'block_cell9', 'block_cell27']","[['charge_density_wave', 'block_cell9'], ['charge_density_wave', 'block_cell27'], ['block_cell9', 'block_cell27']]",['block_cell27'],new_time_validation,"[200, 240, 280, 320]",charge_density_wave,0.0,0.0,0.0,9.157157066981413e-68,1.3818191947539827e-67,9.157157066981413e-68,1.3818191947539827e-67,1.0,0.0,0.0,0.2502994942155268,1.710306258896206e-66,1.979534892141485e-62,5.809380112843287e-68,0.0,1.8018778295660203e-66,0.0,1.979534892141485e-62,1.449211549013853,1.3552684523165226,0.9189752265810966,1.617099805357172e-197,True,True,False,2.0,5.464672373416171e-68,5.464672373416171e-68,5.792126368416548e-68,8.721932374748037e-68,5.792126368416548e-68,8.721932374748037e-68,1.0,4.0,5.258367220960042e-274,5.464672373416171e-68,5.464672373416171e-68,1.0,5.65919975435803e-135,7.982091687559125e-270,5.464672373416171e-68,5.809380112843287e-68,0.2502994942155268,1.710306258896206e-66,1.9420846412570375e-62,0.0,1.8228742463145334e-66,0.0,1.942084865712354e-62,8.942205173346116e-198,True,True,False,240,3.670858766258617e-68,0.9100436723446919,8.059300401314157e-68,0.2502994942155268,3.42986539957198e-69,True,3.4078875854611397,0.9894985742866993,True,True,False,False,False,False,2.13852134658467e-68,1.7938136071575541e-68
L144_gL2,144,2.0,gL,2,L144_gL2,L144_gL2_translated_t58p065,translated,0.5,1.0,open,0.013888888888888888,58.065,0.4032291666666666666666666667,0.005,11613,"['charge_density_wave', 'block_cell9', 'block_cell27']","[['charge_density_wave', 'block_cell9'], ['charge_density_wave', 'block_cell27'], ['block_cell9', 'block_cell27']]",['block_cell27'],new_time_validation,"[200, 240, 280, 320]",block_cell9,2.0,0.0009034164165091186,0.0009034160478426212,1.8929150507276172e-07,2.8507118013749895e-07,1.8929150507276172e-07,2.849263198471899e-07,0.999491845193754,4.0,3.865034968034392e-242,0.250311756518952,1.710306258896206e-66,0.0002246054224323562,0.0008896115809776529,0.0009032267563375485,0.0009036053393476941,0.0,0.0002368630557637381,1.3319652006030083,4.539314318448305,0.9119746591895819,2.917617295310173e-133,True,True,False,2.0,0.0009034164165091186,0.0009034160478426212,1.8929150507276172e-07,2.8507118013749895e-07,1.8929150507276172e-07,2.849263198471899e-07,0.999491845193754,4.0,3.865034968034392e-242,0.0009034160478426212,0.0009034164165091186,1.0,8.161612240469584e-07,1.9822768850895135e-21,0.0009034160478426212,0.0008896115809776529,0.2503117518488582,1.710306258896206e-66,0.0002246054224323562,0.0009032267563375485,0.0009036053393476941,0.0,0.0002368630557637381,2.9176188678754177e-133,True,True,False,240,0.000903600406115497,2.417254595373191e-72,8.059300401314157e-68,0.2502994942155268,1.22623034252065e-05,True,3.433350533246994,0.981918815523386,True,True,False,False,False,False,1.3988825137844054e-05,1.8435827287574622e-07
L144_gL2,144,2.0,gL,2,L144_gL2,L144_gL2_translated_t58p065,translated,0.5,1.0,open,0.013888888888888888,58.065,0.4032291666666666666666666667,0.005,11613,"['charge_density_wave', 'block_cell9', 'block_cell27']","[['charge_density_wave', 'block_cell9'], ['charge_density_wave', 'block_cell27'], ['block_cell9', 'block_cell27']]",['block_cell27'],new_time_validation,"[200, 240, 280, 320]",block_cell27,4.0,0.051142826602786524,0.05107607322381511,1.5601879299973134e-09,2.352657915681904e-09,1.5601879299973134e-09,2.2874265204111584e-09,0.9722733191102971,8.0,2.7275928566789082e-241,0.2684240816056244,1.710306258896206e-66,2.3902844951102405e-06,0.05017713126128354,0.05107607166362718,0.05107607478400304,0.018122196274944193,0.01812697684393441,1.3565821889787912,6.433181792497635,0.9357174895703793,3.625320063649837e-130,True,False,True,2.0,0.05113013193673083,0.05106342818917123,1.3363392865080454e-05,2.0150156061563695e-05,1.3363392865080454e-05,1.9591592672217282e-05,0.972279947230192,4.0,2.3408005844132278e-241,0.05106342818917123,0.05113013193673083,1.0,0.002614290398542329,1.7449937656538367e-14,0.05106342818917123,0.05017713126128354,0.2684164004875866,1.710306258896206e-66,0.011760519430406102,0.05105006479630615,0.05107679158203631,0.006356386841653679,0.029877425702465883,3.639086977888872e-130,False,False,True,240,0.0510760745913072,1.0658932352054079e-75,8.059300401314157e-68,0.2502994942155268,0.01812458739009761,False,3.409259529784322,0.9769720006734133,False,True,False,False,False,False,0.0008989433300236535,1.264640213596846e-05
L144_gL2,144,2.0,gL,2,L144_gL2,L144_gL2_translated_t58p085,translated,0.5,1.0,open,0.013888888888888888,58.085,0.4033680555555555555555555556,0.005,11617,"['charge_density_wave', 'block_cell9', 'block_cell27']","[['charge_density_wave', 'block_cell9'], ['charge_density_wave', 'block_cell27'], ['block_cell9', 'block_cell27']]",['block_cell27'],new_time_validation,"[200, 240, 280, 320]",charge_density_wave,0.0,0.0,0.0,8.684318895809735e-68,1.310468486655119e-67,8.684318895809735e-68,1.310468486655119e-67,1.0,0.0,0.0,0.2502994942155268,1.6221349819738689e-66,1.878126922915713e-62,5.509889621001668e-68,0.0,1.708978170931966e-66,0.0,1.878126922915713e-62,1.3499116320163012,1.3082266431301832,0.9178299643099308,1.6183108562970485e-197,True,True,False,2.0,5.182959747329034e-68,5.182959747329034e-68,5.492429424175124e-68,8.270646948738418e-68,5.492429424175124e-68,8.270646948738418e-68,1.0,4.0,2.3984694402298905e-274,5.182959747329034e-68,5.182959747329034e-68,1.0,5.090539087877398e-135,6.458505438139975e-270,5.182959747329034e-68,5.509889621001668e-68,0.2502994942155268,1.6221349819738689e-66,1.8425914081273866e-62,0.0,1.7288888736889105e-66,0.0,1.8425916210113857e-62,7.677175058274476e-198,True,True,False,240,3.4816203023946993e-68,0.9100436723446919,7.643831040522887e-68,0.2502994942155268,3.2525311630176236e-69,True,3.3763257432729006,0.9641898367553949,True,True,False,False,False,False,2.0282693186069684e-68,1.7013394449343343e-68
L144_gL2,144,2.0,gL,2,L144_gL2,L144_gL2_translated_t58p085,translated,0.5,1.0,open,0.013888888888888888,58.085,0.4033680555555555555555555556,0.005,11617,"['charge_density_wave', 'block_cell9', 'block_cell27']","[['charge_density_wave', 'block_cell9'], ['charge_density_wave', 'block_cell27'], ['block_cell9', 'block_cell27']]",['block_cell27'],new_time_validation,"[200, 240, 280, 320]",block_cell9,2.0,0.0008564559022413937,0.0008564555881292076,1.7945475195757356e-07,2.702575611729685e-07,1.7945475195757356e-07,2.7012736233269417e-07,0.9995182416369435,4.0,7.229825549358334e-242,0.2503105931821338,1.6221349819738689e-66,0.00021362305709947985,0.0008433683792271386,0.00085627613337725,0.0008566350428811651,0.0,0.00022471779430995005,1.4120748080313206,4.445638068020344,0.9079495947808027,2.765956185895718e-133,True,True,False,2.0,0.0008564559022413937,0.0008564555881292076,1.7945475195757356e-07,2.702575611729685e-07,1.7945475195757356e-07,2.7012736233269417e-07,0.9995182416369435,4.0,7.229825549358334e-242,0.0008564555881292076,0.0008564559022413937,1.0,7.335167146639463e-07,1.5989392776088655e-21,0.0008564555881292076,0.0008433683792271386,0.2503105889527373,1.6221349819738689e-66,0.00021362305709947985,0.00085627613337725,0.0008566350428811651,0.0,0.00022471779430995005,2.7659573462349234e-133,True,True,False,240,0.0008566303728319548,2.417254595373191e-72,7.643831040522887e-68,0.2502994942155268,1.1098966606974486e-05,True,3.352653816342354,0.9659058470278978,True,True,False,False,False,False,1.3261993604816243e-05,1.7478470274725436e-07
L144_gL2,144,2.0,gL,2,L144_gL2,L144_gL2_translated_t58p085,translated,0.5,1.0,open,0.013888888888888888,58.085,0.4033680555555555555555555556,0.005,11617,"['charge_density_wave', 'block_cell9', 'block_cell27']","[['charge_density_wave', 'block_cell9'], ['charge_density_wave', 'block_cell27'], ['block_cell9', 'block_cell27']]",['block_cell27'],new_time_validation,"[200, 240, 280, 320]",block_cell27,4.0,0.048482468784783496,0.04842558881141647,1.4772070678450513e-09,2.22728718152347e-09,1.4772070678450513e-09,2.1686286137426635e-09,0.973663671093961,8.0,3.316916319360626e-241,0.26684204826367286,1.6221349819738689e-66,2.2689665843161963e-06,0.04757305664871345,0.048425587334209395,0.04842559028862353,0.016540284321158758,0.016544822254327393,1.3145225178450346,6.170876583084464,0.9210671801120043,3.4380557447689797e-130,True,True,False,2.0,0.04847043383614774,0.04841359616109325,1.2652273691325354e-05,1.9075529428016607e-05,1.2652273691325354e-05,1.8573270362378965e-05,0.973669980299474,4.0,1.0030029697350183e-241,0.04841359616109325,0.04847043383614774,1.0,0.0023493829622542304,1.4072462637572481e-14,0.04841359616109325,0.04757305664871345,0.26683501736908577,1.6221349819738689e-66,0.011184509296723828,0.04840094388740193,0.04842624843478458,0.005351013856835176,0.02772003245028283,3.4497909159991194e-130,False,True,False,240,0.04842559010846126,1.0658932352054079e-75,7.643831040522887e-68,0.2502994942155268,0.01654255404814609,True,3.3883958607912064,0.9634083099663258,True,True,False,False,False,False,0.0008525334597478049,1.1993947368005298e-05
L144_gL2,144,2.0,gL,2,L144_gL2,L144_gL2_translated_t58p105,translated,0.5,1.0,open,0.013888888888888888,58.105,0.4035069444444444444444444444,0.005,11621,"['charge_density_wave', 'block_cell9', 'block_cell27']","[['charge_density_wave', 'block_cell9'], ['charge_density_wave', 'block_cell27'], ['block_cell9', 'block_cell27']]",['block_cell27'],new_time_validation,"[200, 240, 280, 320]",charge_density_wave,0.0,0.0,0.0,8.235896420722406e-68,1.2428020363454782e-67,8.235896420722406e-68,1.2428020363454782e-67,1.0,0.0,0.0,0.2502994942155268,1.5385091915886226e-66,1.7819136887638733e-62,5.225838737683037e-68,0.0,1.6208681557958468e-66,0.0,1.7819136887638733e-62,1.421381514519453,1.258853329345584,0.911452429369092,1.6201686306220827e-197,True,True,False,2.0,4.9157698589704184e-68,4.9157698589704184e-68,5.208239637339611e-68,7.842711981914287e-68,5.208239637339611e-68,7.842711981914287e-68,1.0,4.0,3.481122781949067e-274,4.9157698589704184e-68,4.9157698589704184e-68,1.0,4.579019893880896e-135,5.2257345727431736e-270,4.9157698589704184e-68,5.225838737683037e-68,0.2502994942155268,1.5385091915886226e-66,1.7481950197152772e-62,0.0,1.639749286551723e-66,0.0,1.7481952216244938e-62,2.1300056178565842e-197,True,True,False,240,3.3021373748741255e-68,0.9100436723446919,7.249779765792411e-68,0.2502994942155268,3.084365817095553e-69,True,3.416167076677084,0.9568495638668537,True,True,False,False,False,False,1.9237013628089116e-68,1.613632484096293e-68
L144_gL2,144,2.0,gL,2,L144_gL2,L144_gL2_translated_t58p105,translated,0.5,1.0,open,0.013888888888888888,58.105,0.4035069444444444444444444444,0.005,11621,"['charge_density_wave', 'block_cell9', 'block_cell27']","[['charge_density_wave', 'block_cell9'], ['charge_density_wave', 'block_cell27'], ['block_cell9', 'block_cell27']]",['block_cell27'],new_time_validation,"[200, 240, 280, 320]",block_cell9,2.0,0.0008119366289294637,0.0008119363612986022,1.7012944201961288e-07,2.56214125830047e-07,1.7012944201961288e-07,2.560971045389677e-07,0.999543267605952,4.0,8.962868354723805e-242,0.25030953971589465,1.5385091915886226e-66,0.00020317586886026059,0.0007995291403966438,0.0008117662318565826,0.0008121064907406218,0.0,0.0002132175391596024,1.3267428278923035,4.449926448985934,0.9108760077506304,2.6221791623316654e-133,True,True,False,2.0,0.0008119366289294637,0.0008119363612986022,1.7012944201961288e-07,2.56214125830047e-07,1.7012944201961288e-07,2.560971045389677e-07,0.999543267605952,4.0,8.962868354723805e-242,0.0008119363612986022,0.0008119366289294637,1.0,6.592410913537345e-07,1.2897344480905913e-21,0.0008119363612986022,0.0007995291403966438,0.2503095358858261,1.5385091915886226e-66,0.00020317586886026059,0.0008117662318565826,0.0008121064907406218,0.0,0.0002132175391596024,2.622179980969521e-133,True,True,False,240,0.0008121020696057699,2.417254595373191e-72,7.249779765792411e-68,0.2502994942155268,1.0045500367847717e-05,True,3.4186444990336895,0.9568266104906797,True,True,False,False,False,False,1.2572929209126067e-05,1.657083071676885e-07
L144_gL2,144,2.0,gL,2,L144_gL2,L144_gL2_translated_t58p105,translated,0.5,1.0,open,0.013888888888888888,58.105,0.4035069444444444444444444444,0.005,11621,"['charge_density_wave', 'block_cell9', 'block_cell27']","[['charge_density_wave', 'block_cell9'], ['charge_density_wave', 'block_cell27'], ['block_cell9', 'block_cell27']]",['block_cell27'],new_time_validation,"[200, 240, 280, 320]",block_cell27,4.0,0.04596050922250616,0.0459120432286814,1.3987235175804474e-09,2.10874711935553e-09,1.3987235175804474e-09,2.0560008363561316e-09,0.9749869092812236,8.0,5.291584851260002e-241,0.2653942814663009,1.5385091915886226e-66,2.153915069309788e-06,0.04510355653399789,0.04591204182995788,0.04591204462740492,0.015092632639868873,0.015096940470007493,1.4115718603134155,6.188323397189379,0.9229193031787872,3.260339093806975e-130,True,True,False,2.0,0.04594909970483433,0.0459006697585177,1.1979695089129385e-05,1.8059496896319604e-05,1.1979695089129385e-05,1.7607881497013617e-05,0.974992913595615,4.0,1.99475400552709e-241,0.0459006697585177,0.04594909970483433,1.0,0.0021113197690599867,1.1348724281574956e-14,0.0459006697585177,0.04510355653399789,0.2653878480986836,1.5385091915886226e-66,0.010637070555628302,0.04588869006342857,0.045912649453606826,0.004451283327528532,0.025725424438785137,3.270342350886965e-130,False,True,False,240,0.04591204445885886,1.0658932352054079e-75,7.249779765792411e-68,0.2502994942155268,0.015094787250774086,True,3.4307297561317682,0.9668186791241169,True,True,False,False,False,False,0.0008084879248609692,1.1374700341161559e-05
L144_gL4,144,2.0,gL,4,L144_gL4,L144_gL4_edge_t74p385,edge,0.5,1.0,open,0.027777777777777776,74.385,0.5165625,0.005,14877,"['charge_density_wave', 'left', 'right']","[['charge_density_wave', 'left'], ['charge_density_wave', 'right'], ['left', 'right']]",['left'],new_time_validation,"[200, 240, 280, 320]",charge_density_wave,0.0,0.0,0.0,1.5186477652619006e-86,2.292873591759089e-86,1.5186477652619006e-86,2.292873591759089e-86,1.0,0.0,0.0,0.24571530531028699,2.0161622837395954e-84,2.8337680719337464e-80,1.2229601613130113e-86,0.0,2.0313487613922144e-84,0.0,2.8337680719337464e-80,1.3541017156094313,1.2992288619279861,0.9134881645441055,1.1617346205875093e-197,True,True,False,2.0,1.0754026334150835e-86,1.0754026334150835e-86,1.0406697393756002e-86,1.5686847279981803e-86,1.0406697393756002e-86,1.5686847279981803e-86,1.0,4.0,1.386847426260202e-283,1.0754026334150835e-86,1.0754026334150835e-86,1.0,2.08749386507797e-172,0.0,1.0754026334150835e-86,1.333477806181857e-86,0.24571530531028699,2.0161622837395954e-84,2.826961533318376e-80,0.0,2.037323007467502e-84,0.0,2.8269615722067235e-80,7.451099227402217e-198,True,True,False,240,6.590397165492068e-87,0.9085703583667817,1.4335399544321012e-86,0.24571530531028699,5.394016088842216e-88,True,3.4479844085872173,0.9635097961872816,True,True,False,False,False,False,5.639204447638045e-87,4.163629168658767e-87
L144_gL4,144,2.0,gL,4,L144_gL4,L144_gL4_edge_t74p385,edge,0.5,1.0,open,0.027777777777777776,74.385,0.5165625,0.005,14877,"['charge_density_wave', 'left', 'right']","[['charge_density_wave', 'left'], ['charge_density_wave', 'right'], ['left', 'right']]",['left'],new_time_validation,"[200, 240, 280, 320]",left,4.0,0.05743661706214342,0.05734211013513198,1.795327566620422e-08,2.6965404092591703e-08,1.795327566620422e-08,2.6138412854427116e-08,0.9693313982863031,8.0,5.353860939261884e-241,0.2677976375593447,2.0161622837395954e-84,2.4347433777860324e-05,0.055608329789343394,0.05734209218185631,0.05734212808840764,0.02205797360064072,0.02210666846819644,1.3257549740374088,6.223092334344983,0.9067968316376209,5.952660998618458e-106,True,False,True,2.0,0.057391333051425734,0.05729704911426408,4.6799084408299364e-05,7.022732691270808e-05,4.6799084408299364e-05,6.807518118037363e-05,0.9693545827963872,4.0,1.088104884296044e-241,0.05729704911426408,0.057391333051425734,1.0,0.003293765110810733,4.5818272449480624e-15,0.05729704911426408,0.055608329789343394,0.26776810436678183,2.0161622837395954e-84,0.03696252026433469,0.05725025002985578,0.05734384819867237,0.0,0.059015319320829526,5.98037668333317e-106,False,False,True,240,0.057342127248267316,2.5289571243348177e-97,1.4335399544321012e-86,0.24571530531028699,0.022082332249057732,False,3.4816713836044073,0.9688831120729446,False,True,False,False,False,False,0.001733797458923922,4.507813400323607e-05
L144_gL4,144,2.0,gL,4,L144_gL4,L144_gL4_edge_t74p385,edge,0.5,1.0,open,0.027777777777777776,74.385,0.5165625,0.005,14877,"['charge_density_wave', 'left', 'right']","[['charge_density_wave', 'left'], ['charge_density_wave', 'right'], ['left', 'right']]",['left'],new_time_validation,"[200, 240, 280, 320]",right,4.0,9.38494366641843,0.9943710467731394,1.1390724747505675e-06,1.200984329127549e-05,1.1390724747505675e-06,8.054151495891908e-06,0.6706291914518834,8.0,3.622855747687705e-241,0.30727891082233316,2.0161622837395954e-84,0.0012043883583295087,0.9939072037045411,0.9943699077006646,0.994372185845614,0.06035927337564733,0.06276805009230635,1.3971692081540823,6.106140360236168,0.9909414723515511,5.706701921336002e-103,True,False,True,2.0,9.37421880036942,0.9943582683032753,0.0018859006790855376,0.02396647654484506,0.0018859006790855376,0.016072697619915054,0.6706324807420273,4.0,5.665827368921531e-241,0.9943582683032753,9.37421880036942,1.0,87.87597813968944,1.97632687529901e-06,0.9943582683032753,0.9939072037045411,0.30739262432924386,2.0161622837395954e-84,0.987482578958759,0.9924723676241898,0.9962441689823609,0.0,1.049159897977716,1.0038826777333227e-99,False,False,True,240,0.994371053118034,2.3622547649914944e-103,1.4335399544321012e-86,0.24571530531028699,0.06156360551204618,False,3.4715146254748106,0.9871109649538994,False,False,False,False,False,False,0.00046384941349286724,1.2784814758637353e-05
L144_gL4,144,2.0,gL,4,L144_gL4,L144_gL4_edge_t74p405,edge,0.5,1.0,open,0.027777777777777776,74.405,0.5167013888888888888888888889,0.005,14881,"['charge_density_wave', 'left', 'right']","[['charge_density_wave', 'left'], ['charge_density_wave', 'right'], ['left', 'right']]",['left'],new_time_validation,"[200, 240, 280, 320]",charge_density_wave,0.0,0.0,0.0,1.4402665939160825e-86,2.1745335112879432e-86,1.4402665939160825e-86,2.1745335112879432e-86,1.0,0.0,0.0,0.24571530531028699,1.912223236498604e-84,2.6884119938007934e-80,1.1599129973988087e-86,0.0,1.9266259024377648e-84,0.0,2.6884119938007934e-80,1.4524523075670004,1.3453897070139647,0.9163748994469643,1.1661058394661387e-197,True,True,False,2.0,1.0199134117278805e-86,1.0199134117278805e-86,9.8687380825174e-87,1.4875943416564807e-86,9.8687380825174e-87,1.4875943416564807e-86,1.0,4.0,1.9799025243911978e-283,1.0199134117278805e-86,1.0199134117278805e-86,1.0,1.8777179432128853e-172,0.0,1.0199134117278805e-86,1.2646791118075745e-86,0.24571530531028699,1.912223236498604e-84,2.6819538246624146e-80,0.0,1.9322911086984002e-84,0.0,2.6819538615459557e-80,2.5054699230834844e-197,True,True,False,240,6.25067879787806e-87,0.9085703583667817,1.3596446619055899e-86,0.24571530531028699,5.11532331094387e-88,True,3.2921559400856495,0.9306404255330563,True,True,False,False,False,False,5.348451176110027e-87,3.9484553194007454e-87
L144_gL4,144,2.0,gL,4,L144_gL4,L144_gL4_edge_t74p405,edge,0.5,1.0,open,0.027777777777777776,74.405,0.5167013888888888888888888889,0.005,14881,"['charge_density_wave', 'left', 'right']","[['charge_density_wave', 'left'], ['charge_density_wave', 'right'], ['left', 'right']]",['left'],new_time_validation,"[200, 240, 280, 320]",left,4.0,0.05444722303645694,0.054366697631500906,1.6996364525713082e-08,2.5524020844833934e-08,1.6996364525713082e-08,2.4780318135169762e-08,0.9708626350767654,8.0,1.277948107420557e-241,0.2658809185716456,1.912223236498604e-84,2.311674141744808e-05,0.05272231959708119,0.05436668063513638,0.05436671462786543,0.02014248624588045,0.020188719728715342,1.3263061363250017,6.359013954177499,0.9227818101644516,5.6454945410724715e-106,True,False,True,2.0,0.05440429389136982,0.05432395852728463,4.430259783869519e-05,6.64705131920666e-05,4.430259783869519e-05,6.453520526577105e-05,0.9708847151412315,4.0,3.141635716745232e-241,0.05432395852728463,0.05440429389136982,1.0,0.002959827195066703,3.694349155905793e-15,0.05432395852728463,0.05272231959708119,0.265853863876892,1.912223236498604e-84,0.035165632116595576,0.05427965592944594,0.05436826112512333,0.0,0.0553041906832006,5.669112984815315e-106,False,False,True,240,0.05436671386370185,2.5289571243348177e-97,1.3596446619055899e-86,0.24571530531028699,0.020165613261358593,False,3.321279240772128,0.9481712989509106,False,True,False,False,False,False,0.0016443942666206635,4.275533641721896e-05
L144_gL4,144,2.0,gL,4,L144_gL4,L144_gL4_edge_t74p405,edge,0.5,1.0,open,0.027777777777777776,74.405,0.5167013888888888888888888889,0.005,14881,"['charge_density_wave', 'left', 'right']","[['charge_density_wave', 'left'], ['charge_density_wave', 'right'], ['left', 'right']]",['left'],new_time_validation,"[200, 240, 280, 320]",right,4.0,8.89541471436694,0.9937404242604201,1.1121754092269286e-06,1.1382393653977143e-05,1.1121754092269286e-06,7.634799893116972e-06,0.6707552141679165,8.0,4.672348395660119e-241,0.31282506905133556,1.912223236498604e-84,0.0011778625236198625,0.9932251338868219,0.9937393120850109,0.9937415364358294,0.06593196220362997,0.0682876872508697,1.3293844275176525,6.31279288418591,0.9218970872461796,6.182314056797778e-103,True,False,True,2.0,8.885248778151919,0.993726227039958,0.001867854383955609,0.022713232171077735,0.001867854383955609,0.015235100227928837,0.6707587943968935,4.0,6.667038666187825e-241,0.993726227039958,8.885248778151919,1.0,78.94764586982214,1.5925295313978112e-06,0.993726227039958,0.9932251338868219,0.3129483275163402,1.912223236498604e-84,0.9793276113906239,0.9918583726560025,0.9955940814239137,0.0,1.046560633596677,9.018858974648577e-100,False,False,True,240,0.9937404313101713,2.3622547649914944e-103,1.3596446619055899e-86,0.24571530531028699,0.06710976374104854,False,3.3558448292315006,0.9578877631574869,False,False,False,False,False,False,0.0005152974233494367,1.4204270213258319e-05
L144_gL4,144,2.0,gL,4,L144_gL4,L144_gL4_edge_t74p425,edge,0.5,1.0,open,0.027777777777777776,74.425,0.5168402777777777777777777778,0.005,14885,"['charge_density_wave', 'left', 'right']","[['charge_density_wave', 'left'], ['charge_density_wave', 'right'], ['left', 'right']]",['left'],new_time_validation,"[200, 240, 280, 320]",charge_density_wave,0.0,0.0,0.0,1.3659308958075631e-86,2.0623012541775437e-86,1.3659308958075631e-86,2.0623012541775437e-86,1.0,0.0,0.0,0.24571530531028699,1.813642550352101e-84,2.550511660518037e-80,1.100116098704494e-86,0.0,1.8273018593101766e-84,0.0,2.550511660518037e-80,1.3797101862728596,1.521318232640624,0.9264666996896267,1.1617559485370774e-197,True,True,False,2.0,9.672873536718013e-87,9.672873536718013e-87,9.358587983150087e-87,1.410695805854933e-86,9.358587983150087e-87,1.410695805854933e-86,1.0,4.0,1.4750815181973322e-283,9.672873536718013e-87,9.672873536718013e-87,1.0,1.6890227766507905e-172,0.0,9.672873536718013e-87,1.1994299780826429e-86,0.24571530531028699,1.813642550352101e-84,2.5443840313705844e-80,0.0,1.832674011871969e-84,0.0,2.544384066352673e-80,9.792737603410811e-198,True,True,False,240,5.928472055881947e-87,0.9085703583667817,1.2895584813721775e-86,0.24571530531028699,4.8510299361550366e-88,True,3.3412579968571663,0.9478331878781319,True,True,False,False,False,False,5.0726889311629935e-87,3.7444014808360665e-87
L144_gL4,144,2.0,gL,4,L144_gL4,L144_gL4_edge_t74p425,edge,0.5,1.0,open,0.027777777777777776,74.425,0.5168402777777777777777777778,0.005,14885,"['charge_density_wave', 'left', 'right']","[['charge_density_wave', 'left'], ['charge_density_wave', 'right'], ['left', 'right']]",['left'],new_time_validation,"[200, 240, 280, 320]",left,4.0,0.051613428967374766,0.051544818323168394,1.609144302525129e-08,2.416156630438391e-08,1.609144302525129e-08,2.3492790636445207e-08,0.9723206823798771,8.0,2.427684841383907e-241,0.26412549264775,1.813642550352101e-84,2.1949346672338747e-05,0.0499853087612597,0.05154480223172537,0.05154483441461142,0.018388228582227502,0.01843212727557218,1.3503776174038649,7.223796436563134,0.9175889510661364,5.353924885780303e-106,True,False,True,2.0,0.05157273222233448,0.05150428353184708,4.194185755337996e-05,6.29195709010787e-05,4.194185755337996e-05,6.117932286972532e-05,0.9723417053480962,4.0,1.9079280962530408e-241,0.05150428353184708,0.05157273222233448,1.0,0.0026597467099965643,2.97877571541811e-15,0.05150428353184708,0.0499853087612597,0.26410071846629507,1.813642550352101e-84,0.033457136349784075,0.0514623416742937,0.05154622538940046,0.0,0.05184254950579214,5.374050982544481e-106,False,False,True,240,0.05154483371900658,2.5289571243348177e-97,1.2895584813721775e-86,0.24571530531028699,0.018410187337463003,False,3.3724899403750896,0.957007983699441,False,True,False,False,True,False,0.0015595249577468814,4.055018715950348e-05
L144_gL4,144,2.0,gL,4,L144_gL4,L144_gL4_edge_t74p425,edge,0.5,1.0,open,0.027777777777777776,74.425,0.5168402777777777777777777778,0.005,14885,"['charge_density_wave', 'left', 'right']","[['charge_density_wave', 'left'], ['charge_density_wave', 'right'], ['left', 'right']]",['left'],new_time_validation,"[200, 240, 280, 320]",right,4.0,8.431422259095521,0.9930398961202973,1.0873504097240871e-06,1.078749589211279e-05,1.0873504097240871e-06,7.237283762837533e-06,0.6708956216733327,8.0,5.160069981673279e-241,0.3188327996532812,1.813642550352101e-84,0.0011533386166790898,0.9924675789349708,0.9930388087698876,0.993040983470707,0.07196422181240307,0.07427089904576124,1.3464074023067951,7.1185886189341545,0.9330442119389772,6.691731683723147e-103,True,False,True,2.0,8.421786121838664,0.9930241259921674,0.0018511841594259202,0.02152506470446687,0.0018511841594259202,0.014441155682025392,0.6708995248236616,4.0,7.270318669724218e-241,0.9930241259921674,8.421786121838664,1.0,70.92648150008723,1.2832666952309148e-06,0.9930241259921674,0.9924675789349708,0.31896628207894895,1.813642550352101e-84,0.971783305983134,0.9911729418327415,0.9948753101515934,0.0,1.045034282751796,8.102526337467764e-100,False,False,True,240,0.9930399039515398,2.3622547649914944e-103,1.2895584813721775e-86,0.24571530531028699,0.07311749434299421,False,3.4050174728035927,0.9721442610025406,False,False,False,False,False,False,0.0005723250165690086,1.5777959372464956e-05
L144_gL4,144,2.0,gL,4,L144_gL4,L144_gL4_edge_t74p445,edge,0.5,1.0,open,0.027777777777777776,74.445,0.5169791666666666666666666667,0.005,14889,"['charge_density_wave', 'left', 'right']","[['charge_density_wave', 'left'], ['charge_density_wave', 'right'], ['left', 'right']]",['left'],new_time_validation,"[200, 240, 280, 320]",charge_density_wave,0.0,0.0,0.0,1.2954318712544196e-86,1.9558615785068613e-86,1.2954318712544196e-86,1.9558615785068613e-86,1.0,0.0,0.0,0.24571530531028699,1.720143986154346e-84,2.4196846546261656e-80,1.043401904576364e-86,0.0,1.7330983048668902e-84,0.0,2.4196846546261656e-80,1.3897711522877216,1.6250207889825106,0.9272536225616932,1.1620893106410081e-197,True,True,False,2.0,9.173767241428024e-87,9.173767241428024e-87,8.874809519989423e-87,1.3377724275556867e-86,8.874809519989423e-87,1.3377724275556867e-86,1.0,4.0,1.8881922697160582e-283,9.173767241428024e-87,9.173767241428024e-87,1.0,1.5192899223364345e-172,0.0,9.173767241428024e-87,1.137547270996773e-86,0.24571530531028699,1.720143986154346e-84,2.4138706484614728e-80,0.0,1.7381925629157634e-84,0.0,2.413870681640134e-80,1.5512719242115672e-197,True,True,False,240,5.622874259351143e-87,0.9085703583667817,1.2230850629208645e-86,0.24571530531028699,4.6003919718757106e-88,True,3.2946848310530186,0.9397365357726812,True,True,False,False,False,False,4.8111447864124974e-87,3.550892982076881e-87
L144_gL4,144,2.0,gL,4,L144_gL4,L144_gL4_edge_t74p445,edge,0.5,1.0,open,0.027777777777777776,74.445,0.5169791666666666666666666667,0.005,14889,"['charge_density_wave', 'left', 'right']","[['charge_density_wave', 'left'], ['charge_density_wave', 'right'], ['left', 'right']]",['left'],new_time_validation,"[200, 240, 280, 320]",left,4.0,0.048927135167931714,0.048868677634236704,1.5235605975593445e-08,2.2873538519626865e-08,1.5235605975593445e-08,2.2272163464486873e-08,0.9737087003559165,8.0,1.893994051841441e-241,0.2625184216974514,1.720143986154346e-84,2.084190380281763e-05,0.04738972130747151,0.048868662398630726,0.04886869286984268,0.016782265870706987,0.016823949678312623,1.3697399124503136,7.174491683021188,0.9259834215044975,5.077197766794882e-106,True,True,False,2.0,0.04888855472661493,0.048830235205500755,3.970927244925492e-05,5.956274991561843e-05,3.970927244925492e-05,5.799795976511582e-05,0.9737287121108508,4.0,2.0066095811326866e-241,0.048830235205500755,0.04888855472661493,1.0,0.002390090784262125,2.401808115366109e-15,0.048830235205500755,0.04738972130747151,0.26249574454020524,1.720143986154346e-84,0.03183259002997714,0.0487905259330515,0.04886994447795001,0.0,0.04861302925989537,5.094347293153682e-106,False,True,False,240,0.048868692236143874,2.5289571243348177e-97,1.2230850629208645e-86,0.24571530531028699,0.016803116387164366,True,3.3110268115997314,0.9505761805921793,True,True,False,False,False,False,0.0014789709286723643,3.845703064311867e-05
L144_gL4,144,2.0,gL,4,L144_gL4,L144_gL4_edge_t74p445,edge,0.5,1.0,open,0.027777777777777776,74.445,0.5169791666666666666666666667,0.005,14889,"['charge_density_wave', 'left', 'right']","[['charge_density_wave', 'left'], ['charge_density_wave', 'right'], ['left', 'right']]",['left'],new_time_validation,"[200, 240, 280, 320]",right,4.0,7.991634065147417,0.9922618879235301,1.0644443512541452e-06,1.0223449430439689e-05,1.0644443512541452e-06,6.860466072344711e-06,0.6710519887659537,8.0,4.390848044369657e-241,0.3253345608837487,1.720143986154346e-84,0.0011306741970514402,0.9916263890192555,0.9922608234791789,0.9922629523678814,0.07848865291252027,0.08075000130662316,1.3484239242970943,7.1548604015260935,0.9331275597214699,7.236371560446977e-103,True,False,True,2.0,7.982500114354819,0.9922443747686438,0.0018357350188273748,0.020398571313506274,0.0018357350188273748,0.013688588775211412,0.6710562502065006,4.0,4.1411848027620995e-241,0.9922443747686438,7.982500114354819,1.0,63.72030809190285,1.0340631498065554e-06,0.9922443747686438,0.9916263890192555,0.3254789749397657,1.720143986154346e-84,0.9647819505876128,0.9904086397498164,0.9940801097874712,0.0,1.0445456202170915,7.279298459539316e-100,False,False,True,240,0.9922618966208395,2.3622547649914944e-103,1.2230850629208645e-86,0.24571530531028699,0.07961925557346168,False,3.3423667680472136,0.9595987945795059,False,False,False,False,False,False,0.00063550760158404,1.752185219572322e-05
L144_gL4,144,2.0,gL,4,L144_gL4,L144_gL4_edge_t74p465,edge,0.5,1.0,open,0.027777777777777776,74.465,0.5171180555555555555555555556,0.005,14893,"['charge_density_wave', 'left', 'right']","[['charge_density_wave', 'left'], ['charge_density_wave', 'right'], ['left', 'right']]",['left'],new_time_validation,"[200, 240, 280, 320]",charge_density_wave,0.0,0.0,0.0,1.2285714974604795e-86,1.854915512985211e-86,1.2285714974604795e-86,1.854915512985211e-86,1.0,0.0,0.0,0.24571530531028699,1.6314655456934015e-84,2.295568172979093e-80,9.896114926012184e-87,0.0,1.6437512606680064e-84,0.0,2.295568172979093e-80,1.4719920475035906,1.5277709998190403,0.9253563471138477,1.1613699053382167e-197,True,True,False,2.0,8.70041410954589e-87,8.70041410954589e-87,8.416039432211932e-87,1.2686187154974385e-86,8.416039432211932e-87,1.2686187154974385e-86,1.0,4.0,2.552090999088929e-283,8.70041410954589e-87,8.70041410954589e-87,1.0,1.36661382341957e-172,0.0,8.70041410954589e-87,1.0788573050514883e-86,0.24571530531028699,1.6314655456934015e-84,2.290051738569723e-80,0.0,1.6485819992351593e-84,0.0,2.290051770037929e-80,1.979951174082588e-197,True,True,False,240,5.333029259018624e-87,0.9085703583667817,1.1600381779727225e-86,0.24571530531028699,4.362703866812909e-88,True,3.278261825442314,0.9416641164571047,True,True,False,False,False,False,4.5630856669935605e-87,3.3673848505272655e-87
L144_gL4,144,2.0,gL,4,L144_gL4,L144_gL4_edge_t74p465,edge,0.5,1.0,open,0.027777777777777776,74.465,0.5171180555555555555555555556,0.005,14893,"['charge_density_wave', 'left', 'right']","[['charge_density_wave', 'left'], ['charge_density_wave', 'right'], ['left', 'right']]",['left'],new_time_validation,"[200, 240, 280, 320]",left,4.0,0.04638066360874597,0.046330857697637735,1.4426115803893261e-08,2.1655708764581154e-08,1.4426115803893261e-08,2.1114960278740386e-08,0.9750297488888849,8.0,1.85210236639607e-241,0.26104772208247196,1.6314655456934015e-84,1.9791249555136387e-05,0.04492834912995455,0.04633084327152193,0.04633087212375354,0.015312617641455807,0.01535220014056608,1.35373573936522,7.094259576871991,0.9178712498396635,4.814589738044343e-106,True,True,False,2.0,0.046344089412812706,0.046294401108366946,3.759768963709765e-05,5.638901359100429e-05,3.759768963709765e-05,5.498203968698114e-05,0.9750487938266117,4.0,8.678153577443335e-242,0.046294401108366946,0.046344089412812706,1.0,0.002147774624404455,1.9365978619594985e-15,0.046294401108366946,0.04492834912995455,0.2610269720803645,1.6314655456934015e-84,0.03028777910381763,0.04625680341872985,0.046331998798004044,0.0,0.045599445873895146,4.829202439144901e-106,False,True,False,240,0.04633087154599112,2.5289571243348177e-97,1.1600381779727225e-86,0.24571530531028699,0.015332416772184974,True,3.3050536829978228,0.9437191430479288,True,True,False,False,False,False,0.0014025224160365696,3.647043762417673e-05
L144_gL4,144,2.0,gL,4,L144_gL4,L144_gL4_edge_t74p465,edge,0.5,1.0,open,0.027777777777777776,74.465,0.5171180555555555555555555556,0.005,14893,"['charge_density_wave', 'left', 'right']","[['charge_density_wave', 'left'], ['charge_density_wave', 'right'], ['left', 'right']]",['left'],new_time_validation,"[200, 240, 280, 320]",right,4.0,7.574787405565002,0.991398045453828,1.0433092402345713e-06,9.688642060621364e-06,1.0433092402345713e-06,6.503269000926634e-06,0.6712260562662956,8.0,4.299901876716713e-241,0.33236408530849354,1.6314655456934015e-84,0.0011097305775094452,0.990692582146124,0.9913970021445878,0.9913990887630683,0.08553912677013797,0.08775858792515687,1.339271629229188,7.0472700875252485,0.9243866093456745,7.817517692493977e-103,True,False,True,2.0,7.566129467976644,0.9913786017232299,0.0018213617783706907,0.01933052615504765,0.0018213617783706907,0.012975242893961778,0.6712307150818883,4.0,2.6233236990176688e-241,0.9913786017232299,7.566129467976644,1.0,57.246315140740144,8.332549645168406e-07,0.9913786017232299,0.990692582146124,0.33252016464734363,1.6314655456934015e-84,0.9582597596351007,0.9895572399448591,0.9931999635016006,0.0,1.0450646189721573,6.539714975871137e-100,False,False,True,240,0.991398055110452,2.3622547649914944e-103,1.1600381779727225e-86,0.24571530531028699,0.08664877999820653,False,3.3442691192030907,0.9540828485041857,False,False,False,False,False,False,0.0007054729643279911,1.9453387222090335e-05
L144_gL4,144,2.0,gL,4,L144_gL4,L144_gL4_edge_t76p285,edge,0.5,1.0,open,0.027777777777777776,76.285,0.5297569444444444444444444444,0.005,15257,"['charge_density_wave', 'left', 'right']","[['charge_density_wave', 'left'], ['charge_density_wave', 'right'], ['left', 'right']]",['right'],new_time_validation,"[200, 240, 280, 320]",charge_density_wave,0.0,0.0,0.0,9.888916353523728e-89,1.4930921841660353e-88,9.888916353523728e-89,1.4930921841660353e-88,1.0,0.0,0.0,0.24571530531028699,1.320597497055789e-86,1.9042193034669606e-82,8.010457000680124e-89,0.0,1.3304864134093127e-86,0.0,1.9042193034669606e-82,1.389886911958456,1.5245710089802742,0.9231066051870584,1.1588566191517239e-197,True,True,False,2.0,7.011819759578763e-89,7.011819759578763e-89,6.721634883258244e-89,1.0132387075981289e-88,6.721634883258244e-89,1.0132387075981289e-88,1.0,4.0,1.1531234109090873e-284,7.011819759578763e-89,7.011819759578763e-89,1.0,8.914968347635116e-177,0.0,7.011819759578763e-89,8.698981168913183e-89,0.24571530531028699,1.320597497055789e-86,1.8995941254166196e-82,0.0,1.334330951698626e-86,0.0,1.8995941508888054e-82,2.065465886728753e-197,True,True,False,240,4.319097504617549e-89,0.9085703583667817,9.394933164633622e-89,0.24571530531028699,3.4935111271840036e-90,True,3.3667288720607758,0.9611366949975491,True,True,False,False,False,False,3.691359496062575e-89,2.6927222549612137e-89
L144_gL4,144,2.0,gL,4,L144_gL4,L144_gL4_edge_t76p285,edge,0.5,1.0,open,0.027777777777777776,76.285,0.5297569444444444444444444444,0.005,15257,"['charge_density_wave', 'left', 'right']","[['charge_density_wave', 'left'], ['charge_density_wave', 'right'], ['left', 'right']]",['right'],new_time_validation,"[200, 240, 280, 320]",left,2.0,0.00035811211995848645,0.0003581120969955713,2.847417525811582e-07,4.2675220071160786e-07,2.847417525811582e-07,4.2666703913068686e-07,0.9998004425500817,4.0,1.170267841249079e-242,0.24571747193301594,1.320597497055789e-86,0.0003294921024291101,0.0003475024312354454,0.00035782735524299015,0.00035839683874815245,0.0,0.0003316554972735453,1.450022166594863,5.10998709872365,0.9242622647434473,3.731423172193998e-108,True,True,False,2.0,0.00035811211995848645,0.0003581120969955713,2.847417525811582e-07,4.2675220071160786e-07,2.847417525811582e-07,4.2666703913068686e-07,0.9998004425500817,4.0,1.170267841249079e-242,0.0003581120969955713,0.00035811211995848645,1.0,1.2824429050828172e-07,6.042911582745922e-24,0.0003581120969955713,0.0003475024312354454,0.24571746870513142,1.320597497055789e-86,0.0003294921024291101,0.00035782735524299015,0.00035839683874815245,0.0,0.0003316554972735453,3.731423172193998e-108,True,True,False,240,0.0003583959934455093,2.5289571243348177e-97,9.394933164633622e-89,0.24571530531028699,2.1666227289313843e-06,True,3.3650091905146837,0.9646545425057411,True,True,False,False,False,False,1.0893562210063923e-05,2.83896449938001e-07
L144_gL4,144,2.0,gL,4,L144_gL4,L144_gL4_edge_t76p285,edge,0.5,1.0,open,0.027777777777777776,76.285,0.5297569444444444444444444444,0.005,15257,"['charge_density_wave', 'left', 'right']","[['charge_density_wave', 'left'], ['charge_density_wave', 'right'], ['left', 'right']]",['right'],new_time_validation,"[200, 240, 280, 320]",right,4.0,0.05790155391109217,0.05780473719951305,3.451127481257213e-08,5.1742318115598705e-08,3.451127481257213e-08,5.01484131861036e-08,0.9691953320310441,8.0,1.2475884043529035e-241,0.26810161033860985,1.320597497055789e-86,4.517879756711049e-05,0.05554381193684235,0.05780470268823823,0.05780477171078786,0.02234110445394815,0.022431462049082373,1.333381487056613,7.010973412543535,0.932213120162487,3.2879602056439174e-103,True,False,True,2.0,0.05783509214374515,0.05773860788523778,6.862269895576709e-05,0.00010278720765351366,6.862269895576709e-05,9.962436509167641e-05,0.9692292199190885,4.0,8.205187143767611e-242,0.05773860788523778,0.05783509214374515,1.0,0.003344897884010517,2.4585837700557633e-15,0.05773860788523778,0.05554381193684235,0.2680580423237231,1.320597497055789e-86,0.052307886087743,0.05766998518628202,0.05780723058419355,0.0,0.0746506231011791,3.303236742717713e-103,False,False,True,240,0.057804770257490215,2.3622547649914944e-103,9.394933164633622e-89,0.24571530531028699,0.02238630502832285,False,3.3950818330049515,0.9939128737896681,False,True,False,False,False,False,0.002260958320647863,6.616237225243182e-05
L144_gL4,144,2.0,gL,4,L144_gL4,L144_gL4_edge_t76p305,edge,0.5,1.0,open,0.027777777777777776,76.305,0.5298958333333333333333333333,0.005,15261,"['charge_density_wave', 'left', 'right']","[['charge_density_wave', 'left'], ['charge_density_wave', 'right'], ['left', 'right']]",['right'],new_time_validation,"[200, 240, 280, 320]",charge_density_wave,0.0,0.0,0.0,9.37854202195917e-89,1.4160330829483075e-88,9.37854202195917e-89,1.4160330829483075e-88,1.0,0.0,0.0,0.24571530531028699,1.2525168436580761e-86,1.806531305851361e-82,7.597494574326572e-89,0.0,1.2618953856800354e-86,0.0,1.806531305851361e-82,1.457882234826684,1.500776132568717,0.9272470809519291,1.1600074551061133e-197,True,True,False,2.0,6.650019984942254e-89,6.650019984942254e-89,6.374180678539902e-89,9.608627740636977e-89,6.374180678539902e-89,9.608627740636977e-89,1.0,4.0,8.215867903139605e-285,6.650019984942254e-89,6.650019984942254e-89,1.0,8.019089689366291e-177,0.0,6.650019984942254e-89,8.250170889482047e-89,0.24571530531028699,1.2525168436580761e-86,1.8021428928431164e-82,0.0,1.2655410443215583e-86,0.0,1.8021429170021377e-82,2.4503985384964048e-197,True,True,False,240,4.09645889675228e-89,0.9085703583667817,8.910648545604234e-89,0.24571530531028699,3.313022908105932e-90,True,3.3794000949710608,0.9651207365095615,True,True,False,False,False,False,3.501035677574292e-89,2.553561088189974e-89
L144_gL4,144,2.0,gL,4,L144_gL4,L144_gL4_edge_t76p305,edge,0.5,1.0,open,0.027777777777777776,76.305,0.5298958333333333333333333333,0.005,15261,"['charge_density_wave', 'left', 'right']","[['charge_density_wave', 'left'], ['charge_density_wave', 'right'], ['left', 'right']]",['right'],new_time_validation,"[200, 240, 280, 320]",left,2.0,0.00033948041258014786,0.00033948039301810837,2.6993581418423353e-07,4.045633435275661e-07,2.6993581418423353e-07,4.044868087137261e-07,0.9998108211852003,4.0,1.7076195734780079e-242,0.2457172646844451,1.2525168436580761e-86,0.00031339706418293396,0.0003294225129024547,0.00033921045720392413,0.0003397503288322926,0.0,0.0003153535179351698,1.359402785077691,4.960931558161974,0.9172093961387873,3.5372840969138376e-108,True,True,False,2.0,0.00033948041258014786,0.00033948039301810837,2.6993581418423353e-07,4.045633435275661e-07,2.6993581418423353e-07,4.044868087137261e-07,0.9998108211852003,4.0,1.7076195734780079e-242,0.00033948039301810837,0.00033948041258014786,1.0,1.1524695056787125e-07,4.873084243423997e-24,0.00033948039301810837,0.0003294225129024547,0.24571726176403924,1.2525168436580761e-86,0.00031339706418293396,0.00033921045720392413,0.0003397503288322926,0.0,0.0003153535179351698,3.5372840969138376e-108,True,True,False,240,0.00033974953082685863,2.5289571243348177e-97,8.910648545604234e-89,0.24571530531028699,1.959374158094337e-06,True,3.3834437765181065,0.9758796188980341,True,True,False,False,False,False,1.0327017924403902e-05,2.691378087502582e-07
L144_gL4,144,2.0,gL,4,L144_gL4,L144_gL4_edge_t76p305,edge,0.5,1.0,open,0.027777777777777776,76.305,0.5298958333333333333333333333,0.005,15261,"['charge_density_wave', 'left', 'right']","[['charge_density_wave', 'left'], ['charge_density_wave', 'right'], ['left', 'right']]",['right'],new_time_validation,"[200, 240, 280, 320]",right,4.0,0.05488261535247404,0.05480014560807527,3.2668421673595265e-08,4.897126399190136e-08,3.2668421673595265e-08,4.753814440988768e-08,0.9707354994502351,8.0,4.0435500999495474e-241,0.2661559915060937,1.2525168436580761e-86,4.28953918644259e-05,0.05265600857114889,0.054800112939653596,0.05480017827649695,0.02039777085559566,0.02048356163932451,1.4493728186935186,6.892118072137237,0.9294563606381416,3.117991354511297e-103,True,False,True,2.0,0.05481961601890364,0.054737429522961054,6.495512287750315e-05,9.727814624881018e-05,6.495512287750315e-05,9.443448924210691e-05,0.9707677714228846,4.0,1.2544275208062418e-241,0.054737429522961054,0.05481961601890364,1.0,0.0030051903011193725,1.9814305056455535e-15,0.054737429522961054,0.05265600857114889,0.2661160838566405,1.2525168436580761e-86,0.0497691520364482,0.054672474400083555,0.05480238464583856,0.0,0.07016993058280172,3.1310060559598496e-103,False,False,True,240,0.05480017696141598,2.3622547649914944e-103,8.910648545604234e-89,0.24571530531028699,0.020440686195806683,False,3.4047815538942814,0.9887906163930893,False,True,False,False,False,False,0.0021441683902670913,6.274743845492703e-05
L144_gL4,144,2.0,gL,4,L144_gL4,L144_gL4_edge_t76p325,edge,0.5,1.0,open,0.027777777777777776,76.325,0.5300347222222222222222222222,0.005,15265,"['charge_density_wave', 'left', 'right']","[['charge_density_wave', 'left'], ['charge_density_wave', 'right'], ['left', 'right']]",['right'],new_time_validation,"[200, 240, 280, 320]",charge_density_wave,0.0,0.0,0.0,8.89450865615112e-89,1.342951058542017e-88,8.89450865615112e-89,1.342951058542017e-88,1.0,0.0,0.0,0.24571530531028699,1.187945946546736e-86,1.7138546607457224e-82,7.20582156573849e-89,0.0,1.196840455202887e-86,0.0,1.7138546607457224e-82,1.4758174251765013,1.4568213168531656,0.9202918782830238,1.158430226364575e-197,True,True,False,2.0,6.306888556159144e-89,6.306888556159144e-89,6.04468715586929e-89,9.111942525478494e-89,6.04468715586929e-89,9.111942525478494e-89,1.0,4.0,1.652301030780448e-284,6.306888556159144e-89,6.306888556159144e-89,1.0,7.213239253425052e-177,0.0,6.306888556159144e-89,7.824516271962549e-89,0.24571530531028699,1.187945946546736e-86,1.7096908930659885e-82,0.0,1.2002975222587643e-86,0.0,1.7096909159795428e-82,2.3261619504149116e-197,True,True,False,240,3.8852967487318464e-89,0.9085703583667817,8.451327551866262e-89,0.24571530531028699,3.141859512666302e-90,True,3.358476085588336,0.9666122272610664,True,True,False,False,False,False,3.3205248170066435e-89,2.4215918074272978e-89
L144_gL4,144,2.0,gL,4,L144_gL4,L144_gL4_edge_t76p325,edge,0.5,1.0,open,0.027777777777777776,76.325,0.5300347222222222222222222222,0.005,15265,"['charge_density_wave', 'left', 'right']","[['charge_density_wave', 'left'], ['charge_density_wave', 'right'], ['left', 'right']]",['right'],new_time_validation,"[200, 240, 280, 320]",left,1.0,0.00031228333938762006,0.0003122833241605475,9.798467272203701e-06,1.4679534210054291e-05,9.798467272203701e-06,1.4676979619603845e-05,0.9998259760552417,2.0,7.819979132919465e-243,0.24571707719072536,1.187945946546736e-86,0.008842099018844779,0.0003122833241605475,0.0003024848568883438,0.0003220817914327512,0.0,0.008843770838636507,1.3442827090620995,3.340201122686267,0.9238692130893469,3.353265390898014e-108,True,True,False,2.0,0.00032181813426379277,0.0003218181175989389,2.558999347710353e-07,3.835284629067971e-07,2.558999347710353e-07,3.8345968096442136e-07,0.9998206601360056,4.0,1.311763363150061e-242,0.0003218181175989389,0.00032181813426379277,1.0,1.0356691157897236e-07,3.929725290141645e-24,0.0003218181175989389,0.0003122833241605475,0.24571707454862596,1.187945946546736e-86,0.00029808516796413096,0.0003215622176641679,0.00032207401753370994,0.0,0.00029985440630308287,3.3532464073121453e-108,True,True,False,240,0.0003220732640528432,2.5289571243348177e-97,8.451327551866262e-89,0.24571530531028699,1.7718804383761088e-06,True,3.385575070977211,0.9646405838429928,True,True,False,False,False,False,9.789939892295731e-06,2.551464539042917e-07
L144_gL4,144,2.0,gL,4,L144_gL4,L144_gL4_edge_t76p325,edge,0.5,1.0,open,0.027777777777777776,76.325,0.5300347222222222222222222222,0.005,15265,"['charge_density_wave', 'left', 'right']","[['charge_density_wave', 'left'], ['charge_density_wave', 'right'], ['left', 'right']]",['right'],new_time_validation,"[200, 240, 280, 320]",right,4.0,0.05202109393243372,0.05195084688523726,3.092587427928541e-08,4.635225079893278e-08,3.092587427928541e-08,4.506374999397534e-08,0.9722019797798661,8.0,1.6982842507556335e-241,0.26437427536236857,1.187945946546736e-86,4.072938971005175e-05,0.049917565730006205,0.05195081595936298,0.05195087781111154,0.018618222396430774,0.018699681175850878,1.3341561891138554,6.652294551953673,0.9214795045554638,2.9566688324021607e-103,True,False,True,2.0,0.051961376639541555,0.05189137090850983,6.148735096064073e-05,9.207157350125886e-05,6.148735096064073e-05,8.951499496786603e-05,0.9722327050991707,4.0,2.1666677695156625e-241,0.05189137090850983,0.051961376639541555,1.0,0.002699984662867737,1.5968838927110957e-15,0.05189137090850983,0.049917565730006205,0.26433773548535616,1.187945946546736e-86,0.047355017061856984,0.05182988355754919,0.05195285825947047,0.0,0.06597744723692615,2.967756171594641e-103,False,False,True,240,0.05195087662031286,2.3622547649914944e-103,8.451327551866262e-89,0.24571530531028699,0.018658970052081576,False,3.3950290009379387,0.9748099837452173,False,True,False,False,True,False,0.0020333108903066513,5.9505711803027606e-05
L144_gL4,144,2.0,gL,4,L144_gL4,L144_gL4_edge_t76p345,edge,0.5,1.0,open,0.027777777777777776,76.345,0.5301736111111111111111111111,0.005,15269,"['charge_density_wave', 'left', 'right']","[['charge_density_wave', 'left'], ['charge_density_wave', 'right'], ['left', 'right']]",['right'],new_time_validation,"[200, 240, 280, 320]",charge_density_wave,0.0,0.0,0.0,8.435456761964663e-89,1.2736408497930735e-88,8.435456761964663e-89,1.2736408497930735e-88,1.0,0.0,0.0,0.24571530531028699,1.1267038675466046e-86,1.6259322941852542e-82,6.834340443324942e-89,0.0,1.1351393243085694e-86,0.0,1.6259322941852542e-82,1.390459617599845,1.4903511237353086,0.9217076227068901,1.1603220283619101e-197,True,True,False,2.0,5.981462213548975e-89,5.981462213548975e-89,5.732225881954245e-89,8.640931909160107e-89,5.732225881954245e-89,8.640931909160107e-89,1.0,4.0,1.0820294879492664e-284,5.981462213548975e-89,5.981462213548975e-89,1.0,6.488369963425088e-177,0.0,5.981462213548975e-89,7.420822636323638e-89,0.24571530531028699,1.1267038675466046e-86,1.6219816724931084e-82,0.0,1.138417555642108e-86,0.0,1.621981694225403e-82,2.0092846285183868e-197,True,True,False,240,3.6850194779455275e-89,0.9085703583667817,8.015683372812123e-89,0.24571530531028699,2.979539173386087e-90,True,3.3418744448572397,0.964864170178771,True,True,False,False,False,False,3.1493209653794146e-89,2.2964427356034473e-89
L144_gL4,144,2.0,gL,4,L144_gL4,L144_gL4_edge_t76p345,edge,0.5,1.0,open,0.027777777777777776,76.345,0.5301736111111111111111111111,0.005,15269,"['charge_density_wave', 'left', 'right']","[['charge_density_wave', 'left'], ['charge_density_wave', 'right'], ['left', 'right']]",['right'],new_time_validation,"[200, 240, 280, 320]",left,1.0,0.00029603592680742583,0.0002960359138355365,9.288783414707507e-06,1.391601255525792e-05,9.288783414707507e-06,1.3913716789742402e-05,0.9998350270591951,2.0,3.8951852517081027e-243,0.24571690757630704,1.1267038675466046e-86,0.008417888255095164,0.0002960359138355365,0.000286747130420829,0.00030532469725024397,0.0,0.008419400003085421,1.348300352692604,3.393977589905262,0.932256942614913,3.17880156990692e-108,True,True,False,2.0,0.00030507484100346973,0.0003050748268067125,2.4259404710697425e-07,3.635875194954037e-07,2.4259404710697425e-07,3.6352570505585463e-07,0.9998299874549189,4.0,6.387017766372973e-243,0.0003050748268067125,0.00030507484100346973,1.0,9.307065864734164e-08,3.1689913733540102e-24,0.0003050748268067125,0.0002960359138355365,0.24571690518609693,1.1267038675466046e-86,0.00028351847184525505,0.00030483223275960553,0.0003053174208538195,0.0,0.00028511834765517933,3.1787844754911566e-108,True,True,False,240,0.00030531670929944993,2.5289571243348177e-97,8.015683372812123e-89,0.24571530531028699,1.6022660200383889e-06,True,3.361450921744108,0.9738175719976425,True,True,False,False,False,False,9.280795463913454e-06,2.418824927374148e-07
L144_gL4,144,2.0,gL,4,L144_gL4,L144_gL4_edge_t76p345,edge,0.5,1.0,open,0.027777777777777776,76.345,0.5301736111111111111111111111,0.005,15269,"['charge_density_wave', 'left', 'right']","[['charge_density_wave', 'left'], ['charge_density_wave', 'right'], ['left', 'right']]",['right'],new_time_validation,"[200, 240, 280, 320]",right,4.0,0.049308780771208406,0.04924894626180021,2.9278018332235037e-08,4.3876588471941014e-08,2.9278018332235037e-08,4.27181567646437e-08,0.9735979539968536,8.0,2.938821366316982e-241,0.26274330560875747,1.1267038675466046e-86,3.867458970159045e-05,0.04732087504023223,0.04924891698378187,0.04924897553981854,0.016989308989858995,0.017066658169262176,1.3455608561635017,7.013161515817046,0.929977061226964,2.80357366713682e-103,True,True,False,2.0,0.049252174525024284,0.04919254559938313,5.820818948219344e-05,8.715018955356354e-05,5.820818948219344e-05,8.485179501638948e-05,0.9736271997921309,4.0,8.457602341646473e-242,0.04919254559938313,0.049252174525024284,1.0,0.0024257766959739904,1.286970214647627e-15,0.04919254559938313,0.04732087504023223,0.2627098623268818,1.1267038675466046e-86,0.045059238207581453,0.04913433740990093,0.04925075378886532,0.0,0.06205379522417629,2.8130187574622815e-103,False,False,False,240,0.049248974460833005,2.3622547649914944e-103,8.015683372812123e-89,0.24571530531028699,0.017028000298470486,True,3.40518506988883,0.9839244447648525,True,True,False,False,False,False,0.001928099420600772,5.642886144987397e-05
L144_gL4,144,2.0,gL,4,L144_gL4,L144_gL4_edge_t76p365,edge,0.5,1.0,open,0.027777777777777776,76.365,0.5303125,0.005,15273,"['charge_density_wave', 'left', 'right']","[['charge_density_wave', 'left'], ['charge_density_wave', 'right'], ['left', 'right']]",['right'],new_time_validation,"[200, 240, 280, 320]",charge_density_wave,0.0,0.0,0.0,8.000097011113854e-89,1.2079077893610086e-88,8.000097011113854e-89,1.2079077893610086e-88,1.0,0.0,0.0,0.24571530531028699,1.0686189963732783e-86,1.5425203193425153e-82,6.482010256450205e-89,0.0,1.076619093384392e-86,0.0,1.5425203193425153e-82,1.4163000229746103,1.5364756509661674,0.9353336114436388,1.1596209294995699e-197,True,True,False,2.0,5.672827400239181e-89,5.672827400239181e-89,5.435916416872043e-89,8.194268715137277e-89,5.435916416872043e-89,8.194268715137277e-89,1.0,4.0,1.5267095703904719e-284,5.672827400239181e-89,5.672827400239181e-89,1.0,5.836343897993822e-177,0.0,5.672827400239181e-89,7.03795694017529e-89,0.24571530531028699,1.0686189963732783e-86,1.5387719329157062e-82,0.0,1.0797277401903894e-86,0.0,1.5387719535276384e-82,1.6581429530464122e-197,True,True,False,240,3.495065996376368e-89,0.9085703583667817,7.602495529607475e-89,0.24571530531028699,2.825605013621462e-90,True,3.328033311292529,0.9396082647144794,True,True,False,False,False,False,2.986944260073837e-89,2.177761403862813e-89
L144_gL4,144,2.0,gL,4,L144_gL4,L144_gL4_edge_t76p365,edge,0.5,1.0,open,0.027777777777777776,76.365,0.5303125,0.005,15273,"['charge_density_wave', 'left', 'right']","[['charge_density_wave', 'left'], ['charge_density_wave', 'right'], ['left', 'right']]",['right'],new_time_validation,"[200, 240, 280, 320]",left,1.0,0.00028063388916988645,0.0002806338781191729,8.805617790941105e-06,1.3192212380306667e-05,8.805617790941105e-06,1.3190149215703855e-05,0.9998436073841647,2.0,6.610547686442719e-243,0.24571675414290098,1.0686189963732783e-86,0.008013890343471969,0.0002806338781191729,0.00027182826032823174,0.000289439495910114,0.0,0.008015257294134036,1.398019578307867,3.4417264852672815,0.9260137137025595,3.013415421344627e-108,True,True,False,2.0,0.0002892027138195959,0.000289202701725398,2.2998017025147983e-07,3.446835999876207e-07,2.2998017025147983e-07,3.4462804724130205e-07,0.9998388297374153,4.0,1.3549310043647704e-242,0.000289202701725398,0.0002892027138195959,1.0,8.363820971117363e-08,2.555527238309917e-24,0.000289202701725398,0.0002806338781191729,0.24571675198065931,1.0686189963732783e-86,0.0002696608636372883,0.00028897272155514655,0.00028943268189564954,0.0,0.00027110753400959976,3.013400026512926e-108,True,True,False,240,0.00028943200983219084,2.5289571243348177e-97,7.602495529607475e-89,0.24571530531028699,1.4488326139859894e-06,True,3.3568043764680624,0.949618723243475,True,True,False,False,False,False,8.798131713017954e-06,2.293081067928195e-07
L144_gL4,144,2.0,gL,4,L144_gL4,L144_gL4_edge_t76p365,edge,0.5,1.0,open,0.027777777777777776,76.365,0.5303125,0.005,15273,"['charge_density_wave', 'left', 'right']","[['charge_density_wave', 'left'], ['charge_density_wave', 'right'], ['left', 'right']]",['right'],new_time_validation,"[200, 240, 280, 320]",right,4.0,0.04673789509411665,0.046686930725368586,2.7719563785940192e-08,4.153611545458562e-08,2.7719563785940192e-08,4.0494659775439446e-08,0.9749265026893313,8.0,1.5856977475928648e-241,0.26125089622702535,1.0686189963732783e-86,3.672512814893573e-05,0.04485869830646677,0.046686903005804796,0.04668695844493237,0.01549885049137392,0.015572300747671793,1.3359196931123734,6.881984064355493,0.9284247141331434,2.658304050763944e-103,True,True,False,2.0,0.04668423781003683,0.04663344857770524,5.510709183610066e-05,8.249774717792296e-05,5.510709183610066e-05,8.043153615014707e-05,0.9749543339247834,4.0,5.050802742836836e-242,0.04663344857770524,0.04668423781003683,1.0,0.002179418060379981,1.0372043057212703e-15,0.04663344857770524,0.04485869830646677,0.26122029848993567,1.0686189963732783e-86,0.04287589261972303,0.04657834148586914,0.04668855566954134,0.0,0.058380885799371715,2.6663499060065346e-103,False,False,False,240,0.046686957466597005,2.3622547649914944e-103,7.602495529607475e-89,0.24571530531028699,0.01553559091673838,True,3.3978397361934185,0.9673148859292269,True,True,False,False,False,False,0.0018282591601302342,5.350888889176647e-05
L144_gL4,144,2.0,gL,4,L144_gL4,L144_gL4_translated_t56p245,translated,0.5,1.0,open,0.027777777777777776,56.245,0.3905902777777777777777777778,0.005,11249,"['charge_density_wave', 'block_cell9', 'block_cell27']","[['charge_density_wave', 'block_cell9'], ['charge_density_wave', 'block_cell27'], ['block_cell9', 'block_cell27']]",['block_cell9'],new_time_validation,"[200, 240, 280, 320]",charge_density_wave,0.0,0.0,0.0,1.1469011014567571e-65,1.7308426382678103e-65,1.1469011014567571e-65,1.7308426382678103e-65,1.0,0.0,0.0,0.24571530531028699,1.4244236261662257e-63,1.506801000917204e-59,8.640243703017847e-66,0.0,1.4358926371807932e-63,0.0,1.506801000917204e-59,1.4800226092338562,1.5076733231544495,0.9232513010501862,1.1603944797559345e-197,True,True,False,2.0,7.936634116378474e-66,7.936634116378474e-66,8.490977723254124e-66,1.2793590283659516e-65,8.490977723254124e-66,1.2793590283659516e-65,1.0,4.0,6.191193066242915e-273,7.936634116378474e-66,7.936634116378474e-66,1.0,1.09008143711585e-130,2.898680138247196e-261,7.936634116378474e-66,9.793222269891887e-66,0.24571530531028699,1.4244236261662257e-63,1.5035917199603534e-59,0.0,1.4408512380058582e-63,0.0,1.503591747433993e-59,1.7400577621026397e-197,True,True,False,240,4.6319176204131736e-66,0.9085703583667817,1.0074882860904359e-65,0.24571530531028699,4.3270749134747885e-67,True,3.3856108635663986,0.9561454746872187,True,True,False,False,False,False,4.008326082604673e-66,3.3047164959653e-66
L144_gL4,144,2.0,gL,4,L144_gL4,L144_gL4_translated_t56p245,translated,0.5,1.0,open,0.027777777777777776,56.245,0.3905902777777777777777777778,0.005,11249,"['charge_density_wave', 'block_cell9', 'block_cell27']","[['charge_density_wave', 'block_cell9'], ['charge_density_wave', 'block_cell27'], ['block_cell9', 'block_cell27']]",['block_cell9'],new_time_validation,"[200, 240, 280, 320]",block_cell9,4.0,0.057471529447342046,0.057376850363743064,1.266491454121546e-09,1.9102696667358744e-09,1.266491454121546e-09,1.8510335839225171e-09,0.9689907221766363,8.0,2.4272275239793994e-241,0.2678203978784386,1.4244236261662257e-63,1.959344738673044e-06,0.05648558338786966,0.0573768490972516,0.05737685163023452,0.022103132509044176,0.022107051198521525,1.3540267031639814,6.824025247246027,0.9179100766777992,1.4707712510951227e-131,True,False,True,2.0,0.057459627875574584,0.057365007503267784,1.2608613836388271e-05,1.9017715012127347e-05,1.2608613836388271e-05,1.8428106449012694e-05,0.9689968767152801,4.0,3.1538994233984415e-241,0.057365007503267784,0.057459627875574584,1.0,0.0033016088478459767,4.0433049157724576e-14,0.057365007503267784,0.05648558338786966,0.2678126337057944,1.4244236261662257e-63,0.011149052431653584,0.057352398889431395,0.05737761611710417,0.010948275963853785,0.03324638082716096,1.4778381767407628e-131,False,False,True,240,0.0573768514533944,4.864521754520407e-72,1.0074882860904359e-65,0.24571530531028699,0.022105092568151605,False,3.4013797156512737,0.9679549429565668,False,True,False,False,False,False,0.000891268065524739,1.1843950126613767e-05
L144_gL4,144,2.0,gL,4,L144_gL4,L144_gL4_translated_t56p245,translated,0.5,1.0,open,0.027777777777777776,56.245,0.3905902777777777777777777778,0.005,11249,"['charge_density_wave', 'block_cell9', 'block_cell27']","[['charge_density_wave', 'block_cell9'], ['charge_density_wave', 'block_cell27'], ['block_cell9', 'block_cell27']]",['block_cell9'],new_time_validation,"[200, 240, 280, 320]",block_cell27,4.0,13.561332324832668,0.9972923121586456,2.4131485483880594e-07,8.66358984763191e-07,2.4131485483880594e-07,5.758558504870172e-07,0.6646850331267938,8.0,5.210376863396229e-241,0.27934646673151836,1.4244236261662257e-63,0.00028211534472274947,0.9971959352357822,0.9972920708437908,0.9972925534735004,0.033349047071582386,0.033913277761027885,1.3447539806365967,7.075837763026357,0.927077654749155,2.558035783456964e-130,True,False,True,2.0,13.558051207551733,0.9972910067728714,0.0011435066295827083,0.007622347520265867,0.0011435066295827083,0.005066463078412698,0.664685395797328,4.0,1.8664833071675298e-241,0.9972910067728714,13.558051207551733,0.9999999999999999,183.82075303583628,8.993269944770416e-05,0.9972910067728714,0.9971959352357822,0.27935914910137855,1.4244236261662257e-63,0.6399772437318816,0.9961475001432888,0.9984345134024541,0.0,0.6736210875229731,1.6767517320902627e-126,False,False,True,240,0.9972923122958237,5.2133696400523576e-76,1.0074882860904359e-65,0.24571530531028699,0.03363116142123134,False,3.435140810906887,0.9778268169611692,False,True,False,False,False,False,9.637706004150814e-05,1.305522952299576e-06
L144_gL4,144,2.0,gL,4,L144_gL4,L144_gL4_translated_t56p265,translated,0.5,1.0,open,0.027777777777777776,56.265,0.3907291666666666666666666667,0.005,11253,"['charge_density_wave', 'block_cell9', 'block_cell27']","[['charge_density_wave', 'block_cell9'], ['charge_density_wave', 'block_cell27'], ['block_cell9', 'block_cell27']]",['block_cell9'],new_time_validation,"[200, 240, 280, 320]",charge_density_wave,0.0,0.0,0.0,1.0876810718894143e-65,1.6414719437917615e-65,1.0876810718894143e-65,1.6414719437917615e-65,1.0,0.0,0.0,0.24571530531028699,1.3509904329330575e-63,1.4296389975256326e-59,8.194813934955762e-66,0.0,1.3618672436519514e-63,0.0,1.4296389975256326e-59,1.4986855704337358,1.5210736114531755,0.9253833740949631,1.1587273925111609e-197,True,True,False,2.0,7.527115383573095e-66,7.527115383573095e-66,8.051862073836207e-66,1.213197042627455e-65,8.051862073836207e-66,1.213197042627455e-65,1.0,4.0,3.2643428791832146e-273,7.527115383573095e-66,7.527115383573095e-66,1.0,9.80534743068582e-131,2.3453929332178168e-261,7.527115383573095e-66,9.287956338383893e-66,0.24571530531028699,1.3509904329330575e-63,1.4265936093137918e-59,0.0,1.3665694103904667e-63,0.0,1.4265936353710863e-59,8.843105721721714e-198,True,True,False,240,4.393154077770832e-66,0.9085703583667817,9.55554870528462e-66,0.24571530531028699,4.103329447654507e-67,True,3.3511203229427338,0.9551146365702152,True,True,False,False,False,False,3.80165985718493e-66,3.133961305802263e-66
L144_gL4,144,2.0,gL,4,L144_gL4,L144_gL4_translated_t56p265,translated,0.5,1.0,open,0.027777777777777776,56.265,0.3907291666666666666666666667,0.005,11253,"['charge_density_wave', 'block_cell9', 'block_cell27']","[['charge_density_wave', 'block_cell9'], ['charge_density_wave', 'block_cell27'], ['block_cell9', 'block_cell27']]",['block_cell9'],new_time_validation,"[200, 240, 280, 320]",block_cell9,4.0,0.054483931817567,0.054403243671368014,1.1990145333462457e-09,1.8082506061896333e-09,1.1990145333462457e-09,1.7549746815705421e-09,0.9705373113457127,8.0,3.114984639638499e-241,0.2659040458421729,1.3509904329330575e-63,1.8596801026861236e-06,0.05355787007527937,0.05440324247235348,0.05440324487038255,0.020186880197222545,0.020190599557427916,1.3801597710698843,7.05638537928462,0.9249521847814322,1.3949902585163823e-131,True,False,True,2.0,0.05447264827051992,0.05439201017099891,1.1936540548550505e-05,1.800121666676945e-05,1.1936540548550505e-05,1.747095794306041e-05,0.9705431730796339,4.0,2.8193312270269284e-241,0.05439201017099891,0.05447264827051992,1.0,0.002967269420594384,3.261209437807556e-14,0.05439201017099891,0.05355787007527937,0.2658969323484397,1.3509904329330575e-63,0.010601854103249469,0.05438007363045036,0.05440394671154746,0.00957977293490321,0.03078348114140215,1.4010137835224571e-131,False,False,True,240,0.0544032447050467,4.864521754520407e-72,9.55554870528462e-66,0.24571530531028699,0.020188740531885917,False,3.3574786484241486,0.9537016041576862,False,True,False,False,False,False,0.0008453746297673315,1.1234534047790956e-05
L144_gL4,144,2.0,gL,4,L144_gL4,L144_gL4_translated_t56p265,translated,0.5,1.0,open,0.027777777777777776,56.265,0.3907291666666666666666666667,0.005,11253,"['charge_density_wave', 'block_cell9', 'block_cell27']","[['charge_density_wave', 'block_cell9'], ['charge_density_wave', 'block_cell27'], ['block_cell9', 'block_cell27']]",['block_cell9'],new_time_validation,"[200, 240, 280, 320]",block_cell27,4.0,12.85543769471345,0.9969881677388343,2.290364743765039e-07,8.212664216986063e-07,2.290364743765039e-07,5.459343884787206e-07,0.6647469981173432,8.0,3.430966923709738e-241,0.2824754708957821,1.3509904329330575e-63,0.0002686221493410023,0.996881013130605,0.9969879387023598,0.9969883967753086,0.03649154459936803,0.03702878889805003,1.337650964036584,6.697799388319254,0.9220219627022743,2.784901907906931e-130,True,False,True,2.0,12.852327184774222,0.9969867163034736,0.0010895148023065395,0.007225259900013394,0.0010895148023065395,0.004802972668709638,0.6647473911216307,4.0,2.440426544260237e-241,0.9969867163034736,12.852327184774222,0.9999999999999999,165.18231450345567,7.25099511556195e-05,0.9969867163034736,0.996881013130605,0.28248944424802547,1.3509904329330575e-63,0.6135563452718668,0.995897201501167,0.99807623110578,0.0,0.6503304842096052,1.5067379977510514e-126,False,False,True,240,0.9969881678913735,5.2133696400523576e-76,9.55554870528462e-66,0.24571530531028699,0.036760165585495115,False,3.3694068361073732,0.9684369396418333,False,True,False,False,False,False,0.00010715476076850194,1.4515878998810905e-06
L144_gL4,144,2.0,gL,4,L144_gL4,L144_gL4_translated_t56p285,translated,0.5,1.0,open,0.027777777777777776,56.285,0.3908680555555555555555555556,0.005,11257,"['charge_density_wave', 'block_cell9', 'block_cell27']","[['charge_density_wave', 'block_cell9'], ['charge_density_wave', 'block_cell27'], ['block_cell9', 'block_cell27']]",['block_cell9'],new_time_validation,"[200, 240, 280, 320]",charge_density_wave,0.0,0.0,0.0,1.0315188930797806e-65,1.5567158872326899e-65,1.0315188930797806e-65,1.5567158872326899e-65,1.0,0.0,0.0,0.24571530531028699,1.2813429350291175e-63,1.3564282167113681e-59,7.772347370837398e-66,0.0,1.2916581239599153e-63,0.0,1.3564282167113681e-59,1.3515224754810333,1.318766612559557,0.9194329977035522,1.1618054705853375e-197,True,True,False,2.0,7.138727219332385e-66,7.138727219332385e-66,7.635455798506311e-66,1.150456659667986e-65,7.635455798506311e-66,1.150456659667986e-65,1.0,4.0,4.6294367674380595e-273,7.138727219332385e-66,7.138727219332385e-66,1.0,8.819968419852037e-131,1.8977147352706519e-261,7.138727219332385e-66,8.808758809543275e-66,0.24571530531028699,1.2813429350291175e-63,1.3535383520058877e-59,0.0,1.296117118046956e-63,0.0,1.3535383767198538e-59,2.5573817166062803e-197,True,True,False,240,4.166698186805441e-66,0.9085703583667817,9.062984882170457e-66,0.24571530531028699,3.8911537146665776e-67,True,3.385810451582074,0.9655592646449804,True,True,False,False,False,False,3.6056491840319577e-66,2.972029032526944e-66
L144_gL4,144,2.0,gL,4,L144_gL4,L144_gL4_translated_t56p285,translated,0.5,1.0,open,0.027777777777777776,56.285,0.3908680555555555555555555556,0.005,11257,"['charge_density_wave', 'block_cell9', 'block_cell27']","[['charge_density_wave', 'block_cell9'], ['charge_density_wave', 'block_cell27'], ['block_cell9', 'block_cell27']]",['block_cell9'],new_time_validation,"[200, 240, 280, 320]",block_cell9,4.0,0.05165165402472908,0.051582891030938514,1.1352064599192537e-09,1.7118145974959701e-09,1.1352064599192537e-09,1.6639009931528207e-09,0.9720100503797333,8.0,4.483589073999224e-241,0.2641487563699475,1.2813429350291175e-63,1.7651830338668334e-06,0.050781087357855206,0.05158288989573205,0.05158289216614497,0.01843168527710888,0.018435215643176614,1.34489418938756,6.264746883884072,0.9173227250576019,1.3230494096270507e-131,True,False,True,2.0,0.051640956407622715,0.05157223607285458,1.1300999792285894e-05,1.7040391234382377e-05,1.1300999792285894e-05,1.6563526652594138e-05,0.9720156318461709,4.0,5.002495861227964e-241,0.05157223607285458,0.051640956407622715,1.0,0.0026667883885575353,2.6303989079426464e-14,0.05157223607285458,0.050781087357855206,0.2641422416545322,1.2813429350291175e-63,0.01008189525207127,0.051560935073062295,0.051583537072646866,0.008345041092173945,0.028508831596316488,1.3281833797805792e-131,False,False,True,240,0.05158289201147029,4.864521754520407e-72,9.062984882170457e-66,0.24571530531028699,0.01843345105966052,False,3.386172154918313,0.9594843313097954,False,True,False,False,False,False,0.0008018046536150819,1.0655938615711236e-05
L144_gL4,144,2.0,gL,4,L144_gL4,L144_gL4_translated_t56p285,translated,0.5,1.0,open,0.027777777777777776,56.285,0.3908680555555555555555555556,0.005,11257,"['charge_density_wave', 'block_cell9', 'block_cell27']","[['charge_density_wave', 'block_cell9'], ['charge_density_wave', 'block_cell27'], ['block_cell9', 'block_cell27']]",['block_cell9'],new_time_validation,"[200, 240, 280, 320]",block_cell27,4.0,12.186289608419752,0.996650033748605,2.1741437618427462e-07,7.785127030214728e-07,2.1741437618427462e-07,5.175677382948891e-07,0.66481604768447,8.0,2.0882446300366297e-241,0.2858811358765617,1.2813429350291175e-63,0.00025580652972210496,0.9965309087079757,0.9966498163342288,0.9966502511629811,0.03991002537424954,0.04042163843369376,1.3260965030640364,6.323677396401763,0.9267630688846111,3.0301439254044994e-130,True,False,True,2.0,12.183340834171393,0.9966484200898534,0.0010386723698215428,0.006848787208432011,0.0010386723698215428,0.00455318656586673,0.6648164744060073,4.0,1.3020267573606347e-241,0.9966484200898534,12.183340834171393,0.9999999999999999,148.43379427545145,5.8462635112836715e-05,0.9966484200898534,0.9965309087079757,0.2858964896912475,1.2813429350291175e-63,0.5885003966343717,0.995609747720032,0.997687092459675,0.0,0.6286815810153322,1.3539634897819431e-126,False,False,True,240,0.9966500339182081,5.213369640052358e-76,9.062984882170457e-66,0.24571530531028699,0.04016583056627474,False,3.4153733793646097,0.9680074341595173,False,True,False,False,False,False,0.00011912521023238476,1.6138283546185406e-06
L144_gL4,144,2.0,gL,4,L144_gL4,L144_gL4_translated_t56p305,translated,0.5,1.0,open,0.027777777777777776,56.305,0.3910069444444444444444444444,0.005,11261,"['charge_density_wave', 'block_cell9', 'block_cell27']","[['charge_density_wave', 'block_cell9'], ['charge_density_wave', 'block_cell27'], ['block_cell9', 'block_cell27']]",['block_cell9'],new_time_validation,"[200, 240, 280, 320]",charge_density_wave,0.0,0.0,0.0,9.782566697904368e-66,1.476336189935064e-65,9.782566697904368e-66,1.476336189935064e-65,1.0,0.0,0.0,0.24571530531028699,1.2152859688166181e-63,1.2869663380938118e-59,7.371660190511588e-66,0.0,1.2250685355145224e-63,0.0,1.2869663380938118e-59,1.3632912635803223,1.4146007429808378,0.9222175907343626,1.1618250545809615e-197,True,True,False,2.0,6.770379317184333e-66,6.770379317184333e-66,7.240584441890728e-66,1.0909609274033159e-65,7.240584441890728e-66,1.0909609274033159e-65,1.0,4.0,2.2347653216668796e-273,6.770379317184333e-66,6.770379317184333e-66,1.0,7.933614152258022e-131,1.5354873656596395e-261,6.770379317184333e-66,8.354284725051548e-66,0.24571530531028699,1.2152859688166181e-63,1.2842240550083728e-59,0.0,1.229296932575693e-63,0.0,1.284224078448263e-59,7.937858764211885e-198,True,True,False,240,3.951915519469631e-66,0.9085703583667817,8.595811450165916e-66,0.24571530531028699,3.689949438215336e-67,True,3.3338852766901255,0.9406886696815491,True,True,False,False,False,False,3.419744671041957e-66,2.818463797714702e-66
L144_gL4,144,2.0,gL,4,L144_gL4,L144_gL4_translated_t56p305,translated,0.5,1.0,open,0.027777777777777776,56.305,0.3910069444444444444444444444,0.005,11261,"['charge_density_wave', 'block_cell9', 'block_cell27']","[['charge_density_wave', 'block_cell9'], ['charge_density_wave', 'block_cell27'], ['block_cell9', 'block_cell27']]",['block_cell9'],new_time_validation,"[200, 240, 280, 320]",block_cell9,4.0,0.0489666205978938,0.04890802158935358,1.074861497134963e-09,1.6206432441860044e-09,1.074861497134963e-09,1.5775537848675758e-09,0.9734121254180953,8.0,2.070352588120285e-241,0.2625416263270649,1.2152859688166181e-63,1.6755772204041402e-06,0.04814757611915897,0.048908020514492084,0.048908022664215074,0.01682464489066531,0.016827996045106118,1.3481071908026934,6.294541139155626,0.9137418884783983,1.2547636809016859e-131,True,True,False,2.0,0.048956478482775,0.04889791583478192,1.0699947212327894e-05,1.6132061450589785e-05,1.0699947212327894e-05,1.5703229939256477e-05,0.9734174387664738,4.0,2.290803947595811e-241,0.04889791583478192,0.048956478482775,1.0,0.002396736794286483,2.1216086055931978e-14,0.04889791583478192,0.04814757611915897,0.262535662283066,1.2152859688166181e-63,0.009587785933638014,0.04888721588756959,0.04890861578199425,0.007232571039141012,0.02640814290641704,1.2591393064667005e-131,False,True,False,240,0.04890802251942886,4.864521754520407e-72,8.595811450165916e-66,0.24571530531028699,0.016826321016777907,True,3.34887045994401,0.9445602316409349,True,True,False,False,False,False,0.0007604464002698916,1.0106684646946085e-05
L144_gL4,144,2.0,gL,4,L144_gL4,L144_gL4_translated_t56p305,translated,0.5,1.0,open,0.027777777777777776,56.305,0.3910069444444444444444444444,0.005,11261,"['charge_density_wave', 'block_cell9', 'block_cell27']","[['charge_density_wave', 'block_cell9'], ['charge_density_wave', 'block_cell27'], ['block_cell9', 'block_cell27']]",['block_cell9'],new_time_validation,"[200, 240, 280, 320]",block_cell27,4.0,11.551974986834752,0.9962741526053678,2.0641504074386854e-07,7.379760731882926e-07,2.0641504074386854e-07,4.906751021909001e-07,0.6648929687801757,8.0,3.8447249234591704e-241,0.2895856996105375,1.2152859688166181e-63,0.000243636447347519,0.9961417353330715,0.996273946190327,0.9962743590204085,0.04362675937248029,0.04411403226717533,1.3248864691704512,6.354773493483663,0.9265295639634132,3.29497290670486e-130,True,False,True,2.0,11.549179537989055,0.9962723587975595,0.0009908189649691268,0.006491855283895218,0.0009908189649691268,0.004316391946070812,0.6648934329726629,4.0,1.8382842067170678e-241,0.9962723587975595,11.549179537989055,0.9999999999999999,133.38354835409785,4.713678424406279e-05,0.9962723587975595,0.9961417353330715,0.2896025305934333,1.2152859688166181e-63,0.5647537178779699,0.9952815398325904,0.9972631777625286,0.0,0.6086409431611162,1.21668009227406e-126,False,False,True,240,0.9962741527939218,5.213369640052358e-76,8.595811450165916e-66,0.24571530531028699,0.04387039430025047,False,3.366867545992136,0.959174420684576,False,True,False,False,False,False,0.00013241746085035366,1.793996362353667e-06
L144_gL4,144,2.0,gL,4,L144_gL4,L144_gL4_translated_t56p325,translated,0.5,1.0,open,0.027777777777777776,56.325,0.3911458333333333333333333333,0.005,11265,"['charge_density_wave', 'block_cell9', 'block_cell27']","[['charge_density_wave', 'block_cell9'], ['charge_density_wave', 'block_cell27'], ['block_cell9', 'block_cell27']]",['block_cell9'],new_time_validation,"[200, 240, 280, 320]",charge_density_wave,0.0,0.0,0.0,9.277446599619211e-66,1.4001068769999089e-65,9.277446599619211e-66,1.4001068769999089e-65,1.0,0.0,0.0,0.24571530531028699,1.1526344319126279e-63,1.2210614005262648e-59,6.991629603209381e-66,0.0,1.1619118785122471e-63,0.0,1.2210614005262648e-59,1.4502149261534214,1.2866191025823355,0.9121863003820181,1.1638007891390542e-197,True,True,False,2.0,6.421037628877862e-66,6.421037628877862e-66,6.866134288372822e-66,1.0345420451352977e-65,6.866134288372822e-66,1.0345420451352977e-65,1.0,4.0,2.8733272786475957e-273,6.421037628877862e-66,6.421037628877862e-66,1.0,7.136333226611424e-131,1.2424003493676415e-261,6.421037628877862e-66,7.923258517603612e-66,0.24571530531028699,1.1526344319126279e-63,1.2184591627066267e-59,0.0,1.1659216038298786e-63,0.0,1.2184591849381232e-59,9.597574037130721e-198,True,True,False,240,3.748204350863107e-66,0.9085703583667817,8.152719600284341e-66,0.24571530531028699,3.4991492798289756e-67,True,3.3766566682606936,0.956600908190012,True,True,False,False,False,False,3.243425252346274e-66,2.6728332780147547e-66
L144_gL4,144,2.0,gL,4,L144_gL4,L144_gL4_translated_t56p325,translated,0.5,1.0,open,0.027777777777777776,56.325,0.3911458333333333333333333333,0.005,11265,"['charge_density_wave', 'block_cell9', 'block_cell27']","[['charge_density_wave', 'block_cell9'], ['charge_density_wave', 'block_cell27'], ['block_cell9', 'block_cell27']]",['block_cell9'],new_time_validation,"[200, 240, 280, 320]",block_cell9,4.0,0.0464211759658274,0.04637123956853875,1.017785896791656e-09,1.5344374825117015e-09,1.017785896791656e-09,1.4956877519869965e-09,0.9747466215037474,8.0,7.373107166587522e-241,0.261070703153096,1.1526344319126279e-63,1.5906017134226237e-06,0.045650047828323534,0.046371238550752855,0.04637124058632465,0.015353806738738556,0.0153569879421654,1.3449679724872112,6.217390326783061,0.9324067384004593,1.1899555274944466e-131,True,True,False,2.0,0.0464115605049981,0.046361655098698905,1.0131456800128602e-05,1.5273243084985623e-05,1.0131456800128602e-05,1.488761933307961e-05,0.9747516784902677,4.0,4.753578657474802e-241,0.046361655098698905,0.0464115605049981,1.0,0.0021540329564534305,1.7112349751319575e-14,0.046361655098698905,0.045650047828323534,0.2610652452386984,1.1526344319126279e-63,0.00911820926772067,0.046351523641898776,0.046371786555499034,0.006231730660690742,0.02446814919613208,1.1936847022417118e-131,False,True,False,240,0.046371240450718006,4.864521754520407e-72,8.152719600284341e-66,0.24571530531028699,0.015355397842809015,True,3.3877521380782127,0.95858995616436,True,True,False,False,False,False,0.0007211926223944717,9.585352019100823e-06
L144_gL4,144,2.0,gL,4,L144_gL4,L144_gL4_translated_t56p325,translated,0.5,1.0,open,0.027777777777777776,56.325,0.3911458333333333333333333333,0.005,11265,"['charge_density_wave', 'block_cell9', 'block_cell27']","[['charge_density_wave', 'block_cell9'], ['charge_density_wave', 'block_cell27'], ['block_cell9', 'block_cell27']]",['block_cell9'],new_time_validation,"[200, 240, 280, 320]",block_cell27,4.0,10.95068035785284,0.99585636096053,1.960067086540692e-07,6.995410942167576e-07,1.960067086540692e-07,4.651798814369592e-07,0.6649786342542159,8.0,5.228881197950831e-241,0.2936128392350382,1.1526344319126279e-63,0.00023208143239328305,0.9957091873373256,0.9958561649538213,0.9958565569672386,0.04766545420225026,0.04812961706703683,1.3310637809336185,6.245696956291795,0.9287706445902586,3.5806310550803846e-130,True,False,True,2.0,10.948030261489711,0.9958543671456501,0.0009458024892822369,0.0061534457533492385,0.0009458024892822369,0.004091913065594751,0.6649791400805926,4.0,2.4469273941151537e-241,0.9958543671456501,10.948030261489711,0.9999999999999999,119.85936692357555,3.800513718299394e-05,0.9958543671456501,0.9957091873373256,0.29363125141067875,1.1526344319126279e-63,0.5422628710498626,0.9949085646563678,0.9968001696349323,0.0,0.5901788171502543,1.0933169618845692e-126,False,False,True,240,0.995856361170126,5.213369640052358e-76,8.152719600284341e-66,0.24571530531028699,0.047897533924751254,False,3.417881516739726,0.975338488817215,False,True,False,False,False,False,0.00014717383280038465,1.994024475870937e-06
L144_gL4,144,2.0,gL,4,L144_gL4,L144_gL4_translated_t58p305,translated,0.5,1.0,open,0.027777777777777776,58.305,0.4048958333333333333333333333,0.005,11661,"['charge_density_wave', 'block_cell9', 'block_cell27']","[['charge_density_wave', 'block_cell9'], ['charge_density_wave', 'block_cell27'], ['block_cell9', 'block_cell27']]",['block_cell27'],new_time_validation,"[200, 240, 280, 320]",charge_density_wave,0.0,0.0,0.0,4.876286098592742e-68,7.359501932563444e-68,4.876286098592742e-68,7.359501932563444e-68,1.0,0.0,0.0,0.24571530531028699,6.109265408591703e-66,6.70383426450471e-62,3.705747434049463e-68,0.0,6.158028269577631e-66,0.0,6.70383426450471e-62,1.3518742956221104,1.3650135677307844,0.9109675083309412,1.1615609258534263e-197,True,True,False,2.0,3.3871493262757855e-68,3.3871493262757855e-68,3.578597505644803e-68,5.3923154477431865e-68,3.578597505644803e-68,5.3923154477431865e-68,1.0,4.0,3.4716775172833425e-274,3.3871493262757855e-68,3.3871493262757855e-68,1.0,1.9947187462165367e-135,9.722501076921865e-271,3.3871493262757855e-68,4.181813301598093e-68,0.24571530531028699,6.109265408591703e-66,6.689339152559313e-62,0.0,6.17892287691091e-66,0.0,6.689339270392598e-62,2.2143855752852025e-197,True,True,False,240,1.9877804807158424e-68,0.9085703583667817,4.3236383839297545e-68,0.24571530531028699,1.8254033587940517e-69,True,3.3914334923028946,0.9513438325375319,True,True,False,False,False,False,1.7179669533336204e-68,1.399368845559943e-68
L144_gL4,144,2.0,gL,4,L144_gL4,L144_gL4_translated_t58p305,translated,0.5,1.0,open,0.027777777777777776,58.305,0.4048958333333333333333333333,0.005,11661,"['charge_density_wave', 'block_cell9', 'block_cell27']","[['charge_density_wave', 'block_cell9'], ['charge_density_wave', 'block_cell27'], ['block_cell9', 'block_cell27']]",['block_cell27'],new_time_validation,"[200, 240, 280, 320]",block_cell9,1.0,0.00023183099940808237,0.0002318309931781331,3.7045844994886053e-06,5.579463946760315e-06,3.7045844994886053e-06,5.5787358131986545e-06,0.9998694975774359,2.0,7.163740247509293e-243,0.245716287460782,6.109265408591703e-66,0.0036024398698087465,0.0002318309931781331,0.00022812640867864452,0.00023553557767762174,0.0,0.003603393263376213,1.329996744170785,2.8373464476317167,0.9079466741532087,6.055784509366719e-134,True,True,False,2.0,0.00023546144546640732,0.00023546143893917,5.037254936891699e-08,7.587321389539477e-08,5.037254936891699e-08,7.586315717430862e-08,0.9998674536035863,4.0,1.6562538962816604e-242,0.00023546143893917,0.00023546144546640732,1.0,5.5442092479263865e-08,9.876119538740431e-24,0.00023546143893917,0.0002318309931781331,0.24571628707474588,6.109265408591703e-66,6.457131170775729e-05,0.00023541106638980106,0.0002355118114885389,0.0,6.555307616663563e-05,6.055761741999478e-134,True,True,False,240,0.00023551049751454405,4.864521754520408e-72,4.3236383839297545e-68,0.24571530531028699,9.82150495006411e-07,True,3.3723646476864815,0.9505768809467554,True,True,False,False,False,False,3.6795043364109344e-06,4.905857537405595e-08
L144_gL4,144,2.0,gL,4,L144_gL4,L144_gL4_translated_t58p305,translated,0.5,1.0,open,0.027777777777777776,58.305,0.4048958333333333333333333333,0.005,11661,"['charge_density_wave', 'block_cell9', 'block_cell27']","[['charge_density_wave', 'block_cell9'], ['charge_density_wave', 'block_cell27'], ['block_cell9', 'block_cell27']]",['block_cell27'],new_time_validation,"[200, 240, 280, 320]",block_cell27,4.0,0.05517034564134683,0.055086573989184984,1.6161186437025586e-09,2.4378810402615764e-09,1.6161186437025586e-09,2.365156851855816e-09,0.9701690988178991,8.0,4.176720934206392e-241,0.26633852196158514,6.109265408591703e-66,2.4718747484734256e-06,0.05412816048005461,0.05508657237306634,0.05508657560530363,0.02062074387191529,0.020625687621412234,1.3209837712347507,6.250644816085696,0.9199208840727806,2.504424112552461e-130,True,False,True,2.0,0.055156920855441195,0.05507321024898379,1.4150110214096028e-05,2.134466085129566e-05,1.4150110214096028e-05,2.0708079122251698e-05,0.9701760672854486,4.0,1.714140140321459e-241,0.05507321024898379,0.055156920855441195,1.0,0.0030422859252064688,2.1153211506833087e-14,0.05507321024898379,0.05412816048005461,0.2663299900871891,6.109265408591703e-66,0.01239459429446827,0.0550590601387697,0.05508736035919789,0.008220090482433858,0.03300927907137039,2.515598758528108e-130,False,False,True,240,0.055086575406166224,5.213369640052359e-76,4.3236383839297545e-68,0.24571530531028699,0.02062321665129814,False,3.4007468838244677,0.9785697087645531,False,True,False,False,False,False,0.0009584149261116157,1.3365157182435028e-05
L144_gL4,144,2.0,gL,4,L144_gL4,L144_gL4_translated_t58p325,translated,0.5,1.0,open,0.027777777777777776,58.325,0.4050347222222222222222222222,0.005,11665,"['charge_density_wave', 'block_cell9', 'block_cell27']","[['charge_density_wave', 'block_cell9'], ['charge_density_wave', 'block_cell27'], ['block_cell9', 'block_cell27']]",['block_cell27'],new_time_validation,"[200, 240, 280, 320]",charge_density_wave,0.0,0.0,0.0,4.624515695659955e-68,6.979523308483284e-68,4.624515695659955e-68,6.979523308483284e-68,1.0,0.0,0.0,0.24571530531028699,5.794314954933985e-66,6.360453554673484e-62,3.5147053434810243e-68,0.0,5.840560111890585e-66,0.0,6.360453554673484e-62,1.4506437312811613,1.273384740576148,0.9192956443876028,1.161294784893772e-197,True,True,False,2.0,3.2123773597272815e-68,3.2123773597272815e-68,3.393539946097165e-68,5.113469382304172e-68,3.393539946097165e-68,5.113469382304172e-68,1.0,4.0,3.052916080185903e-274,3.2123773597272815e-68,3.2123773597272815e-68,1.0,1.7942619041805168e-135,7.866713204446201e-271,3.2123773597272815e-68,3.966059208104226e-68,0.24571530531028699,5.794314954933985e-66,6.346698919736579e-62,0.0,5.860374127992229e-66,0.0,6.346699031495219e-62,1.7020484846389822e-197,True,True,False,240,1.8853154591114442e-68,0.9085703583667817,4.100766002204618e-68,0.24571530531028699,1.731025852967033e-69,True,3.3352331053465605,0.9444463476538658,True,True,False,False,False,False,1.62938988436958e-68,1.3270619006158373e-68
L144_gL4,144,2.0,gL,4,L144_gL4,L144_gL4_translated_t58p325,translated,0.5,1.0,open,0.027777777777777776,58.325,0.4050347222222222222222222222,0.005,11665,"['charge_density_wave', 'block_cell9', 'block_cell27']","[['charge_density_wave', 'block_cell9'], ['charge_density_wave', 'block_cell27'], ['block_cell9', 'block_cell27']]",['block_cell27'],new_time_validation,"[200, 240, 280, 320]",block_cell9,1.0,0.0002197847106477124,0.00021978470533932733,3.512136482910872e-06,5.289629088209724e-06,3.512136482910872e-06,5.288974640510242e-06,0.9998762772042104,2.0,1.5743023125632204e-242,0.24571619336527173,5.794314954933985e-66,0.0034287881003470227,0.00021978470533932733,0.00021627256885641645,0.0002232968418222382,0.0,0.0034296501437020375,1.350797601044178,2.930185195058584,0.9125048909336329,5.741116461025056e-134,True,True,False,2.0,0.00022322659414045077,0.00022322658857874784,4.775675020575973e-08,7.19333064485493e-08,4.775675020575973e-08,7.192426726272122e-08,0.9998743393530153,4.0,2.5982249337563858e-242,0.00022322658857874784,0.00022322659414045077,1.0,4.983011249143066e-08,7.967094347594932e-24,0.00022322658857874784,0.00021978470533932733,0.24571619301607622,5.794314954933985e-66,6.140154468997679e-05,0.0002231788318285421,0.0002232743453289536,0.0,6.228925047921305e-05,5.741095497824424e-134,True,True,False,240,0.0002232731004982765,4.864521754520408e-72,4.100766002204618e-68,0.24571530531028699,8.880549847199481e-07,True,3.2805433087050915,0.9346835371106863,True,True,False,False,False,False,3.4883951589491596e-06,4.651191952865109e-08
L144_gL4,144,2.0,gL,4,L144_gL4,L144_gL4_translated_t58p325,translated,0.5,1.0,open,0.027777777777777776,58.325,0.4050347222222222222222222222,0.005,11665,"['charge_density_wave', 'block_cell9', 'block_cell27']","[['charge_density_wave', 'block_cell9'], ['charge_density_wave', 'block_cell27'], ['block_cell9', 'block_cell27']]",['block_cell27'],new_time_validation,"[200, 240, 280, 320]",block_cell27,4.0,0.05230000840179017,0.05222862693728639,1.5300143675826286e-09,2.307701794416731e-09,1.5300143675826286e-09,2.242303214126232e-09,0.971660731707743,8.0,5.2688596965316436e-241,0.2645451964540768,5.794314954933985e-66,2.346208468364617e-06,0.05131964384623346,0.052228625407272015,0.05222862846730075,0.018827544106758423,0.018832236523695152,1.4058417826890945,6.275804495438933,0.932968994602561,2.3751845604761697e-130,True,False,True,2.0,0.05228728139343371,0.05221595195644351,1.3395848856149967e-05,2.0203983565481972e-05,1.3395848856149967e-05,1.9631551515026098e-05,0.9716673670516214,4.0,1.8340463153557266e-241,0.05221595195644351,0.05228728139343371,1.0,0.0027339598017555025,1.705822416654154e-14,0.05221595195644351,0.05131964384623346,0.2645373826591271,5.794314954933985e-66,0.011786742802050647,0.05220255610758736,0.052229347805299656,0.0070353345467894296,0.030608820150890725,2.3847199962495372e-130,False,False,True,240,0.052228628281344384,5.213369640052359e-76,4.100766002204618e-68,0.24571530531028699,0.018829891143789808,False,3.258905628696084,0.9445211589336395,False,True,False,False,False,False,0.0009089844351109211,1.2676324900873226e-05
L144_gL4,144,2.0,gL,4,L144_gL4,L144_gL4_translated_t58p345,translated,0.5,1.0,open,0.027777777777777776,58.345,0.4051736111111111111111111111,0.005,11669,"['charge_density_wave', 'block_cell9', 'block_cell27']","[['charge_density_wave', 'block_cell9'], ['charge_density_wave', 'block_cell27'], ['block_cell9', 'block_cell27']]",['block_cell27'],new_time_validation,"[200, 240, 280, 320]",charge_density_wave,0.0,0.0,0.0,4.385744738693204e-68,6.619163578407365e-68,4.385744738693204e-68,6.619163578407365e-68,1.0,0.0,0.0,0.24571530531028699,5.495601115930412e-66,6.034660596310916e-62,3.333512029986116e-68,0.0,5.539458563317344e-66,0.0,6.034660596310916e-62,1.453694773837924,1.381433641538024,0.9244353137910366,1.1610480734909866e-197,True,True,False,2.0,3.0466233717639293e-68,3.0466233717639293e-68,3.2180522440650684e-68,4.849043087540907e-68,3.2180522440650684e-68,4.849043087540907e-68,1.0,4.0,1.8080480780079527e-274,3.0466233717639293e-68,3.0466233717639293e-68,1.0,1.6139497339592064e-135,6.365149888016366e-271,3.0466233717639293e-68,3.761436608415109e-68,0.24571530531028699,5.495601115930412e-66,6.021608613503595e-62,0.0,5.558247872088702e-66,0.0,6.021608719500756e-62,2.5067276776380906e-197,True,True,False,240,1.7881322483693165e-68,0.9085703583667817,3.889382115568035e-68,0.24571530531028699,1.6415279756826978e-69,True,3.3325782380998135,0.9313533809036016,True,True,False,False,False,False,1.5453797816167996e-68,1.2584911233946127e-68
L144_gL4,144,2.0,gL,4,L144_gL4,L144_gL4_translated_t58p345,translated,0.5,1.0,open,0.027777777777777776,58.345,0.4051736111111111111111111111,0.005,11669,"['charge_density_wave', 'block_cell9', 'block_cell27']","[['charge_density_wave', 'block_cell9'], ['charge_density_wave', 'block_cell27'], ['block_cell9', 'block_cell27']]",['block_cell27'],new_time_validation,"[200, 240, 280, 320]",block_cell9,1.0,0.00020836441153865637,0.0002083644070155102,3.329687768767906e-06,5.0148529735638525e-06,3.329687768767906e-06,5.014264754657078e-06,0.9998827046555749,2.0,7.553004646116882e-243,0.24571610825615603,5.495601115930412e-66,0.003263458233550522,0.0002083644070155102,0.00020503471924674229,0.0002116940947842781,0.0,0.003264237651942931,1.3431226797401905,2.9673757571727037,0.9171659201383591,5.442800292604715e-134,True,True,False,2.0,0.00021162752691055565,0.00021162752217155836,4.527681153503702e-08,6.819802541927524e-08,4.527681153503702e-08,6.818990081245322e-08,0.9998808674184909,4.0,1.029654507296639e-242,0.00021162752217155836,0.00021162752691055565,1.0,4.478621028978391e-08,6.42708793567612e-24,0.00021162752217155836,0.0002083644070155102,0.24571610794029797,5.495601115930412e-66,5.838688878434771e-05,0.00021158224536002332,0.00021167279898309338,0.0,5.9189518795328134e-05,5.442780976973238e-134,True,True,False,240,0.00021167161964096378,4.864521754520408e-72,3.889382115568035e-68,0.24571530531028699,8.029458690297864e-07,True,3.3164811972528696,0.9350127056241035,True,True,False,False,False,False,3.3072126254535944e-06,4.4097469405418935e-08
L144_gL4,144,2.0,gL,4,L144_gL4,L144_gL4_translated_t58p345,translated,0.5,1.0,open,0.027777777777777776,58.345,0.4051736111111111111111111111,0.005,11669,"['charge_density_wave', 'block_cell9', 'block_cell27']","[['charge_density_wave', 'block_cell9'], ['charge_density_wave', 'block_cell27'], ['block_cell9', 'block_cell27']]",['block_cell27'],new_time_validation,"[200, 240, 280, 320]",block_cell27,4.0,0.04957901781256883,0.049518195348003044,1.4485889909520726e-09,2.1846400661574476e-09,1.4485889909520726e-09,2.1258313304221113e-09,0.9730808124201554,8.0,3.5868301780534666e-241,0.2629032153736303,5.495601115930412e-66,2.227050085167459e-06,0.048656132610694576,0.04951819389941405,0.049518196796592036,0.01718568225466535,0.017190136354835683,1.4303507842123508,6.438766876235604,0.9294287860393524,2.2525134568984887e-130,True,True,False,2.0,0.04956695231115813,0.04950617418646716,1.2682569978338707e-05,1.9125719972916505e-05,1.2682569978338707e-05,1.8610991939554963e-05,0.9730871290549878,4.0,3.846759449993405e-241,0.04950617418646716,0.04956695231115813,1.0,0.0024568827670155874,1.375599591517057e-14,0.04950617418646716,0.048656132610694576,0.26289606200965027,5.495601115930412e-66,0.011209107017390477,0.049493491616488826,0.0495188567564455,0.005971649681972801,0.028389863716753755,2.2606510022781617e-130,False,True,False,240,0.049518196622831405,5.213369640052359e-76,3.889382115568035e-68,0.24571530531028699,0.01718791006334331,True,3.359061475843191,0.9498534202575684,True,True,False,False,False,False,0.0008620640121368289,1.2022436364243771e-05
L144_gL4,144,2.0,gL,4,L144_gL4,L144_gL4_translated_t58p365,translated,0.5,1.0,open,0.027777777777777776,58.365,0.4053125,0.005,11673,"['charge_density_wave', 'block_cell9', 'block_cell27']","[['charge_density_wave', 'block_cell9'], ['charge_density_wave', 'block_cell27'], ['block_cell9', 'block_cell27']]",['block_cell27'],new_time_validation,"[200, 240, 280, 320]",charge_density_wave,0.0,0.0,0.0,4.1593020311031184e-68,6.277409777089094e-68,4.1593020311031184e-68,6.277409777089094e-68,1.0,0.0,0.0,0.24571530531028699,5.212286846730388e-66,5.725554593708259e-62,3.1616597603759127e-68,0.0,5.253879867041418e-66,0.0,5.725554593708259e-62,1.3681772500276566,1.3570884969085455,0.9216092694550753,1.1600993698546557e-197,True,True,False,2.0,2.8894220478457225e-68,2.8894220478457225e-68,3.051639509363689e-68,4.598290875976217e-68,3.051639509363689e-68,4.598290875976217e-68,1.0,4.0,4.425020126463928e-274,2.8894220478457225e-68,2.8894220478457225e-68,1.0,1.4517578202762992e-135,5.150198315862836e-271,2.8894220478457225e-68,3.5673711905799535e-68,0.24571530531028699,5.212286846730388e-66,5.713169370205259e-62,0.0,5.271697462302481e-66,0.0,5.713169470737961e-62,2.785872201870482e-197,True,True,False,240,1.695958584596507e-68,0.9085703583667817,3.688894521801607e-68,0.24571530531028699,1.5566574289718022e-69,True,3.346778526902199,0.9421199299395084,True,True,False,False,False,False,1.4657011757794058e-68,1.1934634632492155e-68
L144_gL4,144,2.0,gL,4,L144_gL4,L144_gL4_translated_t58p365,translated,0.5,1.0,open,0.027777777777777776,58.365,0.4053125,0.005,11673,"['charge_density_wave', 'block_cell9', 'block_cell27']","[['charge_density_wave', 'block_cell9'], ['charge_density_wave', 'block_cell27'], ['block_cell9', 'block_cell27']]",['block_cell27'],new_time_validation,"[200, 240, 280, 320]",block_cell9,1.0,0.0001975375698597211,0.0001975375660056554,3.1567186495364895e-06,4.754352974457411e-06,3.1567186495364895e-06,4.753824281951735e-06,0.9998887982216474,2.0,1.2878832445608426e-242,0.24571603127825764,5.212286846730388e-66,0.0031060541496474576,0.0001975375660056554,0.0001943808473561189,0.00020069428465519187,0.0,0.003106758837890449,1.339626755565405,3.091705473139882,0.9179577641189098,5.159986204266964e-134,True,True,False,2.0,0.00020063120277148124,0.00020063119873348957,4.292567490069393e-08,6.465674003103034e-08,4.292567490069393e-08,6.464943746448962e-08,0.9998870563759136,4.0,1.898839474102984e-242,0.00020063119873348957,0.00020063120277148124,1.0,4.025287965433608e-08,5.184766265216224e-24,0.00020063119873348957,0.0001975375660056554,0.2457160309925656,5.212286846730388e-66,5.551977985928891e-05,0.00020058827305858887,0.00020067412440839024,0.0,5.624546213788659e-05,5.15996839410202e-134,True,True,False,240,0.00020067300709484504,4.864521754520408e-72,3.688894521801607e-68,0.24571530531028699,7.259679706531304e-07,True,3.3560878727585077,0.9461278654634953,True,True,False,False,False,False,3.1354410891896447e-06,4.180836135546872e-08
L144_gL4,144,2.0,gL,4,L144_gL4,L144_gL4_translated_t58p365,translated,0.5,1.0,open,0.027777777777777776,58.365,0.4053125,0.005,11673,"['charge_density_wave', 'block_cell9', 'block_cell27']","[['charge_density_wave', 'block_cell9'], ['charge_density_wave', 'block_cell27'], ['block_cell9', 'block_cell27']]",['block_cell27'],new_time_validation,"[200, 240, 280, 320]",block_cell27,4.0,0.046999602567859705,0.046947778227476415,1.3715804561842827e-09,2.0682907849450845e-09,1.3715804561842827e-09,2.0154096756503013e-09,0.9744324590721476,8.0,7.466298267588505e-241,0.2614003786436544,5.212286846730388e-66,2.114052281272388e-06,0.04613024739615052,0.04694777685589596,0.04694777959905687,0.015682958586813036,0.01568718669137558,1.331034954637289,6.314110210165381,0.9217880852520466,2.1360919699739807e-130,True,True,False,2.0,0.04698816418826804,0.046936377634760364,1.2007981907827162e-05,1.810631556146423e-05,1.2007981907827162e-05,1.7643490450254187e-05,0.9744384709501542,4.0,2.2179424364615765e-241,0.046936377634760364,0.04698816418826804,1.0,0.0022078875788079174,1.109305008583692e-14,0.046936377634760364,0.04613024739615052,0.26139383232504415,5.212286846730388e-66,0.01066014806284819,0.046924369652852536,0.04694838561666819,0.0050183789519089635,0.02633867507760534,2.1430374274154802e-130,False,True,False,240,0.04694777943659046,5.213369640052359e-76,3.688894521801607e-68,0.24571530531028699,0.015685073333367404,True,3.3640088737010956,0.9575562886893749,True,True,False,False,False,False,0.0008175320404399389,1.1401801830096536e-05
L144_gL4,144,2.0,gL,4,L144_gL4,L144_gL4_translated_t58p385,translated,0.5,1.0,open,0.027777777777777776,58.385,0.4054513888888888888888888889,0.005,11677,"['charge_density_wave', 'block_cell9', 'block_cell27']","[['charge_density_wave', 'block_cell9'], ['charge_density_wave', 'block_cell27'], ['block_cell9', 'block_cell27']]",['block_cell27'],new_time_validation,"[200, 240, 280, 320]",charge_density_wave,0.0,0.0,0.0,3.94455103237954e-68,5.9533012414025175e-68,3.94455103237954e-68,5.9533012414025175e-68,1.0,0.0,0.0,0.24571530531028699,4.943578254587177e-66,5.432280885422941e-62,2.9986669765886244e-68,0.0,4.983023764910973e-66,0.0,5.432280885422941e-62,1.4407330062240362,1.293360335752368,0.9168269317597151,1.1630250080013431e-197,True,True,False,2.0,2.740332082983979e-68,2.740332082983979e-68,2.893832444560938e-68,4.3605056221792155e-68,2.893832444560938e-68,4.3605056221792155e-68,1.0,4.0,2.98543476760366e-274,2.740332082983979e-68,2.740332082983979e-68,1.0,1.3058651891507768e-135,4.167151309767899e-271,2.740332082983979e-68,3.3833182733716265e-68,0.24571530531028699,4.943578254587177e-66,5.420528361771043e-62,0.0,4.999919899862626e-66,0.0,5.420528457120996e-62,1.554853524031341e-197,True,True,False,240,1.6085362384099146e-68,0.9085703583667817,3.498741545180042e-68,0.24571530531028699,1.4761749600302497e-69,True,3.3915914706885815,0.9657476581633091,True,True,False,False,False,False,1.3901307381787098e-68,1.1317958445740644e-68
L144_gL4,144,2.0,gL,4,L144_gL4,L144_gL4_translated_t58p385,translated,0.5,1.0,open,0.027777777777777776,58.385,0.4054513888888888888888888889,0.005,11677,"['charge_density_wave', 'block_cell9', 'block_cell27']","[['charge_density_wave', 'block_cell9'], ['charge_density_wave', 'block_cell27'], ['block_cell9', 'block_cell27']]",['block_cell27'],new_time_validation,"[200, 240, 280, 320]",block_cell9,1.0,0.00018727334419473313,0.00018727334091077287,2.9927364435474005e-06,4.507387157934731e-06,2.9927364435474005e-06,4.506911967739478e-06,0.9998945752431283,2.0,6.457913168422885e-243,0.24571596165745346,4.943578254587177e-66,0.0029561984367014395,0.00018727334091077287,0.00018428060446722548,0.00019026607735432027,0.0,0.002956835537892641,1.3274114709347486,2.9878828525543213,0.9158935490995646,4.891868563482823e-134,True,True,False,2.0,0.00019020629795421125,0.00019020629451352818,4.069664874832252e-08,6.129937208288641e-08,4.069664874832252e-08,6.129280838132678e-08,0.9998929238369562,4.0,4.118622996676629e-242,0.00019020629451352818,0.00019020629795421125,1.0,3.617843589705608e-08,4.182585058908765e-24,0.00019020629451352818,0.00018727334091077287,0.24571596139905647,4.943578254587177e-66,5.279302129382582e-05,0.00019016559786477985,0.0001902469911622765,0.0,5.344911006328642e-05,4.891852129780508e-134,True,True,False,240,0.00019024593260161444,4.864521754520408e-72,3.498741545180042e-68,0.24571530531028699,6.56347166467118e-07,True,3.388062121346593,0.9820846803486347,True,True,False,False,False,False,2.9725916908415707e-06,3.9638088086265755e-08
L144_gL4,144,2.0,gL,4,L144_gL4,L144_gL4_translated_t58p385,translated,0.5,1.0,open,0.027777777777777776,58.385,0.4054513888888888888888888889,0.005,11677,"['charge_density_wave', 'block_cell9', 'block_cell27']","[['charge_density_wave', 'block_cell9'], ['charge_density_wave', 'block_cell27'], ['block_cell9', 'block_cell27']]",['block_cell27'],new_time_validation,"[200, 240, 280, 320]",block_cell27,4.0,0.044554395778552816,0.04451023917300618,1.298741956046384e-09,1.9582733964823875e-09,1.298741956046384e-09,1.9107239480586028e-09,0.9757186874370062,8.0,2.7805910662200487e-241,0.26002539490788723,4.943578254587177e-66,2.0068870119086154e-06,0.04373496840040421,0.044510237874264225,0.04451024047174813,0.014308082075407146,0.014312095849430962,1.318031407892704,6.272968828678131,0.9274319335818291,2.025614493902591e-130,True,True,False,2.0,0.0445435519231097,0.04449942751891941,1.1369925628278353e-05,1.7142431070737644e-05,1.1369925628278353e-05,1.6726288408932345e-05,0.9757244080441041,4.0,6.854808105746057e-241,0.04449942751891941,0.0445435519231097,1.0,0.001984128022435362,8.94562366132052e-15,0.04449942751891941,0.04373496840040421,0.2600194062477562,4.943578254587177e-66,0.01013840786587958,0.04448805759329113,0.04451079744454769,0.004165693071589648,0.024442508803348806,2.031543362728275e-130,False,True,False,240,0.044510240319750226,5.213369640052359e-76,3.498741545180042e-68,0.24571530531028699,0.014310089597600242,True,3.4354136884212494,0.9848954025655985,True,True,False,False,False,False,0.000775271919346017,1.081280083081726e-05
L144_g0p25,144,2.0,g,0.25,L144_g0p25,L144_g0p25_edge_t69p325,edge,0.5,1.0,open,0.25,69.325,0.4814236111111111111111111111,0.005,13865,"['charge_density_wave', 'left', 'right']","[['charge_density_wave', 'left'], ['charge_density_wave', 'right'], ['left', 'right']]",['left'],new_time_validation,"[200, 240, 280, 320]",charge_density_wave,0.0,0.0,0.0,4.382284963220931e-80,6.724644619880321e-80,4.382284963220931e-80,6.724644619880321e-80,1.0,0.0,0.0,0.1807881606881332,4.261496868826543e-65,4.57843528374102e-61,3.216485709424782e-76,0.0,4.2614968688265474e-65,0.0,4.57843528374102e-61,1.3629419263452291,1.1792633663862944,0.915945541113615,1.236040551257025e-197,True,True,False,2.0,6.991965016350648e-76,6.991965016350648e-76,6.991976568544143e-76,1.0639331049543961e-75,6.991976568544143e-76,1.0639331049543961e-75,1.0,4.0,1.673522174517009e-275,6.991965016350648e-76,6.991965016350648e-76,1.0,4.8887737847764125e-151,7.971504929951905e-307,6.991965016350648e-76,1.0195681313384386e-75,0.1807881606881332,4.261496868826543e-65,4.5784352838286356e-61,0.0,4.2614968689663825e-65,0.0,4.5784352838286356e-61,1.7416755965502045e-197,True,True,False,240,2.468767691306556e-80,0.880397582357492,4.609945129749299e-80,0.1807881606881332,4.2214031076978634e-82,True,3.306315517053008,0.938369506970048,True,True,False,False,False,False,3.2162388326556513e-76,6.991718139581517e-76
L144_g0p25,144,2.0,g,0.25,L144_g0p25,L144_g0p25_edge_t69p325,edge,0.5,1.0,open,0.25,69.325,0.4814236111111111111111111111,0.005,13865,"['charge_density_wave', 'left', 'right']","[['charge_density_wave', 'left'], ['charge_density_wave', 'right'], ['left', 'right']]",['left'],new_time_validation,"[200, 240, 280, 320]",left,4.0,0.05640301033018987,0.05631350639141996,2.4046081353964985e-08,3.683922733699554e-08,2.4046081353964985e-08,3.5687788057922634e-08,0.9687442065888126,8.0,6.773505888588226e-241,0.20220036495395344,4.261496868826543e-65,3.210433565637673e-05,0.05448904782165758,0.0563134823453386,0.056313530437501313,0.02138008548719152,0.021444294158504275,1.3012406360358,5.6285853665322065,0.9084980264306068,5.936084580573978e-106,True,False,True,2.0,0.05635199110103338,0.05626272944045258,5.3074256665758336e-05,8.12556723412411e-05,5.3074256665758336e-05,7.871816654662798e-05,0.9687713396308307,4.0,7.069478460959984e-241,0.05626272944045258,0.05635199110103338,1.0,0.0031755469142794594,4.200776677398544e-14,0.05626272944045258,0.05448904782165758,0.20216747399276946,4.261496868826543e-65,0.04143788645800871,0.05620965518378682,0.05631580369711834,0.0,0.06281719976264499,5.962606733778113e-106,False,False,True,240,0.05631352869144711,7.478357445594944e-91,4.609945129749299e-80,0.1807881606881332,0.02141220426582024,False,3.339021097868681,0.94992521032691,False,True,False,False,False,False,0.0018244808697895284,5.079925099452792e-05
L144_g0p25,144,2.0,g,0.25,L144_g0p25,L144_g0p25_edge_t69p325,edge,0.5,1.0,open,0.25,69.325,0.4814236111111111111111111111,0.005,13865,"['charge_density_wave', 'left', 'right']","[['charge_density_wave', 'left'], ['charge_density_wave', 'right'], ['left', 'right']]",['left'],new_time_validation,"[200, 240, 280, 320]",right,12.0,12184239746503.396,1.0,6.975303728740226e-14,3.859001076084193e-12,6.975303728740226e-14,2.5316170782812744e-12,0.6560291195487713,24.0,6.369800951323246e-241,0.4692517015542344,4.261496868826543e-65,1.5716438456696562e-10,1.0,0.9999999999999303,1.0,0.28846354070893415,0.2884635410232629,1.2913023568689823,12.304302424192429,0.9286376386880875,8.306269218348581e-107,True,False,True,2.0,12171251973351.762,1.0,1.0,1.0,1.0,19463811292.860386,0.6584955977575024,4.0,9.307368778726083e-241,1.0,12171251973351.762,0.9999999999999999,1.4813937460689043e+26,1.1956746398983598e+42,1.0,1.0,0.18078816068813786,4.261496868826543e-65,49.90659700031606,0.0,1.0,0.0,49.90659700031607,1.4086245495810204e-59,False,False,False,240,1.0,3.647986605253009e-110,4.609945129749299e-80,0.1807881606881332,0.28846354086610126,False,3.346335243433714,0.9666214920580387,False,False,False,False,False,False,0.0,0.0
L144_g0p25,144,2.0,g,0.25,L144_g0p25,L144_g0p25_edge_t69p345,edge,0.5,1.0,open,0.25,69.345,0.4815625,0.005,13869,"['charge_density_wave', 'left', 'right']","[['charge_density_wave', 'left'], ['charge_density_wave', 'right'], ['left', 'right']]",['left'],new_time_validation,"[200, 240, 280, 320]",charge_density_wave,0.0,0.0,0.0,4.157951413660906e-80,6.3804056336918e-80,4.157951413660906e-80,6.3804056336918e-80,1.0,0.0,0.0,0.1807881606881332,4.041804273672577e-65,4.343943883264787e-61,3.050666488026701e-76,0.0,4.0418042736725815e-65,0.0,4.343943883264787e-61,1.3216638211160898,1.1858886517584324,0.9157952424138784,1.2324163896182894e-197,True,True,False,2.0,6.631095999757661e-76,6.631095999757661e-76,6.63110695744466e-76,1.0090214095514581e-75,6.63110695744466e-76,1.0090214095514581e-75,1.0,4.0,6.945653574183784e-276,6.631095999757661e-76,6.631095999757661e-76,1.0,4.397158084276587e-151,6.449939433857529e-307,6.631095999757661e-76,9.6696511392298e-76,0.1807881606881332,4.041804273672577e-65,4.3439438833479065e-61,0.0,4.0418042738052e-65,0.0,4.3439438833479065e-61,1.8953879407458638e-197,True,True,False,240,2.3425952081057475e-80,0.880397582357492,4.374361555935539e-80,0.1807881606881332,4.0032621094537153e-82,True,3.3774506710469723,0.9544055238366127,True,True,False,False,False,False,3.0504322285058905e-76,6.630861740236851e-76
L144_g0p25,144,2.0,g,0.25,L144_g0p25,L144_g0p25_edge_t69p345,edge,0.5,1.0,open,0.25,69.345,0.4815625,0.005,13869,"['charge_density_wave', 'left', 'right']","[['charge_density_wave', 'left'], ['charge_density_wave', 'right'], ['left', 'right']]",['left'],new_time_validation,"[200, 240, 280, 320]",left,4.0,0.05350303447518083,0.05342662027573811,2.2778512963826024e-08,3.48920422523643e-08,2.2778512963826024e-08,3.3855311643060046e-08,0.9702874769609104,8.0,3.676311751193286e-241,0.2003621445611776,4.041804273672577e-65,3.0500799388494512e-05,0.0516951351567084,0.05342659749722515,0.05342664305425107,0.01954346982945061,0.0196044714282276,1.3041953686624765,5.680752361193299,0.9194633699953556,5.633389059280123e-106,True,False,True,2.0,0.05345463645610134,0.05337842914335432,5.0274860744243106e-05,7.695830494291209e-05,5.0274860744243106e-05,7.467366914178457e-05,0.9703133300191282,4.0,6.509157516847925e-241,0.05337842914335432,0.05345463645610134,1.0,0.002857398170542121,3.3969214936120154e-14,0.05337842914335431,0.0516951351567084,0.2003319852458867,4.041804273672577e-65,0.03944839965698746,0.05332815428261007,0.05342870400409856,0.0,0.05899222421474098,5.656034149072823e-106,False,False,True,240,0.053426641441265625,7.478357445594944e-91,4.374361555935539e-80,0.1807881606881332,0.019573983873044418,False,3.4208351504057646,0.9591206889599562,False,True,False,False,False,False,0.0017315062845572257,4.82122979113056e-05
L144_g0p25,144,2.0,g,0.25,L144_g0p25,L144_g0p25_edge_t69p345,edge,0.5,1.0,open,0.25,69.345,0.4815625,0.005,13869,"['charge_density_wave', 'left', 'right']","[['charge_density_wave', 'left'], ['charge_density_wave', 'right'], ['left', 'right']]",['left'],new_time_validation,"[200, 240, 280, 320]",right,12.0,11544426706621.613,1.0,6.634014509070254e-14,3.659195772545285e-12,6.634014509070254e-14,2.4005463303079653e-12,0.6560311280197448,24.0,4.508025189950485e-241,0.448763688537848,4.041804273672577e-65,1.497142266353592e-10,1.0,0.9999999999999336,1.0,0.267975527699998,0.2679755279994264,1.3461010847240686,12.616960808634758,0.9344452079385519,7.908475037784261e-107,True,False,True,2.0,11532119988915.404,1.0,1.0,1.0,1.0,18443260018.189445,0.6584927539201673,4.0,6.334001520877628e-241,1.0,11532119988915.404,0.9999999999999999,1.3298979144597165e+26,9.614401382759452e+41,1.0,1.0,0.18078816068813838,4.041804273672577e-65,49.90659700031606,0.0,1.0,0.0,49.90659700031607,1.1326728324168718e-59,False,False,False,240,1.0,3.647986605253009e-110,4.374361555935539e-80,0.1807881606881332,0.2679755278497148,False,3.413642730563879,0.980388954281807,False,False,False,False,False,False,0.0,0.0
L144_g0p25,144,2.0,g,0.25,L144_g0p25,L144_g0p25_edge_t69p365,edge,0.5,1.0,open,0.25,69.365,0.4817013888888888888888888889,0.005,13873,"['charge_density_wave', 'left', 'right']","[['charge_density_wave', 'left'], ['charge_density_wave', 'right'], ['left', 'right']]",['left'],new_time_validation,"[200, 240, 280, 320]",charge_density_wave,0.0,0.0,0.0,3.945101797380416e-80,6.0537885807920044e-80,3.945101797380416e-80,6.0537885807920044e-80,1.0,0.0,0.0,0.1807881606881332,3.8334374726822885e-65,4.1214617918608734e-61,2.893395731216695e-76,0.0,3.833437472682293e-65,0.0,4.1214617918608734e-61,1.3226767927408218,1.2583401128649712,0.9166445042937994,1.2360660452640318e-197,True,True,False,2.0,6.288852132681796e-76,6.288852132681796e-76,6.288862526457269e-76,9.569438143774601e-76,6.288862526457269e-76,9.569438143774601e-76,1.0,4.0,1.4540888571671008e-275,6.288852132681796e-76,6.288852132681796e-76,1.0,3.9549793102446185e-151,5.2188036093557784e-307,6.288852132681796e-76,9.170760666250247e-76,0.1807881606881332,3.8334374726822885e-65,4.1214617919397265e-61,0.0,3.833437472808065e-65,0.0,4.1214617919397265e-61,3.04153672769199e-197,True,True,False,240,2.222871075056973e-80,0.880397582357492,4.150817084363675e-80,0.1807881606881332,3.796393702207125e-82,True,3.3614190500229597,0.9540188200771809,True,True,False,False,False,False,2.893173444109189e-76,6.28862984557429e-76
L144_g0p25,144,2.0,g,0.25,L144_g0p25,L144_g0p25_edge_t69p365,edge,0.5,1.0,open,0.25,69.365,0.4817013888888888888888888889,0.005,13873,"['charge_density_wave', 'left', 'right']","[['charge_density_wave', 'left'], ['charge_density_wave', 'right'], ['left', 'right']]",['left'],new_time_validation,"[200, 240, 280, 320]",left,4.0,0.05075217105532363,0.05068693376978916,2.1579113811175982e-08,3.3050349456046096e-08,2.1579113811175982e-08,3.2116932087535985e-08,0.9717577156104971,8.0,5.1507065518967726e-241,0.19867698452270668,3.8334374726822885e-65,2.8978826612840293e-05,0.04904375970725084,0.05068691219067535,0.050686955348902975,0.017859832867739737,0.017917790520965416,1.3082026410847902,5.8221131041646,0.9113269038498402,5.345891297257875e-106,True,False,True,2.0,0.05070625956994318,0.05064119894261623,4.762608579494081e-05,7.28938809990079e-05,4.762608579494081e-05,7.08369864824691e-05,0.9717823432042699,4.0,1.1018475129844411e-240,0.05064119894261623,0.05070625956994318,1.0,0.0025711247702580845,2.7468947025553163e-14,0.05064119894261623,0.04904375970725084,0.1986493407167048,3.8334374726822885e-65,0.03755562806518658,0.05059357285682129,0.05068882502841117,0.0,0.05541680809375818,5.365225256156806e-106,False,False,True,240,0.05068695385757923,7.478357445594944e-91,4.150817084363675e-80,0.1807881606881332,0.017888823834573492,False,3.4271117858588696,0.9694907814264297,False,True,False,False,True,False,0.0016431941503283892,4.5754914962996274e-05
L144_g0p25,144,2.0,g,0.25,L144_g0p25,L144_g0p25_edge_t69p365,edge,0.5,1.0,open,0.25,69.365,0.4817013888888888888888888889,0.005,13873,"['charge_density_wave', 'left', 'right']","[['charge_density_wave', 'left'], ['charge_density_wave', 'right'], ['left', 'right']]",['left'],new_time_validation,"[200, 240, 280, 320]",right,12.0,10938215671664.203,1.0,6.306778819080515e-14,3.469737760032273e-12,6.306778819080515e-14,2.2762614830525167e-12,0.6560327150001516,24.0,9.12632655675432e-241,0.4292996515752575,3.8334374726822885e-65,1.4255898150360237e-10,1.0,0.9999999999999369,1.0,0.24851149074456286,0.24851149102968081,1.2984183803200722,12.541141577064991,0.9253216870129108,7.500332249627026e-107,True,False,True,2.0,10926554292090.635,1.0,1.0,1.0,1.0,17476225512.44744,0.6584899124715144,4.0,3.5344126269145204e-241,1.0,10926554292090.635,0.9999999999999999,1.1938958870447968e+26,7.730944689063857e+41,1.0,1.0,0.18078816068813897,3.8334374726822885e-65,49.90659700031606,0.0,1.0,0.0,49.90659700031607,9.107827585985111e-60,False,False,False,240,1.0,3.647986605253009e-110,4.150817084363675e-80,0.1807881606881332,0.24851149088712432,False,3.4301830995827913,0.9811463188380003,False,False,False,False,False,False,0.0,0.0
L144_g0p25,144,2.0,g,0.25,L144_g0p25,L144_g0p25_edge_t69p385,edge,0.5,1.0,open,0.25,69.385,0.4818402777777777777777777778,0.005,13877,"['charge_density_wave', 'left', 'right']","[['charge_density_wave', 'left'], ['charge_density_wave', 'right'], ['left', 'right']]",['left'],new_time_validation,"[200, 240, 280, 320]",charge_density_wave,0.0,0.0,0.0,3.743148232670793e-80,5.743891371179516e-80,3.743148232670793e-80,5.743891371179516e-80,1.0,0.0,0.0,0.1807881606881332,3.6358125881271256e-65,3.910373988259068e-61,2.7442327407078133e-76,0.0,3.6358125881271294e-65,0.0,3.910373988259068e-61,1.3356885313987732,1.2171629182994366,0.9109122268855572,1.231761712916912e-197,True,True,False,2.0,5.96427213544304e-76,5.96427213544304e-76,5.964281994327449e-76,9.07554046024488e-76,5.964281994327449e-76,9.07554046024488e-76,1.0,4.0,1.0733109557649273e-275,5.96427213544304e-76,5.96427213544304e-76,1.0,3.5572660811266554e-151,4.222661529200727e-307,5.96427213544304e-76,8.697609664162255e-76,0.1807881606881332,3.6358125881271256e-65,3.9103739883338735e-61,0.0,3.6358125882464114e-65,0.0,3.9103739883338735e-61,3.760669944783467e-197,True,True,False,240,2.109265733968111e-80,0.880397582357492,3.938696477181378e-80,0.1807881606881332,3.6002153587041057e-82,True,3.276157882064581,0.9371720813214779,True,True,False,False,False,False,2.7440218141344165e-76,5.964061208869642e-76
L144_g0p25,144,2.0,g,0.25,L144_g0p25,L144_g0p25_edge_t69p385,edge,0.5,1.0,open,0.25,69.385,0.4818402777777777777777777778,0.005,13877,"['charge_density_wave', 'left', 'right']","[['charge_density_wave', 'left'], ['charge_density_wave', 'right'], ['left', 'right']]",['left'],new_time_validation,"[200, 240, 280, 320]",left,4.0,0.048142752439541324,0.04808705841230726,2.0444106360628504e-08,3.1308190099228526e-08,2.0444106360628504e-08,3.0467817356051275e-08,0.9731580541540803,8.0,7.185172407643367e-241,0.19713272613701882,3.6358125881271256e-65,2.7534145450149044e-05,0.046527755735405074,0.0480870379682009,0.048087078856413626,0.016317020179298196,0.016372088470198495,1.3005584310740232,5.759161788970232,0.9125263597816229,5.072863125190053e-106,True,True,False,2.0,0.04809919973143309,0.048043656545337765,4.511958404825438e-05,6.904923637439843e-05,4.511958404825438e-05,6.719744005708367e-05,0.973181509100637,4.0,3.0198875356104564e-241,0.048043656545337765,0.04809919973143309,1.0,0.0023135330244054464,2.2212584811320106e-14,0.048043656545337765,0.046527755735405074,0.19710739741115288,3.6358125881271256e-65,0.03575475971878953,0.04799853696128951,0.048088776129386016,0.0,0.05207399644180923,5.089369447730652e-106,False,False,False,240,0.048087077476422095,7.478357445594944e-91,3.938696477181378e-80,0.1807881606881332,0.01634456544888564,True,3.3256960473954678,0.9469965621829033,True,True,False,False,False,False,0.001559321741017021,4.342093108433004e-05
L144_g0p25,144,2.0,g,0.25,L144_g0p25,L144_g0p25_edge_t69p385,edge,0.5,1.0,open,0.25,69.385,0.4818402777777777777777777778,0.005,13877,"['charge_density_wave', 'left', 'right']","[['charge_density_wave', 'left'], ['charge_density_wave', 'right'], ['left', 'right']]",['left'],new_time_validation,"[200, 240, 280, 320]",right,12.0,10363841678707.05,1.0,5.993402202989173e-14,3.290090864045531e-12,5.993402202989173e-14,2.1584112163723226e-12,0.6560339229410573,24.0,1.7926493241273705e-240,0.4108772229243849,3.6358125881271256e-65,1.3569531925383487e-10,1.0,0.99999999999994,1.0,0.23008906210055405,0.2300890623719447,1.3560442682355642,12.49607876315713,0.9247269760817289,7.087935381331284e-107,True,False,True,2.0,10352791793326.346,1.0,1.0,1.0,1.0,16559901090.53504,0.6584870734085115,4.0,7.73765539890308e-241,1.0,10352791793326.346,0.9999999999999999,1.0718029792176533e+26,6.2164718032353124e+41,1.0,1.0,0.18078816068813963,3.6358125881271256e-65,49.90659700031606,0.0,1.0,0.0,49.90659700031607,7.323626752582414e-60,False,False,False,240,1.0,3.647986605253009e-110,3.938696477181378e-80,0.1807881606881332,0.23008906223625172,False,3.3308025393635035,0.9669541176408529,False,False,False,False,False,False,0.0,0.0
L144_g0p25,144,2.0,g,0.25,L144_g0p25,L144_g0p25_edge_t69p405,edge,0.5,1.0,open,0.25,69.405,0.4819791666666666666666666667,0.005,13881,"['charge_density_wave', 'left', 'right']","[['charge_density_wave', 'left'], ['charge_density_wave', 'right'], ['left', 'right']]",['left'],new_time_validation,"[200, 240, 280, 320]",charge_density_wave,0.0,0.0,0.0,3.5515329326693906e-80,5.449858094332974e-80,3.5515329326693906e-80,5.449858094332974e-80,1.0,0.0,0.0,0.1807881606881332,3.448375842878723e-65,3.7100969462903856e-61,2.6027595374953954e-76,0.0,3.448375842878727e-65,0.0,3.7100969462903856e-61,1.3358535133302212,1.3072311878204346,0.9066557791084051,1.2386041658311369e-197,True,True,False,2.0,5.656444341828664e-76,5.656444341828664e-76,5.656453693348994e-76,8.607133805357378e-76,5.656453693348994e-76,8.607133805357378e-76,1.0,4.0,1.3389273661291634e-275,5.656444341828664e-76,5.656444341828664e-76,1.0,3.199546937826303e-151,3.4166586300021554e-307,5.656444341828664e-76,8.24887014536602e-76,0.1807881606881332,3.448375842878723e-65,3.710096946361352e-61,0.0,3.4483758429918523e-65,0.0,3.710096946361352e-61,2.4776782089509258e-197,True,True,False,240,2.0014664694803838e-80,0.880397582357492,3.737415937209808e-80,0.1807881606881332,3.414174655042697e-82,True,3.3395994920283556,0.9443669337779284,True,True,False,False,False,False,2.6025593908484474e-76,5.656244195181717e-76
L144_g0p25,144,2.0,g,0.25,L144_g0p25,L144_g0p25_edge_t69p405,edge,0.5,1.0,open,0.25,69.405,0.4819791666666666666666666667,0.005,13881,"['charge_density_wave', 'left', 'right']","[['charge_density_wave', 'left'], ['charge_density_wave', 'right'], ['left', 'right']]",['left'],new_time_validation,"[200, 240, 280, 320]",left,4.0,0.045667505305962065,0.04561995938995713,1.9369930035446888e-08,2.9659964031720898e-08,1.9369930035446888e-08,2.8903383557189003e-08,0.9744915242067475,8.0,6.053764991156841e-241,0.19571810067726464,3.448375842878723e-65,2.6162715890737415e-05,0.04414030215570061,0.04561994002002709,0.045619978759887166,0.014903767083753398,0.014956092515534872,1.3117828071117401,5.8500919211655855,0.917481267824769,4.813606089942396e-106,True,True,False,2.0,0.04562619018307069,0.045578773060005566,4.2747486863188155e-05,6.541199963292254e-05,4.2747486863188155e-05,6.37449000957987e-05,0.974513857602898,4.0,7.725685399829327e-241,0.045578773060005566,0.04562619018307069,1.0,0.0020817492392500984,1.7962085986654938e-14,0.045578773060005566,0.04414030215570061,0.1956949013617616,3.448375842878723e-65,0.034041228982420436,0.045536025573142375,0.04562152054686876,0.0,0.04894796965604886,4.827697802621102e-106,False,True,False,240,0.04561997748186665,7.478357445594944e-91,3.737415937209808e-80,0.1807881606881332,0.01492993998913146,True,3.387069845572114,0.9598275497555733,True,True,False,False,False,False,0.0014796753261660384,4.1204421861083806e-05
L144_g0p25,144,2.0,g,0.25,L144_g0p25,L144_g0p25_edge_t69p405,edge,0.5,1.0,open,0.25,69.405,0.4819791666666666666666666667,0.005,13881,"['charge_density_wave', 'left', 'right']","[['charge_density_wave', 'left'], ['charge_density_wave', 'right'], ['left', 'right']]",['left'],new_time_validation,"[200, 240, 280, 320]",right,12.0,9819632483055.77,1.0,5.69363164511456e-14,3.1197467397529036e-12,5.69363164511456e-14,2.0466623984322123e-12,0.656034790373502,24.0,7.624554473095094e-241,0.3934998161658092,3.448375842878723e-65,1.2911862388706725e-10,1.0,0.999999999999943,1.0,0.2127116553485552,0.21271165560679245,1.3046403247863054,12.667507361620665,0.9283910803496838,6.6764489526818e-107,True,False,True,2.0,9809162023031.47,1.0,1.0,1.0,1.0,15691627280.599562,0.6584842367281308,4.0,2.5846470039882602e-241,1.0,9809162023031.47,1.0,9.621965959927793e+25,4.998692876435206e+41,1.0,1.0,0.18078816068814035,3.448375842878723e-65,49.90659700031606,0.0,1.0,0.0,49.90659700031607,5.88896113704395e-60,False,False,False,240,1.0,3.647986605253009e-110,3.737415937209808e-80,0.1807881606881332,0.21271165547767604,False,3.377038447186351,0.969220619648695,False,False,False,False,False,False,0.0,0.0
L144_g0p25,144,2.0,g,0.25,L144_g0p25,L144_g0p25_edge_t81p585,edge,0.5,1.0,open,0.25,81.585,0.5665625,0.005,16317,"['charge_density_wave', 'left', 'right']","[['charge_density_wave', 'left'], ['charge_density_wave', 'right'], ['left', 'right']]",['right'],new_time_validation,"[200, 240, 280, 320]",charge_density_wave,0.0,0.0,0.0,4.504553585026456e-94,6.913520680494981e-94,4.504553585026456e-94,6.913520680494981e-94,1.0,0.0,0.0,0.1807881606881332,3.4561739664014484e-79,4.520610686545544e-75,2.6086453925466236e-90,0.0,3.456173966401453e-79,0.0,4.520610686545544e-75,1.3967583663761616,1.2293411865830421,0.9169951230287552,1.2307124951368596e-197,True,True,False,2.0,5.457062681923507e-90,5.457062681923507e-90,5.4570726453514915e-90,8.303627027035915e-90,5.4570726453514915e-90,8.303627027035915e-90,1.0,4.0,5.413073642149946e-283,5.457062681923507e-90,5.457062681923507e-90,1.0,2.9779643018082554e-179,0.0,5.457062681923507e-90,8.055224580760077e-90,0.1807881606881332,3.4561739664014484e-79,4.520610686626687e-75,0.0,3.45617396651059e-79,0.0,4.520610686626687e-75,4.5928626806156054e-197,True,True,False,240,2.668413235206421e-94,0.880397582357492,4.998136310894653e-94,0.1807881606881332,3.185731989340483e-96,True,3.376611480489373,0.9519669245928526,True,True,False,False,False,False,2.6083785512231027e-90,5.4567958405999865e-90
L144_g0p25,144,2.0,g,0.25,L144_g0p25,L144_g0p25_edge_t81p585,edge,0.5,1.0,open,0.25,81.585,0.5665625,0.005,16317,"['charge_density_wave', 'left', 'right']","[['charge_density_wave', 'left'], ['charge_density_wave', 'right'], ['left', 'right']]",['right'],new_time_validation,"[200, 240, 280, 320]",left,0.0,0.0,0.0,5.147578455287709e-16,7.876795433712603e-16,5.147578455287709e-16,7.876795433712603e-16,1.0,0.0,0.0,0.1807881606881332,3.4561739664014484e-79,1.3417699241696773e-12,4.978793804635344e-16,0.0,5.147578455287709e-16,0.0,1.3417699241696773e-12,1.3106596246361732,1.2938907500356436,0.9178235493600368,1.3788503297864447e-116,True,True,False,2.0,5.142830307930986e-16,5.142830307930986e-16,4.778055695771012e-19,7.31425145237406e-19,4.778055695771012e-19,7.314251452374058e-19,0.9999999999999997,4.0,1.4106502075955774e-245,5.142830307930986e-16,5.142830307930986e-16,1.0,2.644870363213828e-31,1.4801954300357927e-70,5.142830307930986e-16,4.978793804635344e-16,0.1807881606881332,3.4561739664014484e-79,1.485653271073739e-15,5.138052252235214e-16,5.147608363626756e-16,0.0,1.4856532710737586e-15,5.440111208395402e-120,True,True,False,240,5.14757844838029e-16,7.478357445594944e-91,4.998136310894653e-94,0.1807881606881332,1.9626932161279595e-29,True,3.4018489960581064,0.9713776651769876,True,True,False,False,False,False,1.6878464374494607e-17,4.748140449304473e-19
L144_g0p25,144,2.0,g,0.25,L144_g0p25,L144_g0p25_edge_t81p585,edge,0.5,1.0,open,0.25,81.585,0.5665625,0.005,16317,"['charge_density_wave', 'left', 'right']","[['charge_density_wave', 'left'], ['charge_density_wave', 'right'], ['left', 'right']]",['right'],new_time_validation,"[200, 240, 280, 320]",right,4.0,0.05675611691842461,0.05666492416184445,3.089802967965293e-08,4.652784429417028e-08,3.089802967965293e-08,4.511097712145424e-08,0.9695479729566244,8.0,1.861516898841777e-240,0.2024284297567792,3.4561739664014484e-79,4.069472226877692e-05,0.05448664773775764,0.056664893263814776,0.056664955059874136,0.021599554971493042,0.021680944416030596,1.3186525739729404,5.846610365435481,0.9241530802100897,3.2011390324079383e-103,True,False,True,2.0,0.0566933124660351,0.05660242162302307,6.473968435481906e-05,9.738174497332331e-05,6.473968435481906e-05,9.441942198486775e-05,0.9695803049199102,4.0,9.997470986677228e-241,0.05660242162302307,0.0566933124660351,1.0,0.003214131678421609,1.6108701852622912e-16,0.05660242162302307,0.05448664773775764,0.20238778050963077,3.4561739664014484e-79,0.04961956758309098,0.056537681938668254,0.05666716130737789,0.0,0.07121918740458857,3.2154507910313457e-103,False,False,True,240,0.05666495395629639,3.647986605253009e-110,4.998136310894653e-94,0.1807881606881332,0.021640269068645992,False,3.4083115719258785,0.9792166613042355,False,True,False,False,False,False,0.0021783062185387544,6.25323332733227e-05
L144_g0p25,144,2.0,g,0.25,L144_g0p25,L144_g0p25_edge_t81p605,edge,0.5,1.0,open,0.25,81.605,0.5667013888888888888888888889,0.005,16321,"['charge_density_wave', 'left', 'right']","[['charge_density_wave', 'left'], ['charge_density_wave', 'right'], ['left', 'right']]",['right'],new_time_validation,"[200, 240, 280, 320]",charge_density_wave,0.0,0.0,0.0,4.274001653890681e-94,6.559674645614856e-94,4.274001653890681e-94,6.559674645614856e-94,1.0,0.0,0.0,0.1807881606881332,3.277998116141727e-79,4.288809233219296e-75,2.4741621126650136e-90,0.0,3.2779981161417314e-79,0.0,4.288809233219296e-75,1.330391375347972,1.2669291608035564,0.9075966700911522,1.2337444425727772e-197,True,True,False,2.0,5.175409040250464e-90,5.175409040250464e-90,5.1754184910646225e-90,7.875054377203545e-90,5.1754184910646225e-90,7.875054377203545e-90,1.0,4.0,5.252989276043099e-283,5.175409040250464e-90,5.175409040250464e-90,1.0,2.6784957601945135e-179,0.0,5.175409040250464e-90,7.63962791205006e-90,0.1807881606881332,3.277998116141727e-79,4.2888092332962705e-75,0.0,3.277998116245235e-79,0.0,4.2888092332962705e-75,2.8463950565164946e-197,True,True,False,240,2.5320322360367934e-94,0.880397582357492,4.7427117739773707e-94,0.1807881606881332,3.02117375600689e-96,True,3.3127727266401052,0.9436552636325359,True,True,False,False,False,False,2.47390890944141e-90,5.17515583702686e-90
L144_g0p25,144,2.0,g,0.25,L144_g0p25,L144_g0p25_edge_t81p605,edge,0.5,1.0,open,0.25,81.605,0.5667013888888888888888888889,0.005,16321,"['charge_density_wave', 'left', 'right']","[['charge_density_wave', 'left'], ['charge_density_wave', 'right'], ['left', 'right']]",['right'],new_time_validation,"[200, 240, 280, 320]",left,0.0,0.0,0.0,4.883340964934438e-16,7.472476036926621e-16,4.883340964934438e-16,7.472476036926621e-16,1.0,0.0,0.0,0.1807881606881332,3.277998116141727e-79,1.2747464929937857e-12,4.723218641996475e-16,0.0,4.883340964934438e-16,0.0,1.2747464929937857e-12,1.3047526180744171,1.2185507882386446,0.9107670094817877,1.3100282732334174e-116,True,True,False,2.0,4.878836443589157e-16,4.878836443589157e-16,4.532881297147726e-19,6.938950467413992e-19,4.532881297147726e-19,6.93895046741399e-19,0.9999999999999997,4.0,2.5043840767143424e-245,4.878836443589157e-16,4.878836443589157e-16,1.0,2.3803045093611477e-31,1.1977163925961591e-70,4.878836443589157e-16,4.723218641996475e-16,0.1807881606881332,3.277998116141727e-79,1.411139728933191e-15,4.874303562292009e-16,4.883369324886305e-16,0.0,1.4111397289332107e-15,5.160855377203487e-120,True,True,False,240,4.883340958387913e-16,7.478357445594944e-91,4.7427117739773707e-94,0.1807881606881332,1.9912305657798674e-29,True,3.342105371877551,0.9633614085614681,True,True,False,False,False,False,1.6012231639143833e-17,4.504514798756012e-19
L144_g0p25,144,2.0,g,0.25,L144_g0p25,L144_g0p25_edge_t81p605,edge,0.5,1.0,open,0.25,81.605,0.5667013888888888888888888889,0.005,16321,"['charge_density_wave', 'left', 'right']","[['charge_density_wave', 'left'], ['charge_density_wave', 'right'], ['left', 'right']]",['right'],new_time_validation,"[200, 240, 280, 320]",right,4.0,0.053786451210743276,0.05370881798727475,2.9242999547399978e-08,4.402858295678238e-08,2.9242999547399978e-08,4.2755157422876377e-08,0.9710772991455126,8.0,1.0540639845002666e-240,0.20053903632864264,3.277998116141727e-79,3.863085173135828e-05,0.05164349268007832,0.0537087887442752,0.05370884723027429,0.01971222704896154,0.019789488752424252,1.355284122750163,5.795517172664404,0.9179167225956917,3.0350194061700035e-103,True,False,True,2.0,0.05372692995784855,0.0536495538107129,6.12684427153682e-05,9.214611298211663e-05,6.12684427153682e-05,8.948383493655567e-05,0.9711080808576522,4.0,3.002866838561208e-241,0.0536495538107129,0.05372692995784855,1.0,0.0028865830027404917,1.296885032551866e-16,0.0536495538107129,0.05164349268007832,0.20050181972798828,3.277998116141727e-79,0.047202156762783075,0.053588285367997535,0.05371082225342828,0.0,0.06691581580263817,3.0472050449043546e-103,False,False,True,240,0.05370884623959995,3.647986605253009e-110,4.7427117739773707e-94,0.1807881606881332,0.019750875640509445,False,3.3769023288041353,0.9624269306659698,False,True,False,False,False,False,0.0020653535595216294,5.929242888704639e-05
L144_g0p25,144,2.0,g,0.25,L144_g0p25,L144_g0p25_edge_t81p625,edge,0.5,1.0,open,0.25,81.625,0.5668402777777777777777777778,0.005,16325,"['charge_density_wave', 'left', 'right']","[['charge_density_wave', 'left'], ['charge_density_wave', 'right'], ['left', 'right']]",['right'],new_time_validation,"[200, 240, 280, 320]",charge_density_wave,0.0,0.0,0.0,4.055249876226187e-94,6.223939144995851e-94,4.055249876226187e-94,6.223939144995851e-94,1.0,0.0,0.0,0.1807881606881332,3.109007750734444e-79,4.068893420341124e-75,2.3466118381736304e-90,0.0,3.1090077507344485e-79,0.0,4.068893420341124e-75,1.3480932228267193,1.2692941464483738,0.9041096121072769,1.2322935841313322e-197,True,True,False,2.0,4.908292292206683e-90,4.908292292206683e-90,4.908301256781152e-90,7.468601511465856e-90,4.908301256781152e-90,7.468601511465856e-90,1.0,4.0,1.0100299795423872e-282,4.908292292206683e-90,4.908292292206683e-90,1.0,2.4091422166275725e-179,0.0,4.908292292206683e-90,7.24547330113883e-90,0.1807881606881332,3.109007750734444e-79,4.0688934204141443e-75,0.0,3.1090077508326106e-79,0.0,4.0688934204141443e-75,3.305615595463431e-197,True,True,False,240,2.4026215794163373e-94,0.880397582357492,4.5003404362891783e-94,0.1807881606881332,2.865115824158196e-96,True,3.337548928335309,0.9438192956149578,True,True,False,False,False,False,2.3463715760156887e-90,4.908052030048742e-90
L144_g0p25,144,2.0,g,0.25,L144_g0p25,L144_g0p25_edge_t81p625,edge,0.5,1.0,open,0.25,81.625,0.5668402777777777777777777778,0.005,16325,"['charge_density_wave', 'left', 'right']","[['charge_density_wave', 'left'], ['charge_density_wave', 'right'], ['left', 'right']]",['right'],new_time_validation,"[200, 240, 280, 320]",left,0.0,0.0,0.0,4.632667921720188e-16,7.088911296951489e-16,4.632667921720188e-16,7.088911296951489e-16,1.0,0.0,0.0,0.1807881606881332,3.109007750734444e-79,1.2110685533852368e-12,4.4807633451924e-16,0.0,4.632667921720188e-16,0.0,1.2110685533852368e-12,1.3135586213320494,1.285559255629778,0.904741058126092,1.2446386587524444e-116,True,True,False,2.0,4.628394525620672e-16,4.628394525620672e-16,4.300287833409682e-19,6.582907129491985e-19,4.300287833409682e-19,6.582907129491983e-19,0.9999999999999998,4.0,1.4189806117455978e-245,4.628394525620672e-16,4.628394525620672e-16,1.0,2.1422035930036025e-31,9.691461626821183e-71,4.628394525620672e-16,4.4807633451924e-16,0.1807881606881332,3.109007750734444e-79,1.340361576789743e-15,4.624094237787262e-16,4.632694813454082e-16,0.0,1.3403615767897628e-15,4.8959350499840015e-120,True,True,False,240,4.632667915515698e-16,7.478357445594944e-91,4.5003404362891783e-94,0.1807881606881332,2.0078131939156128e-29,True,3.3700049687176943,0.9694839920848608,True,True,False,False,False,False,1.51904570323298e-17,4.273389895025835e-19
L144_g0p25,144,2.0,g,0.25,L144_g0p25,L144_g0p25_edge_t81p625,edge,0.5,1.0,open,0.25,81.625,0.5668402777777777777777777778,0.005,16325,"['charge_density_wave', 'left', 'right']","[['charge_density_wave', 'left'], ['charge_density_wave', 'right'], ['left', 'right']]",['right'],new_time_validation,"[200, 240, 280, 320]",right,4.0,0.0509721813055813,0.050906093034269025,2.767832850123283e-08,4.166683378773728e-08,2.767832850123283e-08,4.052237293471985e-08,0.9725330496949292,8.0,4.084487934204305e-241,0.19880962719965006,3.109007750734444e-79,3.667346302777984e-05,0.048947955467376715,0.05090606535594052,0.05090612071259752,0.01798477681232094,0.0180581237383765,1.3153718449175358,5.859075475484133,0.9248136077076197,2.8773883526885453e-103,True,False,True,2.0,0.05091577160510375,0.05084990222275058,5.798691781079157e-05,8.719879506762351e-05,5.798691781079157e-05,8.48062648893216e-05,0.9725623481787051,4.0,4.56447455591373e-241,0.05084990222275058,0.05091577160510375,1.0,0.0025924157981833647,1.0441024274900596e-16,0.05084990222275058,0.048947955467376715,0.19877556713979752,3.109007750734444e-79,0.04490385245003056,0.05079191530493978,0.050907889140561366,0.0,0.0628912589016949,2.8877633635914726e-103,False,False,True,240,0.050906119822954746,3.647986605253009e-110,4.5003404362891783e-94,0.1807881606881332,0.018021466511516877,False,3.382954813539982,0.9753738753497601,False,True,False,False,True,False,0.0019581643555780306,5.621760020416838e-05
L144_g0p25,144,2.0,g,0.25,L144_g0p25,L144_g0p25_edge_t81p645,edge,0.5,1.0,open,0.25,81.645,0.5669791666666666666666666667,0.005,16329,"['charge_density_wave', 'left', 'right']","[['charge_density_wave', 'left'], ['charge_density_wave', 'right'], ['left', 'right']]",['right'],new_time_validation,"[200, 240, 280, 320]",charge_density_wave,0.0,0.0,0.0,3.8476942916467e-94,5.905387241943434e-94,3.8476942916467e-94,5.905387241943434e-94,1.0,0.0,0.0,0.1807881606881332,2.948729331639718e-79,3.860253828516169e-75,2.2256371524197624e-90,0.0,2.948729331639722e-79,0.0,3.860253828516169e-75,1.3402109071612358,1.2647002041339874,0.9095980189740658,1.2352186952209459e-197,True,True,False,2.0,4.6549621503669906e-90,4.6549621503669906e-90,4.6549706537189255e-90,7.083126768921067e-90,4.6549706537189255e-90,7.083126768921067e-90,1.0,4.0,1.3243019933291904e-282,4.6549621503669906e-90,4.6549621503669906e-90,1.0,2.1668752631227043e-179,0.0,4.6549621503669906e-90,6.871654478709855e-90,0.1807881606881332,2.948729331639718e-79,3.860253828585438e-75,0.0,2.9487293317328174e-79,0.0,3.860253828585438e-75,2.5526156519252993e-197,True,True,False,240,2.279825016185088e-94,0.880397582357492,4.270355228225117e-94,0.1807881606881332,2.717119103927781e-96,True,3.3696673084050417,0.9494350608438253,True,True,False,False,False,False,2.225409169918144e-90,4.654734167865372e-90
L144_g0p25,144,2.0,g,0.25,L144_g0p25,L144_g0p25_edge_t81p645,edge,0.5,1.0,open,0.25,81.645,0.5669791666666666666666666667,0.005,16329,"['charge_density_wave', 'left', 'right']","[['charge_density_wave', 'left'], ['charge_density_wave', 'right'], ['left', 'right']]",['right'],new_time_validation,"[200, 240, 280, 320]",left,0.0,0.0,0.0,4.394862977877147e-16,6.725035789162415e-16,4.394862977877147e-16,6.725035789162415e-16,1.0,0.0,0.0,0.1807881606881332,2.948729331639718e-79,1.1505692427343318e-12,4.2507543847355043e-16,0.0,4.394862977877147e-16,0.0,1.1505692427343318e-12,1.3198036309331656,1.2107849512249231,0.9089300036430359,1.1825104362880076e-116,True,True,False,2.0,4.390808847708357e-16,4.390808847708357e-16,4.079629702688481e-19,6.245133248229119e-19,4.079629702688481e-19,6.245133248229117e-19,0.9999999999999998,4.0,1.3294180906705098e-245,4.390808847708357e-16,4.390808847708357e-16,1.0,1.9279202377789762e-31,7.841965359795515e-71,4.390808847708357e-16,4.2507543847355043e-16,0.1807881606881332,2.948729331639718e-79,1.2731316564453901e-15,4.386729218005668e-16,4.394888477411045e-16,0.0,1.27313165644541e-15,4.6446142905604896e-120,True,True,False,240,4.3948629719968203e-16,7.478357445594944e-91,4.270355228225117e-94,0.1807881606881332,2.013995327810922e-29,True,3.3801388069987297,0.9779701735824347,True,True,False,False,False,False,1.4410858726131598e-17,4.0541242884635203e-19
L144_g0p25,144,2.0,g,0.25,L144_g0p25,L144_g0p25_edge_t81p645,edge,0.5,1.0,open,0.25,81.645,0.5669791666666666666666666667,0.005,16329,"['charge_density_wave', 'left', 'right']","[['charge_density_wave', 'left'], ['charge_density_wave', 'right'], ['left', 'right']]",['right'],new_time_validation,"[200, 240, 280, 320]",right,4.0,0.04830517499899926,0.04824891603096369,2.619894258547063e-08,3.943471700936844e-08,2.619894258547063e-08,3.840619759946101e-08,0.9739184280271853,8.0,1.303846008071965e-240,0.19722728059555464,2.948729331639718e-79,3.4816910988990725e-05,0.04639248292961576,0.04824888983202111,0.04824894222990628,0.01640428814218856,0.01647392196416654,1.3754565827548504,5.8376649506390095,0.9228844661265612,2.7278318524668654e-103,True,True,False,2.0,0.04825171417831878,0.04819564157759341,5.488444450386997e-05,8.252325805071167e-05,5.488444450386997e-05,8.037322251862425e-05,0.9739463081939133,4.0,6.411111426315192e-241,0.04819564157759341,0.04825171417831878,1.0,0.0023282279211822737,8.405923344818494e-17,0.04819564157759341,0.04639248292961576,0.19719612135951878,2.948729331639718e-79,0.04271866121105696,0.04814075713308954,0.04825052602209728,0.0,0.05912662188244256,2.7366650030671265e-103,False,False,False,240,0.04824894143070128,3.647986605253009e-110,4.270355228225117e-94,0.1807881606881332,0.016439119907421456,True,3.4288708362728357,0.9850322473794222,True,True,False,False,False,False,0.0018564585010855186,5.329985310786878e-05
L144_g0p25,144,2.0,g,0.25,L144_g0p25,L144_g0p25_edge_t81p665,edge,0.5,1.0,open,0.25,81.665,0.5671180555555555555555555556,0.005,16333,"['charge_density_wave', 'left', 'right']","[['charge_density_wave', 'left'], ['charge_density_wave', 'right'], ['left', 'right']]",['right'],new_time_validation,"[200, 240, 280, 320]",charge_density_wave,0.0,0.0,0.0,3.650761852056185e-94,5.603139442615635e-94,3.650761852056185e-94,5.603139442615635e-94,1.0,0.0,0.0,0.1807881606881332,2.7967137326107944e-79,3.662312284539271e-75,2.1108990646217953e-90,0.0,2.796713732610798e-79,0.0,3.662312284539271e-75,1.3995544146746397,1.2397117223590612,0.9166991282254457,1.2316165798593018e-197,True,True,False,2.0,4.414707051602695e-90,4.414707051602695e-90,4.414715117462098e-90,6.717547412798355e-90,4.414715117462098e-90,6.717547412798355e-90,1.0,4.0,7.647793903865022e-283,4.414707051602695e-90,4.414707051602695e-90,1.0,1.948971032742824e-179,0.0,4.414707051602695e-90,6.517122251675583e-90,0.1807881606881332,2.7967137326107944e-79,3.662312284604982e-75,0.0,2.7967137326990886e-79,0.0,3.662312284604982e-75,2.3473494356731825e-197,True,True,False,240,2.1633045047976883e-94,0.880397582357492,4.0521231700366903e-94,0.1807881606881332,2.5767671872173796e-96,True,3.378219071775675,0.9384063482284546,True,True,False,False,False,False,2.1106827341713154e-90,4.414490721152215e-90
L144_g0p25,144,2.0,g,0.25,L144_g0p25,L144_g0p25_edge_t81p665,edge,0.5,1.0,open,0.25,81.665,0.5671180555555555555555555556,0.005,16333,"['charge_density_wave', 'left', 'right']","[['charge_density_wave', 'left'], ['charge_density_wave', 'right'], ['left', 'right']]",['right'],new_time_validation,"[200, 240, 280, 320]",left,0.0,0.0,0.0,4.16926553488793e-16,6.379838783770869e-16,4.16926553488793e-16,6.379838783770869e-16,1.0,0.0,0.0,0.1807881606881332,2.7967137326107944e-79,1.093090014218625e-12,4.0325528091915837e-16,0.0,4.16926553488793e-16,0.0,1.093090014218625e-12,1.3034151028841734,1.2701170705258846,0.9154093991965055,1.1234810723625545e-116,True,True,False,2.0,4.1654194198697146e-16,4.1654194198697146e-16,3.870294433837486e-19,5.924691343068167e-19,3.870294433837486e-19,5.924691343068166e-19,0.9999999999999998,4.0,1.6008490991400566e-245,4.1654194198697146e-16,4.1654194198697146e-16,1.0,1.7350718979999306e-31,6.345427851351385e-71,4.1654194198697146e-16,4.0325528091915837e-16,0.1807881606881332,2.7967137326107944e-79,1.2092721819178996e-15,4.1615491254358774e-16,4.1692897143035524e-16,0.0,1.2092721819179195e-15,4.406194944678278e-120,True,True,False,240,4.169265529314827e-16,7.478357445594944e-91,4.0521231700366903e-94,0.1807881606881332,2.0111625515918827e-29,True,3.3261022344231606,0.9590646401047707,True,True,False,False,False,False,1.3671272012324316e-17,3.846109445112245e-19
L144_g0p25,144,2.0,g,0.25,L144_g0p25,L144_g0p25_edge_t81p665,edge,0.5,1.0,open,0.25,81.665,0.5671180555555555555555555556,0.005,16333,"['charge_density_wave', 'left', 'right']","[['charge_density_wave', 'left'], ['charge_density_wave', 'right'], ['left', 'right']]",['right'],new_time_validation,"[200, 240, 280, 320]",right,4.0,0.045777725700104174,0.045729835051825395,2.480006209246003e-08,3.732483324066627e-08,2.480006209246003e-08,3.64005410105433e-08,0.9752365342354449,8.0,3.5384008770300585e-241,0.19578003606461783,2.7967137326107944e-79,3.30558593212373e-05,0.04396989173856194,0.0457298102517633,0.04572985985188749,0.014958805932222019,0.015024917650864493,1.3029165286570787,5.819067979231477,0.9245179630815983,2.5859531021255995e-103,True,True,False,2.0,0.045727059591798756,0.04567932761591688,5.195097695613388e-05,7.810397727386052e-05,5.195097695613388e-05,7.617192378518166e-05,0.9752630588592899,4.0,5.748141617207132e-241,0.04567932761591688,0.045727059591798756,1.0,0.00209096397894428,6.767502688850823e-17,0.04567932761591688,0.04396989173856194,0.19575154107559942,2.7967137326107944e-79,0.040640898720314754,0.04562737663896074,0.045731278592873015,0.0,0.05560427910778099,2.593473333567627e-103,False,False,False,240,0.04572985913366389,3.647986605253009e-110,4.0521231700366903e-94,0.1807881606881332,0.014991875376484652,True,3.4503634832799435,0.9727747980505228,True,True,False,False,False,False,0.0017599673951019523,5.053151774701142e-05
L144_g0p25,144,2.0,g,0.25,L144_g0p25,L144_g0p25_translated_t52p205,translated,0.5,1.0,open,0.25,52.205,0.3625347222222222222222222222,0.005,10441,"['charge_density_wave', 'block_cell9', 'block_cell27']","[['charge_density_wave', 'block_cell9'], ['charge_density_wave', 'block_cell27'], ['block_cell9', 'block_cell27']]",['block_cell9'],new_time_validation,"[200, 240, 280, 320]",charge_density_wave,0.0,0.0,0.0,1.514888440938009e-60,2.3236157054626117e-60,1.514888440938009e-60,2.3236157054626117e-60,1.0,0.0,0.0,0.1807881606881332,2.0246232305817273e-45,1.5147397029125804e-41,1.5281418451279464e-56,0.0,2.0246232305817285e-45,0.0,1.5147397029125804e-41,1.399005264043808,1.2255911715328693,0.9177596289664507,1.2318130973990485e-197,True,True,False,2.0,3.5021586051373806e-56,3.5021586051373806e-56,3.502163670711091e-56,5.329163367201734e-56,3.502163670711091e-56,5.329163367201734e-56,1.0,4.0,4.821528984002769e-266,3.5021586051373806e-56,3.5021586051373806e-56,1.0,1.2265150520703736e-111,4.369467533216395e-228,3.5021586051373806e-56,5.024331768171981e-56,0.1807881606881332,2.0246232305817273e-45,1.514739702945029e-41,0.0,2.0246232306517704e-45,0.0,1.514739702945029e-41,2.076418575688144e-197,True,True,False,240,7.838674504915127e-61,0.880397582357492,1.4593015770844576e-60,0.1807881606881332,2.279931682110694e-62,True,3.3455318808555603,0.945453992113471,True,True,False,False,False,False,1.5280634583828972e-56,3.5020802183923312e-56
L144_g0p25,144,2.0,g,0.25,L144_g0p25,L144_g0p25_translated_t52p205,translated,0.5,1.0,open,0.25,52.205,0.3625347222222222222222222222,0.005,10441,"['charge_density_wave', 'block_cell9', 'block_cell27']","[['charge_density_wave', 'block_cell9'], ['charge_density_wave', 'block_cell27'], ['block_cell9', 'block_cell27']]",['block_cell9'],new_time_validation,"[200, 240, 280, 320]",block_cell9,4.0,0.0572516870699359,0.05715808858090028,2.8391744496706196e-09,4.351692535299457e-09,2.8391744496706196e-09,4.213347989592068e-09,0.96820902566411,8.0,1.1966871950864311e-240,0.202750013152499,2.0246232305817273e-45,4.22736659701685e-06,0.05609880447886235,0.05715808574172583,0.05715809142007473,0.02195762360116606,0.021966078334360095,1.3074921630322933,5.849954139441252,0.9179466143250465,7.910842604441384e-132,True,False,True,2.0,0.05723447061471747,0.057140956401943846,1.852243389432321e-05,2.8389772206014937e-05,1.852243389432321e-05,2.7487494073481566e-05,0.9682181975260017,4.0,1.359001634227545e-240,0.057140956401943846,0.05723447061471747,0.9999999999999137,0.003275784690639424,2.0995311738783403e-13,0.05714095640194347,0.05609880447886257,0.2027388088393216,2.0246232305817273e-45,0.01586537858767686,0.05712243396804952,0.05715947883583817,0.006085269563511544,0.03781602673886526,7.948376605960557e-132,False,False,True,240,0.057158090869237975,3.10741447244605e-67,1.4593015770844576e-60,0.1807881606881332,0.021961852464365796,False,3.3711762074381113,0.959618091583252,False,True,False,False,False,False,0.0010592863903756272,1.7134467294128986e-05
L144_g0p25,144,2.0,g,0.25,L144_g0p25,L144_g0p25_translated_t52p205,translated,0.5,1.0,open,0.25,52.205,0.3625347222222222222222222222,0.005,10441,"['charge_density_wave', 'block_cell9', 'block_cell27']","[['charge_density_wave', 'block_cell9'], ['charge_density_wave', 'block_cell27'], ['block_cell9', 'block_cell27']]",['block_cell9'],new_time_validation,"[200, 240, 280, 320]",block_cell27,8.0,114104545162.86299,1.0,6.177811982711684e-08,7.283998243419729e-07,6.177811982711684e-08,4.7490010313763094e-07,0.6519772345725778,16.0,5.60987381312044e-241,0.197936544842839,2.0246232305817273e-45,7.828397266296561e-05,1.0,0.9999999382218802,1.0,0.017070099849395157,0.01722666779472109,1.3074973244220018,9.91324252821505,0.9276353772729635,6.3419703782768835e-136,True,False,True,2.0,114084087469.2853,1.0,1.0,1.0,1.0,31897141.507410172,0.6532463366746,4.0,6.80984446622389e-241,1.0,114084087469.2853,0.999999999999632,1.3015179024859495e+22,1.4524885169182671e+35,1.0,1.0,0.1807881606910381,2.0246232305817273e-45,49.90659700031606,0.0,1.0,0.0,49.90659700031897,1.0319137974804557e-92,False,False,False,240,1.0,5.178601089803644e-81,1.4593015770844576e-60,0.1807881606881332,0.017148384154705824,False,3.395643340423703,0.9605995714664459,False,True,False,False,False,False,0.0,0.0
L144_g0p25,144,2.0,g,0.25,L144_g0p25,L144_g0p25_translated_t52p225,translated,0.5,1.0,open,0.25,52.225,0.3626736111111111111111111111,0.005,10445,"['charge_density_wave', 'block_cell9', 'block_cell27']","[['charge_density_wave', 'block_cell9'], ['charge_density_wave', 'block_cell27'], ['block_cell9', 'block_cell27']]",['block_cell9'],new_time_validation,"[200, 240, 280, 320]",charge_density_wave,0.0,0.0,0.0,1.4373075806479947e-60,2.2046195920910282e-60,1.4373075806479947e-60,2.2046195920910282e-60,1.0,0.0,0.0,0.1807881606881332,1.920247996848894e-45,1.4373822413521092e-41,1.4493616751422827e-56,0.0,1.9202479968488956e-45,0.0,1.4373822413521092e-41,1.3339871168136597,1.275537820532918,0.9085487239062786,1.2373627615430474e-197,True,True,False,2.0,3.321408665723015e-56,3.321408665723015e-56,3.321413470600249e-56,5.054119761430925e-56,3.321413470600249e-56,5.054119761430925e-56,1.0,4.0,5.5174960494244464e-266,3.321408665723015e-56,3.321408665723015e-56,1.0,1.1031787572612533e-111,3.5354429552642386e-228,3.321408665723015e-56,4.765109256817846e-56,0.1807881606881332,1.920247996848894e-45,1.437382241382896e-41,0.0,1.9202479969153222e-45,0.0,1.437382241382896e-41,1.5353523175190655e-197,True,True,False,240,7.438077607235507e-61,0.880397582357492,1.3847275269930805e-60,0.1807881606881332,2.162015890066576e-62,True,3.369335724040866,0.9451728258281946,True,True,False,False,False,False,1.4492872943662105e-56,3.321334284946943e-56
L144_g0p25,144,2.0,g,0.25,L144_g0p25,L144_g0p25_translated_t52p225,translated,0.5,1.0,open,0.25,52.225,0.3626736111111111111111111111,0.005,10445,"['charge_density_wave', 'block_cell9', 'block_cell27']","[['charge_density_wave', 'block_cell9'], ['charge_density_wave', 'block_cell27'], ['block_cell9', 'block_cell27']]",['block_cell9'],new_time_validation,"[200, 240, 280, 320]",block_cell9,4.0,0.05430647840281927,0.0542265749383588,2.6892998195528665e-09,4.1214800097020354e-09,2.6892998195528665e-09,3.996923343912335e-09,0.96977865584778,8.0,6.43819663814136e-241,0.20086514828625734,1.920247996848894e-45,4.0147129459923395e-06,0.05322127271546903,0.05422657224905898,0.05422657762765862,0.020072971512587738,0.020081000938479723,1.3018355462700129,5.873572859913111,0.9193006251007318,7.50743151466116e-132,True,False,True,2.0,0.05429014657442029,0.05421031507154884,1.754449301861027e-05,2.6886863302418264e-05,1.754449301861027e-05,2.6074541137403003e-05,0.9697873955813135,4.0,7.025929146980602e-241,0.05421031507154884,0.05429014657442029,0.999999999999917,0.0029474200726608136,1.6973830718958208e-13,0.0542103150715485,0.05322127271546923,0.20085487358107487,1.920247996848894e-45,0.015096243941348347,0.05419277057853023,0.05422785956456745,0.004970468951593346,0.03516295683429004,7.539482420005156e-132,False,False,True,240,0.05422657711043402,3.107414472446059e-67,1.3847275269930805e-60,0.1807881606881332,0.02007698759812415,False,3.3944387640804052,0.9521345235407352,False,True,False,False,False,False,0.0010053043949649898,1.6262038885182795e-05
L144_g0p25,144,2.0,g,0.25,L144_g0p25,L144_g0p25_translated_t52p225,translated,0.5,1.0,open,0.25,52.225,0.3626736111111111111111111111,0.005,10445,"['charge_density_wave', 'block_cell9', 'block_cell27']","[['charge_density_wave', 'block_cell9'], ['charge_density_wave', 'block_cell27'], ['block_cell9', 'block_cell27']]",['block_cell9'],new_time_validation,"[200, 240, 280, 320]",block_cell27,8.0,108164758735.56892,1.0,5.855699528813938e-08,6.907473306254056e-07,5.855699528813938e-08,4.5035108355557486e-07,0.6519765818679677,16.0,5.9254442251343234e-241,0.19638873010334398,1.920247996848894e-45,7.442799624170106e-05,1.0,0.9999999414430047,1.0,0.015526141115730143,0.015674997108213545,1.2984243147075176,9.83069777674973,0.9249837249517441,2.197826761580702e-136,True,False,True,2.0,108145364415.32535,1.0,1.0,1.0,1.0,30238919.67377892,0.6532449898812034,4.0,6.090925170764519e-241,1.0,108145364415.32535,0.9999999999996455,1.1695419854532435e+22,1.1705849292486747e+35,1.0,1.0,0.18078816069134823,1.920247996848894e-45,49.90659700031606,0.0,1.0,0.0,49.90659700031928,8.31636690641421e-93,False,False,False,240,1.0,5.178601089803708e-81,1.3847275269930805e-60,0.1807881606881332,0.015600569415210805,False,3.4236851260066032,0.957858907058835,False,True,False,False,False,False,0.0,0.0
L144_g0p25,144,2.0,g,0.25,L144_g0p25,L144_g0p25_translated_t52p245,translated,0.5,1.0,open,0.25,52.245,0.3628125,0.005,10449,"['charge_density_wave', 'block_cell9', 'block_cell27']","[['charge_density_wave', 'block_cell9'], ['charge_density_wave', 'block_cell27'], ['block_cell9', 'block_cell27']]",['block_cell9'],new_time_validation,"[200, 240, 280, 320]",charge_density_wave,0.0,0.0,0.0,1.363699860310968e-60,2.0917175355456056e-60,1.363699860310968e-60,2.0917175355456056e-60,1.0,0.0,0.0,0.1807881606881332,1.82125361089664e-45,1.3639750567485198e-41,1.3746428527355477e-56,0.0,1.821253610896641e-45,0.0,1.3639750567485198e-41,1.39553577080369,1.2226641364395618,0.9123590290546417,1.2361106693664015e-197,True,True,False,2.0,3.1499874095008264e-56,3.1499874095008264e-56,3.1499919670981567e-56,4.793271433777478e-56,3.1499919670981567e-56,4.793271433777478e-56,1.0,4.0,8.359178417502129e-266,3.1499874095008264e-56,3.1499874095008264e-56,1.0,9.922449509806183e-112,2.860613288669219e-228,3.1499874095008264e-56,4.519260924059643e-56,0.1807881606881332,1.82125361089664e-45,1.3639750567777295e-41,0.0,1.8212536109596395e-45,0.0,1.3639750567777295e-41,3.2809933037186056e-197,True,True,False,240,7.057953269425363e-61,0.880397582357492,1.3139644007994904e-60,0.1807881606881332,2.0501987323478095e-62,True,3.314267326146364,0.9373619481921196,True,True,False,False,False,False,1.3745722732028533e-56,3.149916829968132e-56
L144_g0p25,144,2.0,g,0.25,L144_g0p25,L144_g0p25_translated_t52p245,translated,0.5,1.0,open,0.25,52.245,0.3628125,0.005,10449,"['charge_density_wave', 'block_cell9', 'block_cell27']","[['charge_density_wave', 'block_cell9'], ['charge_density_wave', 'block_cell27'], ['block_cell9', 'block_cell27']]",['block_cell9'],new_time_validation,"[200, 240, 280, 320]",block_cell9,4.0,0.051512793031822386,0.05144458240736139,2.5475074741647544e-09,3.9037552673549154e-09,2.5475074741647544e-09,3.791616232202934e-09,0.9712740611355066,8.0,1.1003085537468425e-240,0.1991371221023238,1.82125361089664e-45,3.8129737361692425e-06,0.05049055690480555,0.051444579859853914,0.051444584954868866,0.018345147182096202,0.01835277312956854,1.3054640833288431,5.875087425112724,0.9135797675698996,7.124256879890078e-132,True,False,True,2.0,0.051497300373208786,0.051429151192643796,1.6619249720230217e-05,2.5465532971220127e-05,1.6619249720230217e-05,2.473422365265413e-05,0.9712823870840448,4.0,5.5984665965727586e-241,0.051429151192643796,0.051497300373208786,0.9999999999999201,0.002651971997473592,1.3722655790841998e-13,0.051429151192643484,0.050490556904805736,0.19912770358674342,1.82125361089664e-45,0.014364943614647107,0.05141253194292357,0.05144577044236403,0.003974599283963135,0.03270448651325735,7.15162500581187e-132,False,False,True,240,0.051444584468979856,3.107414472446068e-67,1.3139644007994904e-60,0.1807881606881332,0.018348961414190606,False,3.2821443676948547,0.9571371451020241,False,True,False,False,False,False,0.0009540275641743076,1.5433276336060398e-05
L144_g0p25,144,2.0,g,0.25,L144_g0p25,L144_g0p25_translated_t52p245,translated,0.5,1.0,open,0.25,52.245,0.3628125,0.005,10449,"['charge_density_wave', 'block_cell9', 'block_cell27']","[['charge_density_wave', 'block_cell9'], ['charge_density_wave', 'block_cell27'], ['block_cell9', 'block_cell27']]",['block_cell9'],new_time_validation,"[200, 240, 280, 320]",block_cell27,8.0,102534213298.67339,1.0,5.550317202207581e-08,6.55041224002788e-07,5.550317202207581e-08,4.2707111223495453e-07,0.6519759315684486,16.0,9.010012931626696e-241,0.19498199341578787,1.82125361089664e-45,7.076051922736322e-05,1.0,0.9999999444968279,1.0,0.014123071932104738,0.014264592970559464,1.2933913599699736,9.86771378107369,0.9206989482045174,1.999636722736614e-136,True,False,True,2.0,102515827072.6553,1.0,1.0,1.0,1.0,28666912.458295163,0.6532436444636892,4.0,8.43358513962465e-241,1.0,102515827072.6553,0.9999999999996587,1.0509494809367178e+22,9.433965157625133e+34,1.0,1.0,0.18078816069169268,1.82125361089664e-45,49.90659700031606,0.0,1.0,0.0,49.90659700031962,6.702317270513176e-93,False,False,False,240,1.0,5.178601089803769e-81,1.3139644007994904e-60,0.1807881606881332,0.014193832727654686,False,3.318917155265808,0.9603412486612797,False,True,False,False,False,False,0.0,0.0
L144_g0p25,144,2.0,g,0.25,L144_g0p25,L144_g0p25_translated_t52p265,translated,0.5,1.0,open,0.25,52.265,0.3629513888888888888888888889,0.005,10453,"['charge_density_wave', 'block_cell9', 'block_cell27']","[['charge_density_wave', 'block_cell9'], ['charge_density_wave', 'block_cell27'], ['block_cell9', 'block_cell27']]",['block_cell9'],new_time_validation,"[200, 240, 280, 320]",charge_density_wave,0.0,0.0,0.0,1.293861801416414e-60,1.9845974417311832e-60,1.293861801416414e-60,1.9845974417311832e-60,1.0,0.0,0.0,0.1807881606881332,1.727362674324958e-45,1.29431644567875e-41,1.303776003592354e-56,0.0,1.727362674324959e-45,0.0,1.29431644567875e-41,1.3251969013363123,1.2823785319924355,0.9118316024541855,1.2350328665325798e-197,True,True,False,2.0,2.9874133740859216e-56,2.9874133740859216e-56,2.987417697129446e-56,4.54588575188924e-56,2.987417697129446e-56,4.54588575188924e-56,1.0,4.0,3.606226252012055e-266,2.9874133740859216e-56,2.9874133740859216e-56,1.0,8.924664602522625e-112,2.3145921150067944e-228,2.9874133740859216e-56,4.286096750144914e-56,0.1807881606881332,1.727362674324958e-45,1.2943164457064636e-41,0.0,1.727362674384706e-45,0.0,1.2943164457064636e-41,3.903916479103712e-197,True,True,False,240,6.697255239398005e-61,0.880397582357492,1.246817450645261e-60,0.1807881606881332,1.9441647783395165e-62,True,3.395452942699194,0.9521896410733461,True,True,False,False,False,False,1.30370903103996e-56,2.9873464015335274e-56
L144_g0p25,144,2.0,g,0.25,L144_g0p25,L144_g0p25_translated_t52p265,translated,0.5,1.0,open,0.25,52.265,0.3629513888888888888888888889,0.005,10453,"['charge_density_wave', 'block_cell9', 'block_cell27']","[['charge_density_wave', 'block_cell9'], ['charge_density_wave', 'block_cell27'], ['block_cell9', 'block_cell27']]",['block_cell9'],new_time_validation,"[200, 240, 280, 320]",block_cell9,4.0,0.04886283482673442,0.04880460719203033,2.4133469542920644e-09,3.697811642570416e-09,2.4133469542920644e-09,3.5968555270963533e-09,0.9726984159193446,8.0,3.635014001837396e-241,0.19755349355947716,1.727362674324958e-45,3.6215700215511967e-06,0.047899282081386545,0.048804604778683376,0.04880460960537729,0.016761710148123013,0.016768953288166116,1.2987416591495275,5.876976639032364,0.9152491446584463,6.760352898168176e-132,True,True,False,2.0,0.04884813821684158,0.048789963043677706,1.5743776238211348e-05,2.4121162065823003e-05,1.5743776238211348e-05,2.3462807410969677e-05,0.9727063458610835,4.0,2.801989472518262e-241,0.048789963043677706,0.04884813821684158,0.9999999999999231,0.0023861406537461186,1.109423182234665e-13,0.048789963043677415,0.04789928208138671,0.1975448631303808,1.727362674324958e-45,0.01366956747663722,0.048774219267439495,0.04880570681991592,0.003087134965610395,0.030426269918884835,6.78372197356721e-132,False,True,False,240,0.04880460914872267,3.1074144724460764e-67,1.246817450645261e-60,0.1807881606881332,0.016765332871343967,True,3.4088056553155184,0.9668009746819735,True,True,False,False,False,False,0.0009053270673361272,1.4646105044965885e-05
L144_g0p25,144,2.0,g,0.25,L144_g0p25,L144_g0p25_translated_t52p265,translated,0.5,1.0,open,0.25,52.265,0.3629513888888888888888888889,0.005,10453,"['charge_density_wave', 'block_cell9', 'block_cell27']","[['charge_density_wave', 'block_cell9'], ['charge_density_wave', 'block_cell27'], ['block_cell9', 'block_cell27']]",['block_cell9'],new_time_validation,"[200, 240, 280, 320]",block_cell27,8.0,97196806742.88194,1.0,5.260806593746676e-08,6.211808861581506e-07,5.260806593746676e-08,4.049945845775322e-07,0.6519752838538273,16.0,4.269755910099225e-241,0.19370451004062478,1.727362674324958e-45,6.727248739213807e-05,1.0,0.9999999473919341,1.0,0.012849076613397629,0.012983621588181905,1.367868097499013,9.819637773558497,0.9254924301058054,6.2143891913265984e-136,True,False,True,2.0,97179376205.95744,1.0,1.0,1.0,1.0,27176636.87448859,0.6532423004205304,4.0,2.2726704245160194e-241,1.0,97179376205.95744,0.9999999999996713,9.443831167829798e+21,7.603030361899237e+34,1.0,1.0,0.1807881606920752,1.727362674324958e-45,49.90659700031606,0.0,1.0,0.0,49.906597000320005,5.401538060713315e-93,False,False,False,240,1.0,5.178601089803828e-81,1.246817450645261e-60,0.1807881606881332,0.012916349352491583,False,3.4319610688835382,0.9671523068100214,False,True,False,False,False,False,0.0,0.0
L144_g0p25,144,2.0,g,0.25,L144_g0p25,L144_g0p25_translated_t52p285,translated,0.5,1.0,open,0.25,52.285,0.3630902777777777777777777778,0.005,10457,"['charge_density_wave', 'block_cell9', 'block_cell27']","[['charge_density_wave', 'block_cell9'], ['charge_density_wave', 'block_cell27'], ['block_cell9', 'block_cell27']]",['block_cell9'],new_time_validation,"[200, 240, 280, 320]",charge_density_wave,0.0,0.0,0.0,1.2276003464379501e-60,1.882963199983771e-60,1.2276003464379501e-60,1.882963199983771e-60,1.0,0.0,0.0,0.1807881606881332,1.6383120894305842e-45,1.228215002855481e-41,1.2365625472540547e-56,0.0,1.6383120894305855e-45,0.0,1.228215002855481e-41,1.3875945024192333,1.2096988465636969,0.9053443446755409,1.2327789039507572e-197,True,True,False,2.0,2.833229945824466e-56,2.833229945824466e-56,2.8332340463853425e-56,4.3112678952803855e-56,2.8332340463853425e-56,4.3112678952803855e-56,1.0,4.0,7.411325164703531e-266,2.833229945824466e-56,2.833229945824466e-56,1.0,8.027215256528978e-112,1.8727930405944185e-228,2.833229945824466e-56,4.0649623158072716e-56,0.1807881606881332,1.6383120894305842e-45,1.2282150028817753e-41,0.0,1.6383120894872488e-45,0.0,1.2282150028817753e-41,1.260659389608159e-197,True,True,False,240,6.3549907338308e-61,0.880397582357492,1.1831018807775224e-60,0.1807881606881332,1.8436149123813128e-62,True,3.3582143802195787,0.95295799523592,True,True,False,False,False,False,1.2364989973467165e-56,2.8331663959171274e-56
L144_g0p25,144,2.0,g,0.25,L144_g0p25,L144_g0p25_translated_t52p285,translated,0.5,1.0,open,0.25,52.285,0.3630902777777777777777777778,0.005,10457,"['charge_density_wave', 'block_cell9', 'block_cell27']","[['charge_density_wave', 'block_cell9'], ['charge_density_wave', 'block_cell27'], ['block_cell9', 'block_cell27']]",['block_cell9'],new_time_validation,"[200, 240, 280, 320]",block_cell9,4.0,0.046349208815750546,0.04629950406067533,2.2863939976614045e-09,3.502985111754217e-09,2.2863939976614045e-09,3.412099442611789e-09,0.9740547943416996,8.0,8.941312971195068e-241,0.19610272936023362,1.6383120894305842e-45,3.439954935061764e-06,0.04544042670810406,0.04629950177428133,0.04629950634706933,0.015311127660716146,0.01531800757058627,1.305553674697876,5.885706445202231,0.9195434972643852,6.414792535890411e-132,True,True,False,2.0,0.04633526734943423,0.04628560738519964,1.4915313543752163e-05,2.2849410304198055e-05,1.4915313543752163e-05,2.2256750193797137e-05,0.9740623454824114,4.0,8.862846382492055e-241,0.04628560738519964,0.04633526734943423,0.999999999999926,0.0021469570421202063,8.969269336070398e-14,0.04628560738519938,0.04544042670810421,0.19609482391223024,1.6383120894305842e-45,0.013008305026981755,0.046270692071655885,0.04630052269874339,0.0022983581971152867,0.028314968251078796,6.434746629655026e-132,False,True,False,240,0.04629950591770792,3.1074144724460843e-67,1.1831018807775224e-60,0.1807881606881332,0.015314568672100442,True,3.375236814841628,0.9701941944658756,True,True,False,False,False,False,0.0008590792096038607,1.3898532508278827e-05
L144_g0p25,144,2.0,g,0.25,L144_g0p25,L144_g0p25_translated_t52p285,translated,0.5,1.0,open,0.25,52.285,0.3630902777777777777777777778,0.005,10457,"['charge_density_wave', 'block_cell9', 'block_cell27']","[['charge_density_wave', 'block_cell9'], ['charge_density_wave', 'block_cell27'], ['block_cell9', 'block_cell27']]",['block_cell9'],new_time_validation,"[200, 240, 280, 320]",block_cell27,8.0,92137275509.26843,1.0,4.986351746243084e-08,5.890709003722445e-07,4.986351746243084e-08,3.840592875695166e-07,0.651974638921771,16.0,8.204550554111374e-241,0.1925454338460261,1.6383120894305842e-45,6.39552609220925e-05,1.0,0.9999999501364826,1.0,0.011693317667777476,0.01182122818962166,1.2927852217108011,10.102424126118422,0.926058191806078,1.0520847978050723e-135,True,False,True,2.0,92120750980.84705,1.0,1.0,1.0,1.0,25763843.06850145,0.6532409577502039,4.0,8.803509564819252e-241,1.0,92120750980.84705,0.9999999999996835,8.486232768495701e+21,6.127457361058521e+34,1.0,1.0,0.18078816069250003,1.6383120894305842e-45,49.90659700031606,0.0,1.0,0.0,49.90659700032043,4.35322400138598e-93,False,False,False,240,1.0,5.178601089803886e-81,1.1831018807775224e-60,0.1807881606881332,0.011757273157892918,False,3.400412656366825,0.9700817186385393,False,True,False,False,False,False,0.0,0.0
L144_g0p25,144,2.0,g,0.25,L144_g0p25,L144_g0p25_translated_t62p825,translated,0.5,1.0,open,0.25,62.825,0.4362847222222222222222222222,0.005,12565,"['charge_density_wave', 'block_cell9', 'block_cell27']","[['charge_density_wave', 'block_cell9'], ['charge_density_wave', 'block_cell27'], ['block_cell9', 'block_cell27']]",['block_cell27'],new_time_validation,"[200, 240, 280, 320]",charge_density_wave,0.0,0.0,0.0,1.1456751051542726e-72,1.757815178403803e-72,1.1456751051542726e-72,1.757815178403803e-72,1.0,0.0,0.0,0.1807881606881332,1.2598041047427938e-57,1.1974665249751318e-53,9.508729031861722e-69,0.0,1.259804104742795e-57,0.0,1.1974665249751318e-53,1.3532481957226992,1.2101412955671549,0.9116568323224783,1.2358310320096015e-197,True,True,False,2.0,2.109110327898322e-68,2.109110327898322e-68,2.1091136400614405e-68,3.20935332954942e-68,2.1091136400614405e-68,3.20935332954942e-68,1.0,4.0,1.6209491324179272e-271,2.109110327898322e-68,2.109110327898322e-68,1.0,4.448360447496863e-136,6.259824003076917e-277,2.109110327898322e-68,3.0562319313771164e-68,0.1807881606881332,1.2598041047427938e-57,1.197466524998946e-53,0.0,1.259804104784976e-57,0.0,1.197466524998946e-53,2.758088220467417e-197,True,True,False,240,6.264369307951509e-73,0.880397582357492,1.1682175353459688e-72,0.1807881606881332,1.304280373521672e-74,True,3.3692232370376587,0.9433922749012709,True,True,False,False,False,False,9.508102594930927e-69,2.1090476842052424e-68
L144_g0p25,144,2.0,g,0.25,L144_g0p25,L144_g0p25_translated_t62p825,translated,0.5,1.0,open,0.25,62.825,0.4362847222222222222222222222,0.005,12565,"['charge_density_wave', 'block_cell9', 'block_cell27']","[['charge_density_wave', 'block_cell9'], ['charge_density_wave', 'block_cell27'], ['block_cell9', 'block_cell27']]",['block_cell27'],new_time_validation,"[200, 240, 280, 320]",block_cell9,0.0,0.0,0.0,3.8959163968393326e-14,5.967311648056417e-14,3.8959163968393326e-14,5.967311648056417e-14,1.0,0.0,0.0,0.1807881606881332,1.2598041047427938e-57,8.94148223450688e-11,3.8227166973322924e-14,0.0,3.8959163968393326e-14,0.0,8.94148223450688e-11,1.3931716531515121,1.2113323844969273,0.9060033708810806,1.2021365522957702e-140,True,True,False,2.0,3.894713967768524e-14,3.894713967768524e-14,1.2418471440026055e-17,1.9024400917758354e-17,1.2418471440026055e-17,1.9024400917757922e-17,0.9999999999999774,4.0,1.0185685225299349e-245,3.894713967768524e-14,3.894713967768524e-14,1.0,1.516879704810529e-27,2.387174956658178e-62,3.894713967768524e-14,3.8227166973322924e-14,0.1807881606881332,1.2598041047427938e-57,3.5700236236051136e-14,3.8934721206245216e-14,3.895955814912527e-14,0.0,3.5700236236758763e-14,5.407501733281434e-144,True,True,False,240,3.895916373713183e-14,3.107414472446294e-67,1.1682175353459688e-72,0.1807881606881332,7.100397982561148e-25,True,3.3508566077798605,0.9654720239341259,True,True,False,False,False,False,7.319967638089051e-16,1.2024059446588639e-17
L144_g0p25,144,2.0,g,0.25,L144_g0p25,L144_g0p25_translated_t62p825,translated,0.5,1.0,open,0.25,62.825,0.4362847222222222222222222222,0.005,12565,"['charge_density_wave', 'block_cell9', 'block_cell27']","[['charge_density_wave', 'block_cell9'], ['charge_density_wave', 'block_cell27'], ['block_cell9', 'block_cell27']]",['block_cell27'],new_time_validation,"[200, 240, 280, 320]",block_cell27,4.0,0.05620127900663864,0.05611273049379668,9.314822664141176e-10,1.4294962525967891e-09,9.314822664141176e-10,1.3847503142695551e-09,0.9686981072906281,8.0,1.314514274823879e-240,0.202070467620854,1.2598041047427938e-57,1.4616685268414953e-06,0.055286217380258976,0.05611272956231441,0.05611273142527894,0.021280844715445706,0.021283768052499392,1.3015346359461546,5.871329186484218,0.9209220092743635,1.9519371634824615e-129,True,False,True,2.0,0.056190858550251375,0.056102359204942755,1.0895208595949836e-05,1.6719320170910963e-05,1.0895208595949836e-05,1.619606687944466e-05,0.968703674185468,4.0,3.693051508236936e-241,0.056102359204942755,0.056190858550251375,1.0,0.00315741258569733,3.4193901047646068e-15,0.056102359204942755,0.055286217380258976,0.2020637660345599,1.2598041047427938e-57,0.009748565287729554,0.056091463996346805,0.056113254413538705,0.011527040058697154,0.031024170634156262,1.9609096022085372e-129,False,False,True,240,0.05611273134304943,5.178601089805376e-81,1.1682175353459688e-72,0.1807881606881332,0.02128230693272081,False,3.42653751373291,0.9536667969077826,False,True,False,False,False,False,0.0008265139627904525,1.0372138106673479e-05
L144_g0p25,144,2.0,g,0.25,L144_g0p25,L144_g0p25_translated_t62p845,translated,0.5,1.0,open,0.25,62.845,0.4364236111111111111111111111,0.005,12569,"['charge_density_wave', 'block_cell9', 'block_cell27']","[['charge_density_wave', 'block_cell9'], ['charge_density_wave', 'block_cell27'], ['block_cell9', 'block_cell27']]",['block_cell27'],new_time_validation,"[200, 240, 280, 320]",charge_density_wave,0.0,0.0,0.0,1.0870193588959579e-72,1.667820119979912e-72,1.0870193588959579e-72,1.667820119979912e-72,1.0,0.0,0.0,0.1807881606881332,1.1948575280642627e-57,1.1361889816274676e-53,9.018526311567151e-69,0.0,1.1948575280642638e-57,0.0,1.1361889816274676e-53,1.3251104597002268,1.2309708036482334,0.9122811444103718,1.2332229450472575e-197,True,True,False,2.0,2.0002557881975264e-68,2.0002557881975264e-68,2.000258929902847e-68,3.0437134307612897e-68,2.000258929902847e-68,3.0437134307612897e-68,1.0,4.0,4.285487053898383e-272,2.0002557881975264e-68,2.0002557881975264e-68,1.0,4.001035877420848e-136,5.064976568570886e-277,2.0002557881975264e-68,2.8985504419597648e-68,0.1807881606881332,1.1948575280642627e-57,1.1361889816500604e-53,0.0,1.1948575281042678e-57,0.0,1.1361889816500604e-53,1.0516344729053291e-197,True,True,False,240,5.944218986661927e-73,0.880397582357492,1.1085180805243014e-72,0.1807881606881332,1.2368635513692276e-74,True,3.400264199823141,0.9514966513961554,True,True,False,False,False,False,9.017931889668485e-69,2.0001963460076596e-68
L144_g0p25,144,2.0,g,0.25,L144_g0p25,L144_g0p25_translated_t62p845,translated,0.5,1.0,open,0.25,62.845,0.4364236111111111111111111111,0.005,12569,"['charge_density_wave', 'block_cell9', 'block_cell27']","[['charge_density_wave', 'block_cell9'], ['charge_density_wave', 'block_cell27'], ['block_cell9', 'block_cell27']]",['block_cell27'],new_time_validation,"[200, 240, 280, 320]",block_cell9,0.0,0.0,0.0,3.695855863922611e-14,5.660891301811834e-14,3.695855863922611e-14,5.660891301811834e-14,1.0,0.0,0.0,0.1807881606881332,1.1948575280642627e-57,8.49635314621875e-11,3.626414025347164e-14,0.0,3.695855863922611e-14,0.0,8.49635314621875e-11,1.381029862910509,1.2120993435382843,0.9148329012095928,1.1423519195034404e-140,True,True,False,2.0,3.6947151389803895e-14,3.6947151389803895e-14,1.1781034264269098e-17,1.8047909542909727e-17,1.1781034264269098e-17,1.8047909542909342e-17,0.9999999999999786,4.0,7.044320464397249e-246,3.6947151389803895e-14,3.6947151389803895e-14,1.0,1.3650920099689269e-27,1.9313101945615897e-62,3.6947151389803895e-14,3.626414025347164e-14,0.1807881606881332,1.1948575280642627e-57,3.391244851591377e-14,3.693537035553962e-14,3.695893242406816e-14,0.0,3.391244851659738e-14,5.129817531922522e-144,True,True,False,240,3.6958558420068554e-14,3.107414472446294e-67,1.1085180805243014e-72,0.1807881606881332,6.859310075870121e-25,True,3.3791737500578165,0.9658557493239641,True,True,False,False,False,False,6.944181665969167e-16,1.1407030264658558e-17
L144_g0p25,144,2.0,g,0.25,L144_g0p25,L144_g0p25_translated_t62p845,translated,0.5,1.0,open,0.25,62.845,0.4364236111111111111111111111,0.005,12569,"['charge_density_wave', 'block_cell9', 'block_cell27']","[['charge_density_wave', 'block_cell9'], ['charge_density_wave', 'block_cell27'], ['block_cell9', 'block_cell27']]",['block_cell27'],new_time_validation,"[200, 240, 280, 320]",block_cell27,4.0,0.0532845150584025,0.053209032005132904,8.819271004292898e-10,1.3532552256324038e-09,8.819271004292898e-10,1.3130075604333625e-09,0.9702586293873481,8.0,3.551763595668858e-241,0.20022616102660906,1.1948575280642627e-57,1.3873786096867964e-06,0.052425026764314445,0.053209031123205804,0.053209032887060005,0.01943661245708797,0.01943938721430734,1.3125523310154676,5.852920999750495,0.9226903710514307,1.851491941768096e-129,True,False,True,2.0,0.053274634911309696,0.05319919377960558,1.0315196317553072e-05,1.5826840363656596e-05,1.0315196317553072e-05,1.5356212348630467e-05,0.9702639311313938,4.0,4.5272782451034924e-241,0.05319919377960558,0.053274634911309696,1.0,0.00283818672590531,2.7586391018494773e-15,0.05319919377960558,0.052425026764314445,0.2002200212628712,1.1948575280642627e-57,0.00927022443163767,0.05318887858328803,0.05320950897592314,0.01016163614310034,0.028702085006375683,1.859140532837982e-129,False,False,True,240,0.05320903281078957,5.178601089805376e-81,1.1085180805243014e-72,0.1807881606881332,0.019438000338475876,False,3.456583544611931,0.9654045253992081,False,True,False,False,False,False,0.0007840060464751261,9.839031183990488e-06
L144_g0p25,144,2.0,g,0.25,L144_g0p25,L144_g0p25_translated_t62p865,translated,0.5,1.0,open,0.25,62.865,0.4365625,0.005,12573,"['charge_density_wave', 'block_cell9', 'block_cell27']","[['charge_density_wave', 'block_cell9'], ['charge_density_wave', 'block_cell27'], ['block_cell9', 'block_cell27']]",['block_cell27'],new_time_validation,"[200, 240, 280, 320]",charge_density_wave,0.0,0.0,0.0,1.0313666669933804e-72,1.582432585576539e-72,1.0313666669933804e-72,1.582432585576539e-72,1.0,0.0,0.0,0.1807881606881332,1.1332591368745553e-57,1.0780469998153288e-53,8.55359497151478e-69,0.0,1.1332591368745564e-57,0.0,1.0780469998153288e-53,1.3286196291446686,1.2458147183060646,0.9104605354368687,1.2341968649706304e-197,True,True,False,2.0,1.8970194022431752e-68,1.8970194022431752e-68,1.8970223822631784e-68,2.8866224707470534e-68,1.8970223822631784e-68,2.8866224707470534e-68,1.0,4.0,3.062733922374145e-272,1.8970194022431752e-68,1.8970194022431752e-68,1.0,3.59869400053305e-136,4.0981963115196684e-277,1.8970194022431752e-68,2.7490042814909827e-68,0.1807881606881332,1.1332591368745553e-57,1.0780469998367626e-53,0.0,1.1332591369124957e-57,0.0,1.0780469998367626e-53,2.833694165080649e-197,True,True,False,240,5.640430428423359e-73,0.880397582357492,1.0518694476666091e-72,0.1807881606881332,1.1729314891522695e-74,True,3.4261791296303272,0.9562309719622135,True,True,False,False,False,False,8.553030928471938e-69,1.896962997938891e-68
L144_g0p25,144,2.0,g,0.25,L144_g0p25,L144_g0p25_translated_t62p865,translated,0.5,1.0,open,0.25,62.865,0.4365625,0.005,12573,"['charge_density_wave', 'block_cell9', 'block_cell27']","[['charge_density_wave', 'block_cell9'], ['charge_density_wave', 'block_cell27'], ['block_cell9', 'block_cell27']]",['block_cell27'],new_time_validation,"[200, 240, 280, 320]",block_cell9,0.0,0.0,0.0,3.506069190025514e-14,5.370206315192849e-14,3.506069190025514e-14,5.370206315192849e-14,1.0,0.0,0.0,0.1807881606881332,1.1332591368745553e-57,8.073362751988196e-11,3.44019228652079e-14,0.0,3.506069190025514e-14,0.0,8.073362751988196e-11,1.306487513706088,1.3070554379373789,0.9075455944985151,1.0855374861672278e-140,True,True,False,2.0,3.504987002675914e-14,3.504987002675914e-14,1.1176317890022052e-17,1.712154184984863e-17,1.1176317890022052e-17,1.712154184984828e-17,0.9999999999999797,4.0,3.893525591515996e-246,3.504987002675914e-14,3.504987002675914e-14,1.0,1.2284934016115465e-27,1.5625008475570163e-62,3.504987002675914e-14,3.44019228652079e-14,0.1807881606881332,1.1332591368745553e-57,3.2214136895269e-14,3.503869370886911e-14,3.5061046344649157e-14,0.0,3.2214136895929067e-14,4.866393546761644e-144,True,True,False,240,3.506069169256788e-14,3.107414472446294e-67,1.0518694476666091e-72,0.1807881606881332,6.622860446135737e-25,True,3.425282869488001,0.9797953553497791,True,True,False,False,False,False,6.58768827359982e-16,1.0821665808741129e-17
L144_g0p25,144,2.0,g,0.25,L144_g0p25,L144_g0p25_translated_t62p865,translated,0.5,1.0,open,0.25,62.865,0.4365625,0.005,12573,"['charge_density_wave', 'block_cell9', 'block_cell27']","[['charge_density_wave', 'block_cell9'], ['charge_density_wave', 'block_cell27'], ['block_cell9', 'block_cell27']]",['block_cell27'],new_time_validation,"[200, 240, 280, 320]",block_cell27,2.0,0.05050977107047262,0.050445462895649,9.76668608468568e-06,1.4983192823037985e-05,9.76668608468568e-06,1.4559911850461092e-05,0.9717496145463695,4.0,2.541146695226752e-241,0.1985368926857835,1.1332591368745553e-57,0.008815704339697973,0.049711146569747136,0.05043569620956432,0.05045522958173369,0.008927404833938397,0.026558813513334344,1.3080508392304182,4.215352999046445,0.9236716497689486,1.7561338680059652e-129,True,False,True,2.0,0.05050977107047262,0.050445462895649,9.76668608468568e-06,1.4983192823037985e-05,9.76668608468568e-06,1.4559911850461092e-05,0.9717496145463695,4.0,2.541146695226752e-241,0.050445462895649,0.05050977107047262,1.0,0.002551236974463904,2.2255726477515625e-15,0.050445462895649,0.049711146569747136,0.19853126986176955,1.1332591368745553e-57,0.008815704339697973,0.05043569620956432,0.05045522958173369,0.008927404833938397,0.026558813513334344,1.7626535878923263e-129,True,False,True,240,0.05045479577303845,5.178601089805376e-81,1.0518694476666091e-72,0.1807881606881332,0.01774873199765032,False,3.514537403360009,0.9720007348805666,False,True,False,False,True,False,0.0007436492032913133,9.332877389446603e-06
L144_g0p25,144,2.0,g,0.25,L144_g0p25,L144_g0p25_translated_t62p885,translated,0.5,1.0,open,0.25,62.885,0.4367013888888888888888888889,0.005,12577,"['charge_density_wave', 'block_cell9', 'block_cell27']","[['charge_density_wave', 'block_cell9'], ['charge_density_wave', 'block_cell27'], ['block_cell9', 'block_cell27']]",['block_cell27'],new_time_validation,"[200, 240, 280, 320]",charge_density_wave,0.0,0.0,0.0,9.785632779296505e-73,1.5014166794575003e-72,9.785632779296505e-73,1.5014166794575003e-72,1.0,0.0,0.0,0.1807881606881332,1.0748363224444531e-57,1.022880142377726e-53,8.11263219833188e-69,0.0,1.0748363224444541e-57,0.0,1.022880142377726e-53,1.323518443852663,1.2177234999835491,0.9149052202701569,1.232918383031987e-197,True,True,False,2.0,1.7991112084126964e-68,1.7991112084126964e-68,1.7991140350683917e-68,2.7376392253477806e-68,1.7991140350683917e-68,2.7376392253477806e-68,1.0,4.0,3.103846958926773e-272,1.7991112084126964e-68,1.7991112084126964e-68,1.0,3.236811384766632e-136,3.315950780892218e-277,1.7991112084126964e-68,2.6071737204429352e-68,0.1807881606881332,1.0748363224444531e-57,1.0228801423980606e-53,0.0,1.0748363224804354e-57,0.0,1.0228801423980606e-53,1.5306050226995995e-197,True,True,False,240,5.352167441587151e-73,0.880397582357492,9.981157306329762e-73,0.1807881606881332,1.1123040573861997e-74,True,3.3780764527618885,0.9361930526793003,True,True,False,False,False,False,8.112096981587721e-69,1.7990576867382805e-68
L144_g0p25,144,2.0,g,0.25,L144_g0p25,L144_g0p25_translated_t62p885,translated,0.5,1.0,open,0.25,62.885,0.4367013888888888888888888889,0.005,12577,"['charge_density_wave', 'block_cell9', 'block_cell27']","[['charge_density_wave', 'block_cell9'], ['charge_density_wave', 'block_cell27'], ['block_cell9', 'block_cell27']]",['block_cell27'],new_time_validation,"[200, 240, 280, 320]",block_cell9,0.0,0.0,0.0,3.3260287487477367e-14,5.094448604614357e-14,3.3260287487477367e-14,5.094448604614357e-14,1.0,0.0,0.0,0.1807881606881332,1.0748363224444531e-57,7.671411085272853e-11,3.2635337595519296e-14,0.0,3.3260287487477367e-14,0.0,7.671411085272853e-11,1.3748513422906399,1.2380224913358688,0.9111895356327295,1.0315458477581455e-140,True,True,False,2.0,3.32500209496113e-14,3.32500209496113e-14,1.0602642631486133e-17,1.6242724867429292e-17,1.0602642631486133e-17,1.6242724867428978e-17,0.9999999999999807,4.0,1.2622471626270071e-246,3.32500209496113e-14,3.32500209496113e-14,1.0,1.105563904583772e-27,1.2641218418130818e-62,3.32500209496113e-14,3.2635337595519296e-14,0.1807881606881332,1.0748363224444531e-57,3.060082598720434e-14,3.3239418306979816e-14,3.3260623592242787e-14,0.0,3.0600825987841356e-14,4.6164974224959254e-144,True,True,False,240,3.326028729065995e-14,3.107414472446294e-67,9.981157306329762e-73,0.1807881606881332,6.391386337929745e-25,True,3.3419412318617105,0.9461308121681213,True,True,False,False,False,False,6.249496951406516e-16,1.0266341048646148e-17
L144_g0p25,144,2.0,g,0.25,L144_g0p25,L144_g0p25_translated_t62p885,translated,0.5,1.0,open,0.25,62.885,0.4367013888888888888888888889,0.005,12577,"['charge_density_wave', 'block_cell9', 'block_cell27']","[['charge_density_wave', 'block_cell9'], ['charge_density_wave', 'block_cell27'], ['block_cell9', 'block_cell27']]",['block_cell27'],new_time_validation,"[200, 240, 280, 320]",block_cell27,2.0,0.047888410414322215,0.04783359343788929,9.247914907525999e-06,1.4185591712026252e-05,9.247914907525999e-06,1.380490655824267e-05,0.9731639566743737,4.0,4.047458870927667e-241,0.19699022542111055,1.0748363224444531e-57,0.008383787549365305,0.047137106030662984,0.04782434552298176,0.04784284135279681,0.007813129711613704,0.024580704810344314,1.3106018640100956,4.289168847724795,0.917209917679429,1.6656174138608927e-129,True,True,False,2.0,0.047888410414322215,0.04783359343788929,9.247914907525999e-06,1.4185591712026252e-05,9.247914907525999e-06,1.380490655824267e-05,0.9731639566743737,4.0,4.047458870927667e-241,0.04783359343788929,0.047888410414322215,1.0,0.0022932998527935046,1.795516135653343e-15,0.04783359343788929,0.047137106030662984,0.1969850779491122,1.0748363224444531e-57,0.008383787549365305,0.04782434552298176,0.04784284135279681,0.007813129711613704,0.024580704810344314,1.6711745868351004e-129,True,True,False,240,0.04784244581821232,5.178601089805376e-81,9.981157306329762e-73,0.1807881606881332,0.01620206473297736,True,3.418956086039543,0.9453002959489822,True,True,False,False,False,False,0.0007053397875493375,8.852380323033648e-06
L144_g0p25,144,2.0,g,0.25,L144_g0p25,L144_g0p25_translated_t62p905,translated,0.5,1.0,open,0.25,62.905,0.4368402777777777777777777778,0.005,12581,"['charge_density_wave', 'block_cell9', 'block_cell27']","[['charge_density_wave', 'block_cell9'], ['charge_density_wave', 'block_cell27'], ['block_cell9', 'block_cell27']]",['block_cell27'],new_time_validation,"[200, 240, 280, 320]",charge_density_wave,0.0,0.0,0.0,9.284633120823054e-73,1.4245485833619621e-72,9.284633120823054e-73,1.4245485833619621e-72,1.0,0.0,0.0,0.1807881606881332,1.0194253745282601e-57,9.705361807688715e-54,7.694402342475637e-69,0.0,1.0194253745282611e-57,0.0,9.705361807688715e-54,1.3952587805688381,1.2017029412090778,0.9130195770412683,1.2392155942830918e-197,True,True,False,2.0,1.706256210446329e-68,1.706256210446329e-68,1.7062588916304923e-68,2.5963452426674e-68,1.7062588916304923e-68,2.5963452426674e-68,1.0,4.0,4.2979772301969116e-272,1.706256210446329e-68,1.706256210446329e-68,1.0,2.9113194715261733e-136,2.683016806782107e-277,1.706256210446329e-68,2.472660684573966e-68,0.1807881606881332,1.0194253745282601e-57,9.70536180788163e-54,0.0,1.0194253745623853e-57,0.0,9.70536180788163e-54,1.033001889299189e-197,True,True,False,240,5.0786365692503703e-73,0.880397582357492,9.471089905515481e-73,0.1807881606881332,1.054810437754934e-74,True,3.466486604884267,0.9605597127228975,True,True,False,False,False,False,7.693894478818712e-69,1.7062054240806365e-68
L144_g0p25,144,2.0,g,0.25,L144_g0p25,L144_g0p25_translated_t62p905,translated,0.5,1.0,open,0.25,62.905,0.4368402777777777777777777778,0.005,12581,"['charge_density_wave', 'block_cell9', 'block_cell27']","[['charge_density_wave', 'block_cell9'], ['charge_density_wave', 'block_cell27'], ['block_cell9', 'block_cell27']]",['block_cell27'],new_time_validation,"[200, 240, 280, 320]",block_cell9,0.0,0.0,0.0,3.155234011894021e-14,4.832851587321587e-14,3.155234011894021e-14,4.832851587321587e-14,1.0,0.0,0.0,0.1807881606881332,1.0194253745282601e-57,7.289452772583738e-11,3.095947312779774e-14,0.0,3.155234011894021e-14,0.0,7.289452772583738e-11,1.302888898178935,1.2750363070517778,0.9093411304056644,9.80236906606612e-141,True,True,False,2.0,3.1542600418070004e-14,3.1542600418070004e-14,1.0058415031201004e-17,1.5409017706781165e-17,1.0058415031201004e-17,1.540901770678088e-17,0.9999999999999817,4.0,7.659294279241545e-246,3.1542600418070004e-14,3.1542600418070004e-14,1.0,9.949356514133187e-28,1.0227230720588768e-62,3.1542600418070004e-14,3.095947312779774e-14,0.1807881606881332,1.0194253745282601e-57,2.906826410774149e-14,3.15325420030388e-14,3.1552658833101206e-14,0.0,2.906826410835597e-14,4.379434416884562e-144,True,True,False,240,3.1552339932423616e-14,3.107414472446294e-67,9.471089905515481e-73,0.1807881606881332,6.165158898389158e-25,True,3.435433492064476,0.9834269303828478,True,True,False,False,False,False,5.928668046258759e-16,9.73951435361223e-18
L144_g0p25,144,2.0,g,0.25,L144_g0p25,L144_g0p25_translated_t62p905,translated,0.5,1.0,open,0.25,62.905,0.4368402777777777777777777778,0.005,12581,"['charge_density_wave', 'block_cell9', 'block_cell27']","[['charge_density_wave', 'block_cell9'], ['charge_density_wave', 'block_cell27'], ['block_cell9', 'block_cell27']]",['block_cell27'],new_time_validation,"[200, 240, 280, 320]",block_cell27,2.0,0.04540310417519539,0.045356378474575854,8.757222059609596e-06,1.3431420569934915e-05,8.757222059609596e-06,1.3089054802252664e-05,0.9745100850725642,4.0,3.166242722337791e-241,0.19557464194913407,1.0194253745282601e-57,0.007973320866148327,0.04469579640254466,0.04534762125251625,0.045365135696635465,0.0068084497810151825,0.022755091513311836,1.3476801626384258,4.201829368248582,0.9165491126477718,1.5797070876523078e-129,True,True,False,2.0,0.04540310417519539,0.045356378474575854,8.757222059609596e-06,1.3431420569934915e-05,8.757222059609596e-06,1.3089054802252664e-05,0.9745100850725642,4.0,3.166242722337791e-241,0.045356378474575854,0.04540310417519539,1.0,0.00206144186944634,1.448563368412558e-15,0.045356378474575854,0.04469579640254466,0.1955699313352967,1.0194253745282601e-57,0.007973320866148327,0.04534762125251625,0.045365135696635465,0.0068084497810151825,0.022755091513311836,1.5844435822584834e-129,True,True,False,240,0.045364774770589485,5.178601089805376e-81,9.471089905515481e-73,0.1807881606881332,0.01478648126100089,True,3.5337236132472754,0.9894528966397047,True,True,False,False,False,False,0.0006689783680448244,8.396296013631066e-06
