key,length,gamma,skin_mode,skin_value,family_key,case_id,physical_time,time_fraction,t1,t2,boundary,skin,initials,pairs,digits,target_initials,group,role,dt,steps,initial_a,initial_b,reduced_pair_distance,radial_lower,direct_lower,memory_lower,memory_upper,reduced_entropy_difference,entropy_memory_lower,entropy_memory_upper,compact_core_order,compact_pair_seconds,prediction_precision_change,guaranteed_memory,guaranteed_entropy_memory
L160_gL0,160,2.0,gL,0,L160_gL0,L160_gL0_i0_t83p615,83.615,0.52259375,0.5,1.0,open,0.0,"['charge_density_wave', 'left', 'right']","[['charge_density_wave', 'left'], ['charge_density_wave', 'right'], ['left', 'right']]","[240, 280, 320, 360]",['left'],edge,new_size_mechanism,0.05,1672,charge_density_wave,left,0.0599662068898413,0.059966184496753915,0.059966184496753915,0.059966184496753915,0.05996622928292869,0.02382727041577359,0.023793923501547166,0.02386061733000001,8.0,0.048020387068390846,6.657250061067102e-135,False,False
L160_gL0,160,2.0,gL,0,L160_gL0,L160_gL0_i0_t83p615,83.615,0.52259375,0.5,1.0,open,0.0,"['charge_density_wave', 'left', 'right']","[['charge_density_wave', 'left'], ['charge_density_wave', 'right'], ['left', 'right']]","[240, 280, 320, 360]",['left'],edge,new_size_mechanism,0.05,1672,charge_density_wave,right,0.28903025289842915,0.28903002797252747,0.28903002797252747,0.28903002797252747,0.28903047782433083,0.2873276456188973,0.28703420738286484,0.2876210838549297,8.0,0.04786152020096779,8.5826490176496e-130,True,True
L160_gL0,160,2.0,gL,0,L160_gL0,L160_gL0_i0_t83p615,83.615,0.52259375,0.5,1.0,open,0.0,"['charge_density_wave', 'left', 'right']","[['charge_density_wave', 'left'], ['charge_density_wave', 'right'], ['left', 'right']]","[240, 280, 320, 360]",['left'],edge,new_size_mechanism,0.05,1672,left,right,0.28903025289842915,0.22906379868959875,0.2890300055794401,0.2890300055794401,0.2890305002174183,0.2635003752031237,0.26317359005286484,0.26382716035338255,16.0,0.1934119015932083,8.582604112730352e-130,True,True
L160_gL0,160,2.0,gL,0,L160_gL0,L160_gL0_i0_t83p685,83.685,0.52303125,0.5,1.0,open,0.0,"['charge_density_wave', 'left', 'right']","[['charge_density_wave', 'left'], ['charge_density_wave', 'right'], ['left', 'right']]","[240, 280, 320, 360]",['left'],edge,new_size_mechanism,0.05,1674,charge_density_wave,left,0.049764586487456235,0.04976456799959958,0.04976456799959958,0.04976456799959958,0.04976460497531289,0.01733476649798932,0.017306951663028182,0.01736258133295046,8.0,0.048366185277700424,5.53089519446934e-135,False,False
L160_gL0,160,2.0,gL,0,L160_gL0,L160_gL0_i0_t83p685,83.685,0.52303125,0.5,1.0,open,0.0,"['charge_density_wave', 'left', 'right']","[['charge_density_wave', 'left'], ['charge_density_wave', 'right'], ['left', 'right']]","[240, 280, 320, 360]",['left'],edge,new_size_mechanism,0.05,1674,charge_density_wave,right,0.24290552273103605,0.24290533757311156,0.24290533757311156,0.24290533757311156,0.24290570788896051,0.22421564148304,0.2239712025584967,0.22446008040758325,8.0,0.04853108152747154,7.1964754409223285e-130,True,True
L160_gL0,160,2.0,gL,0,L160_gL0,L160_gL0_i0_t83p685,83.685,0.52303125,0.5,1.0,open,0.0,"['charge_density_wave', 'left', 'right']","[['charge_density_wave', 'left'], ['charge_density_wave', 'right'], ['left', 'right']]","[240, 280, 320, 360]",['left'],edge,new_size_mechanism,0.05,1674,left,right,0.24290552273103605,0.19314073259779865,0.2429053190852549,0.2429053190852549,0.24290572637681718,0.20688087498505064,0.20660862122554624,0.20715312874455508,16.0,0.1929882876574993,7.196442421179175e-130,True,True
L160_gL0,160,2.0,gL,0,L160_gL0,L160_gL0_i0_t83p755,83.755,0.52346875,0.5,1.0,open,0.0,"['charge_density_wave', 'left', 'right']","[['charge_density_wave', 'left'], ['charge_density_wave', 'right'], ['left', 'right']]","[240, 280, 320, 360]",['left'],edge,new_size_mechanism,0.05,1675,charge_density_wave,left,0.041291366767000064,0.041291351492478305,0.041291351492478305,0.041291351492478305,0.04129138204152183,0.012571393148335037,0.012548179443833537,0.012594606852836537,8.0,0.04795040003955364,4.5927114498907655e-135,False,False
L160_gL0,160,2.0,gL,0,L160_gL0,L160_gL0_i0_t83p755,83.755,0.52346875,0.5,1.0,open,0.0,"['charge_density_wave', 'left', 'right']","[['charge_density_wave', 'left'], ['charge_density_wave', 'right'], ['left', 'right']]","[240, 280, 320, 360]",['left'],edge,new_size_mechanism,0.05,1675,charge_density_wave,right,0.2033441572566473,0.20334400505811098,0.20334400505811098,0.20334400505811098,0.20334430945518364,0.17220741519003618,0.17200410132401445,0.17241072905605792,8.0,0.04802662692964077,5.831966153284602e-130,True,True
L160_gL0,160,2.0,gL,0,L160_gL0,L160_gL0_i0_t83p755,83.755,0.52346875,0.5,1.0,open,0.0,"['charge_density_wave', 'left', 'right']","[['charge_density_wave', 'left'], ['charge_density_wave', 'right'], ['left', 'right']]","[240, 280, 320, 360]",['left'],edge,new_size_mechanism,0.05,1675,left,right,0.2033441572566473,0.16205262301658915,0.20334398978358922,0.20334398978358922,0.2033443247297054,0.15963602204170116,0.1594094944711779,0.1598625496122244,16.0,0.19319893792271614,5.831941984263523e-130,True,True
L160_gL0,160,2.0,gL,0,L160_gL0,L160_gL0_i1_t84p215,84.215,0.52634375,0.5,1.0,open,0.0,"['charge_density_wave', 'left', 'right']","[['charge_density_wave', 'left'], ['charge_density_wave', 'right'], ['left', 'right']]","[240, 280, 320, 360]",['right'],edge,new_size_mechanism,0.05,1684,charge_density_wave,left,0.012090139220056943,0.012090134810698322,0.012090134810698322,0.012090134810698322,0.012090143629415564,0.0014369615660222229,0.0014298220960076422,0.0014441010360368035,8.0,0.048236625269055367,1.3468304536207021e-135,False,False
L160_gL0,160,2.0,gL,0,L160_gL0,L160_gL0_i1_t84p215,84.215,0.52634375,0.5,1.0,open,0.0,"['charge_density_wave', 'left', 'right']","[['charge_density_wave', 'left'], ['charge_density_wave', 'right'], ['left', 'right']]","[240, 280, 320, 360]",['right'],edge,new_size_mechanism,0.05,1684,charge_density_wave,right,0.060638850318036265,0.060638807989682235,0.060638807989682235,0.060638807989682235,0.060638892646390295,0.024282629387564682,0.024221751703638893,0.024343507071490474,8.0,0.04844413138926029,1.4137645743058194e-130,False,False
L160_gL0,160,2.0,gL,0,L160_gL0,L160_gL0_i1_t84p215,84.215,0.52634375,0.5,1.0,open,0.0,"['charge_density_wave', 'left', 'right']","[['charge_density_wave', 'left'], ['charge_density_wave', 'right'], ['left', 'right']]","[240, 280, 320, 360]",['right'],edge,new_size_mechanism,0.05,1684,left,right,0.060638850318036265,0.04854866436026667,0.060638803580323614,0.060638803580323614,0.060638897055748923,0.02284566782154246,0.02277765066760209,0.02291368497548283,16.0,0.19561100751161575,1.4137645743058514e-130,False,False
L160_gL0,160,2.0,gL,0,L160_gL0,L160_gL0_i1_t84p285,84.285,0.52678125,0.5,1.0,open,0.0,"['charge_density_wave', 'left', 'right']","[['charge_density_wave', 'left'], ['charge_density_wave', 'right'], ['left', 'right']]","[240, 280, 320, 360]",['right'],edge,new_size_mechanism,0.05,1686,charge_density_wave,left,0.01001986586922751,0.010011546289314848,0.010011546289314848,0.010011546289314848,0.010028185449140173,0.0010246912712112968,0.0,0.009475317636474216,4.0,0.012583151459693909,1.117177277301329e-135,False,False
L160_gL0,160,2.0,gL,0,L160_gL0,L160_gL0_i1_t84p285,84.285,0.52678125,0.5,1.0,open,0.0,"['charge_density_wave', 'left', 'right']","[['charge_density_wave', 'left'], ['charge_density_wave', 'right'], ['left', 'right']]","[240, 280, 320, 360]",['right'],edge,new_size_mechanism,0.05,1686,charge_density_wave,right,0.0503229302435597,0.05032289529948337,0.05032289529948337,0.05032289529948337,0.05032296518763603,0.017669350466247128,0.01761855710753757,0.017720143824956687,8.0,0.048172472044825554,1.1745991677175812e-130,False,False
L160_gL0,160,2.0,gL,0,L160_gL0,L160_gL0_i1_t84p285,84.285,0.52678125,0.5,1.0,open,0.0,"['charge_density_wave', 'left', 'right']","[['charge_density_wave', 'left'], ['charge_density_wave', 'right'], ['left', 'right']]","[240, 280, 320, 360]",['right'],edge,new_size_mechanism,0.05,1686,left,right,0.0503229302435597,0.0402947098503432,0.05031457571957071,0.05031457571957071,0.050331284767548695,0.01664465919503583,0.008143239471063355,0.02514607891900831,12.0,0.10897627100348473,1.1745991677679798e-130,False,False
L160_gL0,160,2.0,gL,0,L160_gL0,L160_gL0_i1_t84p355,84.355,0.52721875,0.5,1.0,open,0.0,"['charge_density_wave', 'left', 'right']","[['charge_density_wave', 'left'], ['charge_density_wave', 'right'], ['left', 'right']]","[240, 280, 320, 360]",['right'],edge,new_size_mechanism,0.05,1687,charge_density_wave,left,0.008310896363881807,0.008304001411630667,0.008304001411630667,0.008304001411630667,0.008317791316132946,0.0007307947222268825,0.0,0.007837955690240777,4.0,0.012764697894454002,9.266601624444333e-136,False,False
L160_gL0,160,2.0,gL,0,L160_gL0,L160_gL0_i1_t84p355,84.355,0.52721875,0.5,1.0,open,0.0,"['charge_density_wave', 'left', 'right']","[['charge_density_wave', 'left'], ['charge_density_wave', 'right'], ['left', 'right']]","[240, 280, 320, 360]",['right'],edge,new_size_mechanism,0.05,1687,charge_density_wave,right,0.041754589290019316,0.041754560421382377,0.041754560421382377,0.041754560421382377,0.041754618158656255,0.012816103706977795,0.012773700275097485,0.012858507138858102,8.0,0.04889100603759289,9.75372068981277e-131,False,False
L160_gL0,160,2.0,gL,0,L160_gL0,L160_gL0_i1_t84p355,84.355,0.52721875,0.5,1.0,open,0.0,"['charge_density_wave', 'left', 'right']","[['charge_density_wave', 'left'], ['charge_density_wave', 'right'], ['left', 'right']]","[240, 280, 320, 360]",['right'],edge,new_size_mechanism,0.05,1687,left,right,0.041754589290019316,0.033436769105249425,0.04174766546913124,0.04174766546913124,0.041761513110907394,0.012085308984750912,0.004935744584856709,0.019234873384645114,12.0,0.10978095047175884,9.753720690160858e-131,False,False
L160_gL0,160,2.0,gL,0,L160_gL0,L160_gL0_i2_t63p275,63.275,0.39546875,0.5,1.0,open,0.0,"['charge_density_wave', 'block_cell10', 'block_cell30']","[['charge_density_wave', 'block_cell10'], ['charge_density_wave', 'block_cell30'], ['block_cell10', 'block_cell30']]","[240, 280, 320, 360]",['block_cell10'],translated,new_size_mechanism,0.05,1266,charge_density_wave,block_cell10,0.06063505549094711,0.06063505397296269,0.06063505397296269,0.06063505397296269,0.06063505700893153,0.024280051470087983,0.024277464110285647,0.024282638829890322,8.0,0.04817670397460461,5.262794913078408e-163,False,False
L160_gL0,160,2.0,gL,0,L160_gL0,L160_gL0_i2_t63p275,63.275,0.39546875,0.5,1.0,open,0.0,"['charge_density_wave', 'block_cell10', 'block_cell30']","[['charge_density_wave', 'block_cell10'], ['charge_density_wave', 'block_cell30'], ['block_cell10', 'block_cell30']]","[240, 280, 320, 360]",['block_cell10'],translated,new_size_mechanism,0.05,1266,charge_density_wave,block_cell30,0.6381364660717279,0.6381364335825442,0.6381364335825442,0.6381364335825442,0.6381364985609116,0.6758300791428956,0.675782664795781,0.6758774934900101,8.0,0.048210736364126205,1.4416843752902687e-160,True,True
L160_gL0,160,2.0,gL,0,L160_gL0,L160_gL0_i2_t63p275,63.275,0.39546875,0.5,1.0,open,0.0,"['charge_density_wave', 'block_cell10', 'block_cell30']","[['charge_density_wave', 'block_cell10'], ['charge_density_wave', 'block_cell30'], ['block_cell10', 'block_cell30']]","[240, 280, 320, 360]",['block_cell10'],translated,new_size_mechanism,0.05,1266,block_cell10,block_cell30,0.6381364660717279,0.5775013765736128,0.6381364320645598,0.6381364320645598,0.638136500078896,0.6515500276728076,0.6515000259658906,0.6516000293797245,16.0,0.1966097131371498,1.4469471702033473e-160,True,True
L160_gL0,160,2.0,gL,0,L160_gL0,L160_gL0_i2_t63p345,63.345,0.39590625,0.5,1.0,open,0.0,"['charge_density_wave', 'block_cell10', 'block_cell30']","[['charge_density_wave', 'block_cell10'], ['charge_density_wave', 'block_cell30'], ['block_cell10', 'block_cell30']]","[240, 280, 320, 360]",['block_cell10'],translated,new_size_mechanism,0.05,1267,charge_density_wave,block_cell10,0.050334133842193464,0.05033413258882428,0.05033413258882428,0.05033413258882428,0.05033413509556266,0.017676089681114518,0.017673934143747502,0.01767824521848153,8.0,0.048669446259737015,4.373737314213151e-163,False,False
L160_gL0,160,2.0,gL,0,L160_gL0,L160_gL0_i2_t63p345,63.345,0.39590625,0.5,1.0,open,0.0,"['charge_density_wave', 'block_cell10', 'block_cell30']","[['charge_density_wave', 'block_cell10'], ['charge_density_wave', 'block_cell30'], ['block_cell10', 'block_cell30']]","[240, 280, 320, 360]",['block_cell10'],translated,new_size_mechanism,0.05,1267,charge_density_wave,block_cell30,0.5665922536092179,0.5665922259484544,0.5665922259484544,0.5665922259484544,0.5665922812699815,0.6276410210895176,0.6276002972517545,0.6276817449272807,8.0,0.04823301173746586,1.466165266602999e-160,True,True
L160_gL0,160,2.0,gL,0,L160_gL0,L160_gL0_i2_t63p345,63.345,0.39590625,0.5,1.0,open,0.0,"['charge_density_wave', 'block_cell10', 'block_cell30']","[['charge_density_wave', 'block_cell10'], ['charge_density_wave', 'block_cell30'], ['block_cell10', 'block_cell30']]","[240, 280, 320, 360]",['block_cell10'],translated,new_size_mechanism,0.05,1267,block_cell10,block_cell30,0.5665922536092179,0.5162580908528916,0.5665922246950851,0.5665922246950851,0.5665922825233507,0.609964931408403,0.609922052033273,0.6100078107835332,16.0,0.1958236414939165,1.4705390039172123e-160,True,True
L160_gL0,160,2.0,gL,0,L160_gL0,L160_gL0_i2_t63p415,63.415,0.39634375,0.5,1.0,open,0.0,"['charge_density_wave', 'block_cell10', 'block_cell30']","[['charge_density_wave', 'block_cell10'], ['charge_density_wave', 'block_cell30'], ['block_cell10', 'block_cell30']]","[240, 280, 320, 360]",['block_cell10'],translated,new_size_mechanism,0.05,1268,charge_density_wave,block_cell10,0.041767063138531735,0.04175787231799458,0.04175787231799458,0.04175787231799458,0.0417762539590689,0.012822719297943928,0.0035603568664722422,0.022085081729415614,4.0,0.012759121134877205,3.6329563854773115e-163,False,False
L160_gL0,160,2.0,gL,0,L160_gL0,L160_gL0_i2_t63p415,63.415,0.39634375,0.5,1.0,open,0.0,"['charge_density_wave', 'block_cell10', 'block_cell30']","[['charge_density_wave', 'block_cell10'], ['charge_density_wave', 'block_cell30'], ['block_cell10', 'block_cell30']]","[240, 280, 320, 360]",['block_cell10'],translated,new_size_mechanism,0.05,1268,charge_density_wave,block_cell30,0.49550321492613675,0.4955031916452184,0.4955031916452184,0.4955031916452184,0.49550323820705505,0.5573635002634038,0.557328903642106,0.5573980968847015,8.0,0.04851301945745945,1.585131449367665e-160,True,True
L160_gL0,160,2.0,gL,0,L160_gL0,L160_gL0_i2_t63p415,63.415,0.39634375,0.5,1.0,open,0.0,"['charge_density_wave', 'block_cell10', 'block_cell30']","[['charge_density_wave', 'block_cell10'], ['charge_density_wave', 'block_cell30'], ['block_cell10', 'block_cell30']]","[240, 280, 320, 360]",['block_cell10'],translated,new_size_mechanism,0.05,1268,block_cell10,block_cell30,0.49550321492613675,0.45372693768614947,0.4954940008246812,0.4954940008246812,0.49551242902759224,0.5445407809654598,0.5352438219126904,0.5538377400182293,12.0,0.10959291271865368,1.5870739570529155e-160,True,True
L160_gL0,160,2.0,gL,0,L160_gL0,L160_gL0_i3_t64p255,64.255,0.40159375,0.5,1.0,open,0.0,"['charge_density_wave', 'block_cell10', 'block_cell30']","[['charge_density_wave', 'block_cell10'], ['charge_density_wave', 'block_cell30'], ['block_cell10', 'block_cell30']]","[240, 280, 320, 360]",['block_cell30'],translated,new_size_mechanism,0.05,1285,charge_density_wave,block_cell10,0.004446110696951318,0.004445150886182443,0.004445150886182443,0.004445150886182443,0.004447070507720193,0.00023388275259116886,0.0,0.00137463929032898,4.0,0.012655215337872505,3.873897574844807e-164,False,False
L160_gL0,160,2.0,gL,0,L160_gL0,L160_gL0_i3_t64p255,64.255,0.40159375,0.5,1.0,open,0.0,"['charge_density_wave', 'block_cell10', 'block_cell30']","[['charge_density_wave', 'block_cell10'], ['charge_density_wave', 'block_cell30'], ['block_cell10', 'block_cell30']]","[240, 280, 320, 360]",['block_cell30'],translated,new_size_mechanism,0.05,1285,charge_density_wave,block_cell30,0.06054267764820264,0.06054267536726852,0.06054267536726852,0.06054267536726852,0.06054267992913677,0.024217323880964692,0.02421351039983418,0.024221137362095205,8.0,0.04876428283751011,2.2987940605990004e-161,False,False
L160_gL0,160,2.0,gL,0,L160_gL0,L160_gL0_i3_t64p255,64.255,0.40159375,0.5,1.0,open,0.0,"['charge_density_wave', 'block_cell10', 'block_cell30']","[['charge_density_wave', 'block_cell10'], ['charge_density_wave', 'block_cell30'], ['block_cell10', 'block_cell30']]","[240, 280, 320, 360]",['block_cell30'],translated,new_size_mechanism,0.05,1285,block_cell10,block_cell30,0.06054267764820264,0.05609560485954833,0.06054171555649964,0.06054171555649964,0.06054363973990565,0.023983441128373525,0.0228388711095052,0.025128011147241846,12.0,0.10901444964110851,2.3026679531056066e-161,False,False
L160_gL0,160,2.0,gL,0,L160_gL0,L160_gL0_i3_t64p325,64.325,0.40203125,0.5,1.0,open,0.0,"['charge_density_wave', 'block_cell10', 'block_cell30']","[['charge_density_wave', 'block_cell10'], ['charge_density_wave', 'block_cell30'], ['block_cell10', 'block_cell30']]","[240, 280, 320, 360]",['block_cell30'],translated,new_size_mechanism,0.05,1286,charge_density_wave,block_cell10,0.0036888066439629825,0.00368801055845372,0.00368801055845372,0.00368801055845372,0.003689602729472245,0.00016607563834529824,0.0,0.001124152374056116,4.0,0.012575702741742134,3.214074026331069e-164,False,False
L160_gL0,160,2.0,gL,0,L160_gL0,L160_gL0_i3_t64p325,64.325,0.40203125,0.5,1.0,open,0.0,"['charge_density_wave', 'block_cell10', 'block_cell30']","[['charge_density_wave', 'block_cell10'], ['charge_density_wave', 'block_cell30'], ['block_cell10', 'block_cell30']]","[240, 280, 320, 360]",['block_cell30'],translated,new_size_mechanism,0.05,1286,charge_density_wave,block_cell30,0.05025774846733881,0.050257746584028706,0.050257746584028706,0.050257746584028706,0.05025775035064892,0.017630162923280235,0.017626985367073602,0.017633340479486868,8.0,0.047854458913207054,1.910451120159952e-161,False,False
L160_gL0,160,2.0,gL,0,L160_gL0,L160_gL0_i3_t64p325,64.325,0.40203125,0.5,1.0,open,0.0,"['charge_density_wave', 'block_cell10', 'block_cell30']","[['charge_density_wave', 'block_cell10'], ['charge_density_wave', 'block_cell30'], ['block_cell10', 'block_cell30']]","[240, 280, 320, 360]",['block_cell30'],translated,new_size_mechanism,0.05,1286,block_cell10,block_cell30,0.05025774846733881,0.04656814385455646,0.05025695049851944,0.05025695049851944,0.05025854643615819,0.017464087284934936,0.016502832993017486,0.018425341576852387,12.0,0.10875446535646915,1.9136651906122334e-161,False,False
L160_gL0,160,2.0,gL,0,L160_gL0,L160_gL0_i3_t64p395,64.395,0.40246875,0.5,1.0,open,0.0,"['charge_density_wave', 'block_cell10', 'block_cell30']","[['charge_density_wave', 'block_cell10'], ['charge_density_wave', 'block_cell30'], ['block_cell10', 'block_cell30']]","[240, 280, 320, 360]",['block_cell30'],translated,new_size_mechanism,0.05,1288,charge_density_wave,block_cell10,0.0030604980311583533,0.0030598376941620856,0.0030598376941620856,0.0030598376941620856,0.003061158368154621,0.00011781698520767918,0.0,0.0009223987979978862,4.0,0.012574994936585426,2.666633825473436e-164,False,False
L160_gL0,160,2.0,gL,0,L160_gL0,L160_gL0_i3_t64p395,64.395,0.40246875,0.5,1.0,open,0.0,"['charge_density_wave', 'block_cell10', 'block_cell30']","[['charge_density_wave', 'block_cell10'], ['charge_density_wave', 'block_cell30'], ['block_cell10', 'block_cell30']]","[240, 280, 320, 360]",['block_cell30'],translated,new_size_mechanism,0.05,1288,charge_density_wave,block_cell30,0.04171269717750798,0.04171269562134053,0.04171269562134053,0.04171269562134053,0.04171269873367543,0.012793896233235342,0.012791246884316897,0.012796545582153785,8.0,0.04825307987630367,1.586869568741165e-161,False,False
L160_gL0,160,2.0,gL,0,L160_gL0,L160_gL0_i3_t64p395,64.395,0.40246875,0.5,1.0,open,0.0,"['charge_density_wave', 'block_cell10', 'block_cell30']","[['charge_density_wave', 'block_cell10'], ['charge_density_wave', 'block_cell30'], ['block_cell10', 'block_cell30']]","[240, 280, 320, 360]",['block_cell30'],translated,new_size_mechanism,0.05,1288,block_cell10,block_cell30,0.04171269717750798,0.03865153725318591,0.04171203528434426,0.04171203528434426,0.0417133590706717,0.012676079248027662,0.01186884808631901,0.013483310409736313,12.0,0.10799533128738403,1.5895362000584583e-161,False,False
L160_gL0,160,2.0,gL,0,L160_gL0,L160_gL0_late,112.00,0.70,0.5,1.0,open,0.0,"['charge_density_wave', 'left', 'right', 'block_cell10', 'block_cell30']","[['charge_density_wave', 'left'], ['charge_density_wave', 'right'], ['charge_density_wave', 'block_cell10'], ['charge_density_wave', 'block_cell30'], ['left', 'right'], ['block_cell10', 'block_cell30']]","[240, 280, 320, 360]","['left', 'right', 'block_cell10', 'block_cell30']",persistence,new_size_mechanism,0.05,2240,charge_density_wave,left,0.0,0.0,0.0,0.0,7.951883374634041e-35,0.0,0.0,5.0584837005815515e-31,0.0,2.6971101760864258e-06,5.56197370406413e-164,False,False
L160_gL0,160,2.0,gL,0,L160_gL0,L160_gL0_late,112.00,0.70,0.5,1.0,open,0.0,"['charge_density_wave', 'left', 'right', 'block_cell10', 'block_cell30']","[['charge_density_wave', 'left'], ['charge_density_wave', 'right'], ['charge_density_wave', 'block_cell10'], ['charge_density_wave', 'block_cell30'], ['left', 'right'], ['block_cell10', 'block_cell30']]","[240, 280, 320, 360]","['left', 'right', 'block_cell10', 'block_cell30']",persistence,new_size_mechanism,0.05,2240,charge_density_wave,right,0.0,0.0,0.0,0.0,3.964495933353895e-34,0.0,0.0,2.471007341424685e-30,0.0,1.3709068298339844e-06,5.704389288784468e-159,False,False
L160_gL0,160,2.0,gL,0,L160_gL0,L160_gL0_late,112.00,0.70,0.5,1.0,open,0.0,"['charge_density_wave', 'left', 'right', 'block_cell10', 'block_cell30']","[['charge_density_wave', 'left'], ['charge_density_wave', 'right'], ['charge_density_wave', 'block_cell10'], ['charge_density_wave', 'block_cell30'], ['left', 'right'], ['block_cell10', 'block_cell30']]","[240, 280, 320, 360]","['left', 'right', 'block_cell10', 'block_cell30']",persistence,new_size_mechanism,0.05,2240,charge_density_wave,block_cell10,0.0,0.0,0.0,0.0,3.0001675113243805e-58,0.0,0.0,3.203009251254659e-54,0.0,1.1324882507324219e-06,2.76820203113968e-215,False,False
L160_gL0,160,2.0,gL,0,L160_gL0,L160_gL0_late,112.00,0.70,0.5,1.0,open,0.0,"['charge_density_wave', 'left', 'right', 'block_cell10', 'block_cell30']","[['charge_density_wave', 'left'], ['charge_density_wave', 'right'], ['charge_density_wave', 'block_cell10'], ['charge_density_wave', 'block_cell30'], ['left', 'right'], ['block_cell10', 'block_cell30']]","[240, 280, 320, 360]","['left', 'right', 'block_cell10', 'block_cell30']",persistence,new_size_mechanism,0.05,2240,charge_density_wave,block_cell30,0.0,0.0,0.0,0.0,4.057741289754081e-57,0.0,0.0,4.2475372308068975e-53,0.0,9.98377799987793e-07,1.603917375269196e-212,False,False
L160_gL0,160,2.0,gL,0,L160_gL0,L160_gL0_late,112.00,0.70,0.5,1.0,open,0.0,"['charge_density_wave', 'left', 'right', 'block_cell10', 'block_cell30']","[['charge_density_wave', 'left'], ['charge_density_wave', 'right'], ['charge_density_wave', 'block_cell10'], ['charge_density_wave', 'block_cell30'], ['left', 'right'], ['block_cell10', 'block_cell30']]","[240, 280, 320, 360]","['left', 'right', 'block_cell10', 'block_cell30']",persistence,new_size_mechanism,0.05,2240,left,right,0.0,0.0,0.0,0.0,4.759684270817298e-34,0.0,0.0,2.97685571148284e-30,0.0,1.0505318641662598e-06,5.704444908521509e-159,False,False
L160_gL0,160,2.0,gL,0,L160_gL0,L160_gL0_late,112.00,0.70,0.5,1.0,open,0.0,"['charge_density_wave', 'left', 'right', 'block_cell10', 'block_cell30']","[['charge_density_wave', 'left'], ['charge_density_wave', 'right'], ['charge_density_wave', 'block_cell10'], ['charge_density_wave', 'block_cell30'], ['left', 'right'], ['block_cell10', 'block_cell30']]","[240, 280, 320, 360]","['left', 'right', 'block_cell10', 'block_cell30']",persistence,new_size_mechanism,0.05,2240,block_cell10,block_cell30,0.0,0.0,0.0,0.0,4.35775804088652e-57,0.0,0.0,4.567838155932364e-53,0.0,1.0207295417785645e-06,1.6011491732380564e-212,False,False
L160_gL2,160,2.0,gL,2,L160_gL2,L160_gL2_i0_t83p285,83.285,0.52053125,0.5,1.0,open,0.0125,"['charge_density_wave', 'left', 'right']","[['charge_density_wave', 'left'], ['charge_density_wave', 'right'], ['left', 'right']]","[240, 280, 320, 360]",['left'],edge,new_size_mechanism,0.05,1666,charge_density_wave,left,0.060141503069521624,0.06014148041616412,0.06014148041616412,0.06014148041616412,0.06014152572287912,0.023945626033273007,0.023911912477076303,0.023979339589469708,8.0,0.04761201702058315,6.572686174686145e-135,False,False
L160_gL2,160,2.0,gL,2,L160_gL2,L160_gL2_i0_t83p285,83.285,0.52053125,0.5,1.0,open,0.0125,"['charge_density_wave', 'left', 'right']","[['charge_density_wave', 'left'], ['charge_density_wave', 'right'], ['left', 'right']]","[240, 280, 320, 360]",['left'],edge,new_size_mechanism,0.05,1666,charge_density_wave,right,0.8674781396879581,0.867477301048759,0.867477301048759,0.867477301048759,0.8674789783271571,0.559551550372387,0.5585457546251742,0.5605573461195998,8.0,0.047795169055461884,9.71110755403411e-130,True,True
L160_gL2,160,2.0,gL,2,L160_gL2,L160_gL2_i0_t83p285,83.285,0.52053125,0.5,1.0,open,0.0125,"['charge_density_wave', 'left', 'right']","[['charge_density_wave', 'left'], ['charge_density_wave', 'right'], ['left', 'right']]","[240, 280, 320, 360]",['left'],edge,new_size_mechanism,0.05,1666,left,right,0.8674781396879581,0.8073357753258799,0.8674772783954015,0.8674772783954015,0.8674790009805147,0.535605924339114,0.5345664150357045,0.5366454336425235,16.0,0.1889420934021473,9.711151971819081e-130,True,True
L160_gL2,160,2.0,gL,2,L160_gL2,L160_gL2_i0_t83p355,83.355,0.52096875,0.5,1.0,open,0.0125,"['charge_density_wave', 'left', 'right']","[['charge_density_wave', 'left'], ['charge_density_wave', 'right'], ['left', 'right']]","[240, 280, 320, 360]",['left'],edge,new_size_mechanism,0.05,1667,charge_density_wave,left,0.049913826177847447,0.04991380747409714,0.04991380747409714,0.04991380747409714,0.04991384488159775,0.017423954204771788,0.017395831931455906,0.017452076478087674,8.0,0.047850849106907845,5.461084878152086e-135,False,False
L160_gL2,160,2.0,gL,2,L160_gL2,L160_gL2_i0_t83p355,83.355,0.52096875,0.5,1.0,open,0.0125,"['charge_density_wave', 'left', 'right']","[['charge_density_wave', 'left'], ['charge_density_wave', 'right'], ['left', 'right']]","[240, 280, 320, 360]",['left'],edge,new_size_mechanism,0.05,1667,charge_density_wave,right,0.8225010855713407,0.8225003045577564,0.8225003045577564,0.8225003045577564,0.8225018665849251,0.6294736476323367,0.6285325154600228,0.6304147798046508,8.0,0.048385558649897575,7.570988400847322e-130,True,True
L160_gL2,160,2.0,gL,2,L160_gL2,L160_gL2_i0_t83p355,83.355,0.52096875,0.5,1.0,open,0.0125,"['charge_density_wave', 'left', 'right']","[['charge_density_wave', 'left'], ['charge_density_wave', 'right'], ['left', 'right']]","[240, 280, 320, 360]",['left'],edge,new_size_mechanism,0.05,1667,left,right,0.8225010855713407,0.7725864596761587,0.822500285854006,0.822500285854006,0.8225018852886754,0.612049693427565,0.6110804389819351,0.6130189478731949,16.0,0.19022421911358833,7.57102106885614e-130,True,True
L160_gL2,160,2.0,gL,2,L160_gL2,L160_gL2_i0_t83p425,83.425,0.52140625,0.5,1.0,open,0.0125,"['charge_density_wave', 'left', 'right']","[['charge_density_wave', 'left'], ['charge_density_wave', 'right'], ['left', 'right']]","[240, 280, 320, 360]",['left'],edge,new_size_mechanism,0.05,1668,charge_density_wave,left,0.04141828183225472,0.041418266378501746,0.041418266378501746,0.041418266378501746,0.04141829728600768,0.012638253591003724,0.012614781919235214,0.012661725262772233,8.0,0.04831475205719471,4.5351006848759233e-135,False,False
L160_gL2,160,2.0,gL,2,L160_gL2,L160_gL2_i0_t83p425,83.425,0.52140625,0.5,1.0,open,0.0125,"['charge_density_wave', 'left', 'right']","[['charge_density_wave', 'left'], ['charge_density_wave', 'right'], ['left', 'right']]","[240, 280, 320, 360]",['left'],edge,new_size_mechanism,0.05,1668,charge_density_wave,right,0.7680343718980213,0.7680336573178113,0.7680336573178113,0.7680336573178113,0.7680350864782313,0.6769033650073136,0.6760372040284749,0.6777695259861524,8.0,0.048675237223505974,7.37365476828782e-130,True,True
L160_gL2,160,2.0,gL,2,L160_gL2,L160_gL2_i0_t83p425,83.425,0.52140625,0.5,1.0,open,0.0125,"['charge_density_wave', 'left', 'right']","[['charge_density_wave', 'left'], ['charge_density_wave', 'right'], ['left', 'right']]","[240, 280, 320, 360]",['left'],edge,new_size_mechanism,0.05,1668,left,right,0.7680343718980213,0.7266153600318036,0.7680336418640583,0.7680336418640583,0.7680351019319842,0.66426511141631,0.6633754787657027,0.6651547440669172,16.0,0.19153891876339912,7.373654768287472e-130,True,True
L160_gL2,160,2.0,gL,2,L160_gL2,L160_gL2_i1_t84p545,84.545,0.52840625,0.5,1.0,open,0.0125,"['charge_density_wave', 'left', 'right']","[['charge_density_wave', 'left'], ['charge_density_wave', 'right'], ['left', 'right']]","[240, 280, 320, 360]",['right'],edge,new_size_mechanism,0.05,1691,charge_density_wave,left,0.002080517737962183,0.002078789244659767,0.002078789244659767,0.002078789244659767,0.002082246231264599,5.778738638077095e-05,0.0,0.00203079467719948,4.0,0.01254662312567234,2.283788014561646e-136,False,False
L160_gL2,160,2.0,gL,2,L160_gL2,L160_gL2_i1_t84p545,84.545,0.52840625,0.5,1.0,open,0.0125,"['charge_density_wave', 'left', 'right']","[['charge_density_wave', 'left'], ['charge_density_wave', 'right'], ['left', 'right']]","[240, 280, 320, 360]",['right'],edge,new_size_mechanism,0.05,1691,charge_density_wave,right,0.05994884032965755,0.05994879888584252,0.05994879888584252,0.05994879888584252,0.059948881773472566,0.023815557040536405,0.023755881503910562,0.023875232577162248,8.0,0.04846955090761185,1.3982581920297212e-130,False,False
L160_gL2,160,2.0,gL,2,L160_gL2,L160_gL2_i1_t84p545,84.545,0.52840625,0.5,1.0,open,0.0125,"['charge_density_wave', 'left', 'right']","[['charge_density_wave', 'left'], ['charge_density_wave', 'right'], ['left', 'right']]","[240, 280, 320, 360]",['right'],edge,new_size_mechanism,0.05,1691,left,right,0.05994884032965755,0.05786655265457793,0.05994707039254011,0.05994707039254011,0.05995061026677498,0.023757769654155634,0.021725086826711083,0.02579045248160019,12.0,0.10755462385714054,1.3982581920319103e-130,False,False
L160_gL2,160,2.0,gL,2,L160_gL2,L160_gL2_i1_t84p615,84.615,0.52884375,0.5,1.0,open,0.0125,"['charge_density_wave', 'left', 'right']","[['charge_density_wave', 'left'], ['charge_density_wave', 'right'], ['left', 'right']]","[240, 280, 320, 360]",['right'],edge,new_size_mechanism,0.05,1692,charge_density_wave,left,0.0017257982693872388,0.00172436458500141,0.00172436458500141,0.00172436458500141,0.0017272319537730675,4.087566872089477e-05,0.0,0.0016988183673760367,4.0,0.012481413781642914,1.8944105213243753e-136,False,False
L160_gL2,160,2.0,gL,2,L160_gL2,L160_gL2_i1_t84p615,84.615,0.52884375,0.5,1.0,open,0.0125,"['charge_density_wave', 'left', 'right']","[['charge_density_wave', 'left'], ['charge_density_wave', 'right'], ['left', 'right']]","[240, 280, 320, 360]",['right'],edge,new_size_mechanism,0.05,1692,charge_density_wave,right,0.04974627404566404,0.04974623983238457,0.04974623983238457,0.04974623983238457,0.049746308258943515,0.017323834974957774,0.017274046026204453,0.01737362392371109,8.0,0.048204055055975914,1.1615920251767322e-130,False,False
L160_gL2,160,2.0,gL,2,L160_gL2,L160_gL2_i1_t84p615,84.615,0.52884375,0.5,1.0,open,0.0125,"['charge_density_wave', 'left', 'right']","[['charge_density_wave', 'left'], ['charge_density_wave', 'right'], ['left', 'right']]","[240, 280, 320, 360]",['right'],edge,new_size_mechanism,0.05,1692,left,right,0.04974627404566404,0.0480190078786115,0.04974480614799874,0.04974480614799874,0.04974774194332934,0.017282959306236877,0.015575227658828416,0.01899069095364534,12.0,0.10731738805770874,1.1615920251782398e-130,False,False
L160_gL2,160,2.0,gL,2,L160_gL2,L160_gL2_i1_t84p685,84.685,0.52928125,0.5,1.0,open,0.0125,"['charge_density_wave', 'left', 'right']","[['charge_density_wave', 'left'], ['charge_density_wave', 'right'], ['left', 'right']]","[240, 280, 320, 360]",['right'],edge,new_size_mechanism,0.05,1694,charge_density_wave,left,0.001431559700260757,0.001430370500681615,0.001430370500681615,0.001430370500681615,0.001432748899839899,2.8891881965988504e-05,0.0,0.001421894535181434,4.0,0.012509254738688469,1.5714228514386718e-136,False,False
L160_gL2,160,2.0,gL,2,L160_gL2,L160_gL2_i1_t84p685,84.685,0.52928125,0.5,1.0,open,0.0125,"['charge_density_wave', 'left', 'right']","[['charge_density_wave', 'left'], ['charge_density_wave', 'right'], ['left', 'right']]","[240, 280, 320, 360]",['right'],edge,new_size_mechanism,0.05,1694,charge_density_wave,right,0.04127293753207467,0.041272909267794214,0.041272909267794214,0.041272909267794214,0.041272965796355136,0.012561696094100381,0.012520132526808173,0.012603259661392587,8.0,0.048476336523890495,9.644795856591787e-131,False,False
L160_gL2,160,2.0,gL,2,L160_gL2,L160_gL2_i1_t84p685,84.685,0.52928125,0.5,1.0,open,0.0125,"['charge_density_wave', 'left', 'right']","[['charge_density_wave', 'left'], ['charge_density_wave', 'right'], ['left', 'right']]","[240, 280, 320, 360]",['right'],edge,new_size_mechanism,0.05,1694,left,right,0.04127293753207467,0.03984016036795431,0.04127172006821507,0.04127172006821507,0.04127415499593428,0.012532804212134391,0.01109823799162674,0.013967370432642045,12.0,0.10709179751574993,9.64479585660217e-131,False,False
L160_gL2,160,2.0,gL,2,L160_gL2,L160_gL2_i2_t63p005,63.005,0.39378125,0.5,1.0,open,0.0125,"['charge_density_wave', 'block_cell10', 'block_cell30']","[['charge_density_wave', 'block_cell10'], ['charge_density_wave', 'block_cell30'], ['block_cell10', 'block_cell30']]","[240, 280, 320, 360]",['block_cell10'],translated,new_size_mechanism,0.05,1260,charge_density_wave,block_cell10,0.06103467934734633,0.06103467776258743,0.06103467776258743,0.06103467776258743,0.06103468093210521,0.024552115304589128,0.02454941958742967,0.02455481102174858,8.0,0.047994185239076614,1.7547385566786366e-163,False,False
L160_gL2,160,2.0,gL,2,L160_gL2,L160_gL2_i2_t63p005,63.005,0.39378125,0.5,1.0,open,0.0125,"['charge_density_wave', 'block_cell10', 'block_cell30']","[['charge_density_wave', 'block_cell10'], ['charge_density_wave', 'block_cell30'], ['block_cell10', 'block_cell30']]","[240, 280, 320, 360]",['block_cell10'],translated,new_size_mechanism,0.05,1260,charge_density_wave,block_cell30,0.9612987585897699,0.9612986738781326,0.9612986738781326,0.9612986738781326,0.9612988433014072,0.26865198446394195,0.2685348519020091,0.2687691170258748,8.0,0.048017583787441254,9.007618860790375e-160,True,True
L160_gL2,160,2.0,gL,2,L160_gL2,L160_gL2_i2_t63p005,63.005,0.39378125,0.5,1.0,open,0.0125,"['charge_density_wave', 'block_cell10', 'block_cell30']","[['charge_density_wave', 'block_cell10'], ['charge_density_wave', 'block_cell30'], ['block_cell10', 'block_cell30']]","[240, 280, 320, 360]",['block_cell10'],translated,new_size_mechanism,0.05,1260,block_cell10,block_cell30,0.9612987585897699,0.9002639929460274,0.9612986722933737,0.9612986722933737,0.9612988448861661,0.2440998691593528,0.2439800408802605,0.24421969743844513,16.0,0.19103003479540348,9.006421722947173e-160,True,True
L160_gL2,160,2.0,gL,2,L160_gL2,L160_gL2_i2_t63p075,63.075,0.39421875,0.5,1.0,open,0.0125,"['charge_density_wave', 'block_cell10', 'block_cell30']","[['charge_density_wave', 'block_cell10'], ['charge_density_wave', 'block_cell30'], ['block_cell10', 'block_cell30']]","[240, 280, 320, 360]",['block_cell10'],translated,new_size_mechanism,0.05,1262,charge_density_wave,block_cell10,0.0506682421166621,0.050668240808147955,0.050668240808147955,0.050668240808147955,0.05066824342517624,0.017877516594597534,0.0178752707264989,0.017879762462696167,8.0,0.047994378954172134,1.4583955426520745e-163,False,False
L160_gL2,160,2.0,gL,2,L160_gL2,L160_gL2_i2_t63p075,63.075,0.39421875,0.5,1.0,open,0.0125,"['charge_density_wave', 'block_cell10', 'block_cell30']","[['charge_density_wave', 'block_cell10'], ['charge_density_wave', 'block_cell30'], ['block_cell10', 'block_cell30']]","[240, 280, 320, 360]",['block_cell10'],translated,new_size_mechanism,0.05,1262,charge_density_wave,block_cell30,0.9451832861654068,0.9451832122235406,0.9451832122235406,0.9451832122235406,0.9451833601072729,0.3394083052940582,0.3393052599886672,0.33951135059944926,8.0,0.04804151691496372,1.0403846812078986e-159,True,True
L160_gL2,160,2.0,gL,2,L160_gL2,L160_gL2_i2_t63p075,63.075,0.39421875,0.5,1.0,open,0.0125,"['charge_density_wave', 'block_cell10', 'block_cell30']","[['charge_density_wave', 'block_cell10'], ['charge_density_wave', 'block_cell30'], ['block_cell10', 'block_cell30']]","[240, 280, 320, 360]",['block_cell10'],translated,new_size_mechanism,0.05,1262,block_cell10,block_cell30,0.9451832861654068,0.8945149687983645,0.9451832109150266,0.9451832109150266,0.9451833614157871,0.32153078869946067,0.321425497525971,0.32163607987295034,16.0,0.18961045518517494,1.0402965647092406e-159,True,True
L160_gL2,160,2.0,gL,2,L160_gL2,L160_gL2_i2_t63p145,63.145,0.39465625,0.5,1.0,open,0.0125,"['charge_density_wave', 'block_cell10', 'block_cell30']","[['charge_density_wave', 'block_cell10'], ['charge_density_wave', 'block_cell30'], ['block_cell10', 'block_cell30']]","[240, 280, 320, 360]",['block_cell10'],translated,new_size_mechanism,0.05,1263,charge_density_wave,block_cell10,0.04204602737468107,0.042036609483649574,0.042036609483649574,0.042036609483649574,0.04205544526571256,0.012971020917452572,0.0034982087631446044,0.022443833071760542,4.0,0.012478809803724289,1.2114529490463623e-163,False,False
L160_gL2,160,2.0,gL,2,L160_gL2,L160_gL2_i2_t63p145,63.145,0.39465625,0.5,1.0,open,0.0125,"['charge_density_wave', 'block_cell10', 'block_cell30']","[['charge_density_wave', 'block_cell10'], ['charge_density_wave', 'block_cell30'], ['block_cell10', 'block_cell30']]","[240, 280, 320, 360]",['block_cell10'],translated,new_size_mechanism,0.05,1263,charge_density_wave,block_cell30,0.9231474386010246,0.9231473735045959,0.9231473735045959,0.9231473735045959,0.9231475036974532,0.41887207318443775,0.418780691358821,0.41896345501005444,8.0,0.0482197068631649,1.1337919673046015e-159,True,True
L160_gL2,160,2.0,gL,2,L160_gL2,L160_gL2_i2_t63p145,63.145,0.39465625,0.5,1.0,open,0.0125,"['charge_density_wave', 'block_cell10', 'block_cell30']","[['charge_density_wave', 'block_cell10'], ['charge_density_wave', 'block_cell30'], ['block_cell10', 'block_cell30']]","[240, 280, 320, 360]",['block_cell10'],translated,new_size_mechanism,0.05,1263,block_cell10,block_cell30,0.9231474386010246,0.8810919282388833,0.9231379556135644,0.9231379556135644,0.9231569215884847,0.40590105226698514,0.3963368582870605,0.41546524624690984,12.0,0.10648426227271557,1.1337279493170704e-159,True,True
L160_gL2,160,2.0,gL,2,L160_gL2,L160_gL2_i3_t64p525,64.525,0.40328125,0.5,1.0,open,0.0125,"['charge_density_wave', 'block_cell10', 'block_cell30']","[['charge_density_wave', 'block_cell10'], ['charge_density_wave', 'block_cell30'], ['block_cell10', 'block_cell30']]","[240, 280, 320, 360]",['block_cell30'],translated,new_size_mechanism,0.05,1290,charge_density_wave,block_cell10,0.0010608338083798218,0.001060600963430445,0.001060600963430445,0.001060600963430445,0.0010610666533291987,1.653998866969974e-05,0.0,0.00031966486332920906,4.0,0.012438023462891579,3.061829686536468e-165,False,False
L160_gL2,160,2.0,gL,2,L160_gL2,L160_gL2_i3_t64p525,64.525,0.40328125,0.5,1.0,open,0.0125,"['charge_density_wave', 'block_cell10', 'block_cell30']","[['charge_density_wave', 'block_cell10'], ['charge_density_wave', 'block_cell30'], ['block_cell10', 'block_cell30']]","[240, 280, 320, 360]",['block_cell30'],translated,new_size_mechanism,0.05,1290,charge_density_wave,block_cell30,0.06028087642863581,0.06028087424247493,0.06028087424247493,0.06028087424247493,0.060280878614796696,0.02403988602201631,0.024036223569621932,0.024043548474410682,8.0,0.048281410709023476,1.5428402137156402e-160,False,False
L160_gL2,160,2.0,gL,2,L160_gL2,L160_gL2_i3_t64p525,64.525,0.40328125,0.5,1.0,open,0.0125,"['charge_density_wave', 'block_cell10', 'block_cell30']","[['charge_density_wave', 'block_cell10'], ['charge_density_wave', 'block_cell30'], ['block_cell10', 'block_cell30']]","[240, 280, 320, 360]",['block_cell30'],translated,new_size_mechanism,0.05,1290,block_cell10,block_cell30,0.06028087642863581,0.05921980758914573,0.06028064139752555,0.06028064139752555,0.06028111145974607,0.024023346033346608,0.023716558706292724,0.02433013336040049,12.0,0.10723419114947319,1.5428708287508578e-160,False,False
L160_gL2,160,2.0,gL,2,L160_gL2,L160_gL2_i3_t64p595,64.595,0.40371875,0.5,1.0,open,0.0125,"['charge_density_wave', 'block_cell10', 'block_cell30']","[['charge_density_wave', 'block_cell10'], ['charge_density_wave', 'block_cell30'], ['block_cell10', 'block_cell30']]","[240, 280, 320, 360]",['block_cell30'],translated,new_size_mechanism,0.05,1292,charge_density_wave,block_cell10,0.0008801900551735088,0.0008799968568418172,0.0008799968568418172,0.0008799968568418172,0.0008803832535052002,1.1675826662827856e-05,0.0,0.00026607241079553486,4.0,0.01286563090980053,2.5404438233342266e-165,False,False
L160_gL2,160,2.0,gL,2,L160_gL2,L160_gL2_i3_t64p595,64.595,0.40371875,0.5,1.0,open,0.0125,"['charge_density_wave', 'block_cell10', 'block_cell30']","[['charge_density_wave', 'block_cell10'], ['charge_density_wave', 'block_cell30'], ['block_cell10', 'block_cell30']]","[240, 280, 320, 360]",['block_cell30'],translated,new_size_mechanism,0.05,1292,charge_density_wave,block_cell30,0.05003852106902838,0.05003851926399293,0.05003851926399293,0.05003851926399293,0.05003852287406384,0.017498609933612026,0.017495558313873696,0.01750166155335036,8.0,0.04891178384423256,1.282145964513407e-160,False,False
L160_gL2,160,2.0,gL,2,L160_gL2,L160_gL2_i3_t64p595,64.595,0.40371875,0.5,1.0,open,0.0125,"['charge_density_wave', 'block_cell10', 'block_cell30']","[['charge_density_wave', 'block_cell10'], ['charge_density_wave', 'block_cell30'], ['block_cell10', 'block_cell30']]","[240, 280, 320, 360]",['block_cell30'],translated,new_size_mechanism,0.05,1292,block_cell10,block_cell30,0.05003852106902838,0.04915813601048773,0.05003832606566124,0.05003832606566124,0.050038716072395524,0.0174869341069492,0.01722948590307816,0.017744382310820237,12.0,0.1076423991471529,1.2821713666518219e-160,False,False
L160_gL2,160,2.0,gL,2,L160_gL2,L160_gL2_i3_t64p665,64.665,0.40415625,0.5,1.0,open,0.0125,"['charge_density_wave', 'block_cell10', 'block_cell30']","[['charge_density_wave', 'block_cell10'], ['charge_density_wave', 'block_cell30'], ['block_cell10', 'block_cell30']]","[240, 280, 320, 360]",['block_cell30'],translated,new_size_mechanism,0.05,1293,charge_density_wave,block_cell10,0.0007303087807878943,0.0007301484753535502,0.0007301484753535502,0.0007301484753535502,0.0007304690862222384,8.237117435391258e-06,0.0,0.00022171502815558893,4.0,0.012540413066744804,2.1078469711512803e-165,False,False
L160_gL2,160,2.0,gL,2,L160_gL2,L160_gL2_i3_t64p665,64.665,0.40415625,0.5,1.0,open,0.0125,"['charge_density_wave', 'block_cell10', 'block_cell30']","[['charge_density_wave', 'block_cell10'], ['charge_density_wave', 'block_cell30'], ['block_cell10', 'block_cell30']]","[240, 280, 320, 360]",['block_cell30'],translated,new_size_mechanism,0.05,1293,charge_density_wave,block_cell30,0.041529228057323425,0.041529226565856205,0.041529226565856205,0.041529226565856205,0.041529229548790646,0.012696816675250047,0.012694272410494539,0.012699360940005554,8.0,0.04881267249584198,1.0649405234447275e-160,False,False
L160_gL2,160,2.0,gL,2,L160_gL2,L160_gL2_i3_t64p665,64.665,0.40415625,0.5,1.0,open,0.0125,"['charge_density_wave', 'block_cell10', 'block_cell30']","[['charge_density_wave', 'block_cell10'], ['charge_density_wave', 'block_cell30'], ['block_cell10', 'block_cell30']]","[240, 280, 320, 360]",['block_cell30'],translated,new_size_mechanism,0.05,1293,block_cell10,block_cell30,0.041529228057323425,0.04079875747963397,0.04152906626042186,0.04152906626042186,0.04152938985422499,0.012688579557814656,0.01247255738233895,0.01290460173329036,12.0,0.10764771327376366,1.0649616003006408e-160,False,False
L160_gL2,160,2.0,gL,2,L160_gL2,L160_gL2_late,112.00,0.70,0.5,1.0,open,0.0125,"['charge_density_wave', 'left', 'right', 'block_cell10', 'block_cell30']","[['charge_density_wave', 'left'], ['charge_density_wave', 'right'], ['charge_density_wave', 'block_cell10'], ['charge_density_wave', 'block_cell30'], ['left', 'right'], ['block_cell10', 'block_cell30']]","[240, 280, 320, 360]","['left', 'right', 'block_cell10', 'block_cell30']",persistence,new_size_mechanism,0.05,2240,charge_density_wave,left,0.0,0.0,0.0,0.0,3.4048171325097093e-35,0.0,0.0,2.189032848898233e-31,0.0,2.779066562652588e-06,2.3697903954534134e-164,False,False
L160_gL2,160,2.0,gL,2,L160_gL2,L160_gL2_late,112.00,0.70,0.5,1.0,open,0.0125,"['charge_density_wave', 'left', 'right', 'block_cell10', 'block_cell30']","[['charge_density_wave', 'left'], ['charge_density_wave', 'right'], ['charge_density_wave', 'block_cell10'], ['charge_density_wave', 'block_cell30'], ['left', 'right'], ['block_cell10', 'block_cell30']]","[240, 280, 320, 360]","['left', 'right', 'block_cell10', 'block_cell30']",persistence,new_size_mechanism,0.05,2240,charge_density_wave,right,0.0,0.0,0.0,0.0,9.205904778895688e-34,0.0,0.0,5.675848895473238e-30,0.0,1.3988465070724487e-06,1.3105303062897924e-158,False,False
L160_gL2,160,2.0,gL,2,L160_gL2,L160_gL2_late,112.00,0.70,0.5,1.0,open,0.0125,"['charge_density_wave', 'left', 'right', 'block_cell10', 'block_cell30']","[['charge_density_wave', 'left'], ['charge_density_wave', 'right'], ['charge_density_wave', 'block_cell10'], ['charge_density_wave', 'block_cell30'], ['left', 'right'], ['block_cell10', 'block_cell30']]","[240, 280, 320, 360]","['left', 'right', 'block_cell10', 'block_cell30']",persistence,new_size_mechanism,0.05,2240,charge_density_wave,block_cell10,0.0,0.0,0.0,0.0,1.511626914749321e-58,0.0,0.0,1.6221177591034975e-54,0.0,1.1194497346878052e-06,4.6434479631713816e-216,False,False
L160_gL2,160,2.0,gL,2,L160_gL2,L160_gL2_late,112.00,0.70,0.5,1.0,open,0.0125,"['charge_density_wave', 'left', 'right', 'block_cell10', 'block_cell30']","[['charge_density_wave', 'left'], ['charge_density_wave', 'right'], ['charge_density_wave', 'block_cell10'], ['charge_density_wave', 'block_cell30'], ['left', 'right'], ['block_cell10', 'block_cell30']]","[240, 280, 320, 360]","['left', 'right', 'block_cell10', 'block_cell30']",persistence,new_size_mechanism,0.05,2240,charge_density_wave,block_cell30,0.0,0.0,0.0,0.0,8.111272419856162e-57,0.0,0.0,8.445722604506679e-53,0.0,1.0486692190170288e-06,2.151797370027237e-211,False,False
L160_gL2,160,2.0,gL,2,L160_gL2,L160_gL2_late,112.00,0.70,0.5,1.0,open,0.0125,"['charge_density_wave', 'left', 'right', 'block_cell10', 'block_cell30']","[['charge_density_wave', 'left'], ['charge_density_wave', 'right'], ['charge_density_wave', 'block_cell10'], ['charge_density_wave', 'block_cell30'], ['left', 'right'], ['block_cell10', 'block_cell30']]","[240, 280, 320, 360]","['left', 'right', 'block_cell10', 'block_cell30']",persistence,new_size_mechanism,0.05,2240,left,right,0.0,0.0,0.0,0.0,9.54638649214666e-34,0.0,0.0,5.8947521803630616e-30,0.0,9.611248970031738e-07,1.310532676080188e-158,False,False
L160_gL2,160,2.0,gL,2,L160_gL2,L160_gL2_late,112.00,0.70,0.5,1.0,open,0.0125,"['charge_density_wave', 'left', 'right', 'block_cell10', 'block_cell30']","[['charge_density_wave', 'left'], ['charge_density_wave', 'right'], ['charge_density_wave', 'block_cell10'], ['charge_density_wave', 'block_cell30'], ['left', 'right'], ['block_cell10', 'block_cell30']]","[240, 280, 320, 360]","['left', 'right', 'block_cell10', 'block_cell30']",persistence,new_size_mechanism,0.05,2240,block_cell10,block_cell30,0.0,0.0,0.0,0.0,8.262435111331094e-57,0.0,0.0,8.607934380417028e-53,0.0,1.041218638420105e-06,2.1517509355476053e-211,False,False
L160_gL4,160,2.0,gL,4,L160_gL4,L160_gL4_i0_t82p955,82.955,0.51846875,0.5,1.0,open,0.025,"['charge_density_wave', 'left', 'right']","[['charge_density_wave', 'left'], ['charge_density_wave', 'right'], ['left', 'right']]","[240, 280, 320, 360]",['left'],edge,new_size_mechanism,0.05,1659,charge_density_wave,left,0.06045854193891176,0.060458518952258504,0.060458518952258504,0.060458518952258504,0.06045856492556502,0.024160246210963736,0.024126063490672197,0.024194428931255278,8.0,0.04951190575957298,6.38876761615634e-135,False,False
L160_gL4,160,2.0,gL,4,L160_gL4,L160_gL4_i0_t82p955,82.955,0.51846875,0.5,1.0,open,0.025,"['charge_density_wave', 'left', 'right']","[['charge_density_wave', 'left'], ['charge_density_wave', 'right'], ['left', 'right']]","[240, 280, 320, 360]",['left'],edge,new_size_mechanism,0.05,1659,charge_density_wave,right,0.9951421085842512,0.9951408227161497,0.9951408227161497,0.9951408227161497,0.9951433944523529,0.054582659970565696,0.05308446152441178,0.056080858416719614,8.0,0.04971803352236748,2.097681183255478e-130,True,False
L160_gL4,160,2.0,gL,4,L160_gL4,L160_gL4_i0_t82p955,82.955,0.51846875,0.5,1.0,open,0.025,"['charge_density_wave', 'left', 'right']","[['charge_density_wave', 'left'], ['charge_density_wave', 'right'], ['left', 'right']]","[240, 280, 320, 360]",['left'],edge,new_size_mechanism,0.05,1659,left,right,0.9951421085842512,0.9346822577905847,0.9951407997294964,0.9951407997294964,0.9951434174390061,0.030422413759601957,0.0288900325931565,0.031954794926047414,16.0,0.20111874863505363,2.0977245041918027e-130,True,False
L160_gL4,160,2.0,gL,4,L160_gL4,L160_gL4_i0_t83p025,83.025,0.51890625,0.5,1.0,open,0.025,"['charge_density_wave', 'left', 'right']","[['charge_density_wave', 'left'], ['charge_density_wave', 'right'], ['left', 'right']]","[240, 280, 320, 360]",['left'],edge,new_size_mechanism,0.05,1660,charge_density_wave,left,0.05018108194319222,0.05018106296333957,0.05018106296333957,0.05018106296333957,0.050181100923044876,0.017584113618493775,0.017555598458235504,0.017612628778752044,8.0,0.04948456026613712,5.3087701040637265e-135,False,False
L160_gL4,160,2.0,gL,4,L160_gL4,L160_gL4_i0_t83p025,83.025,0.51890625,0.5,1.0,open,0.025,"['charge_density_wave', 'left', 'right']","[['charge_density_wave', 'left'], ['charge_density_wave', 'right'], ['left', 'right']]","[240, 280, 320, 360]",['left'],edge,new_size_mechanism,0.05,1660,charge_density_wave,right,0.9929586454461655,0.9929574505939793,0.9929574505939793,0.9929574505939793,0.9929598402983516,0.07380450756870155,0.07240533685585465,0.07520367828154846,8.0,0.049954360350966454,2.774471990086819e-130,True,False
L160_gL4,160,2.0,gL,4,L160_gL4,L160_gL4_i0_t83p025,83.025,0.51890625,0.5,1.0,open,0.025,"['charge_density_wave', 'left', 'right']","[['charge_density_wave', 'left'], ['charge_density_wave', 'right'], ['left', 'right']]","[240, 280, 320, 360]",['left'],edge,new_size_mechanism,0.05,1660,left,right,0.9929586454461655,0.9427763496709345,0.9929574316141268,0.9929574316141268,0.9929598592782043,0.05622039395020778,0.0547927080771026,0.05764807982331296,16.0,0.19810364209115505,2.7745038599388693e-130,True,False
L160_gL4,160,2.0,gL,4,L160_gL4,L160_gL4_i0_t83p095,83.095,0.51934375,0.5,1.0,open,0.025,"['charge_density_wave', 'left', 'right']","[['charge_density_wave', 'left'], ['charge_density_wave', 'right'], ['left', 'right']]","[240, 280, 320, 360]",['left'],edge,new_size_mechanism,0.05,1662,charge_density_wave,left,0.04164340576721352,0.041643390084534423,0.041643390084534423,0.041643390084534423,0.04164342144989262,0.012757197338188697,0.012733396414906397,0.012780998261470998,8.0,0.050486983731389046,4.409003583379512e-135,False,False
L160_gL4,160,2.0,gL,4,L160_gL4,L160_gL4_i0_t83p095,83.095,0.51934375,0.5,1.0,open,0.025,"['charge_density_wave', 'left', 'right']","[['charge_density_wave', 'left'], ['charge_density_wave', 'right'], ['left', 'right']]","[240, 280, 320, 360]",['left'],edge,new_size_mechanism,0.05,1662,charge_density_wave,right,0.9898088755923689,0.9898077491794572,0.9898077491794572,0.9898077491794572,0.9898100020052806,0.09912078943310022,0.09779644578345356,0.10044513308274687,8.0,0.050637563690543175,3.6278380350308496e-130,True,False
L160_gL4,160,2.0,gL,4,L160_gL4,L160_gL4_i0_t83p095,83.095,0.51934375,0.5,1.0,open,0.025,"['charge_density_wave', 'left', 'right']","[['charge_density_wave', 'left'], ['charge_density_wave', 'right'], ['left', 'right']]","[240, 280, 320, 360]",['left'],edge,new_size_mechanism,0.05,1662,left,right,0.9898088755923689,0.9481643277295646,0.9898077334967781,0.9898077334967781,0.9898100176879596,0.08636359209491153,0.08501544752198256,0.08771173666784048,16.0,0.19876480847597122,3.627861372644994e-130,True,False
L160_gL4,160,2.0,gL,4,L160_gL4,L160_gL4_i1_t84p865,84.865,0.53040625,0.5,1.0,open,0.025,"['charge_density_wave', 'left', 'right']","[['charge_density_wave', 'left'], ['charge_density_wave', 'right'], ['left', 'right']]","[240, 280, 320, 360]",['right'],edge,new_size_mechanism,0.05,1697,charge_density_wave,left,0.0003694634655919587,0.00036915516724579287,0.00036915516724579287,0.00036915516724579287,0.00036977176393812453,2.2941988793664847e-06,0.0,0.0003967236473797626,4.0,0.012736648321151733,3.921562063083984e-137,False,False
L160_gL4,160,2.0,gL,4,L160_gL4,L160_gL4_i1_t84p865,84.865,0.53040625,0.5,1.0,open,0.025,"['charge_density_wave', 'left', 'right']","[['charge_density_wave', 'left'], ['charge_density_wave', 'right'], ['left', 'right']]","[240, 280, 320, 360]",['right'],edge,new_size_mechanism,0.05,1697,charge_density_wave,right,0.06100378284278231,0.06100374101674414,0.06100374101674414,0.06100374101674414,0.061003824668820476,0.02453103987675116,0.024470844690023943,0.024591235063478375,8.0,0.04944516345858574,1.4227538672682829e-130,False,False
L160_gL4,160,2.0,gL,4,L160_gL4,L160_gL4_i1_t84p865,84.865,0.53040625,0.5,1.0,open,0.025,"['charge_density_wave', 'left', 'right']","[['charge_density_wave', 'left'], ['charge_density_wave', 'right'], ['left', 'right']]","[240, 280, 320, 360]",['right'],edge,new_size_mechanism,0.05,1697,left,right,0.06100378284278231,0.06063396925280602,0.061003432718397976,0.061003432718397976,0.06100413296716664,0.02452874567787179,0.02407412104264418,0.024983370313099405,12.0,0.11030810885131359,1.4227538672683504e-130,False,False
L160_gL4,160,2.0,gL,4,L160_gL4,L160_gL4_i1_t84p935,84.935,0.53084375,0.5,1.0,open,0.025,"['charge_density_wave', 'left', 'right']","[['charge_density_wave', 'left'], ['charge_density_wave', 'right'], ['left', 'right']]","[240, 280, 320, 360]",['right'],edge,new_size_mechanism,0.05,1699,charge_density_wave,left,0.00029728444728971344,0.0002878063381734537,0.0002878063381734537,0.0002878063381734537,0.0003067625564059732,1.5237825924610278e-06,0.0,0.009530072349557038,2.0,0.0036803148686885834,3.2532729871234264e-137,False,False
L160_gL4,160,2.0,gL,4,L160_gL4,L160_gL4_i1_t84p935,84.935,0.53084375,0.5,1.0,open,0.025,"['charge_density_wave', 'left', 'right']","[['charge_density_wave', 'left'], ['charge_density_wave', 'right'], ['left', 'right']]","[240, 280, 320, 360]",['right'],edge,new_size_mechanism,0.05,1699,charge_density_wave,right,0.05061942599588063,0.05061939147155404,0.05061939147155404,0.05061939147155404,0.050619460520207216,0.017848031026113247,0.017797814421916695,0.017898247630309803,8.0,0.0494912751019001,1.1819365313927694e-130,False,False
L160_gL4,160,2.0,gL,4,L160_gL4,L160_gL4_i1_t84p935,84.935,0.53084375,0.5,1.0,open,0.025,"['charge_density_wave', 'left', 'right']","[['charge_density_wave', 'left'], ['charge_density_wave', 'right'], ['left', 'right']]","[240, 280, 320, 360]",['right'],edge,new_size_mechanism,0.05,1699,left,right,0.05061942599588063,0.05031262891514807,0.05060991336243778,0.05060991336243778,0.05062893862932348,0.017846507243520788,0.008267742072359655,0.027425272414681918,10.0,0.07710602879524231,1.1819365313949885e-130,False,False
L160_gL4,160,2.0,gL,4,L160_gL4,L160_gL4_i1_t85p005,85.005,0.53128125,0.5,1.0,open,0.025,"['charge_density_wave', 'left', 'right']","[['charge_density_wave', 'left'], ['charge_density_wave', 'right'], ['left', 'right']]","[240, 280, 320, 360]",['right'],edge,new_size_mechanism,0.05,1700,charge_density_wave,left,0.0002466221267114231,0.00023875901180447846,0.00023875901180447846,0.00023875901180447846,0.00025448524161836766,1.0714065081769487e-06,0.0,0.008023539445214532,2.0,0.0036665163934230804,2.6988576611252406e-137,False,False
L160_gL4,160,2.0,gL,4,L160_gL4,L160_gL4_i1_t85p005,85.005,0.53128125,0.5,1.0,open,0.025,"['charge_density_wave', 'left', 'right']","[['charge_density_wave', 'left'], ['charge_density_wave', 'right'], ['left', 'right']]","[240, 280, 320, 360]",['right'],edge,new_size_mechanism,0.05,1700,charge_density_wave,right,0.041995232478327885,0.041995203960578244,0.041995203960578244,0.041995203960578244,0.04199526099607753,0.01294396720278459,0.012902051268787067,0.012985883136782114,8.0,0.04982234537601471,9.813490486697616e-131,False,False
L160_gL4,160,2.0,gL,4,L160_gL4,L160_gL4_i1_t85p005,85.005,0.53128125,0.5,1.0,open,0.025,"['charge_density_wave', 'left', 'right']","[['charge_density_wave', 'left'], ['charge_density_wave', 'right'], ['left', 'right']]","[240, 280, 320, 360]",['right'],edge,new_size_mechanism,0.05,1700,left,right,0.041995232478327885,0.041740718718959874,0.041987340845671295,0.041987340845671295,0.04200312411098448,0.012942895796276412,0.004878511823572534,0.02100727976898029,10.0,0.07649602554738522,9.813490486713596e-131,False,False
L160_gL4,160,2.0,gL,4,L160_gL4,L160_gL4_i2_t62p745,62.745,0.39215625,0.5,1.0,open,0.025,"['charge_density_wave', 'block_cell10', 'block_cell30']","[['charge_density_wave', 'block_cell10'], ['charge_density_wave', 'block_cell30'], ['block_cell10', 'block_cell30']]","[240, 280, 320, 360]",['block_cell10'],translated,new_size_mechanism,0.05,1255,charge_density_wave,block_cell10,0.06004335685281217,0.06004335523571818,0.06004335523571818,0.06004335523571818,0.06004335846990615,0.023879333035225766,0.023876584928232473,0.023882081142219062,8.0,0.048824312165379524,1.396367056092649e-163,False,False
L160_gL4,160,2.0,gL,4,L160_gL4,L160_gL4_i2_t62p745,62.745,0.39215625,0.5,1.0,open,0.025,"['charge_density_wave', 'block_cell10', 'block_cell30']","[['charge_density_wave', 'block_cell10'], ['charge_density_wave', 'block_cell30'], ['block_cell10', 'block_cell30']]","[240, 280, 320, 360]",['block_cell10'],translated,new_size_mechanism,0.05,1255,charge_density_wave,block_cell30,0.9975850508869295,0.997584763844798,0.997584763844798,0.997584763844798,0.997585337929061,0.030551679700086893,0.03018280445886525,0.030920554941308537,8.0,0.049262167885899544,6.150282791345781e-161,True,False
L160_gL4,160,2.0,gL,4,L160_gL4,L160_gL4_i2_t62p745,62.745,0.39215625,0.5,1.0,open,0.025,"['charge_density_wave', 'block_cell10', 'block_cell30']","[['charge_density_wave', 'block_cell10'], ['charge_density_wave', 'block_cell30'], ['block_cell10', 'block_cell30']]","[240, 280, 320, 360]",['block_cell10'],translated,new_size_mechanism,0.05,1255,block_cell10,block_cell30,0.9975850508869295,0.9375414053748918,0.997584762227704,0.997584762227704,0.997585339546155,0.006672346664861126,0.006300723316646188,0.007043970013076065,16.0,0.19505620934069157,6.140855945058718e-161,True,False
L160_gL4,160,2.0,gL,4,L160_gL4,L160_gL4_i2_t62p815,62.815,0.39259375,0.5,1.0,open,0.025,"['charge_density_wave', 'block_cell10', 'block_cell30']","[['charge_density_wave', 'block_cell10'], ['charge_density_wave', 'block_cell30'], ['block_cell10', 'block_cell30']]","[240, 280, 320, 360]",['block_cell10'],translated,new_size_mechanism,0.05,1256,charge_density_wave,block_cell10,0.049846641759753854,0.049846640424391436,0.049846640424391436,0.049846640424391436,0.049846643095116265,0.017383782042371437,0.01738149226298972,0.017386071821753158,8.0,0.0485538225620985,1.1605346997330411e-163,False,False
L160_gL4,160,2.0,gL,4,L160_gL4,L160_gL4_i2_t62p815,62.815,0.39259375,0.5,1.0,open,0.025,"['charge_density_wave', 'block_cell10', 'block_cell30']","[['charge_density_wave', 'block_cell10'], ['charge_density_wave', 'block_cell30'], ['block_cell10', 'block_cell30']]","[240, 280, 320, 360]",['block_cell10'],translated,new_size_mechanism,0.05,1256,charge_density_wave,block_cell30,0.9964963018939241,0.9964960625513148,0.9964960625513148,0.9964960625513148,0.9964965412365334,0.04168911205231316,0.041378055318848556,0.042000168785777774,8.0,0.04933755286037922,8.274570688546758e-161,True,False
L160_gL4,160,2.0,gL,4,L160_gL4,L160_gL4_i2_t62p815,62.815,0.39259375,0.5,1.0,open,0.025,"['charge_density_wave', 'block_cell10', 'block_cell30']","[['charge_density_wave', 'block_cell10'], ['charge_density_wave', 'block_cell30'], ['block_cell10', 'block_cell30']]","[240, 280, 320, 360]",['block_cell10'],translated,new_size_mechanism,0.05,1256,block_cell10,block_cell30,0.9964963018939241,0.9466494194561986,0.9964960612159525,0.9964960612159525,0.9964965425718959,0.024305330009941725,0.023991983497095394,0.024618676522788055,16.0,0.19451475329697132,8.267634495701083e-161,True,False
L160_gL4,160,2.0,gL,4,L160_gL4,L160_gL4_i2_t62p885,62.885,0.39303125,0.5,1.0,open,0.025,"['charge_density_wave', 'block_cell10', 'block_cell30']","[['charge_density_wave', 'block_cell10'], ['charge_density_wave', 'block_cell30'], ['block_cell10', 'block_cell30']]","[240, 280, 320, 360]",['block_cell10'],translated,new_size_mechanism,0.05,1258,charge_density_wave,block_cell10,0.041365447975098384,0.04135601830604597,0.04135601830604597,0.04135601830604597,0.041374877644150806,0.012610403074224825,0.003126687049653193,0.02209411909879646,4.0,0.01278868317604065,9.640346514111075e-164,False,False
L160_gL4,160,2.0,gL,4,L160_gL4,L160_gL4_i2_t62p885,62.885,0.39303125,0.5,1.0,open,0.025,"['charge_density_wave', 'block_cell10', 'block_cell30']","[['charge_density_wave', 'block_cell10'], ['charge_density_wave', 'block_cell30'], ['block_cell10', 'block_cell30']]","[240, 280, 320, 360]",['block_cell10'],translated,new_size_mechanism,0.05,1258,charge_density_wave,block_cell30,0.9949204754738538,0.9949202754338862,0.9949202754338862,0.9949202754338862,0.9949206755138215,0.05661638838248267,0.05635353988898048,0.056879236875984854,8.0,0.0500068049877882,1.1047458438616386e-160,True,False
L160_gL4,160,2.0,gL,4,L160_gL4,L160_gL4_i2_t62p885,62.885,0.39303125,0.5,1.0,open,0.025,"['charge_density_wave', 'block_cell10', 'block_cell30']","[['charge_density_wave', 'block_cell10'], ['charge_density_wave', 'block_cell30'], ['block_cell10', 'block_cell30']]","[240, 280, 320, 360]",['block_cell10'],translated,new_size_mechanism,0.05,1258,block_cell10,block_cell30,0.9949204754738538,0.9535453977897353,0.9949108457648337,0.9949108457648337,0.9949301051828738,0.04400598530825784,0.03425942079018402,0.05375254982633166,12.0,0.1112986970692873,1.1042421306174016e-160,True,False
L160_gL4,160,2.0,gL,4,L160_gL4,L160_gL4_i3_t64p795,64.795,0.40496875,0.5,1.0,open,0.025,"['charge_density_wave', 'block_cell10', 'block_cell30']","[['charge_density_wave', 'block_cell10'], ['charge_density_wave', 'block_cell30'], ['block_cell10', 'block_cell30']]","[240, 280, 320, 360]",['block_cell30'],translated,new_size_mechanism,0.05,1296,charge_density_wave,block_cell10,0.00025029382658585424,0.00024623952854276466,0.00024623952854276466,0.00024623952854276466,0.0002543481246289438,1.1016944743335447e-06,0.0,0.0043524114390321705,2.0,0.003774866461753845,5.935773371015736e-166,False,False
L160_gL4,160,2.0,gL,4,L160_gL4,L160_gL4_i3_t64p795,64.795,0.40496875,0.5,1.0,open,0.025,"['charge_density_wave', 'block_cell10', 'block_cell30']","[['charge_density_wave', 'block_cell10'], ['charge_density_wave', 'block_cell30'], ['block_cell10', 'block_cell30']]","[240, 280, 320, 360]",['block_cell30'],translated,new_size_mechanism,0.05,1296,charge_density_wave,block_cell30,0.06024707714760007,0.060247075042938025,0.060247075042938025,0.060247075042938025,0.0602470792522621,0.024017014281296805,0.024013481966225946,0.024020546596367664,8.0,0.04985028691589832,7.213749480407973e-161,False,False
L160_gL4,160,2.0,gL,4,L160_gL4,L160_gL4_i3_t64p795,64.795,0.40496875,0.5,1.0,open,0.025,"['charge_density_wave', 'block_cell10', 'block_cell30']","[['charge_density_wave', 'block_cell10'], ['charge_density_wave', 'block_cell30'], ['block_cell10', 'block_cell30']]","[240, 280, 320, 360]",['block_cell30'],translated,new_size_mechanism,0.05,1296,block_cell10,block_cell30,0.06024707714760007,0.059992726918309085,0.06024302074489494,0.06024302074489494,0.060251133550305196,0.024015912586822473,0.019661070527193777,0.028370754646451165,10.0,0.07750322669744492,7.21380882346004e-161,False,False
L160_gL4,160,2.0,gL,4,L160_gL4,L160_gL4_i3_t64p865,64.865,0.40540625,0.5,1.0,open,0.025,"['charge_density_wave', 'block_cell10', 'block_cell30']","[['charge_density_wave', 'block_cell10'], ['charge_density_wave', 'block_cell30'], ['block_cell10', 'block_cell30']]","[240, 280, 320, 360]",['block_cell30'],translated,new_size_mechanism,0.05,1297,charge_density_wave,block_cell10,0.0002076853892525124,0.0002043211565544417,0.0002043211565544417,0.0002043211565544417,0.00021104962195058307,7.746283204418377e-07,0.0,0.0036616812349536685,2.0,0.003667457029223442,4.925302859934185e-166,False,False
L160_gL4,160,2.0,gL,4,L160_gL4,L160_gL4_i3_t64p865,64.865,0.40540625,0.5,1.0,open,0.025,"['charge_density_wave', 'block_cell10', 'block_cell30']","[['charge_density_wave', 'block_cell10'], ['charge_density_wave', 'block_cell30'], ['block_cell10', 'block_cell30']]","[240, 280, 320, 360]",['block_cell30'],translated,new_size_mechanism,0.05,1297,charge_density_wave,block_cell30,0.0500090837506231,0.05000908201291895,0.05000908201291895,0.05000908201291895,0.05000908548832726,0.017480974441036586,0.01747803136782378,0.017483917514249395,8.0,0.04905722849071026,5.9946668162840554e-161,False,False
L160_gL4,160,2.0,gL,4,L160_gL4,L160_gL4_i3_t64p865,64.865,0.40540625,0.5,1.0,open,0.025,"['charge_density_wave', 'block_cell10', 'block_cell30']","[['charge_density_wave', 'block_cell10'], ['charge_density_wave', 'block_cell30'], ['block_cell10', 'block_cell30']]","[240, 280, 320, 360]",['block_cell30'],translated,new_size_mechanism,0.05,1297,block_cell10,block_cell30,0.0500090837506231,0.04979803239096837,0.05000571778022088,0.05000571778022088,0.05001244972102533,0.017480199812716143,0.013816350132870109,0.02114404949256218,10.0,0.07645261473953724,5.994716058960425e-161,False,False
L160_gL4,160,2.0,gL,4,L160_gL4,L160_gL4_i3_t64p935,64.935,0.40584375,0.5,1.0,open,0.025,"['charge_density_wave', 'block_cell10', 'block_cell30']","[['charge_density_wave', 'block_cell10'], ['charge_density_wave', 'block_cell30'], ['block_cell10', 'block_cell30']]","[240, 280, 320, 360]",['block_cell30'],translated,new_size_mechanism,0.05,1299,charge_density_wave,block_cell10,0.00017233072262696112,0.00016953908454417203,0.00016953908454417203,0.00016953908454417203,0.0001751223607097502,5.444271479217963e-07,0.0,0.003080029566021674,2.0,0.0036923252046108246,4.0868580530379256e-166,False,False
L160_gL4,160,2.0,gL,4,L160_gL4,L160_gL4_i3_t64p935,64.935,0.40584375,0.5,1.0,open,0.025,"['charge_density_wave', 'block_cell10', 'block_cell30']","[['charge_density_wave', 'block_cell10'], ['charge_density_wave', 'block_cell30'], ['block_cell10', 'block_cell30']]","[240, 280, 320, 360]",['block_cell30'],translated,new_size_mechanism,0.05,1299,charge_density_wave,block_cell30,0.0415036573529333,0.041503655917134785,0.041503655917134785,0.041503655917134785,0.04150365878873182,0.012683309643425029,0.012680855973487982,0.012685763313362075,8.0,0.04966581054031849,4.978982647473232e-161,False,False
L160_gL4,160,2.0,gL,4,L160_gL4,L160_gL4_i3_t64p935,64.935,0.40584375,0.5,1.0,open,0.025,"['charge_density_wave', 'block_cell10', 'block_cell30']","[['charge_density_wave', 'block_cell10'], ['charge_density_wave', 'block_cell30'], ['block_cell10', 'block_cell30']]","[240, 280, 320, 360]",['block_cell30'],translated,new_size_mechanism,0.05,1299,block_cell10,block_cell30,0.0415036573529333,0.04132853355642503,0.041500864279051995,0.041500864279051995,0.04150645042681461,0.012682765216277108,0.009600826407466309,0.015764704025087905,10.0,0.07730499655008316,4.979023508789582e-161,False,False
L160_gL4,160,2.0,gL,4,L160_gL4,L160_gL4_late,112.00,0.70,0.5,1.0,open,0.025,"['charge_density_wave', 'left', 'right', 'block_cell10', 'block_cell30']","[['charge_density_wave', 'left'], ['charge_density_wave', 'right'], ['charge_density_wave', 'block_cell10'], ['charge_density_wave', 'block_cell30'], ['left', 'right'], ['block_cell10', 'block_cell30']]","[240, 280, 320, 360]","['left', 'right', 'block_cell10', 'block_cell30']",persistence,new_size_mechanism,0.05,2240,charge_density_wave,left,0.0,0.0,0.0,0.0,1.4647426166976576e-35,0.0,0.0,9.515999066413951e-32,0.0,2.7585774660110474e-06,9.962736481066184e-165,False,False
L160_gL4,160,2.0,gL,4,L160_gL4,L160_gL4_late,112.00,0.70,0.5,1.0,open,0.025,"['charge_density_wave', 'left', 'right', 'block_cell10', 'block_cell30']","[['charge_density_wave', 'left'], ['charge_density_wave', 'right'], ['charge_density_wave', 'block_cell10'], ['charge_density_wave', 'block_cell30'], ['left', 'right'], ['block_cell10', 'block_cell30']]","[240, 280, 320, 360]","['left', 'right', 'block_cell10', 'block_cell30']",persistence,new_size_mechanism,0.05,2240,charge_density_wave,right,0.0,0.0,0.0,0.0,2.1469748616298685e-33,0.0,0.0,1.3091608314657337e-29,0.0,1.339241862297058e-06,3.0225015180863914e-158,False,False
L160_gL4,160,2.0,gL,4,L160_gL4,L160_gL4_late,112.00,0.70,0.5,1.0,open,0.025,"['charge_density_wave', 'left', 'right', 'block_cell10', 'block_cell30']","[['charge_density_wave', 'left'], ['charge_density_wave', 'right'], ['charge_density_wave', 'block_cell10'], ['charge_density_wave', 'block_cell30'], ['left', 'right'], ['block_cell10', 'block_cell30']]","[240, 280, 320, 360]","['left', 'right', 'block_cell10', 'block_cell30']",persistence,new_size_mechanism,0.05,2240,charge_density_wave,block_cell10,0.0,0.0,0.0,0.0,7.6794602874627575e-59,0.0,0.0,8.28238830525054e-55,0.0,1.0188668966293335e-06,1.9180035147807934e-216,False,False
L160_gL4,160,2.0,gL,4,L160_gL4,L160_gL4_late,112.00,0.70,0.5,1.0,open,0.025,"['charge_density_wave', 'left', 'right', 'block_cell10', 'block_cell30']","[['charge_density_wave', 'left'], ['charge_density_wave', 'right'], ['charge_density_wave', 'block_cell10'], ['charge_density_wave', 'block_cell30'], ['left', 'right'], ['block_cell10', 'block_cell30']]","[240, 280, 320, 360]","['left', 'right', 'block_cell10', 'block_cell30']",persistence,new_size_mechanism,0.05,2240,charge_density_wave,block_cell30,0.0,0.0,0.0,0.0,1.6345264176279546e-56,0.0,0.0,1.6927601754114046e-52,0.0,1.1585652828216553e-06,2.017481687862343e-211,False,False
L160_gL4,160,2.0,gL,4,L160_gL4,L160_gL4_late,112.00,0.70,0.5,1.0,open,0.025,"['charge_density_wave', 'left', 'right', 'block_cell10', 'block_cell30']","[['charge_density_wave', 'left'], ['charge_density_wave', 'right'], ['charge_density_wave', 'block_cell10'], ['charge_density_wave', 'block_cell30'], ['left', 'right'], ['block_cell10', 'block_cell30']]","[240, 280, 320, 360]","['left', 'right', 'block_cell10', 'block_cell30']",persistence,new_size_mechanism,0.05,2240,left,right,0.0,0.0,0.0,0.0,2.161622287796845e-33,0.0,0.0,1.3186768305321478e-29,0.0,1.000240445137024e-06,3.0225025143600396e-158,False,False
L160_gL4,160,2.0,gL,4,L160_gL4,L160_gL4_late,112.00,0.70,0.5,1.0,open,0.025,"['charge_density_wave', 'left', 'right', 'block_cell10', 'block_cell30']","[['charge_density_wave', 'left'], ['charge_density_wave', 'right'], ['charge_density_wave', 'block_cell10'], ['charge_density_wave', 'block_cell30'], ['left', 'right'], ['block_cell10', 'block_cell30']]","[240, 280, 320, 360]","['left', 'right', 'block_cell10', 'block_cell30']",persistence,new_size_mechanism,0.05,2240,block_cell10,block_cell30,0.0,0.0,0.0,0.0,1.6422058779154173e-56,0.0,0.0,1.7010425637166553e-52,0.0,8.810311555862427e-07,2.017462507827195e-211,False,False
L160_g0p25,160,2.0,g,0.25,L160_g0p25,L160_g0p25_i0_t77p215,77.215,0.48259375,0.5,1.0,open,0.25,"['charge_density_wave', 'left', 'right']","[['charge_density_wave', 'left'], ['charge_density_wave', 'right'], ['left', 'right']]","[240, 280, 320, 360]",['left'],edge,new_size_mechanism,0.05,1544,charge_density_wave,left,0.060270969798130423,0.06027093890124467,0.06027093890124467,0.06027093890124467,0.060271000695016175,0.024033181587083768,0.02398796681152444,0.02407839636264309,8.0,0.052401935681700706,6.697759434551077e-135,False,False
L160_g0p25,160,2.0,g,0.25,L160_g0p25,L160_g0p25_i0_t77p215,77.215,0.48259375,0.5,1.0,open,0.25,"['charge_density_wave', 'left', 'right']","[['charge_density_wave', 'left'], ['charge_density_wave', 'right'], ['left', 'right']]","[240, 280, 320, 360]",['left'],edge,new_size_mechanism,0.05,1544,charge_density_wave,right,1.0,0.9999999999970863,0.9999999999970863,0.9999999999970863,1.0,0.12442642695878525,0.12442642053443044,0.12442643338314008,24.0,0.4738959074020386,1.8686262369613532e-134,True,True
L160_g0p25,160,2.0,g,0.25,L160_g0p25,L160_g0p25_i0_t77p215,77.215,0.48259375,0.5,1.0,open,0.25,"['charge_density_wave', 'left', 'right']","[['charge_density_wave', 'left'], ['charge_density_wave', 'right'], ['left', 'right']]","[240, 280, 320, 360]",['left'],edge,new_size_mechanism,0.05,1544,left,right,1.0,0.9397289993020702,0.9999999691002006,0.9999999691002006,1.0,0.1003932453717015,0.10034802417178736,0.10043846657161563,32.0,0.8565186504274607,2.321906424728682e-134,True,True
L160_g0p25,160,2.0,g,0.25,L160_g0p25,L160_g0p25_i0_t77p285,77.285,0.48303125,0.5,1.0,open,0.25,"['charge_density_wave', 'left', 'right']","[['charge_density_wave', 'left'], ['charge_density_wave', 'right'], ['left', 'right']]","[240, 280, 320, 360]",['left'],edge,new_size_mechanism,0.05,1546,charge_density_wave,left,0.05013986710976366,0.050139841545393485,0.050139841545393485,0.050139841545393485,0.05013989267413384,0.01755937778958398,0.017521579198961464,0.017597176380206494,8.0,0.052241962403059006,5.578161283157817e-135,False,False
L160_g0p25,160,2.0,g,0.25,L160_g0p25,L160_g0p25_i0_t77p285,77.285,0.48303125,0.5,1.0,open,0.25,"['charge_density_wave', 'left', 'right']","[['charge_density_wave', 'left'], ['charge_density_wave', 'right'], ['left', 'right']]","[240, 280, 320, 360]",['left'],edge,new_size_mechanism,0.05,1546,charge_density_wave,right,1.0,0.9999999999974026,0.9999999999974026,0.9999999999974026,1.0,0.16712566574870766,0.16712565999792472,0.1671256714994906,24.0,0.47402473352849483,2.408808971623733e-134,True,True
L160_g0p25,160,2.0,g,0.25,L160_g0p25,L160_g0p25_i0_t77p285,77.285,0.48303125,0.5,1.0,open,0.25,"['charge_density_wave', 'left', 'right']","[['charge_density_wave', 'left'], ['charge_density_wave', 'right'], ['left', 'right']]","[240, 280, 320, 360]",['left'],edge,new_size_mechanism,0.05,1546,left,right,1.0,0.9498601073232689,0.9999999744330325,0.9999999744330325,1.0,0.14956628795912366,0.14952848361771823,0.14960409230052912,32.0,0.8495144657790661,2.7435141613482316e-134,True,True
L160_g0p25,160,2.0,g,0.25,L160_g0p25,L160_g0p25_i0_t77p355,77.355,0.48346875,0.5,1.0,open,0.25,"['charge_density_wave', 'left', 'right']","[['charge_density_wave', 'left'], ['charge_density_wave', 'right'], ['left', 'right']]","[240, 280, 320, 360]",['left'],edge,new_size_mechanism,0.05,1547,charge_density_wave,left,0.041704593881954924,0.041704572714206654,0.041704572714206654,0.041704572714206654,0.04170461504970319,0.012789602397322342,0.012757984915601017,0.01282121987904367,8.0,0.05260433629155159,4.643315541307918e-135,False,False
L160_g0p25,160,2.0,g,0.25,L160_g0p25,L160_g0p25_i0_t77p355,77.355,0.48346875,0.5,1.0,open,0.25,"['charge_density_wave', 'left', 'right']","[['charge_density_wave', 'left'], ['charge_density_wave', 'right'], ['left', 'right']]","[240, 280, 320, 360]",['left'],edge,new_size_mechanism,0.05,1547,charge_density_wave,right,1.0,0.9999999999976457,0.9999999999976457,0.9999999999976457,1.0,0.22137642551065786,0.22137642027946505,0.22137643074185068,24.0,0.4750301353633404,3.019955062924342e-134,True,True
L160_g0p25,160,2.0,g,0.25,L160_g0p25,L160_g0p25_i0_t77p355,77.355,0.48346875,0.5,1.0,open,0.25,"['charge_density_wave', 'left', 'right']","[['charge_density_wave', 'left'], ['charge_density_wave', 'right'], ['left', 'right']]","[240, 280, 320, 360]",['left'],edge,new_size_mechanism,0.05,1547,left,right,1.0,0.9582953849479425,0.9999999788298974,0.9999999788298974,1.0,0.2085868231133355,0.2085552004004214,0.20861844582624967,32.0,0.8515993356704712,3.2659933044276116e-134,True,True
L160_g0p25,160,2.0,g,0.25,L160_g0p25,L160_g0p25_i1_t90p875,90.875,0.56796875,0.5,1.0,open,0.25,"['charge_density_wave', 'left', 'right']","[['charge_density_wave', 'left'], ['charge_density_wave', 'right'], ['left', 'right']]","[240, 280, 320, 360]",['right'],edge,new_size_mechanism,0.05,1818,charge_density_wave,left,0.0,0.0,0.0,0.0,1.4088389650603874e-17,0.0,0.0,4.485876331818241e-14,0.0,2.820044755935669e-06,4.87620803446301e-147,False,False
L160_g0p25,160,2.0,g,0.25,L160_g0p25,L160_g0p25_i1_t90p875,90.875,0.56796875,0.5,1.0,open,0.25,"['charge_density_wave', 'left', 'right']","[['charge_density_wave', 'left'], ['charge_density_wave', 'right'], ['left', 'right']]","[240, 280, 320, 360]",['right'],edge,new_size_mechanism,0.05,1818,charge_density_wave,right,0.06044326608032388,0.06044322795053475,0.06044322795053475,0.06044322795053475,0.06044330421011302,0.024149888535735055,0.024094730684440197,0.024205046387029916,8.0,0.05273415148258209,1.409705816864267e-130,False,False
L160_g0p25,160,2.0,g,0.25,L160_g0p25,L160_g0p25_i1_t90p875,90.875,0.56796875,0.5,1.0,open,0.25,"['charge_density_wave', 'left', 'right']","[['charge_density_wave', 'left'], ['charge_density_wave', 'right'], ['left', 'right']]","[240, 280, 320, 360]",['right'],edge,new_size_mechanism,0.05,1818,left,right,0.06044326608032388,0.060443227950534736,0.060443227950534736,0.060443227950534736,0.060443304210113034,0.024149888535735055,0.024094730684395337,0.024205046387074776,8.0,0.05267421156167984,1.409705816864267e-130,False,False
L160_g0p25,160,2.0,g,0.25,L160_g0p25,L160_g0p25_i1_t90p945,90.945,0.56840625,0.5,1.0,open,0.25,"['charge_density_wave', 'left', 'right']","[['charge_density_wave', 'left'], ['charge_density_wave', 'right'], ['left', 'right']]","[240, 280, 320, 360]",['right'],edge,new_size_mechanism,0.05,1819,charge_density_wave,left,0.0,0.0,0.0,0.0,1.171680259524103e-17,0.0,0.0,3.7480184071683336e-14,0.0,2.3990869522094727e-06,4.0746262942027586e-147,False,False
L160_g0p25,160,2.0,g,0.25,L160_g0p25,L160_g0p25_i1_t90p945,90.945,0.56840625,0.5,1.0,open,0.25,"['charge_density_wave', 'left', 'right']","[['charge_density_wave', 'left'], ['charge_density_wave', 'right'], ['left', 'right']]","[240, 280, 320, 360]",['right'],edge,new_size_mechanism,0.05,1819,charge_density_wave,right,0.05012159145574308,0.050121560002127266,0.050121560002127266,0.050121560002127266,0.0501216229093589,0.017548413291446113,0.017502428729481493,0.017594397853410732,8.0,0.05249515548348427,1.1703113304293389e-130,False,False
L160_g0p25,160,2.0,g,0.25,L160_g0p25,L160_g0p25_i1_t90p945,90.945,0.56840625,0.5,1.0,open,0.25,"['charge_density_wave', 'left', 'right']","[['charge_density_wave', 'left'], ['charge_density_wave', 'right'], ['left', 'right']]","[240, 280, 320, 360]",['right'],edge,new_size_mechanism,0.05,1819,left,right,0.05012159145574308,0.05012156000212725,0.05012156000212725,0.05012156000212725,0.050121622909358905,0.017548413291446113,0.017502428729444013,0.01759439785344821,8.0,0.05242251604795456,1.1703113304293389e-130,False,False
L160_g0p25,160,2.0,g,0.25,L160_g0p25,L160_g0p25_i1_t91p015,91.015,0.56884375,0.5,1.0,open,0.25,"['charge_density_wave', 'left', 'right']","[['charge_density_wave', 'left'], ['charge_density_wave', 'right'], ['left', 'right']]","[240, 280, 320, 360]",['right'],edge,new_size_mechanism,0.05,1820,charge_density_wave,left,0.0,0.0,0.0,0.0,9.744449910902029e-18,0.0,0.0,3.13146346643507e-14,0.0,1.9799917936325073e-06,3.404740980942021e-147,False,False
L160_g0p25,160,2.0,g,0.25,L160_g0p25,L160_g0p25_i1_t91p015,91.015,0.56884375,0.5,1.0,open,0.25,"['charge_density_wave', 'left', 'right']","[['charge_density_wave', 'left'], ['charge_density_wave', 'right'], ['left', 'right']]","[240, 280, 320, 360]",['right'],edge,new_size_mechanism,0.05,1820,charge_density_wave,right,0.0415551847763382,0.04155515881114159,0.04155515881114159,0.04155515881114159,0.0415552107415348,0.01271053332854693,0.012672174406070748,0.012748892251023115,8.0,0.05297991260886192,9.71051815839939e-131,False,False
L160_g0p25,160,2.0,g,0.25,L160_g0p25,L160_g0p25_i1_t91p015,91.015,0.56884375,0.5,1.0,open,0.25,"['charge_density_wave', 'left', 'right']","[['charge_density_wave', 'left'], ['charge_density_wave', 'right'], ['left', 'right']]","[240, 280, 320, 360]",['right'],edge,new_size_mechanism,0.05,1820,left,right,0.0415551847763382,0.041555158811141586,0.041555158811141586,0.041555158811141586,0.041555210741534815,0.01271053332854693,0.012672174406039433,0.01274889225105443,8.0,0.0528524536639452,9.71051815839939e-131,False,False
L160_g0p25,160,2.0,g,0.25,L160_g0p25,L160_g0p25_i2_t58p175,58.175,0.36359375,0.5,1.0,open,0.25,"['charge_density_wave', 'block_cell10', 'block_cell30']","[['charge_density_wave', 'block_cell10'], ['charge_density_wave', 'block_cell30'], ['block_cell10', 'block_cell30']]","[240, 280, 320, 360]",['block_cell10'],translated,new_size_mechanism,0.05,1163,charge_density_wave,block_cell10,0.059464770609596825,0.05946476704026852,0.05946476704026852,0.05946476704026852,0.05946477417892514,0.023489942412955146,0.023484102738160074,0.02349578208775022,8.0,0.05275162123143673,2.4323546168287864e-163,False,False
L160_g0p25,160,2.0,g,0.25,L160_g0p25,L160_g0p25_i2_t58p175,58.175,0.36359375,0.5,1.0,open,0.25,"['charge_density_wave', 'block_cell10', 'block_cell30']","[['charge_density_wave', 'block_cell10'], ['charge_density_wave', 'block_cell30'], ['block_cell10', 'block_cell30']]","[240, 280, 320, 360]",['block_cell10'],translated,new_size_mechanism,0.05,1163,charge_density_wave,block_cell30,1.0,0.9999978365909954,0.9999978365909954,0.9999978365909954,1.0,0.568966779194474,0.5665361763261723,0.5713973820627759,16.0,0.21030937135219574,5.673103370034499e-165,True,True
L160_g0p25,160,2.0,g,0.25,L160_g0p25,L160_g0p25_i2_t58p175,58.175,0.36359375,0.5,1.0,open,0.25,"['charge_density_wave', 'block_cell10', 'block_cell30']","[['charge_density_wave', 'block_cell10'], ['charge_density_wave', 'block_cell30'], ['block_cell10', 'block_cell30']]","[240, 280, 320, 360]",['block_cell10'],translated,new_size_mechanism,0.05,1163,block_cell10,block_cell30,1.0,0.9405330624120702,0.9999978330216671,0.9999978330216671,1.0,0.5454768367815189,0.5430403942384221,0.5479132793246158,24.0,0.47129170782864094,2.432354604796228e-163,True,True
L160_g0p25,160,2.0,g,0.25,L160_g0p25,L160_g0p25_i2_t58p245,58.245,0.36403125,0.5,1.0,open,0.25,"['charge_density_wave', 'block_cell10', 'block_cell30']","[['charge_density_wave', 'block_cell10'], ['charge_density_wave', 'block_cell30'], ['block_cell10', 'block_cell30']]","[240, 280, 320, 360]",['block_cell10'],translated,new_size_mechanism,0.05,1165,charge_density_wave,block_cell10,0.049463566403434404,0.04946356345053915,0.04946356345053915,0.04946356345053915,0.049463569356329666,0.01715541462238578,0.017150538688417708,0.017160290556353854,8.0,0.05275694280862808,2.02547272321623e-163,False,False
L160_g0p25,160,2.0,g,0.25,L160_g0p25,L160_g0p25_i2_t58p245,58.245,0.36403125,0.5,1.0,open,0.25,"['charge_density_wave', 'block_cell10', 'block_cell30']","[['charge_density_wave', 'block_cell10'], ['charge_density_wave', 'block_cell30'], ['block_cell10', 'block_cell30']]","[240, 280, 320, 360]",['block_cell10'],translated,new_size_mechanism,0.05,1165,charge_density_wave,block_cell30,1.0,0.9999981355000519,0.9999981355000519,0.9999981355000519,1.0,0.4846119531943817,0.482494997457395,0.4867289089313685,16.0,0.20874095521867275,6.24023802454113e-165,True,True
L160_g0p25,160,2.0,g,0.25,L160_g0p25,L160_g0p25_i2_t58p245,58.245,0.36403125,0.5,1.0,open,0.25,"['charge_density_wave', 'block_cell10', 'block_cell30']","[['charge_density_wave', 'block_cell10'], ['charge_density_wave', 'block_cell30'], ['block_cell10', 'block_cell30']]","[240, 280, 320, 360]",['block_cell10'],translated,new_size_mechanism,0.05,1165,block_cell10,block_cell30,1.0,0.9505345661437222,0.9999981325471566,0.9999981325471566,1.0,0.467456538571996,0.4653347069010411,0.4695783702429508,24.0,0.4783905856311321,2.0254726968846188e-163,True,True
L160_g0p25,160,2.0,g,0.25,L160_g0p25,L160_g0p25_i2_t58p315,58.315,0.36446875,0.5,1.0,open,0.25,"['charge_density_wave', 'block_cell10', 'block_cell30']","[['charge_density_wave', 'block_cell10'], ['charge_density_wave', 'block_cell30'], ['block_cell10', 'block_cell30']]","[240, 280, 320, 360]",['block_cell10'],translated,new_size_mechanism,0.05,1166,charge_density_wave,block_cell10,0.04113760360788208,0.04113760116309203,0.04113760116309203,0.04113760116309203,0.041137606052672124,0.012490577568588178,0.012486503706070774,0.01249465143110558,8.0,0.052832845598459244,1.685805756946143e-163,False,False
L160_g0p25,160,2.0,g,0.25,L160_g0p25,L160_g0p25_i2_t58p315,58.315,0.36446875,0.5,1.0,open,0.25,"['charge_density_wave', 'block_cell10', 'block_cell30']","[['charge_density_wave', 'block_cell10'], ['charge_density_wave', 'block_cell30'], ['block_cell10', 'block_cell30']]","[240, 280, 320, 360]",['block_cell10'],translated,new_size_mechanism,0.05,1166,charge_density_wave,block_cell30,1.0,0.9999984096896731,0.9999984096896731,0.9999984096896731,1.0,0.3977863526295884,0.39596047528383865,0.3996122299753382,16.0,0.21035562828183174,6.076953771576096e-165,True,True
L160_g0p25,160,2.0,g,0.25,L160_g0p25,L160_g0p25_i2_t58p315,58.315,0.36446875,0.5,1.0,open,0.25,"['charge_density_wave', 'block_cell10', 'block_cell30']","[['charge_density_wave', 'block_cell10'], ['charge_density_wave', 'block_cell30'], ['block_cell10', 'block_cell30']]","[240, 280, 320, 360]",['block_cell10'],translated,new_size_mechanism,0.05,1166,block_cell10,block_cell30,1.0,0.958860803637001,0.9999984072448831,0.9999984072448831,1.0,0.3852957750610002,0.3834658238527331,0.3871257262692674,24.0,0.4656479675322771,1.6858057236412217e-163,True,True
L160_g0p25,160,2.0,g,0.25,L160_g0p25,L160_g0p25_i3_t69p915,69.915,0.43696875,0.5,1.0,open,0.25,"['charge_density_wave', 'block_cell10', 'block_cell30']","[['charge_density_wave', 'block_cell10'], ['charge_density_wave', 'block_cell30'], ['block_cell10', 'block_cell30']]","[240, 280, 320, 360]",['block_cell30'],translated,new_size_mechanism,0.05,1398,charge_density_wave,block_cell10,0.0,0.0,0.0,0.0,2.1585592449769237e-15,0.0,0.0,6.0041336316192045e-12,0.0,2.298504114151001e-06,2.3932630677422545e-173,False,False
L160_g0p25,160,2.0,g,0.25,L160_g0p25,L160_g0p25_i3_t69p915,69.915,0.43696875,0.5,1.0,open,0.25,"['charge_density_wave', 'block_cell10', 'block_cell30']","[['charge_density_wave', 'block_cell10'], ['charge_density_wave', 'block_cell30'], ['block_cell10', 'block_cell30']]","[240, 280, 320, 360]",['block_cell30'],translated,new_size_mechanism,0.05,1398,charge_density_wave,block_cell30,0.06045600077472226,0.060455999578060825,0.060455999578060825,0.060455999578060825,0.06045600197138369,0.024158523075848357,0.024156460631755278,0.024160585519941435,8.0,0.05280715599656105,1.0064017833223333e-160,False,False
L160_g0p25,160,2.0,g,0.25,L160_g0p25,L160_g0p25_i3_t69p915,69.915,0.43696875,0.5,1.0,open,0.25,"['charge_density_wave', 'block_cell10', 'block_cell30']","[['charge_density_wave', 'block_cell10'], ['charge_density_wave', 'block_cell30'], ['block_cell10', 'block_cell30']]","[240, 280, 320, 360]",['block_cell30'],translated,new_size_mechanism,0.05,1398,block_cell10,block_cell30,0.06045600077472226,0.06045599957805867,0.06045599957805867,0.06045599957805867,0.06045600197138585,0.024158523075848357,0.024156460625751143,0.02416058552594557,8.0,0.05215335264801979,1.0064017833223331e-160,False,False
L160_g0p25,160,2.0,g,0.25,L160_g0p25,L160_g0p25_i3_t69p985,69.985,0.43740625,0.5,1.0,open,0.25,"['charge_density_wave', 'block_cell10', 'block_cell30']","[['charge_density_wave', 'block_cell10'], ['charge_density_wave', 'block_cell30'], ['block_cell10', 'block_cell30']]","[240, 280, 320, 360]",['block_cell30'],translated,new_size_mechanism,0.05,1400,charge_density_wave,block_cell10,0.0,0.0,0.0,0.0,1.795070399329923e-15,0.0,0.0,5.019552794868357e-12,0.0,2.0600855350494385e-06,2.0011172836177015e-173,False,False
L160_g0p25,160,2.0,g,0.25,L160_g0p25,L160_g0p25_i3_t69p985,69.985,0.43740625,0.5,1.0,open,0.25,"['charge_density_wave', 'block_cell10', 'block_cell30']","[['charge_density_wave', 'block_cell10'], ['charge_density_wave', 'block_cell30'], ['block_cell10', 'block_cell30']]","[240, 280, 320, 360]",['block_cell30'],translated,new_size_mechanism,0.05,1400,charge_density_wave,block_cell30,0.0502074372208437,0.05020743623246715,0.05020743623246715,0.05020743623246715,0.050207438209220245,0.017599938440788106,0.017598219855017676,0.017601657026558536,8.0,0.05252358503639698,8.367454912515276e-161,False,False
L160_g0p25,160,2.0,g,0.25,L160_g0p25,L160_g0p25_i3_t69p985,69.985,0.43740625,0.5,1.0,open,0.25,"['charge_density_wave', 'block_cell10', 'block_cell30']","[['charge_density_wave', 'block_cell10'], ['charge_density_wave', 'block_cell30'], ['block_cell10', 'block_cell30']]","[240, 280, 320, 360]",['block_cell30'],translated,new_size_mechanism,0.05,1400,block_cell10,block_cell30,0.0502074372208437,0.050207436232465354,0.050207436232465354,0.050207436232465354,0.05020743820922204,0.017599938440788106,0.017598219849998122,0.01760165703157809,8.0,0.0524744912981987,8.367454912515276e-161,False,False
L160_g0p25,160,2.0,g,0.25,L160_g0p25,L160_g0p25_i3_t70p055,70.055,0.43784375,0.5,1.0,open,0.25,"['charge_density_wave', 'block_cell10', 'block_cell30']","[['charge_density_wave', 'block_cell10'], ['charge_density_wave', 'block_cell30'], ['block_cell10', 'block_cell30']]","[240, 280, 320, 360]",['block_cell30'],translated,new_size_mechanism,0.05,1401,charge_density_wave,block_cell10,0.0,0.0,0.0,0.0,1.492792962254019e-15,0.0,0.0,4.196315962061666e-12,0.0,1.8496066331863403e-06,1.673178991864619e-173,False,False
L160_g0p25,160,2.0,g,0.25,L160_g0p25,L160_g0p25_i3_t70p055,70.055,0.43784375,0.5,1.0,open,0.25,"['charge_density_wave', 'block_cell10', 'block_cell30']","[['charge_density_wave', 'block_cell10'], ['charge_density_wave', 'block_cell30'], ['block_cell10', 'block_cell30']]","[240, 280, 320, 360]",['block_cell30'],translated,new_size_mechanism,0.05,1401,charge_density_wave,block_cell30,0.04168093557208703,0.04167260053515166,0.04167260053515166,0.04167260053515166,0.0416892706090224,0.012777069053580403,0.0043119799081896455,0.02124215819897116,4.0,0.013813642784953117,6.9532632904391335e-161,False,False
L160_g0p25,160,2.0,g,0.25,L160_g0p25,L160_g0p25_i3_t70p055,70.055,0.43784375,0.5,1.0,open,0.25,"['charge_density_wave', 'block_cell10', 'block_cell30']","[['charge_density_wave', 'block_cell10'], ['charge_density_wave', 'block_cell30'], ['block_cell10', 'block_cell30']]","[240, 280, 320, 360]",['block_cell30'],translated,new_size_mechanism,0.05,1401,block_cell10,block_cell30,0.04168093557208703,0.04167260053515017,0.04167260053515017,0.04167260053515017,0.041689270609023894,0.012777069053580403,0.0043119799039933295,0.021242158203167476,4.0,0.013635622337460518,6.953263290439133e-161,False,False
L160_g0p25,160,2.0,g,0.25,L160_g0p25,L160_g0p25_late,112.00,0.70,0.5,1.0,open,0.25,"['charge_density_wave', 'left', 'right', 'block_cell10', 'block_cell30']","[['charge_density_wave', 'left'], ['charge_density_wave', 'right'], ['charge_density_wave', 'block_cell10'], ['charge_density_wave', 'block_cell30'], ['left', 'right'], ['block_cell10', 'block_cell30']]","[240, 280, 320, 360]","['left', 'right', 'block_cell10', 'block_cell30']",persistence,new_size_mechanism,0.05,2240,charge_density_wave,left,0.0,0.0,0.0,0.0,1.0161447285490471e-41,0.0,0.0,7.754401459613189e-38,0.0,1.959502696990967e-06,8.553756543332625e-171,False,False
L160_g0p25,160,2.0,g,0.25,L160_g0p25,L160_g0p25_late,112.00,0.70,0.5,1.0,open,0.25,"['charge_density_wave', 'left', 'right', 'block_cell10', 'block_cell30']","[['charge_density_wave', 'left'], ['charge_density_wave', 'right'], ['charge_density_wave', 'block_cell10'], ['charge_density_wave', 'block_cell30'], ['left', 'right'], ['block_cell10', 'block_cell30']]","[240, 280, 320, 360]","['left', 'right', 'block_cell10', 'block_cell30']",persistence,new_size_mechanism,0.05,2240,charge_density_wave,right,0.0,0.0,0.0,0.0,1.6116443878333137e-26,0.0,0.0,7.786170874168146e-23,0.0,1.4789402484893799e-06,1.7913129041337515e-151,False,False
L160_g0p25,160,2.0,g,0.25,L160_g0p25,L160_g0p25_late,112.00,0.70,0.5,1.0,open,0.25,"['charge_density_wave', 'left', 'right', 'block_cell10', 'block_cell30']","[['charge_density_wave', 'left'], ['charge_density_wave', 'right'], ['charge_density_wave', 'block_cell10'], ['charge_density_wave', 'block_cell30'], ['left', 'right'], ['block_cell10', 'block_cell30']]","[240, 280, 320, 360]","['left', 'right', 'block_cell10', 'block_cell30']",persistence,new_size_mechanism,0.05,2240,charge_density_wave,block_cell10,0.0,0.0,0.0,0.0,1.7968911134036598e-63,0.0,0.0,2.091247793925734e-59,0.0,1.2498348951339722e-06,8.521035520199759e-221,False,False
L160_g0p25,160,2.0,g,0.25,L160_g0p25,L160_g0p25_late,112.00,0.70,0.5,1.0,open,0.25,"['charge_density_wave', 'left', 'right', 'block_cell10', 'block_cell30']","[['charge_density_wave', 'left'], ['charge_density_wave', 'right'], ['charge_density_wave', 'block_cell10'], ['charge_density_wave', 'block_cell30'], ['left', 'right'], ['block_cell10', 'block_cell30']]","[240, 280, 320, 360]","['left', 'right', 'block_cell10', 'block_cell30']",persistence,new_size_mechanism,0.05,2240,charge_density_wave,block_cell30,0.0,0.0,0.0,0.0,1.7696913440973579e-50,0.0,0.0,1.6360223025423652e-46,0.0,1.2200325727462769e-06,2.707945921850363e-205,False,False
L160_g0p25,160,2.0,g,0.25,L160_g0p25,L160_g0p25_late,112.00,0.70,0.5,1.0,open,0.25,"['charge_density_wave', 'left', 'right', 'block_cell10', 'block_cell30']","[['charge_density_wave', 'left'], ['charge_density_wave', 'right'], ['charge_density_wave', 'block_cell10'], ['charge_density_wave', 'block_cell30'], ['left', 'right'], ['block_cell10', 'block_cell30']]","[240, 280, 320, 360]","['left', 'right', 'block_cell10', 'block_cell30']",persistence,new_size_mechanism,0.05,2240,left,right,0.0,0.0,0.0,0.0,1.6116443878333148e-26,0.0,0.0,7.786170874168154e-23,0.0,1.1101365089416504e-06,1.7913129041337515e-151,False,False
L160_g0p25,160,2.0,g,0.25,L160_g0p25,L160_g0p25_late,112.00,0.70,0.5,1.0,open,0.25,"['charge_density_wave', 'left', 'right', 'block_cell10', 'block_cell30']","[['charge_density_wave', 'left'], ['charge_density_wave', 'right'], ['charge_density_wave', 'block_cell10'], ['charge_density_wave', 'block_cell30'], ['left', 'right'], ['block_cell10', 'block_cell30']]","[240, 280, 320, 360]","['left', 'right', 'block_cell10', 'block_cell30']",persistence,new_size_mechanism,0.05,2240,block_cell10,block_cell30,0.0,0.0,0.0,0.0,1.7696913440975376e-50,0.0,0.0,1.6360223025425743e-46,0.0,1.0505318641662598e-06,2.7079459218503623e-205,False,False
L192_gL0,192,2.0,gL,0,L192_gL0,L192_gL0_i0_t100p815,100.815,0.525078125,0.5,1.0,open,0.0,"['charge_density_wave', 'left', 'right']","[['charge_density_wave', 'left'], ['charge_density_wave', 'right'], ['left', 'right']]","[240, 280, 320, 360]",['left'],edge,new_size_mechanism,0.05,2016,charge_density_wave,left,0.06105897853905207,0.061058948339257374,0.061058948339257374,0.061058948339257374,0.06105900873884675,0.024568694873632002,0.024515595137956064,0.024621794609307943,8.0,0.0562252402305603,7.501583352043873e-113,False,False
L192_gL0,192,2.0,gL,0,L192_gL0,L192_gL0_i0_t100p815,100.815,0.525078125,0.5,1.0,open,0.0,"['charge_density_wave', 'left', 'right']","[['charge_density_wave', 'left'], ['charge_density_wave', 'right'], ['left', 'right']]","[240, 280, 320, 360]",['left'],edge,new_size_mechanism,0.05,2016,charge_density_wave,right,0.2927525403966791,0.2927522636717837,0.2927522636717837,0.2927522636717837,0.29275281712157447,0.29248423869622414,0.29205652627320616,0.2929119511192422,8.0,0.056932201609015465,1.3822541093892713e-107,True,True
L192_gL0,192,2.0,gL,0,L192_gL0,L192_gL0_i0_t100p815,100.815,0.525078125,0.5,1.0,open,0.0,"['charge_density_wave', 'left', 'right']","[['charge_density_wave', 'left'], ['charge_density_wave', 'right'], ['left', 'right']]","[240, 280, 320, 360]",['left'],edge,new_size_mechanism,0.05,2016,left,right,0.2927525403966791,0.23169325493293697,0.29275223347198903,0.29275223347198903,0.29275284732136914,0.26791554382259214,0.2674347316638982,0.2683963559812861,16.0,0.22384311072528362,1.3822489904350157e-107,True,True
L192_gL0,192,2.0,gL,0,L192_gL0,L192_gL0_i0_t100p885,100.885,0.5254427083333333333333333333,0.5,1.0,open,0.0,"['charge_density_wave', 'left', 'right']","[['charge_density_wave', 'left'], ['charge_density_wave', 'right'], ['left', 'right']]","[240, 280, 320, 360]",['left'],edge,new_size_mechanism,0.05,2018,charge_density_wave,left,0.0506883521675826,0.050688327230755344,0.050688327230755344,0.050688327230755344,0.05068837710440986,0.017889668569343087,0.017845364197840604,0.01793397294084557,8.0,0.05742345191538334,6.234704042981764e-113,False,False
L192_gL0,192,2.0,gL,0,L192_gL0,L192_gL0_i0_t100p885,100.885,0.5254427083333333333333333333,0.5,1.0,open,0.0,"['charge_density_wave', 'left', 'right']","[['charge_density_wave', 'left'], ['charge_density_wave', 'right'], ['left', 'right']]","[240, 280, 320, 360]",['left'],edge,new_size_mechanism,0.05,2018,charge_density_wave,right,0.24619390442619413,0.24619367654076202,0.24619367654076202,0.24619367654076202,0.2461941323116262,0.22864661370097888,0.2282901405911865,0.22900308681077128,8.0,0.05722732096910477,1.1628620114047034e-107,True,True
L192_gL0,192,2.0,gL,0,L192_gL0,L192_gL0_i0_t100p885,100.885,0.5254427083333333333333333333,0.5,1.0,open,0.0,"['charge_density_wave', 'left', 'right']","[['charge_density_wave', 'left'], ['charge_density_wave', 'right'], ['left', 'right']]","[240, 280, 320, 360]",['left'],edge,new_size_mechanism,0.05,2018,left,right,0.24619390442619413,0.19550529943635217,0.24619365160393475,0.24619365160393475,0.24619415724845348,0.21075694513163581,0.21035616765034093,0.2111577226129307,16.0,0.2288497556000948,1.1628582435139717e-107,True,True
L192_gL0,192,2.0,gL,0,L192_gL0,L192_gL0_i0_t100p955,100.955,0.5258072916666666666666666667,0.5,1.0,open,0.0,"['charge_density_wave', 'left', 'right']","[['charge_density_wave', 'left'], ['charge_density_wave', 'right'], ['left', 'right']]","[240, 280, 320, 360]",['left'],edge,new_size_mechanism,0.05,2019,charge_density_wave,left,0.042071594915088495,0.04207157430925419,0.04207157430925419,0.04207157430925419,0.04207161552092279,0.01298464666791198,0.012947659640616095,0.013021633695207865,8.0,0.05731622688472271,5.1789760809545824e-113,False,False
L192_gL0,192,2.0,gL,0,L192_gL0,L192_gL0_i0_t100p955,100.955,0.5258072916666666666666666667,0.5,1.0,open,0.0,"['charge_density_wave', 'left', 'right']","[['charge_density_wave', 'left'], ['charge_density_wave', 'right'], ['left', 'right']]","[240, 280, 320, 360]",['left'],edge,new_size_mechanism,0.05,2019,charge_density_wave,right,0.20621331350790587,0.2062131261339936,0.2062131261339936,0.2062131261339936,0.20621350088181814,0.1758840107219652,0.17558738745315006,0.17618063399078032,8.0,0.05796139873564243,9.448749931094201e-108,True,True
L192_gL0,192,2.0,gL,0,L192_gL0,L192_gL0_i0_t100p955,100.955,0.5258072916666666666666666667,0.5,1.0,open,0.0,"['charge_density_wave', 'left', 'right']","[['charge_density_wave', 'left'], ['charge_density_wave', 'right'], ['left', 'right']]","[240, 280, 320, 360]",['left'],edge,new_size_mechanism,0.05,2019,left,right,0.20621331350790587,0.16414151061307078,0.20621310552815927,0.20621310552815927,0.20621352148765243,0.1628993640540532,0.1625657537579422,0.16323297435016423,16.0,0.2287964727729559,9.448722325641779e-108,True,True
L192_gL0,192,2.0,gL,0,L192_gL0,L192_gL0_i1_t101p425,101.425,0.5282552083333333333333333333,0.5,1.0,open,0.0,"['charge_density_wave', 'left', 'right']","[['charge_density_wave', 'left'], ['charge_density_wave', 'right'], ['left', 'right']]","[240, 280, 320, 360]",['right'],edge,new_size_mechanism,0.05,2028,charge_density_wave,left,0.012019240356945102,0.01201923455906356,0.01201923455906356,0.01201923455906356,0.012019246154826644,0.0014218571693640507,0.0014107442873055958,0.0014329700514225056,8.0,0.05707918293774128,1.4819530635957945e-113,False,False
L192_gL0,192,2.0,gL,0,L192_gL0,L192_gL0_i1_t101p425,101.425,0.5282552083333333333333333333,0.5,1.0,open,0.0,"['charge_density_wave', 'left', 'right']","[['charge_density_wave', 'left'], ['charge_density_wave', 'right'], ['left', 'right']]","[240, 280, 320, 360]",['right'],edge,new_size_mechanism,0.05,2028,charge_density_wave,right,0.060040557369655675,0.06004050661073222,0.06004050661073222,0.06004050661073222,0.06004060812857913,0.0238774428676445,0.023790724641464533,0.023964161093824467,8.0,0.06103544309735298,2.2288400141763187e-108,False,False
L192_gL0,192,2.0,gL,0,L192_gL0,L192_gL0_i1_t101p425,101.425,0.5282552083333333333333333333,0.5,1.0,open,0.0,"['charge_density_wave', 'left', 'right']","[['charge_density_wave', 'left'], ['charge_density_wave', 'right'], ['left', 'right']]","[240, 280, 320, 360]",['right'],edge,new_size_mechanism,0.05,2028,left,right,0.060040557369655675,0.04802126045590558,0.06004050081285068,0.06004050081285068,0.06004061392646067,0.02245558569828045,0.02235775459004203,0.022553416806518872,16.0,0.2262898925691843,2.228840014176365e-108,False,False
L192_gL0,192,2.0,gL,0,L192_gL0,L192_gL0_i1_t101p495,101.495,0.5286197916666666666666666667,0.5,1.0,open,0.0,"['charge_density_wave', 'left', 'right']","[['charge_density_wave', 'left'], ['charge_density_wave', 'right'], ['left', 'right']]","[240, 280, 320, 360]",['right'],edge,new_size_mechanism,0.05,2030,charge_density_wave,left,0.009963537178552058,0.00995462874194328,0.00995462874194328,0.00995462874194328,0.009972445615160837,0.0010143219995874307,0.0,0.01181434668344648,4.0,0.015066910535097122,1.2296382751076522e-113,False,False
L192_gL0,192,2.0,gL,0,L192_gL0,L192_gL0_i1_t101p495,101.495,0.5286197916666666666666666667,0.5,1.0,open,0.0,"['charge_density_wave', 'left', 'right']","[['charge_density_wave', 'left'], ['charge_density_wave', 'right'], ['left', 'right']]","[240, 280, 320, 360]",['right'],edge,new_size_mechanism,0.05,2030,charge_density_wave,right,0.049841618508110155,0.04984157659282473,0.04984157659282473,0.04984157659282473,0.04984166042339557,0.01738077969451282,0.01730839991590561,0.017453159473120036,8.0,0.057886550202965736,1.852310510302567e-108,False,False
L192_gL0,192,2.0,gL,0,L192_gL0,L192_gL0_i1_t101p495,101.495,0.5286197916666666666666666667,0.5,1.0,open,0.0,"['charge_density_wave', 'left', 'right']","[['charge_density_wave', 'left'], ['charge_density_wave', 'right'], ['left', 'right']]","[240, 280, 320, 360]",['right'],edge,new_size_mechanism,0.05,2030,left,right,0.049841618508110155,0.0398691309776639,0.049832668156215953,0.049832668156215953,0.04985056886000435,0.016366457694925392,0.00549405323245913,0.02723886215739165,12.0,0.1333766020834446,1.8523105103621524e-108,False,False
L192_gL0,192,2.0,gL,0,L192_gL0,L192_gL0_i1_t101p565,101.565,0.528984375,0.5,1.0,open,0.0,"['charge_density_wave', 'left', 'right']","[['charge_density_wave', 'left'], ['charge_density_wave', 'right'], ['left', 'right']]","[240, 280, 320, 360]",['right'],edge,new_size_mechanism,0.05,2031,charge_density_wave,left,0.008266713028026645,0.008259328052908813,0.008259328052908813,0.008259328052908813,0.00827409800314448,0.0007237736896769745,0.0,0.009809816490748587,4.0,0.015162164345383644,1.0202560898680154e-113,False,False
L192_gL0,192,2.0,gL,0,L192_gL0,L192_gL0_i1_t101p565,101.565,0.528984375,0.5,1.0,open,0.0,"['charge_density_wave', 'left', 'right']","[['charge_density_wave', 'left'], ['charge_density_wave', 'right'], ['left', 'right']]","[240, 280, 320, 360]",['right'],edge,new_size_mechanism,0.05,2031,charge_density_wave,right,0.04136798028098,0.04136794564392394,0.04136794564392394,0.04136794564392394,0.041368014918036065,0.012611737272876136,0.012551291425687516,0.012672183120064757,8.0,0.057950761169195175,1.53858543476395e-108,False,False
L192_gL0,192,2.0,gL,0,L192_gL0,L192_gL0_i1_t101p565,101.565,0.528984375,0.5,1.0,open,0.0,"['charge_density_wave', 'left', 'right']","[['charge_density_wave', 'left'], ['charge_density_wave', 'right'], ['left', 'right']]","[240, 280, 320, 360]",['right'],edge,new_size_mechanism,0.05,2031,left,right,0.04136798028098,0.03309384764077946,0.041360560668806105,0.041360560668806105,0.041375399893153905,0.011887963583199162,0.002741474934938928,0.021034452231459395,12.0,0.12967713922262192,1.5385854348051255e-108,False,False
L192_gL0,192,2.0,gL,0,L192_gL0,L192_gL0_i2_t76p325,76.325,0.3975260416666666666666666667,0.5,1.0,open,0.0,"['charge_density_wave', 'block_cell12', 'block_cell36']","[['charge_density_wave', 'block_cell12'], ['charge_density_wave', 'block_cell36'], ['block_cell12', 'block_cell36']]","[240, 280, 320, 360]",['block_cell12'],translated,new_size_mechanism,0.05,1526,charge_density_wave,block_cell12,0.06101072642450151,0.0610107243825489,0.0610107243825489,0.0610107243825489,0.06101072846645413,0.024535775769676808,0.024531657358517287,0.024539894180836325,8.0,0.05778658576309681,4.758848789037592e-146,False,False
L192_gL0,192,2.0,gL,0,L192_gL0,L192_gL0_i2_t76p325,76.325,0.3975260416666666666666666667,0.5,1.0,open,0.0,"['charge_density_wave', 'block_cell12', 'block_cell36']","[['charge_density_wave', 'block_cell12'], ['charge_density_wave', 'block_cell36'], ['block_cell12', 'block_cell36']]","[240, 280, 320, 360]",['block_cell12'],translated,new_size_mechanism,0.05,1526,charge_density_wave,block_cell36,0.6394025987821511,0.6394025582947572,0.6394025582947572,0.6394025582947572,0.639402639269545,0.6764319944046754,0.6763619456091929,0.6765020432001577,8.0,0.056961243972182274,5.007174639186499e-143,True,True
L192_gL0,192,2.0,gL,0,L192_gL0,L192_gL0_i2_t76p325,76.325,0.3975260416666666666666666667,0.5,1.0,open,0.0,"['charge_density_wave', 'block_cell12', 'block_cell36']","[['charge_density_wave', 'block_cell12'], ['charge_density_wave', 'block_cell36'], ['block_cell12', 'block_cell36']]","[240, 280, 320, 360]",['block_cell12'],translated,new_size_mechanism,0.05,1526,block_cell12,block_cell36,0.6394025987821511,0.5783918298283031,0.6394025562528046,0.6394025562528046,0.6394026413114976,0.6518962186349986,0.6518220514283567,0.6519703858416405,16.0,0.23457426577806473,5.007174639181818e-143,True,True
L192_gL0,192,2.0,gL,0,L192_gL0,L192_gL0_i2_t76p395,76.395,0.397890625,0.5,1.0,open,0.0,"['charge_density_wave', 'block_cell12', 'block_cell36']","[['charge_density_wave', 'block_cell12'], ['charge_density_wave', 'block_cell36'], ['block_cell12', 'block_cell36']]","[240, 280, 320, 360]",['block_cell12'],translated,new_size_mechanism,0.05,1528,charge_density_wave,block_cell12,0.050659859413035545,0.0506598577267455,0.0506598577267455,0.0506598577267455,0.05065986109932559,0.017872451935313224,0.01786901987883302,0.017875883991793427,8.0,0.058107078075408936,3.9560605586141254e-146,False,False
L192_gL0,192,2.0,gL,0,L192_gL0,L192_gL0_i2_t76p395,76.395,0.397890625,0.5,1.0,open,0.0,"['charge_density_wave', 'block_cell12', 'block_cell36']","[['charge_density_wave', 'block_cell12'], ['charge_density_wave', 'block_cell36'], ['block_cell12', 'block_cell36']]","[240, 280, 320, 360]",['block_cell12'],translated,new_size_mechanism,0.05,1528,charge_density_wave,block_cell36,0.5679866465388438,0.5679866119673168,0.5679866119673168,0.5679866119673168,0.5679866811103708,0.6288203191393739,0.628759981363474,0.6288806569152738,8.0,0.05783004127442837,5.096680561034556e-143,True,True
L192_gL0,192,2.0,gL,0,L192_gL0,L192_gL0_i2_t76p395,76.395,0.397890625,0.5,1.0,open,0.0,"['charge_density_wave', 'block_cell12', 'block_cell36']","[['charge_density_wave', 'block_cell12'], ['charge_density_wave', 'block_cell36'], ['block_cell12', 'block_cell36']]","[240, 280, 320, 360]",['block_cell12'],translated,new_size_mechanism,0.05,1528,block_cell12,block_cell36,0.5679866465388438,0.5173267508679912,0.5679866102810267,0.5679866102810267,0.5679866827966609,0.6109478672040607,0.6108840973716806,0.6110116370364408,16.0,0.23771736025810242,5.09668056103125e-143,True,True
L192_gL0,192,2.0,gL,0,L192_gL0,L192_gL0_i2_t76p465,76.465,0.3982552083333333333333333333,0.5,1.0,open,0.0,"['charge_density_wave', 'block_cell12', 'block_cell36']","[['charge_density_wave', 'block_cell12'], ['charge_density_wave', 'block_cell36'], ['block_cell12', 'block_cell36']]","[240, 280, 320, 360]",['block_cell12'],translated,new_size_mechanism,0.05,1529,charge_density_wave,block_cell12,0.04204806097496413,0.04203811897135255,0.04203811897135255,0.04203811897135255,0.042058002978575704,0.012972104435306638,0.0010238168872559624,0.024920391983357312,4.0,0.015412842854857445,3.286947310440748e-146,False,False
L192_gL0,192,2.0,gL,0,L192_gL0,L192_gL0_i2_t76p465,76.465,0.3982552083333333333333333333,0.5,1.0,open,0.0,"['charge_density_wave', 'block_cell12', 'block_cell36']","[['charge_density_wave', 'block_cell12'], ['charge_density_wave', 'block_cell36'], ['block_cell12', 'block_cell36']]","[240, 280, 320, 360]",['block_cell12'],translated,new_size_mechanism,0.05,1529,charge_density_wave,block_cell36,0.49696180860581,0.4969617794440117,0.4969617794440117,0.4969617794440117,0.49696183776760827,0.558982969591995,0.5589315970308335,0.5590343421531565,8.0,0.05906260013580322,5.493001126248137e-143,True,True
L192_gL0,192,2.0,gL,0,L192_gL0,L192_gL0_i2_t76p465,76.465,0.3982552083333333333333333333,0.5,1.0,open,0.0,"['charge_density_wave', 'block_cell12', 'block_cell36']","[['charge_density_wave', 'block_cell12'], ['charge_density_wave', 'block_cell36'], ['block_cell12', 'block_cell36']]","[240, 280, 320, 360]",['block_cell12'],translated,new_size_mechanism,0.05,1529,block_cell12,block_cell36,0.49696180860581,0.454903776465436,0.49695183744040017,0.49695183744040017,0.49697177977121987,0.5460108651566884,0.5340112050474762,0.5580105252659004,12.0,0.1373583786189556,5.491231535334191e-143,True,True
L192_gL0,192,2.0,gL,0,L192_gL0,L192_gL0_i3_t77p305,77.305,0.4026302083333333333333333333,0.5,1.0,open,0.0,"['charge_density_wave', 'block_cell12', 'block_cell36']","[['charge_density_wave', 'block_cell12'], ['charge_density_wave', 'block_cell36'], ['block_cell12', 'block_cell36']]","[240, 280, 320, 360]",['block_cell36'],translated,new_size_mechanism,0.05,1546,charge_density_wave,block_cell12,0.004490164133080019,0.004489123241216019,0.004489123241216019,0.004489123241216019,0.004491205024944018,0.00023814290652905354,0.0,0.001714587107315894,4.0,0.01548442430794239,3.5161143586464405e-147,False,False
L192_gL0,192,2.0,gL,0,L192_gL0,L192_gL0_i3_t77p305,77.305,0.4026302083333333333333333333,0.5,1.0,open,0.0,"['charge_density_wave', 'block_cell12', 'block_cell36']","[['charge_density_wave', 'block_cell12'], ['charge_density_wave', 'block_cell36'], ['block_cell12', 'block_cell36']]","[240, 280, 320, 360]",['block_cell36'],translated,new_size_mechanism,0.05,1546,charge_density_wave,block_cell36,0.06097497040507737,0.06097496752859476,0.06097496752859476,0.06097496752859476,0.06097497328155998,0.024511392557357237,0.024505685607322112,0.024517099507392358,8.0,0.057207755744457245,8.047091984545522e-144,False,False
L192_gL0,192,2.0,gL,0,L192_gL0,L192_gL0_i3_t77p305,77.305,0.4026302083333333333333333333,0.5,1.0,open,0.0,"['charge_density_wave', 'block_cell12', 'block_cell36']","[['charge_density_wave', 'block_cell12'], ['charge_density_wave', 'block_cell36'], ['block_cell12', 'block_cell36']]","[240, 280, 320, 360]",['block_cell36'],translated,new_size_mechanism,0.05,1546,block_cell12,block_cell36,0.06097497040507737,0.056483762503650746,0.06097392663673076,0.06097392663673076,0.06097601417342398,0.024273249650828183,0.02279109850000622,0.025755400801650147,12.0,0.13033697567880154,8.047091986585027e-144,False,False
L192_gL0,192,2.0,gL,0,L192_gL0,L192_gL0_i3_t77p375,77.375,0.4029947916666666666666666667,0.5,1.0,open,0.0,"['charge_density_wave', 'block_cell12', 'block_cell36']","[['charge_density_wave', 'block_cell12'], ['charge_density_wave', 'block_cell36'], ['block_cell12', 'block_cell36']]","[240, 280, 320, 360]",['block_cell36'],translated,new_size_mechanism,0.05,1548,charge_density_wave,block_cell12,0.003726314801542744,0.0037254512804659264,0.0037254512804659264,0.0037254512804659264,0.003727178322619562,0.00016918920352055982,0.0,0.0014095299132940516,4.0,0.015204569324851036,2.917982511395411e-147,False,False
L192_gL0,192,2.0,gL,0,L192_gL0,L192_gL0_i3_t77p375,77.375,0.4029947916666666666666666667,0.5,1.0,open,0.0,"['charge_density_wave', 'block_cell12', 'block_cell36']","[['charge_density_wave', 'block_cell12'], ['charge_density_wave', 'block_cell36'], ['block_cell12', 'block_cell36']]","[240, 280, 320, 360]",['block_cell36'],translated,new_size_mechanism,0.05,1548,charge_density_wave,block_cell36,0.05063040779974673,0.05063040542429188,0.05063040542429188,0.05063040542429188,0.050630410175201576,0.01785466257623516,0.017849906023928535,0.01785941912854179,8.0,0.05799726955592632,6.689619477428908e-144,False,False
L192_gL0,192,2.0,gL,0,L192_gL0,L192_gL0_i3_t77p375,77.375,0.4029947916666666666666666667,0.5,1.0,open,0.0,"['charge_density_wave', 'block_cell12', 'block_cell36']","[['charge_density_wave', 'block_cell12'], ['charge_density_wave', 'block_cell36'], ['block_cell12', 'block_cell36']]","[240, 280, 320, 360]",['block_cell36'],translated,new_size_mechanism,0.05,1548,block_cell12,block_cell36,0.05063040779974673,0.04690322710167232,0.050629541903215065,0.050629541903215065,0.050631273696278394,0.017685473372714602,0.01644037611063448,0.01893057063479472,12.0,0.12869836390018463,6.689619478835875e-144,False,False
L192_gL0,192,2.0,gL,0,L192_gL0,L192_gL0_i3_t77p445,77.445,0.403359375,0.5,1.0,open,0.0,"['charge_density_wave', 'block_cell12', 'block_cell36']","[['charge_density_wave', 'block_cell12'], ['charge_density_wave', 'block_cell36'], ['block_cell12', 'block_cell36']]","[240, 280, 320, 360]",['block_cell36'],translated,new_size_mechanism,0.05,1549,charge_density_wave,block_cell12,0.003092410517550153,0.003091694090302533,0.003091694090302533,0.003091694090302533,0.0030931269447977737,0.00012008840266805917,0.0,0.0011619906425819485,4.0,0.01530146598815918,2.4215966769226074e-147,False,False
L192_gL0,192,2.0,gL,0,L192_gL0,L192_gL0_i3_t77p445,77.445,0.403359375,0.5,1.0,open,0.0,"['charge_density_wave', 'block_cell12', 'block_cell36']","[['charge_density_wave', 'block_cell12'], ['charge_density_wave', 'block_cell36'], ['block_cell12', 'block_cell36']]","[240, 280, 320, 360]",['block_cell36'],translated,new_size_mechanism,0.05,1549,charge_density_wave,block_cell36,0.042033334762786756,0.04203333279962529,0.04203333279962529,0.04203333279962529,0.042033336725948216,0.012964258627004715,0.012960291713500167,0.012968225540509262,8.0,0.05763566493988037,5.558149292989951e-144,False,False
L192_gL0,192,2.0,gL,0,L192_gL0,L192_gL0_i3_t77p445,77.445,0.403359375,0.5,1.0,open,0.0,"['charge_density_wave', 'block_cell12', 'block_cell36']","[['charge_density_wave', 'block_cell12'], ['charge_density_wave', 'block_cell36'], ['block_cell12', 'block_cell36']]","[240, 280, 320, 360]",['block_cell36'],translated,new_size_mechanism,0.05,1549,block_cell12,block_cell36,0.042033334762786756,0.03894020585482752,0.04203261637237767,0.04203261637237767,0.04203405315319584,0.012844170224336655,0.011798301070918218,0.013890039377755093,12.0,0.1328870002180338,5.558149293960295e-144,False,False
L192_gL0,192,2.0,gL,0,L192_gL0,L192_gL0_late,134.40,0.70,0.5,1.0,open,0.0,"['charge_density_wave', 'left', 'right', 'block_cell12', 'block_cell36']","[['charge_density_wave', 'left'], ['charge_density_wave', 'right'], ['charge_density_wave', 'block_cell12'], ['charge_density_wave', 'block_cell36'], ['left', 'right'], ['block_cell12', 'block_cell36']]","[240, 280, 320, 360]","['left', 'right', 'block_cell12', 'block_cell36']",persistence,new_size_mechanism,0.05,2688,charge_density_wave,left,0.0,0.0,0.0,0.0,8.659609141007072e-41,0.0,0.0,7.751859244180802e-37,0.0,2.987682819366455e-06,9.452482890089116e-148,False,False
L192_gL0,192,2.0,gL,0,L192_gL0,L192_gL0_late,134.40,0.70,0.5,1.0,open,0.0,"['charge_density_wave', 'left', 'right', 'block_cell12', 'block_cell36']","[['charge_density_wave', 'left'], ['charge_density_wave', 'right'], ['charge_density_wave', 'block_cell12'], ['charge_density_wave', 'block_cell36'], ['left', 'right'], ['block_cell12', 'block_cell36']]","[240, 280, 320, 360]","['left', 'right', 'block_cell12', 'block_cell36']",persistence,new_size_mechanism,0.05,2688,charge_density_wave,right,0.0,0.0,0.0,0.0,4.305897143283528e-40,0.0,0.0,3.788228473558188e-36,0.0,1.2498348951339722e-06,1.3952223011676684e-142,False,False
L192_gL0,192,2.0,gL,0,L192_gL0,L192_gL0_late,134.40,0.70,0.5,1.0,open,0.0,"['charge_density_wave', 'left', 'right', 'block_cell12', 'block_cell36']","[['charge_density_wave', 'left'], ['charge_density_wave', 'right'], ['charge_density_wave', 'block_cell12'], ['charge_density_wave', 'block_cell36'], ['left', 'right'], ['block_cell12', 'block_cell36']]","[240, 280, 320, 360]","['left', 'right', 'block_cell12', 'block_cell36']",persistence,new_size_mechanism,0.05,2688,charge_density_wave,block_cell12,0.0,0.0,0.0,0.0,5.486236564889489e-69,0.0,0.0,8.330799955994238e-65,0.0,1.12876296043396e-06,6.479050488106851e-209,False,False
L192_gL0,192,2.0,gL,0,L192_gL0,L192_gL0_late,134.40,0.70,0.5,1.0,open,0.0,"['charge_density_wave', 'left', 'right', 'block_cell12', 'block_cell36']","[['charge_density_wave', 'left'], ['charge_density_wave', 'right'], ['charge_density_wave', 'block_cell12'], ['charge_density_wave', 'block_cell36'], ['left', 'right'], ['block_cell12', 'block_cell36']]","[240, 280, 320, 360]","['left', 'right', 'block_cell12', 'block_cell36']",persistence,new_size_mechanism,0.05,2688,charge_density_wave,block_cell36,0.0,0.0,0.0,0.0,7.411008442086403e-68,0.0,0.0,1.1068334216717602e-63,0.0,1.0915100574493408e-06,1.4562781862992609e-205,False,False
L192_gL0,192,2.0,gL,0,L192_gL0,L192_gL0_late,134.40,0.70,0.5,1.0,open,0.0,"['charge_density_wave', 'left', 'right', 'block_cell12', 'block_cell36']","[['charge_density_wave', 'left'], ['charge_density_wave', 'right'], ['charge_density_wave', 'block_cell12'], ['charge_density_wave', 'block_cell36'], ['left', 'right'], ['block_cell12', 'block_cell36']]","[240, 280, 320, 360]","['left', 'right', 'block_cell12', 'block_cell36']",persistence,new_size_mechanism,0.05,2688,left,right,0.0,0.0,0.0,0.0,5.171858057384235e-40,0.0,0.0,4.563414397976268e-36,0.0,9.611248970031738e-07,1.3952317536505585e-142,False,False
L192_gL0,192,2.0,gL,0,L192_gL0,L192_gL0_late,134.40,0.70,0.5,1.0,open,0.0,"['charge_density_wave', 'left', 'right', 'block_cell12', 'block_cell36']","[['charge_density_wave', 'left'], ['charge_density_wave', 'right'], ['charge_density_wave', 'block_cell12'], ['charge_density_wave', 'block_cell36'], ['left', 'right'], ['block_cell12', 'block_cell36']]","[240, 280, 320, 360]","['left', 'right', 'block_cell12', 'block_cell36']",persistence,new_size_mechanism,0.05,2688,block_cell12,block_cell36,0.0,0.0,0.0,0.0,7.959632098575352e-68,0.0,0.0,1.1901414212317025e-63,0.0,9.294599294662476e-07,1.4569260913480717e-205,False,False
L192_gL2,192,2.0,gL,2,L192_gL2,L192_gL2_i0_t100p485,100.485,0.523359375,0.5,1.0,open,0.010416666666666666,"['charge_density_wave', 'left', 'right']","[['charge_density_wave', 'left'], ['charge_density_wave', 'right'], ['left', 'right']]","[240, 280, 320, 360]",['left'],edge,new_size_mechanism,0.05,2010,charge_density_wave,left,0.06058173539243607,0.060581705244077674,0.060581705244077674,0.060581705244077674,0.060581765540794454,0.024243837666066265,0.024190823436195653,0.024296851895936878,8.0,0.056224700063467026,8.701907703487665e-113,False,False
L192_gL2,192,2.0,gL,2,L192_gL2,L192_gL2_i0_t100p485,100.485,0.523359375,0.5,1.0,open,0.010416666666666666,"['charge_density_wave', 'left', 'right']","[['charge_density_wave', 'left'], ['charge_density_wave', 'right'], ['left', 'right']]","[240, 280, 320, 360]",['left'],edge,new_size_mechanism,0.05,2010,charge_density_wave,right,0.8723266655627563,0.8723256402765468,0.8723256402765468,0.8723256402765468,0.8723276908489658,0.549978001339756,0.548522205990234,0.551433796689278,8.0,0.05724339745938778,1.5722824712430757e-107,True,True
L192_gL2,192,2.0,gL,2,L192_gL2,L192_gL2_i0_t100p485,100.485,0.523359375,0.5,1.0,open,0.010416666666666666,"['charge_density_wave', 'left', 'right']","[['charge_density_wave', 'left'], ['charge_density_wave', 'right'], ['left', 'right']]","[240, 280, 320, 360]",['left'],edge,new_size_mechanism,0.05,2010,left,right,0.8723266655627563,0.8117438747357524,0.8723256101281884,0.8723256101281884,0.8723277209973241,0.5257341636736897,0.5242253540942972,0.5272429732530823,16.0,0.23014997504651546,1.572288379472515e-107,True,True
L192_gL2,192,2.0,gL,2,L192_gL2,L192_gL2_i0_t100p555,100.555,0.5237239583333333333333333333,0.5,1.0,open,0.010416666666666666,"['charge_density_wave', 'left', 'right']","[['charge_density_wave', 'left'], ['charge_density_wave', 'right'], ['left', 'right']]","[240, 280, 320, 360]",['left'],edge,new_size_mechanism,0.05,2011,charge_density_wave,left,0.050294491914192836,0.05029446701777366,0.05029446701777366,0.05029446701777366,0.050294516810612006,0.017652249009102398,0.017608012553177364,0.017696485465027435,8.0,0.057222411036491394,7.232517103089411e-113,False,False
L192_gL2,192,2.0,gL,2,L192_gL2,L192_gL2_i0_t100p555,100.555,0.5237239583333333333333333333,0.5,1.0,open,0.010416666666666666,"['charge_density_wave', 'left', 'right']","[['charge_density_wave', 'left'], ['charge_density_wave', 'right'], ['left', 'right']]","[240, 280, 320, 360]",['left'],edge,new_size_mechanism,0.05,2011,charge_density_wave,right,0.8286155184417349,0.8286145605745812,0.8286145605745812,0.8286145605745812,0.8286164763088886,0.6217912237329909,0.6204249015256756,0.6231575459403061,8.0,0.05781964585185051,1.2598170960028723e-107,True,True
L192_gL2,192,2.0,gL,2,L192_gL2,L192_gL2_i0_t100p555,100.555,0.5237239583333333333333333333,0.5,1.0,open,0.010416666666666666,"['charge_density_wave', 'left', 'right']","[['charge_density_wave', 'left'], ['charge_density_wave', 'right'], ['left', 'right']]","[240, 280, 320, 360]",['left'],edge,new_size_mechanism,0.05,2011,left,right,0.8286155184417349,0.7783200437639691,0.828614535678162,0.828614535678162,0.8286165012053077,0.6041389747238884,0.6027284160606482,0.6055495333871287,16.0,0.2291246298700571,1.2598214443283502e-107,True,True
L192_gL2,192,2.0,gL,2,L192_gL2,L192_gL2_i0_t100p625,100.625,0.5240885416666666666666666667,0.5,1.0,open,0.010416666666666666,"['charge_density_wave', 'left', 'right']","[['charge_density_wave', 'left'], ['charge_density_wave', 'right'], ['left', 'right']]","[240, 280, 320, 360]",['left'],edge,new_size_mechanism,0.05,2012,charge_density_wave,left,0.04174673900752108,0.041746718433438204,0.041746718433438204,0.041746718433438204,0.04174675958160395,0.012811940999109284,0.01277500791915321,0.012848874079065358,8.0,0.05721146799623966,6.008047990048084e-113,False,False
L192_gL2,192,2.0,gL,2,L192_gL2,L192_gL2_i0_t100p625,100.625,0.5240885416666666666666666667,0.5,1.0,open,0.010416666666666666,"['charge_density_wave', 'left', 'right']","[['charge_density_wave', 'left'], ['charge_density_wave', 'right'], ['left', 'right']]","[240, 280, 320, 360]",['left'],edge,new_size_mechanism,0.05,2012,charge_density_wave,right,0.7754013432465053,0.7754004640813205,0.7754004640813205,0.7754004640813205,0.7754022224116902,0.6725027154765391,0.6712414193074628,0.6737640116456152,8.0,0.05853823944926262,1.1515049872102678e-107,True,True
L192_gL2,192,2.0,gL,2,L192_gL2,L192_gL2_i0_t100p625,100.625,0.5240885416666666666666666667,0.5,1.0,open,0.010416666666666666,"['charge_density_wave', 'left', 'right']","[['charge_density_wave', 'left'], ['charge_density_wave', 'right'], ['left', 'right']]","[240, 280, 320, 360]",['left'],edge,new_size_mechanism,0.05,2012,left,right,0.7754013432465053,0.7336537044997166,0.7754004435072376,0.7754004435072376,0.7754022429857731,0.6596907744774297,0.6583925452283975,0.660989003726462,16.0,0.2305988073348999,1.1515049872102062e-107,True,True
L192_gL2,192,2.0,gL,2,L192_gL2,L192_gL2_i1_t101p755,101.755,0.5299739583333333333333333333,0.5,1.0,open,0.010416666666666666,"['charge_density_wave', 'left', 'right']","[['charge_density_wave', 'left'], ['charge_density_wave', 'right'], ['left', 'right']]","[240, 280, 320, 360]",['right'],edge,new_size_mechanism,0.05,2035,charge_density_wave,left,0.002051245648959084,0.002049412853342629,0.002049412853342629,0.002049412853342629,0.00205307844457554,5.629197271368802e-05,0.0,0.0025564598819172784,4.0,0.01543017290532589,2.9597944596921193e-114,False,False
L192_gL2,192,2.0,gL,2,L192_gL2,L192_gL2_i1_t101p755,101.755,0.5299739583333333333333333333,0.5,1.0,open,0.010416666666666666,"['charge_density_wave', 'left', 'right']","[['charge_density_wave', 'left'], ['charge_density_wave', 'right'], ['left', 'right']]","[240, 280, 320, 360]",['right'],edge,new_size_mechanism,0.05,2035,charge_density_wave,right,0.060088734855574845,0.06008868440416754,0.06008868440416754,0.06008868440416754,0.06008878530698215,0.023909974865887165,0.02382375257854558,0.02399619715322875,8.0,0.058601291850209236,2.2296938254899884e-108,False,False
L192_gL2,192,2.0,gL,2,L192_gL2,L192_gL2_i1_t101p755,101.755,0.5299739583333333333333333333,0.5,1.0,open,0.010416666666666666,"['charge_density_wave', 'left', 'right']","[['charge_density_wave', 'left'], ['charge_density_wave', 'right'], ['left', 'right']]","[240, 280, 320, 360]",['right'],edge,new_size_mechanism,0.05,2035,left,right,0.060088734855574845,0.05803560595959201,0.06008685160855109,0.06008685160855109,0.0600906181025986,0.023853682893173477,0.021267292696628304,0.02644007308971865,12.0,0.1307197343558073,2.2296938254930055e-108,False,False
L192_gL2,192,2.0,gL,2,L192_gL2,L192_gL2_i1_t101p825,101.825,0.5303385416666666666666666667,0.5,1.0,open,0.010416666666666666,"['charge_density_wave', 'left', 'right']","[['charge_density_wave', 'left'], ['charge_density_wave', 'right'], ['left', 'right']]","[240, 280, 320, 360]",['right'],edge,new_size_mechanism,0.05,2036,charge_density_wave,left,0.0017020016772474863,0.0017004811014300488,0.0017004811014300488,0.0017004811014300488,0.0017035222530649235,3.983663478293914e-05,0.0,0.002141358156558702,4.0,0.015481675043702126,2.4558610673906556e-114,False,False
L192_gL2,192,2.0,gL,2,L192_gL2,L192_gL2_i1_t101p825,101.825,0.5303385416666666666666666667,0.5,1.0,open,0.010416666666666666,"['charge_density_wave', 'left', 'right']","[['charge_density_wave', 'left'], ['charge_density_wave', 'right'], ['left', 'right']]","[240, 280, 320, 360]",['right'],edge,new_size_mechanism,0.05,2036,charge_density_wave,right,0.049879040830269415,0.04987899917109037,0.04987899917109037,0.04987899917109037,0.04987908248944846,0.0174031501016282,0.01733118805939756,0.017475112143858846,8.0,0.05838054418563843,1.8529283629079727e-108,False,False
L192_gL2,192,2.0,gL,2,L192_gL2,L192_gL2_i1_t101p825,101.825,0.5303385416666666666666666667,0.5,1.0,open,0.010416666666666666,"['charge_density_wave', 'left', 'right']","[['charge_density_wave', 'left'], ['charge_density_wave', 'right'], ['left', 'right']]","[240, 280, 320, 360]",['right'],edge,new_size_mechanism,0.05,2036,left,right,0.049879040830269415,0.04817547691802544,0.04987747859527293,0.04987747859527293,0.04988060306526589,0.017363313466845262,0.01518982990283886,0.019536797030851667,12.0,0.1324581243097782,1.8529283629100516e-108,False,False
L192_gL2,192,2.0,gL,2,L192_gL2,L192_gL2_i1_t101p895,101.895,0.530703125,0.5,1.0,open,0.010416666666666666,"['charge_density_wave', 'left', 'right']","[['charge_density_wave', 'left'], ['charge_density_wave', 'right'], ['left', 'right']]","[240, 280, 320, 360]",['right'],edge,new_size_mechanism,0.05,2038,charge_density_wave,left,0.0014122215801899705,0.0014109599937025196,0.0014109599937025196,0.0014109599937025196,0.0014134831666774213,2.817083520012499e-05,0.0,0.0017943684881986703,4.0,0.015370730310678482,2.0377289769079652e-114,False,False
L192_gL2,192,2.0,gL,2,L192_gL2,L192_gL2_i1_t101p895,101.895,0.530703125,0.5,1.0,open,0.010416666666666666,"['charge_density_wave', 'left', 'right']","[['charge_density_wave', 'left'], ['charge_density_wave', 'right'], ['left', 'right']]","[240, 280, 320, 360]",['right'],edge,new_size_mechanism,0.05,2038,charge_density_wave,right,0.041396891983200866,0.04139685755956438,0.04139685755956438,0.04139685755956438,0.04139692640683734,0.012626975289250877,0.012566881459993889,0.012687069118507865,8.0,0.05866335332393646,1.539020815502121e-108,False,False
L192_gL2,192,2.0,gL,2,L192_gL2,L192_gL2_i1_t101p895,101.895,0.530703125,0.5,1.0,open,0.010416666666666666,"['charge_density_wave', 'left', 'right']","[['charge_density_wave', 'left'], ['charge_density_wave', 'right'], ['left', 'right']]","[240, 280, 320, 360]",['right'],edge,new_size_mechanism,0.05,2038,left,right,0.041396891983200866,0.03998337439288696,0.04139559597307693,0.04139559597307693,0.04139818799332479,0.012598804454050752,0.010772512971795219,0.014425095936306285,12.0,0.13164603151381016,1.5390208155035531e-108,False,False
L192_gL2,192,2.0,gL,2,L192_gL2,L192_gL2_i2_t76p055,76.055,0.3961197916666666666666666667,0.5,1.0,open,0.010416666666666666,"['charge_density_wave', 'block_cell12', 'block_cell36']","[['charge_density_wave', 'block_cell12'], ['charge_density_wave', 'block_cell36'], ['block_cell12', 'block_cell36']]","[240, 280, 320, 360]",['block_cell12'],translated,new_size_mechanism,0.05,1521,charge_density_wave,block_cell12,0.06099387382213054,0.06099387171969443,0.06099387171969443,0.06099387171969443,0.06099387592456665,0.024524282295271867,0.024520047786614547,0.024528516803929187,8.0,0.05844689533114433,1.8849694945600848e-146,False,False
L192_gL2,192,2.0,gL,2,L192_gL2,L192_gL2_i2_t76p055,76.055,0.3961197916666666666666666667,0.5,1.0,open,0.010416666666666666,"['charge_density_wave', 'block_cell12', 'block_cell36']","[['charge_density_wave', 'block_cell12'], ['charge_density_wave', 'block_cell36'], ['block_cell12', 'block_cell36']]","[240, 280, 320, 360]",['block_cell12'],translated,new_size_mechanism,0.05,1521,charge_density_wave,block_cell36,0.9618495546260338,0.9618494534209916,0.9618494534209916,0.9618494534209916,0.9618496558310761,0.2659962885225785,0.26583009089239384,0.26616248615276317,8.0,0.05847359448671341,1.3232751200362082e-143,True,True
L192_gL2,192,2.0,gL,2,L192_gL2,L192_gL2_i2_t76p055,76.055,0.3961197916666666666666666667,0.5,1.0,open,0.010416666666666666,"['charge_density_wave', 'block_cell12', 'block_cell36']","[['charge_density_wave', 'block_cell12'], ['charge_density_wave', 'block_cell36'], ['block_cell12', 'block_cell36']]","[240, 280, 320, 360]",['block_cell12'],translated,new_size_mechanism,0.05,1521,block_cell12,block_cell36,0.9618495546260338,0.9008555774964249,0.9618494513185555,0.9618494513185555,0.9618496579335122,0.24147200622730663,0.24130157408846464,0.24164243836614863,16.0,0.23063785210251808,1.321989686923968e-143,True,True
L192_gL2,192,2.0,gL,2,L192_gL2,L192_gL2_i2_t76p125,76.125,0.396484375,0.5,1.0,open,0.010416666666666666,"['charge_density_wave', 'block_cell12', 'block_cell36']","[['charge_density_wave', 'block_cell12'], ['charge_density_wave', 'block_cell36'], ['block_cell12', 'block_cell36']]","[240, 280, 320, 360]",['block_cell12'],translated,new_size_mechanism,0.05,1522,charge_density_wave,block_cell12,0.05064738255957955,0.050647380823289595,0.050647380823289595,0.050647380823289595,0.0506473842958695,0.017864914839491385,0.01786138589013547,0.017868443788847298,8.0,0.05931250937283039,1.567032305156005e-146,False,False
L192_gL2,192,2.0,gL,2,L192_gL2,L192_gL2_i2_t76p125,76.125,0.396484375,0.5,1.0,open,0.010416666666666666,"['charge_density_wave', 'block_cell12', 'block_cell36']","[['charge_density_wave', 'block_cell12'], ['charge_density_wave', 'block_cell36'], ['block_cell12', 'block_cell36']]","[240, 280, 320, 360]",['block_cell12'],translated,new_size_mechanism,0.05,1522,charge_density_wave,block_cell36,0.9459731099696327,0.9459730208644915,0.9459730208644915,0.9459730208644915,0.945973199074774,0.3362213563799198,0.3360739398468876,0.336368772912952,8.0,0.05971520394086838,1.5311416545904463e-143,True,True
L192_gL2,192,2.0,gL,2,L192_gL2,L192_gL2_i2_t76p125,76.125,0.396484375,0.5,1.0,open,0.010416666666666666,"['charge_density_wave', 'block_cell12', 'block_cell36']","[['charge_density_wave', 'block_cell12'], ['charge_density_wave', 'block_cell36'], ['block_cell12', 'block_cell36']]","[240, 280, 320, 360]",['block_cell12'],translated,new_size_mechanism,0.05,1522,block_cell12,block_cell36,0.9459731099696327,0.895325636568622,0.9459730191282015,0.9459730191282015,0.945973200811064,0.31835644154042836,0.31820549605804027,0.3185073870228165,16.0,0.23504889011383057,1.530195110768557e-143,True,True
L192_gL2,192,2.0,gL,2,L192_gL2,L192_gL2_i2_t76p195,76.195,0.3968489583333333333333333333,0.5,1.0,open,0.010416666666666666,"['charge_density_wave', 'block_cell12', 'block_cell36']","[['charge_density_wave', 'block_cell12'], ['charge_density_wave', 'block_cell36'], ['block_cell12', 'block_cell36']]","[240, 280, 320, 360]",['block_cell12'],translated,new_size_mechanism,0.05,1524,charge_density_wave,block_cell12,0.04204848577322372,0.042048484338242535,0.042048484338242535,0.042048484338242535,0.0420484872082049,0.012972330800094651,0.012969387993845496,0.012975273606343806,8.0,0.059539007022976875,1.302020514670224e-146,False,False
L192_gL2,192,2.0,gL,2,L192_gL2,L192_gL2_i2_t76p195,76.195,0.3968489583333333333333333333,0.5,1.0,open,0.010416666666666666,"['charge_density_wave', 'block_cell12', 'block_cell36']","[['charge_density_wave', 'block_cell12'], ['charge_density_wave', 'block_cell36'], ['block_cell12', 'block_cell36']]","[240, 280, 320, 360]",['block_cell12'],translated,new_size_mechanism,0.05,1524,charge_density_wave,block_cell36,0.9242560977587351,0.9242560186075175,0.9242560186075175,0.9242560186075175,0.9242561769099525,0.41526697168488025,0.4151351229370134,0.4153988204327472,8.0,0.05857456102967262,1.6732481606236724e-143,True,True
L192_gL2,192,2.0,gL,2,L192_gL2,L192_gL2_i2_t76p195,76.195,0.3968489583333333333333333333,0.5,1.0,open,0.010416666666666666,"['charge_density_wave', 'block_cell12', 'block_cell36']","[['charge_density_wave', 'block_cell12'], ['charge_density_wave', 'block_cell36'], ['block_cell12', 'block_cell36']]","[240, 280, 320, 360]",['block_cell12'],translated,new_size_mechanism,0.05,1524,block_cell12,block_cell36,0.9242560977587351,0.8822075313993126,0.9242560171725364,0.9242560171725364,0.9242561783449338,0.4022946408847856,0.4021598493306696,0.40242943243890167,16.0,0.23366705887019634,1.6725543856219547e-143,True,True
L192_gL2,192,2.0,gL,2,L192_gL2,L192_gL2_i3_t77p585,77.585,0.4040885416666666666666666667,0.5,1.0,open,0.010416666666666666,"['charge_density_wave', 'block_cell12', 'block_cell36']","[['charge_density_wave', 'block_cell12'], ['charge_density_wave', 'block_cell36'], ['block_cell12', 'block_cell36']]","[240, 280, 320, 360]",['block_cell36'],translated,new_size_mechanism,0.05,1552,charge_density_wave,block_cell12,0.0010378810378668848,0.0010376372532588877,0.0010376372532588877,0.0010376372532588877,0.001038124822474882,1.587912082030307e-05,0.0,0.00039564437964618115,4.0,0.015191415324807167,3.220146268037589e-148,False,False
L192_gL2,192,2.0,gL,2,L192_gL2,L192_gL2_i3_t77p585,77.585,0.4040885416666666666666666667,0.5,1.0,open,0.010416666666666666,"['charge_density_wave', 'block_cell12', 'block_cell36']","[['charge_density_wave', 'block_cell12'], ['charge_density_wave', 'block_cell36'], ['block_cell12', 'block_cell36']]","[240, 280, 320, 360]",['block_cell36'],translated,new_size_mechanism,0.05,1552,charge_density_wave,block_cell36,0.059508519321571356,0.059508516600972755,0.059508516600972755,0.059508516600972755,0.059508522042169956,0.02351930010074968,0.02351388787320304,0.02352471232829632,8.0,0.05772051215171814,2.2529983558524082e-144,False,False
L192_gL2,192,2.0,gL,2,L192_gL2,L192_gL2_i3_t77p585,77.585,0.4040885416666666666666666667,0.5,1.0,open,0.010416666666666666,"['charge_density_wave', 'block_cell12', 'block_cell36']","[['charge_density_wave', 'block_cell12'], ['charge_density_wave', 'block_cell36'], ['block_cell12', 'block_cell36']]","[240, 280, 320, 360]",['block_cell36'],translated,new_size_mechanism,0.05,1552,block_cell12,block_cell36,0.059508519321571356,0.058470391778497874,0.059508272816364755,0.059508272816364755,0.05950876582677796,0.023503420979929378,0.023118243493556855,0.023888598466301897,12.0,0.12998351454734802,2.253320364551443e-144,False,False
L192_gL2,192,2.0,gL,2,L192_gL2,L192_gL2_i3_t77p655,77.655,0.404453125,0.5,1.0,open,0.010416666666666666,"['charge_density_wave', 'block_cell12', 'block_cell36']","[['charge_density_wave', 'block_cell12'], ['charge_density_wave', 'block_cell36'], ['block_cell12', 'block_cell36']]","[240, 280, 320, 360]",['block_cell36'],translated,new_size_mechanism,0.05,1553,charge_density_wave,block_cell12,0.0008613550029719388,0.0008611526855756479,0.0008611526855756479,0.0008611526855756479,0.0008615573203682298,1.1213572346891848e-05,0.0,0.00033000288604891146,4.0,0.015669122338294983,2.672452354107558e-148,False,False
L192_gL2,192,2.0,gL,2,L192_gL2,L192_gL2_i3_t77p655,77.655,0.404453125,0.5,1.0,open,0.010416666666666666,"['charge_density_wave', 'block_cell12', 'block_cell36']","[['charge_density_wave', 'block_cell12'], ['charge_density_wave', 'block_cell36'], ['block_cell12', 'block_cell36']]","[240, 280, 320, 360]",['block_cell36'],translated,new_size_mechanism,0.05,1553,charge_density_wave,block_cell36,0.04941011277570141,0.04941011052880265,0.04941011052880265,0.04941011052880265,0.049410115022600176,0.017123641708568726,0.01711913057254815,0.017128152844589302,8.0,0.05769350379705429,1.872735807907256e-144,False,False
L192_gL2,192,2.0,gL,2,L192_gL2,L192_gL2_i3_t77p655,77.655,0.404453125,0.5,1.0,open,0.010416666666666666,"['charge_density_wave', 'block_cell12', 'block_cell36']","[['charge_density_wave', 'block_cell12'], ['charge_density_wave', 'block_cell36'], ['block_cell12', 'block_cell36']]","[240, 280, 320, 360]",['block_cell36'],translated,new_size_mechanism,0.05,1553,block_cell12,block_cell36,0.04941011277570141,0.04854855320843442,0.04940990821140635,0.04940990821140635,0.04941031733999647,0.017112428136221835,0.01678912768649924,0.01743572858594443,12.0,0.12852116860449314,1.873003048960136e-144,False,False
L192_gL2,192,2.0,gL,2,L192_gL2,L192_gL2_i3_t77p725,77.725,0.4048177083333333333333333333,0.5,1.0,open,0.010416666666666666,"['charge_density_wave', 'block_cell12', 'block_cell36']","[['charge_density_wave', 'block_cell12'], ['charge_density_wave', 'block_cell36'], ['block_cell12', 'block_cell36']]","[240, 280, 320, 360]",['block_cell36'],translated,new_size_mechanism,0.05,1554,charge_density_wave,block_cell12,0.0007148541517527028,0.0007146862450279163,0.0007146862450279163,0.0007146862450279163,0.0007150220584774891,7.914042303269483e-06,0.0,0.000275487896113736,4.0,0.015439122915267944,2.2179153196702523e-148,False,False
L192_gL2,192,2.0,gL,2,L192_gL2,L192_gL2_i3_t77p725,77.725,0.4048177083333333333333333333,0.5,1.0,open,0.010416666666666666,"['charge_density_wave', 'block_cell12', 'block_cell36']","[['charge_density_wave', 'block_cell12'], ['charge_density_wave', 'block_cell36'], ['block_cell12', 'block_cell36']]","[240, 280, 320, 360]",['block_cell36'],translated,new_size_mechanism,0.05,1554,charge_density_wave,block_cell36,0.04101841097641122,0.04101840911937024,0.04101840911937024,0.04101840911937024,0.04101841283345219,0.012428073807449319,0.012424311421962365,0.012431836192936273,8.0,0.05902995727956295,1.555856613241053e-144,False,False
L192_gL2,192,2.0,gL,2,L192_gL2,L192_gL2_i3_t77p725,77.725,0.4048177083333333333333333333,0.5,1.0,open,0.010416666666666666,"['charge_density_wave', 'block_cell12', 'block_cell36']","[['charge_density_wave', 'block_cell12'], ['charge_density_wave', 'block_cell36'], ['block_cell12', 'block_cell36']]","[240, 280, 320, 360]",['block_cell36'],translated,new_size_mechanism,0.05,1554,block_cell12,block_cell36,0.04101841097641122,0.04030338706089275,0.041018241212645454,0.041018241212645454,0.04101858074017698,0.012420159765146049,0.01214882352584863,0.01269149600444347,12.0,0.13090434856712818,1.5560784018362457e-144,False,False
L192_gL2,192,2.0,gL,2,L192_gL2,L192_gL2_late,134.40,0.70,0.5,1.0,open,0.010416666666666666,"['charge_density_wave', 'left', 'right', 'block_cell12', 'block_cell36']","[['charge_density_wave', 'left'], ['charge_density_wave', 'right'], ['charge_density_wave', 'block_cell12'], ['charge_density_wave', 'block_cell36'], ['left', 'right'], ['block_cell12', 'block_cell36']]","[240, 280, 320, 360]","['left', 'right', 'block_cell12', 'block_cell36']",persistence,new_size_mechanism,0.05,2688,charge_density_wave,left,0.0,0.0,0.0,0.0,3.6616257106092806e-41,0.0,0.0,3.308050282484537e-37,0.0,2.5313347578048706e-06,4.7162840357633946e-148,False,False
L192_gL2,192,2.0,gL,2,L192_gL2,L192_gL2_late,134.40,0.70,0.5,1.0,open,0.010416666666666666,"['charge_density_wave', 'left', 'right', 'block_cell12', 'block_cell36']","[['charge_density_wave', 'left'], ['charge_density_wave', 'right'], ['charge_density_wave', 'block_cell12'], ['charge_density_wave', 'block_cell36'], ['left', 'right'], ['block_cell12', 'block_cell36']]","[240, 280, 320, 360]","['left', 'right', 'block_cell12', 'block_cell36']",persistence,new_size_mechanism,0.05,2688,charge_density_wave,right,0.0,0.0,0.0,0.0,1.013412615432279e-39,0.0,0.0,8.832498520594721e-36,0.0,1.3504177331924438e-06,3.251358078722463e-142,False,False
L192_gL2,192,2.0,gL,2,L192_gL2,L192_gL2_late,134.40,0.70,0.5,1.0,open,0.010416666666666666,"['charge_density_wave', 'left', 'right', 'block_cell12', 'block_cell36']","[['charge_density_wave', 'left'], ['charge_density_wave', 'right'], ['charge_density_wave', 'block_cell12'], ['charge_density_wave', 'block_cell36'], ['left', 'right'], ['block_cell12', 'block_cell36']]","[240, 280, 320, 360]","['left', 'right', 'block_cell12', 'block_cell36']",persistence,new_size_mechanism,0.05,2688,charge_density_wave,block_cell12,0.0,0.0,0.0,0.0,2.740262670424704e-69,0.0,0.0,4.1793254482130836e-65,0.0,1.130625605583191e-06,1.2877773158228335e-209,False,False
L192_gL2,192,2.0,gL,2,L192_gL2,L192_gL2_late,134.40,0.70,0.5,1.0,open,0.010416666666666666,"['charge_density_wave', 'left', 'right', 'block_cell12', 'block_cell36']","[['charge_density_wave', 'left'], ['charge_density_wave', 'right'], ['charge_density_wave', 'block_cell12'], ['charge_density_wave', 'block_cell36'], ['left', 'right'], ['block_cell12', 'block_cell36']]","[240, 280, 320, 360]","['left', 'right', 'block_cell12', 'block_cell36']",persistence,new_size_mechanism,0.05,2688,charge_density_wave,block_cell36,0.0,0.0,0.0,0.0,1.4926210017113418e-67,0.0,0.0,2.219195483928045e-63,0.0,1.000240445137024e-06,8.375918355578439e-206,False,False
L192_gL2,192,2.0,gL,2,L192_gL2,L192_gL2_late,134.40,0.70,0.5,1.0,open,0.010416666666666666,"['charge_density_wave', 'left', 'right', 'block_cell12', 'block_cell36']","[['charge_density_wave', 'left'], ['charge_density_wave', 'right'], ['charge_density_wave', 'block_cell12'], ['charge_density_wave', 'block_cell36'], ['left', 'right'], ['block_cell12', 'block_cell36']]","[240, 280, 320, 360]","['left', 'right', 'block_cell12', 'block_cell36']",persistence,new_size_mechanism,0.05,2688,left,right,0.0,0.0,0.0,0.0,1.050028872538372e-39,0.0,0.0,9.163303548843175e-36,0.0,1.080334186553955e-06,3.2513627950064985e-142,False,False
L192_gL2,192,2.0,gL,2,L192_gL2,L192_gL2_late,134.40,0.70,0.5,1.0,open,0.010416666666666666,"['charge_density_wave', 'left', 'right', 'block_cell12', 'block_cell36']","[['charge_density_wave', 'left'], ['charge_density_wave', 'right'], ['charge_density_wave', 'block_cell12'], ['charge_density_wave', 'block_cell36'], ['left', 'right'], ['block_cell12', 'block_cell36']]","[240, 280, 320, 360]","['left', 'right', 'block_cell12', 'block_cell36']",persistence,new_size_mechanism,0.05,2688,block_cell12,block_cell36,0.0,0.0,0.0,0.0,1.5200236284155888e-67,0.0,0.0,2.2609887384101757e-63,0.0,9.611248970031738e-07,8.374630578262616e-206,False,False
L192_gL4,192,2.0,gL,4,L192_gL4,L192_gL4_i0_t100p155,100.155,0.521640625,0.5,1.0,open,0.020833333333333332,"['charge_density_wave', 'left', 'right']","[['charge_density_wave', 'left'], ['charge_density_wave', 'right'], ['left', 'right']]","[240, 280, 320, 360]",['left'],edge,new_size_mechanism,0.05,2003,charge_density_wave,left,0.06022958025675262,0.060229550084313604,0.060229550084313604,0.060229550084313604,0.06022961042919162,0.024005177335307205,0.023952123073654612,0.024058231596959793,8.0,0.055973563343286514,8.388301492100445e-113,False,False
L192_gL4,192,2.0,gL,4,L192_gL4,L192_gL4_i0_t100p155,100.155,0.521640625,0.5,1.0,open,0.020833333333333332,"['charge_density_wave', 'left', 'right']","[['charge_density_wave', 'left'], ['charge_density_wave', 'right'], ['left', 'right']]","[240, 280, 320, 360]",['left'],edge,new_size_mechanism,0.05,2003,charge_density_wave,right,0.9954340727085816,0.9954325995588997,0.9954325995588997,0.9954325995588997,0.9954355458582634,0.051875582163744674,0.04983512507482428,0.053916039252665075,8.0,0.05725124664604664,3.188756208789749e-108,True,False
L192_gL4,192,2.0,gL,4,L192_gL4,L192_gL4_i0_t100p155,100.155,0.521640625,0.5,1.0,open,0.020833333333333332,"['charge_density_wave', 'left', 'right']","[['charge_density_wave', 'left'], ['charge_density_wave', 'right'], ['left', 'right']]","[240, 280, 320, 360]",['left'],edge,new_size_mechanism,0.05,2003,left,right,0.9954340727085816,0.9352029891297081,0.9954325693864607,0.9954325693864607,0.9954355760307025,0.027870404828437473,0.025776893477864483,0.029963916179010463,16.0,0.22815014980733395,3.1888129489978953e-108,True,False
L192_gL4,192,2.0,gL,4,L192_gL4,L192_gL4_i0_t100p225,100.225,0.5220052083333333333333333333,0.5,1.0,open,0.020833333333333332,"['charge_density_wave', 'left', 'right']","[['charge_density_wave', 'left'], ['charge_density_wave', 'right'], ['left', 'right']]","[240, 280, 320, 360]",['left'],edge,new_size_mechanism,0.05,2004,charge_density_wave,left,0.050004714053704116,0.05000468913547637,0.05000468913547637,0.05000468913547637,0.05000473897193186,0.01747835708902986,0.017434083977732006,0.01752263020032771,8.0,0.05833122506737709,6.972131044127489e-113,False,False
L192_gL4,192,2.0,gL,4,L192_gL4,L192_gL4_i0_t100p225,100.225,0.5220052083333333333333333333,0.5,1.0,open,0.020833333333333332,"['charge_density_wave', 'left', 'right']","[['charge_density_wave', 'left'], ['charge_density_wave', 'right'], ['left', 'right']]","[240, 280, 320, 360]",['left'],edge,new_size_mechanism,0.05,2004,charge_density_wave,right,0.9933853476977936,0.9933839587243337,0.9933839587243337,0.9933839587243337,0.9933867366712537,0.07017380933859348,0.06824209906736171,0.07210551960982522,8.0,0.05783718451857567,4.217196836557937e-108,True,False
L192_gL4,192,2.0,gL,4,L192_gL4,L192_gL4_i0_t100p225,100.225,0.5220052083333333333333333333,0.5,1.0,open,0.020833333333333332,"['charge_density_wave', 'left', 'right']","[['charge_density_wave', 'left'], ['charge_density_wave', 'right'], ['left', 'right']]","[240, 280, 320, 360]",['left'],edge,new_size_mechanism,0.05,2004,left,right,0.9933853476977936,0.9433792197524018,0.993383933806106,0.993383933806106,0.9933867615894814,0.05269545224956361,0.050719468867034,0.05467143563209322,16.0,0.22703975811600685,4.2172385935814025e-108,True,False
L192_gL4,192,2.0,gL,4,L192_gL4,L192_gL4_i0_t100p295,100.295,0.5223697916666666666666666667,0.5,1.0,open,0.020833333333333332,"['charge_density_wave', 'left', 'right']","[['charge_density_wave', 'left'], ['charge_density_wave', 'right'], ['left', 'right']]","[240, 280, 320, 360]",['left'],edge,new_size_mechanism,0.05,2006,charge_density_wave,left,0.04150843908336456,0.04150841848971818,0.04150841848971818,0.04150841848971818,0.04150845967701093,0.012685834946505027,0.012648868626571406,0.012722801266438648,8.0,0.05795162729918957,5.792002906791722e-113,False,False
L192_gL4,192,2.0,gL,4,L192_gL4,L192_gL4_i0_t100p295,100.295,0.5223697916666666666666666667,0.5,1.0,open,0.020833333333333332,"['charge_density_wave', 'left', 'right']","[['charge_density_wave', 'left'], ['charge_density_wave', 'right'], ['left', 'right']]","[240, 280, 320, 360]",['left'],edge,new_size_mechanism,0.05,2006,charge_density_wave,right,0.9904306197831942,0.990429293820876,0.990429293820876,0.990429293820876,0.9904319457455125,0.09430751568796471,0.09245752821318885,0.09615750316274058,8.0,0.05890588276088238,5.518049924716531e-108,True,False
L192_gL4,192,2.0,gL,4,L192_gL4,L192_gL4_i0_t100p295,100.295,0.5223697916666666666666666667,0.5,1.0,open,0.020833333333333332,"['charge_density_wave', 'left', 'right']","[['charge_density_wave', 'left'], ['charge_density_wave', 'right'], ['left', 'right']]","[240, 280, 320, 360]",['left'],edge,new_size_mechanism,0.05,2006,left,right,0.9904306197831942,0.948920834143865,0.9904292732272296,0.9904292732272296,0.9904319663391589,0.08162168074145969,0.07973472694675021,0.08350863453616916,16.0,0.23164743557572365,5.518080514330067e-108,True,False
L192_gL4,192,2.0,gL,4,L192_gL4,L192_gL4_i1_t102p085,102.085,0.5316927083333333333333333333,0.5,1.0,open,0.020833333333333332,"['charge_density_wave', 'left', 'right']","[['charge_density_wave', 'left'], ['charge_density_wave', 'right'], ['left', 'right']]","[240, 280, 320, 360]",['right'],edge,new_size_mechanism,0.05,2042,charge_density_wave,left,0.0003515090940885711,0.0003511940668596698,0.0003511940668596698,0.0003511940668596698,0.0003518241213174724,2.088950366343125e-06,0.0,0.0004850818408115525,4.0,0.01506962813436985,4.917573535673572e-115,False,False
L192_gL4,192,2.0,gL,4,L192_gL4,L192_gL4_i1_t102p085,102.085,0.5316927083333333333333333333,0.5,1.0,open,0.020833333333333332,"['charge_density_wave', 'left', 'right']","[['charge_density_wave', 'left'], ['charge_density_wave', 'right'], ['left', 'right']]","[240, 280, 320, 360]",['right'],edge,new_size_mechanism,0.05,2042,charge_density_wave,right,0.06025388192549552,0.060253831661360086,0.060253831661360086,0.060253831661360086,0.06025393218963095,0.024021618185680525,0.023935698004359483,0.02410753836700157,8.0,0.05965370126068592,2.2287280378622923e-108,False,False
L192_gL4,192,2.0,gL,4,L192_gL4,L192_gL4_i1_t102p085,102.085,0.5316927083333333333333333333,0.5,1.0,open,0.020833333333333332,"['charge_density_wave', 'left', 'right']","[['charge_density_wave', 'left'], ['charge_density_wave', 'right'], ['left', 'right']]","[240, 280, 320, 360]",['right'],edge,new_size_mechanism,0.05,2042,left,right,0.06025388192549552,0.059902007540042615,0.060253516634131185,0.060253516634131185,0.06025424721685985,0.024019529235314183,0.023450616163547933,0.024588442307080433,12.0,0.1314470563083887,2.228728037862379e-108,False,False
L192_gL4,192,2.0,gL,4,L192_gL4,L192_gL4_i1_t102p155,102.155,0.5320572916666666666666666667,0.5,1.0,open,0.020833333333333332,"['charge_density_wave', 'left', 'right']","[['charge_density_wave', 'left'], ['charge_density_wave', 'right'], ['left', 'right']]","[240, 280, 320, 360]",['right'],edge,new_size_mechanism,0.05,2043,charge_density_wave,left,0.0002827164629578004,0.0002734849296737703,0.0002734849296737703,0.0002734849296737703,0.0002919479962418306,1.3861323109365985e-06,0.0,0.011161539553259176,2.0,0.004306100308895111,4.0806165005219815e-115,False,False
L192_gL4,192,2.0,gL,4,L192_gL4,L192_gL4_i1_t102p155,102.155,0.5320572916666666666666666667,0.5,1.0,open,0.020833333333333332,"['charge_density_wave', 'left', 'right']","[['charge_density_wave', 'left'], ['charge_density_wave', 'right'], ['left', 'right']]","[240, 280, 320, 360]",['right'],edge,new_size_mechanism,0.05,2043,charge_density_wave,right,0.05001379545378972,0.05001375395163558,0.05001375395163558,0.05001375395163558,0.05001383695594387,0.017483796569526092,0.017412090726068648,0.017555502412983533,8.0,0.05838131345808506,1.8520513259908786e-108,False,False
L192_gL4,192,2.0,gL,4,L192_gL4,L192_gL4_i1_t102p155,102.155,0.5320572916666666666666666667,0.5,1.0,open,0.020833333333333332,"['charge_density_wave', 'left', 'right']","[['charge_density_wave', 'left'], ['charge_density_wave', 'right'], ['left', 'right']]","[240, 280, 320, 360]",['right'],edge,new_size_mechanism,0.05,2043,left,right,0.05001379545378972,0.049721805955393744,0.050004522418351544,0.050004522418351544,0.0500230684892279,0.017482410437215153,0.006250551172809472,0.028714269701620835,10.0,0.09277567826211452,1.8520513259927335e-108,False,False
L192_gL4,192,2.0,gL,4,L192_gL4,L192_gL4_i1_t102p225,102.225,0.532421875,0.5,1.0,open,0.020833333333333332,"['charge_density_wave', 'left', 'right']","[['charge_density_wave', 'left'], ['charge_density_wave', 'right'], ['left', 'right']]","[240, 280, 320, 360]",['right'],edge,new_size_mechanism,0.05,2044,charge_density_wave,left,0.00023459799653067302,0.00022693757643134685,0.00022693757643134685,0.00022693757643134685,0.00024225841662999916,9.74981733089049e-07,0.0,0.009398979297118339,2.0,0.004358597099781036,3.3860909523615103e-115,False,False
L192_gL4,192,2.0,gL,4,L192_gL4,L192_gL4_i1_t102p225,102.225,0.532421875,0.5,1.0,open,0.020833333333333332,"['charge_density_wave', 'left', 'right']","[['charge_density_wave', 'left'], ['charge_density_wave', 'right'], ['left', 'right']]","[240, 280, 320, 360]",['right'],edge,new_size_mechanism,0.05,2044,charge_density_wave,right,0.04150675291643251,0.04150671862448314,0.04150671862448314,0.04150671862448314,0.04150678720838188,0.012684944401961355,0.01262506784300204,0.01274482096092067,8.0,0.0587445255368948,1.5382257523280794e-108,False,False
L192_gL4,192,2.0,gL,4,L192_gL4,L192_gL4_i1_t102p225,102.225,0.532421875,0.5,1.0,open,0.020833333333333332,"['charge_density_wave', 'left', 'right']","[['charge_density_wave', 'left'], ['charge_density_wave', 'right'], ['left', 'right']]","[240, 280, 320, 360]",['right'],edge,new_size_mechanism,0.05,2044,left,right,0.04150675291643251,0.04126446020785314,0.041499058204383814,0.041499058204383814,0.04151444762848121,0.012683969420228265,0.0032260885458837004,0.022141850294572833,10.0,0.0928210187703371,1.5382257523293211e-108,False,False
L192_gL4,192,2.0,gL,4,L192_gL4,L192_gL4_i2_t75p795,75.795,0.394765625,0.5,1.0,open,0.020833333333333332,"['charge_density_wave', 'block_cell12', 'block_cell36']","[['charge_density_wave', 'block_cell12'], ['charge_density_wave', 'block_cell36'], ['block_cell12', 'block_cell36']]","[240, 280, 320, 360]",['block_cell12'],translated,new_size_mechanism,0.05,1516,charge_density_wave,block_cell12,0.05956370951989114,0.0595637074058291,0.0595637074058291,0.0595637074058291,0.05956371163395319,0.023556356147354417,0.023552099342118826,0.023560612952590005,8.0,0.05902703292667866,2.3064966596251067e-146,False,False
L192_gL4,192,2.0,gL,4,L192_gL4,L192_gL4_i2_t75p795,75.795,0.394765625,0.5,1.0,open,0.020833333333333332,"['charge_density_wave', 'block_cell12', 'block_cell36']","[['charge_density_wave', 'block_cell12'], ['charge_density_wave', 'block_cell36'], ['block_cell12', 'block_cell36']]","[240, 280, 320, 360]",['block_cell12'],translated,new_size_mechanism,0.05,1516,charge_density_wave,block_cell36,0.997638348404422,0.9976380118126459,0.9976380118126459,0.9976380118126459,0.997638684996198,0.029981031791075013,0.029467116095118515,0.030494947487031507,8.0,0.058808814734220505,9.828458439023276e-145,True,False
L192_gL4,192,2.0,gL,4,L192_gL4,L192_gL4_i2_t75p795,75.795,0.394765625,0.5,1.0,open,0.020833333333333332,"['charge_density_wave', 'block_cell12', 'block_cell36']","[['charge_density_wave', 'block_cell12'], ['charge_density_wave', 'block_cell36'], ['block_cell12', 'block_cell36']]","[240, 280, 320, 360]",['block_cell12'],translated,new_size_mechanism,0.05,1516,block_cell12,block_cell36,0.997638348404422,0.9380743001786926,0.9976380096985838,0.9976380096985838,0.99763868711026,0.0064246756437205945,0.005906503142528509,0.00694284814491268,16.0,0.23652518913149834,9.983367865340303e-145,True,False
L192_gL4,192,2.0,gL,4,L192_gL4,L192_gL4_i2_t75p865,75.865,0.3951302083333333333333333333,0.5,1.0,open,0.020833333333333332,"['charge_density_wave', 'block_cell12', 'block_cell36']","[['charge_density_wave', 'block_cell12'], ['charge_density_wave', 'block_cell36'], ['block_cell12', 'block_cell36']]","[240, 280, 320, 360]",['block_cell12'],translated,new_size_mechanism,0.05,1517,charge_density_wave,block_cell12,0.049460212335849706,0.049460210589726654,0.049460210589726654,0.049460210589726654,0.04946021408197275,0.017153420045720413,0.017149872057582016,0.01715696803385881,8.0,0.05932926386594772,1.9173725507509725e-146,False,False
L192_gL4,192,2.0,gL,4,L192_gL4,L192_gL4_i2_t75p865,75.865,0.3951302083333333333333333333,0.5,1.0,open,0.020833333333333332,"['charge_density_wave', 'block_cell12', 'block_cell36']","[['charge_density_wave', 'block_cell12'], ['charge_density_wave', 'block_cell36'], ['block_cell12', 'block_cell36']]","[240, 280, 320, 360]",['block_cell12'],translated,new_size_mechanism,0.05,1517,charge_density_wave,block_cell36,0.9965755558268521,0.9965752747275075,0.9965752747275075,0.9965752747275075,0.9965758369261968,0.04090261301799551,0.04046856259372037,0.04133666344227066,8.0,0.05901302769780159,1.3222268908752284e-144,True,False
L192_gL4,192,2.0,gL,4,L192_gL4,L192_gL4_i2_t75p865,75.865,0.3951302083333333333333333333,0.5,1.0,open,0.020833333333333332,"['charge_density_wave', 'block_cell12', 'block_cell36']","[['charge_density_wave', 'block_cell12'], ['charge_density_wave', 'block_cell36'], ['block_cell12', 'block_cell36']]","[240, 280, 320, 360]",['block_cell12'],translated,new_size_mechanism,0.05,1517,block_cell12,block_cell36,0.9965755558268521,0.9471150606455347,0.9965752729813844,0.9965752729813844,0.9965758386723198,0.023749192972275103,0.023311594559861565,0.02418679138468864,16.0,0.23518325947225094,1.333627237233482e-144,True,False
L192_gL4,192,2.0,gL,4,L192_gL4,L192_gL4_i2_t75p935,75.935,0.3954947916666666666666666667,0.5,1.0,open,0.020833333333333332,"['charge_density_wave', 'block_cell12', 'block_cell36']","[['charge_density_wave', 'block_cell12'], ['charge_density_wave', 'block_cell36'], ['block_cell12', 'block_cell36']]","[240, 280, 320, 360]",['block_cell12'],translated,new_size_mechanism,0.05,1519,charge_density_wave,block_cell12,0.04105398209249696,0.041043993436459404,0.041043993436459404,0.041043993436459404,0.04106397074853451,0.012446713984444512,0.00044684875576558175,0.024446579213123442,4.0,0.015459442511200905,1.5930891634703516e-146,False,False
L192_gL4,192,2.0,gL,4,L192_gL4,L192_gL4_i2_t75p935,75.935,0.3954947916666666666666666667,0.5,1.0,open,0.020833333333333332,"['charge_density_wave', 'block_cell12', 'block_cell36']","[['charge_density_wave', 'block_cell12'], ['charge_density_wave', 'block_cell36'], ['block_cell12', 'block_cell36']]","[240, 280, 320, 360]",['block_cell12'],translated,new_size_mechanism,0.05,1519,charge_density_wave,block_cell36,0.995038066094614,0.995037830668093,0.995037830668093,0.995037830668093,0.995038301521135,0.05554016100507617,0.05517262742988125,0.055907694580271096,8.0,0.05941847525537014,1.7654126087190638e-144,True,False
L192_gL4,192,2.0,gL,4,L192_gL4,L192_gL4_i2_t75p935,75.935,0.3954947916666666666666666667,0.5,1.0,open,0.020833333333333332,"['charge_density_wave', 'block_cell12', 'block_cell36']","[['charge_density_wave', 'block_cell12'], ['charge_density_wave', 'block_cell36'], ['block_cell12', 'block_cell36']]","[240, 280, 320, 360]",['block_cell12'],translated,new_size_mechanism,0.05,1519,block_cell12,block_cell36,0.995038066094614,0.9539738599195585,0.9950278420120555,0.9950278420120555,0.9950482901771726,0.04309344702063166,0.03072604821675781,0.055460845824505514,12.0,0.133172744885087,1.773674506138142e-144,True,False
L192_gL4,192,2.0,gL,4,L192_gL4,L192_gL4_i3_t77p855,77.855,0.4054947916666666666666666667,0.5,1.0,open,0.020833333333333332,"['charge_density_wave', 'block_cell12', 'block_cell36']","[['charge_density_wave', 'block_cell12'], ['charge_density_wave', 'block_cell36'], ['block_cell12', 'block_cell36']]","[240, 280, 320, 360]",['block_cell36'],translated,new_size_mechanism,0.05,1557,charge_density_wave,block_cell12,0.00024336504475002394,0.0002393427160543963,0.0002393427160543963,0.0002393427160543963,0.0002473873734456516,1.0448685456916743e-06,0.0,0.005184499845581995,2.0,0.004526924341917038,9.61276885128583e-149,False,False
L192_gL4,192,2.0,gL,4,L192_gL4,L192_gL4_i3_t77p855,77.855,0.4054947916666666666666666667,0.5,1.0,open,0.020833333333333332,"['charge_density_wave', 'block_cell12', 'block_cell36']","[['charge_density_wave', 'block_cell12'], ['charge_density_wave', 'block_cell36'], ['block_cell12', 'block_cell36']]","[240, 280, 320, 360]",['block_cell36'],translated,new_size_mechanism,0.05,1557,charge_density_wave,block_cell36,0.05982990063673639,0.0598298979824913,0.0598298979824913,0.0598298979824913,0.05982990329098148,0.02373539352670927,0.023730107008013045,0.023740680045405492,8.0,0.05816337466239929,1.1655479418109513e-144,False,False
L192_gL4,192,2.0,gL,4,L192_gL4,L192_gL4_i3_t77p855,77.855,0.4054947916666666666666666667,0.5,1.0,open,0.020833333333333332,"['charge_density_wave', 'block_cell12', 'block_cell36']","[['charge_density_wave', 'block_cell12'], ['charge_density_wave', 'block_cell36'], ['block_cell12', 'block_cell36']]","[240, 280, 320, 360]",['block_cell36'],translated,new_size_mechanism,0.05,1557,block_cell12,block_cell36,0.05982990063673639,0.059582510609045645,0.05982587565379567,0.05982587565379567,0.05983392561967711,0.023734348658163578,0.01854560716243105,0.028923090153896103,10.0,0.08997675590217113,1.1655479420941219e-144,False,False
L192_gL4,192,2.0,gL,4,L192_gL4,L192_gL4_i3_t77p925,77.925,0.405859375,0.5,1.0,open,0.020833333333333332,"['charge_density_wave', 'block_cell12', 'block_cell36']","[['charge_density_wave', 'block_cell12'], ['charge_density_wave', 'block_cell36'], ['block_cell12', 'block_cell36']]","[240, 280, 320, 360]",['block_cell36'],translated,new_size_mechanism,0.05,1558,charge_density_wave,block_cell12,0.0002019819759090558,0.00019864357110245526,0.00019864357110245526,0.00019864357110245526,0.00020532038071565634,7.349391844699267e-07,0.0,0.00436256618656396,2.0,0.0045164357870817184,7.978159660388551e-149,False,False
L192_gL4,192,2.0,gL,4,L192_gL4,L192_gL4_i3_t77p925,77.925,0.405859375,0.5,1.0,open,0.020833333333333332,"['charge_density_wave', 'block_cell12', 'block_cell36']","[['charge_density_wave', 'block_cell12'], ['charge_density_wave', 'block_cell36'], ['block_cell12', 'block_cell36']]","[240, 280, 320, 360]",['block_cell36'],translated,new_size_mechanism,0.05,1558,charge_density_wave,block_cell36,0.04967617403057685,0.049676171838573986,0.049676171838573986,0.049676171838573986,0.049676176222579714,0.01728201394003593,0.017277607814336546,0.017286420065735313,8.0,0.059739975258708,9.688220446826539e-145,False,False
L192_gL4,192,2.0,gL,4,L192_gL4,L192_gL4_i3_t77p925,77.925,0.405859375,0.5,1.0,open,0.020833333333333332,"['charge_density_wave', 'block_cell12', 'block_cell36']","[['charge_density_wave', 'block_cell12'], ['charge_density_wave', 'block_cell36'], ['block_cell12', 'block_cell36']]","[240, 280, 320, 360]",['block_cell36'],translated,new_size_mechanism,0.05,1558,block_cell12,block_cell36,0.04967617403057685,0.04947085145785833,0.04967283343376739,0.04967283343376739,0.04967951462738632,0.01728127900085146,0.012915041627772586,0.021647516373930333,10.0,0.09286634437739849,9.688220448869376e-145,False,False
L192_gL4,192,2.0,gL,4,L192_gL4,L192_gL4_i3_t77p995,77.995,0.4062239583333333333333333333,0.5,1.0,open,0.020833333333333332,"['charge_density_wave', 'block_cell12', 'block_cell36']","[['charge_density_wave', 'block_cell12'], ['charge_density_wave', 'block_cell36'], ['block_cell12', 'block_cell36']]","[240, 280, 320, 360]",['block_cell36'],translated,new_size_mechanism,0.05,1560,charge_density_wave,block_cell12,0.0001676361584425276,0.00016486537325380293,0.00016486537325380293,0.00016486537325380293,0.00017040694363125227,5.167213610780712e-07,0.0,0.0036702896187428146,2.0,0.004476536065340042,6.621519153079793e-149,False,False
L192_gL4,192,2.0,gL,4,L192_gL4,L192_gL4_i3_t77p995,77.995,0.4062239583333333333333333333,0.5,1.0,open,0.020833333333333332,"['charge_density_wave', 'block_cell12', 'block_cell36']","[['charge_density_wave', 'block_cell12'], ['charge_density_wave', 'block_cell36'], ['block_cell12', 'block_cell36']]","[240, 280, 320, 360]",['block_cell36'],translated,new_size_mechanism,0.05,1560,charge_density_wave,block_cell36,0.0412385576701256,0.041238555858529875,0.041238555858529875,0.041238555858529875,0.04123855948172134,0.012543614153525982,0.012539939531688991,0.01254728877536297,8.0,0.058634303510189056,8.048831636107091e-145,False,False
L192_gL4,192,2.0,gL,4,L192_gL4,L192_gL4_i3_t77p995,77.995,0.4062239583333333333333333333,0.5,1.0,open,0.020833333333333332,"['charge_density_wave', 'block_cell12', 'block_cell36']","[['charge_density_wave', 'block_cell12'], ['charge_density_wave', 'block_cell36'], ['block_cell12', 'block_cell36']]","[240, 280, 320, 360]",['block_cell36'],translated,new_size_mechanism,0.05,1560,block_cell12,block_cell36,0.0412385576701256,0.04106814891489862,0.04123578507334115,0.04123578507334115,0.041241330266910056,0.012543097432164902,0.008869649912946177,0.016216544951383628,10.0,0.09174447692930698,8.048831637590807e-145,False,False
L192_gL4,192,2.0,gL,4,L192_gL4,L192_gL4_late,134.40,0.70,0.5,1.0,open,0.020833333333333332,"['charge_density_wave', 'left', 'right', 'block_cell12', 'block_cell36']","[['charge_density_wave', 'left'], ['charge_density_wave', 'right'], ['charge_density_wave', 'block_cell12'], ['charge_density_wave', 'block_cell36'], ['left', 'right'], ['block_cell12', 'block_cell36']]","[240, 280, 320, 360]","['left', 'right', 'block_cell12', 'block_cell36']",persistence,new_size_mechanism,0.05,2688,charge_density_wave,left,0.0,0.0,0.0,0.0,1.5543434443285132e-41,0.0,0.0,1.4170380005534314e-37,0.0,2.4996697902679443e-06,1.958962257897802e-148,False,False
L192_gL4,192,2.0,gL,4,L192_gL4,L192_gL4_late,134.40,0.70,0.5,1.0,open,0.020833333333333332,"['charge_density_wave', 'left', 'right', 'block_cell12', 'block_cell36']","[['charge_density_wave', 'left'], ['charge_density_wave', 'right'], ['charge_density_wave', 'block_cell12'], ['charge_density_wave', 'block_cell36'], ['left', 'right'], ['block_cell12', 'block_cell36']]","[240, 280, 320, 360]","['left', 'right', 'block_cell12', 'block_cell36']",persistence,new_size_mechanism,0.05,2688,charge_density_wave,right,0.0,0.0,0.0,0.0,2.3937906196473507e-39,0.0,0.0,2.0665791395963223e-35,0.0,1.3187527656555176e-06,7.582532281940527e-142,False,False
L192_gL4,192,2.0,gL,4,L192_gL4,L192_gL4_late,134.40,0.70,0.5,1.0,open,0.020833333333333332,"['charge_density_wave', 'left', 'right', 'block_cell12', 'block_cell36']","[['charge_density_wave', 'left'], ['charge_density_wave', 'right'], ['charge_density_wave', 'block_cell12'], ['charge_density_wave', 'block_cell36'], ['left', 'right'], ['block_cell12', 'block_cell36']]","[240, 280, 320, 360]","['left', 'right', 'block_cell12', 'block_cell36']",persistence,new_size_mechanism,0.05,2688,charge_density_wave,block_cell12,0.0,0.0,0.0,0.0,1.378169216656622e-69,0.0,0.0,2.1110149814417913e-65,0.0,1.1399388313293457e-06,8.149303149799935e-210,False,False
L192_gL4,192,2.0,gL,4,L192_gL4,L192_gL4_late,134.40,0.70,0.5,1.0,open,0.020833333333333332,"['charge_density_wave', 'left', 'right', 'block_cell12', 'block_cell36']","[['charge_density_wave', 'left'], ['charge_density_wave', 'right'], ['charge_density_wave', 'block_cell12'], ['charge_density_wave', 'block_cell36'], ['left', 'right'], ['block_cell12', 'block_cell36']]","[240, 280, 320, 360]","['left', 'right', 'block_cell12', 'block_cell36']",persistence,new_size_mechanism,0.05,2688,charge_density_wave,block_cell36,0.0,0.0,0.0,0.0,3.026571889463962e-67,0.0,0.0,4.4793003623059634e-63,0.0,1.1883676052093506e-06,8.697909985885098e-206,False,False
L192_gL4,192,2.0,gL,4,L192_gL4,L192_gL4_late,134.40,0.70,0.5,1.0,open,0.020833333333333332,"['charge_density_wave', 'left', 'right', 'block_cell12', 'block_cell36']","[['charge_density_wave', 'left'], ['charge_density_wave', 'right'], ['charge_density_wave', 'block_cell12'], ['charge_density_wave', 'block_cell36'], ['left', 'right'], ['block_cell12', 'block_cell36']]","[240, 280, 320, 360]","['left', 'right', 'block_cell12', 'block_cell36']",persistence,new_size_mechanism,0.05,2688,left,right,0.0,0.0,0.0,0.0,2.409334054090636e-39,0.0,0.0,2.0807495196018566e-35,0.0,1.000240445137024e-06,7.582534240902784e-142,False,False
L192_gL4,192,2.0,gL,4,L192_gL4,L192_gL4_late,134.40,0.70,0.5,1.0,open,0.020833333333333332,"['charge_density_wave', 'left', 'right', 'block_cell12', 'block_cell36']","[['charge_density_wave', 'left'], ['charge_density_wave', 'right'], ['charge_density_wave', 'block_cell12'], ['charge_density_wave', 'block_cell36'], ['left', 'right'], ['block_cell12', 'block_cell36']]","[240, 280, 320, 360]","['left', 'right', 'block_cell12', 'block_cell36']",persistence,new_size_mechanism,0.05,2688,block_cell12,block_cell36,0.0,0.0,0.0,0.0,3.040353581630528e-67,0.0,0.0,4.500410512120381e-63,0.0,1.000240445137024e-06,8.698724916200078e-206,False,False
L192_g0p25,192,2.0,g,0.25,L192_g0p25,L192_g0p25_i0_t93p055,93.055,0.4846614583333333333333333333,0.5,1.0,open,0.25,"['charge_density_wave', 'left', 'right']","[['charge_density_wave', 'left'], ['charge_density_wave', 'right'], ['left', 'right']]","[240, 280, 320, 360]",['left'],edge,new_size_mechanism,0.05,1861,charge_density_wave,left,0.06061785842652008,0.06061781818158662,0.06061781818158662,0.06061781818158662,0.06061789867145355,0.02426836944102615,0.02419871692927388,0.024338021952778423,8.0,0.06031700596213341,7.985679052805424e-113,False,False
L192_g0p25,192,2.0,g,0.25,L192_g0p25,L192_g0p25_i0_t93p055,93.055,0.4846614583333333333333333333,0.5,1.0,open,0.25,"['charge_density_wave', 'left', 'right']","[['charge_density_wave', 'left'], ['charge_density_wave', 'right'], ['left', 'right']]","[240, 280, 320, 360]",['left'],edge,new_size_mechanism,0.05,1861,charge_density_wave,right,1.0,0.9999999784036604,0.9999999784036604,0.9999999784036604,1.0,0.16146245920491273,0.16142379158011375,0.16150112682971174,24.0,0.5155274197459221,1.2133622734720626e-113,True,True
L192_g0p25,192,2.0,g,0.25,L192_g0p25,L192_g0p25_i0_t93p055,93.055,0.4846614583333333333333333333,0.5,1.0,open,0.25,"['charge_density_wave', 'left', 'right']","[['charge_density_wave', 'left'], ['charge_density_wave', 'right'], ['left', 'right']]","[240, 280, 320, 360]",['left'],edge,new_size_mechanism,0.05,1861,left,right,1.0,0.9393820797322068,0.9999999381587269,0.9999999381587269,1.0,0.13719408976388658,0.13708576962733532,0.13730240990043788,32.0,0.9347318727523088,7.985679076630435e-113,True,True
L192_g0p25,192,2.0,g,0.25,L192_g0p25,L192_g0p25_i0_t93p125,93.125,0.4850260416666666666666666667,0.5,1.0,open,0.25,"['charge_density_wave', 'left', 'right']","[['charge_density_wave', 'left'], ['charge_density_wave', 'right'], ['left', 'right']]","[240, 280, 320, 360]",['left'],edge,new_size_mechanism,0.05,1862,charge_density_wave,left,0.05043963039358511,0.05043959709038456,0.05043959709038456,0.05043959709038456,0.05043966369678566,0.01773959572213468,0.01768135206167129,0.017797839382598067,8.0,0.0577454399317503,6.65235002458106e-113,False,False
L192_g0p25,192,2.0,g,0.25,L192_g0p25,L192_g0p25_i0_t93p125,93.125,0.4850260416666666666666666667,0.5,1.0,open,0.25,"['charge_density_wave', 'left', 'right']","[['charge_density_wave', 'left'], ['charge_density_wave', 'right'], ['left', 'right']]","[240, 280, 320, 360]",['left'],edge,new_size_mechanism,0.05,1862,charge_density_wave,right,1.0,0.9999999820581666,0.9999999820581666,0.9999999820581666,1.0,0.11993871769818534,0.11990627404518003,0.11997116135119067,24.0,0.5295922681689262,9.388182835294391e-114,True,True
L192_g0p25,192,2.0,g,0.25,L192_g0p25,L192_g0p25_i0_t93p125,93.125,0.4850260416666666666666666667,0.5,1.0,open,0.25,"['charge_density_wave', 'left', 'right']","[['charge_density_wave', 'left'], ['charge_density_wave', 'right'], ['left', 'right']]","[240, 280, 320, 360]",['left'],edge,new_size_mechanism,0.05,1862,left,right,1.0,0.949560318361381,0.9999999487549661,0.9999999487549661,1.0,0.10219912197605067,0.10210843466258196,0.10228980928951938,32.0,0.9490878600627184,6.652350045481385e-113,True,True
L192_g0p25,192,2.0,g,0.25,L192_g0p25,L192_g0p25_i0_t93p195,93.195,0.485390625,0.5,1.0,open,0.25,"['charge_density_wave', 'left', 'right']","[['charge_density_wave', 'left'], ['charge_density_wave', 'right'], ['left', 'right']]","[240, 280, 320, 360]",['left'],edge,new_size_mechanism,0.05,1864,charge_density_wave,left,0.041963136353987546,0.04196310877486728,0.04196310877486728,0.04196310877486728,0.04196316393310782,0.012926884281952114,0.012878152090681072,0.012975616473223157,8.0,0.05806419067084789,5.538746952192012e-113,False,False
L192_g0p25,192,2.0,g,0.25,L192_g0p25,L192_g0p25_i0_t93p195,93.195,0.485390625,0.5,1.0,open,0.25,"['charge_density_wave', 'left', 'right']","[['charge_density_wave', 'left'], ['charge_density_wave', 'right'], ['left', 'right']]","[240, 280, 320, 360]",['left'],edge,new_size_mechanism,0.05,1864,charge_density_wave,right,1.0,0.9999999851234873,0.9999999851234873,0.9999999851234873,1.0,0.08814322459822754,0.08811605630317851,0.08817039289327658,24.0,0.5327245648950338,7.115309402454647e-114,True,False
L192_g0p25,192,2.0,g,0.25,L192_g0p25,L192_g0p25_i0_t93p195,93.195,0.485390625,0.5,1.0,open,0.25,"['charge_density_wave', 'left', 'right']","[['charge_density_wave', 'left'], ['charge_density_wave', 'right'], ['left', 'right']]","[240, 280, 320, 360]",['left'],edge,new_size_mechanism,0.05,1864,left,right,1.0,0.9580368211903796,0.9999999575443671,0.9999999575443671,1.0,0.07521634031627543,0.07514043982995534,0.0752922408025955,32.0,0.9618357848376036,5.538746970151192e-113,True,False
L192_g0p25,192,2.0,g,0.25,L192_g0p25,L192_g0p25_i1_t109p525,109.525,0.5704427083333333333333333333,0.5,1.0,open,0.25,"['charge_density_wave', 'left', 'right']","[['charge_density_wave', 'left'], ['charge_density_wave', 'right'], ['left', 'right']]","[240, 280, 320, 360]",['right'],edge,new_size_mechanism,0.05,2190,charge_density_wave,left,0.0,0.0,0.0,0.0,9.010073587516686e-21,0.0,0.0,4.0788338203361636e-17,0.0,2.5797635316848755e-06,5.277701315771827e-128,False,False
L192_g0p25,192,2.0,g,0.25,L192_g0p25,L192_g0p25_i1_t109p525,109.525,0.5704427083333333333333333333,0.5,1.0,open,0.25,"['charge_density_wave', 'left', 'right']","[['charge_density_wave', 'left'], ['charge_density_wave', 'right'], ['left', 'right']]","[240, 280, 320, 360]",['right'],edge,new_size_mechanism,0.05,2190,charge_density_wave,right,0.060896064469271594,0.06089601718836214,0.06089601718836214,0.06089601718836214,0.06089611175018104,0.024457616284027386,0.024376517832523655,0.024538714735531115,8.0,0.05828539654612541,2.259091739340334e-108,False,False
L192_g0p25,192,2.0,g,0.25,L192_g0p25,L192_g0p25_i1_t109p525,109.525,0.5704427083333333333333333333,0.5,1.0,open,0.25,"['charge_density_wave', 'left', 'right']","[['charge_density_wave', 'left'], ['charge_density_wave', 'right'], ['left', 'right']]","[240, 280, 320, 360]",['right'],edge,new_size_mechanism,0.05,2190,left,right,0.060896064469271594,0.06089601718836214,0.06089601718836214,0.06089601718836214,0.06089611175018104,0.024457616284027386,0.024376517832523616,0.024538714735531156,8.0,0.05905020609498024,2.259091739340334e-108,False,False
L192_g0p25,192,2.0,g,0.25,L192_g0p25,L192_g0p25_i1_t109p595,109.595,0.5708072916666666666666666667,0.5,1.0,open,0.25,"['charge_density_wave', 'left', 'right']","[['charge_density_wave', 'left'], ['charge_density_wave', 'right'], ['left', 'right']]","[240, 280, 320, 360]",['right'],edge,new_size_mechanism,0.05,2192,charge_density_wave,left,0.0,0.0,0.0,0.0,7.494557581578344e-21,0.0,0.0,3.4060145203257085e-17,0.0,1.8067657947540283e-06,4.4074926326693353e-128,False,False
L192_g0p25,192,2.0,g,0.25,L192_g0p25,L192_g0p25_i1_t109p595,109.595,0.5708072916666666666666666667,0.5,1.0,open,0.25,"['charge_density_wave', 'left', 'right']","[['charge_density_wave', 'left'], ['charge_density_wave', 'right'], ['left', 'right']]","[240, 280, 320, 360]",['right'],edge,new_size_mechanism,0.05,2192,charge_density_wave,right,0.050518117127693565,0.05051807811439193,0.05051807811439193,0.05051807811439193,0.0505181561409952,0.017786899718290616,0.01771926240157757,0.017854537035003663,8.0,0.059044115245342255,1.8762672763702126e-108,False,False
L192_g0p25,192,2.0,g,0.25,L192_g0p25,L192_g0p25_i1_t109p595,109.595,0.5708072916666666666666666667,0.5,1.0,open,0.25,"['charge_density_wave', 'left', 'right']","[['charge_density_wave', 'left'], ['charge_density_wave', 'right'], ['left', 'right']]","[240, 280, 320, 360]",['right'],edge,new_size_mechanism,0.05,2192,left,right,0.050518117127693565,0.05051807811439193,0.05051807811439193,0.05051807811439193,0.0505181561409952,0.017786899718290616,0.017719262401577535,0.017854537035003698,8.0,0.05878515541553497,1.8762672763702126e-108,False,False
L192_g0p25,192,2.0,g,0.25,L192_g0p25,L192_g0p25_i1_t109p665,109.665,0.571171875,0.5,1.0,open,0.25,"['charge_density_wave', 'left', 'right']","[['charge_density_wave', 'left'], ['charge_density_wave', 'right'], ['left', 'right']]","[240, 280, 320, 360]",['right'],edge,new_size_mechanism,0.05,2193,charge_density_wave,left,0.0,0.0,0.0,0.0,6.233959319212516e-21,0.0,0.0,2.844138229225857e-17,0.0,1.7397105693817139e-06,3.680711828936441e-128,False,False
L192_g0p25,192,2.0,g,0.25,L192_g0p25,L192_g0p25_i1_t109p665,109.665,0.571171875,0.5,1.0,open,0.25,"['charge_density_wave', 'left', 'right']","[['charge_density_wave', 'left'], ['charge_density_wave', 'right'], ['left', 'right']]","[240, 280, 320, 360]",['right'],edge,new_size_mechanism,0.05,2193,charge_density_wave,right,0.04190128141027496,0.04190124919543256,0.04190124919543256,0.04190124919543256,0.041901313625117356,0.01289398735562098,0.012837544358481742,0.01295043035276022,8.0,0.058762263506650925,1.5574733883936707e-108,False,False
L192_g0p25,192,2.0,g,0.25,L192_g0p25,L192_g0p25_i1_t109p665,109.665,0.571171875,0.5,1.0,open,0.25,"['charge_density_wave', 'left', 'right']","[['charge_density_wave', 'left'], ['charge_density_wave', 'right'], ['left', 'right']]","[240, 280, 320, 360]",['right'],edge,new_size_mechanism,0.05,2193,left,right,0.04190128141027496,0.04190124919543256,0.04190124919543256,0.04190124919543256,0.041901313625117356,0.01289398735562098,0.012837544358481714,0.012950430352760247,8.0,0.05744440667331219,1.5574733883936707e-108,False,False
L192_g0p25,192,2.0,g,0.25,L192_g0p25,L192_g0p25_i2_t70p145,70.145,0.3653385416666666666666666667,0.5,1.0,open,0.25,"['charge_density_wave', 'block_cell12', 'block_cell36']","[['charge_density_wave', 'block_cell12'], ['charge_density_wave', 'block_cell36'], ['block_cell12', 'block_cell36']]","[240, 280, 320, 360]",['block_cell12'],translated,new_size_mechanism,0.05,1403,charge_density_wave,block_cell12,0.06082656934883648,0.060826564585861984,0.060826564585861984,0.060826564585861984,0.06082657411181097,0.024410291775128806,0.024401072610414295,0.024419510939843316,8.0,0.05762953497469425,1.7494665264426692e-146,False,False
L192_g0p25,192,2.0,g,0.25,L192_g0p25,L192_g0p25_i2_t70p145,70.145,0.3653385416666666666666666667,0.5,1.0,open,0.25,"['charge_density_wave', 'block_cell12', 'block_cell36']","[['charge_density_wave', 'block_cell12'], ['charge_density_wave', 'block_cell36'], ['block_cell12', 'block_cell36']]","[240, 280, 320, 360]",['block_cell12'],translated,new_size_mechanism,0.05,1403,charge_density_wave,block_cell36,1.0,0.9999999999999241,0.9999999999999241,0.9999999999999241,1.0,0.0030809050833252257,0.0030809048559021475,0.0030809053107483044,24.0,0.5359660126268864,9.863304656851996e-153,True,False
L192_g0p25,192,2.0,g,0.25,L192_g0p25,L192_g0p25_i2_t70p145,70.145,0.3653385416666666666666666667,0.5,1.0,open,0.25,"['charge_density_wave', 'block_cell12', 'block_cell36']","[['charge_density_wave', 'block_cell12'], ['charge_density_wave', 'block_cell36'], ['block_cell12', 'block_cell36']]","[240, 280, 320, 360]",['block_cell12'],translated,new_size_mechanism,0.05,1403,block_cell12,block_cell36,1.0,0.9391734258881131,0.9999999952369496,0.9999999952369496,1.0,0.021329386691803582,0.02132016729966599,0.02133860608394117,32.0,0.9711787942796946,1.7494665264426692e-146,True,False
L192_g0p25,192,2.0,g,0.25,L192_g0p25,L192_g0p25_i2_t70p215,70.215,0.365703125,0.5,1.0,open,0.25,"['charge_density_wave', 'block_cell12', 'block_cell36']","[['charge_density_wave', 'block_cell12'], ['charge_density_wave', 'block_cell36'], ['block_cell12', 'block_cell36']]","[240, 280, 320, 360]",['block_cell12'],translated,new_size_mechanism,0.05,1404,charge_density_wave,block_cell12,0.05060887641080265,0.050608872470133105,0.050608872470133105,0.050608872470133105,0.0506088803514722,0.01784166211547625,0.01783396289892087,0.017849361332031632,8.0,0.05862808786332607,1.4572520223184945e-146,False,False
L192_g0p25,192,2.0,g,0.25,L192_g0p25,L192_g0p25_i2_t70p215,70.215,0.365703125,0.5,1.0,open,0.25,"['charge_density_wave', 'block_cell12', 'block_cell36']","[['charge_density_wave', 'block_cell12'], ['charge_density_wave', 'block_cell36'], ['block_cell12', 'block_cell36']]","[240, 280, 320, 360]",['block_cell12'],translated,new_size_mechanism,0.05,1404,charge_density_wave,block_cell36,1.0,0.999999999999937,0.999999999999937,0.999999999999937,1.0,0.0030196836696162943,0.003019683479775368,0.003019683859457221,24.0,0.5424395017325878,1.4740117486563672e-152,True,False
L192_g0p25,192,2.0,g,0.25,L192_g0p25,L192_g0p25_i2_t70p215,70.215,0.365703125,0.5,1.0,open,0.25,"['charge_density_wave', 'block_cell12', 'block_cell36']","[['charge_density_wave', 'block_cell12'], ['charge_density_wave', 'block_cell36'], ['block_cell12', 'block_cell36']]","[240, 280, 320, 360]",['block_cell12'],translated,new_size_mechanism,0.05,1404,block_cell12,block_cell36,1.0,0.9493911196484648,0.9999999960592675,0.9999999960592675,1.0,0.014821978445859958,0.014814279039463647,0.014829677852256267,32.0,0.9641152322292328,1.4572520223184945e-146,True,False
L192_g0p25,192,2.0,g,0.25,L192_g0p25,L192_g0p25_i2_t70p285,70.285,0.3660677083333333333333333333,0.5,1.0,open,0.25,"['charge_density_wave', 'block_cell12', 'block_cell36']","[['charge_density_wave', 'block_cell12'], ['charge_density_wave', 'block_cell36'], ['block_cell12', 'block_cell36']]","[240, 280, 320, 360]",['block_cell12'],translated,new_size_mechanism,0.05,1406,charge_density_wave,block_cell12,0.04210022225314385,0.04210021899030414,0.04210021899030414,0.04210021899030414,0.04210022551598357,0.012999910383538676,0.012993476376450963,0.013006344390626392,8.0,0.05854121968150139,1.2132080954626606e-146,False,False
L192_g0p25,192,2.0,g,0.25,L192_g0p25,L192_g0p25_i2_t70p285,70.285,0.3660677083333333333333333333,0.5,1.0,open,0.25,"['charge_density_wave', 'block_cell12', 'block_cell36']","[['charge_density_wave', 'block_cell12'], ['charge_density_wave', 'block_cell36'], ['block_cell12', 'block_cell36']]","[240, 280, 320, 360]",['block_cell12'],translated,new_size_mechanism,0.05,1406,charge_density_wave,block_cell36,1.0,0.9999999999999477,0.9999999999999477,0.9999999999999477,1.0,0.003325923572203488,0.003325923413732695,0.003325923730674281,24.0,0.5375972632318735,2.133349587956938e-152,True,False
L192_g0p25,192,2.0,g,0.25,L192_g0p25,L192_g0p25_i2_t70p285,70.285,0.3660677083333333333333333333,0.5,1.0,open,0.25,"['charge_density_wave', 'block_cell12', 'block_cell36']","[['charge_density_wave', 'block_cell12'], ['charge_density_wave', 'block_cell36'], ['block_cell12', 'block_cell36']]","[240, 280, 320, 360]",['block_cell12'],translated,new_size_mechanism,0.05,1406,block_cell12,block_cell36,1.0,0.9578997744839641,0.999999996737108,0.999999996737108,1.0,0.009673986811335189,0.009667552645776682,0.009680420976893696,32.0,0.9455012176185846,1.2132080954626606e-146,True,False
L192_g0p25,192,2.0,g,0.25,L192_g0p25,L192_g0p25_i3_t84p165,84.165,0.438359375,0.5,1.0,open,0.25,"['charge_density_wave', 'block_cell12', 'block_cell36']","[['charge_density_wave', 'block_cell12'], ['charge_density_wave', 'block_cell36'], ['block_cell12', 'block_cell36']]","[240, 280, 320, 360]",['block_cell36'],translated,new_size_mechanism,0.05,1683,charge_density_wave,block_cell12,0.0,0.0,0.0,0.0,5.627729279565683e-18,0.0,0.0,2.199883461827921e-14,0.0,1.9203871488571167e-06,6.19388805568272e-159,False,False
L192_g0p25,192,2.0,g,0.25,L192_g0p25,L192_g0p25_i3_t84p165,84.165,0.438359375,0.5,1.0,open,0.25,"['charge_density_wave', 'block_cell12', 'block_cell36']","[['charge_density_wave', 'block_cell12'], ['charge_density_wave', 'block_cell36'], ['block_cell12', 'block_cell36']]","[240, 280, 320, 360]",['block_cell36'],translated,new_size_mechanism,0.05,1683,charge_density_wave,block_cell36,0.06057547267545825,0.0605754711480199,0.0605754711480199,0.0605754711480199,0.0605754742028966,0.024239585537455186,0.024236462279353544,0.024242708795556827,8.0,0.05844694562256336,1.751375416119297e-144,False,False
L192_g0p25,192,2.0,g,0.25,L192_g0p25,L192_g0p25_i3_t84p165,84.165,0.438359375,0.5,1.0,open,0.25,"['charge_density_wave', 'block_cell12', 'block_cell36']","[['charge_density_wave', 'block_cell12'], ['charge_density_wave', 'block_cell36'], ['block_cell12', 'block_cell36']]","[240, 280, 320, 360]",['block_cell36'],translated,new_size_mechanism,0.05,1683,block_cell12,block_cell36,0.06057547267545825,0.0605754711480199,0.0605754711480199,0.0605754711480199,0.060575474202896606,0.024239585537455186,0.024236462279331548,0.024242708795578827,8.0,0.05842079408466816,1.751375416119297e-144,False,False
L192_g0p25,192,2.0,g,0.25,L192_g0p25,L192_g0p25_i3_t84p235,84.235,0.4387239583333333333333333333,0.5,1.0,open,0.25,"['charge_density_wave', 'block_cell12', 'block_cell36']","[['charge_density_wave', 'block_cell12'], ['charge_density_wave', 'block_cell36'], ['block_cell12', 'block_cell36']]","[240, 280, 320, 360]",['block_cell36'],translated,new_size_mechanism,0.05,1685,charge_density_wave,block_cell12,0.0,0.0,0.0,0.0,4.680819716155862e-18,0.0,0.0,1.838014486394764e-14,0.0,1.8719583749771118e-06,5.175611002890536e-159,False,False
L192_g0p25,192,2.0,g,0.25,L192_g0p25,L192_g0p25_i3_t84p235,84.235,0.4387239583333333333333333333,0.5,1.0,open,0.25,"['charge_density_wave', 'block_cell12', 'block_cell36']","[['charge_density_wave', 'block_cell12'], ['charge_density_wave', 'block_cell36'], ['block_cell12', 'block_cell36']]","[240, 280, 320, 360]",['block_cell36'],translated,new_size_mechanism,0.05,1685,charge_density_wave,block_cell36,0.050322303630073825,0.05032230236820304,0.05032230236820304,0.05032230236820304,0.05032230489194462,0.017668973572824244,0.01766637020168758,0.017671576943960904,8.0,0.05793953873217106,1.4565927016491918e-144,False,False
L192_g0p25,192,2.0,g,0.25,L192_g0p25,L192_g0p25_i3_t84p235,84.235,0.4387239583333333333333333333,0.5,1.0,open,0.25,"['charge_density_wave', 'block_cell12', 'block_cell36']","[['charge_density_wave', 'block_cell12'], ['charge_density_wave', 'block_cell36'], ['block_cell12', 'block_cell36']]","[240, 280, 320, 360]",['block_cell36'],translated,new_size_mechanism,0.05,1685,block_cell12,block_cell36,0.050322303630073825,0.05032230236820303,0.05032230236820303,0.05032230236820303,0.05032230489194462,0.017668973572824244,0.017666370201669203,0.017671576943979285,8.0,0.057500723749399185,1.4565927016491918e-144,False,False
L192_g0p25,192,2.0,g,0.25,L192_g0p25,L192_g0p25_i3_t84p305,84.305,0.4390885416666666666666666667,0.5,1.0,open,0.25,"['charge_density_wave', 'block_cell12', 'block_cell36']","[['charge_density_wave', 'block_cell12'], ['charge_density_wave', 'block_cell36'], ['block_cell12', 'block_cell36']]","[240, 280, 320, 360]",['block_cell36'],translated,new_size_mechanism,0.05,1686,charge_density_wave,block_cell12,0.0,0.0,0.0,0.0,3.893238606260632e-18,0.0,0.0,1.5356411988964593e-14,0.0,1.778826117515564e-06,4.324650606578998e-159,False,False
L192_g0p25,192,2.0,g,0.25,L192_g0p25,L192_g0p25_i3_t84p305,84.305,0.4390885416666666666666666667,0.5,1.0,open,0.25,"['charge_density_wave', 'block_cell12', 'block_cell36']","[['charge_density_wave', 'block_cell12'], ['charge_density_wave', 'block_cell36'], ['block_cell12', 'block_cell36']]","[240, 280, 320, 360]",['block_cell36'],translated,new_size_mechanism,0.05,1686,charge_density_wave,block_cell36,0.041788787087105414,0.04177996809591421,0.04177996809591421,0.04177996809591421,0.04179760607829662,0.012834243722402607,0.0021341134562108495,0.023534373988594367,4.0,0.015447262674570084,1.210792933520597e-144,False,False
L192_g0p25,192,2.0,g,0.25,L192_g0p25,L192_g0p25_i3_t84p305,84.305,0.4390885416666666666666666667,0.5,1.0,open,0.25,"['charge_density_wave', 'block_cell12', 'block_cell36']","[['charge_density_wave', 'block_cell12'], ['charge_density_wave', 'block_cell36'], ['block_cell12', 'block_cell36']]","[240, 280, 320, 360]",['block_cell36'],translated,new_size_mechanism,0.05,1686,block_cell12,block_cell36,0.041788787087105414,0.04177996809591421,0.04177996809591421,0.04177996809591421,0.04179760607829663,0.012834243722402607,0.002134113456195493,0.023534373988609723,4.0,0.014997920021414757,1.210792933520597e-144,False,False
L192_g0p25,192,2.0,g,0.25,L192_g0p25,L192_g0p25_late,134.40,0.70,0.5,1.0,open,0.25,"['charge_density_wave', 'left', 'right', 'block_cell12', 'block_cell36']","[['charge_density_wave', 'left'], ['charge_density_wave', 'right'], ['charge_density_wave', 'block_cell12'], ['charge_density_wave', 'block_cell36'], ['left', 'right'], ['block_cell12', 'block_cell36']]","[240, 280, 320, 360]","['left', 'right', 'block_cell12', 'block_cell36']",persistence,new_size_mechanism,0.05,2688,charge_density_wave,left,0.0,0.0,0.0,0.0,3.52987167468272e-49,0.0,0.0,3.814477875712243e-45,0.0,1.7713755369186401e-06,4.996880615019629e-156,False,False
L192_g0p25,192,2.0,g,0.25,L192_g0p25,L192_g0p25_late,134.40,0.70,0.5,1.0,open,0.25,"['charge_density_wave', 'left', 'right', 'block_cell12', 'block_cell36']","[['charge_density_wave', 'left'], ['charge_density_wave', 'right'], ['charge_density_wave', 'block_cell12'], ['charge_density_wave', 'block_cell36'], ['left', 'right'], ['block_cell12', 'block_cell36']]","[240, 280, 320, 360]","['left', 'right', 'block_cell12', 'block_cell36']",persistence,new_size_mechanism,0.05,2688,charge_density_wave,right,0.0,0.0,0.0,0.0,7.99394594632854e-31,0.0,0.0,5.395065775705583e-27,0.0,1.2870877981185913e-06,1.9792789510847995e-133,False,False
L192_g0p25,192,2.0,g,0.25,L192_g0p25,L192_g0p25_late,134.40,0.70,0.5,1.0,open,0.25,"['charge_density_wave', 'left', 'right', 'block_cell12', 'block_cell36']","[['charge_density_wave', 'left'], ['charge_density_wave', 'right'], ['charge_density_wave', 'block_cell12'], ['charge_density_wave', 'block_cell36'], ['left', 'right'], ['block_cell12', 'block_cell36']]","[240, 280, 320, 360]","['left', 'right', 'block_cell12', 'block_cell36']",persistence,new_size_mechanism,0.05,2688,charge_density_wave,block_cell12,0.0,0.0,0.0,0.0,2.483787484510769e-75,0.0,0.0,4.1199261942224145e-71,0.0,1.3187527656555176e-06,1.182073777676011e-215,False,False
L192_g0p25,192,2.0,g,0.25,L192_g0p25,L192_g0p25_late,134.40,0.70,0.5,1.0,open,0.25,"['charge_density_wave', 'left', 'right', 'block_cell12', 'block_cell36']","[['charge_density_wave', 'left'], ['charge_density_wave', 'right'], ['charge_density_wave', 'block_cell12'], ['charge_density_wave', 'block_cell36'], ['left', 'right'], ['block_cell12', 'block_cell36']]","[240, 280, 320, 360]","['left', 'right', 'block_cell12', 'block_cell36']",persistence,new_size_mechanism,0.05,2688,charge_density_wave,block_cell36,0.0,0.0,0.0,0.0,8.472725765229716e-60,0.0,0.0,1.11448136171056e-55,0.0,1.0896474123001099e-06,3.209698569984822e-198,False,False
L192_g0p25,192,2.0,g,0.25,L192_g0p25,L192_g0p25_late,134.40,0.70,0.5,1.0,open,0.25,"['charge_density_wave', 'left', 'right', 'block_cell12', 'block_cell36']","[['charge_density_wave', 'left'], ['charge_density_wave', 'right'], ['charge_density_wave', 'block_cell12'], ['charge_density_wave', 'block_cell36'], ['left', 'right'], ['block_cell12', 'block_cell36']]","[240, 280, 320, 360]","['left', 'right', 'block_cell12', 'block_cell36']",persistence,new_size_mechanism,0.05,2688,left,right,0.0,0.0,0.0,0.0,7.99394594632854e-31,0.0,0.0,5.395065775705583e-27,0.0,1.0300427675247192e-06,1.9792789510847995e-133,False,False
L192_g0p25,192,2.0,g,0.25,L192_g0p25,L192_g0p25_late,134.40,0.70,0.5,1.0,open,0.25,"['charge_density_wave', 'left', 'right', 'block_cell12', 'block_cell36']","[['charge_density_wave', 'left'], ['charge_density_wave', 'right'], ['charge_density_wave', 'block_cell12'], ['charge_density_wave', 'block_cell36'], ['left', 'right'], ['block_cell12', 'block_cell36']]","[240, 280, 320, 360]","['left', 'right', 'block_cell12', 'block_cell36']",persistence,new_size_mechanism,0.05,2688,block_cell12,block_cell36,0.0,0.0,0.0,0.0,8.472725765229718e-60,0.0,0.0,1.1144813617105603e-55,0.0,1.000240445137024e-06,3.209698569984822e-198,False,False
