key,length,gamma,skin_mode,skin_value,family_key,case_id,physical_time,time_fraction,t1,t2,boundary,skin,initials,pairs,digits,target_initials,group,role,dt,steps,initial,reference_dps,entropy,distance_to_W,alpha,ratio,W_entropy,entropy_error,controlled,reference_qr_seconds,reference_entropy_seconds,pred_rank,pred_kappa,pred_distance_to_G,pred_projector_remainder,pred_directional_remainder,pred_transverse_remainder,pred_column_residual_fro,pred_small_core_smin,pred_small_core_order,pred_small_core_reconstruction_residual,pred_entropy,pred_output_to_G_bound,pred_entropy_budget,pred_rank1_distance_candidate,pred_distance_lower,pred_distance_upper,pred_entropy_error_lower,pred_entropy_error_upper,pred_time_context_seconds,pred_rank_search_seconds,pred_entropy_seconds,pred_prediction_precision_change,pred_rank_target_passed,pred_guaranteed_selected,pred_guaranteed_unselected,actual_selected,actual_projection_selected,actual_entropy_selected,critical_initial,undecided,wrong_guarantee,reference_digits
L160_gL0,160,2.0,gL,0,L160_gL0,L160_gL0_i0_t83p615,83.615,0.52259375,0.5,1.0,open,0.0,"['charge_density_wave', 'left', 'right']","[['charge_density_wave', 'left'], ['charge_density_wave', 'right'], ['left', 'right']]","[240, 280, 320, 360]",['left'],edge,new_size_mechanism,0.05,1672,charge_density_wave,280,0.25494570375163744,1.5778647171509288e-97,0.9114774555789248,3.496263545374304e-97,0.25494570375163744,1.2459216549585666e-98,True,4.8291666731238365,1.3402242418378592,0.0,0.0,0.0,3.84093615842085e-97,5.799006099659306e-97,3.84093615842085e-97,5.799006099659306e-97,1.0,0.0,0.0,0.25494570375163744,1.2074037524597206e-96,2.8282323317404965e-92,2.3849862783124875e-97,0.0,1.5914973683018057e-96,0.0,2.8282323317404965e-92,2.039697403088212,2.015502581372857,1.2871219888329506,2.472104334450416e-237,True,True,False,True,True,True,False,False,False,280
L160_gL0,160,2.0,gL,0,L160_gL0,L160_gL0_i0_t83p615,83.615,0.52259375,0.5,1.0,open,0.0,"['charge_density_wave', 'left', 'right']","[['charge_density_wave', 'left'], ['charge_density_wave', 'right'], ['left', 'right']]","[240, 280, 320, 360]",['left'],edge,new_size_mechanism,0.05,1672,left,280,0.27877298860644084,0.0599662282955234,2.484383054872124e-109,3.496263545374304e-97,0.25494570375163744,0.023827284854803378,False,4.883369592949748,1.3509673774242401,4.0,0.060074316163664224,0.0599662068898413,2.2393087390419447e-08,3.363205126194935e-08,2.2393087390419447e-08,3.2555192270982216e-08,0.9679811682439522,8.0,5.2076943930586554e-281,0.27877297416741104,1.2074037524597206e-96,3.334691422642187e-05,0.0581315725454779,0.059966184496753915,0.05996622928292869,0.023793923501547166,0.02386061733000001,2.0073520727455616,8.828776089474559,1.2729959804564714,6.659415756579528e-135,True,False,True,False,False,True,True,False,False,280
L160_gL0,160,2.0,gL,0,L160_gL0,L160_gL0_i0_t83p615,83.615,0.52259375,0.5,1.0,open,0.0,"['charge_density_wave', 'left', 'right']","[['charge_density_wave', 'left'], ['charge_density_wave', 'right'], ['left', 'right']]","[240, 280, 320, 360]",['left'],edge,new_size_mechanism,0.05,1672,right,280,0.5422735946280565,0.2890304300333853,6.948173072216029e-114,3.496263545374304e-97,0.25494570375163744,0.287327890876419,False,4.888769103214145,1.3726384416222572,4.0,0.3019160404632333,0.28903025289842915,2.2492590170152134e-07,3.520442214995576e-07,2.2492590170152134e-07,3.050134007845368e-07,0.8664064971307023,8.0,8.167187354586539e-281,0.5422733493705347,1.2074037524597206e-96,0.00029343823603242324,0.278494432655371,0.28903002797252747,0.28903047782433083,0.28703420738286484,0.2876210838549297,2.043347852304578,8.894745238125324,1.2815325930714607,8.5826490176496e-130,True,False,True,False,False,False,False,False,False,280
L160_gL0,160,2.0,gL,0,L160_gL0,L160_gL0_i0_t83p685,83.685,0.52303125,0.5,1.0,open,0.0,"['charge_density_wave', 'left', 'right']","[['charge_density_wave', 'left'], ['charge_density_wave', 'right'], ['left', 'right']]","[240, 280, 320, 360]",['left'],edge,new_size_mechanism,0.05,1674,charge_density_wave,280,0.25494570375163744,1.3110514423614475e-97,0.9114774555789248,2.905053465112924e-97,0.25494570375163744,1.0348474604528446e-98,True,4.6813178434967995,1.309440666809678,0.0,0.0,0.0,3.190760123151769e-97,4.817381899277041e-97,3.190760123151769e-97,4.817381899277041e-97,1.0,0.0,0.0,0.25494570375163744,1.0032345700924397e-96,2.3518231406485926e-92,1.981690614034279e-97,0.0,1.3223105824076165e-96,0.0,2.3518231406485926e-92,2.0955429077148438,1.875969523563981,1.2803120072931051,2.4702869969866856e-237,True,True,False,True,True,True,False,False,False,280
L160_gL0,160,2.0,gL,0,L160_gL0,L160_gL0_i0_t83p685,83.685,0.52303125,0.5,1.0,open,0.0,"['charge_density_wave', 'left', 'right']","[['charge_density_wave', 'left'], ['charge_density_wave', 'right'], ['left', 'right']]","[240, 280, 320, 360]",['left'],edge,new_size_mechanism,0.05,1674,left,280,0.27228048087003415,0.049764604276528485,2.484383054872124e-109,2.905053465112924e-97,0.25494570375163744,0.01733477711839671,True,4.714950978755951,1.316641652956605,4.0,0.04982632252804888,0.049764586487456235,1.8487856655081865e-08,2.7751602954432217e-08,1.8487856655081865e-08,2.7008953734864578e-08,0.9732394117634553,8.0,2.3099745465037757e-281,0.27228047024962676,1.0032345700924397e-96,2.7814834961140198e-05,0.04824033208841807,0.04976456799959958,0.04976460497531289,0.017306951663028182,0.01736258133295046,2.0747933965176344,8.84243918955326,1.269041521474719,5.532132818694268e-135,True,True,False,True,True,True,True,False,False,280
L160_gL0,160,2.0,gL,0,L160_gL0,L160_gL0_i0_t83p685,83.685,0.52303125,0.5,1.0,open,0.0,"['charge_density_wave', 'left', 'right']","[['charge_density_wave', 'left'], ['charge_density_wave', 'right'], ['left', 'right']]","[240, 280, 320, 360]",['left'],edge,new_size_mechanism,0.05,1674,right,280,0.47916155093511603,0.24290567562466658,6.948173072216029e-114,2.905053465112924e-97,0.25494570375163744,0.22421584718347856,False,4.762647431343794,1.3271879348903894,4.0,0.25040516989185413,0.24290552273103605,1.851579244878481e-07,2.8603278864774015e-07,1.851579244878481e-07,2.5303986386825247e-07,0.8846533471373462,8.0,7.502178394037069e-281,0.47916134523467746,1.0032345700924397e-96,0.0002444389245432819,0.23382658919923482,0.24290533757311156,0.24290570788896051,0.2239712025584967,0.22446008040758325,2.0768480356782675,8.726154126226902,1.2804359700530767,7.1964754409223285e-130,True,False,True,False,False,False,False,False,False,280
L160_gL0,160,2.0,gL,0,L160_gL0,L160_gL0_i0_t83p755,83.755,0.52346875,0.5,1.0,open,0.0,"['charge_density_wave', 'left', 'right']","[['charge_density_wave', 'left'], ['charge_density_wave', 'right'], ['left', 'right']]","[240, 280, 320, 360]",['left'],edge,new_size_mechanism,0.05,1675,charge_density_wave,280,0.25494570375163744,1.0893556753215725e-97,0.9114774555789248,2.413815642224736e-97,0.25494570375163744,8.595320883231174e-99,True,4.709702802821994,1.3147895205765963,0.0,0.0,0.0,2.65064340680306e-97,4.0019224587232364e-97,2.65064340680306e-97,4.0019224587232364e-97,1.0,0.0,0.0,0.25494570375163744,8.335899243133575e-97,1.9556627236081315e-92,1.6465913139467622e-97,0.0,1.0986542649936634e-96,0.0,1.9556627236081315e-92,2.002490982413292,1.8672438841313124,1.2953346874564886,2.470592490423053e-237,True,True,False,True,True,True,False,False,False,280
L160_gL0,160,2.0,gL,0,L160_gL0,L160_gL0_i0_t83p755,83.755,0.52346875,0.5,1.0,open,0.0,"['charge_density_wave', 'left', 'right']","[['charge_density_wave', 'left'], ['charge_density_wave', 'right'], ['left', 'right']]","[240, 280, 320, 360]",['left'],edge,new_size_mechanism,0.05,1675,left,280,0.26751710467585416,0.04129138154277972,2.484383054872124e-109,2.413815642224736e-97,0.25494570375163744,0.012571400924216707,True,4.7328391913324594,1.3277933225035667,4.0,0.041326612257659656,0.041291366767000064,1.5274521761760912e-08,2.291957145233983e-08,1.5274521761760912e-08,2.2407631878053768e-08,0.9776636498046827,8.0,7.716150507907401e-281,0.2675170968999725,8.335899243133575e-97,2.3213704501500448e-05,0.040025624211354194,0.041291351492478305,0.04129138204152183,0.012548179443833537,0.012594606852836537,2.051249749958515,8.6557496804744,1.2750690169632435,4.593417724915991e-135,True,True,False,True,True,True,True,False,False,280
L160_gL0,160,2.0,gL,0,L160_gL0,L160_gL0_i0_t83p755,83.755,0.52346875,0.5,1.0,open,0.0,"['charge_density_wave', 'left', 'right']","[['charge_density_wave', 'left'], ['charge_density_wave', 'right'], ['left', 'right']]","[240, 280, 320, 360]",['left'],edge,new_size_mechanism,0.05,1675,right,280,0.4271532856841283,0.20334428768526408,6.948173072216029e-114,2.413815642224736e-97,0.25494570375163744,0.17220758193249083,False,4.779607364907861,1.3296804204583168,4.0,0.20768321519146846,0.2033441572566473,1.5219853633424424e-07,2.3296207675032278e-07,1.5219853633424424e-07,2.0992284865863572e-07,0.9011030962074598,8.0,5.4040042002494034e-281,0.4271531189416736,8.335899243133575e-97,0.00020331386602174926,0.19560886863062688,0.20334400505811098,0.20334430945518364,0.17200410132401445,0.17241072905605792,2.0560668148100376,8.83592451363802,1.3639607895165682,5.831966153284602e-130,True,False,True,False,False,False,False,False,False,280
L160_gL0,160,2.0,gL,0,L160_gL0,L160_gL0_i1_t84p215,84.215,0.52634375,0.5,1.0,open,0.0,"['charge_density_wave', 'left', 'right']","[['charge_density_wave', 'left'], ['charge_density_wave', 'right'], ['left', 'right']]","[240, 280, 320, 360]",['right'],edge,new_size_mechanism,0.05,1684,charge_density_wave,280,0.25494570375163744,3.224764909879009e-98,0.9114774555789248,7.145497249707352e-98,0.25494570375163744,2.538137357438924e-99,True,4.678545672446489,1.3264392409473658,0.0,0.0,0.0,7.835591189560754e-98,1.183019836541247e-97,7.835591189560754e-98,1.183019836541247e-97,1.0,0.0,0.0,0.25494570375163744,2.4676343989862543e-97,5.818959350471044e-93,4.8743215924951614e-98,0.0,3.2511935179423297e-97,0.0,5.818959350471044e-93,2.014008155092597,1.9350201971828938,1.2810400482267141,2.4725300248050845e-237,True,True,False,True,True,True,False,False,False,280
L160_gL0,160,2.0,gL,0,L160_gL0,L160_gL0_i1_t84p215,84.215,0.52634375,0.5,1.0,open,0.0,"['charge_density_wave', 'left', 'right']","[['charge_density_wave', 'left'], ['charge_density_wave', 'right'], ['left', 'right']]","[240, 280, 320, 360]",['right'],edge,new_size_mechanism,0.05,1684,left,280,0.25638266624459344,0.012090143561136014,2.484383054872124e-109,7.145497249707352e-98,0.25494570375163744,0.0014369624929559581,True,4.716092931106687,1.3573114778846502,4.0,0.012091022933627552,0.012090139220056943,4.409358622021591e-09,6.611544351351254e-09,4.409358622021591e-09,6.567392464382261e-09,0.9933220009391649,8.0,1.8554198894983166e-281,0.2563826653176597,2.4676343989862543e-97,7.139470014580559e-06,0.011718817677476734,0.012090134810698322,0.012090143629415564,0.0014298220960076422,0.0014441010360368035,2.064877161756158,8.830538814887404,1.2825051117688417,1.3468471342029454e-135,True,True,False,True,True,True,False,False,False,280
L160_gL0,160,2.0,gL,0,L160_gL0,L160_gL0_i1_t84p215,84.215,0.52634375,0.5,1.0,open,0.0,"['charge_density_wave', 'left', 'right']","[['charge_density_wave', 'left'], ['charge_density_wave', 'right'], ['left', 'right']]","[240, 280, 320, 360]",['right'],edge,new_size_mechanism,0.05,1684,right,280,0.27922836065062484,0.06063889081216957,6.948173072216029e-114,7.145497249707352e-98,0.25494570375163744,0.024282656898987398,False,4.735993614420295,1.3335384503006935,4.0,0.060750645375145046,0.060638850318036265,4.2328354030610885e-08,6.356663158248015e-08,4.2328354030610885e-08,6.150962376186801e-08,0.967640131789222,8.0,6.231762748804354e-281,0.27922833313920215,2.4676343989862543e-97,6.0877683925789056e-05,0.05824584989457967,0.060638807989682235,0.060638892646390295,0.024221751703638893,0.024343507071490474,2.061195559799671,8.88071458041668,1.3619490843266249,1.414370884414528e-130,True,False,True,False,False,True,True,False,False,280
L160_gL0,160,2.0,gL,0,L160_gL0,L160_gL0_i1_t84p285,84.285,0.52678125,0.5,1.0,open,0.0,"['charge_density_wave', 'left', 'right']","[['charge_density_wave', 'left'], ['charge_density_wave', 'right'], ['left', 'right']]","[240, 280, 320, 360]",['right'],edge,new_size_mechanism,0.05,1686,charge_density_wave,280,0.25494570375163744,2.679464621027488e-98,0.9114774555789248,5.937210189054811e-98,0.25494570375163744,2.1081524941505793e-99,True,4.732710283249617,1.309942552819848,0.0,0.0,0.0,6.509228863950639e-98,9.827662572181914e-98,6.509228863950639e-98,9.827662572181914e-98,1.0,0.0,0.0,0.25494570375163744,2.050363128629483e-97,4.838742734468403e-93,4.050085083284776e-98,0.0,2.701286015024547e-97,0.0,4.838742734468403e-93,2.0290563013404608,1.9267690796405077,1.2915852591395378,2.474506302672563e-237,True,True,False,True,True,True,False,False,False,280
L160_gL0,160,2.0,gL,0,L160_gL0,L160_gL0_i1_t84p285,84.285,0.52678125,0.5,1.0,open,0.0,"['charge_density_wave', 'left', 'right']","[['charge_density_wave', 'left'], ['charge_density_wave', 'right'], ['left', 'right']]","[240, 280, 320, 360]",['right'],edge,new_size_mechanism,0.05,1686,left,280,0.2559719187187313,0.010028122114493028,2.484383054872124e-109,5.937210189054811e-98,0.25494570375163744,0.001026214967093844,True,4.762245332822204,1.3217319920659065,2.0,0.010020368892908743,0.01001986586922751,8.319579912662717e-06,1.2465784219189724e-05,8.319579912662717e-06,1.2396688293116815e-05,0.994457153689012,4.0,1.3814030344252133e-281,0.25597039502284874,2.050363128629483e-97,0.008450626365262918,0.009720094021004587,0.010011546289314848,0.010028185449140173,0.0,0.009475317636474216,2.0600588750094175,6.497503740713,1.277710147202015,1.1171811203170941e-135,True,True,False,True,True,True,False,False,False,280
L160_gL0,160,2.0,gL,0,L160_gL0,L160_gL0_i1_t84p285,84.285,0.52678125,0.5,1.0,open,0.0,"['charge_density_wave', 'left', 'right']","[['charge_density_wave', 'left'], ['charge_density_wave', 'right'], ['left', 'right']]","[240, 280, 320, 360]",['right'],edge,new_size_mechanism,0.05,1686,right,280,0.27261507445884603,0.05032296389629829,6.948173072216029e-114,5.937210189054811e-98,0.25494570375163744,0.017669370707208563,False,4.791945410892367,1.3377682864665985,4.0,0.05038677034710723,0.0503229302435597,3.494407633052838e-08,5.244787111170253e-08,3.494407633052838e-08,5.102927491506966e-08,0.9729522635225446,8.0,3.865462991332222e-281,0.27261505421788457,2.050363128629483e-97,5.079335870955927e-05,0.04833476472615544,0.05032289529948337,0.05032296518763603,0.01761855710753757,0.017720143824956687,1.9608243890106678,9.00398880802095,1.285132322460413,1.174946267079997e-130,True,False,True,False,False,True,True,False,False,280
L160_gL0,160,2.0,gL,0,L160_gL0,L160_gL0_i1_t84p355,84.355,0.52721875,0.5,1.0,open,0.0,"['charge_density_wave', 'left', 'right']","[['charge_density_wave', 'left'], ['charge_density_wave', 'right'], ['left', 'right']]","[240, 280, 320, 360]",['right'],edge,new_size_mechanism,0.05,1687,charge_density_wave,280,0.25494570375163744,2.22637334999014e-98,0.9114774555789248,4.933241676142267e-98,0.25494570375163744,1.7510118047969055e-99,True,4.767758214846253,1.3518623039126396,0.0,0.0,0.0,5.4073862893342965e-98,8.164103985814362e-98,5.4073862893342965e-98,8.164103985814362e-98,1.0,0.0,0.0,0.25494570375163744,1.7036514651320923e-97,4.023643243621477e-93,3.365225061699114e-98,0.0,2.244390094065522e-97,0.0,4.023643243621477e-93,2.108573315665126,1.9027911946177483,1.2851856797933578,2.472665785684529e-237,True,True,False,True,True,True,False,False,False,280
L160_gL0,160,2.0,gL,0,L160_gL0,L160_gL0_i1_t84p355,84.355,0.52721875,0.5,1.0,open,0.0,"['charge_density_wave', 'left', 'right']","[['charge_density_wave', 'left'], ['charge_density_wave', 'right'], ['left', 'right']]","[240, 280, 320, 360]",['right'],edge,new_size_mechanism,0.05,1687,left,280,0.2556775895073457,0.008317745553783331,2.484383054872124e-109,4.933241676142267e-98,0.25494570375163744,0.0007318857557082725,True,4.764158185571432,1.3529827948659658,2.0,0.008311183399705888,0.008310896363881807,6.894952251139707e-06,1.0331132345938594e-05,6.894952251139707e-06,1.0283575725976878e-05,0.9953967659720852,4.0,1.1525314730324255e-281,0.25567649847386437,1.7036514651320923e-97,0.007107160968013894,0.008062230009191403,0.008304001411630667,0.008317791316132946,0.0,0.007837955690240777,1.9704787377268076,6.2881553042680025,1.2760448139160872,9.26661482216167e-136,True,True,False,True,True,True,False,False,False,280
L160_gL0,160,2.0,gL,0,L160_gL0,L160_gL0_i1_t84p355,84.355,0.52721875,0.5,1.0,open,0.0,"['charge_density_wave', 'left', 'right']","[['charge_density_wave', 'left'], ['charge_density_wave', 'right'], ['left', 'right']]","[240, 280, 320, 360]",['right'],edge,new_size_mechanism,0.05,1687,right,280,0.26776182228157025,0.041754617242249964,6.948173072216029e-114,4.933241676142267e-98,0.25494570375163744,0.0128161185299328,True,4.814991619437933,1.3561883121728897,4.0,0.041791035383424095,0.041754589290019316,2.886863694114969e-08,4.331258401047823e-08,2.886863694114969e-08,4.233469664452218e-08,0.9774225577093373,8.0,8.489478163875514e-281,0.2677618074586153,1.7036514651320923e-97,4.2403431880307924e-05,0.04010361875262212,0.041754560421382377,0.041754618158656255,0.012773700275097485,0.012858507138858102,1.9989565946161747,8.751926625147462,1.2896142415702343,9.75570656185328e-131,True,True,False,True,True,True,True,False,False,280
L160_gL0,160,2.0,gL,0,L160_gL0,L160_gL0_i2_t63p275,63.275,0.39546875,0.5,1.0,open,0.0,"['charge_density_wave', 'block_cell10', 'block_cell30']","[['charge_density_wave', 'block_cell10'], ['charge_density_wave', 'block_cell30'], ['block_cell10', 'block_cell30']]","[240, 280, 320, 360]",['block_cell10'],translated,new_size_mechanism,0.05,1266,charge_density_wave,280,0.25494570375163744,3.7544868099032244e-74,0.9114774555789248,8.319265411267632e-74,0.25494570375163744,3.3688163747488006e-75,True,4.734204838052392,1.3144835270941257,0.0,0.0,0.0,9.819979110799004e-74,1.4820312999692796e-73,9.819979110799004e-74,1.4820312999692796e-73,1.0,0.0,0.0,0.25494570375163744,2.872984872253825e-73,5.190559223480584e-69,5.675010934963376e-74,0.0,3.8549827833337254e-73,0.0,5.190559223480584e-69,2.0430223513394594,1.9261104874312878,1.2833735290914774,2.468637369724667e-237,True,True,False,True,True,True,False,False,False,280
L160_gL0,160,2.0,gL,0,L160_gL0,L160_gL0_i2_t63p275,63.275,0.39546875,0.5,1.0,open,0.0,"['charge_density_wave', 'block_cell10', 'block_cell30']","[['charge_density_wave', 'block_cell10'], ['charge_density_wave', 'block_cell30'], ['block_cell10', 'block_cell30']]","[240, 280, 320, 360]",['block_cell10'],translated,new_size_mechanism,0.05,1266,block_cell10,280,0.2792257561261998,0.060635056822283234,5.822605405024748e-81,8.319265411267632e-74,0.25494570375163744,0.024280052374562343,False,4.780566107481718,1.3266860265284777,4.0,0.060746829521990314,0.06063505549094711,1.5179844180375523e-09,2.2905537294752494e-09,1.5179844180375523e-09,2.215619290120267e-09,0.9672854478850624,8.0,2.200678187163246e-280,0.27922575522172544,2.872984872253825e-73,2.587359802338674e-06,0.059694635184261026,0.06063505397296269,0.06063505700893153,0.024277464110285647,0.024282638829890322,1.9892839770764112,8.806161675602198,1.2742010932415724,5.263690209963123e-163,True,False,True,False,False,True,True,False,False,280
L160_gL0,160,2.0,gL,0,L160_gL0,L160_gL0_i2_t63p275,63.275,0.39546875,0.5,1.0,open,0.0,"['charge_density_wave', 'block_cell10', 'block_cell30']","[['charge_density_wave', 'block_cell10'], ['charge_density_wave', 'block_cell30'], ['block_cell10', 'block_cell30']]","[240, 280, 320, 360]",['block_cell10'],translated,new_size_mechanism,0.05,1266,block_cell30,280,0.9307757888974415,0.6381364785934596,8.79154889583814e-84,8.319265411267632e-74,0.25494570375163744,0.675830085145804,False,4.843439152464271,1.356878288090229,4.0,0.8288312434525045,0.6381364660717279,3.248918366439194e-08,6.041244524075993e-08,3.248918366439194e-08,4.5339163724494744e-08,0.7504937690207029,8.0,8.192817796341567e-281,0.930775782894533,2.872984872253825e-73,4.7414347114594565e-05,0.6312647288932755,0.6381364335825442,0.6381364985609116,0.675782664795781,0.6758774934900101,1.9902158807963133,8.818725461140275,1.2889441940933466,1.4736557274686148e-160,True,False,True,False,False,False,False,False,False,280
L160_gL0,160,2.0,gL,0,L160_gL0,L160_gL0_i2_t63p345,63.345,0.39590625,0.5,1.0,open,0.0,"['charge_density_wave', 'block_cell10', 'block_cell30']","[['charge_density_wave', 'block_cell10'], ['charge_density_wave', 'block_cell30'], ['block_cell10', 'block_cell30']]","[240, 280, 320, 360]",['block_cell10'],translated,new_size_mechanism,0.05,1267,charge_density_wave,280,0.25494570375163744,3.119611772762527e-74,0.9114774555789248,6.912496868885139e-74,0.25494570375163744,2.7977209520987136e-75,True,4.761504247784615,1.3323212377727032,0.0,0.0,0.0,8.157103009604937e-74,1.2310722044422926e-73,8.157103009604937e-74,1.2310722044422926e-73,1.0,0.0,0.0,0.25494570375163744,2.3871697742580957e-73,4.317279409820242e-69,4.715379709570522e-74,0.0,3.202880075218589e-73,0.0,4.317279409820242e-69,2.005645466968417,1.9289775267243385,1.2838270645588636,2.4699360761182125e-237,True,True,False,True,True,True,False,False,False,280
L160_gL0,160,2.0,gL,0,L160_gL0,L160_gL0_i2_t63p345,63.345,0.39590625,0.5,1.0,open,0.0,"['charge_density_wave', 'block_cell10', 'block_cell30']","[['charge_density_wave', 'block_cell10'], ['charge_density_wave', 'block_cell30'], ['block_cell10', 'block_cell30']]","[240, 280, 320, 360]",['block_cell10'],translated,new_size_mechanism,0.05,1267,block_cell10,280,0.27262179409860754,0.05033413494907286,5.822605405024748e-81,6.912496868885139e-74,0.25494570375163744,0.017676090346970062,False,4.875693144276738,1.3381120935082436,4.0,0.05039801664833753,0.050334133842193464,1.253369188092832e-09,1.890359439756257e-09,1.253369188092832e-09,1.8386564111013724e-09,0.9726491017700047,8.0,4.440457609290142e-281,0.272621793432752,2.3871697742580957e-73,2.155537367013101e-06,0.049552544005774975,0.05033413258882428,0.05033413509556266,0.017673934143747502,0.01767824521848153,2.0947533883154392,8.51332625001669,1.2710917610675097,4.374249694598446e-163,True,False,True,False,False,True,True,False,False,280
L160_gL0,160,2.0,gL,0,L160_gL0,L160_gL0_i2_t63p345,63.345,0.39590625,0.5,1.0,open,0.0,"['charge_density_wave', 'block_cell10', 'block_cell30']","[['charge_density_wave', 'block_cell10'], ['charge_density_wave', 'block_cell30'], ['block_cell10', 'block_cell30']]","[240, 280, 320, 360]",['block_cell10'],translated,new_size_mechanism,0.05,1267,block_cell30,280,0.8825867356562409,0.5665922663486053,8.79154889583814e-84,6.912496868885139e-74,0.25494570375163744,0.6276410319046034,False,4.883702149614692,1.3511075768619776,4.0,0.6876133668842316,0.5665922536092179,2.766076358171742e-08,4.880488631544814e-08,2.766076358171742e-08,3.762377872569762e-08,0.7709018822934665,8.0,8.245045493535339e-281,0.8825867248411551,2.3871697742580957e-73,4.0723837763074275e-05,0.5596196353645538,0.5665922259484544,0.5665922812699815,0.6276002972517545,0.6276817449272807,2.0537818484008312,8.675464496016502,1.289928149431944,1.4917066444007936e-160,True,False,True,False,False,False,False,False,False,280
L160_gL0,160,2.0,gL,0,L160_gL0,L160_gL0_i2_t63p415,63.415,0.39634375,0.5,1.0,open,0.0,"['charge_density_wave', 'block_cell10', 'block_cell30']","[['charge_density_wave', 'block_cell10'], ['charge_density_wave', 'block_cell30'], ['block_cell10', 'block_cell30']]","[240, 280, 320, 360]",['block_cell10'],translated,new_size_mechanism,0.05,1268,charge_density_wave,280,0.25494570375163744,2.592092636226203e-74,0.9114774555789248,5.743609633806125e-74,0.25494570375163744,2.3234413663540217e-75,True,4.76540807262063,1.3306430019438267,0.0,0.0,0.0,6.775813953593026e-74,1.0226094869025513e-73,6.775813953593026e-74,1.0226094869025513e-73,1.0,0.0,0.0,0.25494570375163744,1.983504885864914e-73,3.5909195948442057e-69,3.918019905202681e-74,0.0,2.6610862812242164e-73,0.0,3.5909195948442057e-69,2.025850050151348,1.9510262925177813,1.2863223478198051,2.466899064095515e-237,True,True,False,True,True,True,False,False,False,280
L160_gL0,160,2.0,gL,0,L160_gL0,L160_gL0_i2_t63p415,63.415,0.39634375,0.5,1.0,open,0.0,"['charge_density_wave', 'block_cell10', 'block_cell30']","[['charge_density_wave', 'block_cell10'], ['charge_density_wave', 'block_cell30'], ['block_cell10', 'block_cell30']]","[240, 280, 320, 360]",['block_cell10'],translated,new_size_mechanism,0.05,1268,block_cell10,280,0.2677730708696891,0.041775825280411134,5.822605405024748e-81,5.743609633806125e-74,0.25494570375163744,0.012827367118051623,True,4.776696378365159,1.3281021863222122,2.0,0.041803541934178796,0.041767063138531735,9.190820537162323e-06,1.3856245629742202e-05,9.190820537162323e-06,1.3539885393173837e-05,0.9771684015265071,4.0,2.867702663492633e-281,0.26776842304958137,1.983504885864914e-73,0.009262362431471686,0.04112658027046916,0.04175787231799458,0.0417762539590689,0.0035603568664722422,0.022085081729415614,2.066039402037859,6.376667466014624,1.2781220693141222,3.633228198022522e-163,True,True,False,True,True,True,True,False,False,280
L160_gL0,160,2.0,gL,0,L160_gL0,L160_gL0_i2_t63p415,63.415,0.39634375,0.5,1.0,open,0.0,"['charge_density_wave', 'block_cell10', 'block_cell30']","[['charge_density_wave', 'block_cell10'], ['charge_density_wave', 'block_cell30'], ['block_cell10', 'block_cell30']]","[240, 280, 320, 360]",['block_cell10'],translated,new_size_mechanism,0.05,1268,block_cell30,280,0.812309217794629,0.4955032273108606,8.79154889583814e-84,5.743609633806125e-74,0.25494570375163744,0.5573635140429914,False,4.82476813159883,1.3425133172422647,4.0,0.570457901014233,0.49550321492613675,2.32809183516895e-08,3.93935094204964e-08,2.32809183516895e-08,3.122137898987951e-08,0.7925513479039026,8.0,1.6416939301027154e-280,0.8123092040150413,1.983504885864914e-73,3.4596621297767674e-05,0.4887407133203046,0.4955031916452184,0.49550323820705505,0.557328903642106,0.5573980968847015,1.9910740740597248,8.969500595703721,1.2925038188695908,1.585131449367665e-160,True,False,True,False,False,False,False,False,False,280
L160_gL0,160,2.0,gL,0,L160_gL0,L160_gL0_i3_t64p255,64.255,0.40159375,0.5,1.0,open,0.0,"['charge_density_wave', 'block_cell10', 'block_cell30']","[['charge_density_wave', 'block_cell10'], ['charge_density_wave', 'block_cell30'], ['block_cell10', 'block_cell30']]","[240, 280, 320, 360]",['block_cell30'],translated,new_size_mechanism,0.05,1285,charge_density_wave,280,0.25494570375163744,2.807049883971745e-75,0.9114774555789248,6.219916113656794e-75,0.25494570375163744,2.5008066763621815e-76,True,4.667765771970153,1.3154399320483208,0.0,0.0,0.0,7.312718589684076e-75,1.103662441674388e-74,7.312718589684076e-75,1.103662441674388e-74,1.0,0.0,0.0,0.25494570375163744,2.1479931241310054e-74,3.936540895531811e-70,4.242933746499949e-75,0.0,2.879264983099413e-74,0.0,3.936540895531811e-70,2.011687619611621,1.9345242343842983,1.289643332362175,2.474094480331904e-237,True,True,False,True,True,True,False,False,False,280
L160_gL0,160,2.0,gL,0,L160_gL0,L160_gL0_i3_t64p255,64.255,0.40159375,0.5,1.0,open,0.0,"['charge_density_wave', 'block_cell10', 'block_cell30']","[['charge_density_wave', 'block_cell10'], ['charge_density_wave', 'block_cell30'], ['block_cell10', 'block_cell30']]","[240, 280, 320, 360]",['block_cell30'],translated,new_size_mechanism,0.05,1285,block_cell10,280,0.25517967667636743,0.004447046831506706,5.822605405024748e-81,6.219916113656794e-75,0.25494570375163744,0.00023397292472997973,True,4.7083929888904095,1.3100147936493158,2.0,0.004446154642739412,0.004446110696951318,9.598107688753406e-07,1.4459321549708124e-06,9.598107688753406e-07,1.4423230981073698e-06,0.9975039929425212,4.0,6.300568321712681e-281,0.2551795865042286,2.1479931241310054e-74,0.0011407565377378112,0.004377758717076348,0.004445150886182443,0.004447070507720193,0.0,0.00137463929032898,2.1476065665483475,6.399536367505789,1.2703711967915297,3.873897604369566e-164,True,True,False,True,True,True,False,False,False,280
L160_gL0,160,2.0,gL,0,L160_gL0,L160_gL0_i3_t64p255,64.255,0.40159375,0.5,1.0,open,0.0,"['charge_density_wave', 'block_cell10', 'block_cell30']","[['charge_density_wave', 'block_cell10'], ['charge_density_wave', 'block_cell30'], ['block_cell10', 'block_cell30']]","[240, 280, 320, 360]",['block_cell30'],translated,new_size_mechanism,0.05,1285,block_cell30,280,0.27916302899508505,0.06054267965566811,8.79154889583814e-84,6.219916113656794e-75,0.25494570375163744,0.02421732524344758,False,4.763430858030915,1.328645283356309,4.0,0.06065394065481251,0.06054267764820264,2.280934124459838e-09,3.442015109837651e-09,2.280934124459838e-09,3.3295607275539165e-09,0.9673289109154902,8.0,3.3709502164676127e-281,0.27916302763260215,2.1479931241310054e-74,3.8134811305126196e-06,0.05945775701864088,0.06054267536726852,0.06054267992913677,0.02421351039983418,0.024221137362095205,1.9707850441336632,8.673760257661343,1.2984024975448847,2.2992948558085373e-161,True,False,True,False,False,True,True,False,False,280
L160_gL0,160,2.0,gL,0,L160_gL0,L160_gL0_i3_t64p325,64.325,0.40203125,0.5,1.0,open,0.0,"['charge_density_wave', 'block_cell10', 'block_cell30']","[['charge_density_wave', 'block_cell10'], ['charge_density_wave', 'block_cell30'], ['block_cell10', 'block_cell30']]","[240, 280, 320, 360]",['block_cell30'],translated,new_size_mechanism,0.05,1286,charge_density_wave,280,0.25494570375163744,2.3323842400169887e-75,0.9114774555789248,5.168142682663794e-75,0.25494570375163744,2.0768773395492947e-76,True,4.761711183935404,1.3760436829179525,0.0,0.0,0.0,6.0744396779377e-75,9.16778395696645e-75,6.0744396779377e-75,9.16778395696645e-75,1.0,0.0,0.0,0.25494570375163744,1.7847724541679152e-74,3.2741918437943784e-70,3.525463461935517e-75,0.0,2.392216421961685e-74,0.0,3.2741918437943784e-70,1.9958145581185818,1.998713307082653,1.283848688006401,2.476304611285704e-237,True,True,False,True,True,True,False,False,False,280
L160_gL0,160,2.0,gL,0,L160_gL0,L160_gL0_i3_t64p325,64.325,0.40203125,0.5,1.0,open,0.0,"['charge_density_wave', 'block_cell10', 'block_cell30']","[['charge_density_wave', 'block_cell10'], ['charge_density_wave', 'block_cell30'], ['block_cell10', 'block_cell30']]","[240, 280, 320, 360]",['block_cell30'],translated,new_size_mechanism,0.05,1286,block_cell10,280,0.2551118436108691,0.0036895834534647967,5.822605405024748e-81,5.168142682663794e-75,0.25494570375163744,0.000166139859231615,True,4.792429471388459,1.3538138549774885,2.0,0.0036888317415582146,0.0036888066439629825,7.96085509262409e-07,1.1992863438204251e-06,7.96085509262409e-07,1.1968014032801356e-06,0.9979279839605498,4.0,1.8934474660842097e-281,0.25511177938998275,1.7847724541679152e-74,0.0009580767357108176,0.0036320927952941885,0.00368801055845372,0.003689602729472245,0.0,0.001124152374056116,2.102425066754222,6.410839758813381,1.2852133866399527,3.214074026331069e-164,True,True,False,True,True,True,False,False,False,280
L160_gL0,160,2.0,gL,0,L160_gL0,L160_gL0_i3_t64p325,64.325,0.40203125,0.5,1.0,open,0.0,"['charge_density_wave', 'block_cell10', 'block_cell30']","[['charge_density_wave', 'block_cell10'], ['charge_density_wave', 'block_cell30'], ['block_cell10', 'block_cell30']]","[240, 280, 320, 360]",['block_cell30'],translated,new_size_mechanism,0.05,1286,block_cell30,280,0.27257586767789055,0.050257750136308184,8.79154889583814e-84,5.168142682663794e-75,0.25494570375163744,0.017630163926253113,False,4.891296656802297,1.369927791878581,4.0,0.050321340508163726,0.05025774846733881,1.883310107688378e-09,2.840624822981943e-09,1.883310107688378e-09,2.763034801294991e-09,0.9726855792221438,8.0,9.205069737643419e-281,0.2725758666749177,1.7847724541679152e-74,3.1775562066319273e-06,0.04935607258208913,0.050257746584028706,0.05025775035064892,0.017626985367073602,0.017633340479486868,1.9570286087691784,8.776723098009825,1.2869689650833607,1.9107508859696786e-161,True,False,True,False,False,True,True,False,False,280
L160_gL0,160,2.0,gL,0,L160_gL0,L160_gL0_i3_t64p395,64.395,0.40246875,0.5,1.0,open,0.0,"['charge_density_wave', 'block_cell10', 'block_cell30']","[['charge_density_wave', 'block_cell10'], ['charge_density_wave', 'block_cell30'], ['block_cell10', 'block_cell30']]","[240, 280, 320, 360]",['block_cell30'],translated,new_size_mechanism,0.05,1288,charge_density_wave,280,0.25494570375163744,1.937983458770049e-75,0.9114774555789248,4.294221706579935e-75,0.25494570375163744,1.7248122722338713e-76,True,4.7283570896834135,1.3173823207616806,0.0,0.0,0.0,5.04584290641682e-75,7.615398162267028e-75,5.04584290641682e-75,7.615398162267028e-75,1.0,0.0,0.0,0.25494570375163744,1.4829715595319967e-74,2.723284471318161e-70,2.929315743309712e-75,0.0,1.9875558501736787e-74,0.0,2.723284471318161e-70,2.012892695143819,1.8567870110273361,1.3018137142062187,2.4690443953524085e-237,True,True,False,True,True,True,False,False,False,280
L160_gL0,160,2.0,gL,0,L160_gL0,L160_gL0_i3_t64p395,64.395,0.40246875,0.5,1.0,open,0.0,"['charge_density_wave', 'block_cell10', 'block_cell30']","[['charge_density_wave', 'block_cell10'], ['charge_density_wave', 'block_cell30'], ['block_cell10', 'block_cell30']]","[240, 280, 320, 360]",['block_cell30'],translated,new_size_mechanism,0.05,1288,block_cell10,280,0.2550635664243513,0.0030611426312107982,5.822605405024748e-81,4.294221706579935e-75,0.25494570375163744,0.00011786267271382672,True,4.791040686890483,1.3069563880562782,2.0,0.0030605123645632308,0.0030604980311583533,6.603369962677967e-07,9.947868781535531e-07,6.603369962677967e-07,9.930759543017846e-07,0.9982801101528962,4.0,2.816007807342193e-281,0.25506352073684513,1.4829715595319967e-74,0.0008045818127902071,0.003013440750333583,0.0030598376941620856,0.003061158368154621,0.0,0.0009223987979978862,2.0546421203762293,6.330063944682479,1.2716387826949358,2.666633825473436e-164,True,True,False,True,True,True,False,False,False,280
L160_gL0,160,2.0,gL,0,L160_gL0,L160_gL0_i3_t64p395,64.395,0.40246875,0.5,1.0,open,0.0,"['charge_density_wave', 'block_cell10', 'block_cell30']","[['charge_density_wave', 'block_cell10'], ['charge_density_wave', 'block_cell30'], ['block_cell10', 'block_cell30']]","[240, 280, 320, 360]",['block_cell30'],translated,new_size_mechanism,0.05,1288,block_cell30,280,0.26773960071979513,0.041712698564320014,8.79154889583814e-84,4.294221706579935e-75,0.25494570375163744,0.012793896968157682,True,4.8450862392783165,1.3753751814365387,4.0,0.04174903358709457,0.04171269717750798,1.5561674520129178e-09,2.346419146171915e-09,1.5561674520129178e-09,2.292907346761382e-09,0.9771942708966406,8.0,4.323615189561114e-281,0.2677395999848728,1.4829715595319967e-74,2.649348918443953e-06,0.04096370651239255,0.04171269562134053,0.04171269873367543,0.012791246884316897,0.012796545582153785,1.9836592804640532,8.972426367923617,1.291695510968566,1.5870518679151019e-161,True,True,False,True,True,True,True,False,False,280
L160_gL0,160,2.0,gL,0,L160_gL0,L160_gL0_late,112.00,0.70,0.5,1.0,open,0.0,"['charge_density_wave', 'left', 'right', 'block_cell10', 'block_cell30']","[['charge_density_wave', 'left'], ['charge_density_wave', 'right'], ['charge_density_wave', 'block_cell10'], ['charge_density_wave', 'block_cell30'], ['left', 'right'], ['block_cell10', 'block_cell30']]","[240, 280, 320, 360]","['left', 'right', 'block_cell10', 'block_cell30']",persistence,new_size_mechanism,0.05,2240,charge_density_wave,280,0.25494570375163744,3.76341110274691e-130,0.9114774555789248,8.339040034147825e-130,0.25494570375163744,2.609718746930496e-131,True,4.868008712306619,1.331831919029355,0.0,0.0,0.0,8.5086576735537e-130,1.2850282965521189e-129,8.5086576735537e-130,1.2850282965521189e-129,1.0,0.0,0.0,0.25494570375163744,2.8798138637068896e-129,8.87167027653071e-125,5.6885002510907215e-130,0.0,3.73067963106226e-129,0.0,8.87167027653071e-125,2.143022395670414,2.019092347472906,1.3022619001567364,2.471577569152474e-237,True,True,False,True,True,True,False,False,False,280
L160_gL0,160,2.0,gL,0,L160_gL0,L160_gL0_late,112.00,0.70,0.5,1.0,open,0.0,"['charge_density_wave', 'left', 'right', 'block_cell10', 'block_cell30']","[['charge_density_wave', 'left'], ['charge_density_wave', 'right'], ['charge_density_wave', 'block_cell10'], ['charge_density_wave', 'block_cell30'], ['left', 'right'], ['block_cell10', 'block_cell30']]","[240, 280, 320, 360]","['left', 'right', 'block_cell10', 'block_cell30']",persistence,new_size_mechanism,0.05,2240,left,280,0.25494570375163744,7.951883374429927e-35,2.484383054872124e-109,8.339040034147825e-130,0.25494570375163744,3.697128891124574e-52,True,4.689605748280883,1.32421051338315,0.0,0.0,0.0,7.951883374634041e-35,1.1943396270686653e-34,7.951883374634041e-35,1.1943396270686653e-34,1.0,0.0,0.0,0.25494570375163744,2.8798138637068896e-129,5.0584837005815515e-31,7.703355107293119e-35,0.0,7.951883374634041e-35,0.0,5.0584837005815515e-31,2.029815513640642,2.0023880042135715,1.2912671063095331,5.56197370406413e-164,True,True,False,True,True,True,True,False,False,280
L160_gL0,160,2.0,gL,0,L160_gL0,L160_gL0_late,112.00,0.70,0.5,1.0,open,0.0,"['charge_density_wave', 'left', 'right', 'block_cell10', 'block_cell30']","[['charge_density_wave', 'left'], ['charge_density_wave', 'right'], ['charge_density_wave', 'block_cell10'], ['charge_density_wave', 'block_cell30'], ['left', 'right'], ['block_cell10', 'block_cell30']]","[240, 280, 320, 360]","['left', 'right', 'block_cell10', 'block_cell30']",persistence,new_size_mechanism,0.05,2240,right,280,0.25494570375163744,3.964495933247729e-34,6.948173072216029e-114,8.339040034147825e-130,0.25494570375163744,1.0443039827241534e-51,True,4.995635479688644,1.3550294507294893,0.0,0.0,0.0,3.964495933353895e-34,5.9540933236974015e-34,3.964495933353895e-34,5.9540933236974015e-34,1.0,0.0,0.0,0.25494570375163744,2.8798138637068896e-129,2.471007341424685e-30,3.805041094549246e-34,0.0,3.964495933353895e-34,0.0,2.471007341424685e-30,2.0193877909332514,2.1033825147897005,1.2969284877181053,5.704389288784468e-159,True,True,False,True,True,True,True,False,False,280
L160_gL0,160,2.0,gL,0,L160_gL0,L160_gL0_late,112.00,0.70,0.5,1.0,open,0.0,"['charge_density_wave', 'left', 'right', 'block_cell10', 'block_cell30']","[['charge_density_wave', 'left'], ['charge_density_wave', 'right'], ['charge_density_wave', 'block_cell10'], ['charge_density_wave', 'block_cell30'], ['left', 'right'], ['block_cell10', 'block_cell30']]","[240, 280, 320, 360]","['left', 'right', 'block_cell10', 'block_cell30']",persistence,new_size_mechanism,0.05,2240,block_cell10,280,0.25494570375163744,3.0001675109067765e-58,5.822605405024748e-81,8.339040034147825e-130,0.25494570375163744,2.3277893695666345e-69,True,4.729856327176094,1.3148504700511694,0.0,0.0,0.0,3.0001675113243805e-58,4.527123857002086e-58,3.0001675113243805e-58,4.527123857002086e-58,1.0,0.0,0.0,0.25494570375163744,2.8798138637068896e-129,3.203009251254659e-54,2.9523209864782963e-58,0.0,3.0001675113243805e-58,0.0,3.203009251254659e-54,2.042733298614621,1.9900397844612598,1.2968882471323013,2.76820203113968e-215,True,True,False,True,True,True,True,False,False,280
L160_gL0,160,2.0,gL,0,L160_gL0,L160_gL0_late,112.00,0.70,0.5,1.0,open,0.0,"['charge_density_wave', 'left', 'right', 'block_cell10', 'block_cell30']","[['charge_density_wave', 'left'], ['charge_density_wave', 'right'], ['charge_density_wave', 'block_cell10'], ['charge_density_wave', 'block_cell30'], ['left', 'right'], ['block_cell10', 'block_cell30']]","[240, 280, 320, 360]","['left', 'right', 'block_cell10', 'block_cell30']",persistence,new_size_mechanism,0.05,2240,block_cell30,280,0.25494570375163744,4.057741289178072e-57,8.79154889583814e-84,8.339040034147825e-130,0.25494570375163744,1.3767173470973408e-68,True,4.905984532088041,1.3147633522748947,0.0,0.0,0.0,4.057741289754081e-57,6.122940479219319e-57,4.057741289754081e-57,6.122940479219319e-57,1.0,0.0,0.0,0.25494570375163744,2.8798138637068896e-129,4.2475372308068975e-53,3.983193932412379e-57,0.0,4.057741289754081e-57,0.0,4.2475372308068975e-53,2.092078536748886,1.9578969329595566,1.2835946325212717,1.603917375269196e-212,True,True,False,True,True,True,True,False,False,280
L160_gL2,160,2.0,gL,2,L160_gL2,L160_gL2_i0_t83p285,83.285,0.52053125,0.5,1.0,open,0.0125,"['charge_density_wave', 'left', 'right']","[['charge_density_wave', 'left'], ['charge_density_wave', 'right'], ['left', 'right']]","[240, 280, 320, 360]",['left'],edge,new_size_mechanism,0.05,1666,charge_density_wave,280,0.2507613270011119,3.828692475784651e-97,0.9101799904667109,8.413204324619353e-97,0.2507613270011119,3.005417898985142e-98,True,4.723947439342737,1.3460040967911482,0.0,0.0,0.0,9.199983824772238e-97,1.389053937986185e-96,9.199983824772238e-97,1.389053937986185e-96,1.0,0.0,0.0,0.2507613270011119,1.8034125577491974e-95,3.325316597075342e-91,6.064282213629205e-97,0.0,1.89541239599692e-95,0.0,3.325316597075342e-91,1.9758740458637476,1.9404513221234083,1.2501022312790155,4.115164369345799e-237,True,True,False,True,True,True,False,False,False,280
L160_gL2,160,2.0,gL,2,L160_gL2,L160_gL2_i0_t83p285,83.285,0.52053125,0.5,1.0,open,0.0125,"['charge_density_wave', 'left', 'right']","[['charge_density_wave', 'left'], ['charge_density_wave', 'right'], ['left', 'right']]","[240, 280, 320, 360]",['left'],edge,new_size_mechanism,0.05,1666,left,280,0.27470696765660246,0.060141524706131246,6.383594210723931e-109,8.413204324619353e-97,0.2507613270011119,0.023945640655490524,False,4.7900005001574755,1.3613827880471945,4.0,0.06025056493654424,0.060141503069521624,2.265335749859263e-08,3.403635568798366e-08,2.265335749859263e-08,3.294269470300907e-08,0.9678678588565608,8.0,3.439201243875101e-281,0.2747069530343849,1.8034125577491974e-95,3.371355619670331e-05,0.05829804082448698,0.06014148041616412,0.06014152572287912,0.023911912477076303,0.023979339589469708,1.9374642111361027,8.432673208415508,1.2287399135529995,6.574840487728378e-135,True,False,True,False,False,True,True,False,False,280
L160_gL2,160,2.0,gL,2,L160_gL2,L160_gL2_i0_t83p285,83.285,0.52053125,0.5,1.0,open,0.0125,"['charge_density_wave', 'left', 'right']","[['charge_density_wave', 'left'], ['charge_density_wave', 'right'], ['left', 'right']]","[240, 280, 320, 360]",['left'],edge,new_size_mechanism,0.05,1666,right,280,0.8103126035115924,0.8674782816325685,2.607316007503677e-114,8.413204324619353e-97,0.2507613270011119,0.5595512765104805,False,4.7848901860415936,1.3900528252124786,4.0,1.7437612165598664,0.8674781396879581,8.386391991156746e-07,2.497563688468305e-06,8.386391991156746e-07,1.740367045503132e-06,0.6968258921839373,8.0,1.0679170246322135e-280,0.8103128773734989,1.8034125577491974e-95,0.001005795747212834,0.8586070544864791,0.867477301048759,0.8674789783271571,0.5585457546251742,0.5605573461195998,1.9548705276101828,8.458342239260674,1.2386464532464743,9.71110755403411e-130,True,False,True,False,False,False,False,False,False,280
L160_gL2,160,2.0,gL,2,L160_gL2,L160_gL2_i0_t83p355,83.355,0.52096875,0.5,1.0,open,0.0125,"['charge_density_wave', 'left', 'right']","[['charge_density_wave', 'left'], ['charge_density_wave', 'right'], ['left', 'right']]","[240, 280, 320, 360]",['left'],edge,new_size_mechanism,0.05,1667,charge_density_wave,280,0.2507613270011119,3.1812823868981013e-97,0.9101799904667109,6.990579649660476e-97,0.2507613270011119,2.496259677403908e-98,True,4.696772726252675,1.2989030871540308,0.0,0.0,0.0,7.642675931857595e-97,1.1539259447334993e-96,7.642675931857595e-97,1.1539259447334993e-96,1.0,0.0,0.0,0.2507613270011119,1.498459664703734e-95,2.765318629072914e-91,5.038826115220712e-97,0.0,1.57488642402231e-95,0.0,2.765318629072914e-91,2.0442126616835594,1.8586256206035614,1.245991351082921,4.1121211475113737e-237,True,True,False,True,True,True,False,False,False,280
L160_gL2,160,2.0,gL,2,L160_gL2,L160_gL2_i0_t83p355,83.355,0.52096875,0.5,1.0,open,0.0125,"['charge_density_wave', 'left', 'right']","[['charge_density_wave', 'left'], ['charge_density_wave', 'right'], ['left', 'right']]","[240, 280, 320, 360]",['left'],edge,new_size_mechanism,0.05,1667,left,280,0.268185291963137,0.049913844160258035,6.383594210723931e-109,6.990579649660476e-97,0.2507613270011119,0.017423964962025102,True,4.706382088363171,1.3209859170019627,4.0,0.04997612000550184,0.049913826177847447,1.8703750306895495e-08,2.808665888098982e-08,1.8703750306895495e-08,2.7332314853697184e-08,0.9731422654973317,8.0,8.626941939643602e-281,0.2681852812058837,1.498459664703734e-95,2.812227331588415e-05,0.04838211398901652,0.04991380747409714,0.04991384488159775,0.017395831931455906,0.017452076478087674,2.0315862875431776,8.356250302866101,1.2375119403004646,5.462316172505825e-135,True,True,False,True,True,True,True,False,False,280
L160_gL2,160,2.0,gL,2,L160_gL2,L160_gL2_i0_t83p355,83.355,0.52096875,0.5,1.0,open,0.0125,"['charge_density_wave', 'left', 'right']","[['charge_density_wave', 'left'], ['charge_density_wave', 'right'], ['left', 'right']]","[240, 280, 320, 360]",['left'],edge,new_size_mechanism,0.05,1667,right,280,0.8802347610773203,0.8225012615410938,2.607316007503677e-114,6.990579649660476e-97,0.2507613270011119,0.6294734340762085,False,4.743799237534404,1.3222171049565077,4.0,1.446121328073862,0.8225010855713407,7.810135843423014e-07,2.0415647055237716e-06,7.810135843423014e-07,1.4436951056716924e-06,0.7071512853673216,8.0,1.447101875057255e-280,0.8802349746334487,1.498459664703734e-95,0.0009411321723139998,0.8115572481914073,0.8225003045577564,0.8225018665849251,0.6285325154600228,0.6304147798046508,2.0136494692415,8.379879808053374,1.242989992722869,7.570988400847322e-130,True,False,True,False,False,False,False,False,False,280
L160_gL2,160,2.0,gL,2,L160_gL2,L160_gL2_i0_t83p425,83.425,0.52140625,0.5,1.0,open,0.0125,"['charge_density_wave', 'left', 'right']","[['charge_density_wave', 'left'], ['charge_density_wave', 'right'], ['left', 'right']]","[240, 280, 320, 360]",['left'],edge,new_size_mechanism,0.05,1668,charge_density_wave,280,0.2507613270011119,2.6433456561137805e-97,0.9101799904667109,5.808512660746421e-97,0.2507613270011119,2.0733604406812166e-98,True,4.748231219127774,1.3364489171653986,0.0,0.0,0.0,6.348979272808171e-97,9.585987288905023e-97,6.348979272808171e-97,9.585987288905023e-97,1.0,0.0,0.0,0.2507613270011119,1.2450736006554382e-95,2.299625175131466e-91,4.186772271641295e-97,0.0,1.30856339338352e-95,0.0,2.299625175131466e-91,1.974148677662015,1.7978284396231174,1.2512266486883163,4.118625781881383e-237,True,True,False,True,True,True,False,False,False,280
L160_gL2,160,2.0,gL,2,L160_gL2,L160_gL2_i0_t83p425,83.425,0.52140625,0.5,1.0,open,0.0125,"['charge_density_wave', 'left', 'right']","[['charge_density_wave', 'left'], ['charge_density_wave', 'right'], ['left', 'right']]","[240, 280, 320, 360]",['left'],edge,new_size_mechanism,0.05,1668,left,280,0.26339958846966566,0.04141829676976756,6.383594210723931e-109,5.808512660746421e-97,0.2507613270011119,0.012638261468553737,True,4.812053915113211,1.346334531903267,4.0,0.041453853599889005,0.04141828183225472,1.5453752968435967e-08,2.3197534704835982e-08,1.5453752968435967e-08,2.2677459634441213e-08,0.9775805887559962,8.0,6.728241336361452e-281,0.26339958059211566,1.2450736006554382e-95,2.3471671768509396e-05,0.040146247219426334,0.041418266378501746,0.04141829728600768,0.012614781919235214,0.012661725262772233,2.013104921206832,8.444975325837731,1.2435878030955791,4.535803415684909e-135,True,True,False,True,True,True,True,False,False,280
L160_gL2,160,2.0,gL,2,L160_gL2,L160_gL2_i0_t83p425,83.425,0.52140625,0.5,1.0,open,0.0125,"['charge_density_wave', 'left', 'right']","[['charge_density_wave', 'left'], ['charge_density_wave', 'right'], ['left', 'right']]","[240, 280, 320, 360]",['left'],edge,new_size_mechanism,0.05,1668,right,280,0.9276645756764424,0.7680345802768005,2.607316007503677e-114,5.808512660746421e-97,0.2507613270011119,0.6769032486753305,False,4.817964617162943,1.375808646902442,4.0,1.1992879937763758,0.7680343718980213,7.145802099958394e-07,1.662963700424141e-06,7.145802099958394e-07,1.197597505737807e-06,0.7201585370939595,8.0,8.685623334178251e-281,0.9276646920084256,1.2450736006554382e-95,0.0008661609788387643,0.7551462764837386,0.7680336573178113,0.7680350864782313,0.6760372040284749,0.6777695259861524,2.002576559782028,8.34426267258823,1.3161699194461107,7.909355447783354e-130,True,False,True,False,False,False,False,False,False,280
L160_gL2,160,2.0,gL,2,L160_gL2,L160_gL2_i1_t84p545,84.545,0.52840625,0.5,1.0,open,0.0125,"['charge_density_wave', 'left', 'right']","[['charge_density_wave', 'left'], ['charge_density_wave', 'right'], ['left', 'right']]","[240, 280, 320, 360]",['right'],edge,new_size_mechanism,0.05,1691,charge_density_wave,280,0.2507613270011119,1.3645257381252173e-98,0.9101799904667109,2.9984234800458044e-98,0.2507613270011119,1.0637907737860326e-99,True,4.652130573987961,1.317309321835637,0.0,0.0,0.0,3.266258615992027e-98,4.931630721291634e-98,3.266258615992027e-98,4.931630721291634e-98,1.0,0.0,0.0,0.2507613270011119,6.426795898328648e-97,1.2028350708369653e-92,2.161119699948307e-98,0.0,6.753421759927851e-97,0.0,1.2028350708369653e-92,1.982456924393773,1.728194035589695,1.2464153915643692,4.118666598978353e-237,True,True,False,True,True,True,False,False,False,280
L160_gL2,160,2.0,gL,2,L160_gL2,L160_gL2_i1_t84p545,84.545,0.52840625,0.5,1.0,open,0.0125,"['charge_density_wave', 'left', 'right']","[['charge_density_wave', 'left'], ['charge_density_wave', 'right'], ['left', 'right']]","[240, 280, 320, 360]",['right'],edge,new_size_mechanism,0.05,1691,left,280,0.25081920295758975,0.0020822406315295287,6.383594210723931e-109,2.9984234800458044e-98,0.2507613270011119,5.787595647783018e-05,True,4.742027593776584,1.3480211719870567,2.0,0.0020805222407935496,0.002080517737962183,1.728493302416e-06,2.591050640367433e-06,1.728493302416e-06,2.588048705065835e-06,0.998841421601404,4.0,7.189729573693718e-282,0.2508191143874927,6.426795898328648e-97,0.001973007290818709,0.0020181203841997,0.002078789244659767,0.002082246231264599,0.0,0.00203079467719948,2.031104601919651,5.904904192313552,1.2402229607105255,2.283788014561646e-136,True,True,False,True,True,True,False,False,False,280
L160_gL2,160,2.0,gL,2,L160_gL2,L160_gL2_i1_t84p545,84.545,0.52840625,0.5,1.0,open,0.0125,"['charge_density_wave', 'left', 'right']","[['charge_density_wave', 'left'], ['charge_density_wave', 'right'], ['left', 'right']]","[240, 280, 320, 360]",['right'],edge,new_size_mechanism,0.05,1691,right,280,0.27457691080815266,0.05994888001806288,2.607316007503677e-114,2.9984234800458044e-98,0.2507613270011119,0.023815583807040724,False,4.7401967123150826,1.3462971188127995,4.0,0.06005685553420244,0.05994884032965755,4.1443815019712e-08,6.221553933377455e-08,4.1443815019712e-08,6.022545551348922e-08,0.9680130745213199,8.0,7.296556762096054e-281,0.2745768840416483,6.426795898328648e-97,5.967553662584356e-05,0.05758663552524616,0.05994879888584252,0.059948881773472566,0.023755881503910562,0.023875232577162248,1.9372147973626852,8.190151249989867,1.2533545978367329,1.398843324040047e-130,True,False,True,False,False,True,True,False,False,280
L160_gL2,160,2.0,gL,2,L160_gL2,L160_gL2_i1_t84p615,84.615,0.52884375,0.5,1.0,open,0.0125,"['charge_density_wave', 'left', 'right']","[['charge_density_wave', 'left'], ['charge_density_wave', 'right'], ['left', 'right']]","[240, 280, 320, 360]",['right'],edge,new_size_mechanism,0.05,1692,charge_density_wave,280,0.2507613270011119,1.1337922068663883e-98,0.9101799904667109,2.4914072382215523e-98,0.2507613270011119,8.835758485208408e-100,True,4.958380142226815,1.3906085882335901,0.0,0.0,0.0,2.713378812163557e-98,4.096857369380187e-98,2.713378812163557e-98,4.096857369380187e-98,1.0,0.0,0.0,0.2507613270011119,5.340039574166131e-97,1.0002599063118683e-92,1.795679356370288e-98,0.0,5.611377455382487e-97,0.0,1.0002599063118683e-92,1.9776189364492893,1.8405830040574074,1.2407438550144434,4.1169886042772474e-237,True,True,False,True,True,True,False,False,False,280
L160_gL2,160,2.0,gL,2,L160_gL2,L160_gL2_i1_t84p615,84.615,0.52884375,0.5,1.0,open,0.0125,"['charge_density_wave', 'left', 'right']","[['charge_density_wave', 'left'], ['charge_density_wave', 'right'], ['left', 'right']]","[240, 280, 320, 360]",['right'],edge,new_size_mechanism,0.05,1692,left,280,0.25080226546592166,0.0017272276008559301,6.383594210723931e-109,2.4914072382215523e-98,0.2507613270011119,4.093846480976996e-05,True,5.020549535751343,1.3784698601812124,2.0,0.001725800839434217,0.0017257982693872388,1.4336843858286902e-06,2.1491456141666927e-06,1.4336843858286902e-06,2.1470796136706746e-06,0.9990386875219623,4.0,9.935123995046284e-282,0.25080220266983283,5.340039574166131e-97,0.0016579426986551417,0.0016740361914631084,0.00172436458500141,0.0017272319537730675,0.0,0.0016988183673760367,1.9388169795274734,5.948909675702453,1.2438289560377598,1.8944105213243753e-136,True,True,False,True,True,True,False,False,False,280
L160_gL2,160,2.0,gL,2,L160_gL2,L160_gL2_i1_t84p615,84.615,0.52884375,0.5,1.0,open,0.0125,"['charge_density_wave', 'left', 'right']","[['charge_density_wave', 'left'], ['charge_density_wave', 'right'], ['left', 'right']]","[240, 280, 320, 360]",['right'],edge,new_size_mechanism,0.05,1692,right,280,0.26808518166073314,0.04974630702535346,2.607316007503677e-114,2.4914072382215523e-98,0.2507613270011119,0.017323854659621215,True,5.004881588742137,1.4081697296351194,4.0,0.04980794187371618,0.04974627404566404,3.421327947469093e-08,5.133289676592835e-08,3.421327947469093e-08,4.9960671402949955e-08,0.9732681097418762,8.0,2.2824894908956533e-281,0.2680851619760697,5.340039574166131e-97,4.9788948753319904e-05,0.04778389935342154,0.04974623983238457,0.049746308258943515,0.017274046026204453,0.01737362392371109,1.94618602655828,8.14786290563643,1.2468722648918629,1.1619269006581082e-130,True,True,False,True,True,True,True,False,False,280
L160_gL2,160,2.0,gL,2,L160_gL2,L160_gL2_i1_t84p685,84.685,0.52928125,0.5,1.0,open,0.0125,"['charge_density_wave', 'left', 'right']","[['charge_density_wave', 'left'], ['charge_density_wave', 'right'], ['left', 'right']]","[240, 280, 320, 360]",['right'],edge,new_size_mechanism,0.05,1694,charge_density_wave,280,0.2507613270011119,9.42074401633555e-99,0.9101799904667109,2.070124539715801e-98,0.2507613270011119,7.338910687129729e-100,True,4.705190287902951,1.306770484894514,0.0,0.0,0.0,2.254085428065341e-98,3.403386091704946e-98,2.254085428065341e-98,3.403386091704946e-98,1.0,0.0,0.0,0.2507613270011119,4.43705123124826e-97,8.318008213525708e-93,1.4920341297946338e-98,0.0,4.662459774054794e-97,0.0,8.318008213525708e-93,2.018453987315297,2.05863238312304,1.2460681721568108,4.120574927304195e-237,True,True,False,True,True,True,False,False,False,280
L160_gL2,160,2.0,gL,2,L160_gL2,L160_gL2_i1_t84p685,84.685,0.52928125,0.5,1.0,open,0.0125,"['charge_density_wave', 'left', 'right']","[['charge_density_wave', 'left'], ['charge_density_wave', 'right'], ['left', 'right']]","[240, 280, 320, 360]",['right'],edge,new_size_mechanism,0.05,1694,left,280,0.25079026336710974,0.00143274549078146,6.383594210723931e-109,2.070124539715801e-98,0.2507613270011119,2.893636599785569e-05,True,4.647815966978669,1.306024968624115,2.0,0.0014315611671558781,0.001431559700260757,1.1891995791420506e-06,1.7826708749333745e-06,1.1891995791420506e-06,1.7812490154767652e-06,0.9992023993454976,4.0,2.72317427566626e-282,0.2507902188830779,4.43705123124826e-97,0.0013930026532154457,0.001388620117256103,0.001430370500681615,0.001432748899839899,0.0,0.001421894535181434,1.9429503809660673,6.059224219992757,1.2446005884557962,1.5714228514386718e-136,True,True,False,True,True,True,False,False,False,280
L160_gL2,160,2.0,gL,2,L160_gL2,L160_gL2_i1_t84p685,84.685,0.52928125,0.5,1.0,open,0.0125,"['charge_density_wave', 'left', 'right']","[['charge_density_wave', 'left'], ['charge_density_wave', 'right'], ['left', 'right']]","[240, 280, 320, 360]",['right'],edge,new_size_mechanism,0.05,1694,right,280,0.2633230375053673,0.04127296492272641,2.607316007503677e-114,2.070124539715801e-98,0.2507613270011119,0.012561710504255346,True,4.697954542934895,1.328032886609435,4.0,0.041308135811076264,0.04127293753207467,2.8264280461535912e-08,4.239125820811111e-08,2.8264280461535912e-08,4.144548022102817e-08,0.9776893155084041,8.0,2.612134927644109e-281,0.26332302309521227,4.43705123124826e-97,4.156356729220705e-05,0.03964353544352828,0.041272909267794214,0.041272965796355136,0.012520132526808173,0.012603259661392587,1.9484027605503798,8.506158955395222,1.2554611209779978,9.646711228802772e-131,True,True,False,True,True,True,True,False,False,280
L160_gL2,160,2.0,gL,2,L160_gL2,L160_gL2_i2_t63p005,63.005,0.39378125,0.5,1.0,open,0.0125,"['charge_density_wave', 'block_cell10', 'block_cell30']","[['charge_density_wave', 'block_cell10'], ['charge_density_wave', 'block_cell30'], ['block_cell10', 'block_cell30']]","[240, 280, 320, 360]",['block_cell10'],translated,new_size_mechanism,0.05,1260,charge_density_wave,280,0.2507613270011119,7.763552696426073e-74,0.9101799904667109,1.7059555256943755e-73,0.2507613270011119,6.934509279445559e-75,True,4.727094132453203,1.313578587025404,0.0,0.0,0.0,2.004700252336567e-73,3.025596718831658e-73,2.004700252336567e-73,3.025596718831658e-73,1.0,0.0,0.0,0.2507613270011119,3.6611602365350067e-72,5.117097173348101e-68,1.2311275536073668e-73,0.0,3.8616302617686634e-72,0.0,5.117097173348101e-68,2.0988156646490097,1.8631965667009354,1.2740267384797335,4.112587110516466e-237,True,True,False,True,True,True,False,False,False,280
L160_gL2,160,2.0,gL,2,L160_gL2,L160_gL2_i2_t63p005,63.005,0.39378125,0.5,1.0,open,0.0125,"['charge_density_wave', 'block_cell10', 'block_cell30']","[['charge_density_wave', 'block_cell10'], ['charge_density_wave', 'block_cell30'], ['block_cell10', 'block_cell30']]","[240, 280, 320, 360]",['block_cell10'],translated,new_size_mechanism,0.05,1260,block_cell10,280,0.27531344325126134,0.061034680733306514,1.1744078974008105e-80,1.7059555256943755e-73,0.2507613270011119,0.024552116250149417,False,4.753392305225134,1.3147971760481596,4.0,0.06114868213438055,0.06103467934734633,1.5847588891102974e-09,2.391392599178019e-09,1.5847588891102974e-09,2.3126633929455663e-09,0.9670780923803504,8.0,8.722313969539975e-281,0.27531344230570104,3.6611602365350067e-72,2.6957171594560277e-06,0.060080380887554914,0.06103467776258743,0.06103468093210521,0.02454941958742967,0.02455481102174858,2.0421647895127535,8.443161768838763,1.2308302111923695,1.755045227053744e-163,True,False,True,False,False,True,True,False,False,280
L160_gL2,160,2.0,gL,2,L160_gL2,L160_gL2_i2_t63p005,63.005,0.39378125,0.5,1.0,open,0.0125,"['charge_density_wave', 'block_cell10', 'block_cell30']","[['charge_density_wave', 'block_cell10'], ['charge_density_wave', 'block_cell30'], ['block_cell10', 'block_cell30']]","[240, 280, 320, 360]",['block_cell10'],translated,new_size_mechanism,0.05,1260,block_cell30,280,0.51941330033016,0.9612987609137628,4.296907761934814e-84,1.7059555256943755e-73,0.2507613270011119,0.26865197332904805,False,4.754776652902365,1.3439953196793795,4.0,3.489185481808715,0.9612987585897699,8.471163730476235e-08,2.7288072779921956e-07,8.471163730476235e-08,1.8339715529958694e-07,0.6720780788686809,8.0,5.750923244045333e-281,0.5194133114650539,3.6611602365350067e-72,0.00011713256193284538,0.9599674263908181,0.9612986738781326,0.9612988433014072,0.2685348519020091,0.2687691170258748,2.011698003858328,8.229629538953304,1.255493713542819,9.007618860790375e-160,True,False,True,False,False,False,False,False,False,280
L160_gL2,160,2.0,gL,2,L160_gL2,L160_gL2_i2_t63p075,63.075,0.39421875,0.5,1.0,open,0.0125,"['charge_density_wave', 'block_cell10', 'block_cell30']","[['charge_density_wave', 'block_cell10'], ['charge_density_wave', 'block_cell30'], ['block_cell10', 'block_cell30']]","[240, 280, 320, 360]",['block_cell10'],translated,new_size_mechanism,0.05,1262,charge_density_wave,280,0.2507613270011119,6.450780283509497e-74,0.9101799904667109,1.4174882248899843e-73,0.2507613270011119,5.758929681146694e-75,True,4.665659610182047,1.2980067357420921,0.0,0.0,0.0,1.6652367823092894e-73,2.5132654668951435e-73,1.6652367823092894e-73,2.5132654668951435e-73,1.0,0.0,0.0,0.2507613270011119,3.0420665071291175e-72,4.256499446050633e-68,1.0229467313283401e-73,0.0,3.2085901853600464e-72,0.0,4.256499446050633e-68,1.9745204914361238,1.7817837670445442,1.245161296799779,4.1177275460638915e-237,True,True,False,True,True,True,False,False,False,280
L160_gL2,160,2.0,gL,2,L160_gL2,L160_gL2_i2_t63p075,63.075,0.39421875,0.5,1.0,open,0.0125,"['charge_density_wave', 'block_cell10', 'block_cell30']","[['charge_density_wave', 'block_cell10'], ['charge_density_wave', 'block_cell30'], ['block_cell10', 'block_cell30']]","[240, 280, 320, 360]",['block_cell10'],translated,new_size_mechanism,0.05,1262,block_cell10,280,0.2686388442919828,0.05066824326903094,1.1744078974008105e-80,1.4174882248899843e-73,0.2507613270011119,0.017877517290870906,False,4.69550022855401,1.3206157442182302,4.0,0.05073340716398333,0.0506682421166621,1.3085141414348084e-09,1.9735877582408837e-09,1.3085141414348084e-09,1.9192613384562924e-09,0.9724732687676305,8.0,9.105787682547168e-281,0.26863884359570944,3.0420665071291175e-72,2.2458680986324343e-06,0.049875069509938634,0.050668240808147955,0.05066824342517624,0.0178752707264989,0.017879762462696167,2.016925746574998,8.306064995005727,1.2287687379866838,1.4585715332049384e-163,True,False,True,False,False,True,True,False,False,280
L160_gL2,160,2.0,gL,2,L160_gL2,L160_gL2_i2_t63p075,63.075,0.39421875,0.5,1.0,open,0.0125,"['charge_density_wave', 'block_cell10', 'block_cell30']","[['charge_density_wave', 'block_cell10'], ['charge_density_wave', 'block_cell30'], ['block_cell10', 'block_cell30']]","[240, 280, 320, 360]",['block_cell10'],translated,new_size_mechanism,0.05,1262,block_cell30,280,0.5901696194143647,0.9451832893766209,4.296907761934814e-84,1.4174882248899843e-73,0.2507613270011119,0.3394082924132528,False,4.677070004865527,1.3372525796294212,4.0,2.894538099035068,0.9451832861654068,7.394186610607178e-08,2.252752787303174e-07,7.394186610607178e-08,1.5218148110163133e-07,0.6755356466956657,8.0,5.1416244970951864e-281,0.5901696322951702,3.0420665071291175e-72,0.00010304530539104213,0.9433458394996437,0.9451832122235406,0.9451833601072729,0.3393052599886672,0.33951135059944926,1.9969233497977257,8.227293852716684,1.3234574049711227,1.0403846812078986e-159,True,False,True,False,False,False,False,False,False,280
L160_gL2,160,2.0,gL,2,L160_gL2,L160_gL2_i2_t63p145,63.145,0.39465625,0.5,1.0,open,0.0125,"['charge_density_wave', 'block_cell10', 'block_cell30']","[['charge_density_wave', 'block_cell10'], ['charge_density_wave', 'block_cell30'], ['block_cell10', 'block_cell30']]","[240, 280, 320, 360]",['block_cell10'],translated,new_size_mechanism,0.05,1263,charge_density_wave,280,0.2507613270011119,5.359990186280216e-74,0.9101799904667109,1.1777990911218871e-73,0.2507613270011119,4.782644340722188e-75,True,4.6860905084759,1.3148870840668678,0.0,0.0,0.0,1.3832564050518394e-73,2.087689131185358e-73,1.3832564050518394e-73,2.087689131185358e-73,1.0,0.0,0.0,0.2507613270011119,2.527660095684606e-72,3.5406334305773454e-68,8.499688046694967e-74,0.0,2.66598573618979e-72,0.0,3.5406334305773454e-68,1.9760314337909222,1.8714355323463678,1.2411386799067259,4.1134563683250785e-237,True,True,False,True,True,True,False,False,False,280
L160_gL2,160,2.0,gL,2,L160_gL2,L160_gL2_i2_t63p145,63.145,0.39465625,0.5,1.0,open,0.0125,"['charge_density_wave', 'block_cell10', 'block_cell30']","[['charge_density_wave', 'block_cell10'], ['charge_density_wave', 'block_cell30'], ['block_cell10', 'block_cell30']]","[240, 280, 320, 360]",['block_cell10'],translated,new_size_mechanism,0.05,1263,block_cell10,280,0.26373712862235804,0.04205499906667275,1.1744078974008105e-80,1.1777990911218871e-73,0.2507613270011119,0.012975801621246117,True,4.711859822273254,1.3275267370045185,2.0,0.042083242647685176,0.04204602737468107,9.4178910314936e-06,1.4198956456070659e-05,9.4178910314936e-06,1.3872662076526943e-05,0.9770198337776991,4.0,1.7550587844563934e-281,0.2637323479185645,2.527660095684606e-72,0.009472812154307968,0.04139609664344824,0.042036609483649574,0.04205544526571256,0.0034982087631446044,0.022443833071760542,2.014327362179756,5.972599292173982,1.238378083333373,1.211546738966499e-163,True,True,False,True,True,True,True,False,False,280
L160_gL2,160,2.0,gL,2,L160_gL2,L160_gL2_i2_t63p145,63.145,0.39465625,0.5,1.0,open,0.0125,"['charge_density_wave', 'block_cell10', 'block_cell30']","[['charge_density_wave', 'block_cell10'], ['charge_density_wave', 'block_cell30'], ['block_cell10', 'block_cell30']]","[240, 280, 320, 360]",['block_cell10'],translated,new_size_mechanism,0.05,1263,block_cell30,280,0.669633386133796,0.9231474429500616,4.296907761934814e-84,1.1777990911218871e-73,0.2507613270011119,0.4188720591326841,False,4.766521770507097,1.347853196784854,4.0,2.4012401994955663,0.9231474386010246,6.509642870690849e-08,1.856141334075694e-07,6.509642870690849e-08,1.2627919374588853e-07,0.6803317798467755,8.0,1.5654390938419452e-280,0.6696334001855496,2.527660095684606e-72,9.138182561671918e-05,0.9206625362185867,0.9231473735045959,0.9231475036974532,0.418780691358821,0.41896345501005444,1.9290402717888355,8.536235772073269,1.2633144594728947,1.1337919673046015e-159,True,False,True,False,False,False,False,False,False,280
L160_gL2,160,2.0,gL,2,L160_gL2,L160_gL2_i3_t64p525,64.525,0.40328125,0.5,1.0,open,0.0125,"['charge_density_wave', 'block_cell10', 'block_cell30']","[['charge_density_wave', 'block_cell10'], ['charge_density_wave', 'block_cell30'], ['block_cell10', 'block_cell30']]","[240, 280, 320, 360]",['block_cell30'],translated,new_size_mechanism,0.05,1290,charge_density_wave,280,0.2507613270011119,1.3905419584595803e-75,0.9101799904667109,3.0555649879217784e-75,0.2507613270011119,1.2282812788975875e-76,True,4.63334290869534,1.3084827437996864,0.0,0.0,0.0,3.5685072737958414e-75,5.385978335560513e-75,3.5685072737958414e-75,5.385978335560513e-75,1.0,0.0,0.0,0.2507613270011119,6.5569783470787666e-74,9.384058001914463e-70,2.2048957679971706e-75,0.0,6.9138290744583505e-74,0.0,9.384058001914463e-70,1.9766194988042116,1.9696763195097446,1.2455116510391235,4.1187582018151073e-237,True,True,False,True,True,True,False,False,False,280
L160_gL2,160,2.0,gL,2,L160_gL2,L160_gL2_i3_t64p525,64.525,0.40328125,0.5,1.0,open,0.0125,"['charge_density_wave', 'block_cell10', 'block_cell30']","[['charge_density_wave', 'block_cell10'], ['charge_density_wave', 'block_cell30'], ['block_cell10', 'block_cell30']]","[240, 280, 320, 360]",['block_cell30'],translated,new_size_mechanism,0.05,1290,block_cell10,280,0.25077787360089143,0.0010610612754390408,1.1744078974008105e-80,3.0555649879217784e-75,0.2507613270011119,1.654659977949484e-05,True,4.76695597358048,1.307294862344861,2.0,0.001060834405294732,0.0010608338083798218,2.328449493767291e-07,3.507914792503448e-07,2.328449493767291e-07,3.505820353566033e-07,0.999402939050318,4.0,1.895180232228759e-281,0.2507778669897816,6.5569783470787666e-74,0.00030312487465950936,0.0010443851305319577,0.001060600963430445,0.0010610666533291987,0.0,0.00031966486332920906,1.9464792180806398,6.055993711575866,1.2378767188638449,3.061831336494938e-165,True,True,False,True,True,True,False,False,False,280
L160_gL2,160,2.0,gL,2,L160_gL2,L160_gL2_i3_t64p525,64.525,0.40328125,0.5,1.0,open,0.0125,"['charge_density_wave', 'block_cell10', 'block_cell30']","[['charge_density_wave', 'block_cell10'], ['charge_density_wave', 'block_cell30'], ['block_cell10', 'block_cell30']]","[240, 280, 320, 360]",['block_cell30'],translated,new_size_mechanism,0.05,1290,block_cell30,280,0.27480121432869986,0.060280878357611506,4.296907761934814e-84,3.0555649879217784e-75,0.2507613270011119,0.024039887327587963,False,4.760635590180755,1.3267851565033197,4.0,0.06039069966892554,0.06028087642863581,2.1861608854862204e-09,3.299185495074666e-09,2.1861608854862204e-09,3.1918308848684095e-09,0.9674602684915639,8.0,6.432777639645213e-281,0.2748012130231282,6.5569783470787666e-74,3.6624523943755676e-06,0.059210305894371706,0.06028087424247493,0.060280878614796696,0.024036223569621932,0.024043548474410682,1.9246096070855856,8.370510576292872,1.2597539629787207,1.5431424919980168e-160,True,False,True,False,False,True,True,False,False,280
L160_gL2,160,2.0,gL,2,L160_gL2,L160_gL2_i3_t64p595,64.595,0.40371875,0.5,1.0,open,0.0125,"['charge_density_wave', 'block_cell10', 'block_cell30']","[['charge_density_wave', 'block_cell10'], ['charge_density_wave', 'block_cell30'], ['block_cell10', 'block_cell30']]","[240, 280, 320, 360]",['block_cell30'],translated,new_size_mechanism,0.05,1292,charge_density_wave,280,0.2507613270011119,1.155409254954184e-75,0.9101799904667109,2.5388864618286043e-75,0.2507613270011119,1.0200690464649297e-76,True,4.584825910627842,1.2866491805762053,0.0,0.0,0.0,2.964259401952995e-75,4.473989492423044e-75,2.964259401952995e-75,4.473989492423044e-75,1.0,0.0,0.0,0.2507613270011119,5.4482084718851754e-74,7.805636058893546e-70,1.8320529925461492e-75,0.0,5.744634412080475e-74,0.0,7.805636058893546e-70,2.0589443184435368,1.8412061780691147,1.2555346004664898,4.117954530874558e-237,True,True,False,True,True,True,False,False,False,280
L160_gL2,160,2.0,gL,2,L160_gL2,L160_gL2_i3_t64p595,64.595,0.40371875,0.5,1.0,open,0.0125,"['charge_density_wave', 'block_cell10', 'block_cell30']","[['charge_density_wave', 'block_cell10'], ['charge_density_wave', 'block_cell30'], ['block_cell10', 'block_cell30']]","[240, 280, 320, 360]",['block_cell30'],translated,new_size_mechanism,0.05,1292,block_cell10,280,0.25077300750381676,0.000880378817054372,1.1744078974008105e-80,2.5388864618286043e-75,0.2507613270011119,1.1680502704856343e-05,True,4.65872429125011,1.2966446280479431,2.0,0.0008801903961305227,0.0008801900551735088,1.9319833169151486e-07,2.910633833148313e-07,1.9319833169151486e-07,2.9091917305782544e-07,0.9995045400236762,4.0,1.9565243971538124e-281,0.25077300282777476,5.4482084718851754e-74,0.000254396584132707,0.0008665414179341773,0.0008799968568418172,0.0008803832535052002,0.0,0.00026607241079553486,1.9364957753568888,5.98436526581645,1.2498890701681376,2.540445202267946e-165,True,True,False,True,True,True,False,False,False,280
L160_gL2,160,2.0,gL,2,L160_gL2,L160_gL2_i3_t64p595,64.595,0.40371875,0.5,1.0,open,0.0125,"['charge_density_wave', 'block_cell10', 'block_cell30']","[['charge_density_wave', 'block_cell10'], ['charge_density_wave', 'block_cell30'], ['block_cell10', 'block_cell30']]","[240, 280, 320, 360]",['block_cell30'],translated,new_size_mechanism,0.05,1292,block_cell30,280,0.268259937895635,0.05003852267266183,4.296907761934814e-84,2.5388864618286043e-75,0.2507613270011119,0.017498610894523117,False,4.63589484244585,1.3364226911216974,4.0,0.05010128351997045,0.05003852106902838,1.8050354529412998e-09,2.7227220645400006e-09,1.8050354529412998e-09,2.6486564033332226e-09,0.9727972009440885,8.0,1.0688804908147651e-280,0.26825993693472394,5.4482084718851754e-74,3.051619738332531e-06,0.049148813473954826,0.05003851926399293,0.05003852287406384,0.017495558313873696,0.01750166155335036,2.027213850989938,8.433164263144135,1.2654104121029377,1.2823203823660152e-160,True,False,True,False,False,True,True,False,False,280
L160_gL2,160,2.0,gL,2,L160_gL2,L160_gL2_i3_t64p665,64.665,0.40415625,0.5,1.0,open,0.0125,"['charge_density_wave', 'block_cell10', 'block_cell30']","[['charge_density_wave', 'block_cell10'], ['charge_density_wave', 'block_cell30'], ['block_cell10', 'block_cell30']]","[240, 280, 320, 360]",['block_cell30'],translated,new_size_mechanism,0.05,1293,charge_density_wave,280,0.2507613270011119,9.600361486597414e-76,0.9101799904667109,2.1095753130408856e-75,0.2507613270011119,8.471524318617919e-77,True,4.633830947801471,1.3052334394305944,0.0,0.0,0.0,2.4623283402458163e-75,3.7164256920176555e-75,2.4623283402458163e-75,3.7164256920176555e-75,1.0,0.0,0.0,0.2507613270011119,4.526929018508292e-74,6.49270103130634e-70,1.5222570682087714e-75,0.0,4.773161852532874e-74,0.0,6.49270103130634e-70,1.9885102976113558,1.8989496789872646,1.2755998596549034,4.115891660590185e-237,True,True,False,True,True,True,False,False,False,280
L160_gL2,160,2.0,gL,2,L160_gL2,L160_gL2_i3_t64p665,64.665,0.40415625,0.5,1.0,open,0.0125,"['charge_density_wave', 'block_cell10', 'block_cell30']","[['charge_density_wave', 'block_cell10'], ['charge_density_wave', 'block_cell30'], ['block_cell10', 'block_cell30']]","[240, 280, 320, 360]",['block_cell30'],translated,new_size_mechanism,0.05,1293,block_cell10,280,0.25076956742359785,0.0007304654237158003,1.1744078974008105e-80,2.1095753130408856e-75,0.2507613270011119,8.240422485954901e-06,True,4.679413994774222,1.3117514606565237,2.0,0.0007303089755434006,0.0007303087807878943,1.6030543434414204e-07,2.415096270614531e-07,1.6030543434414204e-07,2.414103327868849e-07,0.9995888599730937,4.0,8.608840401342941e-282,0.2507695641185473,4.526929018508292e-74,0.00021347791072019766,0.0007189835147769937,0.0007301484753535502,0.0007304690862222384,0.0,0.00022171502815558893,2.028033871203661,6.077482411637902,1.2378395721316338,2.1078481262175396e-165,True,True,False,True,True,True,False,False,False,280
L160_gL2,160,2.0,gL,2,L160_gL2,L160_gL2_i3_t64p665,64.665,0.40415625,0.5,1.0,open,0.0125,"['charge_density_wave', 'block_cell10', 'block_cell30']","[['charge_density_wave', 'block_cell10'], ['charge_density_wave', 'block_cell30'], ['block_cell10', 'block_cell30']]","[240, 280, 320, 360]",['block_cell30'],translated,new_size_mechanism,0.05,1293,block_cell30,280,0.2634581443803524,0.04152922938978394,4.296907761934814e-84,2.1095753130408856e-75,0.2507613270011119,0.012696817379240518,True,4.637909708544612,1.3334719631820917,4.0,0.04156508669513959,0.041529228057323425,1.491467219556853e-09,2.2489985307047784e-09,1.491467219556853e-09,2.197921175660124e-09,0.9772888446358177,8.0,8.208955220418475e-281,0.26345814367636194,4.526929018508292e-74,2.5442647555072445e-06,0.040790210708533246,0.041529226565856205,0.041529229548790646,0.012694272410494539,0.012699360940005554,1.9542233441025019,8.47942123003304,1.2700198590755463,1.0650414146857036e-160,True,True,False,True,True,True,True,False,False,280
L160_gL2,160,2.0,gL,2,L160_gL2,L160_gL2_late,112.00,0.70,0.5,1.0,open,0.0125,"['charge_density_wave', 'left', 'right', 'block_cell10', 'block_cell30']","[['charge_density_wave', 'left'], ['charge_density_wave', 'right'], ['charge_density_wave', 'block_cell10'], ['charge_density_wave', 'block_cell30'], ['left', 'right'], ['block_cell10', 'block_cell30']]","[240, 280, 320, 360]","['left', 'right', 'block_cell10', 'block_cell30']",persistence,new_size_mechanism,0.05,2240,charge_density_wave,280,0.2507613270011119,3.8196243952106756e-130,0.9101799904667109,8.393437270632578e-130,0.2507613270011119,2.624035488593981e-131,True,4.558726534247398,1.3011949993669987,0.0,0.0,0.0,8.515357712172524e-130,1.28609218151407e-129,8.515357712172524e-130,1.28609218151407e-129,1.0,0.0,0.0,0.2507613270011119,1.7961497752957442e-128,4.444138962228164e-124,6.039859869299461e-130,0.0,1.8813033524174694e-128,0.0,4.444138962228164e-124,2.005729239434004,1.8881189953535795,1.251923156902194,4.117105515305046e-237,True,True,False,True,True,True,False,False,False,280
L160_gL2,160,2.0,gL,2,L160_gL2,L160_gL2_late,112.00,0.70,0.5,1.0,open,0.0125,"['charge_density_wave', 'left', 'right', 'block_cell10', 'block_cell30']","[['charge_density_wave', 'left'], ['charge_density_wave', 'right'], ['charge_density_wave', 'block_cell10'], ['charge_density_wave', 'block_cell30'], ['left', 'right'], ['block_cell10', 'block_cell30']]","[240, 280, 320, 360]","['left', 'right', 'block_cell10', 'block_cell30']",persistence,new_size_mechanism,0.05,2240,left,280,0.2507613270011119,3.404817132407497e-35,6.383594210723931e-109,8.393437270632578e-130,0.2507613270011119,3.6189205613992265e-52,True,4.598208382725716,1.3148683961480856,0.0,0.0,0.0,3.4048171325097093e-35,5.115843750893535e-35,3.4048171325097093e-35,5.115843750893535e-35,1.0,0.0,0.0,0.2507613270011119,1.7961497752957442e-128,2.189032848898233e-31,3.298214812167811e-35,0.0,3.4048171325097093e-35,0.0,2.189032848898233e-31,1.9568999484181404,1.8556627426296473,1.2592404671013355,2.3697903954534134e-164,True,True,False,True,True,True,True,False,False,280
L160_gL2,160,2.0,gL,2,L160_gL2,L160_gL2_late,112.00,0.70,0.5,1.0,open,0.0125,"['charge_density_wave', 'left', 'right', 'block_cell10', 'block_cell30']","[['charge_density_wave', 'left'], ['charge_density_wave', 'right'], ['charge_density_wave', 'block_cell10'], ['charge_density_wave', 'block_cell30'], ['left', 'right'], ['block_cell10', 'block_cell30']]","[240, 280, 320, 360]","['left', 'right', 'block_cell10', 'block_cell30']",persistence,new_size_mechanism,0.05,2240,right,280,0.2507613270011119,9.205904778684874e-34,2.607316007503677e-114,8.393437270632578e-130,0.2507613270011119,1.0644770354028963e-51,True,4.606006737798452,1.3159903436899185,0.0,0.0,0.0,9.205904778895688e-34,1.3821451414985424e-33,9.205904778895688e-34,1.3821451414985424e-33,1.0,0.0,0.0,0.2507613270011119,1.7961497752957442e-128,5.675848895473238e-30,8.836187133526148e-34,0.0,9.205904778895688e-34,0.0,5.675848895473238e-30,2.0407976899296045,1.8034063056111336,1.2535054665058851,1.3105303062897924e-158,True,True,False,True,True,True,True,False,False,280
L160_gL2,160,2.0,gL,2,L160_gL2,L160_gL2_late,112.00,0.70,0.5,1.0,open,0.0125,"['charge_density_wave', 'left', 'right', 'block_cell10', 'block_cell30']","[['charge_density_wave', 'left'], ['charge_density_wave', 'right'], ['charge_density_wave', 'block_cell10'], ['charge_density_wave', 'block_cell30'], ['left', 'right'], ['block_cell10', 'block_cell30']]","[240, 280, 320, 360]","['left', 'right', 'block_cell10', 'block_cell30']",persistence,new_size_mechanism,0.05,2240,block_cell10,280,0.2507613270011119,1.51162691451371e-58,1.1744078974008105e-80,8.393437270632578e-130,0.2507613270011119,2.289590047848796e-69,True,4.619148937985301,1.318539859727025,0.0,0.0,0.0,1.511626914749321e-58,2.2810729400038178e-58,1.511626914749321e-58,2.2810729400038178e-58,1.0,0.0,0.0,0.2507613270011119,1.7961497752957442e-128,1.6221177591034975e-54,1.4873253436657495e-58,0.0,1.511626914749321e-58,0.0,1.6221177591034975e-54,2.0051484927535057,1.8898075055330992,1.2541993279010057,4.6434479631713816e-216,True,True,False,True,True,True,True,False,False,280
L160_gL2,160,2.0,gL,2,L160_gL2,L160_gL2_late,112.00,0.70,0.5,1.0,open,0.0125,"['charge_density_wave', 'left', 'right', 'block_cell10', 'block_cell30']","[['charge_density_wave', 'left'], ['charge_density_wave', 'right'], ['charge_density_wave', 'block_cell10'], ['charge_density_wave', 'block_cell30'], ['left', 'right'], ['block_cell10', 'block_cell30']]","[240, 280, 320, 360]","['left', 'right', 'block_cell10', 'block_cell30']",persistence,new_size_mechanism,0.05,2240,block_cell30,280,0.2507613270011119,8.111272418828483e-57,4.296907761934814e-84,8.393437270632578e-130,0.2507613270011119,1.3883899201522509e-68,True,4.58899368904531,1.316038092598319,0.0,0.0,0.0,8.111272419856162e-57,1.2240035285093846e-56,8.111272419856162e-57,1.2240035285093846e-56,1.0,0.0,0.0,0.2507613270011119,1.7961497752957442e-128,8.445722604506679e-53,7.963580248462652e-57,0.0,8.111272419856162e-57,0.0,8.445722604506679e-53,1.9873517118394375,1.9039823152124882,1.2599037736654282,2.151797370027237e-211,True,True,False,True,True,True,True,False,False,280
L160_gL4,160,2.0,gL,4,L160_gL4,L160_gL4_i0_t82p955,82.955,0.51846875,0.5,1.0,open,0.025,"['charge_density_wave', 'left', 'right']","[['charge_density_wave', 'left'], ['charge_density_wave', 'right'], ['left', 'right']]","[240, 280, 320, 360]",['left'],edge,new_size_mechanism,0.05,1659,charge_density_wave,280,0.24662717394721134,9.379769030554142e-97,0.908858039552423,2.0439550437553167e-96,0.24662717394721134,7.251285698803851e-98,True,4.662973251193762,1.3153353687375784,0.0,0.0,0.0,2.224322390386902e-96,3.358773006178154e-96,2.224322390386902e-96,3.358773006178154e-96,1.0,0.0,0.0,0.24662717394721134,2.930961439247015e-94,5.112692616330006e-90,1.749163773363177e-96,0.0,2.953204663150884e-94,0.0,5.112692616330006e-90,2.028148354962468,1.9764815084636211,1.306409414857626,2.7151469791481527e-237,True,True,False,True,True,True,False,False,False,280
L160_gL4,160,2.0,gL,4,L160_gL4,L160_gL4_i0_t82p955,82.955,0.51846875,0.5,1.0,open,0.025,"['charge_density_wave', 'left', 'right']","[['charge_density_wave', 'left'], ['charge_density_wave', 'right'], ['left', 'right']]","[240, 280, 320, 360]",['left'],edge,new_size_mechanism,0.05,1659,left,280,0.27078743503133146,0.06045856387262773,1.6388321667857905e-108,2.0439550437553167e-96,0.24662717394721134,0.02416026108412014,False,4.697708997875452,1.3212998043745756,4.0,0.060569340876885605,0.06045854193891176,2.2986653255072204e-08,3.455316816539215e-08,2.2986653255072204e-08,3.343634630775674e-08,0.9676781633368718,8.0,9.938072655651902e-281,0.2707874201581751,2.930961439247015e-94,3.4182720291541404e-05,0.05860165660968843,0.060458518952258504,0.06045856492556502,0.024126063490672197,0.024194428931255278,1.9970097430050373,8.596737179905176,1.2810716200619936,6.390887909503228e-135,True,False,True,False,False,True,True,False,False,280
L160_gL4,160,2.0,gL,4,L160_gL4,L160_gL4_i0_t82p955,82.955,0.51846875,0.5,1.0,open,0.025,"['charge_density_wave', 'left', 'right']","[['charge_density_wave', 'left'], ['charge_density_wave', 'right'], ['left', 'right']]","[240, 280, 320, 360]",['left'],edge,new_size_mechanism,0.05,1659,right,280,0.30120977608175115,0.995142114891824,9.78186949261582e-115,2.0439550437553167e-96,0.24662717394721134,0.054582602134539825,False,4.650151187554002,1.353598104789853,4.0,10.108210665099564,0.9951421085842512,1.2858681016097973e-06,1.4891075650795355e-05,1.2858681016097973e-06,9.971262305616316e-06,0.6696132999017929,8.0,1.7461669795743062e-280,0.30120983391777706,2.930961439247015e-94,0.001498198446153918,0.9947385500419906,0.9951408227161497,0.9951433944523529,0.05308446152441178,0.056080858416719614,2.0244190469384193,8.642976339906454,1.3065084628760815,2.097681183255478e-130,True,False,True,False,False,False,False,False,False,280
L160_gL4,160,2.0,gL,4,L160_gL4,L160_gL4_i0_t83p025,83.025,0.51890625,0.5,1.0,open,0.025,"['charge_density_wave', 'left', 'right']","[['charge_density_wave', 'left'], ['charge_density_wave', 'right'], ['left', 'right']]","[240, 280, 320, 360]",['left'],edge,new_size_mechanism,0.05,1660,charge_density_wave,280,0.24662717394721134,7.793798749542414e-97,0.908858039552423,1.6983548857233864e-96,0.24662717394721134,6.022810497077672e-98,True,4.601945454254746,1.290777500718832,0.0,0.0,0.0,1.8478249756344014e-96,2.790256979821808e-96,1.8478249756344014e-96,2.790256979821808e-96,1.0,0.0,0.0,0.24662717394721134,2.435342637846068e-94,4.251778031196259e-90,1.4533842243047176e-96,0.0,2.453820887602412e-94,0.0,4.251778031196259e-90,2.0757238790392876,1.8663526307791471,1.302142795175314,2.7151469791481527e-237,True,True,False,True,True,True,False,False,False,280
L160_gL4,160,2.0,gL,4,L160_gL4,L160_gL4_i0_t83p025,83.025,0.51890625,0.5,1.0,open,0.025,"['charge_density_wave', 'left', 'right']","[['charge_density_wave', 'left'], ['charge_density_wave', 'right'], ['left', 'right']]","[240, 280, 320, 360]",['left'],edge,new_size_mechanism,0.05,1660,left,280,0.2642112985104777,0.05018110017420158,1.6388321667857905e-108,1.6983548857233864e-96,0.24662717394721134,0.01758412456326636,False,4.634205523878336,1.2973563950508833,4.0,0.05024438303867935,0.05018108194319222,1.897985265246015e-08,2.85143530623907e-08,1.897985265246015e-08,2.7743913638474962e-08,0.9729806451428169,8.0,2.835516213043262e-281,0.2642112875657051,2.435342637846068e-94,2.85151602582704e-05,0.048638073871313685,0.05018106296333957,0.050181100923044876,0.017555598458235504,0.017612628778752044,2.0978927686810493,8.81656744889915,1.2879236191511154,5.309982235085976e-135,True,False,True,False,False,True,True,False,False,280
L160_gL4,160,2.0,gL,4,L160_gL4,L160_gL4_i0_t83p025,83.025,0.51890625,0.5,1.0,open,0.025,"['charge_density_wave', 'left', 'right']","[['charge_density_wave', 'left'], ['charge_density_wave', 'right'], ['left', 'right']]","[240, 280, 320, 360]",['left'],edge,new_size_mechanism,0.05,1660,right,280,0.32043160471511506,0.9929586545613528,9.78186949261582e-115,1.6983548857233864e-96,0.24662717394721134,0.07380443076790372,False,4.6161088440567255,1.3099921476095915,4.0,8.38212072356511,0.9929586454461655,1.194852186125247e-06,1.2343593224878014e-05,1.194852186125247e-06,8.270861340334009e-06,0.6700529732026831,8.0,1.3726748228154789e-280,0.3204316815159129,2.435342637846068e-94,0.00139917071284691,0.992375742234165,0.9929574505939793,0.9929598402983516,0.07240533685585465,0.07520367828154846,2.0947279259562492,8.828717650845647,1.3070063721388578,2.774471990086819e-130,True,False,True,False,False,False,False,False,False,280
L160_gL4,160,2.0,gL,4,L160_gL4,L160_gL4_i0_t83p095,83.095,0.51934375,0.5,1.0,open,0.025,"['charge_density_wave', 'left', 'right']","[['charge_density_wave', 'left'], ['charge_density_wave', 'right'], ['left', 'right']]","[240, 280, 320, 360]",['left'],edge,new_size_mechanism,0.05,1662,charge_density_wave,280,0.24662717394721134,6.47599090479598e-97,0.908858039552423,1.4111901953904559e-96,0.24662717394721134,5.002458972310233e-98,True,4.55604593269527,1.3026606012135744,0.0,0.0,0.0,1.5350552666324541e-96,2.317970130601543e-96,1.5350552666324541e-96,2.317970130601543e-96,1.0,0.0,0.0,0.24662717394721134,2.0235318296220012e-94,3.5358282988272575e-90,1.2076203129889805e-96,0.0,2.0388823822883258e-94,0.0,3.5358282988272575e-90,2.0960640721023083,1.9038911163806915,1.3061875198036432,2.7151469791481527e-237,True,True,False,True,True,True,False,False,False,280
L160_gL4,160,2.0,gL,4,L160_gL4,L160_gL4_i0_t83p095,83.095,0.51934375,0.5,1.0,open,0.025,"['charge_density_wave', 'left', 'right']","[['charge_density_wave', 'left'], ['charge_density_wave', 'right'], ['left', 'right']]","[240, 280, 320, 360]",['left'],edge,new_size_mechanism,0.05,1662,left,280,0.2593843793022589,0.041643420912539426,1.6388321667857905e-108,1.4111901953904559e-96,0.24662717394721134,0.01275720535504754,True,4.607156734913588,1.3152188528329134,4.0,0.041679561238937,0.04164340576721352,1.5682679099283295e-08,2.355188992730162e-08,1.5682679099283295e-08,2.3020635985670543e-08,0.9774432564320352,8.0,3.28636730179759e-281,0.25938437128540004,2.0235318296220012e-94,2.3800923282300253e-05,0.0403618781729327,0.041643390084534423,0.04164342144989262,0.012733396414906397,0.012780998261470998,2.0757739394903183,8.668204000219703,1.305877048522234,4.40969552360474e-135,True,True,False,True,True,True,True,False,False,280
L160_gL4,160,2.0,gL,4,L160_gL4,L160_gL4_i0_t83p095,83.095,0.51934375,0.5,1.0,open,0.025,"['charge_density_wave', 'left', 'right']","[['charge_density_wave', 'left'], ['charge_density_wave', 'right'], ['left', 'right']]","[240, 280, 320, 360]",['left'],edge,new_size_mechanism,0.05,1662,right,280,0.34574786268111934,0.9898088887261222,9.78186949261582e-115,1.4111901953904559e-96,0.24662717394721134,0.09912068873390802,False,4.601181389763951,1.3357161935418844,4.0,6.9507970850978875,0.9898088755923689,1.1264129116848374e-06,1.0228896534712173e-05,1.1264129116848374e-06,6.860442513571016e-06,0.6706923361957791,8.0,1.3141217253832952e-280,0.34574796338031155,2.0235318296220012e-94,0.0013243436496466585,0.9889695032303628,0.9898077491794572,0.9898100020052806,0.09779644578345356,0.10044513308274687,2.103709986433387,8.62361609376967,1.3815071433782578,3.6278380350308496e-130,True,False,True,False,False,False,False,False,False,280
L160_gL4,160,2.0,gL,4,L160_gL4,L160_gL4_i1_t84p865,84.865,0.53040625,0.5,1.0,open,0.025,"['charge_density_wave', 'left', 'right']","[['charge_density_wave', 'left'], ['charge_density_wave', 'right'], ['left', 'right']]","[240, 280, 320, 360]",['right'],edge,new_size_mechanism,0.05,1697,charge_density_wave,280,0.24662717394721134,5.987541786526373e-99,0.908858039552423,1.304756559985892e-98,0.24662717394721134,4.579410150587867e-100,True,4.659485228359699,1.311130367219448,0.0,0.0,0.0,1.4116288850871709e-98,2.131647877833581e-98,1.4116288850871709e-98,2.131647877833581e-98,1.0,0.0,0.0,0.24662717394721134,1.870137370738597e-96,3.338275904658416e-92,1.1160762800581245e-98,0.0,1.884253659589469e-96,0.0,3.338275904658416e-92,2.136887999251485,1.9234119169414043,1.3061795886605978,2.7151469791481527e-237,True,True,False,True,True,True,False,False,False,280
L160_gL4,160,2.0,gL,4,L160_gL4,L160_gL4_i1_t84p865,84.865,0.53040625,0.5,1.0,open,0.025,"['charge_density_wave', 'left', 'right']","[['charge_density_wave', 'left'], ['charge_density_wave', 'right'], ['left', 'right']]","[240, 280, 320, 360]",['right'],edge,new_size_mechanism,0.05,1697,left,280,0.24662947173975427,0.00036977102629683853,1.6388321667857905e-108,1.304756559985892e-98,0.24662717394721134,2.2977925429472354e-06,True,4.756377695128322,1.3235490433871746,2.0,0.00036946349080844363,0.0003694634655919587,3.082983461658452e-07,4.6239678578970644e-07,3.082983461658452e-07,4.623014355700878e-07,0.9997937913442547,4.0,6.210173730694317e-282,0.2466294681460907,1.870137370738597e-96,0.0003944294485003961,0.00035835480203565655,0.00036915516724579287,0.00036977176393812453,0.0,0.0003967236473797626,2.143236670643091,6.70356416143477,1.3169419690966606,3.921562063083984e-137,True,True,False,True,True,True,False,False,False,280
L160_gL4,160,2.0,gL,4,L160_gL4,L160_gL4_i1_t84p865,84.865,0.53040625,0.5,1.0,open,0.025,"['charge_density_wave', 'left', 'right']","[['charge_density_wave', 'left'], ['charge_density_wave', 'right'], ['left', 'right']]","[240, 280, 320, 360]",['right'],edge,new_size_mechanism,0.05,1697,right,280,0.2711582411373373,0.06100382289102491,9.78186949261582e-115,1.304756559985892e-98,0.24662717394721134,0.024531067190125943,False,4.7799027394503355,1.3613074626773596,4.0,0.06111761226560364,0.06100378284278231,4.1826038167163215e-08,6.27766720013462e-08,4.1826038167163215e-08,6.073584243908365e-08,0.9674906378882464,8.0,4.54525397873064e-281,0.2711582138239625,1.870137370738597e-96,6.0195186727216584e-05,0.05860414568079856,0.06100374101674414,0.061003824668820476,0.024470844690023943,0.024591235063478375,2.065717840567231,9.145475279539824,1.3217208459973335,1.4233693418665439e-130,True,False,True,False,False,True,True,False,False,280
L160_gL4,160,2.0,gL,4,L160_gL4,L160_gL4_i1_t84p935,84.935,0.53084375,0.5,1.0,open,0.025,"['charge_density_wave', 'left', 'right']","[['charge_density_wave', 'left'], ['charge_density_wave', 'right'], ['left', 'right']]","[240, 280, 320, 360]",['right'],edge,new_size_mechanism,0.05,1699,charge_density_wave,280,0.24662717394721134,4.975143329183857e-99,0.908858039552423,1.0841430582839598e-98,0.24662717394721134,3.803626408207067e-100,True,4.68173561245203,1.315996503457427,0.0,0.0,0.0,1.1726971655261276e-98,1.7708477956684155e-98,1.1726971655261276e-98,1.7708477956684155e-98,1.0,0.0,0.0,0.24662717394721134,1.5539014661206563e-96,2.7760972239680296e-92,9.27350362075204e-99,0.0,1.5656284377759178e-96,0.0,2.7760972239680296e-92,2.192354455590248,1.9146661330014467,1.3195734191685915,2.7151469791481527e-237,True,True,False,True,True,True,False,False,False,280
L160_gL4,160,2.0,gL,4,L160_gL4,L160_gL4_i1_t84p935,84.935,0.53084375,0.5,1.0,open,0.025,"['charge_density_wave', 'left', 'right']","[['charge_density_wave', 'left'], ['charge_density_wave', 'right'], ['left', 'right']]","[240, 280, 320, 360]",['right'],edge,new_size_mechanism,0.05,1699,left,280,0.24662879046744318,0.00030675572303661287,1.6388321667857905e-108,1.0841430582839598e-98,0.24662717394721134,1.6165202318442664e-06,True,4.698787476867437,1.3184537030756474,1.0,0.0002972844604264231,0.00029728444728971344,9.478109116259752e-06,1.4211119154029339e-05,9.478109116259752e-06,1.420876106824665e-05,0.9998340675525178,2.0,2.1518014601152056e-282,0.2466286977298038,1.5539014661206563e-96,0.009528548566964577,0.00029728444728971344,0.0002878063381734537,0.0003067625564059732,0.0,0.009530072349557038,2.1311920545995235,4.1188316736370325,1.297985339537263,3.2532729871234264e-137,True,True,False,True,True,True,False,False,False,280
L160_gL4,160,2.0,gL,4,L160_gL4,L160_gL4_i1_t84p935,84.935,0.53084375,0.5,1.0,open,0.025,"['charge_density_wave', 'left', 'right']","[['charge_density_wave', 'left'], ['charge_density_wave', 'right'], ['left', 'right']]","[240, 280, 320, 360]",['right'],edge,new_size_mechanism,0.05,1699,right,280,0.2644752250675182,0.05061945927451469,9.78186949261582e-115,1.0841430582839598e-98,0.24662717394721134,0.017848051120306876,False,4.726685527712107,1.3413699679076672,4.0,0.05068440263404895,0.05061942599588063,3.4524326590366476e-08,5.178809668212055e-08,3.4524326590366476e-08,5.038098441257409e-08,0.9728294268433261,8.0,3.964697358140819e-281,0.2644752049733246,1.5539014661206563e-96,5.02166041965552e-05,0.048625966539954574,0.05061939147155404,0.050619460520207216,0.017797814421916695,0.017898247630309803,2.170269748196006,8.818756056949496,1.3104240037500858,1.1822887156977709e-130,True,False,True,False,False,True,True,False,False,280
L160_gL4,160,2.0,gL,4,L160_gL4,L160_gL4_i1_t85p005,85.005,0.53128125,0.5,1.0,open,0.025,"['charge_density_wave', 'left', 'right']","[['charge_density_wave', 'left'], ['charge_density_wave', 'right'], ['left', 'right']]","[240, 280, 320, 360]",['right'],edge,new_size_mechanism,0.05,1700,charge_density_wave,280,0.24662717394721134,4.133925410666114e-99,0.908858039552423,9.008317771682779e-99,0.24662717394721134,3.159266870939382e-100,True,4.612014163285494,1.283131780102849,0.0,0.0,0.0,9.742071096047264e-99,1.4711165582574725e-98,9.742071096047264e-99,1.4711165582574725e-98,1.0,0.0,0.0,0.24662717394721134,1.2911403216643346e-96,2.308590016880312e-92,7.705375603863069e-99,0.0,1.300882392760382e-96,0.0,2.308590016880312e-92,2.142745887860656,2.0863294675946236,1.3002145066857338,2.7151469791481527e-237,True,True,False,True,True,True,False,False,False,280
L160_gL4,160,2.0,gL,4,L160_gL4,L160_gL4_i1_t85p005,85.005,0.53128125,0.5,1.0,open,0.025,"['charge_density_wave', 'left', 'right']","[['charge_density_wave', 'left'], ['charge_density_wave', 'right'], ['left', 'right']]","[240, 280, 320, 360]",['right'],edge,new_size_mechanism,0.05,1700,left,280,0.246628310651824,0.0002544798238861709,1.6388321667857905e-108,9.008317771682779e-99,0.24662717394721134,1.1367046126491951e-06,True,4.587100315839052,1.3028405625373125,1.0,0.0002466221342115073,0.0002466221267114231,7.863114906944603e-06,1.1789804255332145e-05,7.863114906944603e-06,1.1788181241635262e-05,0.9998623375196286,2.0,7.848520908890468e-283,0.24662824535371952,1.2911403216643346e-96,0.008022468038706354,0.0002466221267114231,0.00023875901180447846,0.00025448524161836766,0.0,0.008023539445214532,2.07210792042315,4.3240714725106955,1.2975135445594788,2.6988576611252406e-137,True,True,False,True,True,True,False,False,False,280
L160_gL4,160,2.0,gL,4,L160_gL4,L160_gL4_i1_t85p005,85.005,0.53128125,0.5,1.0,open,0.025,"['charge_density_wave', 'left', 'right']","[['charge_density_wave', 'left'], ['charge_density_wave', 'right'], ['left', 'right']]","[240, 280, 320, 360]",['right'],edge,new_size_mechanism,0.05,1700,right,280,0.25957115586424484,0.041995260116684384,9.78186949261582e-115,9.008317771682779e-99,0.24662717394721134,0.012943981917033484,True,4.586142860352993,1.3199340980499983,4.0,0.042032312918397555,0.041995232478327885,2.8517749646874327e-08,4.2761339348829e-08,2.8517749646874327e-08,4.179159873954753e-08,0.9773220244255977,8.0,3.503574935716815e-281,0.2595711411499959,1.2911403216643346e-96,4.191593399752374e-05,0.04034005988642717,0.041995203960578244,0.04199526099607753,0.012902051268787067,0.012985883136782114,2.169226599857211,8.835331263020635,1.299656080082059,9.81550441770434e-131,True,True,False,True,True,True,True,False,False,280
L160_gL4,160,2.0,gL,4,L160_gL4,L160_gL4_i2_t62p745,62.745,0.39215625,0.5,1.0,open,0.025,"['charge_density_wave', 'block_cell10', 'block_cell30']","[['charge_density_wave', 'block_cell10'], ['charge_density_wave', 'block_cell30'], ['block_cell10', 'block_cell30']]","[240, 280, 320, 360]",['block_cell10'],translated,new_size_mechanism,0.05,1255,charge_density_wave,280,0.24662717394721134,1.5747732896729117e-73,0.908858039552423,3.431487170526743e-73,0.24662717394721134,1.3903479551996592e-74,True,4.680746886879206,1.3051319811493158,0.0,0.0,0.0,4.013783472192875e-73,6.058510590774736e-73,4.013783472192875e-73,6.058510590774736e-73,1.0,0.0,0.0,0.24662717394721134,4.944059854583912e-71,6.496368138310788e-67,2.9505575457857685e-73,0.0,4.9841976893058404e-71,0.0,6.496368138310788e-67,2.1638563200831413,2.010858729481697,1.3174334559589624,2.7151469791481527e-237,True,True,False,True,True,True,False,False,False,280
L160_gL4,160,2.0,gL,4,L160_gL4,L160_gL4_i2_t62p745,62.745,0.39215625,0.5,1.0,open,0.025,"['charge_density_wave', 'block_cell10', 'block_cell30']","[['charge_density_wave', 'block_cell10'], ['charge_density_wave', 'block_cell30'], ['block_cell10', 'block_cell30']]","[240, 280, 320, 360]",['block_cell10'],translated,new_size_mechanism,0.05,1255,block_cell10,280,0.2705065079353733,0.060043358264340825,2.366929219939473e-80,3.431487170526743e-73,0.24662717394721134,0.023879333988161968,False,4.750389277935028,1.3040131106972694,4.0,0.06015188468615411,0.06004335685281217,1.6170939808093176e-09,2.440299414636377e-09,1.6170939808093176e-09,2.3611972857698337e-09,0.967585072392303,8.0,6.864491829041611e-281,0.2705065069824371,4.944059854583912e-71,2.748106993294139e-06,0.05909718368780934,0.06004335523571818,0.06004335846990615,0.023876584928232473,0.023882081142219062,2.09251924790442,9.0636896956712,1.3103547431528568,1.3966027334097585e-163,True,False,True,False,False,True,True,False,False,280
L160_gL4,160,2.0,gL,4,L160_gL4,L160_gL4_i2_t62p745,62.745,0.39215625,0.5,1.0,open,0.025,"['charge_density_wave', 'block_cell10', 'block_cell30']","[['charge_density_wave', 'block_cell10'], ['charge_density_wave', 'block_cell30'], ['block_cell10', 'block_cell30']]","[240, 280, 320, 360]",['block_cell10'],translated,new_size_mechanism,0.05,1255,block_cell30,280,0.27717885249558594,0.9975850510344892,2.0990087105465163e-84,3.431487170526743e-73,0.24662717394721134,0.030551678548374588,False,4.801269259303808,1.3583971168845892,4.0,14.362938500367065,0.9975850508869295,2.8704213153181144e-07,1.0925226679329571e-06,2.8704213153181144e-07,7.258248981973142e-07,0.6643568316715737,8.0,2.3551476445979174e-281,0.2771788536472982,4.944059854583912e-71,0.00036887524122164407,0.9974980055384999,0.997584763844798,0.997585337929061,0.03018280445886525,0.030920554941308537,2.0779782868921757,9.013567667454481,1.3027702420949936,6.150282791345781e-161,True,False,True,False,False,True,False,False,False,280
L160_gL4,160,2.0,gL,4,L160_gL4,L160_gL4_i2_t62p815,62.815,0.39259375,0.5,1.0,open,0.025,"['charge_density_wave', 'block_cell10', 'block_cell30']","[['charge_density_wave', 'block_cell10'], ['charge_density_wave', 'block_cell30'], ['block_cell10', 'block_cell30']]","[240, 280, 320, 360]",['block_cell10'],translated,new_size_mechanism,0.05,1256,charge_density_wave,280,0.24662717394721134,1.308504186737931e-73,0.908858039552423,2.8512775658325624e-73,0.24662717394721134,1.1546452426949713e-74,True,4.616961868479848,1.3269879445433617,0.0,0.0,0.0,3.334149818564308e-73,5.032662660818279e-73,3.334149818564308e-73,5.032662660818279e-73,1.0,0.0,0.0,0.24662717394721134,4.1080307665270815e-71,5.403972428156153e-67,2.4516250880859664e-73,0.0,4.141372264712725e-71,0.0,5.403972428156153e-67,2.1964066345244646,2.030040731653571,1.3115226291120052,2.7151469791481527e-237,True,True,False,True,True,True,False,False,False,280
L160_gL4,160,2.0,gL,4,L160_gL4,L160_gL4_i2_t62p815,62.815,0.39259375,0.5,1.0,open,0.025,"['charge_density_wave', 'block_cell10', 'block_cell30']","[['charge_density_wave', 'block_cell10'], ['charge_density_wave', 'block_cell30'], ['block_cell10', 'block_cell30']]","[240, 280, 320, 360]",['block_cell10'],translated,new_size_mechanism,0.05,1256,block_cell10,280,0.2640109566910333,0.04984664293337281,2.366929219939473e-80,2.8512775658325624e-73,0.24662717394721134,0.017383782743821984,True,4.696582028642297,1.3217897359281778,4.0,0.04990868406924708,0.049846641759753854,1.3353624147317484e-09,2.0142113054558147e-09,1.3353624147317484e-09,1.9596250856382212e-09,0.9728994571375218,8.0,6.916320941813522e-281,0.2640109559895828,4.1080307665270815e-71,2.2897793817194843e-06,0.04906023041299122,0.049846640424391436,0.049846643095116265,0.01738149226298972,0.017386071821753158,2.1984158735722303,8.910107599571347,1.3099648673087358,1.1606693604884529e-163,True,True,False,True,True,True,True,False,False,280
L160_gL4,160,2.0,gL,4,L160_gL4,L160_gL4_i2_t62p815,62.815,0.39259375,0.5,1.0,open,0.025,"['charge_density_wave', 'block_cell10', 'block_cell30']","[['charge_density_wave', 'block_cell10'], ['charge_density_wave', 'block_cell30'], ['block_cell10', 'block_cell30']]","[240, 280, 320, 360]",['block_cell10'],translated,new_size_mechanism,0.05,1256,block_cell30,280,0.288316284181077,0.996496302107745,2.0990087105465163e-84,2.8512775658325624e-73,0.24662717394721134,0.041689110233865664,False,4.73142514936626,1.332573663443327,4.0,11.914562425925268,0.9964963018939241,2.393426093015322e-07,9.062265400358414e-07,2.393426093015322e-07,6.022598911145399e-07,0.6645798423545624,8.0,2.391366513067451e-281,0.2883162859995245,4.1080307665270815e-71,0.0003110567334646094,0.9963702181501545,0.9964960625513148,0.9964965412365334,0.041378055318848556,0.042000168785777774,2.1757660042494535,8.981782272458076,1.2991482242941856,8.274570688546758e-161,True,False,True,False,False,True,False,False,False,280
L160_gL4,160,2.0,gL,4,L160_gL4,L160_gL4_i2_t62p885,62.885,0.39303125,0.5,1.0,open,0.025,"['charge_density_wave', 'block_cell10', 'block_cell30']","[['charge_density_wave', 'block_cell10'], ['charge_density_wave', 'block_cell30'], ['block_cell10', 'block_cell30']]","[240, 280, 320, 360]",['block_cell10'],translated,new_size_mechanism,0.05,1258,charge_density_wave,280,0.24662717394721134,1.0872569515319313e-73,0.908858039552423,2.3691721264552504e-73,0.24662717394721134,9.58901303643978e-75,True,4.612127739936113,1.2839481700211763,0.0,0.0,0.0,2.7695960223362108e-73,4.180516229020198e-73,2.7695960223362108e-73,4.180516229020198e-73,1.0,0.0,0.0,0.24662717394721134,3.4133722639070567e-71,4.495262555634011e-67,2.0370609551802064e-73,0.0,3.4410682241304185e-71,0.0,4.495262555634011e-67,2.1339855808764696,1.9630562514066696,1.3139050994068384,2.7151469791481527e-237,True,True,False,True,True,True,False,False,False,280
L160_gL4,160,2.0,gL,4,L160_gL4,L160_gL4_i2_t62p885,62.885,0.39303125,0.5,1.0,open,0.025,"['charge_density_wave', 'block_cell10', 'block_cell30']","[['charge_density_wave', 'block_cell10'], ['charge_density_wave', 'block_cell30'], ['block_cell10', 'block_cell30']]","[240, 280, 320, 360]",['block_cell10'],translated,new_size_mechanism,0.05,1258,block_cell10,280,0.2592423097249673,0.041374429356135826,2.366929219939473e-80,2.3691721264552504e-73,0.24662717394721134,0.012615135777755963,True,4.656196182593703,1.2902945764362812,2.0,0.04140088367204585,0.041365447975098384,9.429669052418889e-06,1.421773872529382e-05,9.429669052418889e-06,1.3896092256154687e-05,0.9773771008629584,4.0,2.9815422537726554e-281,0.2592375770214362,3.4133722639070567e-71,0.009483716024571633,0.040721138748301,0.04135601830604597,0.041374877644150806,0.003126687049653193,0.02209411909879646,2.170278809964657,6.448230337351561,1.3064675722271204,9.641056957062675e-164,True,True,False,True,True,True,True,False,False,280
L160_gL4,160,2.0,gL,4,L160_gL4,L160_gL4_i2_t62p885,62.885,0.39303125,0.5,1.0,open,0.025,"['charge_density_wave', 'block_cell10', 'block_cell30']","[['charge_density_wave', 'block_cell10'], ['charge_density_wave', 'block_cell30'], ['block_cell10', 'block_cell30']]","[240, 280, 320, 360]",['block_cell10'],translated,new_size_mechanism,0.05,1258,block_cell30,280,0.30324355971515915,0.9949204757832323,2.0990087105465163e-84,2.3691721264552504e-73,0.24662717394721134,0.05661638576794779,False,4.66118916682899,1.319245919585228,4.0,9.883574585863853,0.9949204754738538,2.0003996763425856e-07,7.515839887942686e-07,2.0003996763425856e-07,4.997316108779724e-07,0.6649045460370552,8.0,8.909659840091869e-281,0.303243562329694,3.4133722639070567e-71,0.000262848493502187,0.9947381196738695,0.9949202754338862,0.9949206755138215,0.05635353988898048,0.056879236875984854,2.0827564392238855,9.084363259375095,1.3244617134332657,1.1047458438616386e-160,True,False,True,False,False,False,False,False,False,280
L160_gL4,160,2.0,gL,4,L160_gL4,L160_gL4_i3_t64p795,64.795,0.40496875,0.5,1.0,open,0.025,"['charge_density_wave', 'block_cell10', 'block_cell30']","[['charge_density_wave', 'block_cell10'], ['charge_density_wave', 'block_cell30'], ['block_cell10', 'block_cell30']]","[240, 280, 320, 360]",['block_cell30'],translated,new_size_mechanism,0.05,1296,charge_density_wave,280,0.24662717394721134,6.940480275444633e-76,0.908858039552423,1.5123596800445356e-75,0.24662717394721134,6.034069331700387e-77,True,4.631007106974721,1.2904723603278399,0.0,0.0,0.0,1.75427362963656e-75,2.6480817425373687e-75,1.75427362963656e-75,2.6480817425373687e-75,1.0,0.0,0.0,0.24662717394721134,2.177945757148943e-73,2.9568637949970704e-69,1.2997727529754455e-75,0.0,2.1954884934453086e-73,0.0,2.9568637949970704e-69,2.1172924283891916,2.0744477044790983,1.3137758169323206,2.7151469791481527e-237,True,True,False,True,True,True,False,False,False,280
L160_gL4,160,2.0,gL,4,L160_gL4,L160_gL4_i3_t64p795,64.795,0.40496875,0.5,1.0,open,0.025,"['charge_density_wave', 'block_cell10', 'block_cell30']","[['charge_density_wave', 'block_cell10'], ['charge_density_wave', 'block_cell30'], ['block_cell10', 'block_cell30']]","[240, 280, 320, 360]",['block_cell30'],translated,new_size_mechanism,0.05,1296,block_cell10,280,0.2466283093383132,0.0002543238674277339,2.366929219939473e-80,1.5123596800445356e-75,0.24662717394721134,1.1353911018488799e-06,True,4.684045411646366,1.3026190772652626,1.0,0.0002502938344259332,0.00025029382658585424,4.054298043089559e-06,6.108338475080322e-06,4.054298043089559e-06,6.107477274183121e-06,0.9998590122501045,2.0,1.9864608966827603e-282,0.24662827564168568,2.177945757148943e-73,0.004351309744557837,0.00025029382658585424,0.00024623952854276466,0.0002543481246289438,0.0,0.0043524114390321705,2.066023198887706,4.307684525847435,1.319300316274166,5.935773371015736e-166,True,True,False,True,True,True,False,False,False,280
L160_gL4,160,2.0,gL,4,L160_gL4,L160_gL4_i3_t64p795,64.795,0.40496875,0.5,1.0,open,0.025,"['charge_density_wave', 'block_cell10', 'block_cell30']","[['charge_density_wave', 'block_cell10'], ['charge_density_wave', 'block_cell30'], ['block_cell10', 'block_cell30']]","[240, 280, 320, 360]",['block_cell30'],translated,new_size_mechanism,0.05,1296,block_cell30,280,0.27064418948795177,0.06024707900909412,2.0990087105465163e-84,1.5123596800445356e-75,0.24662717394721134,0.024017015540740417,False,4.710371991619468,1.3469951897859573,4.0,0.06035671542280537,0.06024707714760007,2.104662038632276e-09,3.17667506697985e-09,2.104662038632276e-09,3.0733340949578795e-09,0.9674688251574249,8.0,6.409696940814447e-281,0.27064418822850816,2.177945757148943e-73,3.532315070857227e-06,0.05918757612803498,0.060247075042938025,0.0602470792522621,0.024013481966225946,0.024020546596367664,2.1361343916505575,9.07281730696559,1.3303288351744413,7.215164335967774e-161,True,False,True,False,False,True,True,False,False,280
L160_gL4,160,2.0,gL,4,L160_gL4,L160_gL4_i3_t64p865,64.865,0.40540625,0.5,1.0,open,0.025,"['charge_density_wave', 'block_cell10', 'block_cell30']","[['charge_density_wave', 'block_cell10'], ['charge_density_wave', 'block_cell30'], ['block_cell10', 'block_cell30']]","[240, 280, 320, 360]",['block_cell30'],translated,new_size_mechanism,0.05,1297,charge_density_wave,280,0.24662717394721134,5.766955466602189e-76,0.908858039552423,1.2566438403019423e-75,0.24662717394721134,5.0112150745222e-77,True,4.743753423914313,1.3310000766068697,0.0,0.0,0.0,1.4572452227181967e-75,2.199720100245166e-75,1.4572452227181967e-75,2.199720100245166e-75,1.0,0.0,0.0,0.24662717394721134,1.8096601662092854e-73,2.459563077567747e-69,1.0799841862282839e-75,0.0,1.8242326184364672e-73,0.0,2.459563077567747e-69,2.178205758333206,2.0701580327004194,1.3320733029395342,2.7151469791481527e-237,True,True,False,True,True,True,False,False,False,280
L160_gL4,160,2.0,gL,4,L160_gL4,L160_gL4_i3_t64p865,64.865,0.40540625,0.5,1.0,open,0.025,"['charge_density_wave', 'block_cell10', 'block_cell30']","[['charge_density_wave', 'block_cell10'], ['charge_density_wave', 'block_cell30'], ['block_cell10', 'block_cell30']]","[240, 280, 320, 360]",['block_cell30'],translated,new_size_mechanism,0.05,1297,block_cell10,280,0.24662797230025812,0.00021102960687730058,2.366929219939473e-80,1.2566438403019423e-75,0.24662717394721134,7.983530467857154e-07,True,4.815653244033456,1.332327464595437,1.0,0.00020768539373158243,0.0002076853892525124,3.364232698070679e-06,5.068693178927384e-06,3.364232698070679e-06,5.068100184613434e-06,0.9998830084416206,2.0,2.2429008848517216e-282,0.24662794857553177,1.8096601662092854e-73,0.003660906606633227,0.0002076853892525124,0.0002043211565544417,0.00021104962195058307,0.0,0.0036616812349536685,2.228975847363472,4.326256113126874,1.2987593095749617,4.925302859934185e-166,True,True,False,True,True,True,False,False,False,280
L160_gL4,160,2.0,gL,4,L160_gL4,L160_gL4_i3_t64p865,64.865,0.40540625,0.5,1.0,open,0.025,"['charge_density_wave', 'block_cell10', 'block_cell30']","[['charge_density_wave', 'block_cell10'], ['charge_density_wave', 'block_cell30'], ['block_cell10', 'block_cell30']]","[240, 280, 320, 360]",['block_cell30'],translated,new_size_mechanism,0.05,1297,block_cell30,280,0.2641081493151504,0.05000908529810762,2.0990087105465163e-84,1.2566438403019423e-75,0.24662717394721134,0.017480975367939067,False,4.819445617496967,1.3721915557980537,4.0,0.05007173535985321,0.0500090837506231,1.7377041544802594e-09,2.6215527333025234e-09,1.7377041544802594e-09,2.5502601231036813e-09,0.972805196976133,8.0,1.1049317160093812e-280,0.2641081483882479,1.8096601662092854e-73,2.9430732128078006e-06,0.04912860057953449,0.05000908201291895,0.05000908548832726,0.01747803136782378,0.017483917514249395,2.1497488878667355,9.088485453277826,1.3054487239569426,5.99548740338709e-161,True,False,True,False,False,True,True,False,False,280
L160_gL4,160,2.0,gL,4,L160_gL4,L160_gL4_i3_t64p935,64.935,0.40584375,0.5,1.0,open,0.025,"['charge_density_wave', 'block_cell10', 'block_cell30']","[['charge_density_wave', 'block_cell10'], ['charge_density_wave', 'block_cell30'], ['block_cell10', 'block_cell30']]","[240, 280, 320, 360]",['block_cell30'],translated,new_size_mechanism,0.05,1299,charge_density_wave,280,0.24662717394721134,4.7918550338669356e-76,0.908858039552423,1.0441654601505078e-75,0.24662717394721134,4.16175052148729e-77,True,4.65092059597373,1.2962740566581488,0.0,0.0,0.0,1.2105091653369432e-75,1.8272736625310646e-75,1.2105091653369432e-75,1.8272736625310646e-75,1.0,0.0,0.0,0.24662717394721134,1.503650817021087e-73,2.045898513791034e-69,8.973613578474537e-76,0.0,1.5157559086744564e-73,0.0,2.045898513791034e-69,2.185439268127084,1.941593350842595,1.318942854180932,2.7151469791481527e-237,True,True,False,True,True,True,False,False,False,280
L160_gL4,160,2.0,gL,4,L160_gL4,L160_gL4_i3_t64p935,64.935,0.40584375,0.5,1.0,open,0.025,"['charge_density_wave', 'block_cell10', 'block_cell30']","[['charge_density_wave', 'block_cell10'], ['charge_density_wave', 'block_cell30'], ['block_cell10', 'block_cell30']]","[240, 280, 320, 360]",['block_cell30'],translated,new_size_mechanism,0.05,1299,block_cell10,280,0.24662773507014682,0.00017510583440638486,2.366929219939473e-80,1.0441654601505078e-75,0.24662717394721134,5.611229354691021e-07,True,4.662938656285405,1.3000900484621525,1.0,0.00017233072518588955,0.00017233072262696112,2.791638082789086e-06,4.2060222099541e-06,2.791638082789086e-06,4.205613892545427e-06,0.9999029207673449,2.0,1.9879326978944167e-282,0.24662771837435926,1.503650817021087e-73,0.0030794851388737526,0.00017233072262696112,0.00016953908454417203,0.0001751223607097502,0.0,0.003080029566021674,2.1820905543863773,4.072885163128376,1.3025043196976185,4.0868580530379256e-166,True,True,False,True,True,True,False,False,False,280
L160_gL4,160,2.0,gL,4,L160_gL4,L160_gL4_i3_t64p935,64.935,0.40584375,0.5,1.0,open,0.025,"['charge_density_wave', 'block_cell10', 'block_cell30']","[['charge_density_wave', 'block_cell10'], ['charge_density_wave', 'block_cell30'], ['block_cell10', 'block_cell30']]","[240, 280, 320, 360]",['block_cell30'],translated,new_size_mechanism,0.05,1299,block_cell30,280,0.2593104842696694,0.04150365863869971,2.0990087105465163e-84,1.0441654601505078e-75,0.24662717394721134,0.012683310322458063,True,4.648439085111022,1.319253847002983,4.0,0.04153944973694778,0.0415036573529333,1.4357985187211088e-09,2.1653779684247186e-09,1.4357985187211088e-09,2.1162156874844796e-09,0.9772962126441124,8.0,3.974196701850488e-281,0.25931048359063635,1.503650817021087e-73,2.45366993704626e-06,0.040772322574515844,0.041503655917134785,0.04150365878873182,0.012680855973487982,0.012685763313362075,2.057901656255126,9.088823264464736,1.321028595790267,4.979460794499632e-161,True,True,False,True,True,True,True,False,False,280
L160_gL4,160,2.0,gL,4,L160_gL4,L160_gL4_late,112.00,0.70,0.5,1.0,open,0.025,"['charge_density_wave', 'left', 'right', 'block_cell10', 'block_cell30']","[['charge_density_wave', 'left'], ['charge_density_wave', 'right'], ['charge_density_wave', 'block_cell10'], ['charge_density_wave', 'block_cell30'], ['left', 'right'], ['block_cell10', 'block_cell30']]","[240, 280, 320, 360]","['left', 'right', 'block_cell10', 'block_cell30']",persistence,new_size_mechanism,0.05,2240,charge_density_wave,280,0.24662717394721134,3.927350092235017e-130,0.908858039552423,8.558783594539362e-130,0.24662717394721134,2.639004728961451e-131,True,4.624444104731083,1.3031268958002329,0.0,0.0,0.0,8.630280719747746e-130,1.3036073505313577e-129,8.630280719747746e-130,1.3036073505313577e-129,1.0,0.0,0.0,0.24662717394721134,1.2189703035683494e-127,2.8800992966273713e-123,7.274673311140673e-130,0.0,1.2276005842880973e-127,0.0,2.8800992966273713e-123,2.1580487079918385,2.0408675018697977,1.3163832239806652,2.7151469791481527e-237,True,True,False,True,True,True,False,False,False,280
L160_gL4,160,2.0,gL,4,L160_gL4,L160_gL4_late,112.00,0.70,0.5,1.0,open,0.025,"['charge_density_wave', 'left', 'right', 'block_cell10', 'block_cell30']","[['charge_density_wave', 'left'], ['charge_density_wave', 'right'], ['charge_density_wave', 'block_cell10'], ['charge_density_wave', 'block_cell30'], ['left', 'right'], ['block_cell10', 'block_cell30']]","[240, 280, 320, 360]","['left', 'right', 'block_cell10', 'block_cell30']",persistence,new_size_mechanism,0.05,2240,left,280,0.24662717394721134,1.4647426166462657e-35,1.6388321667857905e-108,8.558783594539362e-130,0.24662717394721134,3.544548607949369e-52,True,4.631890742108226,1.3217735551297665,0.0,0.0,0.0,1.4647426166976576e-35,2.201794017401059e-35,1.4647426166976576e-35,2.201794017401059e-35,1.0,0.0,0.0,0.24662717394721134,1.2189703035683494e-127,9.515999066413951e-32,1.4187958717649825e-35,0.0,1.4647426166976576e-35,0.0,9.515999066413951e-32,2.1189031209796667,2.021571872755885,1.3259778041392565,9.962736481066184e-165,True,True,False,True,True,True,True,False,False,280
L160_gL4,160,2.0,gL,4,L160_gL4,L160_gL4_late,112.00,0.70,0.5,1.0,open,0.025,"['charge_density_wave', 'left', 'right', 'block_cell10', 'block_cell30']","[['charge_density_wave', 'left'], ['charge_density_wave', 'right'], ['charge_density_wave', 'block_cell10'], ['charge_density_wave', 'block_cell30'], ['left', 'right'], ['block_cell10', 'block_cell30']]","[240, 280, 320, 360]","['left', 'right', 'block_cell10', 'block_cell30']",persistence,new_size_mechanism,0.05,2240,right,280,0.24662717394721134,2.146974861587844e-33,9.78186949261582e-115,8.558783594539362e-130,0.24662717394721134,1.0864487259424063e-51,True,4.674491576850414,1.32525784522295,0.0,0.0,0.0,2.1469748616298685e-33,3.222544980147552e-33,2.1469748616298685e-33,3.222544980147552e-33,1.0,0.0,0.0,0.24662717394721134,1.2189703035683494e-127,1.3091608314657337e-29,2.060879811271276e-33,0.0,2.1469748616298685e-33,0.0,1.3091608314657337e-29,2.154500352218747,2.01831110753119,1.3182315062731504,3.0225015180863914e-158,True,True,False,True,True,True,True,False,False,280
L160_gL4,160,2.0,gL,4,L160_gL4,L160_gL4_late,112.00,0.70,0.5,1.0,open,0.025,"['charge_density_wave', 'left', 'right', 'block_cell10', 'block_cell30']","[['charge_density_wave', 'left'], ['charge_density_wave', 'right'], ['charge_density_wave', 'block_cell10'], ['charge_density_wave', 'block_cell30'], ['left', 'right'], ['block_cell10', 'block_cell30']]","[240, 280, 320, 360]","['left', 'right', 'block_cell10', 'block_cell30']",persistence,new_size_mechanism,0.05,2240,block_cell10,280,0.24662717394721134,7.6794602861232395e-59,2.366929219939473e-80,8.558783594539362e-130,0.24662717394721134,2.252618892187724e-69,True,4.715795040130615,1.3287878334522247,0.0,0.0,0.0,7.6794602874627575e-59,1.158988387876604e-58,7.6794602874627575e-59,1.158988387876604e-58,1.0,0.0,0.0,0.24662717394721134,1.2189703035683494e-127,8.28238830525054e-55,7.555061067129202e-59,0.0,7.6794602874627575e-59,0.0,8.28238830525054e-55,2.181413708254695,1.9833299368619919,1.3059853184968233,1.9180035147807934e-216,True,True,False,True,True,True,True,False,False,280
L160_gL4,160,2.0,gL,4,L160_gL4,L160_gL4_late,112.00,0.70,0.5,1.0,open,0.025,"['charge_density_wave', 'left', 'right', 'block_cell10', 'block_cell30']","[['charge_density_wave', 'left'], ['charge_density_wave', 'right'], ['charge_density_wave', 'block_cell10'], ['charge_density_wave', 'block_cell30'], ['left', 'right'], ['block_cell10', 'block_cell30']]","[240, 280, 320, 360]","['left', 'right', 'block_cell10', 'block_cell30']",persistence,new_size_mechanism,0.05,2240,block_cell30,280,0.24662717394721134,1.6345264174432328e-56,2.0990087105465163e-84,8.558783594539362e-130,0.24662717394721134,1.4012815026505765e-68,True,4.572957465425134,1.3186621274799109,0.0,0.0,0.0,1.6345264176279546e-56,2.466831410723025e-56,1.6345264176279546e-56,2.466831410723025e-56,1.0,0.0,0.0,0.24662717394721134,1.2189703035683494e-127,1.6927601754114046e-52,1.6050532506897336e-56,0.0,1.6345264176279546e-56,0.0,1.6927601754114046e-52,2.1432318333536386,2.0609523840248585,1.3134018145501614,2.017481687862343e-211,True,True,False,True,True,True,True,False,False,280
L160_g0p25,160,2.0,g,0.25,L160_g0p25,L160_g0p25_i0_t77p215,77.215,0.48259375,0.5,1.0,open,0.25,"['charge_density_wave', 'left', 'right']","[['charge_density_wave', 'left'], ['charge_density_wave', 'right'], ['left', 'right']]","[240, 280, 320, 360]",['left'],edge,new_size_mechanism,0.05,1544,charge_density_wave,280,0.1807881606881332,2.5745141884191565e-89,0.8803861400533037,4.805723810966007e-89,0.1807881606881332,3.4383968747395025e-91,True,4.713749088346958,1.3184418436139822,0.0,0.0,0.0,4.679653980787058e-89,7.182552516590826e-89,4.679653980787058e-89,7.182552516590826e-89,1.0,0.0,0.0,0.1807881606881332,2.0101785000630633e-72,2.6709306566063054e-68,1.5063095890584113e-84,0.0,2.0101785000630633e-72,0.0,2.6709306566063054e-68,2.2164514046162367,1.960410499945283,1.3676784578710794,1.492398294843897e-237,True,True,False,True,True,True,False,False,False,280
L160_g0p25,160,2.0,g,0.25,L160_g0p25,L160_g0p25_i0_t77p215,77.215,0.48259375,0.5,1.0,open,0.25,"['charge_density_wave', 'left', 'right']","[['charge_density_wave', 'left'], ['charge_density_wave', 'right'], ['left', 'right']]","[240, 280, 320, 360]",['left'],edge,new_size_mechanism,0.05,1544,left,280,0.20482136175246957,0.06027099857872881,3.261308587594549e-101,4.805723810966007e-89,0.1807881606881332,0.024033201064336377,False,4.787591177970171,1.3301668800413609,4.0,0.060380738803226114,0.060270969798130423,3.089688575260127e-08,4.7370397180446596e-08,3.089688575260127e-08,4.578782342763132e-08,0.966591503406931,8.0,9.223576402926593e-281,0.20482134227521695,2.0101785000630633e-72,4.5214775559325363e-05,0.058290084233255234,0.06027093890124467,0.060271000695016175,0.02398796681152444,0.02407839636264309,2.244226600974798,9.249271977692842,1.3673785049468279,6.700133353332846e-135,True,False,True,False,False,True,True,False,False,280
L160_g0p25,160,2.0,g,0.25,L160_g0p25,L160_g0p25_i0_t77p215,77.215,0.48259375,0.5,1.0,open,0.25,"['charge_density_wave', 'left', 'right']","[['charge_density_wave', 'left'], ['charge_density_wave', 'right'], ['left', 'right']]","[240, 280, 320, 360]",['left'],edge,new_size_mechanism,0.05,1544,right,280,0.3052145876469138,1.0,2.0579225572610586e-122,4.805723810966007e-89,0.1807881606881332,0.12442642695878059,False,4.77147488668561,1.3683663215488195,12.0,530999752984131.1,1.0,2.9136325706858054e-12,1.0124581904033412e-09,2.9136325706858054e-12,6.624526805536637e-10,0.6543012707416166,24.0,8.26687546051932e-281,0.30521458764691844,2.0101785000630633e-72,6.424354816841669e-09,1.0,0.9999999999970863,1.0,0.12442642053443044,0.12442643338314008,2.2528189849108458,19.09807775169611,1.4106020610779524,1.8686262369613532e-134,True,False,True,False,False,False,False,False,False,280
L160_g0p25,160,2.0,g,0.25,L160_g0p25,L160_g0p25_i0_t77p285,77.285,0.48303125,0.5,1.0,open,0.25,"['charge_density_wave', 'left', 'right']","[['charge_density_wave', 'left'], ['charge_density_wave', 'right'], ['left', 'right']]","[240, 280, 320, 360]",['left'],edge,new_size_mechanism,0.05,1546,charge_density_wave,280,0.1807881606881332,2.142696815436022e-89,0.8803861400533037,3.999722699122356e-89,0.1807881606881332,2.855803446752669e-91,True,4.584837935864925,1.3056310340762138,0.0,0.0,0.0,3.8936529763801065e-89,5.976167346028596e-89,3.8936529763801065e-89,5.976167346028596e-89,1.0,0.0,0.0,0.1807881606881332,1.6702619643275537e-72,2.221757694516991e-68,1.2515961209550309e-84,0.0,1.6702619643275537e-72,0.0,2.221757694516991e-68,2.3110722675919533,1.9883690848946571,1.3694726880639791,1.4916111209247081e-237,True,True,False,True,True,True,False,False,False,280
L160_g0p25,160,2.0,g,0.25,L160_g0p25,L160_g0p25_i0_t77p285,77.285,0.48303125,0.5,1.0,open,0.25,"['charge_density_wave', 'left', 'right']","[['charge_density_wave', 'left'], ['charge_density_wave', 'right'], ['left', 'right']]","[240, 280, 320, 360]",['left'],edge,new_size_mechanism,0.05,1546,left,280,0.1983475528635167,0.050139891085488726,3.261308587594549e-101,3.999722699122356e-89,0.1807881606881332,0.01755939217538353,False,4.644751843065023,1.3160925228148699,4.0,0.05020301216527789,0.05013986710976366,2.556437017635563e-08,3.9173725444221544e-08,2.556437017635563e-08,3.807736144547767e-08,0.9720127716649019,8.0,1.0061471407011887e-280,0.19834753847771716,1.6702619643275537e-72,3.779859062251454e-05,0.048490108063002274,0.050139841545393485,0.05013989267413384,0.017521579198961464,0.017597176380206494,2.246882885694504,9.302077289670706,1.3734432514756918,5.579530959462895e-135,True,False,True,False,False,True,True,False,False,280
L160_g0p25,160,2.0,g,0.25,L160_g0p25,L160_g0p25_i0_t77p285,77.285,0.48303125,0.5,1.0,open,0.25,"['charge_density_wave', 'left', 'right']","[['charge_density_wave', 'left'], ['charge_density_wave', 'right'], ['left', 'right']]","[240, 280, 320, 360]",['left'],edge,new_size_mechanism,0.05,1546,right,280,0.3479138264368347,1.0,2.0579225572610586e-122,3.999722699122356e-89,0.1807881606881332,0.1671256657487015,False,4.682842452079058,1.3486954122781754,12.0,439793769305210.25,1.0,2.597318246251206e-12,8.402083036502987e-10,2.597318246251206e-12,5.497924491128985e-10,0.6543525536754591,24.0,2.0349859391246022e-280,0.3479138264368408,1.6702619643275537e-72,5.750782929021101e-09,1.0,0.9999999999974026,1.0,0.16712565999792472,0.1671256714994906,2.194496512413025,19.384392557665706,1.3876307029277086,2.408808971623733e-134,True,False,True,False,False,False,False,False,False,280
L160_g0p25,160,2.0,g,0.25,L160_g0p25,L160_g0p25_i0_t77p355,77.355,0.48346875,0.5,1.0,open,0.25,"['charge_density_wave', 'left', 'right']","[['charge_density_wave', 'left'], ['charge_density_wave', 'right'], ['left', 'right']]","[240, 280, 320, 360]",['left'],edge,new_size_mechanism,0.05,1547,charge_density_wave,280,0.1807881606881332,1.7833071305652694e-89,0.8803861400533037,3.328901565491919e-89,0.1807881606881332,2.371924160782716e-91,True,4.648567935451865,1.3149180635809898,0.0,0.0,0.0,3.239670364166322e-89,4.972408154518623e-89,3.239670364166322e-89,4.972408154518623e-89,1.0,0.0,0.0,0.1807881606881332,1.3878245287131555e-72,1.8481202850199122e-68,1.039954111271966e-84,0.0,1.3878245287131555e-72,0.0,1.8481202850199122e-68,2.237973541021347,2.107558248564601,1.3739085923880339,1.4911096536496154e-237,True,True,False,True,True,True,False,False,False,280
L160_g0p25,160,2.0,g,0.25,L160_g0p25,L160_g0p25_i0_t77p355,77.355,0.48346875,0.5,1.0,open,0.25,"['charge_density_wave', 'left', 'right']","[['charge_density_wave', 'left'], ['charge_density_wave', 'right'], ['left', 'right']]","[240, 280, 320, 360]",['left'],edge,new_size_mechanism,0.05,1547,left,280,0.19357777366299064,0.04170461384464022,3.261308587594549e-101,3.328901565491919e-89,0.1807881606881332,0.012789612974857452,True,4.735928187146783,1.3115408513695002,4.0,0.041740909100593644,0.041704593881954924,2.1167748266985834e-08,3.242458307622197e-08,2.1167748266985834e-08,3.1665345121708033e-08,0.976584496006343,8.0,2.296231197606556e-280,0.19357776308545552,1.3878245287131555e-72,3.1617481721325894e-05,0.04033129681151763,0.041704572714206654,0.04170461504970319,0.012757984915601017,0.01282121987904367,2.281377436593175,9.360530467703938,1.3761719651520252,4.644105511323895e-135,True,True,False,True,True,True,True,False,False,280
L160_g0p25,160,2.0,g,0.25,L160_g0p25,L160_g0p25_i0_t77p355,77.355,0.48346875,0.5,1.0,open,0.25,"['charge_density_wave', 'left', 'right']","[['charge_density_wave', 'left'], ['charge_density_wave', 'right'], ['left', 'right']]","[240, 280, 320, 360]",['left'],edge,new_size_mechanism,0.05,1547,right,280,0.40216458619878326,1.0,2.0579225572610586e-122,3.328901565491919e-89,0.1807881606881332,0.2213764255106501,False,4.725020486861467,1.3503734916448593,12.0,364255049736184.56,1.0,2.354290702653955e-12,6.972431485185946e-10,2.354290702653955e-12,4.5629187521406096e-10,0.6544228884622625,24.0,1.279962564656451e-280,0.40216458619879103,1.3878245287131555e-72,5.231192811209045e-09,1.0,0.9999999999976457,1.0,0.22137642027946505,0.22137643074185068,2.1967763155698776,19.220280785113573,1.3887640591710806,3.019955062924342e-134,True,False,True,False,False,False,False,False,False,280
L160_g0p25,160,2.0,g,0.25,L160_g0p25,L160_g0p25_i1_t90p875,90.875,0.56796875,0.5,1.0,open,0.25,"['charge_density_wave', 'left', 'right']","[['charge_density_wave', 'left'], ['charge_density_wave', 'right'], ['left', 'right']]","[240, 280, 320, 360]",['right'],edge,new_size_mechanism,0.05,1818,charge_density_wave,280,0.1807881606881332,7.092761953056607e-105,0.8803861400533037,1.3278466380398103e-104,0.1807881606881332,6.388829157107998e-107,True,4.723624000325799,1.3112866878509521,0.0,0.0,0.0,1.224980902938406e-104,1.8804640754525757e-104,1.224980902938406e-104,1.8804640754525757e-104,1.0,0.0,0.0,0.1807881606881332,4.0177735999246406e-88,6.500332130620242e-84,3.010683329884563e-100,0.0,4.017773599924641e-88,0.0,6.500332130620242e-84,2.2505585998296738,2.07048580981791,1.3778671640902758,1.4969069494584646e-237,True,True,False,True,True,True,False,False,False,280
L160_g0p25,160,2.0,g,0.25,L160_g0p25,L160_g0p25_i1_t90p875,90.875,0.56796875,0.5,1.0,open,0.25,"['charge_density_wave', 'left', 'right']","[['charge_density_wave', 'left'], ['charge_density_wave', 'right'], ['left', 'right']]","[240, 280, 320, 360]",['right'],edge,new_size_mechanism,0.05,1818,left,280,0.1807881606881332,1.4088389636573095e-17,3.261308587594549e-101,1.3278466380398103e-104,0.1807881606881332,2.1651082855067207e-32,True,4.775498077273369,1.3361334893852472,0.0,0.0,0.0,1.4088389650603874e-17,2.157085908280699e-17,1.4088389650603874e-17,2.157085908280699e-17,1.0,0.0,0.0,0.1807881606881332,4.0177735999246406e-88,4.485876331818241e-14,1.3620100987258684e-17,0.0,1.4088389650603874e-17,0.0,4.485876331818241e-14,2.1685685385018587,1.9653554186224937,1.3709101267158985,4.87620803446301e-147,True,True,False,True,True,True,False,False,False,280
L160_g0p25,160,2.0,g,0.25,L160_g0p25,L160_g0p25_i1_t90p875,90.875,0.56796875,0.5,1.0,open,0.25,"['charge_density_wave', 'left', 'right']","[['charge_density_wave', 'left'], ['charge_density_wave', 'right'], ['left', 'right']]","[240, 280, 320, 360]",['right'],edge,new_size_mechanism,0.05,1818,right,280,0.20493807410375234,0.06044330277712833,2.0579225572610586e-122,1.3278466380398103e-104,0.1807881606881332,0.024149913415619152,False,4.842622308060527,1.3638875093311071,4.0,0.06055398090004626,0.06044326608032388,3.812978913428829e-08,5.7491102399377174e-08,3.812978913428829e-08,5.562372453617574e-08,0.9675188370849249,8.0,9.539138816404777e-281,0.20493804922386824,4.0177735999246406e-88,5.515785129485973e-05,0.058104483096547505,0.06044322795053475,0.06044330421011302,0.024094730684440197,0.024205046387029916,2.1761709582060575,9.273759523406625,1.3779219519346952,1.41029431312336e-130,True,False,True,False,False,True,True,False,False,280
L160_g0p25,160,2.0,g,0.25,L160_g0p25,L160_g0p25_i1_t90p945,90.945,0.56840625,0.5,1.0,open,0.25,"['charge_density_wave', 'left', 'right']","[['charge_density_wave', 'left'], ['charge_density_wave', 'right'], ['left', 'right']]","[240, 280, 320, 360]",['right'],edge,new_size_mechanism,0.05,1819,charge_density_wave,280,0.1807881606881332,5.903073570497006e-105,0.8803861400533037,1.1051421680811522e-104,0.1807881606881332,5.306678003683248e-107,True,4.6763890739530325,1.3206684850156307,0.0,0.0,0.0,1.0192618396053927e-104,1.5646664931115093e-104,1.0192618396053927e-104,1.5646664931115093e-104,1.0,0.0,0.0,0.1807881606881332,3.338377375453468e-88,5.406088289159688e-84,2.501583741137144e-100,0.0,3.338377375453468e-88,0.0,5.406088289159688e-84,2.312488568946719,2.0316435750573874,1.3709203600883484,1.491583453879458e-237,True,True,False,True,True,True,False,False,False,280
L160_g0p25,160,2.0,g,0.25,L160_g0p25,L160_g0p25_i1_t90p945,90.945,0.56840625,0.5,1.0,open,0.25,"['charge_density_wave', 'left', 'right']","[['charge_density_wave', 'left'], ['charge_density_wave', 'right'], ['left', 'right']]","[240, 280, 320, 360]",['right'],edge,new_size_mechanism,0.05,1819,left,280,0.1807881606881332,1.1716802583607018e-17,3.261308587594549e-101,1.1051421680811522e-104,0.1807881606881332,2.1329710028214982e-32,True,4.719018129631877,1.3512465581297874,0.0,0.0,0.0,1.171680259524103e-17,1.793980238156971e-17,1.171680259524103e-17,1.793980238156971e-17,1.0,0.0,0.0,0.1807881606881332,3.338377375453468e-88,3.7480184071683336e-14,1.132733199190627e-17,0.0,1.171680259524103e-17,0.0,3.7480184071683336e-14,2.1574299223721027,2.0471714586019516,1.3779166769236326,4.0746262942027586e-147,True,True,False,True,True,True,False,False,False,280
L160_g0p25,160,2.0,g,0.25,L160_g0p25,L160_g0p25_i1_t90p945,90.945,0.56840625,0.5,1.0,open,0.25,"['charge_density_wave', 'left', 'right']","[['charge_density_wave', 'left'], ['charge_density_wave', 'right'], ['left', 'right']]","[240, 280, 320, 360]",['right'],edge,new_size_mechanism,0.05,1819,right,280,0.19833659225988678,0.050121621929803635,2.0579225572610586e-122,1.1051421680811522e-104,0.1807881606881332,0.017548431571753603,False,4.7394069992005825,1.3760837595909834,4.0,0.0501846674016582,0.05012159145574308,3.1453615814163746e-08,4.7398349872010825e-08,3.1453615814163746e-08,4.6112531618099546e-08,0.9728720882186118,8.0,1.0147328450688291e-280,0.1983365739795793,3.338377375453468e-88,4.5984561964619443e-05,0.04817997087216639,0.050121560002127266,0.0501216229093589,0.017502428729481493,0.017594397853410732,2.1727289762347937,9.296478824689984,1.3833244442939758,1.1706472726394996e-130,True,False,True,False,False,True,True,False,False,280
L160_g0p25,160,2.0,g,0.25,L160_g0p25,L160_g0p25_i1_t91p015,91.015,0.56884375,0.5,1.0,open,0.25,"['charge_density_wave', 'left', 'right']","[['charge_density_wave', 'left'], ['charge_density_wave', 'right'], ['left', 'right']]","[240, 280, 320, 360]",['right'],edge,new_size_mechanism,0.05,1820,charge_density_wave,280,0.1807881606881332,4.9129347154221586e-105,0.8803861400533037,9.197893521801148e-105,0.1807881606881332,4.407824810386865e-107,True,4.561215363442898,1.2969971373677254,0.0,0.0,0.0,8.48090630856416e-105,1.3019028480774917e-104,8.48090630856416e-105,1.3019028480774917e-104,1.0,0.0,0.0,0.1807881606881332,2.7738654814070706e-88,4.496041975585519e-84,2.0785717155319866e-100,0.0,2.773865481407071e-88,0.0,4.496041975585519e-84,2.315990172326565,2.044446647167206,1.3820555489510298,1.4971734398510414e-237,True,True,False,True,True,True,False,False,False,280
L160_g0p25,160,2.0,g,0.25,L160_g0p25,L160_g0p25_i1_t91p015,91.015,0.56884375,0.5,1.0,open,0.25,"['charge_density_wave', 'left', 'right']","[['charge_density_wave', 'left'], ['charge_density_wave', 'right'], ['left', 'right']]","[240, 280, 320, 360]",['right'],edge,new_size_mechanism,0.05,1820,left,280,0.1807881606881332,9.744449901255321e-18,3.261308587594549e-101,9.197893521801148e-105,0.1807881606881332,2.0247760834714914e-32,True,4.609666110947728,1.3078703712671995,0.0,0.0,0.0,9.744449910902029e-18,1.4919982648094273e-17,9.744449910902029e-18,1.4919982648094273e-17,1.0,0.0,0.0,0.1807881606881332,2.7738654814070706e-88,3.13146346643507e-14,9.420531117198649e-18,0.0,9.744449910902029e-18,0.0,3.13146346643507e-14,2.1489720903337,2.0835425797849894,1.3837558217346668,3.404740980942021e-147,True,True,False,True,True,True,False,False,False,280
L160_g0p25,160,2.0,g,0.25,L160_g0p25,L160_g0p25_i1_t91p015,91.015,0.56884375,0.5,1.0,open,0.25,"['charge_density_wave', 'left', 'right']","[['charge_density_wave', 'left'], ['charge_density_wave', 'right'], ['left', 'right']]","[240, 280, 320, 360]",['right'],edge,new_size_mechanism,0.05,1820,right,280,0.19349870738555133,0.0415552100693312,2.0579225572610586e-122,9.197893521801148e-105,0.1807881606881332,0.012710546697418133,True,4.600327173247933,1.3228742275387049,4.0,0.04159111075179909,0.0415551847763382,2.5965196605421852e-08,3.9112737498461234e-08,2.5965196605421852e-08,3.822774925432394e-08,0.9773734005661936,8.0,1.3823849493614515e-280,0.19349869401668013,2.7738654814070706e-88,3.835892247618342e-05,0.039944109956637865,0.04155515881114159,0.0415552107415348,0.012672174406070748,0.012748892251023115,2.1677223052829504,9.065835300832987,1.3704640232026577,9.712434274522602e-131,True,True,False,True,True,True,True,False,False,280
L160_g0p25,160,2.0,g,0.25,L160_g0p25,L160_g0p25_i2_t58p175,58.175,0.36359375,0.5,1.0,open,0.25,"['charge_density_wave', 'block_cell10', 'block_cell30']","[['charge_density_wave', 'block_cell10'], ['charge_density_wave', 'block_cell30'], ['block_cell10', 'block_cell30']]","[240, 280, 320, 360]",['block_cell10'],translated,new_size_mechanism,0.05,1163,charge_density_wave,280,0.1807881606881332,1.2533102445213465e-67,0.8803861400533037,2.332811761980147e-67,0.1807881606881332,2.9848280902047e-69,True,4.618701808154583,1.308571519330144,0.0,0.0,0.0,2.4825195791617825e-67,3.808836256827089e-67,2.4825195791617825e-67,3.808836256827089e-67,1.0,0.0,0.0,0.1807881606881332,1.5333574688563097e-50,1.4192976908917726e-46,1.14900794069787e-62,0.0,1.5333574688563097e-50,0.0,1.4192976908917726e-46,2.191513814032078,2.1356483977288008,1.3725626841187477,1.4918454930447573e-237,True,True,False,True,True,True,False,False,False,280
L160_g0p25,160,2.0,g,0.25,L160_g0p25,L160_g0p25_i2_t58p175,58.175,0.36359375,0.5,1.0,open,0.25,"['charge_density_wave', 'block_cell10', 'block_cell30']","[['charge_density_wave', 'block_cell10'], ['charge_density_wave', 'block_cell30'], ['block_cell10', 'block_cell30']]","[240, 280, 320, 360]",['block_cell10'],translated,new_size_mechanism,0.05,1163,block_cell10,280,0.2042781050755998,0.059464773552456066,6.188195224427081e-75,2.332811761980147e-67,0.1807881606881332,0.0234899443874666,False,4.648631365969777,1.3164724577218294,4.0,0.05957018572464122,0.059464770609596825,3.569328309378267e-09,5.4738719315056465e-09,3.569328309378267e-09,5.292950777025068e-09,0.9669482302939423,8.0,7.741358032516212e-281,0.20427810310108835,1.5333574688563097e-50,5.839674795073751e-06,0.05834473847441421,0.05946476704026852,0.05946477417892514,0.023484102738160074,0.02349578208775022,2.188643228262663,9.231517592445016,1.3939977567642927,2.432845167258068e-163,True,False,True,False,False,True,True,False,False,280
L160_g0p25,160,2.0,g,0.25,L160_g0p25,L160_g0p25_i2_t58p175,58.175,0.36359375,0.5,1.0,open,0.25,"['charge_density_wave', 'block_cell10', 'block_cell30']","[['charge_density_wave', 'block_cell10'], ['charge_density_wave', 'block_cell30'], ['block_cell10', 'block_cell30']]","[240, 280, 320, 360]",['block_cell10'],translated,new_size_mechanism,0.05,1163,block_cell30,280,0.7497549483998265,1.0,4.82920776121907e-90,2.332811761980147e-67,0.1807881606881332,0.5689667877116933,False,4.629075571894646,1.3277448639273643,8.0,2349156171177.742,1.0,2.1634090045797165e-06,3.634942760872538e-05,2.1634090045797165e-06,2.3692327803682293e-05,0.6517936969658127,16.0,7.61205496889726e-281,0.7497549398826072,1.5333574688563097e-50,0.0024306028683017985,1.0,0.9999978365909954,1.0,0.5665361763261723,0.5713973820627759,2.2067119255661964,15.396985298022628,1.3785746227949858,5.673103370034499e-165,True,False,True,False,False,False,False,False,False,280
L160_g0p25,160,2.0,g,0.25,L160_g0p25,L160_g0p25_i2_t58p245,58.245,0.36403125,0.5,1.0,open,0.25,"['charge_density_wave', 'block_cell10', 'block_cell30']","[['charge_density_wave', 'block_cell10'], ['charge_density_wave', 'block_cell30'], ['block_cell10', 'block_cell30']]","[240, 280, 320, 360]",['block_cell10'],translated,new_size_mechanism,0.05,1165,charge_density_wave,280,0.1807881606881332,1.0431028615219462e-67,0.8803861400533037,1.9415644958437767e-67,0.1807881606881332,2.4787251445308636e-69,True,4.646846299991012,1.3072676081210375,0.0,0.0,0.0,2.065407752482854e-67,3.1688833431493246e-67,2.065407752482854e-67,3.1688833431493246e-67,1.0,0.0,0.0,0.1807881606881332,1.2740702668285022e-50,1.181185834797131e-46,9.54713355056665e-63,0.0,1.2740702668285024e-50,0.0,1.181185834797131e-46,2.315459718927741,1.9431008826941252,1.3774325922131538,1.4932692430289362e-237,True,True,False,True,True,True,False,False,False,280
L160_g0p25,160,2.0,g,0.25,L160_g0p25,L160_g0p25_i2_t58p245,58.245,0.36403125,0.5,1.0,open,0.25,"['charge_density_wave', 'block_cell10', 'block_cell30']","[['charge_density_wave', 'block_cell10'], ['charge_density_wave', 'block_cell30'], ['block_cell10', 'block_cell30']]","[240, 280, 320, 360]",['block_cell10'],translated,new_size_mechanism,0.05,1165,block_cell10,280,0.1979435767684678,0.049463568855220186,6.188195224427084e-75,1.9415644958437767e-67,0.1807881606881332,0.0171554160803346,True,4.6701380610466,1.3362570889294147,4.0,0.04952418754382846,0.049463566403434404,2.952895256115602e-09,4.526633844153042e-09,2.952895256115602e-09,4.40132434246056e-09,0.9723172878552256,8.0,2.0540167375457268e-280,0.19794357531051895,1.2740702668285022e-50,4.875933968072747e-06,0.04853085179472664,0.04946356345053915,0.049463569356329666,0.017150538688417708,0.017160290556353854,2.177353136241436,9.264615654945374,1.4008511882275343,2.0257572547007977e-163,True,True,False,True,True,True,True,False,False,280
L160_g0p25,160,2.0,g,0.25,L160_g0p25,L160_g0p25_i2_t58p245,58.245,0.36403125,0.5,1.0,open,0.25,"['charge_density_wave', 'block_cell10', 'block_cell30']","[['charge_density_wave', 'block_cell10'], ['charge_density_wave', 'block_cell30'], ['block_cell10', 'block_cell30']]","[240, 280, 320, 360]",['block_cell10'],translated,new_size_mechanism,0.05,1165,block_cell30,280,0.6654001232634219,1.0,4.829207761219078e-90,1.9415644958437767e-67,0.1807881606881332,0.4846119625752887,False,4.6845839731395245,1.3448684979230165,8.0,1948796991748.9736,1.0,1.864499948131091e-06,3.018552649465947e-05,1.864499948131091e-06,1.9674686020494875e-05,0.6517920442426535,16.0,1.6519742345665195e-280,0.665400113882515,1.2740702668285022e-50,0.0021169557369867665,1.0,0.9999981355000519,1.0,0.482494997457395,0.4867289089313685,2.229292305186391,15.434818860143423,1.4006752483546734,6.24023802454113e-165,True,False,True,False,False,False,False,False,False,280
L160_g0p25,160,2.0,g,0.25,L160_g0p25,L160_g0p25_i2_t58p315,58.315,0.36446875,0.5,1.0,open,0.25,"['charge_density_wave', 'block_cell10', 'block_cell30']","[['charge_density_wave', 'block_cell10'], ['charge_density_wave', 'block_cell30'], ['block_cell10', 'block_cell30']]","[240, 280, 320, 360]",['block_cell10'],translated,new_size_mechanism,0.05,1166,charge_density_wave,280,0.1807881606881332,8.681518071957049e-68,0.8803861400533037,1.615935208242767e-67,0.1807881606881332,2.0584377085946998e-69,True,4.578014368191361,1.2895251400768757,0.0,0.0,0.0,1.7183794707880263e-67,2.636454927136932e-67,1.7183794707880263e-67,2.636454927136932e-67,1.0,0.0,0.0,0.1807881606881332,1.0586279310506724e-50,9.83018869369431e-47,7.932735345327135e-63,0.0,1.0586279310506724e-50,0.0,9.83018869369431e-47,2.2026968728750944,1.9814091119915247,1.386038776487112,1.4954463464783587e-237,True,True,False,True,True,True,False,False,False,280
L160_g0p25,160,2.0,g,0.25,L160_g0p25,L160_g0p25_i2_t58p315,58.315,0.36446875,0.5,1.0,open,0.25,"['charge_density_wave', 'block_cell10', 'block_cell30']","[['charge_density_wave', 'block_cell10'], ['charge_density_wave', 'block_cell30'], ['block_cell10', 'block_cell30']]","[240, 280, 320, 360]",['block_cell10'],translated,new_size_mechanism,0.05,1166,block_cell10,280,0.19327873932846315,0.041137605649509225,6.188195224427086e-75,1.615935208242767e-67,0.1807881606881332,0.012490578640329953,True,4.622618783265352,1.2943393290042877,4.0,0.04117245648361784,0.04113760360788208,2.444790048923587e-09,3.746662080676899e-09,2.444790048923587e-09,3.6599029037857234e-09,0.9768436077172188,8.0,1.30535354797044e-280,0.19327873825672137,1.0586279310506724e-50,4.073862517403325e-06,0.04036126232828299,0.04113760116309203,0.041137606052672124,0.012486503706070774,0.01249465143110558,2.2518931198865175,9.230121629312634,1.378144133836031,1.6859711313028937e-163,True,True,False,True,True,True,True,False,False,280
L160_g0p25,160,2.0,g,0.25,L160_g0p25,L160_g0p25_i2_t58p315,58.315,0.36446875,0.5,1.0,open,0.25,"['charge_density_wave', 'block_cell10', 'block_cell30']","[['charge_density_wave', 'block_cell10'], ['charge_density_wave', 'block_cell30'], ['block_cell10', 'block_cell30']]","[240, 280, 320, 360]",['block_cell10'],translated,new_size_mechanism,0.05,1166,block_cell30,280,0.578574522467106,1.0,4.829207761219086e-90,1.615935208242767e-67,0.1807881606881332,0.39778636177897275,False,4.637754270806909,1.3237736597657204,8.0,1616676242679.0896,1.0,1.5903103268940185e-06,2.5066893828234125e-05,1.5903103268940185e-06,1.6338358149269843e-05,0.6517902960464577,16.0,1.7401794385459471e-280,0.5785745133177216,1.0586279310506724e-50,0.0018258773457497485,1.0,0.9999984096896731,1.0,0.39596047528383865,0.3996122299753382,2.241691028699279,15.353459095582366,1.38812555372715,6.076953771576096e-165,True,False,True,False,False,False,False,False,False,280
L160_g0p25,160,2.0,g,0.25,L160_g0p25,L160_g0p25_i3_t69p915,69.915,0.43696875,0.5,1.0,open,0.25,"['charge_density_wave', 'block_cell10', 'block_cell30']","[['charge_density_wave', 'block_cell10'], ['charge_density_wave', 'block_cell30'], ['block_cell10', 'block_cell30']]","[240, 280, 320, 360]",['block_cell30'],translated,new_size_mechanism,0.05,1398,charge_density_wave,280,0.1807881606881332,5.318682027030807e-81,0.8803861400533037,9.915723590289303e-81,0.1807881606881332,8.82473492696293e-83,True,4.65292733348906,1.3140629883855581,0.0,0.0,0.0,9.967465112705687e-81,1.529671779343124e-80,9.967465112705687e-81,1.529671779343124e-80,1.0,0.0,0.0,0.1807881606881332,4.9320072665530625e-64,5.790953811055513e-60,3.6957562916335914e-76,0.0,4.9320072665530625e-64,0.0,5.790953811055513e-60,2.2875859159976244,2.0148081984370947,1.384224884212017,1.4940412501561694e-237,True,True,False,True,True,True,False,False,False,280
L160_g0p25,160,2.0,g,0.25,L160_g0p25,L160_g0p25_i3_t69p915,69.915,0.43696875,0.5,1.0,open,0.25,"['charge_density_wave', 'block_cell10', 'block_cell30']","[['charge_density_wave', 'block_cell10'], ['charge_density_wave', 'block_cell30'], ['block_cell10', 'block_cell30']]","[240, 280, 320, 360]",['block_cell30'],translated,new_size_mechanism,0.05,1398,block_cell10,280,0.1807881606881332,2.1585592350683326e-15,6.188195224427102e-75,9.915723590289303e-81,0.1807881606881332,2.5913468939454992e-27,True,4.630509775131941,1.3174993675202131,0.0,0.0,0.0,2.1585592449769237e-15,3.3075477382101514e-15,2.1585592449769237e-15,3.3075477382101514e-15,1.0,0.0,0.0,0.1807881606881332,4.9320072665530625e-64,6.0041336316192045e-12,2.1173845027139557e-15,0.0,2.1585592449769237e-15,0.0,6.0041336316192045e-12,2.167246911674738,2.0620819330215454,1.39253756031394,2.3932630677422545e-173,True,True,False,True,True,True,False,False,False,280
L160_g0p25,160,2.0,g,0.25,L160_g0p25,L160_g0p25_i3_t69p915,69.915,0.43696875,0.5,1.0,open,0.25,"['charge_density_wave', 'block_cell10', 'block_cell30']","[['charge_density_wave', 'block_cell10'], ['charge_density_wave', 'block_cell30'], ['block_cell10', 'block_cell30']]","[240, 280, 320, 360]",['block_cell30'],translated,new_size_mechanism,0.05,1398,block_cell30,280,0.2049466845068202,0.0604560018702291,4.829207761219139e-90,9.915723590289303e-81,0.1807881606881332,0.024158523818686994,False,4.705800488591194,1.3588753659278154,4.0,0.06056678571652525,0.06045600077472226,1.1966614327684592e-09,1.8375099597230509e-09,1.1966614327684592e-09,1.7756791710704625e-09,0.9663507735969457,8.0,7.44333535646813e-281,0.20494668376398154,4.9320072665530625e-64,2.0624440930796606e-06,0.059554567726074197,0.060455999578060825,0.06045600197138369,0.024156460631755278,0.024160585519941435,2.275854839012027,9.077915214002132,1.379061819985509,1.0065661555469023e-160,True,False,True,False,False,True,True,False,False,280
L160_g0p25,160,2.0,g,0.25,L160_g0p25,L160_g0p25_i3_t69p985,69.985,0.43740625,0.5,1.0,open,0.25,"['charge_density_wave', 'block_cell10', 'block_cell30']","[['charge_density_wave', 'block_cell10'], ['charge_density_wave', 'block_cell30'], ['block_cell10', 'block_cell30']]","[240, 280, 320, 360]",['block_cell30'],translated,new_size_mechanism,0.05,1400,charge_density_wave,280,0.1807881606881332,4.426604553748928e-81,0.8803861400533037,8.252697129571174e-81,0.1807881606881332,7.329152641237605e-83,True,4.658416138961911,1.3441039733588696,0.0,0.0,0.0,8.293135667421705e-81,1.2727199542128113e-80,8.293135667421705e-81,1.2727199542128113e-80,1.0,0.0,0.0,0.1807881606881332,4.098016243260115e-64,4.817789945501767e-60,3.0708124493154127e-76,0.0,4.098016243260115e-64,0.0,4.817789945501767e-60,2.311376651749015,1.993704304099083,1.3825416304171085,1.4950494749098832e-237,True,True,False,True,True,True,False,False,False,280
L160_g0p25,160,2.0,g,0.25,L160_g0p25,L160_g0p25_i3_t69p985,69.985,0.43740625,0.5,1.0,open,0.25,"['charge_density_wave', 'block_cell10', 'block_cell30']","[['charge_density_wave', 'block_cell10'], ['charge_density_wave', 'block_cell30'], ['block_cell10', 'block_cell30']]","[240, 280, 320, 360]",['block_cell30'],translated,new_size_mechanism,0.05,1400,block_cell10,280,0.1807881606881332,1.79507039111665e-15,6.188195224427102e-75,8.252697129571174e-81,0.1807881606881332,2.2868870061129115e-27,True,4.665553200989962,1.3393161036074162,0.0,0.0,0.0,1.795070399329923e-15,2.750588412298727e-15,1.795070399329923e-15,2.750588412298727e-15,1.0,0.0,0.0,0.1807881606881332,4.098016243260115e-64,5.019552794868357e-12,1.760827824149288e-15,0.0,1.795070399329923e-15,0.0,5.019552794868357e-12,2.280519427731633,1.9773358274251223,1.3789718393236399,2.0011172836177015e-173,True,True,False,True,True,True,False,False,False,280
L160_g0p25,160,2.0,g,0.25,L160_g0p25,L160_g0p25_i3_t69p985,69.985,0.43740625,0.5,1.0,open,0.25,"['charge_density_wave', 'block_cell10', 'block_cell30']","[['charge_density_wave', 'block_cell10'], ['charge_density_wave', 'block_cell30'], ['block_cell10', 'block_cell30']]","[240, 280, 320, 360]",['block_cell30'],translated,new_size_mechanism,0.05,1400,block_cell30,280,0.1983880996760973,0.050207438131971406,4.829207761219139e-90,8.252697129571174e-81,0.1807881606881332,0.01759993898796411,False,4.750931400805712,1.3404304441064596,4.0,0.05027083823268435,0.0502074372208437,9.883765477707296e-10,1.5169044554532353e-09,9.883765477707296e-10,1.4742153179505423e-09,0.9718577281850372,8.0,8.494823421949287e-281,0.1983880991289213,4.098016243260115e-64,1.718585770430776e-06,0.04945793436418868,0.05020743623246715,0.050207438209220245,0.017598219855017676,0.017601657026558536,2.169965635985136,9.134588772431016,1.3993791975080967,8.368398662124544e-161,True,False,True,False,False,True,True,False,False,280
L160_g0p25,160,2.0,g,0.25,L160_g0p25,L160_g0p25_i3_t70p055,70.055,0.43784375,0.5,1.0,open,0.25,"['charge_density_wave', 'block_cell10', 'block_cell30']","[['charge_density_wave', 'block_cell10'], ['charge_density_wave', 'block_cell30'], ['block_cell10', 'block_cell30']]","[240, 280, 320, 360]",['block_cell30'],translated,new_size_mechanism,0.05,1401,charge_density_wave,280,0.1807881606881332,3.6841509321189477e-81,0.8803861400533037,6.868586914129339e-81,0.1807881606881332,6.087038909771741e-83,True,4.647588370367885,1.3134012203663588,0.0,0.0,0.0,6.90006079669347e-81,1.0589307310950932e-80,6.90006079669347e-81,1.0589307310950932e-80,1.0,0.0,0.0,0.1807881606881332,3.405051173365513e-64,4.00815890345166e-60,2.5515451655234395e-76,0.0,3.405051173365514e-64,0.0,4.00815890345166e-60,2.2751176096498966,2.136719999834895,1.3758704494684935,1.494125868826219e-237,True,True,False,True,True,True,False,False,False,280
L160_g0p25,160,2.0,g,0.25,L160_g0p25,L160_g0p25_i3_t70p055,70.055,0.43784375,0.5,1.0,open,0.25,"['charge_density_wave', 'block_cell10', 'block_cell30']","[['charge_density_wave', 'block_cell10'], ['charge_density_wave', 'block_cell30'], ['block_cell10', 'block_cell30']]","[240, 280, 320, 360]",['block_cell30'],translated,new_size_mechanism,0.05,1401,block_cell10,280,0.1807881606881332,1.4927929554459612e-15,6.188195224427102e-75,6.868586914129339e-81,0.1807881606881332,2.0080904596814812e-27,True,4.68074862845242,1.3357571940869093,0.0,0.0,0.0,1.492792962254019e-15,2.287418730283068e-15,1.492792962254019e-15,2.287418730283068e-15,1.0,0.0,0.0,0.1807881606881332,3.405051173365513e-64,4.196315962061666e-12,1.4643154219608886e-15,0.0,1.492792962254019e-15,0.0,4.196315962061666e-12,2.1689550932496786,2.0971674378961325,1.3841889314353466,1.673178991864619e-173,True,True,False,True,True,True,False,False,False,280
L160_g0p25,160,2.0,g,0.25,L160_g0p25,L160_g0p25_i3_t70p055,70.055,0.43784375,0.5,1.0,open,0.25,"['charge_density_wave', 'block_cell10', 'block_cell30']","[['charge_density_wave', 'block_cell10'], ['charge_density_wave', 'block_cell30'], ['block_cell10', 'block_cell30']]","[240, 280, 320, 360]",['block_cell30'],translated,new_size_mechanism,0.05,1401,block_cell30,280,0.19356947973421001,0.041688959118085685,4.829207761219139e-90,6.868586914129339e-81,0.1807881606881332,0.012781319046076838,True,4.730966625735164,1.3400074504315853,2.0,0.04171718896902815,0.04168093557208703,8.335036935370963e-06,1.2786665829740748e-05,8.335036935370963e-06,1.2486162486169605e-05,0.9764986942200213,4.0,5.024741318406824e-281,0.19356522974171358,3.405051173365513e-64,0.008465089145390757,0.04106610268926496,0.04167260053515166,0.0416892706090224,0.0043119799081896455,0.02124215819897116,2.173753183335066,6.522776294499636,1.3852514829486609,6.9537675812822875e-161,True,True,False,True,True,True,True,False,False,280
L160_g0p25,160,2.0,g,0.25,L160_g0p25,L160_g0p25_late,112.00,0.70,0.5,1.0,open,0.25,"['charge_density_wave', 'left', 'right', 'block_cell10', 'block_cell30']","[['charge_density_wave', 'left'], ['charge_density_wave', 'right'], ['charge_density_wave', 'block_cell10'], ['charge_density_wave', 'block_cell30'], ['left', 'right'], ['block_cell10', 'block_cell30']]","[240, 280, 320, 360]","['left', 'right', 'block_cell10', 'block_cell30']",persistence,new_size_mechanism,0.05,2240,charge_density_wave,280,0.1807881606881332,6.117502396178917e-129,0.8803861400533037,1.1524702763446202e-128,0.1807881606881332,3.068626221210461e-131,True,4.597553251311183,1.3060834761708975,0.0,0.0,0.0,9.874402838175433e-129,1.5160496792637878e-128,9.874402838175433e-129,1.5160496792637878e-128,1.0,0.0,0.0,0.1807881606881332,2.1150225140108e-112,4.3677831613065665e-108,1.5848735293054566e-124,0.0,2.1150225140108e-112,0.0,4.3677831613065665e-108,2.218996535986662,2.051743485033512,1.4490169379860163,1.4884966015243867e-237,True,True,False,True,True,True,False,False,False,280
L160_g0p25,160,2.0,g,0.25,L160_g0p25,L160_g0p25_late,112.00,0.70,0.5,1.0,open,0.25,"['charge_density_wave', 'left', 'right', 'block_cell10', 'block_cell30']","[['charge_density_wave', 'left'], ['charge_density_wave', 'right'], ['charge_density_wave', 'block_cell10'], ['charge_density_wave', 'block_cell30'], ['left', 'right'], ['block_cell10', 'block_cell30']]","[240, 280, 320, 360]","['left', 'right', 'block_cell10', 'block_cell30']",persistence,new_size_mechanism,0.05,2240,left,280,0.1807881606881332,1.0161447280797271e-41,3.261308587594549e-101,1.1524702763446202e-128,0.1807881606881332,2.5889183507696312e-52,True,4.633964980021119,1.3351458441466093,0.0,0.0,0.0,1.0161447285490471e-41,1.5577715983853496e-41,1.0161447285490471e-41,1.5577715983853496e-41,1.0,0.0,0.0,0.1807881606881332,2.1150225140108e-112,7.754401459613189e-38,9.821406504096266e-42,0.0,1.0161447285490471e-41,0.0,7.754401459613189e-38,2.20889675617218,1.980709159746766,1.3767120633274317,8.553756543332625e-171,True,True,False,True,True,True,True,False,False,280
L160_g0p25,160,2.0,g,0.25,L160_g0p25,L160_g0p25_late,112.00,0.70,0.5,1.0,open,0.25,"['charge_density_wave', 'left', 'right', 'block_cell10', 'block_cell30']","[['charge_density_wave', 'left'], ['charge_density_wave', 'right'], ['charge_density_wave', 'block_cell10'], ['charge_density_wave', 'block_cell30'], ['left', 'right'], ['block_cell10', 'block_cell30']]","[240, 280, 320, 360]","['left', 'right', 'block_cell10', 'block_cell30']",persistence,new_size_mechanism,0.05,2240,right,280,0.1807881606881332,1.6116443878313782e-26,2.0579225572610586e-122,1.1524702763446202e-128,0.1807881606881332,2.882550873027343e-50,True,4.701721521094441,1.3250163979828358,0.0,0.0,0.0,1.6116443878333137e-26,2.4294188605560557e-26,1.6116443878333137e-26,2.4294188605560557e-26,1.0,0.0,0.0,0.1807881606881332,2.1150225140108e-112,7.786170874168146e-23,1.5481021234213e-26,0.0,1.6116443878333137e-26,0.0,7.786170874168146e-23,2.2597569469362497,1.8990545235574245,1.3803649246692657,1.7913129041337515e-151,True,True,False,True,True,True,True,False,False,280
L160_g0p25,160,2.0,g,0.25,L160_g0p25,L160_g0p25_late,112.00,0.70,0.5,1.0,open,0.25,"['charge_density_wave', 'left', 'right', 'block_cell10', 'block_cell30']","[['charge_density_wave', 'left'], ['charge_density_wave', 'right'], ['charge_density_wave', 'block_cell10'], ['charge_density_wave', 'block_cell30'], ['left', 'right'], ['block_cell10', 'block_cell30']]","[240, 280, 320, 360]","['left', 'right', 'block_cell10', 'block_cell30']",persistence,new_size_mechanism,0.05,2240,block_cell10,280,0.1807881606881332,1.7968911113782942e-63,6.188195224427102e-75,1.1524702763446202e-128,0.1807881606881332,1.7262465538766848e-69,True,4.638029634952545,1.3318347316235304,0.0,0.0,0.0,1.7968911134036598e-63,2.7576238987353073e-63,1.7968911134036598e-63,2.7576238987353073e-63,1.0,0.0,0.0,0.1807881606881332,2.1150225140108e-112,2.091247793925734e-59,1.7621600654931598e-63,0.0,1.7968911134036598e-63,0.0,2.091247793925734e-59,2.167740158736706,1.9705020636320114,1.3762829322367907,8.521035520199759e-221,True,True,False,True,True,True,True,False,False,280
L160_g0p25,160,2.0,g,0.25,L160_g0p25,L160_g0p25_late,112.00,0.70,0.5,1.0,open,0.25,"['charge_density_wave', 'left', 'right', 'block_cell10', 'block_cell30']","[['charge_density_wave', 'left'], ['charge_density_wave', 'right'], ['charge_density_wave', 'block_cell10'], ['charge_density_wave', 'block_cell30'], ['left', 'right'], ['block_cell10', 'block_cell30']]","[240, 280, 320, 360]","['left', 'right', 'block_cell10', 'block_cell30']",persistence,new_size_mechanism,0.05,2240,block_cell30,280,0.1807881606881332,1.769691344075808e-50,4.829207761219139e-90,1.1524702763446202e-128,0.1807881606881332,2.062056137812459e-68,True,4.628846183419228,1.3278729636222124,0.0,0.0,0.0,1.7696913440973579e-50,2.711754001782649e-50,1.7696913440973579e-50,2.711754001782649e-50,1.0,0.0,0.0,0.1807881606881332,2.1150225140108e-112,1.6360223025423652e-46,1.7424399466358243e-50,0.0,1.7696913440973579e-50,0.0,1.6360223025423652e-46,2.1801379527896643,1.9047048408538103,1.3768802639096975,2.707945921850363e-205,True,True,False,True,True,True,True,False,False,280
L192_gL0,192,2.0,gL,0,L192_gL0,L192_gL0_i0_t100p815,100.815,0.525078125,0.5,1.0,open,0.0,"['charge_density_wave', 'left', 'right']","[['charge_density_wave', 'left'], ['charge_density_wave', 'right'], ['left', 'right']]","[240, 280, 320, 360]",['left'],edge,new_size_mechanism,0.05,2016,charge_density_wave,280,0.25494570375163744,2.7417605552821026e-117,0.9114653873461248,6.0747714092197626e-117,0.25494570375163744,1.956231890068797e-118,True,7.948448486626148,2.1906315088272095,0.0,0.0,0.0,6.981575546540353e-117,1.0543381804023582e-116,6.981575546540353e-117,1.0543381804023582e-116,1.0,0.0,0.0,0.25494570375163744,2.0982873018944256e-116,7.184853833471025e-112,4.144522752452049e-117,0.0,2.796444856548461e-116,0.0,7.184853833471025e-112,3.728166749700904,3.690313721075654,2.1398446522653103,3.312263510661694e-237,True,True,False,True,True,True,False,False,False,280
L192_gL0,192,2.0,gL,0,L192_gL0,L192_gL0_i0_t100p815,100.815,0.525078125,0.5,1.0,open,0.0,"['charge_density_wave', 'left', 'right']","[['charge_density_wave', 'left'], ['charge_density_wave', 'right'], ['left', 'right']]","[240, 280, 320, 360]",['left'],edge,new_size_mechanism,0.05,2016,left,280,0.27951441837049024,0.0610590074737188,9.904712229521011e-132,6.0747714092197626e-117,0.25494570375163744,0.02456871461885278,False,7.976208083331585,2.2143895737826824,4.0,0.06117311779587553,0.06105897853905207,3.019979468718607e-08,4.541514507367281e-08,3.019979468718607e-08,4.3931165433341236e-08,0.9673241241897553,8.0,4.072455607513272e-281,0.27951439862526944,2.0982873018944256e-116,5.309973567593867e-05,0.05914429773712287,0.061058948339257374,0.06105900873884675,0.024515595137956064,0.024621794609307943,3.701067501679063,16.04833646118641,2.1189993508160114,7.504189959244585e-113,True,False,True,False,False,True,True,False,False,280
L192_gL0,192,2.0,gL,0,L192_gL0,L192_gL0_i0_t100p815,100.815,0.525078125,0.5,1.0,open,0.0,"['charge_density_wave', 'left', 'right']","[['charge_density_wave', 'left'], ['charge_density_wave', 'right'], ['left', 'right']]","[240, 280, 320, 360]",['left'],edge,new_size_mechanism,0.05,2016,right,280,0.5474302439737686,0.29275275794148864,1.2000489097076762e-136,6.0747714092197626e-117,0.25494570375163744,0.29248454022213116,False,8.060012539848685,2.2421517726033926,4.0,0.3061662214465029,0.2927525403966791,2.7672489538461164e-07,4.3423683201683277e-07,2.7672489538461164e-07,3.7541611877080973e-07,0.8645423213576159,8.0,7.989284733760359e-281,0.5474299424478616,2.0982873018944256e-116,0.0004277124230180055,0.2820141834476456,0.2927522636717837,0.29275281712157447,0.29205652627320616,0.2929119511192422,3.6842933651059866,16.17525085620582,2.1424845587462187,1.3822541093892713e-107,True,False,True,False,False,False,False,False,False,280
L192_gL0,192,2.0,gL,0,L192_gL0,L192_gL0_i0_t100p885,100.885,0.5254427083333333333333333333,0.5,1.0,open,0.0,"['charge_density_wave', 'left', 'right']","[['charge_density_wave', 'left'], ['charge_density_wave', 'right'], ['left', 'right']]","[240, 280, 320, 360]",['left'],edge,new_size_mechanism,0.05,2018,charge_density_wave,280,0.25494570375163744,2.2781632522382298e-117,0.9114653873461248,5.047603797337425e-117,0.25494570375163744,1.624938763103481e-118,True,8.072773240506649,2.213161563500762,0.0,0.0,0.0,5.800040171500109e-117,8.759065967307839e-117,5.800040171500109e-117,8.759065967307839e-117,1.0,0.0,0.0,0.25494570375163744,1.743493250934942e-116,5.973850229464688e-112,3.443735965385938e-117,0.0,2.3234972680849527e-116,0.0,5.973850229464688e-112,3.83982752263546,4.002563206478953,2.2177908681333065,3.312263510661694e-237,True,True,False,True,True,True,False,False,False,280
L192_gL0,192,2.0,gL,0,L192_gL0,L192_gL0_i0_t100p885,100.885,0.5254427083333333333333333333,0.5,1.0,open,0.0,"['charge_density_wave', 'left', 'right']","[['charge_density_wave', 'left'], ['charge_density_wave', 'right'], ['left', 'right']]","[240, 280, 320, 360]",['left'],edge,new_size_mechanism,0.05,2018,left,280,0.2728353868575361,0.05068837622030658,9.904712229521011e-132,5.047603797337425e-117,0.25494570375163744,0.017889683105898658,False,8.170680055394769,2.217455578967929,4.0,0.05075359493702558,0.0506883521675826,2.4936827259361655e-08,3.747914754168848e-08,2.4936827259361655e-08,3.645515934197295e-08,0.9726784554377461,8.0,4.679072401636662e-281,0.27283537232098054,1.743493250934942e-116,4.430437150248477e-05,0.04909703813724746,0.050688327230755344,0.05068837710440986,0.017845364197840604,0.01793397294084557,4.201539112254977,17.76915250532329,2.226262567564845,6.236198783779129e-113,True,False,True,False,False,True,True,False,False,280
L192_gL0,192,2.0,gL,0,L192_gL0,L192_gL0_i0_t100p885,100.885,0.5254427083333333333333333333,0.5,1.0,open,0.0,"['charge_density_wave', 'left', 'right']","[['charge_density_wave', 'left'], ['charge_density_wave', 'right'], ['left', 'right']]","[240, 280, 320, 360]",['left'],edge,new_size_mechanism,0.05,2018,right,280,0.4835925711634639,0.24619409242830217,1.2000489097076762e-136,5.047603797337425e-117,0.25494570375163744,0.22864686741182644,False,8.233610015362501,2.244280008599162,4.0,0.25401225040198044,0.24619390442619413,2.2788543209945407e-07,3.5281892107240587e-07,2.2788543209945407e-07,3.115211771240729e-07,0.8829491802117445,8.0,4.319605911621657e-281,0.4835923174526163,1.743493250934942e-116,0.0003564731097923957,0.23692894719153795,0.24619367654076202,0.2461941323116262,0.2282901405911865,0.22900308681077128,3.938895745202899,17.121643770486116,2.2406530920416117,1.1628620114047034e-107,True,False,True,False,False,False,False,False,False,280
L192_gL0,192,2.0,gL,0,L192_gL0,L192_gL0_i0_t100p955,100.955,0.5258072916666666666666666667,0.5,1.0,open,0.0,"['charge_density_wave', 'left', 'right']","[['charge_density_wave', 'left'], ['charge_density_wave', 'right'], ['left', 'right']]","[240, 280, 320, 360]",['left'],edge,new_size_mechanism,0.05,2019,charge_density_wave,280,0.25494570375163744,1.892954435371786e-117,0.9114653873461248,4.1941173385102896e-117,0.25494570375163744,1.3497513429402655e-118,True,8.049744881689548,2.2016917765140533,0.0,0.0,0.0,4.8184639913017836e-117,7.2767208821169e-117,4.8184639913017836e-117,7.2767208821169e-117,1.0,0.0,0.0,0.25494570375163744,1.4486904216173142e-116,4.966958506295106e-112,2.861443429711231e-117,0.0,1.9305368207474927e-116,0.0,4.966958506295106e-112,4.061894563958049,4.018433757126331,2.1731182113289833,3.312263510661694e-237,True,True,False,True,True,True,False,False,False,280
L192_gL0,192,2.0,gL,0,L192_gL0,L192_gL0_i0_t100p955,100.955,0.5258072916666666666666666667,0.5,1.0,open,0.0,"['charge_density_wave', 'left', 'right']","[['charge_density_wave', 'left'], ['charge_density_wave', 'right'], ['left', 'right']]","[240, 280, 320, 360]",['left'],edge,new_size_mechanism,0.05,2019,left,280,0.2679303610717756,0.042071614898749096,9.904712229521011e-132,4.1941173385102896e-117,0.25494570375163744,0.01298465732013814,True,7.995586562901735,2.2391631826758385,4.0,0.042108878179719485,0.042071594915088495,2.0605834299812837e-08,3.0957689282171465e-08,2.0605834299812837e-08,3.025142189048488e-08,0.9771860430134452,8.0,2.566216976748583e-281,0.26793035041954943,1.4486904216173142e-116,3.6987027295884645e-05,0.040749727750367046,0.04207157430925419,0.04207161552092279,0.012947659640616095,0.013021633695207865,3.755290374159813,16.927770351991057,2.19702229462564,5.179832954994915e-113,True,True,False,True,True,True,True,False,False,280
L192_gL0,192,2.0,gL,0,L192_gL0,L192_gL0_i0_t100p955,100.955,0.5258072916666666666666666667,0.5,1.0,open,0.0,"['charge_density_wave', 'left', 'right']","[['charge_density_wave', 'left'], ['charge_density_wave', 'right'], ['left', 'right']]","[240, 280, 320, 360]",['left'],edge,new_size_mechanism,0.05,2019,right,280,0.4308299206608055,0.2062134740406096,1.2000489097076762e-136,4.1941173385102896e-117,0.25494570375163744,0.17588421690916806,False,8.169034276157618,2.260816927999258,4.0,0.21074279545789104,0.20621331350790587,1.8737391227799668e-07,2.873616485379197e-07,1.8737391227799668e-07,2.585013237636125e-07,0.8995679314858231,8.0,5.2527245479959553e-281,0.43082971447360263,1.4486904216173142e-116,0.00029662326881512883,0.19831167236573338,0.2062131261339936,0.20621350088181814,0.17558738745315006,0.17618063399078032,3.824157388880849,16.898463543504477,2.2110382113605738,9.448749931094201e-108,True,False,True,False,False,False,False,False,False,280
L192_gL0,192,2.0,gL,0,L192_gL0,L192_gL0_i1_t101p425,101.425,0.5282552083333333333333333333,0.5,1.0,open,0.0,"['charge_density_wave', 'left', 'right']","[['charge_density_wave', 'left'], ['charge_density_wave', 'right'], ['left', 'right']]","[240, 280, 320, 360]",['right'],edge,new_size_mechanism,0.05,2028,charge_density_wave,280,0.25494570375163744,5.45772415867944e-118,0.9114653873461248,1.2092385899520153e-117,0.25494570375163744,3.8832704282391736e-119,True,8.17967982403934,2.2325705122202635,0.0,0.0,0.0,1.3875856078920938e-117,2.095506012013102e-117,1.3875856078920938e-117,2.095506012013102e-117,1.0,0.0,0.0,0.25494570375163744,4.17683202763168e-117,1.4382783996391005e-112,8.250050103272709e-118,0.0,5.564417635523773e-117,0.0,1.4382783996391005e-112,4.1845991760492325,3.8188408575952053,2.1938699316233397,3.312263510661694e-237,True,True,False,True,True,True,False,False,False,280
L192_gL0,192,2.0,gL,0,L192_gL0,L192_gL0_i1_t101p425,101.425,0.5282552083333333333333333333,0.5,1.0,open,0.0,"['charge_density_wave', 'left', 'right']","[['charge_density_wave', 'left'], ['charge_density_wave', 'right'], ['left', 'right']]","[240, 280, 320, 360]",['right'],edge,new_size_mechanism,0.05,2028,left,280,0.25636756213800427,0.012019246082488964,9.904712229521011e-132,1.2092385899520153e-117,0.25494570375163744,0.0014218583863668357,True,8.304535141214728,2.361593084409833,4.0,0.012020108613603,0.012019240356945102,5.7978815420152656e-09,8.703916746165724e-09,5.7978815420152656e-09,8.645960409625786e-09,0.9933413498508623,8.0,1.386390155087362e-281,0.2563675609210015,4.17683202763168e-117,1.1112882058454895e-05,0.011640903088322585,0.01201923455906356,0.012019246154826644,0.0014107442873055958,0.0014329700514225056,4.050383765250444,17.028479820117354,2.3389055971056223,1.4819743601518943e-113,True,True,False,True,True,True,False,False,False,280
L192_gL0,192,2.0,gL,0,L192_gL0,L192_gL0_i1_t101p425,101.425,0.5282552083333333333333333333,0.5,1.0,open,0.0,"['charge_density_wave', 'left', 'right']","[['charge_density_wave', 'left'], ['charge_density_wave', 'right'], ['left', 'right']]","[240, 280, 320, 360]",['right'],edge,new_size_mechanism,0.05,2028,right,280,0.2788231794949522,0.06004060606862263,1.2000489097076762e-136,1.2092385899520153e-117,0.25494570375163744,0.02387747574331479,False,8.370505196973681,2.296126328408718,4.0,0.06014906999613269,0.060040557369655675,5.0758923454254866e-08,7.632124834274914e-08,5.0758923454254866e-08,7.386741631839347e-08,0.9678486387783409,8.0,3.255215462054958e-281,0.278823146619282,4.17683202763168e-117,8.671822617996627e-05,0.05765128381936224,0.06004050661073222,0.06004060812857913,0.023790724641464533,0.023964161093824467,3.8773849681019783,16.874263847246766,2.2250751573592424,2.2297845346641446e-108,True,False,True,False,False,True,True,False,False,280
L192_gL0,192,2.0,gL,0,L192_gL0,L192_gL0_i1_t101p495,101.495,0.5286197916666666666666666667,0.5,1.0,open,0.0,"['charge_density_wave', 'left', 'right']","[['charge_density_wave', 'left'], ['charge_density_wave', 'right'], ['left', 'right']]","[240, 280, 320, 360]",['right'],edge,new_size_mechanism,0.05,2030,charge_density_wave,280,0.25494570375163744,4.534891493424743e-118,0.9114653873461248,1.004771519347212e-117,0.25494570375163744,3.225634890848988e-119,True,8.138570342212915,2.2372850235551596,0.0,0.0,0.0,1.1527571824185027e-117,1.7408736885454386e-117,1.1527571824185027e-117,1.7408736885454386e-117,1.0,0.0,0.0,0.25494570375163744,3.4705821475876935e-117,1.1958527176461107e-112,6.855070162195935e-118,0.0,4.623339330006196e-117,0.0,1.1958527176461107e-112,4.263480184599757,3.9159631561487913,2.1984805688261986,3.312263510661694e-237,True,True,False,True,True,True,False,False,False,280
L192_gL0,192,2.0,gL,0,L192_gL0,L192_gL0_i1_t101p495,101.495,0.5286197916666666666666666667,0.5,1.0,open,0.0,"['charge_density_wave', 'left', 'right']","[['charge_density_wave', 'left'], ['charge_density_wave', 'right'], ['left', 'right']]","[240, 280, 320, 360]",['right'],edge,new_size_mechanism,0.05,2030,left,280,0.2559616512272389,0.009972383662987682,9.904712229521011e-132,1.004771519347212e-117,0.25494570375163744,0.0010159474756014353,True,8.223282782360911,2.2813496831804514,2.0,0.009964031765871998,0.009963537178552058,8.908436608779036e-06,1.3366923178796199e-05,8.908436608779036e-06,1.329303032675766e-05,0.9944719625414057,4.0,9.533356329071183e-282,0.2559600257512249,3.4705821475876935e-117,0.01080002468385905,0.009658444685651102,0.00995462874194328,0.009972445615160837,0.0,0.01181434668344648,3.890684973448515,12.529683588072658,2.1807521916925907,1.2296444759711892e-113,True,True,False,True,True,True,False,False,False,280
L192_gL0,192,2.0,gL,0,L192_gL0,L192_gL0_i1_t101p495,101.495,0.5286197916666666666666666667,0.5,1.0,open,0.0,"['charge_density_wave', 'left', 'right']","[['charge_density_wave', 'left'], ['charge_density_wave', 'right'], ['left', 'right']]","[240, 280, 320, 360]",['right'],edge,new_size_mechanism,0.05,2030,right,280,0.2723265076379293,0.04984165898739985,1.2000489097076762e-136,1.004771519347212e-117,0.25494570375163744,0.01738080388629187,True,8.356255359947681,2.294336086139083,4.0,0.049903642039368076,0.049841618508110155,4.1915285419735845e-08,6.298911114541986e-08,4.1915285419735845e-08,6.129601077210851e-08,0.9731207451173176,8.0,3.259759490228116e-281,0.2723264834461503,3.4705821475876935e-117,7.237977860721246e-05,0.04785602642818622,0.04984157659282473,0.04984166042339557,0.01730839991590561,0.017453159473120036,4.002608897164464,16.826507629826665,2.2048952244222164,1.852851648540966e-108,True,True,False,True,True,True,True,False,False,280
L192_gL0,192,2.0,gL,0,L192_gL0,L192_gL0_i1_t101p565,101.565,0.528984375,0.5,1.0,open,0.0,"['charge_density_wave', 'left', 'right']","[['charge_density_wave', 'left'], ['charge_density_wave', 'right'], ['left', 'right']]","[240, 280, 320, 360]",['right'],edge,new_size_mechanism,0.05,2031,charge_density_wave,280,0.25494570375163744,3.7680982510688298e-118,0.9114653873461248,8.348772644870408e-118,0.25494570375163744,2.6793711952102566e-119,True,8.011477082967758,2.1771795880049467,0.0,0.0,0.0,9.576701323008834e-118,1.4462576434584798e-117,9.576701323008834e-118,1.4462576434584798e-117,1.0,0.0,0.0,0.25494570375163744,2.8837502594003164e-117,9.942881023608261e-113,5.695963823296995e-118,0.0,3.8414203917012e-117,0.0,9.942881023608261e-113,4.17592728883028,4.008622087538242,2.189138935878873,3.312263510661694e-237,True,True,False,True,True,True,False,False,False,280
L192_gL0,192,2.0,gL,0,L192_gL0,L192_gL0_i1_t101p565,101.565,0.528984375,0.5,1.0,open,0.0,"['charge_density_wave', 'left', 'right']","[['charge_density_wave', 'left'], ['charge_density_wave', 'right'], ['left', 'right']]","[240, 280, 320, 360]",['right'],edge,new_size_mechanism,0.05,2031,left,280,0.2556706418896578,0.008274053809939614,9.904712229521011e-132,8.348772644870408e-118,0.25494570375163744,0.0007249381380203738,True,8.091781375929713,2.205040892586112,2.0,0.008266995510072227,0.008266713028026645,7.38497511783361e-06,1.1080933620093333e-05,7.38497511783361e-06,1.1030046955113796e-05,0.9954077276586818,4.0,1.16106275535501e-281,0.2556694774413144,2.8837502594003164e-117,0.009086042801071613,0.008013560516547289,0.008259328052908813,0.00827409800314448,0.0,0.009809816490748587,4.2555051147937775,12.397546915337443,2.191646359860897,1.0202592058499852e-113,True,True,False,True,True,True,False,False,False,280
L192_gL0,192,2.0,gL,0,L192_gL0,L192_gL0_i1_t101p565,101.565,0.528984375,0.5,1.0,open,0.0,"['charge_density_wave', 'left', 'right']","[['charge_density_wave', 'left'], ['charge_density_wave', 'right'], ['left', 'right']]","[240, 280, 320, 360]",['right'],edge,new_size_mechanism,0.05,2031,right,280,0.2675574587447627,0.041368013910354724,1.2000489097076762e-136,8.348772644870408e-118,0.25494570375163744,0.012611754993125241,True,8.153269873932004,2.2613520305603743,4.0,0.04140342249180057,0.04136798028098,3.463705606568348e-08,5.2031881289016037e-08,3.463705606568348e-08,5.0864179263577574e-08,0.977557951077103,8.0,7.096339302884807e-281,0.2675574410245136,2.8837502594003164e-117,6.044584718862122e-05,0.039718694135815955,0.04136794564392394,0.041368014918036065,0.012551291425687516,0.012672183120064757,3.992146361619234,17.34388829767704,2.2471154052764177,1.5388952711993677e-108,True,True,False,True,True,True,True,False,False,280
L192_gL0,192,2.0,gL,0,L192_gL0,L192_gL0_i2_t76p325,76.325,0.3975260416666666666666666667,0.5,1.0,open,0.0,"['charge_density_wave', 'block_cell12', 'block_cell36']","[['charge_density_wave', 'block_cell12'], ['charge_density_wave', 'block_cell36'], ['block_cell12', 'block_cell36']]","[240, 280, 320, 360]",['block_cell12'],translated,new_size_mechanism,0.05,1526,charge_density_wave,280,0.25494570375163744,3.820991611708396e-89,0.9114653873461248,8.465965619410712e-89,0.25494570375163744,3.1030663721061473e-90,True,8.271401353180408,2.2142646852880716,0.0,0.0,0.0,1.0458266814530445e-88,1.5788703431153e-88,1.0458266814530445e-88,1.5788703431153e-88,1.0,0.0,0.0,0.25494570375163744,2.9242298945641914e-88,7.73018877770003e-84,5.775918922294244e-89,0.0,3.970056576017236e-88,0.0,7.73018877770003e-84,3.9703915547579527,3.919295957311988,2.205949179828167,3.312263510661694e-237,True,True,False,True,True,True,False,False,False,280
L192_gL0,192,2.0,gL,0,L192_gL0,L192_gL0_i2_t76p325,76.325,0.3975260416666666666666666667,0.5,1.0,open,0.0,"['charge_density_wave', 'block_cell12', 'block_cell36']","[['charge_density_wave', 'block_cell12'], ['charge_density_wave', 'block_cell36'], ['block_cell12', 'block_cell36']]","[240, 280, 320, 360]",['block_cell12'],translated,new_size_mechanism,0.05,1526,block_cell12,280,0.2794814807667117,0.061010728250421274,1.3310762932503163e-97,8.465965619410712e-89,0.25494570375163744,0.02453577701507425,False,8.318663500249386,2.331581151112914,4.0,0.06112459479327724,0.06101072642450151,2.0419526169331456e-09,3.083116774077671e-09,2.0419526169331456e-09,2.981535966959042e-09,0.9670525592891248,8.0,9.678742990693647e-281,0.27948147952131425,2.9242298945641914e-88,4.118411159518556e-06,0.060041287775010097,0.0610107243825489,0.06101072846645413,0.024531657358517287,0.024539894180836325,4.0156213734298944,17.149569226428866,2.214065158739686,4.759692990886124e-146,True,False,True,False,False,True,True,False,False,280
L192_gL0,192,2.0,gL,0,L192_gL0,L192_gL0_i2_t76p325,76.325,0.3975260416666666666666666667,0.5,1.0,open,0.0,"['charge_density_wave', 'block_cell12', 'block_cell36']","[['charge_density_wave', 'block_cell12'], ['charge_density_wave', 'block_cell36'], ['block_cell12', 'block_cell36']]","[240, 280, 320, 360]",['block_cell12'],translated,new_size_mechanism,0.05,1526,block_cell36,280,0.9313777056947011,0.6394026147633107,1.420052457457557e-100,8.465965619410712e-89,0.25494570375163744,0.6764320019430636,False,8.382369143888354,2.288793271407485,4.0,0.8316111263461741,0.6394025987821511,4.0487393891601214e-08,7.607494382799299e-08,4.0487393891601214e-08,5.704331461205951e-08,0.7498305189818558,8.0,7.088502277352037e-281,0.9313776981563128,2.9242298945641914e-88,7.00487954823782e-05,0.6324411544888341,0.6394025582947572,0.639402639269545,0.6763619456091929,0.6765020432001577,4.125603646039963,17.558164674788713,2.266511434689164,5.120100477756936e-143,True,False,True,False,False,False,False,False,False,280
L192_gL0,192,2.0,gL,0,L192_gL0,L192_gL0_i2_t76p395,76.395,0.397890625,0.5,1.0,open,0.0,"['charge_density_wave', 'block_cell12', 'block_cell36']","[['charge_density_wave', 'block_cell12'], ['charge_density_wave', 'block_cell36'], ['block_cell12', 'block_cell36']]","[240, 280, 320, 360]",['block_cell12'],translated,new_size_mechanism,0.05,1528,charge_density_wave,280,0.25494570375163744,3.1749098804906185e-89,0.9114653873461248,7.034477074118276e-89,0.25494570375163744,2.577266188355968e-90,True,8.061803307384253,2.2786090411245823,0.0,0.0,0.0,8.687828075637197e-89,1.3115911951226965e-88,8.687828075637197e-89,1.3115911951226965e-88,1.0,0.0,0.0,0.25494570375163744,2.4297793160888063e-88,6.428572469268188e-84,4.79928351559653e-89,0.0,3.298562123652526e-88,0.0,6.428572469268188e-84,4.124545847997069,4.1201549507677555,2.251230599358678,3.312263510661694e-237,True,True,False,True,True,True,False,False,False,280
L192_gL0,192,2.0,gL,0,L192_gL0,L192_gL0_i2_t76p395,76.395,0.397890625,0.5,1.0,open,0.0,"['charge_density_wave', 'block_cell12', 'block_cell36']","[['charge_density_wave', 'block_cell12'], ['charge_density_wave', 'block_cell36'], ['block_cell12', 'block_cell36']]","[240, 280, 320, 360]",['block_cell12'],translated,new_size_mechanism,0.05,1528,block_cell12,280,0.2728181566042221,0.050659860931344135,1.3310762932503163e-97,7.034477074118276e-89,0.25494570375163744,0.01787245285258463,False,8.123502843081951,2.2605534717440605,4.0,0.05072499208082294,0.050659859413035545,1.6862900462832562e-09,2.5448296986866056e-09,1.6862900462832562e-09,2.4747097004385686e-09,0.9724460940218412,8.0,1.344112812556969e-280,0.27281815568695067,2.4297793160888063e-88,3.4320564802040183e-06,0.049853940731932354,0.0506598577267455,0.05065986109932559,0.01786901987883302,0.017875883991793427,3.845451220870018,17.28918575681746,2.200089868158102,3.9565452842712662e-146,True,False,True,False,False,True,True,False,False,280
L192_gL0,192,2.0,gL,0,L192_gL0,L192_gL0_i2_t76p395,76.395,0.397890625,0.5,1.0,open,0.0,"['charge_density_wave', 'block_cell12', 'block_cell36']","[['charge_density_wave', 'block_cell12'], ['charge_density_wave', 'block_cell36'], ['block_cell12', 'block_cell36']]","[240, 280, 320, 360]",['block_cell12'],translated,new_size_mechanism,0.05,1528,block_cell36,280,0.8837660366034311,0.5679866628099376,1.420052457457557e-100,7.034477074118276e-89,0.25494570375163744,0.6288203328517937,False,8.271217446774244,2.2551497910171747,4.0,0.6901100628283239,0.5679866465388438,3.45715270068127e-08,6.147115788465936e-08,3.45715270068127e-08,4.734544067210025e-08,0.7702057729404785,8.0,7.22176963820291e-281,0.8837660228910114,2.4297793160888063e-88,6.033777589991066e-05,0.5609172042564076,0.5679866119673168,0.5679866811103708,0.628759981363474,0.6288806569152738,3.8189533837139606,17.178525125607848,2.241054054349661,5.1870328198941115e-143,True,False,True,False,False,False,False,False,False,280
L192_gL0,192,2.0,gL,0,L192_gL0,L192_gL0_i2_t76p465,76.465,0.3982552083333333333333333333,0.5,1.0,open,0.0,"['charge_density_wave', 'block_cell12', 'block_cell36']","[['charge_density_wave', 'block_cell12'], ['charge_density_wave', 'block_cell36'], ['block_cell12', 'block_cell36']]","[240, 280, 320, 360]",['block_cell12'],translated,new_size_mechanism,0.05,1529,charge_density_wave,280,0.25494570375163744,2.6380724622240362e-89,0.9114653873461248,5.8450352778233976e-89,0.25494570375163744,2.1405613045496455e-90,True,7.9551310036331415,2.2371457405388355,0.0,0.0,0.0,7.217101555606158e-89,1.0895586549524167e-88,7.217101555606158e-89,1.0895586549524167e-88,1.0,0.0,0.0,0.25494570375163744,2.0189341254829272e-88,5.346119438626141e-84,3.9877849001951784e-89,0.0,2.740644281043543e-88,0.0,5.346119438626141e-84,4.140231132507324,3.9769398160278797,2.2371621150523424,3.312263510661694e-237,True,True,False,True,True,True,False,False,False,280
L192_gL0,192,2.0,gL,0,L192_gL0,L192_gL0_i2_t76p465,76.465,0.3982552083333333333333333333,0.5,1.0,open,0.0,"['charge_density_wave', 'block_cell12', 'block_cell36']","[['charge_density_wave', 'block_cell12'], ['charge_density_wave', 'block_cell36'], ['block_cell12', 'block_cell36']]","[240, 280, 320, 360]",['block_cell12'],translated,new_size_mechanism,0.05,1529,block_cell12,280,0.2679228808253022,0.04205758018033475,1.3310762932503163e-97,5.8450352778233976e-89,0.25494570375163744,0.01297717707366475,True,8.02221686206758,2.209288764744997,2.0,0.04208528165287842,0.04204806097496413,9.942003611575634e-06,1.4998007951497756e-05,9.942003611575634e-06,1.4652941292841559e-05,0.9769925006192748,4.0,3.394174002720612e-281,0.2679178081869441,2.0189341254829272e-88,0.011948287548050676,0.04138795366345934,0.04203811897135255,0.042058002978575704,0.0010238168872559624,0.024920391983357312,4.064648102968931,12.548823995515704,2.251186152920127,3.287205003972709e-146,True,True,False,True,True,True,True,False,False,280
L192_gL0,192,2.0,gL,0,L192_gL0,L192_gL0_i2_t76p465,76.465,0.3982552083333333333333333333,0.5,1.0,open,0.0,"['charge_density_wave', 'block_cell12', 'block_cell36']","[['charge_density_wave', 'block_cell12'], ['charge_density_wave', 'block_cell36'], ['block_cell12', 'block_cell36']]","[240, 280, 320, 360]",['block_cell12'],translated,new_size_mechanism,0.05,1529,block_cell36,280,0.8139286908852672,0.49696182443602865,1.420052457457557e-100,5.8450352778233976e-89,0.25494570375163744,0.5589829871336297,False,8.08250493556261,2.2156159803271294,4.0,0.5726868026145568,0.49696180860581,2.9161798284612677e-08,4.9626873603861264e-08,2.9161798284612677e-08,3.929634260643363e-08,0.7918359500159232,8.0,7.675151712741892e-281,0.8139286733436324,2.0189341254829272e-88,5.137256116147092e-05,0.49009963578757454,0.4969617794440117,0.49696183776760827,0.5589315970308335,0.5590343421531565,4.123620690777898,17.331679636612535,2.2829071171581745,5.493001126248137e-143,True,False,True,False,False,False,False,False,False,280
L192_gL0,192,2.0,gL,0,L192_gL0,L192_gL0_i3_t77p305,77.305,0.4026302083333333333333333333,0.5,1.0,open,0.0,"['charge_density_wave', 'block_cell12', 'block_cell36']","[['charge_density_wave', 'block_cell12'], ['charge_density_wave', 'block_cell36'], ['block_cell12', 'block_cell36']]","[240, 280, 320, 360]",['block_cell36'],translated,new_size_mechanism,0.05,1546,charge_density_wave,280,0.25494570375163744,2.857265109407374e-90,0.9114653873461248,6.33068863790813e-90,0.25494570375163744,2.3065482163840392e-91,True,7.976127119734883,2.231278920546174,0.0,0.0,0.0,7.794523576685157e-90,1.1767483196251208e-89,7.794523576685157e-90,1.1767483196251208e-89,1.0,0.0,0.0,0.25494570375163744,2.1866836933171253e-89,5.849279948555591e-85,4.31912270125566e-90,0.0,2.9661360509856407e-89,0.0,5.849279948555591e-85,4.168630335479975,3.954801321029663,2.2369194366037846,3.312263510661694e-237,True,True,False,True,True,True,False,False,False,280
L192_gL0,192,2.0,gL,0,L192_gL0,L192_gL0_i3_t77p305,77.305,0.4026302083333333333333333333,0.5,1.0,open,0.0,"['charge_density_wave', 'block_cell12', 'block_cell36']","[['charge_density_wave', 'block_cell12'], ['charge_density_wave', 'block_cell36'], ['block_cell12', 'block_cell36']]","[240, 280, 320, 360]",['block_cell36'],translated,new_size_mechanism,0.05,1546,block_cell12,280,0.25518394566576186,0.0044911837599018725,1.3310762932503163e-97,6.33068863790813e-90,0.25494570375163744,0.00023824191412441718,True,7.923288552090526,2.238753564655781,2.0,0.004490209398152571,0.004490164133080019,1.0408918639994913e-06,1.5689948243069129e-06,1.0408918639994913e-06,1.5650354767682648e-06,0.9974765069474356,4.0,3.531089633555465e-281,0.2551838466581665,2.1866836933171253e-89,0.0014764442007868406,0.0044195126744030035,0.004489123241216019,0.004491205024944018,0.0,0.001714587107315894,4.015268925577402,12.644371530041099,2.198925582692027,3.5161178243709436e-147,True,True,False,True,True,True,False,False,False,280
L192_gL0,192,2.0,gL,0,L192_gL0,L192_gL0_i3_t77p305,77.305,0.4026302083333333333333333333,0.5,1.0,open,0.0,"['charge_density_wave', 'block_cell12', 'block_cell36']","[['charge_density_wave', 'block_cell12'], ['charge_density_wave', 'block_cell36'], ['block_cell12', 'block_cell36']]","[240, 280, 320, 360]",['block_cell36'],translated,new_size_mechanism,0.05,1546,block_cell36,280,0.2794570980664519,0.06097497298271547,1.420052457457557e-100,6.33068863790813e-90,0.25494570375163744,0.02451139431481446,False,7.9565198086202145,2.1994537860155106,4.0,0.06108863831654852,0.06097497040507737,2.8764826067402357e-09,4.343359785210728e-09,2.8764826067402357e-09,4.200324590675843e-09,0.9670680759577126,8.0,2.945160128385797e-281,0.2794570963089947,2.1866836933171253e-89,5.706950035122934e-06,0.0598678019558962,0.06097496752859476,0.06097497328155998,0.024505685607322112,0.024517099507392358,4.061387298628688,17.353486452251673,2.1921298503875732,8.048739710275131e-144,True,False,True,False,False,True,True,False,False,280
L192_gL0,192,2.0,gL,0,L192_gL0,L192_gL0_i3_t77p375,77.375,0.4029947916666666666666666667,0.5,1.0,open,0.0,"['charge_density_wave', 'block_cell12', 'block_cell36']","[['charge_density_wave', 'block_cell12'], ['charge_density_wave', 'block_cell36'], ['block_cell12', 'block_cell36']]","[240, 280, 320, 360]",['block_cell36'],translated,new_size_mechanism,0.05,1548,charge_density_wave,280,0.25494570375163744,2.3741374357486787e-90,0.9114653873461248,5.260248634206668e-90,0.25494570375163744,1.915725490808606e-91,True,8.046739794313908,2.2873929124325514,0.0,0.0,0.0,6.475039632644221e-90,9.775454409056953e-90,6.475039632644221e-90,9.775454409056953e-90,1.0,0.0,0.0,0.25494570375163744,1.8169429218705354e-89,4.86432149080884e-85,3.5888132539335295e-90,0.0,2.4644468851349576e-89,0.0,4.86432149080884e-85,4.147738106548786,3.8869222290813923,2.1658165752887726,3.312263510661694e-237,True,True,False,True,True,True,False,False,False,280
L192_gL0,192,2.0,gL,0,L192_gL0,L192_gL0_i3_t77p375,77.375,0.4029947916666666666666666667,0.5,1.0,open,0.0,"['charge_density_wave', 'block_cell12', 'block_cell36']","[['charge_density_wave', 'block_cell12'], ['charge_density_wave', 'block_cell36'], ['block_cell12', 'block_cell36']]","[240, 280, 320, 360]",['block_cell36'],translated,new_size_mechanism,0.05,1548,block_cell12,280,0.25511496350250046,0.003727161068843713,1.3310762932503163e-97,5.260248634206668e-90,0.25494570375163744,0.0001692597508629757,True,8.092291941866279,2.3151052221655846,2.0,0.003726340672538929,0.003726314801542744,8.635210768178031e-07,1.3016345649046913e-06,8.635210768178031e-07,1.2989071516254258e-06,0.9979046244216284,4.0,8.381314767185257e-281,0.25511489295515805,1.8169429218705354e-89,0.0012403407097734919,0.003667679187856376,0.0037254512804659264,0.003727178322619562,0.0,0.0014095299132940516,3.9101261403411627,12.672554874792695,2.2251255214214325,2.917984811828978e-147,True,True,False,True,True,True,False,False,False,280
L192_gL0,192,2.0,gL,0,L192_gL0,L192_gL0_i3_t77p375,77.375,0.4029947916666666666666666667,0.5,1.0,open,0.0,"['charge_density_wave', 'block_cell12', 'block_cell36']","[['charge_density_wave', 'block_cell12'], ['charge_density_wave', 'block_cell36'], ['block_cell12', 'block_cell36']]","[240, 280, 320, 360]",['block_cell36'],translated,new_size_mechanism,0.05,1548,block_cell36,280,0.27280036762225973,0.05063040994310261,1.420052457457557e-100,5.260248634206668e-90,0.25494570375163744,0.017854663870622296,False,8.208105372264981,2.3467348776757717,4.0,0.050695426791173885,0.05063040779974673,2.37545484622237e-09,3.5850287145625535e-09,2.37545484622237e-09,3.4862936712462394e-09,0.9724590648562318,8.0,9.801152653752924e-281,0.27280036632787263,1.8169429218705354e-89,4.7565523066279656e-06,0.04970999634208123,0.05063040542429188,0.050630410175201576,0.017849906023928535,0.01785941912854179,4.030992239713669,17.507822452113032,2.210814179852605,6.690570767753128e-144,True,False,True,False,False,True,True,False,False,280
L192_gL0,192,2.0,gL,0,L192_gL0,L192_gL0_i3_t77p445,77.445,0.403359375,0.5,1.0,open,0.0,"['charge_density_wave', 'block_cell12', 'block_cell36']","[['charge_density_wave', 'block_cell12'], ['charge_density_wave', 'block_cell36'], ['block_cell12', 'block_cell36']]","[240, 280, 320, 360]",['block_cell36'],translated,new_size_mechanism,0.05,1549,charge_density_wave,280,0.25494570375163744,1.9727005888481888e-90,0.9114653873461248,4.370806601983867e-90,0.25494570375163744,1.5911246233385388e-91,True,8.11630148254335,2.4481515660881996,0.0,0.0,0.0,5.378923683163269e-90,8.120642972425896e-90,5.378923683163269e-90,8.120642972425896e-90,1.0,0.0,0.0,0.25494570375163744,1.5097206749310441e-89,4.0452168788346396e-85,2.9819899693668346e-90,0.0,2.047613043247371e-89,0.0,4.0452168788346396e-85,3.9558112546801567,3.9024991504848003,2.2280207835137844,3.312263510661694e-237,True,True,False,True,True,True,False,False,False,280
L192_gL0,192,2.0,gL,0,L192_gL0,L192_gL0_i3_t77p445,77.445,0.403359375,0.5,1.0,open,0.0,"['charge_density_wave', 'block_cell12', 'block_cell36']","[['charge_density_wave', 'block_cell12'], ['charge_density_wave', 'block_cell36'], ['block_cell12', 'block_cell36']]","[240, 280, 320, 360]",['block_cell36'],translated,new_size_mechanism,0.05,1549,block_cell12,280,0.2550658423664895,0.0030931128992373277,1.3310762932503163e-97,4.370806601983867e-90,0.25494570375163744,0.00012013861485201782,True,8.174872130155563,2.399322211742401,2.0,0.003092425304021439,0.003092410517550153,7.164272476204384e-07,1.0799131905818517e-06,7.164272476204384e-07,1.0780344357658075e-06,0.9982602723696411,4.0,2.417191958898884e-281,0.2550657921543055,1.5097206749310441e-89,0.0010419022399138895,0.0030437472562021197,0.003091694090302533,0.0030931269447977737,0.0,0.0011619906425819485,4.038440333679318,12.831115869805217,2.229248298332095,2.4215982900402298e-147,True,True,False,True,True,True,False,False,False,280
L192_gL0,192,2.0,gL,0,L192_gL0,L192_gL0_i3_t77p445,77.445,0.403359375,0.5,1.0,open,0.0,"['charge_density_wave', 'block_cell12', 'block_cell36']","[['charge_density_wave', 'block_cell12'], ['charge_density_wave', 'block_cell36'], ['block_cell12', 'block_cell36']]","[240, 280, 320, 360]",['block_cell36'],translated,new_size_mechanism,0.05,1549,block_cell36,280,0.2679099633275632,0.042033336544068864,1.420052457457557e-100,4.370806601983867e-90,0.25494570375163744,0.012964259575925787,True,8.364693528041244,2.2756797838956118,4.0,0.042070516313160854,0.042033334762786756,1.9631614630323035e-09,2.9617734616794404e-09,1.9631614630323035e-09,2.8936474898186576e-09,0.97699825029084,8.0,5.166480588025984e-281,0.2679099623786422,1.5097206749310441e-89,3.966913504547855e-06,0.04126858236403148,0.04203333279962529,0.042033336725948216,0.012960291713500167,0.012968225540509262,4.102903949096799,17.46782411634922,2.2779530100524426,5.558699772183919e-144,True,True,False,True,True,True,True,False,False,280
L192_gL0,192,2.0,gL,0,L192_gL0,L192_gL0_late,134.40,0.70,0.5,1.0,open,0.0,"['charge_density_wave', 'left', 'right', 'block_cell12', 'block_cell36']","[['charge_density_wave', 'left'], ['charge_density_wave', 'right'], ['charge_density_wave', 'block_cell12'], ['charge_density_wave', 'block_cell36'], ['left', 'right'], ['block_cell12', 'block_cell36']]","[240, 280, 320, 360]","['left', 'right', 'block_cell12', 'block_cell36']",persistence,new_size_mechanism,0.05,2688,charge_density_wave,280,0.25494570375163744,6.947369031048094e-156,0.9114653873461248,1.5392911929454534e-155,0.25494570375163744,4.350933794975655e-157,True,8.31739948131144,2.423201674595475,0.0,0.0,0.0,1.643602606026647e-155,2.4827512596268483e-155,1.643602606026647e-155,2.4827512596268483e-155,1.0,0.0,0.0,0.25494570375163744,5.316867000416414e-155,2.382198058586449e-150,1.0501839397823335e-155,0.0,6.960469606443061e-155,0.0,2.382198058586449e-150,4.113042656332254,3.8036916200071573,2.2091081850230694,3.312263510661694e-237,True,True,False,True,True,True,False,False,False,280
L192_gL0,192,2.0,gL,0,L192_gL0,L192_gL0_late,134.40,0.70,0.5,1.0,open,0.0,"['charge_density_wave', 'left', 'right', 'block_cell12', 'block_cell36']","[['charge_density_wave', 'left'], ['charge_density_wave', 'right'], ['charge_density_wave', 'block_cell12'], ['charge_density_wave', 'block_cell36'], ['left', 'right'], ['block_cell12', 'block_cell36']]","[240, 280, 320, 360]","['left', 'right', 'block_cell12', 'block_cell36']",persistence,new_size_mechanism,0.05,2688,left,280,0.25494570375163744,8.659609140898558e-41,9.904712229521011e-132,1.5392911929454534e-155,0.25494570375163744,8.706343718153865e-62,True,8.496722830459476,2.5271289441734552,0.0,0.0,0.0,8.659609141007072e-41,1.302042522231571e-40,8.659609141007072e-41,1.302042522231571e-40,1.0,0.0,0.0,0.25494570375163744,5.316867000416414e-155,7.751859244180802e-37,8.383111648445341e-41,0.0,8.659609141007072e-41,0.0,7.751859244180802e-37,4.0441931784152985,3.8507597148418427,2.2420232370495796,9.452482890089116e-148,True,True,False,True,True,True,True,False,False,280
L192_gL0,192,2.0,gL,0,L192_gL0,L192_gL0_late,134.40,0.70,0.5,1.0,open,0.0,"['charge_density_wave', 'left', 'right', 'block_cell12', 'block_cell36']","[['charge_density_wave', 'left'], ['charge_density_wave', 'right'], ['charge_density_wave', 'block_cell12'], ['charge_density_wave', 'block_cell36'], ['left', 'right'], ['block_cell12', 'block_cell36']]","[240, 280, 320, 360]","['left', 'right', 'block_cell12', 'block_cell36']",persistence,new_size_mechanism,0.05,2688,right,280,0.25494570375163744,4.305897143227636e-40,1.2000489097076762e-136,1.5392911929454534e-155,0.25494570375163744,2.4548292699267275e-61,True,8.524993523955345,2.470035970211029,0.0,0.0,0.0,4.305897143283528e-40,6.4739531305437526e-40,4.305897143283528e-40,6.4739531305437526e-40,1.0,0.0,0.0,0.25494570375163744,5.316867000416414e-155,3.788228473558188e-36,4.1317635262951056e-40,0.0,4.305897143283528e-40,0.0,3.788228473558188e-36,3.926619738340378,3.9485406037420034,2.171922856941819,1.3952223011676684e-142,True,True,False,True,True,True,True,False,False,280
L192_gL0,192,2.0,gL,0,L192_gL0,L192_gL0_late,134.40,0.70,0.5,1.0,open,0.0,"['charge_density_wave', 'left', 'right', 'block_cell12', 'block_cell36']","[['charge_density_wave', 'left'], ['charge_density_wave', 'right'], ['charge_density_wave', 'block_cell12'], ['charge_density_wave', 'block_cell36'], ['left', 'right'], ['block_cell12', 'block_cell36']]","[240, 280, 320, 360]","['left', 'right', 'block_cell12', 'block_cell36']",persistence,new_size_mechanism,0.05,2688,block_cell12,280,0.25494570375163744,5.486236564444809e-69,1.3310762932503163e-97,1.5392911929454534e-155,0.25494570375163744,2.142647295648461e-82,True,8.378379538655281,2.287740558385849,0.0,0.0,0.0,5.486236564889489e-69,8.281159428044343e-69,5.486236564889489e-69,8.281159428044343e-69,1.0,0.0,0.0,0.25494570375163744,5.316867000416414e-155,8.330799955994238e-65,5.396998344248729e-69,0.0,5.486236564889489e-69,0.0,8.330799955994238e-65,3.8197834081947803,4.027403900399804,2.2535037603229284,6.479050488106851e-209,True,True,False,True,True,True,True,False,False,280
L192_gL0,192,2.0,gL,0,L192_gL0,L192_gL0_late,134.40,0.70,0.5,1.0,open,0.0,"['charge_density_wave', 'left', 'right', 'block_cell12', 'block_cell36']","[['charge_density_wave', 'left'], ['charge_density_wave', 'right'], ['charge_density_wave', 'block_cell12'], ['charge_density_wave', 'block_cell36'], ['left', 'right'], ['block_cell12', 'block_cell36']]","[240, 280, 320, 360]","['left', 'right', 'block_cell12', 'block_cell36']",persistence,new_size_mechanism,0.05,2688,block_cell36,280,0.25494570375163744,7.411008441475583e-68,1.420052457457557e-100,1.5392911929454534e-155,0.25494570375163744,1.26426098525524e-81,True,8.262151451781392,2.2943279445171356,0.0,0.0,0.0,7.411008442086403e-68,1.1186486172064596e-67,7.411008442086403e-68,1.1186486172064596e-67,1.0,0.0,0.0,0.25494570375163744,5.316867000416414e-155,1.1068334216717602e-63,7.2735642746940735e-68,0.0,7.411008442086403e-68,0.0,1.1068334216717602e-63,4.06747911311686,3.870114102959633,2.191734328866005,1.4562781862992609e-205,True,True,False,True,True,True,True,False,False,280
L192_gL2,192,2.0,gL,2,L192_gL2,L192_gL2_i0_t100p485,100.485,0.523359375,0.5,1.0,open,0.010416666666666666,"['charge_density_wave', 'left', 'right']","[['charge_density_wave', 'left'], ['charge_density_wave', 'right'], ['left', 'right']]","[240, 280, 320, 360]",['left'],edge,new_size_mechanism,0.05,2010,charge_density_wave,280,0.2514552387737506,6.638166840072407e-117,0.9103857570388639,1.4605934740518357e-116,0.2514552387737506,4.712889675362929e-118,True,8.447119504213333,2.3723575361073017,0.0,0.0,0.0,1.6721851062799527e-116,2.5253507990113673e-116,1.6721851062799527e-116,2.5253507990113673e-116,1.0,0.0,0.0,0.2514552387737506,3.18615737906151e-115,8.524080989637507e-111,1.0546434715735345e-116,0.0,3.353375889689505e-115,0.0,8.524080989637507e-111,3.9796851705759764,3.77926679700613,2.203571707010269,4.424482425481217e-237,True,True,False,True,True,True,False,False,False,280
L192_gL2,192,2.0,gL,2,L192_gL2,L192_gL2_i0_t100p485,100.485,0.523359375,0.5,1.0,open,0.010416666666666666,"['charge_density_wave', 'left', 'right']","[['charge_density_wave', 'left'], ['charge_density_wave', 'right'], ['left', 'right']]","[240, 280, 320, 360]",['left'],edge,new_size_mechanism,0.05,2010,left,280,0.27569909605025433,0.06058176427455806,2.555148731465735e-131,1.4605934740518357e-116,0.2514552387737506,0.024243857276503734,False,8.50089094787836,2.464481320232153,4.0,0.06069321427133583,0.06058173539243607,3.01483583896718e-08,4.534988804761636e-08,3.01483583896718e-08,4.3878315762173655e-08,0.9675506964008912,8.0,2.6472652708075115e-281,0.2756990764398169,3.18615737906151e-115,5.301422987061372e-05,0.058679124239566276,0.060581705244077674,0.060581765540794454,0.024190823436195653,0.024296851895936878,3.825348248705268,16.496037444099784,2.1574655789881945,8.704887817107793e-113,True,False,True,False,False,True,True,False,False,280
L192_gL2,192,2.0,gL,2,L192_gL2,L192_gL2_i0_t100p485,100.485,0.523359375,0.5,1.0,open,0.010416666666666666,"['charge_density_wave', 'left', 'right']","[['charge_density_wave', 'left'], ['charge_density_wave', 'right'], ['left', 'right']]","[240, 280, 320, 360]",['left'],edge,new_size_mechanism,0.05,2010,right,280,0.8014329005738623,0.8723268336410381,4.489499434812732e-137,1.4605934740518357e-116,0.2514552387737506,0.5499776618001117,False,8.651054440066218,2.612809229642153,4.0,1.784178232622471,0.8723266655627563,1.0252862094491187e-06,3.121643111526259e-06,1.0252862094491187e-06,2.1683952319040777e-06,0.6946326515986283,8.0,1.5998139869148434e-280,0.8014332401135067,3.18615737906151e-115,0.0014557953495219814,0.863624561665489,0.8723256402765468,0.8723276908489658,0.548522205990234,0.551433796689278,3.8801610320806503,16.80296248011291,2.203428030014038,1.5722824712430757e-107,True,False,True,False,False,False,False,False,False,280
L192_gL2,192,2.0,gL,2,L192_gL2,L192_gL2_i0_t100p555,100.555,0.5237239583333333333333333333,0.5,1.0,open,0.010416666666666666,"['charge_density_wave', 'left', 'right']","[['charge_density_wave', 'left'], ['charge_density_wave', 'right'], ['left', 'right']]","[240, 280, 320, 360]",['left'],edge,new_size_mechanism,0.05,2011,charge_density_wave,280,0.2514552387737506,5.5157517840345e-117,0.9103857570388639,1.2136289146593308e-116,0.2514552387737506,3.914744728231132e-118,True,8.203111642971635,2.3189113344997168,0.0,0.0,0.0,1.3891937927288942e-116,2.0979759412577476e-116,1.3891937927288942e-116,2.0979759412577476e-116,1.0,0.0,0.0,0.2514552387737506,2.6474181499335046e-115,7.087657666762665e-111,8.763164954441359e-117,0.0,2.786337529206394e-115,0.0,7.087657666762665e-111,4.333777327090502,4.327867729589343,2.3050527572631836,4.424482425481217e-237,True,True,False,True,True,True,False,False,False,280
L192_gL2,192,2.0,gL,2,L192_gL2,L192_gL2_i0_t100p555,100.555,0.5237239583333333333333333333,0.5,1.0,open,0.010416666666666666,"['charge_density_wave', 'left', 'right']","[['charge_density_wave', 'left'], ['charge_density_wave', 'right'], ['left', 'right']]","[240, 280, 320, 360]",['left'],edge,new_size_mechanism,0.05,2011,left,280,0.26910750221841556,0.050294515923866114,2.555148731465735e-131,1.2136289146593308e-116,0.2514552387737506,0.01765226344466495,False,8.29175734706223,2.423616027459502,4.0,0.05035822371047264,0.050294491914192836,2.4896419170945974e-08,3.742874512983877e-08,2.4896419170945974e-08,3.6413234627582624e-08,0.9728681659314685,8.0,4.0708720479798764e-281,0.269107487782853,2.6474181499335046e-115,4.4236455925034266e-05,0.04871316464783365,0.05029446701777366,0.050294516810612006,0.017608012553177364,0.017696485465027435,4.533897051587701,18.05069355480373,2.2908147759735584,7.234226033367013e-113,True,False,True,False,False,True,True,False,False,280
L192_gL2,192,2.0,gL,2,L192_gL2,L192_gL2_i0_t100p555,100.555,0.5237239583333333333333333333,0.5,1.0,open,0.010416666666666666,"['charge_density_wave', 'left', 'right']","[['charge_density_wave', 'left'], ['charge_density_wave', 'right'], ['left', 'right']]","[240, 280, 320, 360]",['left'],edge,new_size_mechanism,0.05,2011,right,280,0.8732461904048433,0.8286157277945021,4.489499434812732e-137,1.2136289146593308e-116,0.2514552387737506,0.6217909516310927,False,8.512503661215305,2.26335933431983,4.0,1.4801513121739642,0.8286155184417349,9.578671536926181e-07,2.553303391663091e-06,9.578671536926181e-07,1.7992271488791767e-06,0.7046664155751786,8.0,5.02015175185607e-281,0.8732464625067414,2.6474181499335046e-115,0.0013663222073152363,0.8178280307421325,0.8286145605745812,0.8286164763088886,0.6204249015256756,0.6231575459403061,4.413389947265387,17.841022316366434,2.2455084566026926,1.2598170960028723e-107,True,False,True,False,False,False,False,False,False,280
L192_gL2,192,2.0,gL,2,L192_gL2,L192_gL2_i0_t100p625,100.625,0.5240885416666666666666666667,0.5,1.0,open,0.010416666666666666,"['charge_density_wave', 'left', 'right']","[['charge_density_wave', 'left'], ['charge_density_wave', 'right'], ['left', 'right']]","[240, 280, 320, 360]",['left'],edge,new_size_mechanism,0.05,2012,charge_density_wave,280,0.2514552387737506,4.58312038173718e-117,0.9103857570388639,1.0084223766894547e-116,0.2514552387737506,3.2517693100088456e-118,True,8.270363070070744,2.375717954710126,0.0,0.0,0.0,1.1540945074974155e-116,1.7429276061088556e-116,1.1540945074974155e-116,1.7429276061088556e-116,1.0,0.0,0.0,0.2514552387737506,2.1997729637139915e-115,5.893288334831563e-111,7.281423731204017e-117,0.0,2.315182414463733e-115,0.0,5.893288334831563e-111,4.1145236268639565,4.107589149847627,2.2349294051527977,4.424482425481217e-237,True,True,False,True,True,True,False,False,False,280
L192_gL2,192,2.0,gL,2,L192_gL2,L192_gL2_i0_t100p625,100.625,0.5240885416666666666666666667,0.5,1.0,open,0.010416666666666666,"['charge_density_wave', 'left', 'right']","[['charge_density_wave', 'left'], ['charge_density_wave', 'right'], ['left', 'right']]","[240, 280, 320, 360]",['left'],edge,new_size_mechanism,0.05,2012,left,280,0.26426719035015117,0.04174675895610927,2.555148731465735e-131,1.0084223766894547e-116,0.2514552387737506,0.012811951576400587,True,8.369200848042965,2.5804354790598154,4.0,0.04178316453015814,0.04174673900752108,2.057408287172404e-08,3.091871566485311e-08,2.057408287172404e-08,3.0218233904932226e-08,0.9773444095313066,8.0,3.5508487567235494e-281,0.2642671797728599,2.1997729637139915e-115,3.6933079956074144e-05,0.0404331195992493,0.041746718433438204,0.04174675958160395,0.01277500791915321,0.012848874079065358,4.407201187685132,17.84489974565804,2.2939716894179583,6.00902761448096e-113,True,True,False,True,True,True,True,False,False,280
L192_gL2,192,2.0,gL,2,L192_gL2,L192_gL2_i0_t100p625,100.625,0.5240885416666666666666666667,0.5,1.0,open,0.010416666666666666,"['charge_density_wave', 'left', 'right']","[['charge_density_wave', 'left'], ['charge_density_wave', 'right'], ['left', 'right']]","[240, 280, 320, 360]",['left'],edge,new_size_mechanism,0.05,2012,right,280,0.9239577954761183,0.7754015925583759,4.489499434812732e-137,1.0084223766894547e-116,0.2514552387737506,0.6725025567023678,False,8.51900946162641,2.512252138927579,4.0,1.2279330812163705,0.7754013432465053,8.791651848925325e-07,2.0811252114696446e-06,8.791651848925325e-07,1.4929116253416927e-06,0.7173579067294235,8.0,9.431968973976124e-281,0.9239579542502896,2.1997729637139915e-115,0.0012612961690761668,0.7626243124875254,0.7754004640813205,0.7754022224116902,0.6712414193074628,0.6737640116456152,4.169800551608205,17.77597626671195,2.2445757873356342,1.2376670851797372e-107,True,False,True,False,False,False,False,False,False,280
L192_gL2,192,2.0,gL,2,L192_gL2,L192_gL2_i1_t101p755,101.755,0.5299739583333333333333333333,0.5,1.0,open,0.010416666666666666,"['charge_density_wave', 'left', 'right']","[['charge_density_wave', 'left'], ['charge_density_wave', 'right'], ['left', 'right']]","[240, 280, 320, 360]",['right'],edge,new_size_mechanism,0.05,2035,charge_density_wave,280,0.2514552387737506,2.3044864071404636e-118,0.9103857570388639,5.070555005244319e-118,0.2514552387737506,1.6266072894756558e-119,True,8.2232615519315,2.286216091364622,0.0,0.0,0.0,5.786324160699724e-118,8.738675294134814e-118,5.786324160699724e-118,8.738675294134814e-118,1.0,0.0,0.0,0.2514552387737506,1.1060400484958203e-116,2.9961190994237904e-112,3.661080661334379e-118,0.0,1.1639032901028175e-116,0.0,2.9961190994237904e-112,4.218102876096964,4.106906106695533,2.262162558734417,4.424482425481217e-237,True,True,False,True,True,True,False,False,False,280
L192_gL2,192,2.0,gL,2,L192_gL2,L192_gL2_i1_t101p755,101.755,0.5299739583333333333333333333,0.5,1.0,open,0.010416666666666666,"['charge_density_wave', 'left', 'right']","[['charge_density_wave', 'left'], ['charge_density_wave', 'right'], ['left', 'right']]","[240, 280, 320, 360]",['right'],edge,new_size_mechanism,0.05,2035,left,280,0.25151162361985396,0.0020530737889240033,2.555148731465735e-131,5.070555005244319e-118,0.2514552387737506,5.638484610336668e-05,True,8.248216310516,2.3651011120527983,2.0,0.0020512499643922343,0.002051245648959084,1.8327956164555786e-06,2.7509615502765182e-06,1.8327956164555786e-06,2.747810646181859e-06,0.9988546171812752,4.0,4.352910202976713e-282,0.2515115307464643,1.1060400484958203e-116,0.00250016790920359,0.00198831726116908,0.002049412853342629,0.00205307844457554,0.0,0.0025564598819172784,4.221826149150729,13.206797821447253,2.1919528990983963,2.9597949298545944e-114,True,True,False,True,True,True,False,False,False,280
L192_gL2,192,2.0,gL,2,L192_gL2,L192_gL2_i1_t101p755,101.755,0.5299739583333333333333333333,0.5,1.0,open,0.010416666666666666,"['charge_density_wave', 'left', 'right']","[['charge_density_wave', 'left'], ['charge_density_wave', 'right'], ['left', 'right']]","[240, 280, 320, 360]",['right'],edge,new_size_mechanism,0.05,2035,right,280,0.27536524634342857,0.060088783274962344,4.489499434812732e-137,5.070555005244319e-118,0.2514552387737506,0.02391000756967796,False,8.368912192061543,2.470902670174837,4.0,0.06019750938213546,0.060088734855574845,5.0451407300966556e-08,7.583980396154992e-08,5.0451407300966556e-08,7.340075443568462e-08,0.9678394537108526,8.0,6.91820637859856e-281,0.2753652136396378,1.1060400484958203e-116,8.622228734158449e-05,0.05770060609619491,0.06008868440416754,0.06008878530698215,0.02382375257854558,0.02399619715322875,4.089496869593859,17.62567650526762,2.246918609365821,2.230638959508357e-108,True,False,True,False,False,True,True,False,False,280
L192_gL2,192,2.0,gL,2,L192_gL2,L192_gL2_i1_t101p825,101.825,0.5303385416666666666666666667,0.5,1.0,open,0.010416666666666666,"['charge_density_wave', 'left', 'right']","[['charge_density_wave', 'left'], ['charge_density_wave', 'right'], ['left', 'right']]","[240, 280, 320, 360]",['right'],edge,new_size_mechanism,0.05,2036,charge_density_wave,280,0.2514552387737506,1.9148321080673174e-118,0.9103857570388639,4.213199823077577e-118,0.2514552387737506,1.351141330848069e-119,True,8.204173376783729,2.3183669969439507,0.0,0.0,0.0,4.807090116602481e-118,7.2598124995839375e-118,4.807090116602481e-118,7.2598124995839375e-118,1.0,0.0,0.0,0.2514552387737506,9.190225561939009e-117,2.491210909515084e-112,3.0420378650731046e-118,0.0,9.670934573599258e-117,0.0,2.491210909515084e-112,4.2341599222272635,4.142804134637117,2.2984255217015743,4.424482425481217e-237,True,True,False,True,True,True,False,False,False,280
L192_gL2,192,2.0,gL,2,L192_gL2,L192_gL2_i1_t101p825,101.825,0.5303385416666666666666666667,0.5,1.0,open,0.010416666666666666,"['charge_density_wave', 'left', 'right']","[['charge_density_wave', 'left'], ['charge_density_wave', 'right'], ['left', 'right']]","[240, 280, 320, 360]",['right'],edge,new_size_mechanism,0.05,2036,left,280,0.25149514128314604,0.0017035186930596427,2.555148731465735e-131,4.213199823077577e-118,0.2514552387737506,3.990250939541267e-05,True,8.325996777042747,2.35947653837502,2.0,0.001702004142440334,0.0017020016772474863,1.5205758174373258e-06,2.282345946220005e-06,1.5205758174373258e-06,2.2801762919489554e-06,0.9990493753698281,4.0,3.3685625940091503e-282,0.25149507540853355,9.190225561939009e-117,0.0021015215217757626,0.0016497852061839102,0.0017004811014300488,0.0017035222530649235,0.0,0.002141358156558702,4.251977847889066,13.158482503145933,2.2502784840762615,2.4558615888554334e-114,True,True,False,True,True,True,False,False,False,280
L192_gL2,192,2.0,gL,2,L192_gL2,L192_gL2_i1_t101p825,101.825,0.5303385416666666666666666667,0.5,1.0,open,0.010416666666666666,"['charge_density_wave', 'left', 'right']","[['charge_density_wave', 'left'], ['charge_density_wave', 'right'], ['left', 'right']]","[240, 280, 320, 360]",['right'],edge,new_size_mechanism,0.05,2036,right,280,0.2688584129391374,0.049879081075240375,4.489499434812732e-137,4.213199823077577e-118,0.2514552387737506,0.0174031741653868,True,8.396804070100188,2.3234615717083216,4.0,0.049941204347243466,0.049879040830269415,4.165917904368426e-08,6.258843879440562e-08,4.165917904368426e-08,6.090570068093482e-08,0.9731142341000332,8.0,4.5689769268859204e-281,0.26885838887537883,9.190225561939009e-117,7.19620422306417e-05,0.047894497562963434,0.04987899917109037,0.04987908248944846,0.01733118805939756,0.017475112143858846,4.133389303460717,17.606807451695204,2.266191426664591,1.8534697487991507e-108,True,True,False,True,True,True,True,False,False,280
L192_gL2,192,2.0,gL,2,L192_gL2,L192_gL2_i1_t101p895,101.895,0.530703125,0.5,1.0,open,0.010416666666666666,"['charge_density_wave', 'left', 'right']","[['charge_density_wave', 'left'], ['charge_density_wave', 'right'], ['left', 'right']]","[240, 280, 320, 360]",['right'],edge,new_size_mechanism,0.05,2038,charge_density_wave,280,0.2514552387737506,1.5910625424418752e-118,0.9103857570388639,3.5008106076393413e-118,0.2514552387737506,1.1223258004231608e-119,True,8.023495893925428,2.2296275552362204,0.0,0.0,0.0,3.993574798399951e-118,6.031221260049377e-118,3.993574798399951e-118,6.031221260049377e-118,1.0,0.0,0.0,0.2514552387737506,7.636273749235434e-117,2.0713892477325964e-112,2.527667437178417e-118,0.0,8.035631229075428e-117,0.0,2.0713892477325964e-112,4.33986466191709,4.106357319280505,2.2504386752843857,4.424482425481217e-237,True,True,False,True,True,True,False,False,False,280
L192_gL2,192,2.0,gL,2,L192_gL2,L192_gL2_i1_t101p895,101.895,0.530703125,0.5,1.0,open,0.010416666666666666,"['charge_density_wave', 'left', 'right']","[['charge_density_wave', 'left'], ['charge_density_wave', 'right'], ['left', 'right']]","[240, 280, 320, 360]",['right'],edge,new_size_mechanism,0.05,2038,left,280,0.2514834562935072,0.0014134804217379544,2.555148731465735e-131,3.5008106076393413e-118,0.2514552387737506,2.8217519756577087e-05,True,8.05210148356855,2.283588847145438,2.0,0.0014122229884381062,0.0014122215801899705,1.2615864874508351e-06,1.893622397498967e-06,1.2615864874508351e-06,1.8921284247617654e-06,0.9992110503450029,4.0,3.9183814652337714e-282,0.2514834096089507,7.636273749235434e-117,0.0017661976529985452,0.0013688935671519059,0.0014109599937025196,0.0014134831666774213,0.0,0.0017943684881986703,4.1672304552048445,13.248027527704835,2.2600336000323296,2.0377295344405968e-114,True,True,False,True,True,True,False,False,False,280
L192_gL2,192,2.0,gL,2,L192_gL2,L192_gL2_i1_t101p895,101.895,0.530703125,0.5,1.0,open,0.010416666666666666,"['charge_density_wave', 'left', 'right']","[['charge_density_wave', 'left'], ['charge_density_wave', 'right'], ['left', 'right']]","[240, 280, 320, 360]",['right'],edge,new_size_mechanism,0.05,2038,right,280,0.26408223168824935,0.041396925416270755,4.489499434812732e-137,3.5008106076393413e-118,0.2514552387737506,0.012626992914498748,True,8.184908589348197,2.315436467528343,4.0,0.04143240862051767,0.041396891983200866,3.442363647843352e-08,5.1698191306508555e-08,3.442363647843352e-08,5.053774952410402e-08,0.9775535322788277,8.0,3.0721396659452153e-281,0.2640822140630015,7.636273749235434e-117,6.009382925698801e-05,0.03974855967754759,0.04139685755956438,0.04139692640683734,0.012566881459993889,0.012687069118507865,4.143319357186556,17.673511888831854,2.282919503748417,1.539330728251642e-108,True,True,False,True,True,True,True,False,False,280
L192_gL2,192,2.0,gL,2,L192_gL2,L192_gL2_i2_t76p055,76.055,0.3961197916666666666666666667,0.5,1.0,open,0.010416666666666666,"['charge_density_wave', 'block_cell12', 'block_cell36']","[['charge_density_wave', 'block_cell12'], ['charge_density_wave', 'block_cell36'], ['block_cell12', 'block_cell36']]","[240, 280, 320, 360]",['block_cell12'],translated,new_size_mechanism,0.05,1521,charge_density_wave,280,0.2514552387737506,7.885172387244025e-89,0.9103857570388639,1.7349619355673177e-88,0.2514552387737506,6.379272060836182e-90,True,8.109033804386854,2.213088983669877,0.0,0.0,0.0,2.1352786090254012e-88,3.22367779391866e-88,2.1352786090254012e-88,3.22367779391866e-88,1.0,0.0,0.0,0.2514552387737506,3.788446857164634e-87,7.689415792305176e-83,1.25400608631857e-88,0.0,4.0019747180671743e-87,0.0,7.689415792305176e-83,4.260146340355277,4.116401212289929,2.2428212389349937,4.424482425481217e-237,True,True,False,True,True,True,False,False,False,280
L192_gL2,192,2.0,gL,2,L192_gL2,L192_gL2_i2_t76p055,76.055,0.3961197916666666666666666667,0.5,1.0,open,0.010416666666666666,"['charge_density_wave', 'block_cell12', 'block_cell36']","[['charge_density_wave', 'block_cell12'], ['charge_density_wave', 'block_cell36'], ['block_cell12', 'block_cell36']]","[240, 280, 320, 360]",['block_cell12'],translated,new_size_mechanism,0.05,1521,block_cell12,280,0.27597952234895984,0.060993875699021594,2.6908928451297587e-97,1.7349619355673177e-88,0.2514552387737506,0.02452428357520921,False,8.292230123654008,2.2622346244752407,4.0,0.06110764768152843,0.06099387382213054,2.102436112366924e-09,3.1744639103128633e-09,2.102436112366924e-09,3.0698993675321486e-09,0.9670607240356344,8.0,1.0403279269399905e-280,0.27597952106902246,3.788446857164634e-87,4.234508657321168e-06,0.060018128585494414,0.06099387171969443,0.06099387592456665,0.024520047786614547,0.024528516803929187,4.253325833007693,17.963545126840472,2.2488678954541683,1.8853133010199223e-146,True,False,True,False,False,True,True,False,False,280
L192_gL2,192,2.0,gL,2,L192_gL2,L192_gL2_i2_t76p055,76.055,0.3961197916666666666666666667,0.5,1.0,open,0.010416666666666666,"['charge_density_wave', 'block_cell12', 'block_cell36']","[['charge_density_wave', 'block_cell12'], ['charge_density_wave', 'block_cell36'], ['block_cell12', 'block_cell36']]","[240, 280, 320, 360]",['block_cell12'],translated,new_size_mechanism,0.05,1521,block_cell36,280,0.5174515130473053,0.9618495575767024,6.92639706999189e-101,1.7349619355673177e-88,0.2514552387737506,0.26599627427355466,False,8.370798571035266,2.2913684863597155,4.0,3.515802672582095,0.9618495546260338,1.0120504224031816e-07,3.478295401038649e-07,1.0120504224031816e-07,2.3358326870736698e-07,0.6715452305678724,8.0,7.125317828704779e-281,0.5174515272963292,3.788446857164634e-87,0.00016619763018466526,0.9605152997726936,0.9618494534209916,0.9618496558310761,0.26583009089239384,0.26616248615276317,4.32294581644237,17.913371186703444,2.2780323438346386,1.3232751200362082e-143,True,False,True,False,False,False,False,False,False,280
L192_gL2,192,2.0,gL,2,L192_gL2,L192_gL2_i2_t76p125,76.125,0.396484375,0.5,1.0,open,0.010416666666666666,"['charge_density_wave', 'block_cell12', 'block_cell36']","[['charge_density_wave', 'block_cell12'], ['charge_density_wave', 'block_cell36'], ['block_cell12', 'block_cell36']]","[240, 280, 320, 360]",['block_cell12'],translated,new_size_mechanism,0.05,1522,charge_density_wave,280,0.2514552387737506,6.551907350996178e-89,0.9103857570388639,1.441605769197265e-88,0.2514552387737506,5.298325520361234e-90,True,8.073162728920579,2.2061276342719793,0.0,0.0,0.0,1.773809073567473e-88,2.677962422770448e-88,1.773809073567473e-88,2.677962422770448e-88,1.0,0.0,0.0,0.2514552387737506,3.1478680355301344e-87,6.395063552276842e-83,1.0419693938736766e-88,0.0,3.3252489428868818e-87,0.0,6.395063552276842e-83,4.5511001236736774,4.051225079223514,2.273029863834381,4.424482425481217e-237,True,True,False,True,True,True,False,False,False,280
L192_gL2,192,2.0,gL,2,L192_gL2,L192_gL2_i2_t76p125,76.125,0.396484375,0.5,1.0,open,0.010416666666666666,"['charge_density_wave', 'block_cell12', 'block_cell36']","[['charge_density_wave', 'block_cell12'], ['charge_density_wave', 'block_cell36'], ['block_cell12', 'block_cell36']]","[240, 280, 320, 360]",['block_cell12'],translated,new_size_mechanism,0.05,1522,block_cell12,280,0.2693201545559946,0.05064738412032002,2.6908928451297587e-97,1.441605769197265e-88,0.2514552387737506,0.017864915782243987,False,8.162066351622343,2.230932779610157,4.0,0.05071246705342856,0.05064738255957955,1.7362899517562724e-09,2.62031028180881e-09,1.7362899517562724e-09,2.548126436346136e-09,0.9724521763839185,8.0,8.027832124770592e-281,0.269320153613242,3.1478680355301344e-87,3.528949355915145e-06,0.04983619762424552,0.050647380823289595,0.0506473842958695,0.01786138589013547,0.017868443788847298,4.318009797483683,18.137486463412642,2.28476376272738,1.5672316213607918e-146,True,False,True,False,False,True,True,False,False,280
L192_gL2,192,2.0,gL,2,L192_gL2,L192_gL2_i2_t76p125,76.125,0.396484375,0.5,1.0,open,0.010416666666666666,"['charge_density_wave', 'block_cell12', 'block_cell36']","[['charge_density_wave', 'block_cell12'], ['charge_density_wave', 'block_cell36'], ['block_cell12', 'block_cell36']]","[240, 280, 320, 360]",['block_cell12'],translated,new_size_mechanism,0.05,1522,block_cell36,280,0.5876765786508144,0.9459731140470817,6.92639706999189e-101,1.441605769197265e-88,0.2514552387737506,0.3362213398770637,False,8.349868219345808,2.2238149773329496,4.0,2.91746321972761,0.9459731099696327,8.910514124906348e-08,2.872266560677695e-07,8.910514124906348e-08,1.9386522759625428e-07,0.6749555568773982,8.0,3.6350857664567904e-281,0.5876765951536704,3.1478680355301344e-87,0.00014741653303218795,0.944131289268323,0.9459730208644915,0.945973199074774,0.3360739398468876,0.336368772912952,4.352485815063119,18.119230203330517,2.263736542314291,1.5311416545904463e-143,True,False,True,False,False,False,False,False,False,280
L192_gL2,192,2.0,gL,2,L192_gL2,L192_gL2_i2_t76p195,76.195,0.3968489583333333333333333333,0.5,1.0,open,0.010416666666666666,"['charge_density_wave', 'block_cell12', 'block_cell36']","[['charge_density_wave', 'block_cell12'], ['charge_density_wave', 'block_cell36'], ['block_cell12', 'block_cell36']]","[240, 280, 320, 360]",['block_cell12'],translated,new_size_mechanism,0.05,1524,charge_density_wave,280,0.2514552387737506,5.444077545379795e-89,0.9103857570388639,1.1978517517635246e-88,0.2514552387737506,4.400543659430865e-90,True,8.080548668280244,2.2116741202771664,0.0,0.0,0.0,1.473531056129591e-88,2.2246281448708486e-88,1.473531056129591e-88,2.2246281448708486e-88,1.0,0.0,0.0,0.2514552387737506,2.6156030538933145e-87,5.318583960452682e-83,8.657854452340064e-89,0.0,2.7629561595062737e-87,0.0,5.318583960452682e-83,4.447713639587164,4.30816950276494,2.282638603821397,4.424482425481217e-237,True,True,False,True,True,True,False,False,False,280
L192_gL2,192,2.0,gL,2,L192_gL2,L192_gL2_i2_t76p195,76.195,0.3968489583333333333333333333,0.5,1.0,open,0.010416666666666666,"['charge_density_wave', 'block_cell12', 'block_cell36']","[['charge_density_wave', 'block_cell12'], ['charge_density_wave', 'block_cell36'], ['block_cell12', 'block_cell36']]","[240, 280, 320, 360]",['block_cell12'],translated,new_size_mechanism,0.05,1524,block_cell12,280,0.26442757026502844,0.04204848707036799,2.6908928451297587e-97,1.1978517517635246e-88,0.2514552387737506,0.01297233149127786,True,8.216845886781812,2.293475478887558,4.0,0.04208570758023451,0.04204848577322372,1.4349811829724053e-09,2.164847874735779e-09,1.4349811829724053e-09,2.115038798964168e-09,0.9769918818070806,8.0,2.617456542231409e-280,0.2644275695738453,2.6156030538933145e-87,2.942806249154913e-06,0.04137446507316592,0.042048484338242535,0.0420484872082049,0.012969387993845496,0.012975273606343806,3.8925840854644775,17.855595296248794,2.224154619500041,1.302136528370704e-146,True,True,False,True,True,True,True,False,False,280
L192_gL2,192,2.0,gL,2,L192_gL2,L192_gL2_i2_t76p195,76.195,0.3968489583333333333333333333,0.5,1.0,open,0.010416666666666666,"['charge_density_wave', 'block_cell12', 'block_cell36']","[['charge_density_wave', 'block_cell12'], ['charge_density_wave', 'block_cell36'], ['block_cell12', 'block_cell36']]","[240, 280, 320, 360]",['block_cell12'],translated,new_size_mechanism,0.05,1524,block_cell36,280,0.6667221924125852,0.9242561032830763,6.92639706999189e-101,1.1978517517635246e-88,0.2514552387737506,0.41526695363883465,False,8.356958078220487,2.285446798428893,4.0,2.4209568614628685,0.9242560977587351,7.915121752862266e-08,2.3672823538523636e-07,7.915121752862266e-08,1.6090097581253817e-07,0.6796864579786955,8.0,4.7491392597728384e-281,0.6667222104586309,2.6156030538933145e-87,0.00013184874786687526,0.921764052171959,0.9242560186075175,0.9242561769099525,0.4151351229370134,0.4153988204327472,4.359539618715644,17.937626717612147,2.263968223705888,1.6732481606236724e-143,True,False,True,False,False,False,False,False,False,280
L192_gL2,192,2.0,gL,2,L192_gL2,L192_gL2_i3_t77p585,77.585,0.4040885416666666666666666667,0.5,1.0,open,0.010416666666666666,"['charge_density_wave', 'block_cell12', 'block_cell36']","[['charge_density_wave', 'block_cell12'], ['charge_density_wave', 'block_cell36'], ['block_cell12', 'block_cell36']]","[240, 280, 320, 360]",['block_cell36'],translated,new_size_mechanism,0.05,1552,charge_density_wave,280,0.2514552387737506,1.3757747146974668e-90,0.9103857570388639,3.0270960747658744e-90,0.2514552387737506,1.1025969649867276e-91,True,8.06440107151866,2.1833091843873262,0.0,0.0,0.0,3.7062496639240764e-90,5.5955538934303065e-90,3.7062496639240764e-90,5.5955538934303065e-90,1.0,0.0,0.0,0.2514552387737506,6.609525699862514e-89,1.3682962939111002e-84,2.1878056543492938e-90,0.0,6.980150666254921e-89,0.0,1.3682962939111002e-84,4.306060813367367,4.279903968796134,2.289601119235158,4.424482425481217e-237,True,True,False,True,True,True,False,False,False,280
L192_gL2,192,2.0,gL,2,L192_gL2,L192_gL2_i3_t77p585,77.585,0.4040885416666666666666666667,0.5,1.0,open,0.010416666666666666,"['charge_density_wave', 'block_cell12', 'block_cell36']","[['charge_density_wave', 'block_cell12'], ['charge_density_wave', 'block_cell36'], ['block_cell12', 'block_cell36']]","[240, 280, 320, 360]",['block_cell36'],translated,new_size_mechanism,0.05,1552,block_cell12,280,0.2514711247187078,0.001038120261477276,2.6908928451297587e-97,3.0270960747658744e-90,0.2514552387737506,1.588594495719542e-05,True,8.12837883643806,2.215607414022088,2.0,0.001037881596868532,0.0010378810378668848,2.43784607997077e-07,3.6748114234289336e-07,2.43784607997077e-07,3.6726624227309666e-07,0.9994152078976717,4.0,2.5021666211388462e-281,0.25147111789457094,6.609525699862514e-89,0.0003797652588258781,0.001021434953576861,0.0010376372532588877,0.001038124822474882,0.0,0.00039564437964618115,4.12559480778873,13.543292252346873,2.2801575921475887,3.220160544802462e-148,True,True,False,True,True,True,False,False,False,280
L192_gL2,192,2.0,gL,2,L192_gL2,L192_gL2_i3_t77p585,77.585,0.4040885416666666666666666667,0.5,1.0,open,0.010416666666666666,"['charge_density_wave', 'block_cell12', 'block_cell36']","[['charge_density_wave', 'block_cell12'], ['charge_density_wave', 'block_cell36'], ['block_cell12', 'block_cell36']]","[240, 280, 320, 360]",['block_cell36'],translated,new_size_mechanism,0.05,1552,block_cell36,280,0.2749745405151085,0.059508521765763926,6.92639706999189e-101,3.0270960747658744e-90,0.2514552387737506,0.02351930174135791,False,8.34606508538127,2.2312198411673307,4.0,0.05961416768584574,0.059508519321571356,2.720598600828222e-09,4.107867316135536e-09,2.720598600828222e-09,3.975696156565212e-09,0.9678248713021568,8.0,7.256397679326783e-281,0.2749745388745003,6.609525699862514e-89,5.412227546641316e-06,0.058435804492977916,0.059508516600972755,0.059508522042169956,0.02351388787320304,0.02352471232829632,4.291112093254924,18.024083176627755,2.323873747140169,2.2534256181987037e-144,True,False,True,False,False,True,True,False,False,280
L192_gL2,192,2.0,gL,2,L192_gL2,L192_gL2_i3_t77p655,77.655,0.404453125,0.5,1.0,open,0.010416666666666666,"['charge_density_wave', 'block_cell12', 'block_cell36']","[['charge_density_wave', 'block_cell12'], ['charge_density_wave', 'block_cell36'], ['block_cell12', 'block_cell36']]","[240, 280, 320, 360]",['block_cell36'],translated,new_size_mechanism,0.05,1553,charge_density_wave,280,0.2514552387737506,1.1431517306606848e-90,0.9103857570388639,2.515259311971527e-90,0.2514552387737506,9.157738826777747e-92,True,8.072098404169083,2.2031947914510965,0.0,0.0,0.0,3.078854101381972e-90,4.648341522701288e-90,3.078854101381972e-90,4.648341522701288e-90,1.0,0.0,0.0,0.2514552387737506,5.4919378481618186e-89,1.1379517552866222e-84,1.8178751733718584e-90,0.0,5.799823258300016e-89,0.0,1.1379517552866222e-84,4.220528522506356,4.244671432301402,2.268680090084672,4.424482425481217e-237,True,True,False,True,True,True,False,False,False,280
L192_gL2,192,2.0,gL,2,L192_gL2,L192_gL2_i3_t77p655,77.655,0.404453125,0.5,1.0,open,0.010416666666666666,"['charge_density_wave', 'block_cell12', 'block_cell36']","[['charge_density_wave', 'block_cell12'], ['charge_density_wave', 'block_cell36'], ['block_cell12', 'block_cell36']]","[240, 280, 320, 360]",['block_cell36'],translated,new_size_mechanism,0.05,1553,block_cell12,280,0.2514664571743501,0.0008615535594984754,2.6908928451297587e-97,2.515259311971527e-90,0.2514552387737506,1.1218400599515587e-05,True,8.222508046776056,2.27617509663105,2.0,0.0008613553225057266,0.0008613550029719388,2.0231739629094036e-07,3.0497440062633056e-07,2.0231739629094036e-07,3.048263678904822e-07,0.9995146060274426,4.0,2.0023341056357688e-281,0.2514664523460975,5.4919378481618186e-89,0.0003187893137020196,0.0008477054899652892,0.0008611526855756479,0.0008615573203682298,0.0,0.00033000288604891146,4.234934387728572,13.04969246685505,2.2495245207101107,2.6724642195999173e-148,True,True,False,True,True,True,False,False,False,280
L192_gL2,192,2.0,gL,2,L192_gL2,L192_gL2_i3_t77p655,77.655,0.404453125,0.5,1.0,open,0.010416666666666666,"['charge_density_wave', 'block_cell12', 'block_cell36']","[['charge_density_wave', 'block_cell12'], ['charge_density_wave', 'block_cell36'], ['block_cell12', 'block_cell36']]","[240, 280, 320, 360]",['block_cell36'],translated,new_size_mechanism,0.05,1553,block_cell36,280,0.2685788816898048,0.049410114807871997,6.92639706999189e-101,2.515259311971527e-90,0.2514552387737506,0.017123642916054213,True,8.350185537710786,2.2815251257270575,4.0,0.04947053735461478,0.04941011277570141,2.24689876703887e-09,3.3909945536858696e-09,2.24689876703887e-09,3.2997691987078693e-09,0.9730977583320379,8.0,8.045117774129077e-281,0.2685788804823193,5.4919378481618186e-89,4.511136020574822e-06,0.04851843822306575,0.04941011052880265,0.049410115022600176,0.01711913057254815,0.017128152844589302,4.248843869194388,17.80339063704014,2.276874929666519,1.8729801683523512e-144,True,True,False,True,True,True,True,False,False,280
L192_gL2,192,2.0,gL,2,L192_gL2,L192_gL2_i3_t77p725,77.725,0.4048177083333333333333333333,0.5,1.0,open,0.010416666666666666,"['charge_density_wave', 'block_cell12', 'block_cell36']","[['charge_density_wave', 'block_cell12'], ['charge_density_wave', 'block_cell36'], ['block_cell12', 'block_cell36']]","[240, 280, 320, 360]",['block_cell36'],translated,new_size_mechanism,0.05,1554,charge_density_wave,280,0.2514552387737506,9.498618235349518e-91,0.9103857570388639,2.089966505898159e-90,0.2514552387737506,7.606062527145758e-92,True,8.023879939690232,2.2139200642704964,0.0,0.0,0.0,2.5576648921485086e-90,3.8614735905075644e-90,2.5576648921485086e-90,3.8614735905075644e-90,1.0,0.0,0.0,0.2514552387737506,4.563320077369495e-89,9.463835854637953e-85,1.5104952944024879e-90,0.0,4.819086566584346e-89,0.0,9.463835854637953e-85,4.269037462770939,4.144980970770121,2.304582567885518,4.424482425481217e-237,True,True,False,True,True,True,False,False,False,280
L192_gL2,192,2.0,gL,2,L192_gL2,L192_gL2_i3_t77p725,77.725,0.4048177083333333333333333333,0.5,1.0,open,0.010416666666666666,"['charge_density_wave', 'block_cell12', 'block_cell36']","[['charge_density_wave', 'block_cell12'], ['charge_density_wave', 'block_cell36'], ['block_cell12', 'block_cell36']]","[240, 280, 320, 360]",['block_cell36'],translated,new_size_mechanism,0.05,1554,block_cell12,280,0.2514631562297912,0.0007150189546318449,2.6908928451297587e-97,2.089966505898159e-90,0.2514552387737506,7.917456040589073e-06,True,8.025109551846981,2.2214651573449373,2.0,0.0007148543344038911,0.0007148541517527028,1.6790672478635678e-07,2.5310437192341185e-07,1.6790672478635678e-07,2.5300240058547433e-07,0.9995971174375115,4.0,6.36133312598847e-282,0.25146315281605386,4.563320077369495e-89,0.0002675738538104665,0.0007035256528516838,0.0007146862450279163,0.0007150220584774891,0.0,0.000275487896113736,4.192759731784463,13.233413387089968,2.2764464020729065,2.2179251833091622e-148,True,True,False,True,True,True,False,False,False,280
L192_gL2,192,2.0,gL,2,L192_gL2,L192_gL2_i3_t77p725,77.725,0.4048177083333333333333333333,0.5,1.0,open,0.010416666666666666,"['charge_density_wave', 'block_cell12', 'block_cell36']","[['charge_density_wave', 'block_cell12'], ['charge_density_wave', 'block_cell36'], ['block_cell12', 'block_cell36']]","[240, 280, 320, 360]",['block_cell36'],translated,new_size_mechanism,0.05,1554,block_cell36,280,0.2638833134658823,0.04101841266514834,6.92639706999189e-101,2.089966505898159e-90,0.2514552387737506,0.012428074692131677,True,8.081638436764479,2.214556949213147,4.0,0.04105296152538987,0.04101841097641122,1.8570409758253047e-09,2.801701290134026e-09,1.8570409758253047e-09,2.738763217548177e-09,0.9775357662833364,8.0,1.0016176769002867e-280,0.2638833125811999,4.563320077369495e-89,3.7623854869537238e-06,0.04027759588317769,0.04101840911937024,0.04101841283345219,0.012424311421962365,0.012431836192936273,4.177133841440082,17.85861616395414,2.355511436238885,1.5559961262031114e-144,True,True,False,True,True,True,True,False,False,280
L192_gL2,192,2.0,gL,2,L192_gL2,L192_gL2_late,134.40,0.70,0.5,1.0,open,0.010416666666666666,"['charge_density_wave', 'left', 'right', 'block_cell12', 'block_cell36']","[['charge_density_wave', 'left'], ['charge_density_wave', 'right'], ['charge_density_wave', 'block_cell12'], ['charge_density_wave', 'block_cell36'], ['left', 'right'], ['block_cell12', 'block_cell36']]","[240, 280, 320, 360]","['left', 'right', 'block_cell12', 'block_cell36']",persistence,new_size_mechanism,0.05,2688,charge_density_wave,280,0.2514552387737506,7.033884250044739e-156,0.9103857570388639,1.5476815944939568e-155,0.2514552387737506,4.370762856213236e-157,True,7.892390228807926,2.1871878281235695,0.0,0.0,0.0,1.6447322105700877e-155,2.4845276361467714e-155,1.6447322105700877e-155,2.4845276361467714e-155,1.0,0.0,0.0,0.2514552387737506,3.371466537120398e-154,1.2034299320463735e-149,1.1159822789576068e-155,0.0,3.5359397581774066e-154,0.0,1.2034299320463735e-149,3.9665454644709826,4.053137950599194,2.2351199239492416,4.424482425481217e-237,True,True,False,True,True,True,False,False,False,280
L192_gL2,192,2.0,gL,2,L192_gL2,L192_gL2_late,134.40,0.70,0.5,1.0,open,0.010416666666666666,"['charge_density_wave', 'left', 'right', 'block_cell12', 'block_cell36']","[['charge_density_wave', 'left'], ['charge_density_wave', 'right'], ['charge_density_wave', 'block_cell12'], ['charge_density_wave', 'block_cell36'], ['left', 'right'], ['block_cell12', 'block_cell36']]","[240, 280, 320, 360]","['left', 'right', 'block_cell12', 'block_cell36']",persistence,new_size_mechanism,0.05,2688,left,280,0.2514552387737506,3.6616257105563206e-41,2.555148731465735e-131,1.5476815944939568e-155,0.2514552387737506,8.551017840939643e-62,True,7.975259471684694,2.224322123453021,0.0,0.0,0.0,3.6616257106092806e-41,5.507140943841831e-41,3.6616257106092806e-41,5.507140943841831e-41,1.0,0.0,0.0,0.2514552387737506,3.371466537120398e-154,3.308050282484537e-37,3.5445536124114967e-41,0.0,3.6616257106092806e-41,0.0,3.308050282484537e-37,3.7711360156536102,4.145133703947067,2.2561027593910694,4.7162840357633946e-148,True,True,False,True,True,True,True,False,False,280
L192_gL2,192,2.0,gL,2,L192_gL2,L192_gL2_late,134.40,0.70,0.5,1.0,open,0.010416666666666666,"['charge_density_wave', 'left', 'right', 'block_cell12', 'block_cell36']","[['charge_density_wave', 'left'], ['charge_density_wave', 'right'], ['charge_density_wave', 'block_cell12'], ['charge_density_wave', 'block_cell36'], ['left', 'right'], ['block_cell12', 'block_cell36']]","[240, 280, 320, 360]","['left', 'right', 'block_cell12', 'block_cell36']",persistence,new_size_mechanism,0.05,2688,right,280,0.2514552387737506,1.0134126154208816e-39,4.489499434812732e-137,1.5476815944939568e-155,0.2514552387737506,2.4945622309371085e-61,True,7.96459986269474,2.2686332687735558,0.0,0.0,0.0,1.013412615432279e-39,1.523296121232745e-39,1.013412615432279e-39,1.523296121232745e-39,1.0,0.0,0.0,0.2514552387737506,3.371466537120398e-154,8.832498520594721e-36,9.724779778516425e-40,0.0,1.013412615432279e-39,0.0,8.832498520594721e-36,4.371097089722753,4.321307707577944,2.3200438525527716,3.251358078722463e-142,True,True,False,True,True,True,True,False,False,280
L192_gL2,192,2.0,gL,2,L192_gL2,L192_gL2_late,134.40,0.70,0.5,1.0,open,0.010416666666666666,"['charge_density_wave', 'left', 'right', 'block_cell12', 'block_cell36']","[['charge_density_wave', 'left'], ['charge_density_wave', 'right'], ['charge_density_wave', 'block_cell12'], ['charge_density_wave', 'block_cell36'], ['left', 'right'], ['block_cell12', 'block_cell36']]","[240, 280, 320, 360]","['left', 'right', 'block_cell12', 'block_cell36']",persistence,new_size_mechanism,0.05,2688,block_cell12,280,0.2514552387737506,2.740262670179014e-69,2.6908928451297587e-97,1.5476815944939568e-155,0.2514552387737506,2.113103864583478e-82,True,8.148474944755435,2.298187840729952,0.0,0.0,0.0,2.740262670424704e-69,4.1363842287434e-69,2.740262670424704e-69,4.1363842287434e-69,1.0,0.0,0.0,0.2514552387737506,3.371466537120398e-154,4.1793254482130836e-65,2.6953920094525504e-69,0.0,2.740262670424704e-69,0.0,4.1793254482130836e-65,4.490561751648784,4.287889130413532,2.3072237204760313,1.2877773158228335e-209,True,True,False,True,True,True,True,False,False,280
L192_gL2,192,2.0,gL,2,L192_gL2,L192_gL2_late,134.40,0.70,0.5,1.0,open,0.010416666666666666,"['charge_density_wave', 'left', 'right', 'block_cell12', 'block_cell36']","[['charge_density_wave', 'left'], ['charge_density_wave', 'right'], ['charge_density_wave', 'block_cell12'], ['charge_density_wave', 'block_cell36'], ['left', 'right'], ['block_cell12', 'block_cell36']]","[240, 280, 320, 360]","['left', 'right', 'block_cell12', 'block_cell36']",persistence,new_size_mechanism,0.05,2688,block_cell36,280,0.2514552387737506,1.4926210016001575e-67,6.92639706999189e-101,1.5476815944939568e-155,0.2514552387737506,1.2732440048576532e-81,True,7.9919704888015985,2.2120289653539658,0.0,0.0,0.0,1.4926210017113418e-67,2.253092240724774e-67,1.4926210017113418e-67,2.253092240724774e-67,1.0,0.0,0.0,0.2514552387737506,3.371466537120398e-154,2.219195483928045e-63,1.4651423538480065e-67,0.0,1.4926210017113418e-67,0.0,2.219195483928045e-63,4.5164734199643135,4.343755206093192,2.306334100663662,8.375918355578439e-206,True,True,False,True,True,True,True,False,False,280
L192_gL4,192,2.0,gL,4,L192_gL4,L192_gL4_i0_t100p155,100.155,0.521640625,0.5,1.0,open,0.020833333333333332,"['charge_density_wave', 'left', 'right']","[['charge_density_wave', 'left'], ['charge_density_wave', 'right'], ['left', 'right']]","[240, 280, 320, 360]",['left'],edge,new_size_mechanism,0.05,2003,charge_density_wave,280,0.2479996371949699,1.620207105549224e-116,0.9092891683873894,3.5401863751575147e-116,0.2479996371949699,1.13558949776284e-117,True,8.238269496709108,2.300034334883094,0.0,0.0,0.0,4.036820822744558e-116,6.096945393180096e-116,4.036820822744558e-116,6.096945393180096e-116,1.0,0.0,0.0,0.2479996371949699,5.232048430227677e-114,1.325496388977796e-109,3.0438767793762276e-116,0.0,5.272416638455122e-114,0.0,1.325496388977796e-109,3.720864910632372,3.673663029447198,2.1359607484191656,1.9405159885198727e-237,True,True,False,True,True,True,False,False,False,280
L192_gL4,192,2.0,gL,4,L192_gL4,L192_gL4_i0_t100p155,100.155,0.521640625,0.5,1.0,open,0.020833333333333332,"['charge_density_wave', 'left', 'right']","[['charge_density_wave', 'left'], ['charge_density_wave', 'right'], ['left', 'right']]","[240, 280, 320, 360]",['left'],edge,new_size_mechanism,0.05,2003,left,280,0.2720048340787031,0.06022960915553048,6.586858641410534e-131,3.5401863751575147e-116,0.2479996371949699,0.024005196883733145,False,8.389205297455192,2.372588684782386,4.0,0.06033912286284745,0.06022958025675262,3.017243900897654e-08,4.540051462208298e-08,3.017243900897654e-08,4.3934573118878456e-08,0.9677109055831828,8.0,2.0134945521779066e-281,0.2720048145302771,5.232048430227677e-114,5.3054261652590244e-05,0.05833500291612353,0.060229550084313604,0.06022961042919162,0.023952123073654612,0.024058231596959793,3.6370831094682217,15.876884650439024,2.150582119822502,8.391146613336216e-113,True,False,True,False,False,True,True,False,False,280
L192_gL4,192,2.0,gL,4,L192_gL4,L192_gL4_i0_t100p155,100.155,0.521640625,0.5,1.0,open,0.020833333333333332,"['charge_density_wave', 'left', 'right']","[['charge_density_wave', 'left'], ['charge_density_wave', 'right'], ['left', 'right']]","[240, 280, 320, 360]",['left'],edge,new_size_mechanism,0.05,2003,right,280,0.2998751518157343,0.9954340799602147,1.6792920036454714e-137,3.5401863751575147e-116,0.2479996371949699,0.05187551462076444,False,8.468502398580313,2.375335767865181,4.0,10.428679353346572,0.9954340727085816,1.4731496818507712e-06,1.8804121322237577e-05,1.4731496818507712e-06,1.2566463870032271e-05,0.6682824288721904,8.0,1.220534144585934e-280,0.2998752193587146,5.232048430227677e-114,0.0020404570889204,0.9950507532473678,0.9954325995588997,0.9954355458582634,0.04983512507482428,0.053916039252665075,3.3944243416190147,15.942542292177677,2.1916538551449776,3.188756208789749e-108,True,False,True,False,False,False,False,False,False,280
L192_gL4,192,2.0,gL,4,L192_gL4,L192_gL4_i0_t100p225,100.225,0.5220052083333333333333333333,0.5,1.0,open,0.020833333333333332,"['charge_density_wave', 'left', 'right']","[['charge_density_wave', 'left'], ['charge_density_wave', 'right'], ['left', 'right']]","[240, 280, 320, 360]",['left'],edge,new_size_mechanism,0.05,2004,charge_density_wave,280,0.2479996371949699,1.3462657000738088e-116,0.9092891683873894,2.941618909247644e-116,0.2479996371949699,9.432722353692862e-118,True,8.292312126606703,2.344216287136078,0.0,0.0,0.0,3.353677195577727e-116,5.065174325066826e-116,3.353677195577727e-116,5.065174325066826e-116,1.0,0.0,0.0,0.2479996371949699,4.3473746986082095e-114,1.1021491551911748e-109,2.529195414149753e-116,0.0,4.3809114705639866e-114,0.0,1.1021491551911748e-109,3.6382900048047304,3.7908086590468884,2.1980422772467136,1.9448680349217276e-237,True,True,False,True,True,True,False,False,False,280
L192_gL4,192,2.0,gL,4,L192_gL4,L192_gL4_i0_t100p225,100.225,0.5220052083333333333333333333,0.5,1.0,open,0.020833333333333332,"['charge_density_wave', 'left', 'right']","[['charge_density_wave', 'left'], ['charge_density_wave', 'right'], ['left', 'right']]","[240, 280, 320, 360]",['left'],edge,new_size_mechanism,0.05,2004,left,280,0.2654780086730262,0.050004738078096654,6.586858641410534e-131,2.941618909247644e-116,0.2479996371949699,0.01747837147805626,False,8.332176769152284,2.408225568011403,4.0,0.05006734922066298,0.050004714053704116,2.4918227746041366e-08,3.747367933099303e-08,2.4918227746041366e-08,3.646196014406262e-08,0.9730018721141788,8.0,8.726935781559343e-281,0.26547799428399976,4.3473746986082095e-114,4.427311129785202e-05,0.048430004044859636,0.05000468913547637,0.05000473897193186,0.017434083977732006,0.01752263020032771,4.217057608067989,17.959691651165485,2.2337451465427876,6.973763144694562e-113,True,False,True,False,False,True,True,False,False,280
L192_gL4,192,2.0,gL,4,L192_gL4,L192_gL4_i0_t100p225,100.225,0.5220052083333333333333333333,0.5,1.0,open,0.020833333333333332,"['charge_density_wave', 'left', 'right']","[['charge_density_wave', 'left'], ['charge_density_wave', 'right'], ['left', 'right']]","[240, 280, 320, 360]",['left'],edge,new_size_mechanism,0.05,2004,right,280,0.31817335683206494,0.993385358172848,1.6792920036454714e-137,2.941618909247644e-116,0.2479996371949699,0.07017371963709503,False,8.454812219366431,2.4667237419635057,4.0,8.651045751682975,0.9933853476977936,1.3889734599608152e-06,1.5592074680270136e-05,1.3889734599608152e-06,1.042640253389253e-05,0.668698858086273,8.0,1.1342525830959708e-280,0.3181734465335634,4.3473746986082095e-114,0.0019317102712317607,0.9928318628787728,0.9933839587243337,0.9933867366712537,0.06824209906736171,0.07210551960982522,3.8815297819674015,17.258327348157763,2.2007017862051725,4.217196836557937e-108,True,False,True,False,False,False,False,False,False,280
L192_gL4,192,2.0,gL,4,L192_gL4,L192_gL4_i0_t100p295,100.295,0.5223697916666666666666666667,0.5,1.0,open,0.020833333333333332,"['charge_density_wave', 'left', 'right']","[['charge_density_wave', 'left'], ['charge_density_wave', 'right'], ['left', 'right']]","[240, 280, 320, 360]",['left'],edge,new_size_mechanism,0.05,2006,charge_density_wave,280,0.2479996371949699,1.1186417642266756e-116,0.9092891683873894,2.4442560051562799e-116,0.2479996371949699,7.835249702347633e-118,True,8.03762011229992,2.2363232225179672,0.0,0.0,0.0,2.7861410519766253e-116,4.208007886498096e-116,2.7861410519766253e-116,4.208007886498096e-116,1.0,0.0,0.0,0.2479996371949699,3.612288193073241e-114,9.164356576598305e-110,2.1015402089525528e-116,0.0,3.640149603593007e-114,0.0,9.164356576598305e-110,3.969313856214285,3.8658994399011135,2.2471627555787563,1.939354634820855e-237,True,True,False,True,True,True,False,False,False,280
L192_gL4,192,2.0,gL,4,L192_gL4,L192_gL4_i0_t100p295,100.295,0.5223697916666666666666666667,0.5,1.0,open,0.020833333333333332,"['charge_density_wave', 'left', 'right']","[['charge_density_wave', 'left'], ['charge_density_wave', 'right'], ['left', 'right']]","[240, 280, 320, 360]",['left'],edge,new_size_mechanism,0.05,2006,left,280,0.26068548268429276,0.04150845904503627,6.586858641410534e-131,2.4442560051562799e-116,0.2479996371949699,0.012685845489322868,True,8.157240264117718,2.2988275289535522,4.0,0.04154424385064561,0.04150843908336456,2.0593646377770876e-08,3.0958296474584626e-08,2.0593646377770876e-08,3.02603617092445e-08,0.9774556469567668,8.0,3.861536376538854e-281,0.2606854721414749,3.612288193073241e-114,3.696631993362114e-05,0.04020025870632636,0.04150841848971818,0.04150845967701093,0.012648868626571406,0.012722801266438648,3.855671623721719,17.1315759383142,2.264112990349531,5.792938922072665e-113,True,True,False,True,True,True,True,False,False,280
L192_gL4,192,2.0,gL,4,L192_gL4,L192_gL4_i0_t100p295,100.295,0.5223697916666666666666666667,0.5,1.0,open,0.020833333333333332,"['charge_density_wave', 'left', 'right']","[['charge_density_wave', 'left'], ['charge_density_wave', 'right'], ['left', 'right']]","[240, 280, 320, 360]",['left'],edge,new_size_mechanism,0.05,2006,right,280,0.3423070351419566,0.9904306348728145,1.6792920036454714e-137,2.4442560051562799e-116,0.2479996371949699,0.09430739794698668,False,8.332096964120865,2.3051959723234177,4.0,7.176432941724891,0.9904306197831942,1.325962318291605e-06,1.2925089974495215e-05,1.325962318291605e-06,8.650803693628647e-06,0.6693031700900404,8.0,1.4661658320314565e-280,0.3423071528829346,3.612288193073241e-114,0.0018499874747758582,0.9896337211162685,0.990429293820876,0.9904319457455125,0.09245752821318885,0.09615750316274058,3.9556352756917477,17.370311869308352,2.2363252080976963,5.518049924716531e-108,True,False,True,False,False,False,False,False,False,280
L192_gL4,192,2.0,gL,4,L192_gL4,L192_gL4_i1_t102p085,102.085,0.5316927083333333333333333333,0.5,1.0,open,0.020833333333333332,"['charge_density_wave', 'left', 'right']","[['charge_density_wave', 'left'], ['charge_density_wave', 'right'], ['left', 'right']]","[240, 280, 320, 360]",['right'],edge,new_size_mechanism,0.05,2042,charge_density_wave,280,0.2479996371949699,9.811415130818903e-119,0.9092891683873894,2.143819355614155e-118,0.2479996371949699,6.814516879158883e-120,True,8.25273454748094,2.4367920476943254,0.0,0.0,0.0,2.432528606746261e-118,3.6739995895847213e-118,2.432528606746261e-118,3.6739995895847213e-118,1.0,0.0,0.0,0.2479996371949699,3.1673565517770987e-116,8.180431199388338e-112,1.8426899499360961e-118,0.0,3.1916818378445615e-116,0.0,8.180431199388338e-112,3.842267420142889,3.7187293991446495,2.221612874418497,1.941300263764009e-237,True,True,False,True,True,True,False,False,False,280
L192_gL4,192,2.0,gL,4,L192_gL4,L192_gL4_i1_t102p085,102.085,0.5316927083333333333333333333,0.5,1.0,open,0.020833333333333332,"['charge_density_wave', 'left', 'right']","[['charge_density_wave', 'left'], ['charge_density_wave', 'right'], ['left', 'right']]","[240, 280, 320, 360]",['right'],edge,new_size_mechanism,0.05,2042,left,280,0.24800172966370304,0.0003518235999374494,6.586858641410534e-131,2.143819355614155e-118,0.2479996371949699,2.0924687331448806e-06,True,8.373296769335866,2.4022154230624437,2.0,0.00035150911580456647,0.0003515090940885711,3.150272289012975e-07,4.7303770360007656e-07,3.150272289012975e-07,4.7294467204333633e-07,0.9998033316244515,4.0,2.7170533515115184e-282,0.24800172614533625,3.1673565517770987e-116,0.00048299289044520933,0.0003407050069376483,0.0003511940668596698,0.0003518241213174724,0.0,0.0004850818408115525,3.69108397513628,12.258074870333076,2.233699433505535,4.917577356253972e-115,True,True,False,True,True,True,False,False,False,280
L192_gL4,192,2.0,gL,4,L192_gL4,L192_gL4_i1_t102p085,102.085,0.5316927083333333333333333333,0.5,1.0,open,0.020833333333333332,"['charge_density_wave', 'left', 'right']","[['charge_density_wave', 'left'], ['charge_density_wave', 'right'], ['left', 'right']]","[240, 280, 320, 360]",['right'],edge,new_size_mechanism,0.05,2042,right,280,0.2720212880277808,0.06025393017581265,1.6792920036454714e-137,2.143819355614155e-118,0.2479996371949699,0.02402165083281092,False,8.375331625342369,2.326536539942026,4.0,0.06036355742279393,0.06025388192549552,5.026413543261762e-08,7.554298469102494e-08,5.026413543261762e-08,7.310807304534368e-08,0.9677678654657321,8.0,3.281483451331862e-281,0.2720212553806504,3.1673565517770987e-116,8.592018132104165e-05,0.05786223230185597,0.060253831661360086,0.06025393218963095,0.023935698004359483,0.02410753836700157,3.631211344152689,17.262964610010386,2.231932409107685,2.229676741129028e-108,True,False,True,False,False,True,True,False,False,280
L192_gL4,192,2.0,gL,4,L192_gL4,L192_gL4_i1_t102p155,102.155,0.5320572916666666666666666667,0.5,1.0,open,0.020833333333333332,"['charge_density_wave', 'left', 'right']","[['charge_density_wave', 'left'], ['charge_density_wave', 'right'], ['left', 'right']]","[240, 280, 320, 360]",['right'],edge,new_size_mechanism,0.05,2043,charge_density_wave,280,0.2479996371949699,8.152520482059691e-119,0.9092891683873894,1.7813467649113723e-118,0.2479996371949699,5.660484795526235e-120,True,8.08786827325821,2.2784633338451385,0.0,0.0,0.0,2.020883554334202e-118,3.052268485240744e-118,2.020883554334202e-118,3.052268485240744e-118,1.0,0.0,0.0,0.2479996371949699,2.63179630660787e-116,6.801930067302133e-112,1.5311142036548797e-118,0.0,2.6520051421512116e-116,0.0,6.801930067302133e-112,3.873714627698064,3.9695767238736153,2.2486639507114887,1.9426299523262222e-237,True,True,False,True,True,True,False,False,False,280
L192_gL4,192,2.0,gL,4,L192_gL4,L192_gL4_i1_t102p155,102.155,0.5320572916666666666666666667,0.5,1.0,open,0.020833333333333332,"['charge_density_wave', 'left', 'right']","[['charge_density_wave', 'left'], ['charge_density_wave', 'right'], ['left', 'right']]","[240, 280, 320, 360]",['right'],edge,new_size_mechanism,0.05,2043,left,280,0.24800110980354556,0.00029194304905712427,6.586858641410534e-131,1.7813467649113723e-118,0.2479996371949699,1.472608575660941e-06,True,8.157427929341793,2.387314833700657,1.0,0.00028271647425636646,0.0002827164629578004,9.231533284030157e-06,1.3858778513223507e-05,9.231533284030157e-06,1.3856586231681004e-05,0.9998418127874393,2.0,1.153004795196578e-282,0.24800102332728086,2.63179630660787e-116,0.01116015342094824,0.0002827164629578004,0.0002734849296737703,0.0002919479962418306,0.0,0.011161539553259176,4.0686383955180645,7.945629954338074,2.203829074278474,4.0806165005219815e-115,True,True,False,True,True,True,False,False,False,280
L192_gL4,192,2.0,gL,4,L192_gL4,L192_gL4_i1_t102p155,102.155,0.5320572916666666666666666667,0.5,1.0,open,0.020833333333333332,"['charge_density_wave', 'left', 'right']","[['charge_density_wave', 'left'], ['charge_density_wave', 'right'], ['left', 'right']]","[240, 280, 320, 360]",['right'],edge,new_size_mechanism,0.05,2043,right,280,0.2654834577863845,0.05001383555668489,1.6792920036454714e-137,1.7813467649113723e-118,0.2479996371949699,0.017483820591414567,False,8.235300358384848,2.268904520198703,4.0,0.05007646479542018,0.05001379545378972,4.1502154146582565e-08,6.233968712868153e-08,4.1502154146582565e-08,6.065994927174933e-08,0.9730550804102549,8.0,4.9545524903144836e-281,0.265483433764496,2.63179630660787e-116,7.17058434574418e-05,0.04802640595034633,0.05001375395163558,0.05001383695594387,0.017412090726068648,0.017555502412983533,3.7818629536777735,16.728493366390467,2.229660041630268,1.8525946689215037e-108,True,False,True,False,False,True,True,False,False,280
L192_gL4,192,2.0,gL,4,L192_gL4,L192_gL4_i1_t102p225,102.225,0.532421875,0.5,1.0,open,0.020833333333333332,"['charge_density_wave', 'left', 'right']","[['charge_density_wave', 'left'], ['charge_density_wave', 'right'], ['left', 'right']]","[240, 280, 320, 360]",['right'],edge,new_size_mechanism,0.05,2044,charge_density_wave,280,0.2479996371949699,6.774108455882083e-119,0.9092891683873894,1.4801602982103812e-118,0.2479996371949699,4.701888075785934e-120,True,8.134042520076036,2.35653736628592,0.0,0.0,0.0,1.6788994164117367e-118,2.535749896577017e-118,1.6788994164117367e-118,2.535749896577017e-118,1.0,0.0,0.0,0.2479996371949699,2.1867925780533542e-116,5.655720258494506e-112,1.2722220060488289e-118,0.0,2.2035815722174716e-116,0.0,5.655720258494506e-112,3.8069103732705116,4.224246151745319,2.232883334159851,1.9463655409661726e-237,True,True,False,True,True,True,False,False,False,280
L192_gL4,192,2.0,gL,4,L192_gL4,L192_gL4_i1_t102p225,102.225,0.532421875,0.5,1.0,open,0.020833333333333332,"['charge_density_wave', 'left', 'right']","[['charge_density_wave', 'left'], ['charge_density_wave', 'right'], ['left', 'right']]","[240, 280, 320, 360]",['right'],edge,new_size_mechanism,0.05,2044,left,280,0.24800067308637358,0.0002422545411774866,6.586858641410534e-131,1.4801602982103812e-118,0.2479996371949699,1.035891403675253e-06,True,8.320696596056223,2.355113072320819,1.0,0.00023459800298636675,0.00023459799653067302,7.66042009932615e-06,1.1500263683569393e-05,7.66042009932615e-06,1.1498754043451972e-05,0.9998687299562029,2.0,1.470356469480788e-282,0.248000612176703,2.1867925780533542e-116,0.00939800431538525,0.00023459799653067302,0.00022693757643134685,0.00024225841662999916,0.0,0.009398979297118339,3.8793505113571882,8.109634751453996,2.2152565605938435,3.3860909523615103e-115,True,True,False,True,True,True,False,False,False,280
L192_gL4,192,2.0,gL,4,L192_gL4,L192_gL4_i1_t102p225,102.225,0.532421875,0.5,1.0,open,0.020833333333333332,"['charge_density_wave', 'left', 'right']","[['charge_density_wave', 'left'], ['charge_density_wave', 'right'], ['left', 'right']]","[240, 280, 320, 360]",['right'],edge,new_size_mechanism,0.05,2044,right,280,0.26068459919114734,0.041506786230084476,1.6792920036454714e-137,1.4801602982103812e-118,0.2479996371949699,0.012684961996177435,True,8.347937004640698,2.3166429065167904,4.0,0.04154255331671388,0.04150675291643251,3.429194936989932e-08,5.148970214457243e-08,3.429194936989932e-08,5.033143232726223e-08,0.9775048258376401,8.0,2.875509658558468e-281,0.26068458159693125,2.1867925780533542e-116,5.987655895931516e-05,0.03985612765962903,0.04150671862448314,0.04150678720838188,0.01262506784300204,0.01274482096092067,4.003102496266365,17.464786080643535,2.236651387065649,1.5385367299325082e-108,True,True,False,True,True,True,True,False,False,280
L192_gL4,192,2.0,gL,4,L192_gL4,L192_gL4_i2_t75p795,75.795,0.394765625,0.5,1.0,open,0.020833333333333332,"['charge_density_wave', 'block_cell12', 'block_cell36']","[['charge_density_wave', 'block_cell12'], ['charge_density_wave', 'block_cell36'], ['block_cell12', 'block_cell36']]","[240, 280, 320, 360]",['block_cell12'],translated,new_size_mechanism,0.05,1516,charge_density_wave,280,0.2479996371949699,1.5944129225285155e-88,0.9092891683873894,3.483748130192084e-88,0.2479996371949699,1.2773162050207632e-89,True,8.279812140390277,2.2815971300005913,0.0,0.0,0.0,4.2710825132397994e-88,6.448669566299857e-88,4.2710825132397994e-88,6.448669566299857e-88,1.0,0.0,0.0,0.2479996371949699,5.169172785404134e-86,9.87767396953735e-82,3.007297279431048e-88,0.0,5.211883610536532e-86,0.0,9.87767396953735e-82,3.8786174040287733,3.8488947469741106,2.1965959053486586,1.939145246194023e-237,True,True,False,True,True,True,False,False,False,280
L192_gL4,192,2.0,gL,4,L192_gL4,L192_gL4_i2_t75p795,75.795,0.394765625,0.5,1.0,open,0.020833333333333332,"['charge_density_wave', 'block_cell12', 'block_cell36']","[['charge_density_wave', 'block_cell12'], ['charge_density_wave', 'block_cell36'], ['block_cell12', 'block_cell36']]","[240, 280, 320, 360]",['block_cell12'],translated,new_size_mechanism,0.05,1516,block_cell12,280,0.2715559946089587,0.059563711405803396,5.436392659698866e-97,3.483748130192084e-88,0.2479996371949699,0.023556357413988777,False,8.44248660467565,2.4275063276290894,4.0,0.059669652626247044,0.05956370951989114,2.1140620454349977e-09,3.191991711637663e-09,2.1140620454349977e-09,3.089201684678311e-09,0.9677975269846126,8.0,1.8409948568492533e-280,0.27155599334232433,5.169172785404134e-86,4.256805235588704e-06,0.05860453881798784,0.0595637074058291,0.05956371163395319,0.023552099342118826,0.023560612952590005,3.749015299603343,16.50704195536673,2.2297142911702394,2.3068916092432574e-146,True,False,True,False,False,True,True,False,False,280
L192_gL4,192,2.0,gL,4,L192_gL4,L192_gL4_i2_t75p795,75.795,0.394765625,0.5,1.0,open,0.020833333333333332,"['charge_density_wave', 'block_cell12', 'block_cell36']","[['charge_density_wave', 'block_cell12'], ['charge_density_wave', 'block_cell36'], ['block_cell12', 'block_cell36']]","[240, 280, 320, 360]",['block_cell12'],translated,new_size_mechanism,0.05,1516,block_cell36,280,0.27798066730503607,0.9976383485915037,3.37690471900673e-101,3.483748130192084e-88,0.2479996371949699,0.02998103011006616,False,8.582976412028074,2.432982224971056,4.0,14.524687165193235,0.997638348404422,3.3659177606447187e-07,1.4082938075151214e-06,3.3659177606447187e-07,9.35026728441203e-07,0.6639429382218335,8.0,1.5888325088147538e-280,0.2779806689860449,5.169172785404134e-86,0.0005139156959564964,0.9975516960827308,0.9976380118126459,0.997638684996198,0.029467116095118515,0.030494947487031507,3.921813987195492,17.086549093946815,2.2116491701453924,9.828458439023276e-145,True,False,True,False,False,True,False,False,False,280
L192_gL4,192,2.0,gL,4,L192_gL4,L192_gL4_i2_t75p865,75.865,0.3951302083333333333333333333,0.5,1.0,open,0.020833333333333332,"['charge_density_wave', 'block_cell12', 'block_cell36']","[['charge_density_wave', 'block_cell12'], ['charge_density_wave', 'block_cell36'], ['block_cell12', 'block_cell36']]","[240, 280, 320, 360]",['block_cell12'],translated,new_size_mechanism,0.05,1517,charge_density_wave,280,0.2479996371949699,1.3248328014302398e-88,0.9092891683873894,2.894723169925497e-88,0.2479996371949699,1.0608775593021805e-89,True,8.17829155549407,2.2840051725506783,0.0,0.0,0.0,3.548080916461481e-88,5.357056285644137e-88,3.548080916461481e-88,5.357056285644137e-88,1.0,0.0,0.0,0.2479996371949699,4.295130536286369e-86,8.21516827317829e-82,2.498801048602473e-88,0.0,4.330611345450984e-86,0.0,8.21516827317829e-82,3.95006325468421,4.054399536922574,2.2399192359298468,1.9431759411886568e-237,True,True,False,True,True,True,False,False,False,280
L192_gL4,192,2.0,gL,4,L192_gL4,L192_gL4_i2_t75p865,75.865,0.3951302083333333333333333333,0.5,1.0,open,0.020833333333333332,"['charge_density_wave', 'block_cell12', 'block_cell36']","[['charge_density_wave', 'block_cell12'], ['charge_density_wave', 'block_cell36'], ['block_cell12', 'block_cell36']]","[240, 280, 320, 360]",['block_cell12'],translated,new_size_mechanism,0.05,1517,block_cell12,280,0.2651530581731065,0.049460213904021805,5.436392659698866e-97,2.894723169925497e-88,0.2479996371949699,0.017153420978136595,True,8.430673062801361,2.315001055598259,4.0,0.049520821130014124,0.049460212335849706,1.746123047592013e-09,2.6351932912204982e-09,1.746123047592013e-09,2.5642340395975578e-09,0.9730724680199548,8.0,4.5468273049475084e-281,0.2651530572406903,4.295130536286369e-86,3.547988138395749e-06,0.048662842474292256,0.049460210589726654,0.04946021408197275,0.017149872057582016,0.01715696803385881,3.7932535354048014,17.493120217695832,2.2298227977007627,1.917599293998084e-146,True,True,False,True,True,True,True,False,False,280
L192_gL4,192,2.0,gL,4,L192_gL4,L192_gL4_i2_t75p865,75.865,0.3951302083333333333333333333,0.5,1.0,open,0.020833333333333332,"['charge_density_wave', 'block_cell12', 'block_cell36']","[['charge_density_wave', 'block_cell12'], ['charge_density_wave', 'block_cell36'], ['block_cell12', 'block_cell36']]","[240, 280, 320, 360]",['block_cell12'],translated,new_size_mechanism,0.05,1517,block_cell36,280,0.28890224774738904,0.996575556097764,3.37690471900673e-101,2.894723169925497e-88,0.2479996371949699,0.04090261055241911,False,8.588075181469321,2.439674947410822,4.0,12.052365965518735,0.9965755558268521,2.810993446465204e-07,1.1684087261898605e-06,2.810993446465204e-07,7.760126179167463e-07,0.6641619499430613,8.0,9.137084909878204e-281,0.2889022502129654,4.295130536286369e-86,0.00043405042427514286,0.9964501099775691,0.9965752747275075,0.9965758369261968,0.04046856259372037,0.04133666344227066,3.8864616733044386,17.36281966045499,2.2614706996828318,1.3222268908752284e-144,True,False,True,False,False,True,False,False,False,280
L192_gL4,192,2.0,gL,4,L192_gL4,L192_gL4_i2_t75p935,75.935,0.3954947916666666666666666667,0.5,1.0,open,0.020833333333333332,"['charge_density_wave', 'block_cell12', 'block_cell36']","[['charge_density_wave', 'block_cell12'], ['charge_density_wave', 'block_cell36'], ['block_cell12', 'block_cell36']]","[240, 280, 320, 360]",['block_cell12'],translated,new_size_mechanism,0.05,1519,charge_density_wave,280,0.2479996371949699,1.1008327433569053e-88,0.9092891683873894,2.4052893369509446e-88,0.2479996371949699,8.811143800452786e-90,True,8.327098596841097,2.240649316459894,0.0,0.0,0.0,2.947468475738999e-88,4.4502293447323926e-88,2.947468475738999e-88,4.4502293447323926e-88,1.0,0.0,0.0,0.2479996371949699,3.568877862978482e-86,6.832471979296274e-82,2.0762851491948693e-88,0.0,3.598352547735872e-86,0.0,6.832471979296274e-82,4.330435527488589,3.916991077363491,2.2055748514831066,1.9367788439942346e-237,True,True,False,True,True,True,False,False,False,280
L192_gL4,192,2.0,gL,4,L192_gL4,L192_gL4_i2_t75p935,75.935,0.3954947916666666666666666667,0.5,1.0,open,0.020833333333333332,"['charge_density_wave', 'block_cell12', 'block_cell36']","[['charge_density_wave', 'block_cell12'], ['charge_density_wave', 'block_cell36'], ['block_cell12', 'block_cell36']]","[240, 280, 320, 360]",['block_cell12'],translated,new_size_mechanism,0.05,1519,block_cell12,280,0.26045136395266016,0.04106354436706835,5.436392659698866e-97,2.4052893369509446e-88,0.2479996371949699,0.01245172675769027,True,8.422526216134429,2.2997785843908787,2.0,0.04108862268199443,0.04105398209249696,9.988656037552917e-06,1.5068979786704791e-05,9.988656037552917e-06,1.4730194672641403e-05,0.9775177139488703,4.0,6.62210627919955e-281,0.2604463511794144,3.568877862978482e-86,0.01199986522867893,0.04040101479188566,0.041043993436459404,0.04106397074853451,0.00044684875576558175,0.024446579213123442,3.8063202798366547,12.61927611939609,2.242244763299823,1.593209299719358e-146,True,True,False,True,True,True,True,False,False,280
L192_gL4,192,2.0,gL,4,L192_gL4,L192_gL4_i2_t75p935,75.935,0.3954947916666666666666666667,0.5,1.0,open,0.020833333333333332,"['charge_density_wave', 'block_cell12', 'block_cell36']","[['charge_density_wave', 'block_cell12'], ['charge_density_wave', 'block_cell36'], ['block_cell12', 'block_cell36']]","[240, 280, 320, 360]",['block_cell12'],translated,new_size_mechanism,0.05,1519,block_cell36,280,0.30353979476621124,0.995038066486356,3.37690471900673e-101,2.4052893369509446e-88,0.2479996371949699,0.055540157571241325,False,8.613180968910456,2.2908050287514925,4.0,10.000889173091776,0.995038066094614,2.354265210067706e-07,9.692417012702193e-07,2.354265210067706e-07,6.44041901212019e-07,0.6644801811230195,8.0,5.84711997023832e-281,0.30353979820004606,3.568877862978482e-86,0.00036753357519492285,0.994856724858211,0.995037830668093,0.995038301521135,0.05517262742988125,0.055907694580271096,4.074989337474108,17.405199913308024,2.312699792906642,1.7654126087190638e-144,True,False,True,False,False,False,False,False,False,280
L192_gL4,192,2.0,gL,4,L192_gL4,L192_gL4_i3_t77p855,77.855,0.4054947916666666666666666667,0.5,1.0,open,0.020833333333333332,"['charge_density_wave', 'block_cell12', 'block_cell36']","[['charge_density_wave', 'block_cell12'], ['charge_density_wave', 'block_cell36'], ['block_cell12', 'block_cell36']]","[240, 280, 320, 360]",['block_cell36'],translated,new_size_mechanism,0.05,1557,charge_density_wave,280,0.2479996371949699,6.845014083605226e-91,0.9092891683873894,1.4956189231997903e-90,0.2479996371949699,5.4132237659019176e-92,True,8.03629856929183,2.191647920757532,0.0,0.0,0.0,1.8208358401052526e-90,2.7492751192755793e-90,1.8208358401052526e-90,2.7492751192755793e-90,1.0,0.0,0.0,0.2479996371949699,2.2184466160955492e-88,4.355997124698203e-84,1.290637544944354e-90,0.0,2.2366549744966017e-88,0.0,4.355997124698203e-84,4.004473801702261,3.896066676825285,2.2277604080736637,1.94194749577529e-237,True,True,False,True,True,True,False,False,False,280
L192_gL4,192,2.0,gL,4,L192_gL4,L192_gL4_i3_t77p855,77.855,0.4054947916666666666666666667,0.5,1.0,open,0.020833333333333332,"['charge_density_wave', 'block_cell12', 'block_cell36']","[['charge_density_wave', 'block_cell12'], ['charge_density_wave', 'block_cell36'], ['block_cell12', 'block_cell36']]","[240, 280, 320, 360]",['block_cell36'],translated,new_size_mechanism,0.05,1557,block_cell12,280,0.24800071472162327,0.0002473679122248976,5.436392659698866e-97,1.4956189231997903e-90,0.2479996371949699,1.0775266533706157e-06,True,8.192179311066866,2.2370313685387373,1.0,0.00024336505195685966,0.00024336504475002394,4.022328695627656e-06,6.063498005271539e-06,4.022328695627656e-06,6.062665938740275e-06,0.9998627745023514,2.0,8.136936068966774e-282,0.2480006820635156,2.2184466160955492e-88,0.005183454977036303,0.00024336504475002394,0.0002393427160543963,0.0002473873734456516,0.0,0.005184499845581995,3.938506528735161,8.489250618964434,2.220796139910817,9.61276885128583e-149,True,True,False,True,True,True,False,False,False,280
L192_gL4,192,2.0,gL,4,L192_gL4,L192_gL4_i3_t77p855,77.855,0.4054947916666666666666666667,0.5,1.0,open,0.020833333333333332,"['charge_density_wave', 'block_cell12', 'block_cell36']","[['charge_density_wave', 'block_cell12'], ['charge_density_wave', 'block_cell36'], ['block_cell12', 'block_cell36']]","[240, 280, 320, 360]",['block_cell36'],translated,new_size_mechanism,0.05,1557,block_cell36,280,0.27173503232999713,0.05982990302452999,3.37690471900673e-101,1.4956189231997903e-90,0.2479996371949699,0.023735395135027218,False,8.252809051424265,2.2297493256628513,4.0,0.05993727305199226,0.05982990063673639,2.6542450915403193e-09,4.008175356483144e-09,2.6542450915403193e-09,3.878519247529342e-09,0.967652086692244,8.0,8.048728854093212e-281,0.27173503072167915,2.2184466160955492e-88,5.286518696223565e-06,0.058760049361192515,0.0598298979824913,0.05982990329098148,0.023730107008013045,0.023740680045405492,3.8056794311851263,17.381031941622496,2.240866396576166,1.1657791502695024e-144,True,False,True,False,False,True,True,False,False,280
L192_gL4,192,2.0,gL,4,L192_gL4,L192_gL4_i3_t77p925,77.925,0.405859375,0.5,1.0,open,0.020833333333333332,"['charge_density_wave', 'block_cell12', 'block_cell36']","[['charge_density_wave', 'block_cell12'], ['charge_density_wave', 'block_cell36'], ['block_cell12', 'block_cell36']]","[240, 280, 320, 360]",['block_cell36'],translated,new_size_mechanism,0.05,1558,charge_density_wave,280,0.2479996371949699,5.687672889672987e-91,0.9092891683873894,1.2427427539315768e-90,0.2479996371949699,4.496018972464974e-92,True,8.081816717982292,2.235661029815674,0.0,0.0,0.0,1.5126177504044687e-90,2.28390010889278e-90,1.5126177504044687e-90,2.28390010889278e-90,1.0,0.0,0.0,0.2479996371949699,1.8433351330058513e-88,3.6227507219349815e-84,1.07240693254071e-90,0.0,1.858461310509896e-88,0.0,3.6227507219349815e-84,4.058790871873498,3.9361857883632183,2.261348605155945,1.9411493344085958e-237,True,True,False,True,True,True,False,False,False,280
L192_gL4,192,2.0,gL,4,L192_gL4,L192_gL4_i3_t77p925,77.925,0.405859375,0.5,1.0,open,0.020833333333333332,"['charge_density_wave', 'block_cell12', 'block_cell36']","[['charge_density_wave', 'block_cell12'], ['charge_density_wave', 'block_cell36'], ['block_cell12', 'block_cell36']]","[240, 280, 320, 360]",['block_cell36'],translated,new_size_mechanism,0.05,1558,block_cell12,280,0.2480003951353338,0.00020530432890585889,5.436392659698866e-97,1.2427427539315768e-90,0.2479996371949699,7.579403639088395e-07,True,8.203156931325793,2.2629746571183205,1.0,0.00020198198002915684,0.0002019819759090558,3.3384048066005315e-06,5.032532517075544e-06,3.3384048066005315e-06,5.031959336370173e-06,0.9998861049176679,2.0,3.3703571854840696e-282,0.24800037213415438,1.8433351330058513e-88,0.004361831247379489,0.0002019819759090558,0.00019864357110245526,0.00020532038071565634,0.0,0.00436256618656396,3.993044139817357,8.298765344545245,2.294126572087407,7.978159660388551e-149,True,True,False,True,True,True,False,False,False,280
L192_gL4,192,2.0,gL,4,L192_gL4,L192_gL4_i3_t77p925,77.925,0.405859375,0.5,1.0,open,0.020833333333333332,"['charge_density_wave', 'block_cell12', 'block_cell36']","[['charge_density_wave', 'block_cell12'], ['charge_density_wave', 'block_cell36'], ['block_cell12', 'block_cell36']]","[240, 280, 320, 360]",['block_cell36'],translated,new_size_mechanism,0.05,1558,block_cell36,280,0.2652816523188508,0.049676176015845785,3.37690471900673e-101,1.2427427539315768e-90,0.2479996371949699,0.017282015123880886,True,8.325788548216224,2.3287750724703074,4.0,0.04973758120624887,0.04967617403057685,2.1920028631499677e-09,3.308533942508127e-09,2.1920028631499677e-09,3.2190471695886534e-09,0.9729527414635994,8.0,9.609890015120307e-281,0.26528165113500585,1.8433351330058513e-88,4.406125699384598e-06,0.04878688305054991,0.049676171838573986,0.049676176222579714,0.017277607814336546,0.017286420065735313,4.060217084363103,17.457592943683267,2.2175958808511496,9.689567478660345e-145,True,True,False,True,True,True,True,False,False,280
L192_gL4,192,2.0,gL,4,L192_gL4,L192_gL4_i3_t77p995,77.995,0.4062239583333333333333333333,0.5,1.0,open,0.020833333333333332,"['charge_density_wave', 'block_cell12', 'block_cell36']","[['charge_density_wave', 'block_cell12'], ['charge_density_wave', 'block_cell36'], ['block_cell12', 'block_cell36']]","[240, 280, 320, 360]",['block_cell36'],translated,new_size_mechanism,0.05,1560,charge_density_wave,280,0.2479996371949699,4.72601261314646e-91,0.9092891683873894,1.0326223668550949e-90,0.2479996371949699,3.7342248631289506e-92,True,8.016246471554041,2.1875222213566303,0.0,0.0,0.0,1.2565728903478738e-90,1.8973004156694646e-90,1.2565728903478738e-90,1.8973004156694646e-90,1.0,0.0,0.0,0.2479996371949699,1.5316502943640597e-88,3.0129294225771647e-84,8.910763780786805e-91,0.0,1.5442160232675384e-88,0.0,3.0129294225771647e-84,4.178917055949569,4.166191168129444,2.230106668546796,1.9367281027739783e-237,True,True,False,True,True,True,False,False,False,280
L192_gL4,192,2.0,gL,4,L192_gL4,L192_gL4_i3_t77p995,77.995,0.4062239583333333333333333333,0.5,1.0,open,0.020833333333333332,"['charge_density_wave', 'block_cell12', 'block_cell36']","[['charge_density_wave', 'block_cell12'], ['charge_density_wave', 'block_cell36'], ['block_cell12', 'block_cell36']]","[240, 280, 320, 360]",['block_cell36'],translated,new_size_mechanism,0.05,1560,block_cell12,280,0.24800017010836806,0.00017039369290495075,5.436392659698866e-97,1.0326223668550949e-90,0.2479996371949699,5.329133981389927e-07,True,8.16930504143238,2.233145484700799,1.0,0.00016763616079797339,0.0001676361584425276,2.770785188724672e-06,4.176882737035459e-06,2.770785188724672e-06,4.176487892748277e-06,0.999905469147199,2.0,1.987751331592826e-282,0.24800015391633098,1.5316502943640597e-88,0.0036697728973817366,0.0001676361584425276,0.00016486537325380293,0.00017040694363125227,0.0,0.0036702896187428146,4.0665986854583025,8.506834171712399,2.261987689882517,6.621519153079793e-149,True,True,False,True,True,True,False,False,False,280
L192_gL4,192,2.0,gL,4,L192_gL4,L192_gL4_i3_t77p995,77.995,0.4062239583333333333333333333,0.5,1.0,open,0.020833333333333332,"['charge_density_wave', 'block_cell12', 'block_cell36']","[['charge_density_wave', 'block_cell12'], ['charge_density_wave', 'block_cell36'], ['block_cell12', 'block_cell36']]","[240, 280, 320, 360]",['block_cell36'],translated,new_size_mechanism,0.05,1560,block_cell36,280,0.26054325221592994,0.04123855931986979,3.37690471900673e-101,1.0326223668550949e-90,0.2479996371949699,0.01254361502096004,True,8.275950817391276,2.2404968440532684,4.0,0.041273667988327295,0.0412385576701256,1.8115957292223649e-09,2.733446324871143e-09,1.8115957292223649e-09,2.6717097576647366e-09,0.9774143846745127,8.0,5.201315124759578e-281,0.2605432513484959,1.5316502943640597e-88,3.674621836988864e-06,0.0404997297772864,0.041238555858529875,0.04123855948172134,0.012539939531688991,0.01254728877536297,3.8395263701677322,17.34300040639937,2.2398669067770243,8.049621279146991e-145,True,True,False,True,True,True,True,False,False,280
L192_gL4,192,2.0,gL,4,L192_gL4,L192_gL4_late,134.40,0.70,0.5,1.0,open,0.020833333333333332,"['charge_density_wave', 'left', 'right', 'block_cell12', 'block_cell36']","[['charge_density_wave', 'left'], ['charge_density_wave', 'right'], ['charge_density_wave', 'block_cell12'], ['charge_density_wave', 'block_cell36'], ['left', 'right'], ['block_cell12', 'block_cell36']]","[240, 280, 320, 360]","['left', 'right', 'block_cell12', 'block_cell36']",persistence,new_size_mechanism,0.05,2688,charge_density_wave,280,0.2479996371949699,7.199262859260365e-156,0.9092891683873894,1.5731299518235808e-155,0.2479996371949699,4.3913482528030755e-157,True,8.207680966705084,2.2018227092921734,0.0,0.0,0.0,1.6633587300780304e-155,2.5128773033554715e-155,1.6633587300780304e-155,2.5128773033554715e-155,1.0,0.0,0.0,0.2479996371949699,2.3119805198151836e-153,7.879866099878825e-149,1.3450532640290144e-155,0.0,2.328614107115964e-153,0.0,7.879866099878825e-149,4.021452015265822,3.910699876025319,2.2637844514101744,1.944040969515798e-237,True,True,False,True,True,True,False,False,False,280
L192_gL4,192,2.0,gL,4,L192_gL4,L192_gL4_late,134.40,0.70,0.5,1.0,open,0.020833333333333332,"['charge_density_wave', 'left', 'right', 'block_cell12', 'block_cell36']","[['charge_density_wave', 'left'], ['charge_density_wave', 'right'], ['charge_density_wave', 'block_cell12'], ['charge_density_wave', 'block_cell36'], ['left', 'right'], ['block_cell12', 'block_cell36']]","[240, 280, 320, 360]","['left', 'right', 'block_cell12', 'block_cell36']",persistence,new_size_mechanism,0.05,2688,left,280,0.2479996371949699,1.55434344430258e-41,6.586858641410534e-131,1.5731299518235808e-155,0.2479996371949699,8.402216007891866e-62,True,8.312801821157336,2.2507846280932426,0.0,0.0,0.0,1.5543434443285132e-41,2.3385291585430247e-41,1.5543434443285132e-41,2.3385291585430247e-41,1.0,0.0,0.0,0.2479996371949699,2.3119805198151836e-153,1.4170380005534314e-37,1.5045755211650163e-41,0.0,1.5543434443285132e-41,0.0,1.4170380005534314e-37,3.9358268808573484,4.095408283174038,2.2787308394908905,1.958962257897802e-148,True,True,False,True,True,True,True,False,False,280
L192_gL4,192,2.0,gL,4,L192_gL4,L192_gL4_late,134.40,0.70,0.5,1.0,open,0.020833333333333332,"['charge_density_wave', 'left', 'right', 'block_cell12', 'block_cell36']","[['charge_density_wave', 'left'], ['charge_density_wave', 'right'], ['charge_density_wave', 'block_cell12'], ['charge_density_wave', 'block_cell36'], ['left', 'right'], ['block_cell12', 'block_cell36']]","[240, 280, 320, 360]","['left', 'right', 'block_cell12', 'block_cell36']",persistence,new_size_mechanism,0.05,2688,right,280,0.2479996371949699,2.393790619624034e-39,1.6792920036454714e-137,1.5731299518235808e-155,0.2479996371949699,2.537238621934975e-61,True,8.296987319365144,2.2953554689884186,0.0,0.0,0.0,2.3937906196473507e-39,3.597443222549178e-39,2.3937906196473507e-39,3.597443222549178e-39,1.0,0.0,0.0,0.2479996371949699,2.3119805198151836e-153,2.0665791395963223e-35,2.2972113242288296e-39,0.0,2.3937906196473507e-39,0.0,2.0665791395963223e-35,3.712749971076846,4.162208821624517,2.2597646825015545,7.582532281940527e-142,True,True,False,True,True,True,True,False,False,280
L192_gL4,192,2.0,gL,4,L192_gL4,L192_gL4_late,134.40,0.70,0.5,1.0,open,0.020833333333333332,"['charge_density_wave', 'left', 'right', 'block_cell12', 'block_cell36']","[['charge_density_wave', 'left'], ['charge_density_wave', 'right'], ['charge_density_wave', 'block_cell12'], ['charge_density_wave', 'block_cell36'], ['left', 'right'], ['block_cell12', 'block_cell36']]","[240, 280, 320, 360]","['left', 'right', 'block_cell12', 'block_cell36']",persistence,new_size_mechanism,0.05,2688,block_cell12,280,0.2479996371949699,1.3781692165199985e-69,5.436392659698866e-97,1.5731299518235808e-155,0.2479996371949699,2.084372362903998e-82,True,8.197094682604074,2.281045423820615,0.0,0.0,0.0,1.378169216656622e-69,2.0805035507700204e-69,1.378169216656622e-69,2.0805035507700204e-69,1.0,0.0,0.0,0.2479996371949699,2.3119805198151836e-153,2.1110149814417913e-65,1.3554591380379621e-69,0.0,1.378169216656622e-69,0.0,2.1110149814417913e-65,3.930909836664796,3.9764678962528706,2.2197890169918537,8.149303149799935e-210,True,True,False,True,True,True,True,False,False,280
L192_gL4,192,2.0,gL,4,L192_gL4,L192_gL4_late,134.40,0.70,0.5,1.0,open,0.020833333333333332,"['charge_density_wave', 'left', 'right', 'block_cell12', 'block_cell36']","[['charge_density_wave', 'left'], ['charge_density_wave', 'right'], ['charge_density_wave', 'block_cell12'], ['charge_density_wave', 'block_cell36'], ['left', 'right'], ['block_cell12', 'block_cell36']]","[240, 280, 320, 360]","['left', 'right', 'block_cell12', 'block_cell36']",persistence,new_size_mechanism,0.05,2688,block_cell36,280,0.2479996371949699,3.026571889260289e-67,3.37690471900673e-101,1.5731299518235808e-155,0.2479996371949699,1.2830046110627987e-81,True,8.10129620693624,2.2256676834076643,0.0,0.0,0.0,3.026571889463962e-67,4.568972769666844e-67,3.026571889463962e-67,4.568972769666844e-67,1.0,0.0,0.0,0.2479996371949699,2.3119805198151836e-153,4.4793003623059634e-63,2.9712947652042126e-67,0.0,3.026571889463962e-67,0.0,4.4793003623059634e-63,4.145489884540439,4.032788606360555,2.2846449110656977,8.697909985885098e-206,True,True,False,True,True,True,True,False,False,280
L192_g0p25,192,2.0,g,0.25,L192_g0p25,L192_g0p25_i0_t93p055,93.055,0.4846614583333333333333333333,0.5,1.0,open,0.25,"['charge_density_wave', 'left', 'right']","[['charge_density_wave', 'left'], ['charge_density_wave', 'right'], ['left', 'right']]","[240, 280, 320, 360]",['left'],edge,new_size_mechanism,0.05,1861,charge_density_wave,280,0.1807881606881332,2.386069190399991e-107,0.8803712090876306,4.4514131696021075e-107,0.1807881606881332,1.9742913109638547e-109,True,8.08233092725277,2.2222935780882835,0.0,0.0,0.0,4.5204698736912785e-107,6.940505926369192e-107,4.5204698736912785e-107,6.940505926369192e-107,1.0,0.0,0.0,0.1807881606881332,3.8059916301769926e-87,7.307077409961367e-83,3.0482573782225143e-101,0.0,3.8059916301769926e-87,0.0,7.307077409961367e-83,3.7583923041820526,3.69534133002162,2.1434055119752884,2.2581696387998854e-237,True,True,False,True,True,True,False,False,False,280
L192_g0p25,192,2.0,g,0.25,L192_g0p25,L192_g0p25_i0_t93p055,93.055,0.4846614583333333333333333333,0.5,1.0,open,0.25,"['charge_density_wave', 'left', 'right']","[['charge_density_wave', 'left'], ['charge_density_wave', 'right'], ['left', 'right']]","[240, 280, 320, 360]",['left'],edge,new_size_mechanism,0.05,1861,left,280,0.2050565558175005,0.06061789624547808,6.0022100672024e-122,4.4514131696021075e-107,0.1807881606881332,0.024268395129367324,False,8.16773179732263,2.2969074305146933,4.0,0.06072953720661929,0.06061785842652008,4.0244933465834097e-08,6.175473914407296e-08,4.0244933465834097e-08,5.967599282718433e-08,0.9663386754490381,8.0,1.4686367303127178e-280,0.20505653012915934,3.8059916301769926e-87,6.965251175227329e-05,0.058581880954915774,0.06061781818158662,0.06061789867145355,0.02419871692927388,0.024338021952778423,3.6481244061142206,16.209324307739735,2.132854636758566,7.988618918170427e-113,True,False,True,False,False,True,True,False,False,280
L192_g0p25,192,2.0,g,0.25,L192_g0p25,L192_g0p25_i0_t93p055,93.055,0.4846614583333333333333333333,0.5,1.0,open,0.25,"['charge_density_wave', 'left', 'right']","[['charge_density_wave', 'left'], ['charge_density_wave', 'right'], ['left', 'right']]","[240, 280, 320, 360]",['left'],edge,new_size_mechanism,0.05,1861,right,280,0.34225061990939265,1.0,6.534750376382548e-147,4.4514131696021075e-107,0.1807881606881332,0.16146245922125949,False,8.345797108486295,2.272561028599739,12.0,9.151452383906451e+17,1.0,2.1596339630667234e-08,3.744515226174958e-05,2.1596339630667234e-08,2.447438152801858e-05,0.6536061425772138,24.0,2.5573579304402967e-280,0.34225061989304595,3.8059916301769926e-87,3.866762479900851e-05,1.0,0.9999999784036604,1.0,0.16142379158011375,0.16150112682971174,3.5750445555895567,31.530709221959114,2.2112269420176744,1.2133622734720626e-113,True,False,True,False,False,False,False,False,False,280
L192_g0p25,192,2.0,g,0.25,L192_g0p25,L192_g0p25_i0_t93p125,93.125,0.4850260416666666666666666667,0.5,1.0,open,0.25,"['charge_density_wave', 'left', 'right']","[['charge_density_wave', 'left'], ['charge_density_wave', 'right'], ['left', 'right']]","[240, 280, 320, 360]",['left'],edge,new_size_mechanism,0.05,1862,charge_density_wave,280,0.1807881606881332,1.985894924457313e-107,0.8803712090876306,3.704890508858654e-107,0.1807881606881332,1.6398969606333627e-109,True,7.8979481011629105,2.176569227129221,0.0,0.0,0.0,3.761431884725581e-107,5.775120545766867e-107,3.761431884725581e-107,5.775120545766867e-107,1.0,0.0,0.0,0.1807881606881332,3.1624462075986665e-87,6.0771658269526626e-83,2.5328353087040684e-101,0.0,3.1624462075986665e-87,0.0,6.0771658269526626e-83,4.116075364872813,3.870368828997016,2.222779143601656,2.2581696387998854e-237,True,True,False,True,True,True,False,False,False,280
L192_g0p25,192,2.0,g,0.25,L192_g0p25,L192_g0p25_i0_t93p125,93.125,0.4850260416666666666666666667,0.5,1.0,open,0.25,"['charge_density_wave', 'left', 'right']","[['charge_density_wave', 'left'], ['charge_density_wave', 'right'], ['left', 'right']]","[240, 280, 320, 360]",['left'],edge,new_size_mechanism,0.05,1862,left,280,0.19852777539151722,0.05043966190325187,6.0022100672024e-122,3.704890508858654e-107,0.1807881606881332,0.017739614703384046,False,7.962689382955432,2.221667442470789,4.0,0.050503916236626846,0.05043963039358511,3.33032005508464e-08,5.107482899595242e-08,3.33032005508464e-08,4.96342173292847e-08,0.9717940971122607,8.0,7.11604078544554e-281,0.19852775641026787,3.1624462075986665e-87,5.824366046338902e-05,0.04874362599856397,0.05043959709038456,0.05043966369678566,0.01768135206167129,0.017797839382598067,4.0457048658281565,17.034283246845007,2.2605477552860975,6.654051181522014e-113,True,False,True,False,False,True,True,False,False,280
L192_g0p25,192,2.0,g,0.25,L192_g0p25,L192_g0p25_i0_t93p125,93.125,0.4850260416666666666666666667,0.5,1.0,open,0.25,"['charge_density_wave', 'left', 'right']","[['charge_density_wave', 'left'], ['charge_density_wave', 'right'], ['left', 'right']]","[240, 280, 320, 360]",['left'],edge,new_size_mechanism,0.05,1862,right,280,0.3007268783989976,1.0,6.534750376382548e-147,3.704890508858654e-107,0.1807881606881332,0.11993871771086441,False,8.02346833050251,2.240243947133422,12.0,7.583418114524243e+17,1.0,1.79418333127391e-08,3.1067867339601696e-05,1.79418333127391e-08,2.0306115063224897e-05,0.6536050524891044,24.0,1.3193157923556363e-280,0.30072687838631856,3.1624462075986665e-87,3.2443653005316406e-05,1.0,0.9999999820581666,1.0,0.11990627404518003,0.11997116135119067,4.072513347491622,33.591687044128776,2.2294641993939877,9.388182835294391e-114,True,False,True,False,False,False,False,False,False,280
L192_g0p25,192,2.0,g,0.25,L192_g0p25,L192_g0p25_i0_t93p195,93.195,0.485390625,0.5,1.0,open,0.25,"['charge_density_wave', 'left', 'right']","[['charge_density_wave', 'left'], ['charge_density_wave', 'right'], ['left', 'right']]","[240, 280, 320, 360]",['left'],edge,new_size_mechanism,0.05,1864,charge_density_wave,280,0.1807881606881332,1.6528349620859184e-107,0.8803712090876306,3.0835631468988964e-107,0.1807881606881332,1.3621408232076004e-109,True,7.893088784068823,2.1777953896671534,0.0,0.0,0.0,3.129845352327095e-107,4.805416474938694e-107,3.129845352327095e-107,4.805416474938694e-107,1.0,0.0,0.0,0.1807881606881332,2.6277162400092037e-87,5.054265993415986e-83,2.1045646430154355e-101,0.0,2.6277162400092037e-87,0.0,5.054265993415986e-83,4.056951705366373,3.9465507492423058,2.234663439914584,2.2581696387998854e-237,True,True,False,True,True,True,False,False,False,280
L192_g0p25,192,2.0,g,0.25,L192_g0p25,L192_g0p25_i0_t93p195,93.195,0.485390625,0.5,1.0,open,0.25,"['charge_density_wave', 'left', 'right']","[['charge_density_wave', 'left'], ['charge_density_wave', 'right'], ['left', 'right']]","[240, 280, 320, 360]",['left'],edge,new_size_mechanism,0.05,1864,left,280,0.19371505893221797,0.0419631625932169,6.0022100672024e-122,3.0835631468988964e-107,0.1807881606881332,0.012926898244084764,True,7.888890478760004,2.2182987593114376,4.0,0.042000131764591074,0.041963136353987546,2.7579120270699723e-08,4.2280209251025595e-08,2.7579120270699723e-08,4.128222337765095e-08,0.9763959097872621,8.0,1.4394740727071913e-280,0.1937150449700853,2.6277162400092037e-87,4.873219127104266e-05,0.04055104866174353,0.04196310877486728,0.04196316393310782,0.012878152090681072,0.012975616473223157,3.934243716299534,17.248715594410896,2.243179429322481,5.539731934446958e-113,True,True,False,True,True,True,True,False,False,280
L192_g0p25,192,2.0,g,0.25,L192_g0p25,L192_g0p25_i0_t93p195,93.195,0.485390625,0.5,1.0,open,0.25,"['charge_density_wave', 'left', 'right']","[['charge_density_wave', 'left'], ['charge_density_wave', 'right'], ['left', 'right']]","[240, 280, 320, 360]",['left'],edge,new_size_mechanism,0.05,1864,right,280,0.26893138529599897,1.0,6.534750376382548e-147,3.0835631468988964e-107,0.1807881606881332,0.08814322460786578,False,7.980094885453582,2.231084905564785,12.0,6.28407281202596e+17,1.0,1.4876512646881882e-08,2.577674172190131e-05,1.4876512646881882e-08,1.6847763905739578e-05,0.6536033175762012,24.0,7.596292807179476e-281,0.26893138528636074,2.6277162400092037e-87,2.7168295049033523e-05,1.0,0.9999999851234873,1.0,0.08811605630317851,0.08817039289327658,4.126673413440585,33.50107978284359,2.2309666890650988,7.115309402454647e-114,True,False,True,False,False,False,False,False,False,280
L192_g0p25,192,2.0,g,0.25,L192_g0p25,L192_g0p25_i1_t109p525,109.525,0.5704427083333333333333333333,0.5,1.0,open,0.25,"['charge_density_wave', 'left', 'right']","[['charge_density_wave', 'left'], ['charge_density_wave', 'right'], ['left', 'right']]","[240, 280, 320, 360]",['right'],edge,new_size_mechanism,0.05,2190,charge_density_wave,280,0.1807881606881332,4.1580311253655586e-126,0.8803712090876306,7.77773046511576e-126,0.1807881606881332,2.1658645435797254e-128,True,8.069490076974034,2.303197553381324,0.0,0.0,0.0,7.474357208176216e-126,1.1477304788793276e-125,7.474357208176216e-126,1.1477304788793276e-125,1.0,0.0,0.0,0.1807881606881332,4.497626556031389e-106,1.0516694537085523e-101,3.602194819665075e-120,0.0,4.497626556031389e-106,0.0,1.0516694537085523e-101,4.015716448426247,3.933679612353444,2.1996090319007635,2.2581696387998854e-237,True,True,False,True,True,True,False,False,False,280
L192_g0p25,192,2.0,g,0.25,L192_g0p25,L192_g0p25_i1_t109p525,109.525,0.5704427083333333333333333333,0.5,1.0,open,0.25,"['charge_density_wave', 'left', 'right']","[['charge_density_wave', 'left'], ['charge_density_wave', 'right'], ['left', 'right']]","[240, 280, 320, 360]",['right'],edge,new_size_mechanism,0.05,2190,left,280,0.1807881606881332,9.010073582116137e-21,6.0022100672024e-122,7.77773046511576e-126,0.1807881606881332,2.340746646501211e-38,True,8.137075643986464,2.449774730950594,0.0,0.0,0.0,9.010073587516686e-21,1.3807377855626712e-20,9.010073587516686e-21,1.3807377855626712e-20,1.0,0.0,0.0,0.1807881606881332,4.497626556031389e-106,4.0788338203361636e-17,8.704511596978502e-21,0.0,9.010073587516686e-21,0.0,4.0788338203361636e-17,4.100606678053737,3.987786365672946,2.2049785796552896,5.277701315771827e-128,True,True,False,True,True,True,False,False,False,280
L192_g0p25,192,2.0,g,0.25,L192_g0p25,L192_g0p25_i1_t109p525,109.525,0.5704427083333333333333333333,0.5,1.0,open,0.25,"['charge_density_wave', 'left', 'right']","[['charge_density_wave', 'left'], ['charge_density_wave', 'right'], ['left', 'right']]","[240, 280, 320, 360]",['right'],edge,new_size_mechanism,0.05,2190,right,280,0.20524580797923597,0.06089610998495573,6.534750376382548e-147,7.77773046511576e-126,0.1807881606881332,0.024457647291102794,False,8.269835291430354,2.366773484274745,4.0,0.06100929084912238,0.060896064469271594,4.728090944984979e-08,7.14112759405077e-08,4.728090944984979e-08,6.906599342288962e-08,0.967158092517883,8.0,2.8986843036795415e-280,0.20524577697216057,4.497626556031389e-106,8.10984515037304e-05,0.05851490218567616,0.06089601718836214,0.06089611175018104,0.024376517832523655,0.024538714735531115,3.914938459172845,17.21814208291471,2.1604483779519796,2.2600590421236882e-108,True,False,True,False,False,True,True,False,False,280
L192_g0p25,192,2.0,g,0.25,L192_g0p25,L192_g0p25_i1_t109p595,109.595,0.5708072916666666666666666667,0.5,1.0,open,0.25,"['charge_density_wave', 'left', 'right']","[['charge_density_wave', 'left'], ['charge_density_wave', 'right'], ['left', 'right']]","[240, 280, 320, 360]",['right'],edge,new_size_mechanism,0.05,2192,charge_density_wave,280,0.1807881606881332,3.4606604964786104e-126,0.8803712090876306,6.47335953178994e-126,0.1807881606881332,1.7991230754307593e-128,True,8.185608502477407,2.3037126157432795,0.0,0.0,0.0,6.219481431437839e-126,9.550375414647125e-126,6.219481431437839e-126,9.550375414647125e-126,1.0,0.0,0.0,0.1807881606881332,3.7371343469441814e-106,8.745098895000485e-102,2.9931088802608904e-120,0.0,3.7371343469441814e-106,0.0,8.745098895000485e-102,4.139393839985132,3.7736451476812363,2.148554502055049,2.2581696387998854e-237,True,True,False,True,True,True,False,False,False,280
L192_g0p25,192,2.0,g,0.25,L192_g0p25,L192_g0p25_i1_t109p595,109.595,0.5708072916666666666666666667,0.5,1.0,open,0.25,"['charge_density_wave', 'left', 'right']","[['charge_density_wave', 'left'], ['charge_density_wave', 'right'], ['left', 'right']]","[240, 280, 320, 360]",['right'],edge,new_size_mechanism,0.05,2192,left,280,0.1807881606881332,7.494557577097073e-21,6.0022100672024e-122,6.47335953178994e-126,0.1807881606881332,2.149600004569828e-38,True,8.30841208435595,2.3748696260154247,0.0,0.0,0.0,7.494557581578344e-21,1.1484986669539997e-20,7.494557581578344e-21,1.1484986669539997e-20,1.0,0.0,0.0,0.1807881606881332,3.7371343469441814e-106,3.4060145203257085e-17,7.240386779407821e-21,0.0,7.494557581578344e-21,0.0,3.4060145203257085e-17,4.035411993041635,3.919774543493986,2.1957246400415897,4.4074926326693353e-128,True,True,False,True,True,True,False,False,False,280
L192_g0p25,192,2.0,g,0.25,L192_g0p25,L192_g0p25_i1_t109p595,109.595,0.5708072916666666666666666667,0.5,1.0,open,0.25,"['charge_density_wave', 'left', 'right']","[['charge_density_wave', 'left'], ['charge_density_wave', 'right'], ['left', 'right']]","[240, 280, 320, 360]",['right'],edge,new_size_mechanism,0.05,2192,right,280,0.1985750832066191,0.05051815493809614,6.534750376382548e-147,6.47335953178994e-126,0.1807881606881332,0.017786922518485907,False,8.37357298284769,2.3722505420446396,4.0,0.050582703919194054,0.050518117127693565,3.9013301638312786e-08,5.889052626314727e-08,3.9013301638312786e-08,5.7274496087647786e-08,0.9725587411415141,8.0,1.5075433907381964e-280,0.1985750604064238,3.7371343469441814e-106,6.763731671304796e-05,0.04854050255609604,0.05051807811439193,0.0505181561409952,0.01771926240157757,0.017854537035003663,3.7997509948909283,17.23604405298829,2.1925150360912085,1.87682017080321e-108,True,False,True,False,False,True,True,False,False,280
L192_g0p25,192,2.0,g,0.25,L192_g0p25,L192_g0p25_i1_t109p665,109.665,0.571171875,0.5,1.0,open,0.25,"['charge_density_wave', 'left', 'right']","[['charge_density_wave', 'left'], ['charge_density_wave', 'right'], ['left', 'right']]","[240, 280, 320, 360]",['right'],edge,new_size_mechanism,0.05,2193,charge_density_wave,280,0.1807881606881332,2.88025040302221e-126,0.8803712090876306,5.387739205623658e-126,0.1807881606881332,1.4944815007640862e-128,True,8.233146894723177,2.3222080897539854,0.0,0.0,0.0,5.175288188350923e-126,7.94695966934688e-126,5.175288188350923e-126,7.94695966934688e-126,1.0,0.0,0.0,0.1807881606881332,3.105231826857891e-106,7.271934185398187e-102,2.4870117296791743e-120,0.0,3.105231826857891e-106,0.0,7.271934185398187e-102,3.8885172959417105,3.8196132089942694,2.226278405636549,2.2581696387998854e-237,True,True,False,True,True,True,False,False,False,280
L192_g0p25,192,2.0,g,0.25,L192_g0p25,L192_g0p25_i1_t109p665,109.665,0.571171875,0.5,1.0,open,0.25,"['charge_density_wave', 'left', 'right']","[['charge_density_wave', 'left'], ['charge_density_wave', 'right'], ['left', 'right']]","[240, 280, 320, 360]",['right'],edge,new_size_mechanism,0.05,2193,left,280,0.1807881606881332,6.233959315494033e-21,6.0022100672024e-122,5.387739205623658e-126,0.1807881606881332,1.945311631439487e-38,True,8.371983952820301,2.367989571765065,0.0,0.0,0.0,6.233959319212516e-21,9.55322657626685e-21,6.233959319212516e-21,9.55322657626685e-21,1.0,0.0,0.0,0.1807881606881332,3.105231826857891e-106,2.844138229225857e-17,6.0225362994504345e-21,0.0,6.233959319212516e-21,0.0,2.844138229225857e-17,4.139648087322712,3.8415262568742037,2.215316964313388,3.680711828936441e-128,True,True,False,True,True,True,False,False,False,280
L192_g0p25,192,2.0,g,0.25,L192_g0p25,L192_g0p25_i1_t109p665,109.665,0.571171875,0.5,1.0,open,0.25,"['charge_density_wave', 'left', 'right']","[['charge_density_wave', 'left'], ['charge_density_wave', 'right'], ['left', 'right']]","[240, 280, 320, 360]",['right'],edge,new_size_mechanism,0.05,2193,right,280,0.19368216473108396,0.04190131280281617,6.534750376382548e-147,5.387739205623658e-126,0.1807881606881332,0.01289400404295078,True,8.548453500494361,2.349370228126645,4.0,0.04193811332128527,0.04190128141027496,3.2214842396676015e-08,4.8609256767628027e-08,3.2214842396676015e-08,4.7496206669093715e-08,0.9771020959268079,8.0,5.618988277389938e-281,0.19368214804375417,3.105231826857891e-106,5.644299713923807e-05,0.04025967722554084,0.04190124919543256,0.041901313625117356,0.012837544358481742,0.01295043035276022,3.776802320033312,17.136809140443802,2.1593881137669086,1.5577891520321866e-108,True,True,False,True,True,True,True,False,False,280
L192_g0p25,192,2.0,g,0.25,L192_g0p25,L192_g0p25_i2_t70p145,70.145,0.3653385416666666666666666667,0.5,1.0,open,0.25,"['charge_density_wave', 'block_cell12', 'block_cell36']","[['charge_density_wave', 'block_cell12'], ['charge_density_wave', 'block_cell36'], ['block_cell12', 'block_cell36']]","[240, 280, 320, 360]",['block_cell12'],translated,new_size_mechanism,0.05,1403,charge_density_wave,280,0.1807881606881332,2.9561060824676134e-81,0.8803712090876306,5.500604695186809e-81,0.1807881606881332,4.794203952295017e-83,True,8.31425629928708,2.3426459040492773,0.0,0.0,0.0,6.112260321291988e-81,9.381513030660206e-81,6.112260321291988e-81,9.381513030660206e-81,1.0,0.0,0.0,0.1807881606881332,8.107052735836733e-61,1.0846454880990094e-56,6.493020930922048e-75,0.0,8.107052735836733e-61,0.0,1.0846454880990094e-56,4.045858206227422,4.042387107387185,2.2262736540287733,2.2581696387998854e-237,True,True,False,True,True,True,False,False,False,280
L192_g0p25,192,2.0,g,0.25,L192_g0p25,L192_g0p25_i2_t70p145,70.145,0.3653385416666666666666666667,0.5,1.0,open,0.25,"['charge_density_wave', 'block_cell12', 'block_cell36']","[['charge_density_wave', 'block_cell12'], ['charge_density_wave', 'block_cell36'], ['block_cell12', 'block_cell36']]","[240, 280, 320, 360]",['block_cell12'],translated,new_size_mechanism,0.05,1403,block_cell12,280,0.20519845522295446,0.06082657340262529,2.3932670594664233e-90,5.500604695186809e-81,0.1807881606881332,0.024410294534821266,False,8.451719494536519,2.3721367456018925,4.0,0.06093940780777496,0.06082656934883648,4.7629744914467725e-09,7.310040412598897e-09,4.7629744914467725e-09,7.062792499478001e-09,0.9661769430583772,8.0,1.0273561336970475e-280,0.205198452463262,8.107052735836733e-61,9.219164714509892e-06,0.05965310320438011,0.060826564585861984,0.06082657411181097,0.024401072610414295,0.024419510939843316,3.9900872632861137,16.777019260451198,2.206971600651741,1.7498389140100445e-146,True,False,True,False,False,True,True,False,False,280
L192_g0p25,192,2.0,g,0.25,L192_g0p25,L192_g0p25_i2_t70p145,70.145,0.3653385416666666666666666667,0.5,1.0,open,0.25,"['charge_density_wave', 'block_cell12', 'block_cell36']","[['charge_density_wave', 'block_cell12'], ['charge_density_wave', 'block_cell36'], ['block_cell12', 'block_cell36']]","[240, 280, 320, 360]",['block_cell12'],translated,new_size_mechanism,0.05,1403,block_cell36,280,0.18386906577145856,1.0,4.1582659696146086e-108,5.500604695186809e-81,0.1807881606881332,0.0030809050833253667,False,8.599971128627658,2.4221800304949284,12.0,956105461244153.6,1.0,7.590662042099602e-14,1.0640565742095415e-12,7.590662042099602e-14,6.932457491852714e-13,0.6515121150398085,24.0,1.052287300274373e-280,0.18386906577145842,8.107052735836733e-61,2.2742307844014865e-10,1.0,0.9999999999999241,1.0,0.0030809048559021475,0.0030809053107483044,3.885255878791213,34.16081111319363,2.2987934928387403,9.863304656851996e-153,True,False,True,False,False,True,False,False,False,280
L192_g0p25,192,2.0,g,0.25,L192_g0p25,L192_g0p25_i2_t70p215,70.215,0.365703125,0.5,1.0,open,0.25,"['charge_density_wave', 'block_cell12', 'block_cell36']","[['charge_density_wave', 'block_cell12'], ['charge_density_wave', 'block_cell36'], ['block_cell12', 'block_cell36']]","[240, 280, 320, 360]",['block_cell12'],translated,new_size_mechanism,0.05,1404,charge_density_wave,280,0.1807881606881332,2.4603425557132245e-81,0.8803712090876306,4.578136042530943e-81,0.1807881606881332,3.981707045919712e-83,True,8.185971584171057,2.289422359317541,0.0,0.0,0.0,5.085649763333042e-81,7.80581150015894e-81,5.085649763333042e-81,7.80581150015894e-81,1.0,0.0,0.0,0.1807881606881332,6.73625185509328e-61,9.024433978602185e-57,5.395132573609547e-75,0.0,6.73625185509328e-61,0.0,9.024433978602185e-57,3.998111467808485,4.17889161221683,2.2449359763413668,2.2581696387998854e-237,True,True,False,True,True,True,False,False,False,280
L192_g0p25,192,2.0,g,0.25,L192_g0p25,L192_g0p25_i2_t70p215,70.215,0.365703125,0.5,1.0,open,0.25,"['charge_density_wave', 'block_cell12', 'block_cell36']","[['charge_density_wave', 'block_cell12'], ['charge_density_wave', 'block_cell36'], ['block_cell12', 'block_cell36']]","[240, 280, 320, 360]",['block_cell12'],translated,new_size_mechanism,0.05,1404,block_cell12,280,0.1986298248429604,0.05060887978857434,2.3932670594664233e-90,4.578136042530943e-81,0.1807881606881332,0.01784166415482722,False,8.192915810272098,2.2544922437518835,4.0,0.05067381237999807,0.05060887641080265,3.94066954897878e-09,6.045217681336051e-09,3.94066954897878e-09,5.873898855864209e-09,0.9716604373072005,8.0,1.9877161654347966e-280,0.19862982280360944,6.73625185509328e-61,7.699216555382556e-06,0.04963139940147479,0.050608872470133105,0.0506088803514722,0.01783396289892087,0.017849361332031632,4.008748039603233,17.54818359017372,2.2860666289925575,1.4574667421450164e-146,True,False,True,False,False,True,True,False,False,280
L192_g0p25,192,2.0,g,0.25,L192_g0p25,L192_g0p25_i2_t70p215,70.215,0.365703125,0.5,1.0,open,0.25,"['charge_density_wave', 'block_cell12', 'block_cell36']","[['charge_density_wave', 'block_cell12'], ['charge_density_wave', 'block_cell36'], ['block_cell12', 'block_cell36']]","[240, 280, 320, 360]",['block_cell12'],translated,new_size_mechanism,0.05,1404,block_cell36,280,0.18380784435774958,1.0,4.1582659696146086e-108,4.578136042530943e-81,0.1807881606881332,0.0030196836696163945,False,8.266642643138766,2.260603541508317,12.0,793472408380764.2,1.0,6.298632137748422e-14,8.844802120389e-13,6.298632137748422e-14,5.762483250578713e-13,0.6515107033649811,24.0,3.6387146591060676e-280,0.1838078443577495,6.73625185509328e-61,1.8984092669982056e-10,1.0,0.999999999999937,1.0,0.003019683479775368,0.003019683859457221,4.084917340427637,34.476167410612106,2.2106262166053057,1.4740117486563672e-152,True,False,True,False,False,True,False,False,False,280
L192_g0p25,192,2.0,g,0.25,L192_g0p25,L192_g0p25_i2_t70p285,70.285,0.3660677083333333333333333333,0.5,1.0,open,0.25,"['charge_density_wave', 'block_cell12', 'block_cell36']","[['charge_density_wave', 'block_cell12'], ['charge_density_wave', 'block_cell36'], ['block_cell12', 'block_cell36']]","[240, 280, 320, 360]",['block_cell12'],translated,new_size_mechanism,0.05,1406,charge_density_wave,280,0.1807881606881332,2.047722657033079e-81,0.8803712090876306,3.810368255375099e-81,0.1807881606881332,3.306909532283708e-83,True,8.35338193923235,2.3575402572751045,0.0,0.0,0.0,4.2314689428428125e-81,6.494763416459704e-81,4.2314689428428125e-81,6.494763416459704e-81,1.0,0.0,0.0,0.1807881606881332,5.5972362008527474e-61,7.508468531255373e-57,4.482883359916928e-75,0.0,5.5972362008527474e-61,0.0,7.508468531255373e-57,3.82600274682045,4.125228635966778,2.205439081415534,2.2581696387998854e-237,True,True,False,True,True,True,False,False,False,280
L192_g0p25,192,2.0,g,0.25,L192_g0p25,L192_g0p25_i2_t70p285,70.285,0.3660677083333333333333333333,0.5,1.0,open,0.25,"['charge_density_wave', 'block_cell12', 'block_cell36']","[['charge_density_wave', 'block_cell12'], ['charge_density_wave', 'block_cell36'], ['block_cell12', 'block_cell36']]","[240, 280, 320, 360]",['block_cell12'],translated,new_size_mechanism,0.05,1406,block_cell12,280,0.19378807257188824,0.04210022506614983,2.3932670594664233e-90,3.810368255375099e-81,0.1807881606881332,0.012999911883755058,True,8.541218865662813,2.338990328833461,4.0,0.042137581744650945,0.04210022225314385,3.2628397167167178e-09,5.003800928128182e-09,3.2628397167167178e-09,4.885139466518329e-09,0.9762857349214645,8.0,6.333922887212675e-281,0.19378807107167187,5.5972362008527474e-61,6.434007087714175e-06,0.04128642080441227,0.04210021899030414,0.04210022551598357,0.012993476376450963,0.013006344390626392,3.9148711785674095,17.1012858543545,2.25501517765224,1.213331794025157e-146,True,True,False,True,True,True,True,False,False,280
L192_g0p25,192,2.0,g,0.25,L192_g0p25,L192_g0p25_i2_t70p285,70.285,0.3660677083333333333333333333,0.5,1.0,open,0.25,"['charge_density_wave', 'block_cell12', 'block_cell36']","[['charge_density_wave', 'block_cell12'], ['charge_density_wave', 'block_cell36'], ['block_cell12', 'block_cell36']]","[240, 280, 320, 360]",['block_cell12'],translated,new_size_mechanism,0.05,1406,block_cell36,280,0.18411408426033674,1.0,4.1582659696146086e-108,3.810368255375099e-81,0.1807881606881332,0.0033259235722035586,False,8.611109685152769,2.3327054288238287,12.0,658504999340165.2,1.0,5.2267638937073553e-14,7.352099139325355e-13,5.2267638937073553e-14,4.789960973705227e-13,0.6515093013482901,24.0,1.9675341647092318e-280,0.18411408426033668,5.5972362008527474e-61,1.5847079292721548e-10,1.0,0.9999999999999477,1.0,0.003325923413732695,0.003325923730674281,4.081194754689932,34.027948616072536,2.2503640316426754,2.133349587956938e-152,True,False,True,False,False,True,False,False,False,280
L192_g0p25,192,2.0,g,0.25,L192_g0p25,L192_g0p25_i3_t84p165,84.165,0.438359375,0.5,1.0,open,0.25,"['charge_density_wave', 'block_cell12', 'block_cell36']","[['charge_density_wave', 'block_cell12'], ['charge_density_wave', 'block_cell36'], ['block_cell12', 'block_cell36']]","[240, 280, 320, 360]",['block_cell36'],translated,new_size_mechanism,0.05,1683,charge_density_wave,280,0.1807881606881332,3.18361366726849e-97,0.8803712090876306,5.932510215424373e-97,0.1807881606881332,3.4039837696201927e-99,True,8.220385938882828,2.223092682659626,0.0,0.0,0.0,6.224832432368903e-97,9.55635082176945e-97,6.224832432368903e-97,9.55635082176945e-97,1.0,0.0,0.0,0.1807881606881332,6.2653080274338656e-77,1.0613774099237165e-72,5.017948875671565e-91,0.0,6.2653080274338656e-77,0.0,1.0613774099237165e-72,3.9216739367693663,3.9660333413630724,2.2088294364511967,2.2581696387998854e-237,True,True,False,True,True,True,False,False,False,280
L192_g0p25,192,2.0,g,0.25,L192_g0p25,L192_g0p25_i3_t84p165,84.165,0.438359375,0.5,1.0,open,0.25,"['charge_density_wave', 'block_cell12', 'block_cell36']","[['charge_density_wave', 'block_cell12'], ['charge_density_wave', 'block_cell36'], ['block_cell12', 'block_cell36']]","[240, 280, 320, 360]",['block_cell36'],translated,new_size_mechanism,0.05,1683,block_cell12,280,0.1807881606881332,5.6277292629778324e-18,2.3932670594664233e-90,5.932510215424373e-97,0.1807881606881332,3.123413011513989e-32,True,8.31916406005621,2.2351769600063562,0.0,0.0,0.0,5.627729279565683e-18,8.62850387019171e-18,5.627729279565683e-18,8.62850387019171e-18,1.0,0.0,0.0,0.1807881606881332,6.2653080274338656e-77,2.199883461827921e-14,5.517968011936378e-18,0.0,5.627729279565683e-18,0.0,2.199883461827921e-14,3.671793458983302,4.071383096277714,2.17745572514832,6.19388805568272e-159,True,True,False,True,True,True,False,False,False,280
L192_g0p25,192,2.0,g,0.25,L192_g0p25,L192_g0p25_i3_t84p165,84.165,0.438359375,0.5,1.0,open,0.25,"['charge_density_wave', 'block_cell12', 'block_cell36']","[['charge_density_wave', 'block_cell12'], ['charge_density_wave', 'block_cell36'], ['block_cell12', 'block_cell36']]","[240, 280, 320, 360]",['block_cell36'],translated,new_size_mechanism,0.05,1683,block_cell36,280,0.2050277471841537,0.06057547408732025,4.1582659696146086e-108,5.932510215424373e-97,0.1807881606881332,0.02423958649602051,False,8.37902806326747,2.269783964380622,4.0,0.0606869169214677,0.06057547267545825,1.5274383488698e-09,2.3466834588196386e-09,1.5274383488698e-09,2.2674871290108548e-09,0.9662518054954805,8.0,7.640518762479161e-281,0.20502774622558836,6.2653080274338656e-77,3.1232581016404308e-06,0.05965495823832918,0.0605754711480199,0.0605754742028966,0.024236462279353544,0.024242708795556827,4.1928014904260635,17.2815785035491,2.2590022794902325,1.751670871098599e-144,True,False,True,False,False,True,True,False,False,280
L192_g0p25,192,2.0,g,0.25,L192_g0p25,L192_g0p25_i3_t84p235,84.235,0.4387239583333333333333333333,0.5,1.0,open,0.25,"['charge_density_wave', 'block_cell12', 'block_cell36']","[['charge_density_wave', 'block_cell12'], ['charge_density_wave', 'block_cell36'], ['block_cell12', 'block_cell36']]","[240, 280, 320, 360]",['block_cell36'],translated,new_size_mechanism,0.05,1685,charge_density_wave,280,0.1807881606881332,2.6496868590948793e-97,0.8803712090876306,4.937604321250596e-97,0.1807881606881332,2.827325415623838e-99,True,8.223821831867099,2.22815421782434,0.0,0.0,0.0,5.179518512678261e-97,7.951593859700037e-97,5.179518512678261e-97,7.951593859700037e-97,1.0,0.0,0.0,0.1807881606881332,5.20592306449037e-77,8.828375343536372e-73,4.1694766919530944e-91,0.0,5.20592306449037e-77,0.0,8.828375343536372e-73,4.061424996703863,4.112983547151089,2.1721110604703426,2.2581696387998854e-237,True,True,False,True,True,True,False,False,False,280
L192_g0p25,192,2.0,g,0.25,L192_g0p25,L192_g0p25_i3_t84p235,84.235,0.4387239583333333333333333333,0.5,1.0,open,0.25,"['charge_density_wave', 'block_cell12', 'block_cell36']","[['charge_density_wave', 'block_cell12'], ['charge_density_wave', 'block_cell36'], ['block_cell12', 'block_cell36']]","[240, 280, 320, 360]",['block_cell36'],translated,new_size_mechanism,0.05,1685,block_cell12,280,0.1807881606881332,4.680819702395879e-18,2.3932670594664233e-90,4.937604321250596e-97,0.1807881606881332,2.7354558607892663e-32,True,8.502564510330558,2.277270445600152,0.0,0.0,0.0,4.680819716155862e-18,7.1767130122307e-18,4.680819716155862e-18,7.1767130122307e-18,1.0,0.0,0.0,0.1807881606881332,5.20592306449037e-77,1.838014486394764e-14,4.589524121103843e-18,0.0,4.680819716155862e-18,0.0,1.838014486394764e-14,3.959991419687867,3.9423293340951204,2.174151588231325,5.175611002890536e-159,True,True,False,True,True,True,False,False,False,280
L192_g0p25,192,2.0,g,0.25,L192_g0p25,L192_g0p25_i3_t84p235,84.235,0.4387239583333333333333333333,0.5,1.0,open,0.25,"['charge_density_wave', 'block_cell12', 'block_cell36']","[['charge_density_wave', 'block_cell12'], ['charge_density_wave', 'block_cell36'], ['block_cell12', 'block_cell36']]","[240, 280, 320, 360]",['block_cell36'],translated,new_size_mechanism,0.05,1685,block_cell36,280,0.19845713496736384,0.050322304804559015,4.1582659696146086e-108,4.937604321250596e-97,0.1807881606881332,0.017668974279230656,False,8.59094675630331,2.310898369178176,4.0,0.050386141345842725,0.050322303630073825,1.2618707912698349e-09,1.9376619220021803e-09,1.2618707912698349e-09,1.8829543428514648e-09,0.9717661896900022,8.0,3.4247109234687414e-280,0.19845713426095743,5.20592306449037e-77,2.6033711366607618e-06,0.04955671103791661,0.05032230236820304,0.05032230489194462,0.01766637020168758,0.017671576943960904,4.04347925260663,17.391490975394845,2.282001232728362,1.4567632172696094e-144,True,False,True,False,False,True,True,False,False,280
L192_g0p25,192,2.0,g,0.25,L192_g0p25,L192_g0p25_i3_t84p305,84.305,0.4390885416666666666666666667,0.5,1.0,open,0.25,"['charge_density_wave', 'block_cell12', 'block_cell36']","[['charge_density_wave', 'block_cell12'], ['charge_density_wave', 'block_cell36'], ['block_cell12', 'block_cell36']]","[240, 280, 320, 360]",['block_cell36'],translated,new_size_mechanism,0.05,1686,charge_density_wave,280,0.1807881606881332,2.2053053754214173e-97,0.8803712090876306,4.1095481357371934e-97,0.1807881606881332,2.348357768011535e-99,True,7.897733373567462,2.1539533138275146,0.0,0.0,0.0,4.3097411245853737e-97,6.616317894723873e-97,4.3097411245853737e-97,6.616317894723873e-97,1.0,0.0,0.0,0.1807881606881332,4.325666804365091e-77,7.343299827276309e-73,3.464470506868905e-91,0.0,4.325666804365091e-77,0.0,7.343299827276309e-73,3.972619393840432,3.827599873766303,2.208643190562725,2.2581696387998854e-237,True,True,False,True,True,True,False,False,False,280
L192_g0p25,192,2.0,g,0.25,L192_g0p25,L192_g0p25_i3_t84p305,84.305,0.4390885416666666666666666667,0.5,1.0,open,0.25,"['charge_density_wave', 'block_cell12', 'block_cell36']","[['charge_density_wave', 'block_cell12'], ['charge_density_wave', 'block_cell36'], ['block_cell12', 'block_cell36']]","[240, 280, 320, 360]",['block_cell36'],translated,new_size_mechanism,0.05,1686,block_cell12,280,0.1807881606881332,3.8932385948463805e-18,2.3932670594664233e-90,4.1095481357371934e-97,0.1807881606881332,2.3878442697679747e-32,True,7.915247341617942,2.213243715465069,0.0,0.0,0.0,3.893238606260632e-18,5.969198873515469e-18,3.893238606260632e-18,5.969198873515469e-18,1.0,0.0,0.0,0.1807881606881332,4.325666804365091e-77,1.5356411988964593e-14,3.817302050645517e-18,0.0,3.893238606260632e-18,0.0,1.5356411988964593e-14,3.739369411021471,3.830962061882019,2.1755452286452055,4.324650606578998e-159,True,True,False,True,True,True,False,False,False,280
L192_g0p25,192,2.0,g,0.25,L192_g0p25,L192_g0p25_i3_t84p305,84.305,0.4390885416666666666666666667,0.5,1.0,open,0.25,"['charge_density_wave', 'block_cell12', 'block_cell36']","[['charge_density_wave', 'block_cell12'], ['charge_density_wave', 'block_cell36'], ['block_cell12', 'block_cell36']]","[240, 280, 320, 360]",['block_cell36'],translated,new_size_mechanism,0.05,1686,block_cell36,280,0.19362691925517683,0.04179729555076174,4.1582659696146086e-108,4.1095481357371934e-97,0.1807881606881332,0.01283875856704365,True,7.994829235598445,2.2069357335567474,2.0,0.041825322882402004,0.041788787087105414,8.818991191205994e-06,1.3536527763603679e-05,8.818991191205994e-06,1.3217270940823636e-05,0.9764151613799777,4.0,4.6056684941748336e-281,0.1936224044105358,4.325666804365091e-77,0.010700130266191758,0.0411608821150619,0.04177996809591421,0.04179760607829662,0.0021341134562108495,0.023534373988594367,3.835700199007988,12.17913187108934,2.206905897706747,1.2108846043535374e-144,True,True,False,True,True,True,True,False,False,280
L192_g0p25,192,2.0,g,0.25,L192_g0p25,L192_g0p25_late,134.40,0.70,0.5,1.0,open,0.25,"['charge_density_wave', 'left', 'right', 'block_cell12', 'block_cell36']","[['charge_density_wave', 'left'], ['charge_density_wave', 'right'], ['charge_density_wave', 'block_cell12'], ['charge_density_wave', 'block_cell36'], ['left', 'right'], ['block_cell12', 'block_cell36']]","[240, 280, 320, 360]","['left', 'right', 'block_cell12', 'block_cell36']",persistence,new_size_mechanism,0.05,2688,charge_density_wave,280,0.1807881606881332,1.932439419859048e-154,0.8803712090876306,3.634753288707696e-154,0.1807881606881332,5.1187817679170664e-157,True,7.9163929503411055,2.169728584587574,0.0,0.0,0.0,3.2435517245332245e-154,4.981285757112241e-154,3.2435517245332245e-154,4.981285757112241e-154,1.0,0.0,0.0,0.1807881606881332,1.165174796644625e-134,3.460776431697985e-130,9.332003367084985e-149,0.0,1.165174796644625e-134,0.0,3.460776431697985e-130,4.3506118934601545,4.395401820540428,2.2359822634607553,2.2581696387998854e-237,True,True,False,True,True,True,False,False,False,280
L192_g0p25,192,2.0,g,0.25,L192_g0p25,L192_g0p25_late,134.40,0.70,0.5,1.0,open,0.25,"['charge_density_wave', 'left', 'right', 'block_cell12', 'block_cell36']","[['charge_density_wave', 'left'], ['charge_density_wave', 'right'], ['charge_density_wave', 'block_cell12'], ['charge_density_wave', 'block_cell36'], ['left', 'right'], ['block_cell12', 'block_cell36']]","[240, 280, 320, 360]","['left', 'right', 'block_cell12', 'block_cell36']",persistence,new_size_mechanism,0.05,2688,left,280,0.1807881606881332,3.529871673668689e-49,6.0022100672024e-122,3.634753288707696e-154,0.1807881606881332,6.087361156553251e-62,True,8.001337161287665,2.220198515802622,0.0,0.0,0.0,3.52987167468272e-49,5.414591838913276e-49,3.52987167468272e-49,5.414591838913276e-49,1.0,0.0,0.0,0.1807881606881332,1.165174796644625e-134,3.814477875712243e-45,3.409537840993909e-49,0.0,3.52987167468272e-49,0.0,3.814477875712243e-45,4.055921049788594,4.090585108846426,2.2026582807302475,4.996880615019629e-156,True,True,False,True,True,True,True,False,False,280
L192_g0p25,192,2.0,g,0.25,L192_g0p25,L192_g0p25_late,134.40,0.70,0.5,1.0,open,0.25,"['charge_density_wave', 'left', 'right', 'block_cell12', 'block_cell36']","[['charge_density_wave', 'left'], ['charge_density_wave', 'right'], ['charge_density_wave', 'block_cell12'], ['charge_density_wave', 'block_cell36'], ['left', 'right'], ['block_cell12', 'block_cell36']]","[240, 280, 320, 360]","['left', 'right', 'block_cell12', 'block_cell36']",persistence,new_size_mechanism,0.05,2688,right,280,0.1807881606881332,7.993945946325077e-31,6.534750376382548e-147,3.634753288707696e-154,0.1807881606881332,8.866343852577723e-59,True,8.04784813709557,2.2908171210438013,0.0,0.0,0.0,7.99394594632854e-31,1.2069881150548587e-30,7.99394594632854e-31,1.2069881150548587e-30,1.0,0.0,0.0,0.1807881606881332,1.165174796644625e-134,5.395065775705583e-27,7.676262515389525e-31,0.0,7.99394594632854e-31,0.0,5.395065775705583e-27,3.8933213260024786,3.9967620503157377,2.2174482718110085,1.9792789510847995e-133,True,True,False,True,True,True,True,False,False,280
L192_g0p25,192,2.0,g,0.25,L192_g0p25,L192_g0p25_late,134.40,0.70,0.5,1.0,open,0.25,"['charge_density_wave', 'left', 'right', 'block_cell12', 'block_cell36']","[['charge_density_wave', 'left'], ['charge_density_wave', 'right'], ['charge_density_wave', 'block_cell12'], ['charge_density_wave', 'block_cell36'], ['left', 'right'], ['block_cell12', 'block_cell36']]","[240, 280, 320, 360]","['left', 'right', 'block_cell12', 'block_cell36']",persistence,new_size_mechanism,0.05,2688,block_cell12,280,0.1807881606881332,2.4837874826649025e-75,2.3932670594664233e-90,3.634753288707696e-154,0.1807881606881332,1.5874952577092888e-82,True,8.12033499777317,2.2796985767781734,0.0,0.0,0.0,2.483787484510769e-75,3.813044647592516e-75,2.483787484510769e-75,3.813044647592516e-75,1.0,0.0,0.0,0.1807881606881332,1.165174796644625e-134,4.1199261942224145e-71,2.434832560773355e-75,0.0,2.483787484510769e-75,0.0,4.1199261942224145e-71,4.113707181066275,4.021887827664614,2.2600721698254347,1.182073777676011e-215,True,True,False,True,True,True,True,False,False,280
L192_g0p25,192,2.0,g,0.25,L192_g0p25,L192_g0p25_late,134.40,0.70,0.5,1.0,open,0.25,"['charge_density_wave', 'left', 'right', 'block_cell12', 'block_cell36']","[['charge_density_wave', 'left'], ['charge_density_wave', 'right'], ['charge_density_wave', 'block_cell12'], ['charge_density_wave', 'block_cell36'], ['left', 'right'], ['block_cell12', 'block_cell36']]","[240, 280, 320, 360]","['left', 'right', 'block_cell12', 'block_cell36']",persistence,new_size_mechanism,0.05,2688,block_cell36,280,0.1807881606881332,8.472725765176406e-60,4.1582659696146086e-108,3.634753288707696e-154,0.1807881606881332,1.9074308284684292e-81,True,8.103472851216793,2.2280537132173777,0.0,0.0,0.0,8.472725765229716e-60,1.2994399518642253e-59,8.472725765229716e-60,1.2994399518642253e-59,1.0,0.0,0.0,0.1807881606881332,1.165174796644625e-134,1.11448136171056e-55,8.340555997498715e-60,0.0,8.472725765229716e-60,0.0,1.11448136171056e-55,3.8756546452641487,4.029966179281473,2.1939394548535347,3.209698569984822e-198,True,True,False,True,True,True,True,False,False,280
