key,length,skin,gamma,same_sublattice,family_key,case_id,physical_time,time_fraction,initials,pairs,target_initials,role,digits,initial_a,initial_b,pair_distance,absolute_entropy_difference,actual_memory,actual_entropy_memory,pred_reduced_pair_distance,pred_memory_lower,pred_memory_upper,pred_reduced_entropy_difference,pred_entropy_memory_lower,pred_entropy_memory_upper,pred_prediction_precision_change,pred_guaranteed_memory,pred_guaranteed_entropy_memory
L32_g0p0,32,0.0,2.0,0.2,L32_g0p0,L32_g0p0_taup25,8.0,.25,"['charge_density_wave', 'left', 'right', 'block_cell2', 'block_cell6']","[['charge_density_wave', 'left'], ['charge_density_wave', 'right'], ['charge_density_wave', 'block_cell2'], ['charge_density_wave', 'block_cell6'], ['left', 'right'], ['block_cell2', 'block_cell6']]","['charge_density_wave', 'left', 'right', 'block_cell2', 'block_cell6']",independent_complex_model,"[120, 160, 200, 240]",charge_density_wave,left,0.999999999999999,0.7262273272975697,True,True,0.999999999999999,0.9999993881733603,1.0,0.7262273228955162,0.7260774594583368,0.7263771863326955,2.1655087070368523e-109,True,True
L32_g0p0,32,0.0,2.0,0.2,L32_g0p0,L32_g0p0_taup25,8.0,.25,"['charge_density_wave', 'left', 'right', 'block_cell2', 'block_cell6']","[['charge_density_wave', 'left'], ['charge_density_wave', 'right'], ['charge_density_wave', 'block_cell2'], ['charge_density_wave', 'block_cell6'], ['left', 'right'], ['block_cell2', 'block_cell6']]","['charge_density_wave', 'left', 'right', 'block_cell2', 'block_cell6']",independent_complex_model,"[120, 160, 200, 240]",charge_density_wave,right,0.9999999999265438,0.46969614621818506,True,True,0.999999999926542,0.9999997142382497,1.0,0.469696176109145,0.46962270761921804,0.46976964459907194,4.9313786346130135e-108,True,True
L32_g0p0,32,0.0,2.0,0.2,L32_g0p0,L32_g0p0_taup25,8.0,.25,"['charge_density_wave', 'left', 'right', 'block_cell2', 'block_cell6']","[['charge_density_wave', 'left'], ['charge_density_wave', 'right'], ['charge_density_wave', 'block_cell2'], ['charge_density_wave', 'block_cell6'], ['left', 'right'], ['block_cell2', 'block_cell6']]","['charge_density_wave', 'left', 'right', 'block_cell2', 'block_cell6']",independent_complex_model,"[120, 160, 200, 240]",charge_density_wave,block_cell2,0.9999853762161272,0.020847906952872527,True,False,0.9999853762160946,0.9999849513485903,0.9999858010835989,0.020847933806671944,0.020741380201897558,0.02095448741144633,1.9227308768098808e-113,True,False
L32_g0p0,32,0.0,2.0,0.2,L32_g0p0,L32_g0p0_taup25,8.0,.25,"['charge_density_wave', 'left', 'right', 'block_cell2', 'block_cell6']","[['charge_density_wave', 'left'], ['charge_density_wave', 'right'], ['charge_density_wave', 'block_cell2'], ['charge_density_wave', 'block_cell6'], ['left', 'right'], ['block_cell2', 'block_cell6']]","['charge_density_wave', 'left', 'right', 'block_cell2', 'block_cell6']",independent_complex_model,"[120, 160, 200, 240]",charge_density_wave,block_cell6,0.9552581609106052,0.36138063205526927,True,True,0.9552581569903787,0.9552578577241083,0.9552584562566492,0.36138062931754256,0.3613038922365934,0.3614573663984917,4.364403870393482e-109,True,True
L32_g0p0,32,0.0,2.0,0.2,L32_g0p0,L32_g0p0_taup25,8.0,.25,"['charge_density_wave', 'left', 'right', 'block_cell2', 'block_cell6']","[['charge_density_wave', 'left'], ['charge_density_wave', 'right'], ['charge_density_wave', 'block_cell2'], ['charge_density_wave', 'block_cell6'], ['left', 'right'], ['block_cell2', 'block_cell6']]","['charge_density_wave', 'left', 'right', 'block_cell2', 'block_cell6']",independent_complex_model,"[120, 160, 200, 240]",left,right,0.999999999999999,0.25653118107938466,True,True,0.999999999999999,0.9999991027729925,1.0,0.2565311467863711,0.2563079238627044,0.2567543697100379,5.147929505316586e-108,True,True
L32_g0p0,32,0.0,2.0,0.2,L32_g0p0,L32_g0p0_taup25,8.0,.25,"['charge_density_wave', 'left', 'right', 'block_cell2', 'block_cell6']","[['charge_density_wave', 'left'], ['charge_density_wave', 'right'], ['charge_density_wave', 'block_cell2'], ['charge_density_wave', 'block_cell6'], ['left', 'right'], ['block_cell2', 'block_cell6']]","['charge_density_wave', 'left', 'right', 'block_cell2', 'block_cell6']",independent_complex_model,"[120, 160, 200, 240]",block_cell2,block_cell6,0.9999853779484504,0.34053272510239674,True,True,0.9999853779368749,0.9999846540910245,0.9999861017827252,0.3405326955108706,0.3403495138285867,0.34071587719315455,4.364595736131384e-109,True,True
L32_g0p0,32,0.0,2.0,0.2,L32_g0p0,L32_g0p0_taup45,14.4,.45,"['charge_density_wave', 'left', 'right', 'block_cell2', 'block_cell6']","[['charge_density_wave', 'left'], ['charge_density_wave', 'right'], ['charge_density_wave', 'block_cell2'], ['charge_density_wave', 'block_cell6'], ['left', 'right'], ['block_cell2', 'block_cell6']]","['charge_density_wave', 'left', 'right', 'block_cell2', 'block_cell6']",independent_complex_model,"[120, 160, 200, 240]",charge_density_wave,left,0.06453281594203489,0.026980193564738283,False,False,0.06453269508007851,0.06453247202250359,0.06453291813765344,0.026980108131013612,0.026921878198735948,0.027038338063291277,1.4168922745998226e-104,False,False
L32_g0p0,32,0.0,2.0,0.2,L32_g0p0,L32_g0p0_taup45,14.4,.45,"['charge_density_wave', 'left', 'right', 'block_cell2', 'block_cell6']","[['charge_density_wave', 'left'], ['charge_density_wave', 'right'], ['charge_density_wave', 'block_cell2'], ['charge_density_wave', 'block_cell6'], ['left', 'right'], ['block_cell2', 'block_cell6']]","['charge_density_wave', 'left', 'right', 'block_cell2', 'block_cell6']",independent_complex_model,"[120, 160, 200, 240]",charge_density_wave,right,0.0004522565991563715,9.296949711062801e-07,False,False,0.0004455578224792344,0.0004375355526029082,0.00045358009235556057,6.73058727409181e-07,0.0,0.0016350706553581475,2.147184462911826e-106,False,False
L32_g0p0,32,0.0,2.0,0.2,L32_g0p0,L32_g0p0_taup45,14.4,.45,"['charge_density_wave', 'left', 'right', 'block_cell2', 'block_cell6']","[['charge_density_wave', 'left'], ['charge_density_wave', 'right'], ['charge_density_wave', 'block_cell2'], ['charge_density_wave', 'block_cell6'], ['left', 'right'], ['block_cell2', 'block_cell6']]","['charge_density_wave', 'left', 'right', 'block_cell2', 'block_cell6']",independent_complex_model,"[120, 160, 200, 240]",charge_density_wave,block_cell2,9.07411339354502e-07,1.6433885784729004e-11,False,False,0.0,0.0,9.074124913289181e-07,0.0,0.0,0.0002165110631872522,1.5423217903393865e-113,False,False
L32_g0p0,32,0.0,2.0,0.2,L32_g0p0,L32_g0p0_taup45,14.4,.45,"['charge_density_wave', 'left', 'right', 'block_cell2', 'block_cell6']","[['charge_density_wave', 'left'], ['charge_density_wave', 'right'], ['charge_density_wave', 'block_cell2'], ['charge_density_wave', 'block_cell6'], ['left', 'right'], ['block_cell2', 'block_cell6']]","['charge_density_wave', 'left', 'right', 'block_cell2', 'block_cell6']",independent_complex_model,"[120, 160, 200, 240]",charge_density_wave,block_cell6,5.8494520352939374e-08,5.315584128745517e-09,False,False,0.0,0.0,5.8494939779880135e-08,0.0,0.0,1.652301936576145e-05,2.1193988702470942e-113,False,False
L32_g0p0,32,0.0,2.0,0.2,L32_g0p0,L32_g0p0_taup45,14.4,.45,"['charge_density_wave', 'left', 'right', 'block_cell2', 'block_cell6']","[['charge_density_wave', 'left'], ['charge_density_wave', 'right'], ['charge_density_wave', 'block_cell2'], ['charge_density_wave', 'block_cell6'], ['left', 'right'], ['block_cell2', 'block_cell6']]","['charge_density_wave', 'left', 'right', 'block_cell2', 'block_cell6']",independent_complex_model,"[120, 160, 200, 240]",left,right,0.06453281644745111,0.02698112325970939,False,False,0.06453269551273266,0.06452445018528141,0.06454094084018391,0.02698078118974102,0.025288153660836202,0.02867340871864584,1.4168923686338643e-104,False,False
L32_g0p0,32,0.0,2.0,0.2,L32_g0p0,L32_g0p0_taup45,14.4,.45,"['charge_density_wave', 'left', 'right', 'block_cell2', 'block_cell6']","[['charge_density_wave', 'left'], ['charge_density_wave', 'right'], ['charge_density_wave', 'block_cell2'], ['charge_density_wave', 'block_cell6'], ['left', 'right'], ['block_cell2', 'block_cell6']]","['charge_density_wave', 'left', 'right', 'block_cell2', 'block_cell6']",independent_complex_model,"[120, 160, 200, 240]",block_cell2,block_cell6,9.074100145036831e-07,5.299150242960789e-09,False,False,0.0,0.0,9.659074311033936e-07,0.0,0.0,0.00023303408254942904,5.770769791077784e-114,False,False
L32_g0p0,32,0.0,2.0,0.2,L32_g0p0,L32_g0p0_taup60,19.2,.60,"['charge_density_wave', 'left', 'right', 'block_cell2', 'block_cell6']","[['charge_density_wave', 'left'], ['charge_density_wave', 'right'], ['charge_density_wave', 'block_cell2'], ['charge_density_wave', 'block_cell6'], ['left', 'right'], ['block_cell2', 'block_cell6']]","['charge_density_wave', 'left', 'right', 'block_cell2', 'block_cell6']",independent_complex_model,"[120, 160, 200, 240]",charge_density_wave,left,2.187320903527638e-08,7.985208346363775e-12,False,False,0.0,0.0,2.187321013357315e-08,0.0,0.0,6.52276737427303e-06,1.362282167812612e-108,False,False
L32_g0p0,32,0.0,2.0,0.2,L32_g0p0,L32_g0p0_taup60,19.2,.60,"['charge_density_wave', 'left', 'right', 'block_cell2', 'block_cell6']","[['charge_density_wave', 'left'], ['charge_density_wave', 'right'], ['charge_density_wave', 'block_cell2'], ['charge_density_wave', 'block_cell6'], ['left', 'right'], ['block_cell2', 'block_cell6']]","['charge_density_wave', 'left', 'right', 'block_cell2', 'block_cell6']",independent_complex_model,"[120, 160, 200, 240]",charge_density_wave,right,7.897735521168839e-10,3.69377519946446e-11,False,False,0.0,0.0,7.897751694710961e-10,0.0,0.0,2.774862144314555e-07,1.2553520844386622e-109,False,False
L32_g0p0,32,0.0,2.0,0.2,L32_g0p0,L32_g0p0_taup60,19.2,.60,"['charge_density_wave', 'left', 'right', 'block_cell2', 'block_cell6']","[['charge_density_wave', 'left'], ['charge_density_wave', 'right'], ['charge_density_wave', 'block_cell2'], ['charge_density_wave', 'block_cell6'], ['left', 'right'], ['block_cell2', 'block_cell6']]","['charge_density_wave', 'left', 'right', 'block_cell2', 'block_cell6']",independent_complex_model,"[120, 160, 200, 240]",charge_density_wave,block_cell2,4.5228547581074484e-13,2.01839667757625e-16,False,False,0.0,0.0,4.522854805940645e-13,0.0,0.0,2.1293211692723683e-10,1.6087437387405818e-119,False,False
L32_g0p0,32,0.0,2.0,0.2,L32_g0p0,L32_g0p0_taup60,19.2,.60,"['charge_density_wave', 'left', 'right', 'block_cell2', 'block_cell6']","[['charge_density_wave', 'left'], ['charge_density_wave', 'right'], ['charge_density_wave', 'block_cell2'], ['charge_density_wave', 'block_cell6'], ['left', 'right'], ['block_cell2', 'block_cell6']]","['charge_density_wave', 'left', 'right', 'block_cell2', 'block_cell6']",independent_complex_model,"[120, 160, 200, 240]",charge_density_wave,block_cell6,1.1679080055602194e-13,1.4215829716600254e-14,False,False,0.0,0.0,1.1679124814987527e-13,0.0,0.0,5.751434209159962e-11,7.566318040632286e-119,False,False
L32_g0p0,32,0.0,2.0,0.2,L32_g0p0,L32_g0p0_taup60,19.2,.60,"['charge_density_wave', 'left', 'right', 'block_cell2', 'block_cell6']","[['charge_density_wave', 'left'], ['charge_density_wave', 'right'], ['charge_density_wave', 'block_cell2'], ['charge_density_wave', 'block_cell6'], ['left', 'right'], ['block_cell2', 'block_cell6']]","['charge_density_wave', 'left', 'right', 'block_cell2', 'block_cell6']",independent_complex_model,"[120, 160, 200, 240]",left,right,2.1873438516514336e-08,2.8952543648280825e-11,False,False,0.0,0.0,2.266298530304424e-08,0.0,0.0,6.80025358870448e-06,1.2367469593672999e-108,False,False
L32_g0p0,32,0.0,2.0,0.2,L32_g0p0,L32_g0p0_taup60,19.2,.60,"['charge_density_wave', 'left', 'right', 'block_cell2', 'block_cell6']","[['charge_density_wave', 'left'], ['charge_density_wave', 'right'], ['charge_density_wave', 'block_cell2'], ['charge_density_wave', 'block_cell6'], ['left', 'right'], ['block_cell2', 'block_cell6']]","['charge_density_wave', 'left', 'right', 'block_cell2', 'block_cell6']",independent_complex_model,"[120, 160, 200, 240]",block_cell2,block_cell6,4.5216849997725993e-13,1.441766938435788e-14,False,False,0.0,0.0,5.690767287372513e-13,0.0,0.0,2.704464590129448e-10,6.102167332832688e-119,False,False
L32_g0p0,32,0.0,2.0,0.2,L32_g0p0,L32_g0p0_taup80,25.6,.80,"['charge_density_wave', 'left', 'right', 'block_cell2', 'block_cell6']","[['charge_density_wave', 'left'], ['charge_density_wave', 'right'], ['charge_density_wave', 'block_cell2'], ['charge_density_wave', 'block_cell6'], ['left', 'right'], ['block_cell2', 'block_cell6']]","['charge_density_wave', 'left', 'right', 'block_cell2', 'block_cell6']",independent_complex_model,"[120, 160, 200, 240]",charge_density_wave,left,4.291364355817792e-17,6.703751474627034e-20,False,False,0.0,0.0,4.2913647208801044e-17,0.0,0.0,2.656343898672209e-14,5.735466099096286e-117,False,False
L32_g0p0,32,0.0,2.0,0.2,L32_g0p0,L32_g0p0_taup80,25.6,.80,"['charge_density_wave', 'left', 'right', 'block_cell2', 'block_cell6']","[['charge_density_wave', 'left'], ['charge_density_wave', 'right'], ['charge_density_wave', 'block_cell2'], ['charge_density_wave', 'block_cell6'], ['left', 'right'], ['block_cell2', 'block_cell6']]","['charge_density_wave', 'left', 'right', 'block_cell2', 'block_cell6']",independent_complex_model,"[120, 160, 200, 240]",charge_density_wave,right,1.9090981608871994e-17,2.8190888472668408e-18,False,False,0.0,0.0,1.9090999079227322e-17,0.0,0.0,1.2064691177820357e-14,5.565572260596012e-117,False,False
L32_g0p0,32,0.0,2.0,0.2,L32_g0p0,L32_g0p0_taup80,25.6,.80,"['charge_density_wave', 'left', 'right', 'block_cell2', 'block_cell6']","[['charge_density_wave', 'left'], ['charge_density_wave', 'right'], ['charge_density_wave', 'block_cell2'], ['charge_density_wave', 'block_cell6'], ['left', 'right'], ['block_cell2', 'block_cell6']]","['charge_density_wave', 'left', 'right', 'block_cell2', 'block_cell6']",independent_complex_model,"[120, 160, 200, 240]",charge_density_wave,block_cell2,1.4113095016974259e-21,5.369649598241131e-25,False,False,0.0,0.0,1.4113095427555284e-21,0.0,0.0,1.1066872731816835e-18,2.518145749076698e-121,False,False
L32_g0p0,32,0.0,2.0,0.2,L32_g0p0,L32_g0p0_taup80,25.6,.80,"['charge_density_wave', 'left', 'right', 'block_cell2', 'block_cell6']","[['charge_density_wave', 'left'], ['charge_density_wave', 'right'], ['charge_density_wave', 'block_cell2'], ['charge_density_wave', 'block_cell6'], ['left', 'right'], ['block_cell2', 'block_cell6']]","['charge_density_wave', 'left', 'right', 'block_cell2', 'block_cell6']",independent_complex_model,"[120, 160, 200, 240]",charge_density_wave,block_cell6,3.096966017643891e-21,1.242469476588042e-22,False,False,0.0,0.0,3.096971059747037e-21,0.0,0.0,2.3895664997115375e-18,2.665674594001206e-121,False,False
L32_g0p0,32,0.0,2.0,0.2,L32_g0p0,L32_g0p0_taup80,25.6,.80,"['charge_density_wave', 'left', 'right', 'block_cell2', 'block_cell6']","[['charge_density_wave', 'left'], ['charge_density_wave', 'right'], ['charge_density_wave', 'block_cell2'], ['charge_density_wave', 'block_cell6'], ['left', 'right'], ['block_cell2', 'block_cell6']]","['charge_density_wave', 'left', 'right', 'block_cell2', 'block_cell6']",independent_complex_model,"[120, 160, 200, 240]",left,right,4.332979993003443e-17,2.7520513325205704e-18,False,False,0.0,0.0,6.200464628802831e-17,0.0,0.0,3.8628130164542385e-14,1.6937021147085482e-118,False,False
L32_g0p0,32,0.0,2.0,0.2,L32_g0p0,L32_g0p0_taup80,25.6,.80,"['charge_density_wave', 'left', 'right', 'block_cell2', 'block_cell6']","[['charge_density_wave', 'left'], ['charge_density_wave', 'right'], ['charge_density_wave', 'block_cell2'], ['charge_density_wave', 'block_cell6'], ['left', 'right'], ['block_cell2', 'block_cell6']]","['charge_density_wave', 'left', 'right', 'block_cell2', 'block_cell6']",independent_complex_model,"[120, 160, 200, 240]",block_cell2,block_cell6,3.041140367332585e-21,1.2478391261862833e-22,False,False,0.0,0.0,4.5082806024516614e-21,0.0,0.0,3.496253772833156e-18,5.088741449258891e-121,False,False
L32_g0p2,32,0.2,2.0,0.2,L32_g0p2,L32_g0p2_taup25,8.0,.25,"['charge_density_wave', 'left', 'right', 'block_cell2', 'block_cell6']","[['charge_density_wave', 'left'], ['charge_density_wave', 'right'], ['charge_density_wave', 'block_cell2'], ['charge_density_wave', 'block_cell6'], ['left', 'right'], ['block_cell2', 'block_cell6']]","['charge_density_wave', 'left', 'right', 'block_cell2', 'block_cell6']",independent_complex_model,"[120, 160, 200, 240]",charge_density_wave,left,0.9999999999997657,0.6178560812750782,True,True,0.9999999999997657,0.9999999046860362,1.0,0.6178560743482068,0.6178298892399462,0.6178822594564675,4.8808814408661056e-110,True,True
L32_g0p2,32,0.2,2.0,0.2,L32_g0p2,L32_g0p2_taup25,8.0,.25,"['charge_density_wave', 'left', 'right', 'block_cell2', 'block_cell6']","[['charge_density_wave', 'left'], ['charge_density_wave', 'right'], ['charge_density_wave', 'block_cell2'], ['charge_density_wave', 'block_cell6'], ['left', 'right'], ['block_cell2', 'block_cell6']]","['charge_density_wave', 'left', 'right', 'block_cell2', 'block_cell6']",independent_complex_model,"[120, 160, 200, 240]",charge_density_wave,right,0.9999999999992848,0.15369532508098296,True,True,0.9999999999992848,0.9999997172443996,1.0,0.15369534901632265,0.15362260048873988,0.15376809754390539,1.117446424987741e-108,True,True
L32_g0p2,32,0.2,2.0,0.2,L32_g0p2,L32_g0p2_taup25,8.0,.25,"['charge_density_wave', 'left', 'right', 'block_cell2', 'block_cell6']","[['charge_density_wave', 'left'], ['charge_density_wave', 'right'], ['charge_density_wave', 'block_cell2'], ['charge_density_wave', 'block_cell6'], ['left', 'right'], ['block_cell2', 'block_cell6']]","['charge_density_wave', 'left', 'right', 'block_cell2', 'block_cell6']",independent_complex_model,"[120, 160, 200, 240]",charge_density_wave,block_cell2,0.9982383012182894,0.060788396921780445,True,False,0.9982383012748453,0.9982308462683716,0.9982457562813188,0.06078844394729486,0.05926085910613126,0.062316028788458454,6.249726093835265e-111,True,False
L32_g0p2,32,0.2,2.0,0.2,L32_g0p2,L32_g0p2_taup25,8.0,.25,"['charge_density_wave', 'left', 'right', 'block_cell2', 'block_cell6']","[['charge_density_wave', 'left'], ['charge_density_wave', 'right'], ['charge_density_wave', 'block_cell2'], ['charge_density_wave', 'block_cell6'], ['left', 'right'], ['block_cell2', 'block_cell6']]","['charge_density_wave', 'left', 'right', 'block_cell2', 'block_cell6']",independent_complex_model,"[120, 160, 200, 240]",charge_density_wave,block_cell6,0.998755601775161,0.0910130249805053,True,False,0.9987556016618148,0.9987553689067085,0.9987558344169211,0.09101302611427109,0.09095241594211674,0.09107363628642542,2.7290437951072e-110,True,False
L32_g0p2,32,0.2,2.0,0.2,L32_g0p2,L32_g0p2_taup25,8.0,.25,"['charge_density_wave', 'left', 'right', 'block_cell2', 'block_cell6']","[['charge_density_wave', 'left'], ['charge_density_wave', 'right'], ['charge_density_wave', 'block_cell2'], ['charge_density_wave', 'block_cell6'], ['left', 'right'], ['block_cell2', 'block_cell6']]","['charge_density_wave', 'left', 'right', 'block_cell2', 'block_cell6']",independent_complex_model,"[120, 160, 200, 240]",left,right,0.9999999999997691,0.46416075619409514,True,True,0.9999999999997691,0.9999996220251908,1.0,0.4641607253318842,0.46406182898036796,0.4642596216834004,1.0686526763283222e-108,True,True
L32_g0p2,32,0.2,2.0,0.2,L32_g0p2,L32_g0p2_taup25,8.0,.25,"['charge_density_wave', 'left', 'right', 'block_cell2', 'block_cell6']","[['charge_density_wave', 'left'], ['charge_density_wave', 'right'], ['charge_density_wave', 'block_cell2'], ['charge_density_wave', 'block_cell6'], ['left', 'right'], ['block_cell2', 'block_cell6']]","['charge_density_wave', 'left', 'right', 'block_cell2', 'block_cell6']",independent_complex_model,"[120, 160, 200, 240]",block_cell2,block_cell6,0.9987977767192939,0.030224628058724855,True,False,0.998797776707349,0.9987900890398056,0.9988054643748925,0.030224582166976224,0.028636424437985437,0.03181273989596701,2.104100084080699e-110,True,False
L32_g0p2,32,0.2,2.0,0.2,L32_g0p2,L32_g0p2_taup45,14.4,.45,"['charge_density_wave', 'left', 'right', 'block_cell2', 'block_cell6']","[['charge_density_wave', 'left'], ['charge_density_wave', 'right'], ['charge_density_wave', 'block_cell2'], ['charge_density_wave', 'block_cell6'], ['left', 'right'], ['block_cell2', 'block_cell6']]","['charge_density_wave', 'left', 'right', 'block_cell2', 'block_cell6']",independent_complex_model,"[120, 160, 200, 240]",charge_density_wave,left,0.004490847363571628,0.00023988003105997077,False,False,0.004494636793818722,0.004489291307003058,0.004499982280634386,0.00024026502914115843,0.0,0.0013640364818298981,3.466927494502496e-108,False,False
L32_g0p2,32,0.2,2.0,0.2,L32_g0p2,L32_g0p2_taup45,14.4,.45,"['charge_density_wave', 'left', 'right', 'block_cell2', 'block_cell6']","[['charge_density_wave', 'left'], ['charge_density_wave', 'right'], ['charge_density_wave', 'block_cell2'], ['charge_density_wave', 'block_cell6'], ['left', 'right'], ['block_cell2', 'block_cell6']]","['charge_density_wave', 'left', 'right', 'block_cell2', 'block_cell6']",independent_complex_model,"[120, 160, 200, 240]",charge_density_wave,right,0.0017046269085964508,3.6522871240264876e-05,False,False,0.001704402272579118,0.0017039871204459214,0.0017048174247123143,3.652212920840173e-05,0.0,0.00014077261269296277,4.7034056702593307e-107,False,False
L32_g0p2,32,0.2,2.0,0.2,L32_g0p2,L32_g0p2_taup45,14.4,.45,"['charge_density_wave', 'left', 'right', 'block_cell2', 'block_cell6']","[['charge_density_wave', 'left'], ['charge_density_wave', 'right'], ['charge_density_wave', 'block_cell2'], ['charge_density_wave', 'block_cell6'], ['left', 'right'], ['block_cell2', 'block_cell6']]","['charge_density_wave', 'left', 'right', 'block_cell2', 'block_cell6']",independent_complex_model,"[120, 160, 200, 240]",charge_density_wave,block_cell2,7.259140920379841e-08,2.7289711885778615e-11,False,False,0.0,0.0,7.259141970247722e-08,0.0,0.0,2.0254073564699172e-05,3.857128813939613e-114,False,False
L32_g0p2,32,0.2,2.0,0.2,L32_g0p2,L32_g0p2_taup45,14.4,.45,"['charge_density_wave', 'left', 'right', 'block_cell2', 'block_cell6']","[['charge_density_wave', 'left'], ['charge_density_wave', 'right'], ['charge_density_wave', 'block_cell2'], ['charge_density_wave', 'block_cell6'], ['left', 'right'], ['block_cell2', 'block_cell6']]","['charge_density_wave', 'left', 'right', 'block_cell2', 'block_cell6']",independent_complex_model,"[120, 160, 200, 240]",charge_density_wave,block_cell6,1.5914918085301825e-07,3.695505789538581e-09,False,False,0.0,0.0,1.5914973910656762e-07,0.0,0.0,4.2406199790505246e-05,4.050253865593405e-113,False,False
L32_g0p2,32,0.2,2.0,0.2,L32_g0p2,L32_g0p2_taup45,14.4,.45,"['charge_density_wave', 'left', 'right', 'block_cell2', 'block_cell6']","[['charge_density_wave', 'left'], ['charge_density_wave', 'right'], ['charge_density_wave', 'block_cell2'], ['charge_density_wave', 'block_cell6'], ['left', 'right'], ['block_cell2', 'block_cell6']]","['charge_density_wave', 'left', 'right', 'block_cell2', 'block_cell6']",independent_complex_model,"[120, 160, 200, 240]",left,right,0.004490848641989991,0.0002033571598197059,False,False,0.004494638067010058,0.004488877428061198,0.004500398705958918,0.0002037428999327567,0.0,0.0014317648361055041,3.46720732041813e-108,False,False
L32_g0p2,32,0.2,2.0,0.2,L32_g0p2,L32_g0p2_taup45,14.4,.45,"['charge_density_wave', 'left', 'right', 'block_cell2', 'block_cell6']","[['charge_density_wave', 'left'], ['charge_density_wave', 'right'], ['charge_density_wave', 'block_cell2'], ['charge_density_wave', 'block_cell6'], ['left', 'right'], ['block_cell2', 'block_cell6']]","['charge_density_wave', 'left', 'right', 'block_cell2', 'block_cell6']",independent_complex_model,"[120, 160, 200, 240]",block_cell2,block_cell6,1.591818868509219e-07,3.6682160776528025e-09,False,False,0.0,0.0,2.3174115880824757e-07,0.0,0.0,6.266027335465124e-05,4.435966730235519e-113,False,False
L32_g0p2,32,0.2,2.0,0.2,L32_g0p2,L32_g0p2_taup60,19.2,.60,"['charge_density_wave', 'left', 'right', 'block_cell2', 'block_cell6']","[['charge_density_wave', 'left'], ['charge_density_wave', 'right'], ['charge_density_wave', 'block_cell2'], ['charge_density_wave', 'block_cell6'], ['left', 'right'], ['block_cell2', 'block_cell6']]","['charge_density_wave', 'left', 'right', 'block_cell2', 'block_cell6']",independent_complex_model,"[120, 160, 200, 240]",charge_density_wave,left,1.7655962398425164e-09,6.297559297912462e-12,False,False,0.0,0.0,1.765596319282276e-09,0.0,0.0,5.976127522431344e-07,4.276277601056369e-112,False,False
L32_g0p2,32,0.2,2.0,0.2,L32_g0p2,L32_g0p2_taup60,19.2,.60,"['charge_density_wave', 'left', 'right', 'block_cell2', 'block_cell6']","[['charge_density_wave', 'left'], ['charge_density_wave', 'right'], ['charge_density_wave', 'block_cell2'], ['charge_density_wave', 'block_cell6'], ['left', 'right'], ['block_cell2', 'block_cell6']]","['charge_density_wave', 'left', 'right', 'block_cell2', 'block_cell6']",independent_complex_model,"[120, 160, 200, 240]",charge_density_wave,right,1.3849796437545938e-09,2.525154255442794e-11,False,False,0.0,0.0,1.3849816289473028e-09,0.0,0.0,4.741640602389618e-07,1.2844482573467241e-110,False,False
L32_g0p2,32,0.2,2.0,0.2,L32_g0p2,L32_g0p2_taup60,19.2,.60,"['charge_density_wave', 'left', 'right', 'block_cell2', 'block_cell6']","[['charge_density_wave', 'left'], ['charge_density_wave', 'right'], ['charge_density_wave', 'block_cell2'], ['charge_density_wave', 'block_cell6'], ['left', 'right'], ['block_cell2', 'block_cell6']]","['charge_density_wave', 'left', 'right', 'block_cell2', 'block_cell6']",independent_complex_model,"[120, 160, 200, 240]",charge_density_wave,block_cell2,3.814565402767639e-14,1.5546657220082324e-16,False,False,0.0,0.0,3.814565617944502e-14,0.0,0.0,1.9467934391319827e-11,3.299470624862936e-120,False,False
L32_g0p2,32,0.2,2.0,0.2,L32_g0p2,L32_g0p2_taup60,19.2,.60,"['charge_density_wave', 'left', 'right', 'block_cell2', 'block_cell6']","[['charge_density_wave', 'left'], ['charge_density_wave', 'right'], ['charge_density_wave', 'block_cell2'], ['charge_density_wave', 'block_cell6'], ['left', 'right'], ['block_cell2', 'block_cell6']]","['charge_density_wave', 'left', 'right', 'block_cell2', 'block_cell6']",independent_complex_model,"[120, 160, 200, 240]",charge_density_wave,block_cell6,1.6701969894500008e-13,1.0068124889082171e-14,False,False,0.0,0.0,1.6701996152969274e-13,0.0,0.0,8.12937275826863e-11,7.989874525105027e-119,False,False
L32_g0p2,32,0.2,2.0,0.2,L32_g0p2,L32_g0p2_taup60,19.2,.60,"['charge_density_wave', 'left', 'right', 'block_cell2', 'block_cell6']","[['charge_density_wave', 'left'], ['charge_density_wave', 'right'], ['charge_density_wave', 'block_cell2'], ['charge_density_wave', 'block_cell6'], ['left', 'right'], ['block_cell2', 'block_cell6']]","['charge_density_wave', 'left', 'right', 'block_cell2', 'block_cell6']",independent_complex_model,"[120, 160, 200, 240]",left,right,1.7663757966256205e-09,1.8953983256515476e-11,False,False,0.0,0.0,3.150577948229578e-09,0.0,0.0,1.0717768124820956e-06,1.3272110333519116e-110,False,False
L32_g0p2,32,0.2,2.0,0.2,L32_g0p2,L32_g0p2_taup60,19.2,.60,"['charge_density_wave', 'left', 'right', 'block_cell2', 'block_cell6']","[['charge_density_wave', 'left'], ['charge_density_wave', 'right'], ['charge_density_wave', 'block_cell2'], ['charge_density_wave', 'block_cell6'], ['left', 'right'], ['block_cell2', 'block_cell6']]","['charge_density_wave', 'left', 'right', 'block_cell2', 'block_cell6']",independent_complex_model,"[120, 160, 200, 240]",block_cell2,block_cell6,1.670925105606373e-13,1.0223591461282995e-14,False,False,0.0,0.0,2.051656177084742e-13,0.0,0.0,1.007616619733971e-10,8.314445320538035e-119,False,False
L32_g0p2,32,0.2,2.0,0.2,L32_g0p2,L32_g0p2_taup80,25.6,.80,"['charge_density_wave', 'left', 'right', 'block_cell2', 'block_cell6']","[['charge_density_wave', 'left'], ['charge_density_wave', 'right'], ['charge_density_wave', 'block_cell2'], ['charge_density_wave', 'block_cell6'], ['left', 'right'], ['block_cell2', 'block_cell6']]","['charge_density_wave', 'left', 'right', 'block_cell2', 'block_cell6']",independent_complex_model,"[120, 160, 200, 240]",charge_density_wave,left,4.885139738019194e-18,4.9585137794693683e-20,False,False,0.0,0.0,4.8851400598601745e-18,0.0,0.0,3.1937352496335912e-15,2.7138918706761293e-120,False,False
L32_g0p2,32,0.2,2.0,0.2,L32_g0p2,L32_g0p2_taup80,25.6,.80,"['charge_density_wave', 'left', 'right', 'block_cell2', 'block_cell6']","[['charge_density_wave', 'left'], ['charge_density_wave', 'right'], ['charge_density_wave', 'block_cell2'], ['charge_density_wave', 'block_cell6'], ['left', 'right'], ['block_cell2', 'block_cell6']]","['charge_density_wave', 'left', 'right', 'block_cell2', 'block_cell6']",independent_complex_model,"[120, 160, 200, 240]",charge_density_wave,right,1.2527676422114464e-17,1.8964677843834557e-18,False,False,0.0,0.0,1.2527684641665747e-17,0.0,0.0,8.001400251520914e-15,2.2830764029798263e-118,False,False
L32_g0p2,32,0.2,2.0,0.2,L32_g0p2,L32_g0p2_taup80,25.6,.80,"['charge_density_wave', 'left', 'right', 'block_cell2', 'block_cell6']","[['charge_density_wave', 'left'], ['charge_density_wave', 'right'], ['charge_density_wave', 'block_cell2'], ['charge_density_wave', 'block_cell6'], ['left', 'right'], ['block_cell2', 'block_cell6']]","['charge_density_wave', 'left', 'right', 'block_cell2', 'block_cell6']",independent_complex_model,"[120, 160, 200, 240]",charge_density_wave,block_cell2,1.4273290193998822e-22,3.7623308870530126e-25,False,False,0.0,0.0,1.4273291502225514e-22,0.0,0.0,1.1715761355893632e-19,7.614802418476595e-121,False,False
L32_g0p2,32,0.2,2.0,0.2,L32_g0p2,L32_g0p2_taup80,25.6,.80,"['charge_density_wave', 'left', 'right', 'block_cell2', 'block_cell6']","[['charge_density_wave', 'left'], ['charge_density_wave', 'right'], ['charge_density_wave', 'block_cell2'], ['charge_density_wave', 'block_cell6'], ['left', 'right'], ['block_cell2', 'block_cell6']]","['charge_density_wave', 'left', 'right', 'block_cell2', 'block_cell6']",independent_complex_model,"[120, 160, 200, 240]",charge_density_wave,block_cell6,1.881684106022635e-21,6.285404725653132e-23,False,False,0.0,0.0,1.8816855898880885e-21,0.0,0.0,1.466875347318316e-18,6.167698333930255e-121,False,False
L32_g0p2,32,0.2,2.0,0.2,L32_g0p2,L32_g0p2_taup80,25.6,.80,"['charge_density_wave', 'left', 'right', 'block_cell2', 'block_cell6']","[['charge_density_wave', 'left'], ['charge_density_wave', 'right'], ['charge_density_wave', 'block_cell2'], ['charge_density_wave', 'block_cell6'], ['left', 'right'], ['block_cell2', 'block_cell6']]","['charge_density_wave', 'left', 'right', 'block_cell2', 'block_cell6']",independent_complex_model,"[120, 160, 200, 240]",left,right,1.2550167277557256e-17,1.846882646588762e-18,False,False,0.0,0.0,1.7412824701525918e-17,0.0,0.0,1.11951355011545e-14,2.3035265464229617e-118,False,False
L32_g0p2,32,0.2,2.0,0.2,L32_g0p2,L32_g0p2_taup80,25.6,.80,"['charge_density_wave', 'left', 'right', 'block_cell2', 'block_cell6']","[['charge_density_wave', 'left'], ['charge_density_wave', 'right'], ['charge_density_wave', 'block_cell2'], ['charge_density_wave', 'block_cell6'], ['left', 'right'], ['block_cell2', 'block_cell6']]","['charge_density_wave', 'left', 'right', 'block_cell2', 'block_cell6']",independent_complex_model,"[120, 160, 200, 240]",block_cell2,block_cell6,1.8825009565557263e-21,6.323028034523661e-23,False,False,0.0,0.0,2.0244185049062232e-21,0.0,0.0,1.5840329608722245e-18,7.093725488780938e-121,False,False
L32_gm0p2,32,-0.2,2.0,0.2,L32_gm0p2,L32_gm0p2_taup25,8.0,.25,"['charge_density_wave', 'left', 'right', 'block_cell2', 'block_cell6']","[['charge_density_wave', 'left'], ['charge_density_wave', 'right'], ['charge_density_wave', 'block_cell2'], ['charge_density_wave', 'block_cell6'], ['left', 'right'], ['block_cell2', 'block_cell6']]","['charge_density_wave', 'left', 'right', 'block_cell2', 'block_cell6']",independent_complex_model,"[120, 160, 200, 240]",charge_density_wave,left,0.999999999999999,0.09719713207869385,True,False,0.999999999999999,0.9999964911171324,1.0,0.09719715109516987,0.09643576127390117,0.09795854091643856,4.179373075707931e-109,True,False
L32_gm0p2,32,-0.2,2.0,0.2,L32_gm0p2,L32_gm0p2_taup25,8.0,.25,"['charge_density_wave', 'left', 'right', 'block_cell2', 'block_cell6']","[['charge_density_wave', 'left'], ['charge_density_wave', 'right'], ['charge_density_wave', 'block_cell2'], ['charge_density_wave', 'block_cell6'], ['left', 'right'], ['block_cell2', 'block_cell6']]","['charge_density_wave', 'left', 'right', 'block_cell2', 'block_cell6']",independent_complex_model,"[120, 160, 200, 240]",charge_density_wave,right,0.9999999939518134,0.35932340362185056,True,True,0.9999999939517166,0.9999994775491216,1.0,0.3593234501355907,0.3591955046474616,0.35945139562371975,2.0296761479075936e-107,True,True
L32_gm0p2,32,-0.2,2.0,0.2,L32_gm0p2,L32_gm0p2_taup25,8.0,.25,"['charge_density_wave', 'left', 'right', 'block_cell2', 'block_cell6']","[['charge_density_wave', 'left'], ['charge_density_wave', 'right'], ['charge_density_wave', 'block_cell2'], ['charge_density_wave', 'block_cell6'], ['left', 'right'], ['block_cell2', 'block_cell6']]","['charge_density_wave', 'left', 'right', 'block_cell2', 'block_cell6']",independent_complex_model,"[120, 160, 200, 240]",charge_density_wave,block_cell2,0.9999999122240828,0.33153325420781676,True,True,0.9999999122240628,0.9999940261997046,1.0,0.3315332187453577,0.33030478740194313,0.3327616500887722,6.502313490221045e-111,True,True
L32_gm0p2,32,-0.2,2.0,0.2,L32_gm0p2,L32_gm0p2_taup25,8.0,.25,"['charge_density_wave', 'left', 'right', 'block_cell2', 'block_cell6']","[['charge_density_wave', 'left'], ['charge_density_wave', 'right'], ['charge_density_wave', 'block_cell2'], ['charge_density_wave', 'block_cell6'], ['left', 'right'], ['block_cell2', 'block_cell6']]","['charge_density_wave', 'left', 'right', 'block_cell2', 'block_cell6']",independent_complex_model,"[120, 160, 200, 240]",charge_density_wave,block_cell6,0.6033284098715755,0.5850744294901449,True,True,0.6033283846446661,0.6033278528384555,0.6033289164508768,0.5850744544884012,0.5849429445477113,0.5852059644290911,5.710979553985502e-109,True,True
L32_gm0p2,32,-0.2,2.0,0.2,L32_gm0p2,L32_gm0p2_taup25,8.0,.25,"['charge_density_wave', 'left', 'right', 'block_cell2', 'block_cell6']","[['charge_density_wave', 'left'], ['charge_density_wave', 'right'], ['charge_density_wave', 'block_cell2'], ['charge_density_wave', 'block_cell6'], ['left', 'right'], ['block_cell2', 'block_cell6']]","['charge_density_wave', 'left', 'right', 'block_cell2', 'block_cell6']",independent_complex_model,"[120, 160, 200, 240]",left,right,1.0,0.2621262715431567,True,True,1.0,0.9999959758839618,1.0,0.2621262990404208,0.26123738023101367,0.26301521784982795,2.0590966568604302e-107,True,True
L32_gm0p2,32,-0.2,2.0,0.2,L32_gm0p2,L32_gm0p2_taup25,8.0,.25,"['charge_density_wave', 'left', 'right', 'block_cell2', 'block_cell6']","[['charge_density_wave', 'left'], ['charge_density_wave', 'right'], ['charge_density_wave', 'block_cell2'], ['charge_density_wave', 'block_cell6'], ['left', 'right'], ['block_cell2', 'block_cell6']]","['charge_density_wave', 'left', 'right', 'block_cell2', 'block_cell6']",independent_complex_model,"[120, 160, 200, 240]",block_cell2,block_cell6,0.999999912223998,0.2535411752823281,True,True,0.9999999122105612,0.9999934955494155,1.0,0.2535412357430436,0.25218171095892983,0.2549007605271574,4.138725037692788e-109,True,True
L32_gm0p2,32,-0.2,2.0,0.2,L32_gm0p2,L32_gm0p2_taup45,14.4,.45,"['charge_density_wave', 'left', 'right', 'block_cell2', 'block_cell6']","[['charge_density_wave', 'left'], ['charge_density_wave', 'right'], ['charge_density_wave', 'block_cell2'], ['charge_density_wave', 'block_cell6'], ['left', 'right'], ['block_cell2', 'block_cell6']]","['charge_density_wave', 'left', 'right', 'block_cell2', 'block_cell6']",independent_complex_model,"[120, 160, 200, 240]",charge_density_wave,left,0.7286228688953675,0.6912325999513003,True,True,0.7286224035459147,0.7286200837343781,0.7286247233574512,0.6912326840692955,0.6907140104563146,0.6917513576822764,8.826760329662867e-103,True,True
L32_gm0p2,32,-0.2,2.0,0.2,L32_gm0p2,L32_gm0p2_taup45,14.4,.45,"['charge_density_wave', 'left', 'right', 'block_cell2', 'block_cell6']","[['charge_density_wave', 'left'], ['charge_density_wave', 'right'], ['charge_density_wave', 'block_cell2'], ['charge_density_wave', 'block_cell6'], ['left', 'right'], ['block_cell2', 'block_cell6']]","['charge_density_wave', 'left', 'right', 'block_cell2', 'block_cell6']",independent_complex_model,"[120, 160, 200, 240]",charge_density_wave,right,0.00016728769825185481,5.024382917846832e-06,False,False,0.0001638100046399679,0.0001596764048932577,0.0001679436043866781,4.565443874018653e-06,0.0,0.0008905684791040202,1.2472723563206964e-107,False,False
L32_gm0p2,32,-0.2,2.0,0.2,L32_gm0p2,L32_gm0p2_taup45,14.4,.45,"['charge_density_wave', 'left', 'right', 'block_cell2', 'block_cell6']","[['charge_density_wave', 'left'], ['charge_density_wave', 'right'], ['charge_density_wave', 'block_cell2'], ['charge_density_wave', 'block_cell6'], ['left', 'right'], ['block_cell2', 'block_cell6']]","['charge_density_wave', 'left', 'right', 'block_cell2', 'block_cell6']",independent_complex_model,"[120, 160, 200, 240]",charge_density_wave,block_cell2,1.385223636302409e-05,4.3018689824212885e-09,False,False,1.3847803813933156e-05,1.3840451833162793e-05,1.385515579470352e-05,4.300845050398928e-09,0.0,2.3249737062445218e-06,1.935613860134106e-112,False,False
L32_gm0p2,32,-0.2,2.0,0.2,L32_gm0p2,L32_gm0p2_taup45,14.4,.45,"['charge_density_wave', 'left', 'right', 'block_cell2', 'block_cell6']","[['charge_density_wave', 'left'], ['charge_density_wave', 'right'], ['charge_density_wave', 'block_cell2'], ['charge_density_wave', 'block_cell6'], ['left', 'right'], ['block_cell2', 'block_cell6']]","['charge_density_wave', 'left', 'right', 'block_cell2', 'block_cell6']",independent_complex_model,"[120, 160, 200, 240]",charge_density_wave,block_cell6,4.5782429825192944e-08,7.449524636757984e-09,False,False,0.0,0.0,4.578272746581491e-08,0.0,0.0,1.3111703551882845e-05,1.7477175251518637e-113,False,False
L32_gm0p2,32,-0.2,2.0,0.2,L32_gm0p2,L32_gm0p2_taup45,14.4,.45,"['charge_density_wave', 'left', 'right', 'block_cell2', 'block_cell6']","[['charge_density_wave', 'left'], ['charge_density_wave', 'right'], ['charge_density_wave', 'block_cell2'], ['charge_density_wave', 'block_cell6'], ['left', 'right'], ['block_cell2', 'block_cell6']]","['charge_density_wave', 'left', 'right', 'block_cell2', 'block_cell6']",independent_complex_model,"[120, 160, 200, 240]",left,right,0.7286228693644948,0.6912376243342181,True,True,0.7286224039260598,0.7286159505147767,0.728628857337343,0.6912372495131694,0.6898325728649912,0.6926419261613478,8.826760168538317e-103,True,True
L32_gm0p2,32,-0.2,2.0,0.2,L32_gm0p2,L32_gm0p2_taup45,14.4,.45,"['charge_density_wave', 'left', 'right', 'block_cell2', 'block_cell6']","[['charge_density_wave', 'left'], ['charge_density_wave', 'right'], ['charge_density_wave', 'block_cell2'], ['charge_density_wave', 'block_cell6'], ['left', 'right'], ['block_cell2', 'block_cell6']]","['charge_density_wave', 'left', 'right', 'block_cell2', 'block_cell6']",independent_complex_model,"[120, 160, 200, 240]",block_cell2,block_cell6,1.3852165785076189e-05,1.1751393619179271e-08,False,False,1.3847803813933156e-05,1.3794669105748945e-05,1.3900938522117368e-05,4.300845050398928e-09,0.0,1.5436677225542866e-05,1.9362602298466846e-112,False,False
L32_gm0p2,32,-0.2,2.0,0.2,L32_gm0p2,L32_gm0p2_taup60,19.2,.60,"['charge_density_wave', 'left', 'right', 'block_cell2', 'block_cell6']","[['charge_density_wave', 'left'], ['charge_density_wave', 'right'], ['charge_density_wave', 'block_cell2'], ['charge_density_wave', 'block_cell6'], ['left', 'right'], ['block_cell2', 'block_cell6']]","['charge_density_wave', 'left', 'right', 'block_cell2', 'block_cell6']",independent_complex_model,"[120, 160, 200, 240]",charge_density_wave,left,3.3578579410697026e-07,1.3017009574020223e-11,False,False,0.0,0.0,3.3578594378508193e-07,0.0,0.0,8.54604334694722e-05,2.0681396920888018e-106,False,False
L32_gm0p2,32,-0.2,2.0,0.2,L32_gm0p2,L32_gm0p2_taup60,19.2,.60,"['charge_density_wave', 'left', 'right', 'block_cell2', 'block_cell6']","[['charge_density_wave', 'left'], ['charge_density_wave', 'right'], ['charge_density_wave', 'block_cell2'], ['charge_density_wave', 'block_cell6'], ['left', 'right'], ['block_cell2', 'block_cell6']]","['charge_density_wave', 'left', 'right', 'block_cell2', 'block_cell6']",independent_complex_model,"[120, 160, 200, 240]",charge_density_wave,right,7.670608372748927e-10,4.8001570127940566e-11,False,False,0.0,0.0,7.670633282774151e-10,0.0,0.0,2.6986455974535985e-07,1.9327684158999195e-110,False,False
L32_gm0p2,32,-0.2,2.0,0.2,L32_gm0p2,L32_gm0p2_taup60,19.2,.60,"['charge_density_wave', 'left', 'right', 'block_cell2', 'block_cell6']","[['charge_density_wave', 'left'], ['charge_density_wave', 'right'], ['charge_density_wave', 'block_cell2'], ['charge_density_wave', 'block_cell6'], ['left', 'right'], ['block_cell2', 'block_cell6']]","['charge_density_wave', 'left', 'right', 'block_cell2', 'block_cell6']",independent_complex_model,"[120, 160, 200, 240]",charge_density_wave,block_cell2,6.736325797400365e-12,1.7438298185852936e-16,False,False,0.0,0.0,6.736325809737852e-12,0.0,0.0,2.880291941973724e-09,3.874263507646374e-116,False,False
L32_gm0p2,32,-0.2,2.0,0.2,L32_gm0p2,L32_gm0p2_taup60,19.2,.60,"['charge_density_wave', 'left', 'right', 'block_cell2', 'block_cell6']","[['charge_density_wave', 'left'], ['charge_density_wave', 'right'], ['charge_density_wave', 'block_cell2'], ['charge_density_wave', 'block_cell6'], ['left', 'right'], ['block_cell2', 'block_cell6']]","['charge_density_wave', 'left', 'right', 'block_cell2', 'block_cell6']",independent_complex_model,"[120, 160, 200, 240]",charge_density_wave,block_cell6,2.2126091070553004e-13,1.7881826732571418e-14,False,False,0.0,0.0,2.212615032833503e-13,0.0,0.0,1.066991334203205e-10,1.4552684002137836e-118,False,False
L32_gm0p2,32,-0.2,2.0,0.2,L32_gm0p2,L32_gm0p2_taup60,19.2,.60,"['charge_density_wave', 'left', 'right', 'block_cell2', 'block_cell6']","[['charge_density_wave', 'left'], ['charge_density_wave', 'right'], ['charge_density_wave', 'block_cell2'], ['charge_density_wave', 'block_cell6'], ['left', 'right'], ['block_cell2', 'block_cell6']]","['charge_density_wave', 'left', 'right', 'block_cell2', 'block_cell6']",independent_complex_model,"[120, 160, 200, 240]",left,right,3.3578616066924937e-07,3.498456055392034e-11,False,False,0.0,0.0,3.3655300711335925e-07,0.0,0.0,8.573029802921748e-05,2.0679464152472182e-106,False,False
L32_gm0p2,32,-0.2,2.0,0.2,L32_gm0p2,L32_gm0p2_taup60,19.2,.60,"['charge_density_wave', 'left', 'right', 'block_cell2', 'block_cell6']","[['charge_density_wave', 'left'], ['charge_density_wave', 'right'], ['charge_density_wave', 'block_cell2'], ['charge_density_wave', 'block_cell6'], ['left', 'right'], ['block_cell2', 'block_cell6']]","['charge_density_wave', 'left', 'right', 'block_cell2', 'block_cell6']",independent_complex_model,"[120, 160, 200, 240]",block_cell2,block_cell6,6.730297797163144e-12,1.805620971442995e-14,False,False,0.0,0.0,6.957587312933424e-12,0.0,0.0,2.9869910753203375e-09,3.8887533060254636e-116,False,False
L32_gm0p2,32,-0.2,2.0,0.2,L32_gm0p2,L32_gm0p2_taup80,25.6,.80,"['charge_density_wave', 'left', 'right', 'block_cell2', 'block_cell6']","[['charge_density_wave', 'left'], ['charge_density_wave', 'right'], ['charge_density_wave', 'block_cell2'], ['charge_density_wave', 'block_cell6'], ['left', 'right'], ['block_cell2', 'block_cell6']]","['charge_density_wave', 'left', 'right', 'block_cell2', 'block_cell6']",independent_complex_model,"[120, 160, 200, 240]",charge_density_wave,left,4.918354899353719e-16,7.853909977905036e-20,False,False,0.0,0.0,4.918355267191123e-16,0.0,0.0,2.8525191463411e-13,7.182710870999068e-115,False,False
L32_gm0p2,32,-0.2,2.0,0.2,L32_gm0p2,L32_gm0p2_taup80,25.6,.80,"['charge_density_wave', 'left', 'right', 'block_cell2', 'block_cell6']","[['charge_density_wave', 'left'], ['charge_density_wave', 'right'], ['charge_density_wave', 'block_cell2'], ['charge_density_wave', 'block_cell6'], ['left', 'right'], ['block_cell2', 'block_cell6']]","['charge_density_wave', 'left', 'right', 'block_cell2', 'block_cell6']",independent_complex_model,"[120, 160, 200, 240]",charge_density_wave,right,6.319408628792276e-17,4.410384791418556e-18,False,False,0.0,0.0,6.319414049712135e-17,0.0,0.0,3.8725692942334087e-14,2.8378931102555294e-117,False,False
L32_gm0p2,32,-0.2,2.0,0.2,L32_gm0p2,L32_gm0p2_taup80,25.6,.80,"['charge_density_wave', 'left', 'right', 'block_cell2', 'block_cell6']","[['charge_density_wave', 'left'], ['charge_density_wave', 'right'], ['charge_density_wave', 'block_cell2'], ['charge_density_wave', 'block_cell6'], ['left', 'right'], ['block_cell2', 'block_cell6']]","['charge_density_wave', 'left', 'right', 'block_cell2', 'block_cell6']",independent_complex_model,"[120, 160, 200, 240]",charge_density_wave,block_cell2,1.8755305649730174e-20,5.079133212120291e-25,False,False,0.0,0.0,1.8755305806383648e-20,0.0,0.0,1.3930784046489806e-17,8.266164462416956e-122,False,False
L32_gm0p2,32,-0.2,2.0,0.2,L32_gm0p2,L32_gm0p2_taup80,25.6,.80,"['charge_density_wave', 'left', 'right', 'block_cell2', 'block_cell6']","[['charge_density_wave', 'left'], ['charge_density_wave', 'right'], ['charge_density_wave', 'block_cell2'], ['charge_density_wave', 'block_cell6'], ['left', 'right'], ['block_cell2', 'block_cell6']]","['charge_density_wave', 'left', 'right', 'block_cell2', 'block_cell6']",independent_complex_model,"[120, 160, 200, 240]",charge_density_wave,block_cell6,1.4748831271209084e-20,2.9950434742240845e-22,False,False,0.0,0.0,1.474884248635337e-20,0.0,0.0,1.1011632663226598e-17,3.29913904575066e-121,False,False
L32_gm0p2,32,-0.2,2.0,0.2,L32_gm0p2,L32_gm0p2_taup80,25.6,.80,"['charge_density_wave', 'left', 'right', 'block_cell2', 'block_cell6']","[['charge_density_wave', 'left'], ['charge_density_wave', 'right'], ['charge_density_wave', 'block_cell2'], ['charge_density_wave', 'block_cell6'], ['left', 'right'], ['block_cell2', 'block_cell6']]","['charge_density_wave', 'left', 'right', 'block_cell2', 'block_cell6']",independent_complex_model,"[120, 160, 200, 240]",left,right,4.903501185532659e-16,4.3318456916395055e-18,False,False,0.0,0.0,5.550296672162329e-16,0.0,0.0,3.239776075764432e-13,7.15431846045295e-115,False,False
L32_gm0p2,32,-0.2,2.0,0.2,L32_gm0p2,L32_gm0p2_taup80,25.6,.80,"['charge_density_wave', 'left', 'right', 'block_cell2', 'block_cell6']","[['charge_density_wave', 'left'], ['charge_density_wave', 'right'], ['charge_density_wave', 'block_cell2'], ['charge_density_wave', 'block_cell6'], ['left', 'right'], ['block_cell2', 'block_cell6']]","['charge_density_wave', 'left', 'right', 'block_cell2', 'block_cell6']",independent_complex_model,"[120, 160, 200, 240]",block_cell2,block_cell6,2.0572004718522332e-20,3.000122607436205e-22,False,False,0.0,0.0,3.350414829197305e-20,0.0,0.0,2.4942416708848052e-17,9.353688070495829e-121,False,False
L48_g0p0,48,0.0,2.0,0.2,L48_g0p0,L48_g0p0_taup25,12.0,.25,"['charge_density_wave', 'left', 'right', 'block_cell3', 'block_cell9']","[['charge_density_wave', 'left'], ['charge_density_wave', 'right'], ['charge_density_wave', 'block_cell3'], ['charge_density_wave', 'block_cell9'], ['left', 'right'], ['block_cell3', 'block_cell9']]","['charge_density_wave', 'left', 'right', 'block_cell3', 'block_cell9']",independent_complex_model,"[120, 160, 200, 240]",charge_density_wave,left,1.0,0.0934131275344369,True,False,1.0,0.9999978063979278,1.0,0.09341313657701115,0.09267450875521245,0.09415176439880987,2.6463169983401046e-103,True,False
L48_g0p0,48,0.0,2.0,0.2,L48_g0p0,L48_g0p0_taup25,12.0,.25,"['charge_density_wave', 'left', 'right', 'block_cell3', 'block_cell9']","[['charge_density_wave', 'left'], ['charge_density_wave', 'right'], ['charge_density_wave', 'block_cell3'], ['charge_density_wave', 'block_cell9'], ['left', 'right'], ['block_cell3', 'block_cell9']]","['charge_density_wave', 'left', 'right', 'block_cell3', 'block_cell9']",independent_complex_model,"[120, 160, 200, 240]",charge_density_wave,right,0.9999999999999998,0.1882175624154936,True,True,0.9999999999999998,0.9999999328958311,1.0,0.18821757550540658,0.18818936434304348,0.18824578666776967,2.2341652617051626e-98,True,True
L48_g0p0,48,0.0,2.0,0.2,L48_g0p0,L48_g0p0_taup25,12.0,.25,"['charge_density_wave', 'left', 'right', 'block_cell3', 'block_cell9']","[['charge_density_wave', 'left'], ['charge_density_wave', 'right'], ['charge_density_wave', 'block_cell3'], ['charge_density_wave', 'block_cell9'], ['left', 'right'], ['block_cell3', 'block_cell9']]","['charge_density_wave', 'left', 'right', 'block_cell3', 'block_cell9']",independent_complex_model,"[120, 160, 200, 240]",charge_density_wave,block_cell3,0.9999999998258222,0.06648882394208849,True,False,0.9999999998258222,0.9999997747650817,1.0,0.06648884203449508,0.06640076102606672,0.06657692304292344,4.916491959057573e-105,True,False
L48_g0p0,48,0.0,2.0,0.2,L48_g0p0,L48_g0p0_taup25,12.0,.25,"['charge_density_wave', 'left', 'right', 'block_cell3', 'block_cell9']","[['charge_density_wave', 'left'], ['charge_density_wave', 'right'], ['charge_density_wave', 'block_cell3'], ['charge_density_wave', 'block_cell9'], ['left', 'right'], ['block_cell3', 'block_cell9']]","['charge_density_wave', 'left', 'right', 'block_cell3', 'block_cell9']",independent_complex_model,"[120, 160, 200, 240]",charge_density_wave,block_cell9,0.9998085561185315,0.31324527155242676,True,True,0.9998085560457948,0.9998065371011997,0.9998105749903898,0.3132450684281593,0.31256123083124576,0.31392890602507284,6.0556243809936e-103,True,True
L48_g0p0,48,0.0,2.0,0.2,L48_g0p0,L48_g0p0_taup25,12.0,.25,"['charge_density_wave', 'left', 'right', 'block_cell3', 'block_cell9']","[['charge_density_wave', 'left'], ['charge_density_wave', 'right'], ['charge_density_wave', 'block_cell3'], ['charge_density_wave', 'block_cell9'], ['left', 'right'], ['block_cell3', 'block_cell9']]","['charge_density_wave', 'left', 'right', 'block_cell3', 'block_cell9']",independent_complex_model,"[120, 160, 200, 240]",left,right,1.0,0.09480443488105669,True,False,1.0,0.9999977392937658,1.0,0.09480443892839542,0.09403759994969578,0.09557127790709505,2.2341388212224756e-98,True,False
L48_g0p0,48,0.0,2.0,0.2,L48_g0p0,L48_g0p0_taup25,12.0,.25,"['charge_density_wave', 'left', 'right', 'block_cell3', 'block_cell9']","[['charge_density_wave', 'left'], ['charge_density_wave', 'right'], ['charge_density_wave', 'block_cell3'], ['charge_density_wave', 'block_cell9'], ['left', 'right'], ['block_cell3', 'block_cell9']]","['charge_density_wave', 'left', 'right', 'block_cell3', 'block_cell9']",independent_complex_model,"[120, 160, 200, 240]",block_cell3,block_cell9,0.9999999998258906,0.24675644761033827,True,True,0.9999999998258906,0.9999977558205617,1.0,0.24675622639366424,0.2459843077937845,0.24752814499354397,6.104789300584176e-103,True,True
L48_g0p0,48,0.0,2.0,0.2,L48_g0p0,L48_g0p0_taup45,21.6,.45,"['charge_density_wave', 'left', 'right', 'block_cell3', 'block_cell9']","[['charge_density_wave', 'left'], ['charge_density_wave', 'right'], ['charge_density_wave', 'block_cell3'], ['charge_density_wave', 'block_cell9'], ['left', 'right'], ['block_cell3', 'block_cell9']]","['charge_density_wave', 'left', 'right', 'block_cell3', 'block_cell9']",independent_complex_model,"[120, 160, 200, 240]",charge_density_wave,left,0.1849676912125538,0.14909486250634943,True,True,0.18496769134759103,0.18496769114143244,0.18496769155374965,0.14909486267318312,0.14909474737754005,0.14909497796882615,7.690372189604496e-94,True,True
L48_g0p0,48,0.0,2.0,0.2,L48_g0p0,L48_g0p0_taup45,21.6,.45,"['charge_density_wave', 'left', 'right', 'block_cell3', 'block_cell9']","[['charge_density_wave', 'left'], ['charge_density_wave', 'right'], ['charge_density_wave', 'block_cell3'], ['charge_density_wave', 'block_cell9'], ['left', 'right'], ['block_cell3', 'block_cell9']]","['charge_density_wave', 'left', 'right', 'block_cell3', 'block_cell9']",independent_complex_model,"[120, 160, 200, 240]",charge_density_wave,right,2.7288907235195962e-05,1.068915399748838e-07,False,False,2.681834455479625e-05,2.6293215035829536e-05,2.7343474073762965e-05,1.0002987927929641e-07,0.0,0.00019493930547418583,7.589998463761966e-97,False,False
L48_g0p0,48,0.0,2.0,0.2,L48_g0p0,L48_g0p0_taup45,21.6,.45,"['charge_density_wave', 'left', 'right', 'block_cell3', 'block_cell9']","[['charge_density_wave', 'left'], ['charge_density_wave', 'right'], ['charge_density_wave', 'block_cell3'], ['charge_density_wave', 'block_cell9'], ['left', 'right'], ['block_cell3', 'block_cell9']]","['charge_density_wave', 'left', 'right', 'block_cell3', 'block_cell9']",independent_complex_model,"[120, 160, 200, 240]",charge_density_wave,block_cell3,3.131620032973197e-08,3.933014447504454e-14,False,False,0.0,0.0,3.1316202072705065e-08,0.0,0.0,1.3738390456060494e-05,3.167271937268353e-107,False,False
L48_g0p0,48,0.0,2.0,0.2,L48_g0p0,L48_g0p0_taup45,21.6,.45,"['charge_density_wave', 'left', 'right', 'block_cell3', 'block_cell9']","[['charge_density_wave', 'left'], ['charge_density_wave', 'right'], ['charge_density_wave', 'block_cell3'], ['charge_density_wave', 'block_cell9'], ['left', 'right'], ['block_cell3', 'block_cell9']]","['charge_density_wave', 'left', 'right', 'block_cell3', 'block_cell9']",independent_complex_model,"[120, 160, 200, 240]",charge_density_wave,block_cell9,1.677770812253245e-10,9.595927650491159e-12,False,False,0.0,0.0,1.6777803126399947e-10,0.0,0.0,9.466055014071847e-08,5.60641540512362e-107,False,False
L48_g0p0,48,0.0,2.0,0.2,L48_g0p0,L48_g0p0_taup45,21.6,.45,"['charge_density_wave', 'left', 'right', 'block_cell3', 'block_cell9']","[['charge_density_wave', 'left'], ['charge_density_wave', 'right'], ['charge_density_wave', 'block_cell3'], ['charge_density_wave', 'block_cell9'], ['left', 'right'], ['block_cell3', 'block_cell9']]","['charge_density_wave', 'left', 'right', 'block_cell3', 'block_cell9']",independent_complex_model,"[120, 160, 200, 240]",left,right,0.184967691212546,0.1490949693978894,True,True,0.1849676913475722,0.18496716601189464,0.18496821668324978,0.14909496270306238,0.14890000813182444,0.14928991727430033,7.690500188428779e-94,True,True
L48_g0p0,48,0.0,2.0,0.2,L48_g0p0,L48_g0p0_taup45,21.6,.45,"['charge_density_wave', 'left', 'right', 'block_cell3', 'block_cell9']","[['charge_density_wave', 'left'], ['charge_density_wave', 'right'], ['charge_density_wave', 'block_cell3'], ['charge_density_wave', 'block_cell9'], ['left', 'right'], ['block_cell3', 'block_cell9']]","['charge_density_wave', 'left', 'right', 'block_cell3', 'block_cell9']",independent_complex_model,"[120, 160, 200, 240]",block_cell3,block_cell9,3.1316201396887943e-08,9.556597506016115e-12,False,False,0.0,0.0,3.1483980103969065e-08,0.0,0.0,1.3833051006201212e-05,8.773687342392043e-107,False,False
L48_g0p0,48,0.0,2.0,0.2,L48_g0p0,L48_g0p0_taup60,28.8,.60,"['charge_density_wave', 'left', 'right', 'block_cell3', 'block_cell9']","[['charge_density_wave', 'left'], ['charge_density_wave', 'right'], ['charge_density_wave', 'block_cell3'], ['charge_density_wave', 'block_cell9'], ['left', 'right'], ['block_cell3', 'block_cell9']]","['charge_density_wave', 'left', 'right', 'block_cell3', 'block_cell9']",independent_complex_model,"[120, 160, 200, 240]",charge_density_wave,left,4.601024128913694e-11,2.535083755718917e-16,False,False,0.0,0.0,4.601024555797392e-11,0.0,0.0,2.7387680030725912e-08,9.026281417851929e-101,False,False
L48_g0p0,48,0.0,2.0,0.2,L48_g0p0,L48_g0p0_taup60,28.8,.60,"['charge_density_wave', 'left', 'right', 'block_cell3', 'block_cell9']","[['charge_density_wave', 'left'], ['charge_density_wave', 'right'], ['charge_density_wave', 'block_cell3'], ['charge_density_wave', 'block_cell9'], ['left', 'right'], ['block_cell3', 'block_cell9']]","['charge_density_wave', 'left', 'right', 'block_cell3', 'block_cell9']",independent_complex_model,"[120, 160, 200, 240]",charge_density_wave,right,7.215295021779341e-14,5.2595919733027575e-15,False,False,0.0,0.0,7.215300885330085e-14,0.0,0.0,5.413205155655812e-11,1.4537496196047331e-102,False,False
L48_g0p0,48,0.0,2.0,0.2,L48_g0p0,L48_g0p0_taup60,28.8,.60,"['charge_density_wave', 'left', 'right', 'block_cell3', 'block_cell9']","[['charge_density_wave', 'left'], ['charge_density_wave', 'right'], ['charge_density_wave', 'block_cell3'], ['charge_density_wave', 'block_cell9'], ['left', 'right'], ['block_cell3', 'block_cell9']]","['charge_density_wave', 'left', 'right', 'block_cell3', 'block_cell9']",independent_complex_model,"[120, 160, 200, 240]",charge_density_wave,block_cell3,1.3262864987110388e-17,6.792271176248512e-23,False,False,0.0,0.0,1.3262865100844902e-17,0.0,0.0,1.2688284990869833e-14,2.891607092146584e-116,False,False
L48_g0p0,48,0.0,2.0,0.2,L48_g0p0,L48_g0p0_taup60,28.8,.60,"['charge_density_wave', 'left', 'right', 'block_cell3', 'block_cell9']","[['charge_density_wave', 'left'], ['charge_density_wave', 'right'], ['charge_density_wave', 'block_cell3'], ['charge_density_wave', 'block_cell9'], ['left', 'right'], ['block_cell3', 'block_cell9']]","['charge_density_wave', 'left', 'right', 'block_cell3', 'block_cell9']",independent_complex_model,"[120, 160, 200, 240]",charge_density_wave,block_cell9,5.175499306958196e-19,1.0787033421613218e-19,False,False,0.0,0.0,5.175513804133001e-19,0.0,0.0,5.354194668686124e-16,3.2326392929743867e-115,False,False
L48_g0p0,48,0.0,2.0,0.2,L48_g0p0,L48_g0p0_taup60,28.8,.60,"['charge_density_wave', 'left', 'right', 'block_cell3', 'block_cell9']","[['charge_density_wave', 'left'], ['charge_density_wave', 'right'], ['charge_density_wave', 'block_cell3'], ['charge_density_wave', 'block_cell9'], ['left', 'right'], ['block_cell3', 'block_cell9']]","['charge_density_wave', 'left', 'right', 'block_cell3', 'block_cell9']",independent_complex_model,"[120, 160, 200, 240]",left,right,4.60102415965309e-11,5.513100348874649e-15,False,False,0.0,0.0,4.608239856682722e-11,0.0,0.0,2.744181208228247e-08,9.171656379812403e-101,False,False
L48_g0p0,48,0.0,2.0,0.2,L48_g0p0,L48_g0p0_taup60,28.8,.60,"['charge_density_wave', 'left', 'right', 'block_cell3', 'block_cell9']","[['charge_density_wave', 'left'], ['charge_density_wave', 'right'], ['charge_density_wave', 'block_cell3'], ['charge_density_wave', 'block_cell9'], ['left', 'right'], ['block_cell3', 'block_cell9']]","['charge_density_wave', 'left', 'right', 'block_cell3', 'block_cell9']",independent_complex_model,"[120, 160, 200, 240]",block_cell3,block_cell9,1.3263247975327471e-17,1.0793825692789466e-19,False,False,0.0,0.0,1.3780416481258202e-17,0.0,0.0,1.3223704457738445e-14,3.521776986342682e-115,False,False
L48_g0p0,48,0.0,2.0,0.2,L48_g0p0,L48_g0p0_taup80,38.4,.80,"['charge_density_wave', 'left', 'right', 'block_cell3', 'block_cell9']","[['charge_density_wave', 'left'], ['charge_density_wave', 'right'], ['charge_density_wave', 'block_cell3'], ['charge_density_wave', 'block_cell9'], ['left', 'right'], ['block_cell3', 'block_cell9']]","['charge_density_wave', 'left', 'right', 'block_cell3', 'block_cell9']",independent_complex_model,"[120, 160, 200, 240]",charge_density_wave,left,1.0013134328822185e-23,2.3664707154315416e-28,False,False,0.0,0.0,1.0013134535074742e-23,0.0,0.0,1.296696385473441e-20,4.4219338128376876e-113,False,False
L48_g0p0,48,0.0,2.0,0.2,L48_g0p0,L48_g0p0_taup80,38.4,.80,"['charge_density_wave', 'left', 'right', 'block_cell3', 'block_cell9']","[['charge_density_wave', 'left'], ['charge_density_wave', 'right'], ['charge_density_wave', 'block_cell3'], ['charge_density_wave', 'block_cell9'], ['left', 'right'], ['block_cell3', 'block_cell9']]","['charge_density_wave', 'left', 'right', 'block_cell3', 'block_cell9']",independent_complex_model,"[120, 160, 200, 240]",charge_density_wave,right,3.2081432831334986e-25,3.836987336708377e-26,False,False,0.0,0.0,3.2081442953994138e-25,0.0,0.0,4.419457554687277e-22,1.2016660375481704e-113,False,False
L48_g0p0,48,0.0,2.0,0.2,L48_g0p0,L48_g0p0_taup80,38.4,.80,"['charge_density_wave', 'left', 'right', 'block_cell3', 'block_cell9']","[['charge_density_wave', 'left'], ['charge_density_wave', 'right'], ['charge_density_wave', 'block_cell3'], ['charge_density_wave', 'block_cell9'], ['left', 'right'], ['block_cell3', 'block_cell9']]","['charge_density_wave', 'left', 'right', 'block_cell3', 'block_cell9']",independent_complex_model,"[120, 160, 200, 240]",charge_density_wave,block_cell3,3.557230142793516e-30,7.894262961561301e-35,False,False,0.0,0.0,3.557230230070037e-30,0.0,0.0,5.874430255927587e-27,2.9667127207002104e-121,False,False
L48_g0p0,48,0.0,2.0,0.2,L48_g0p0,L48_g0p0_taup80,38.4,.80,"['charge_density_wave', 'left', 'right', 'block_cell3', 'block_cell9']","[['charge_density_wave', 'left'], ['charge_density_wave', 'right'], ['charge_density_wave', 'block_cell3'], ['charge_density_wave', 'block_cell9'], ['left', 'right'], ['block_cell3', 'block_cell9']]","['charge_density_wave', 'left', 'right', 'block_cell3', 'block_cell9']",independent_complex_model,"[120, 160, 200, 240]",charge_density_wave,block_cell9,2.508308702903564e-30,1.000832508753223e-31,False,False,0.0,0.0,2.5083116184094044e-30,0.0,0.0,4.163272121858001e-27,1.233245123099779e-120,False,False
L48_g0p0,48,0.0,2.0,0.2,L48_g0p0,L48_g0p0_taup80,38.4,.80,"['charge_density_wave', 'left', 'right', 'block_cell3', 'block_cell9']","[['charge_density_wave', 'left'], ['charge_density_wave', 'right'], ['charge_density_wave', 'block_cell3'], ['charge_density_wave', 'block_cell9'], ['left', 'right'], ['block_cell3', 'block_cell9']]","['charge_density_wave', 'left', 'right', 'block_cell3', 'block_cell9']",independent_complex_model,"[120, 160, 200, 240]",left,right,1.0012845368526432e-23,3.860652043862692e-26,False,False,0.0,0.0,1.0333948964614684e-23,0.0,0.0,1.3408909610203136e-20,5.623600006201047e-113,False,False
L48_g0p0,48,0.0,2.0,0.2,L48_g0p0,L48_g0p0_taup80,38.4,.80,"['charge_density_wave', 'left', 'right', 'block_cell3', 'block_cell9']","[['charge_density_wave', 'left'], ['charge_density_wave', 'right'], ['charge_density_wave', 'block_cell3'], ['charge_density_wave', 'block_cell9'], ['left', 'right'], ['block_cell3', 'block_cell9']]","['charge_density_wave', 'left', 'right', 'block_cell3', 'block_cell9']",independent_complex_model,"[120, 160, 200, 240]",block_cell3,block_cell9,3.592565744511501e-30,1.0016219350493792e-31,False,False,0.0,0.0,6.065541848479441e-30,0.0,0.0,1.0037702377785588e-26,2.8235496889806176e-122,False,False
L48_g0p2,48,0.2,2.0,0.2,L48_g0p2,L48_g0p2_taup25,12.0,.25,"['charge_density_wave', 'left', 'right', 'block_cell3', 'block_cell9']","[['charge_density_wave', 'left'], ['charge_density_wave', 'right'], ['charge_density_wave', 'block_cell3'], ['charge_density_wave', 'block_cell9'], ['left', 'right'], ['block_cell3', 'block_cell9']]","['charge_density_wave', 'left', 'right', 'block_cell3', 'block_cell9']",independent_complex_model,"[120, 160, 200, 240]",charge_density_wave,left,1.0,0.656857643730659,True,True,1.0,0.9999999279047922,1.0,0.6568576441039854,0.6568274588006779,0.6568878294072928,3.0654560536533854e-104,True,True
L48_g0p2,48,0.2,2.0,0.2,L48_g0p2,L48_g0p2_taup25,12.0,.25,"['charge_density_wave', 'left', 'right', 'block_cell3', 'block_cell9']","[['charge_density_wave', 'left'], ['charge_density_wave', 'right'], ['charge_density_wave', 'block_cell3'], ['charge_density_wave', 'block_cell9'], ['left', 'right'], ['block_cell3', 'block_cell9']]","['charge_density_wave', 'left', 'right', 'block_cell3', 'block_cell9']",independent_complex_model,"[120, 160, 200, 240]",charge_density_wave,right,1.0,0.6162102621489519,True,True,1.0,0.9999999011350448,1.0,0.6162102714838179,0.6161696272835057,0.6162509156841302,2.3000522954065863e-100,True,True
L48_g0p2,48,0.2,2.0,0.2,L48_g0p2,L48_g0p2_taup25,12.0,.25,"['charge_density_wave', 'left', 'right', 'block_cell3', 'block_cell9']","[['charge_density_wave', 'left'], ['charge_density_wave', 'right'], ['charge_density_wave', 'block_cell3'], ['charge_density_wave', 'block_cell9'], ['left', 'right'], ['block_cell3', 'block_cell9']]","['charge_density_wave', 'left', 'right', 'block_cell3', 'block_cell9']",independent_complex_model,"[120, 160, 200, 240]",charge_density_wave,block_cell3,0.9999997767230296,0.616572103584792,True,True,0.9999997767230296,0.9999989747277365,1.0,0.6165720730395718,0.6162826586781959,0.6168614874009479,4.61670273628884e-105,True,True
L48_g0p2,48,0.2,2.0,0.2,L48_g0p2,L48_g0p2_taup25,12.0,.25,"['charge_density_wave', 'left', 'right', 'block_cell3', 'block_cell9']","[['charge_density_wave', 'left'], ['charge_density_wave', 'right'], ['charge_density_wave', 'block_cell3'], ['charge_density_wave', 'block_cell9'], ['left', 'right'], ['block_cell3', 'block_cell9']]","['charge_density_wave', 'left', 'right', 'block_cell3', 'block_cell9']",independent_complex_model,"[120, 160, 200, 240]",charge_density_wave,block_cell9,0.9999994360630782,0.3836324900233119,True,True,0.9999994360628962,0.9999951063364009,1.0,0.3836322994490292,0.3822450546620739,0.3850195442359845,2.4876362108928905e-102,True,True
L48_g0p2,48,0.2,2.0,0.2,L48_g0p2,L48_g0p2_taup25,12.0,.25,"['charge_density_wave', 'left', 'right', 'block_cell3', 'block_cell9']","[['charge_density_wave', 'left'], ['charge_density_wave', 'right'], ['charge_density_wave', 'block_cell3'], ['charge_density_wave', 'block_cell9'], ['left', 'right'], ['block_cell3', 'block_cell9']]","['charge_density_wave', 'left', 'right', 'block_cell3', 'block_cell9']",independent_complex_model,"[120, 160, 200, 240]",left,right,1.0,0.04064738158170715,True,False,1.0,0.9999998290398381,1.0,0.04064737262016748,0.0405765431175721,0.040718202122762864,2.299745749801221e-100,True,False
L48_g0p2,48,0.2,2.0,0.2,L48_g0p2,L48_g0p2_taup25,12.0,.25,"['charge_density_wave', 'left', 'right', 'block_cell3', 'block_cell9']","[['charge_density_wave', 'left'], ['charge_density_wave', 'right'], ['charge_density_wave', 'block_cell3'], ['charge_density_wave', 'block_cell9'], ['left', 'right'], ['block_cell3', 'block_cell9']]","['charge_density_wave', 'left', 'right', 'block_cell3', 'block_cell9']",independent_complex_model,"[120, 160, 200, 240]",block_cell3,block_cell9,0.999999821334246,0.23293961356148002,True,True,0.9999998213342578,0.9999946896124705,1.0,0.2329397735905427,0.23126311444323563,0.23461643273784974,2.4830201225525122e-102,True,True
L48_g0p2,48,0.2,2.0,0.2,L48_g0p2,L48_g0p2_taup45,21.6,.45,"['charge_density_wave', 'left', 'right', 'block_cell3', 'block_cell9']","[['charge_density_wave', 'left'], ['charge_density_wave', 'right'], ['charge_density_wave', 'block_cell3'], ['charge_density_wave', 'block_cell9'], ['left', 'right'], ['block_cell3', 'block_cell9']]","['charge_density_wave', 'left', 'right', 'block_cell3', 'block_cell9']",independent_complex_model,"[120, 160, 200, 240]",charge_density_wave,left,0.0034251467363874614,0.0001448535418527304,False,False,0.0034252387448386466,0.0034249612418972572,0.0034255162477800356,0.00014486069044024533,3.765064252655785e-05,0.0002520707383539328,3.758852558914286e-97,False,False
L48_g0p2,48,0.2,2.0,0.2,L48_g0p2,L48_g0p2_taup45,21.6,.45,"['charge_density_wave', 'left', 'right', 'block_cell3', 'block_cell9']","[['charge_density_wave', 'left'], ['charge_density_wave', 'right'], ['charge_density_wave', 'block_cell3'], ['charge_density_wave', 'block_cell9'], ['left', 'right'], ['block_cell3', 'block_cell9']]","['charge_density_wave', 'left', 'right', 'block_cell3', 'block_cell9']",independent_complex_model,"[120, 160, 200, 240]",charge_density_wave,right,0.00021393376762813,7.060228614680337e-07,False,False,0.00021059931347332958,0.00020688678326836297,0.00021431184367829616,6.883878266679243e-07,0.0,0.0012038863169740203,1.0864173284851019e-95,False,False
L48_g0p2,48,0.2,2.0,0.2,L48_g0p2,L48_g0p2_taup45,21.6,.45,"['charge_density_wave', 'left', 'right', 'block_cell3', 'block_cell9']","[['charge_density_wave', 'left'], ['charge_density_wave', 'right'], ['charge_density_wave', 'block_cell3'], ['charge_density_wave', 'block_cell9'], ['left', 'right'], ['block_cell3', 'block_cell9']]","['charge_density_wave', 'left', 'right', 'block_cell3', 'block_cell9']",independent_complex_model,"[120, 160, 200, 240]",charge_density_wave,block_cell3,6.427399586706156e-10,4.75812581451022e-14,False,False,0.0,0.0,6.427399994403111e-10,0.0,0.0,3.4191630209687316e-07,7.728183787227182e-109,False,False
L48_g0p2,48,0.2,2.0,0.2,L48_g0p2,L48_g0p2_taup45,21.6,.45,"['charge_density_wave', 'left', 'right', 'block_cell3', 'block_cell9']","[['charge_density_wave', 'left'], ['charge_density_wave', 'right'], ['charge_density_wave', 'block_cell3'], ['charge_density_wave', 'block_cell9'], ['left', 'right'], ['block_cell3', 'block_cell9']]","['charge_density_wave', 'left', 'right', 'block_cell3', 'block_cell9']",independent_complex_model,"[120, 160, 200, 240]",charge_density_wave,block_cell9,8.081414977905786e-10,7.618479915167161e-12,False,False,0.0,0.0,8.081425764405628e-10,0.0,0.0,4.2546345483097377e-07,4.760441310283717e-107,False,False
L48_g0p2,48,0.2,2.0,0.2,L48_g0p2,L48_g0p2_taup45,21.6,.45,"['charge_density_wave', 'left', 'right', 'block_cell3', 'block_cell9']","[['charge_density_wave', 'left'], ['charge_density_wave', 'right'], ['charge_density_wave', 'block_cell3'], ['charge_density_wave', 'block_cell9'], ['left', 'right'], ['block_cell3', 'block_cell9']]","['charge_density_wave', 'left', 'right', 'block_cell3', 'block_cell9']",independent_complex_model,"[120, 160, 200, 240]",left,right,0.0034251467358341046,0.00014414751899126236,False,False,0.003425238744310384,0.0034212487111640283,0.00342922877745674,0.00014417230261357743,0.0,0.0014545802796746173,3.7635616736928126e-97,False,False
L48_g0p2,48,0.2,2.0,0.2,L48_g0p2,L48_g0p2_taup45,21.6,.45,"['charge_density_wave', 'left', 'right', 'block_cell3', 'block_cell9']","[['charge_density_wave', 'left'], ['charge_density_wave', 'right'], ['charge_density_wave', 'block_cell3'], ['charge_density_wave', 'block_cell9'], ['left', 'right'], ['block_cell3', 'block_cell9']]","['charge_density_wave', 'left', 'right', 'block_cell3', 'block_cell9']",independent_complex_model,"[120, 160, 200, 240]",block_cell3,block_cell9,8.081421209254574e-10,7.570898657022059e-12,False,False,0.0,0.0,1.4508825758808738e-09,0.0,0.0,7.67379756927847e-07,4.6831594724112936e-107,False,False
L48_g0p2,48,0.2,2.0,0.2,L48_g0p2,L48_g0p2_taup60,28.8,.60,"['charge_density_wave', 'left', 'right', 'block_cell3', 'block_cell9']","[['charge_density_wave', 'left'], ['charge_density_wave', 'right'], ['charge_density_wave', 'block_cell3'], ['charge_density_wave', 'block_cell9'], ['left', 'right'], ['block_cell3', 'block_cell9']]","['charge_density_wave', 'left', 'right', 'block_cell3', 'block_cell9']",independent_complex_model,"[120, 160, 200, 240]",charge_density_wave,left,1.1179627351252353e-12,2.1404734482097293e-16,False,False,0.0,0.0,1.1179628121386114e-12,0.0,0.0,7.652101190265481e-10,8.131613764010963e-104,False,False
L48_g0p2,48,0.2,2.0,0.2,L48_g0p2,L48_g0p2_taup60,28.8,.60,"['charge_density_wave', 'left', 'right', 'block_cell3', 'block_cell9']","[['charge_density_wave', 'left'], ['charge_density_wave', 'right'], ['charge_density_wave', 'block_cell3'], ['charge_density_wave', 'block_cell9'], ['left', 'right'], ['block_cell3', 'block_cell9']]","['charge_density_wave', 'left', 'right', 'block_cell3', 'block_cell9']",independent_complex_model,"[120, 160, 200, 240]",charge_density_wave,right,1.9426024915594298e-13,3.193923831249032e-15,False,False,0.0,0.0,1.9426032855946423e-13,0.0,0.0,1.411242724594454e-10,6.916640570409125e-102,False,False
L48_g0p2,48,0.2,2.0,0.2,L48_g0p2,L48_g0p2_taup60,28.8,.60,"['charge_density_wave', 'left', 'right', 'block_cell3', 'block_cell9']","[['charge_density_wave', 'left'], ['charge_density_wave', 'right'], ['charge_density_wave', 'block_cell3'], ['charge_density_wave', 'block_cell9'], ['left', 'right'], ['block_cell3', 'block_cell9']]","['charge_density_wave', 'left', 'right', 'block_cell3', 'block_cell9']",independent_complex_model,"[120, 160, 200, 240]",charge_density_wave,block_cell3,2.84978178037964e-19,7.331342332032736e-23,False,False,0.0,0.0,2.849781945285257e-19,0.0,0.0,2.9889794955660895e-16,6.894509217495904e-118,False,False
L48_g0p2,48,0.2,2.0,0.2,L48_g0p2,L48_g0p2_taup60,28.8,.60,"['charge_density_wave', 'left', 'right', 'block_cell3', 'block_cell9']","[['charge_density_wave', 'left'], ['charge_density_wave', 'right'], ['charge_density_wave', 'block_cell3'], ['charge_density_wave', 'block_cell9'], ['left', 'right'], ['block_cell3', 'block_cell9']]","['charge_density_wave', 'left', 'right', 'block_cell3', 'block_cell9']",independent_complex_model,"[120, 160, 200, 240]",charge_density_wave,block_cell9,8.964472360345278e-19,7.836464439172362e-20,False,False,0.0,0.0,8.964478802469063e-19,0.0,0.0,9.15578367709866e-16,1.0458308865684505e-115,False,False
L48_g0p2,48,0.2,2.0,0.2,L48_g0p2,L48_g0p2_taup60,28.8,.60,"['charge_density_wave', 'left', 'right', 'block_cell3', 'block_cell9']","[['charge_density_wave', 'left'], ['charge_density_wave', 'right'], ['charge_density_wave', 'block_cell3'], ['charge_density_wave', 'block_cell9'], ['left', 'right'], ['block_cell3', 'block_cell9']]","['charge_density_wave', 'left', 'right', 'block_cell3', 'block_cell9']",independent_complex_model,"[120, 160, 200, 240]",left,right,1.117962252674685e-12,3.407971176070005e-15,False,False,0.0,0.0,1.3122231406980756e-12,0.0,0.0,9.063343914859935e-10,6.835324432769015e-102,False,False
L48_g0p2,48,0.2,2.0,0.2,L48_g0p2,L48_g0p2_taup60,28.8,.60,"['charge_density_wave', 'left', 'right', 'block_cell3', 'block_cell9']","[['charge_density_wave', 'left'], ['charge_density_wave', 'right'], ['charge_density_wave', 'block_cell3'], ['charge_density_wave', 'block_cell9'], ['left', 'right'], ['block_cell3', 'block_cell9']]","['charge_density_wave', 'left', 'right', 'block_cell3', 'block_cell9']",independent_complex_model,"[120, 160, 200, 240]",block_cell3,block_cell9,8.9643712437234e-19,7.843795781504396e-20,False,False,0.0,0.0,1.181426074775432e-18,0.0,0.0,1.2144763172664751e-15,1.0389480021228643e-115,False,False
L48_g0p2,48,0.2,2.0,0.2,L48_g0p2,L48_g0p2_taup80,38.4,.80,"['charge_density_wave', 'left', 'right', 'block_cell3', 'block_cell9']","[['charge_density_wave', 'left'], ['charge_density_wave', 'right'], ['charge_density_wave', 'block_cell3'], ['charge_density_wave', 'block_cell9'], ['left', 'right'], ['block_cell3', 'block_cell9']]","['charge_density_wave', 'left', 'right', 'block_cell3', 'block_cell9']",independent_complex_model,"[120, 160, 200, 240]",charge_density_wave,left,2.8444188082801854e-25,1.9400000210167432e-28,False,False,0.0,0.0,2.8444188932633126e-25,0.0,0.0,3.9266134594463745e-22,4.235393035981395e-116,False,False
L48_g0p2,48,0.2,2.0,0.2,L48_g0p2,L48_g0p2_taup80,38.4,.80,"['charge_density_wave', 'left', 'right', 'block_cell3', 'block_cell9']","[['charge_density_wave', 'left'], ['charge_density_wave', 'right'], ['charge_density_wave', 'block_cell3'], ['charge_density_wave', 'block_cell9'], ['left', 'right'], ['block_cell3', 'block_cell9']]","['charge_density_wave', 'left', 'right', 'block_cell3', 'block_cell9']",independent_complex_model,"[120, 160, 200, 240]",charge_density_wave,right,2.1993196691950496e-25,2.8456721036877e-26,False,False,0.0,0.0,2.1993199273173216e-25,0.0,0.0,3.0496550854686467e-22,1.511590086032997e-113,False,False
L48_g0p2,48,0.2,2.0,0.2,L48_g0p2,L48_g0p2_taup80,38.4,.80,"['charge_density_wave', 'left', 'right', 'block_cell3', 'block_cell9']","[['charge_density_wave', 'left'], ['charge_density_wave', 'right'], ['charge_density_wave', 'block_cell3'], ['charge_density_wave', 'block_cell9'], ['left', 'right'], ['block_cell3', 'block_cell9']]","['charge_density_wave', 'left', 'right', 'block_cell3', 'block_cell9']",independent_complex_model,"[120, 160, 200, 240]",charge_density_wave,block_cell3,8.9342743278423e-32,6.122254796239031e-35,False,False,0.0,0.0,8.934275060139123e-32,0.0,0.0,1.5544100758311993e-28,5.036342053628077e-121,False,False
L48_g0p2,48,0.2,2.0,0.2,L48_g0p2,L48_g0p2_taup80,38.4,.80,"['charge_density_wave', 'left', 'right', 'block_cell3', 'block_cell9']","[['charge_density_wave', 'left'], ['charge_density_wave', 'right'], ['charge_density_wave', 'block_cell3'], ['charge_density_wave', 'block_cell9'], ['left', 'right'], ['block_cell3', 'block_cell9']]","['charge_density_wave', 'left', 'right', 'block_cell3', 'block_cell9']",independent_complex_model,"[120, 160, 200, 240]",charge_density_wave,block_cell9,1.1309569288493498e-30,6.932613911559228e-32,False,False,0.0,0.0,1.1309574136915477e-30,0.0,0.0,1.8987731304966134e-27,6.140191244182854e-121,False,False
L48_g0p2,48,0.2,2.0,0.2,L48_g0p2,L48_g0p2_taup80,38.4,.80,"['charge_density_wave', 'left', 'right', 'block_cell3', 'block_cell9']","[['charge_density_wave', 'left'], ['charge_density_wave', 'right'], ['charge_density_wave', 'block_cell3'], ['charge_density_wave', 'block_cell9'], ['left', 'right'], ['block_cell3', 'block_cell9']]","['charge_density_wave', 'left', 'right', 'block_cell3', 'block_cell9']",independent_complex_model,"[120, 160, 200, 240]",left,right,2.8467647939416064e-25,2.865072103897867e-26,False,False,0.0,0.0,5.043738820580634e-25,0.0,0.0,6.976268544915021e-22,1.5073547927593708e-113,False,False
L48_g0p2,48,0.2,2.0,0.2,L48_g0p2,L48_g0p2_taup80,38.4,.80,"['charge_density_wave', 'left', 'right', 'block_cell3', 'block_cell9']","[['charge_density_wave', 'left'], ['charge_density_wave', 'right'], ['charge_density_wave', 'block_cell3'], ['charge_density_wave', 'block_cell9'], ['left', 'right'], ['block_cell3', 'block_cell9']]","['charge_density_wave', 'left', 'right', 'block_cell3', 'block_cell9']",independent_complex_model,"[120, 160, 200, 240]",block_cell3,block_cell9,1.1308404811343371e-30,6.938736166355467e-32,False,False,0.0,0.0,1.2203001642929389e-30,0.0,0.0,2.0542141380797333e-27,1.2002977952655942e-121,False,False
L48_gm0p2,48,-0.2,2.0,0.2,L48_gm0p2,L48_gm0p2_taup25,12.0,.25,"['charge_density_wave', 'left', 'right', 'block_cell3', 'block_cell9']","[['charge_density_wave', 'left'], ['charge_density_wave', 'right'], ['charge_density_wave', 'block_cell3'], ['charge_density_wave', 'block_cell9'], ['left', 'right'], ['block_cell3', 'block_cell9']]","['charge_density_wave', 'left', 'right', 'block_cell3', 'block_cell9']",independent_complex_model,"[120, 160, 200, 240]",charge_density_wave,left,1.0,0.6833855205037134,True,True,1.0,0.9999999999999675,1.0,0.6833855205037135,0.6833855204784308,0.6833855205289961,3.391774440944571e-103,True,True
L48_gm0p2,48,-0.2,2.0,0.2,L48_gm0p2,L48_gm0p2_taup25,12.0,.25,"['charge_density_wave', 'left', 'right', 'block_cell3', 'block_cell9']","[['charge_density_wave', 'left'], ['charge_density_wave', 'right'], ['charge_density_wave', 'block_cell3'], ['charge_density_wave', 'block_cell9'], ['left', 'right'], ['block_cell3', 'block_cell9']]","['charge_density_wave', 'left', 'right', 'block_cell3', 'block_cell9']",independent_complex_model,"[120, 160, 200, 240]",charge_density_wave,right,0.9999999999998244,0.3333283481071109,True,True,0.9999999999998244,0.9999999099598195,1.0,0.3333283648364124,0.33329114658388004,0.3333655830889449,1.8507404605652988e-97,True,True
L48_gm0p2,48,-0.2,2.0,0.2,L48_gm0p2,L48_gm0p2_taup25,12.0,.25,"['charge_density_wave', 'left', 'right', 'block_cell3', 'block_cell9']","[['charge_density_wave', 'left'], ['charge_density_wave', 'right'], ['charge_density_wave', 'block_cell3'], ['charge_density_wave', 'block_cell9'], ['left', 'right'], ['block_cell3', 'block_cell9']]","['charge_density_wave', 'left', 'right', 'block_cell3', 'block_cell9']",independent_complex_model,"[120, 160, 200, 240]",charge_density_wave,block_cell3,0.9999999999999354,0.660049878890865,True,True,0.9999999999999354,0.9999940464841776,1.0,0.6600498706338087,0.658187869180057,0.6619118720875604,1.1435512017791057e-103,True,True
L48_gm0p2,48,-0.2,2.0,0.2,L48_gm0p2,L48_gm0p2_taup25,12.0,.25,"['charge_density_wave', 'left', 'right', 'block_cell3', 'block_cell9']","[['charge_density_wave', 'left'], ['charge_density_wave', 'right'], ['charge_density_wave', 'block_cell3'], ['charge_density_wave', 'block_cell9'], ['left', 'right'], ['block_cell3', 'block_cell9']]","['charge_density_wave', 'left', 'right', 'block_cell3', 'block_cell9']",independent_complex_model,"[120, 160, 200, 240]",charge_density_wave,block_cell9,0.9755771062250338,0.3025776253326891,True,True,0.9755770943024025,0.9755755160298113,0.9755786725749938,0.30257767513790623,0.30203377036416296,0.30312157991164956,6.689589367277237e-101,True,True
L48_gm0p2,48,-0.2,2.0,0.2,L48_gm0p2,L48_gm0p2_taup25,12.0,.25,"['charge_density_wave', 'left', 'right', 'block_cell3', 'block_cell9']","[['charge_density_wave', 'left'], ['charge_density_wave', 'right'], ['charge_density_wave', 'block_cell3'], ['charge_density_wave', 'block_cell9'], ['left', 'right'], ['block_cell3', 'block_cell9']]","['charge_density_wave', 'left', 'right', 'block_cell3', 'block_cell9']",independent_complex_model,"[120, 160, 200, 240]",left,right,1.0,0.3500571723966025,True,True,1.0,0.9999999099600209,1.0,0.350057155667301,0.3500199374343965,0.3500943739002055,1.8507438523397398e-97,True,True
L48_gm0p2,48,-0.2,2.0,0.2,L48_gm0p2,L48_gm0p2_taup25,12.0,.25,"['charge_density_wave', 'left', 'right', 'block_cell3', 'block_cell9']","[['charge_density_wave', 'left'], ['charge_density_wave', 'right'], ['charge_density_wave', 'block_cell3'], ['charge_density_wave', 'block_cell9'], ['left', 'right'], ['block_cell3', 'block_cell9']]","['charge_density_wave', 'left', 'right', 'block_cell3', 'block_cell9']",independent_complex_model,"[120, 160, 200, 240]",block_cell3,block_cell9,0.9999999999999347,0.3574722535581759,True,True,0.9999999999999347,0.9999924682116438,1.0,0.3574721954959025,0.3550662893133181,0.35987810167848683,6.701024879295028e-101,True,True
L48_gm0p2,48,-0.2,2.0,0.2,L48_gm0p2,L48_gm0p2_taup45,21.6,.45,"['charge_density_wave', 'left', 'right', 'block_cell3', 'block_cell9']","[['charge_density_wave', 'left'], ['charge_density_wave', 'right'], ['charge_density_wave', 'block_cell3'], ['charge_density_wave', 'block_cell9'], ['left', 'right'], ['block_cell3', 'block_cell9']]","['charge_density_wave', 'left', 'right', 'block_cell3', 'block_cell9']",independent_complex_model,"[120, 160, 200, 240]",charge_density_wave,left,0.9970310529138439,0.036454713227520745,True,False,0.997031052918765,0.9970310446635506,0.9970310611739794,0.0364547130855682,0.03645082737184201,0.036458598799294396,7.24381247627481e-92,True,False
L48_gm0p2,48,-0.2,2.0,0.2,L48_gm0p2,L48_gm0p2_taup45,21.6,.45,"['charge_density_wave', 'left', 'right', 'block_cell3', 'block_cell9']","[['charge_density_wave', 'left'], ['charge_density_wave', 'right'], ['charge_density_wave', 'block_cell3'], ['charge_density_wave', 'block_cell9'], ['left', 'right'], ['block_cell3', 'block_cell9']]","['charge_density_wave', 'left', 'right', 'block_cell3', 'block_cell9']",independent_complex_model,"[120, 160, 200, 240]",charge_density_wave,right,6.149054989442752e-06,1.399323766533983e-07,False,False,0.0,0.0,6.1491272522400715e-06,0.0,0.0,0.001918409244216962,3.6920880300916895e-95,False,False
L48_gm0p2,48,-0.2,2.0,0.2,L48_gm0p2,L48_gm0p2_taup45,21.6,.45,"['charge_density_wave', 'left', 'right', 'block_cell3', 'block_cell9']","[['charge_density_wave', 'left'], ['charge_density_wave', 'right'], ['charge_density_wave', 'block_cell3'], ['charge_density_wave', 'block_cell9'], ['left', 'right'], ['block_cell3', 'block_cell9']]","['charge_density_wave', 'left', 'right', 'block_cell3', 'block_cell9']",independent_complex_model,"[120, 160, 200, 240]",charge_density_wave,block_cell3,2.0747503382023956e-06,1.1682327610662518e-10,False,False,0.0,0.0,2.074756485915106e-06,0.0,0.0,0.0007013838319607424,8.273393160456756e-102,False,False
L48_gm0p2,48,-0.2,2.0,0.2,L48_gm0p2,L48_gm0p2_taup45,21.6,.45,"['charge_density_wave', 'left', 'right', 'block_cell3', 'block_cell9']","[['charge_density_wave', 'left'], ['charge_density_wave', 'right'], ['charge_density_wave', 'block_cell3'], ['charge_density_wave', 'block_cell9'], ['left', 'right'], ['block_cell3', 'block_cell9']]","['charge_density_wave', 'left', 'right', 'block_cell3', 'block_cell9']",independent_complex_model,"[120, 160, 200, 240]",charge_density_wave,block_cell9,9.12530691866842e-11,1.2271262541510284e-11,False,False,0.0,0.0,9.12541835094546e-11,0.0,0.0,5.2819466774484106e-08,1.5994190839045034e-107,False,False
L48_gm0p2,48,-0.2,2.0,0.2,L48_gm0p2,L48_gm0p2_taup45,21.6,.45,"['charge_density_wave', 'left', 'right', 'block_cell3', 'block_cell9']","[['charge_density_wave', 'left'], ['charge_density_wave', 'right'], ['charge_density_wave', 'block_cell3'], ['charge_density_wave', 'block_cell9'], ['left', 'right'], ['block_cell3', 'block_cell9']]","['charge_density_wave', 'left', 'right', 'block_cell3', 'block_cell9']",independent_complex_model,"[120, 160, 200, 240]",left,right,0.9970310529139829,0.036454853159897396,True,False,0.997031052918765,0.9970248955362985,0.9970372103012317,0.0364547130855682,0.03453241812762504,0.03837700804351136,7.247489176645739e-92,True,False
L48_gm0p2,48,-0.2,2.0,0.2,L48_gm0p2,L48_gm0p2_taup45,21.6,.45,"['charge_density_wave', 'left', 'right', 'block_cell3', 'block_cell9']","[['charge_density_wave', 'left'], ['charge_density_wave', 'right'], ['charge_density_wave', 'block_cell3'], ['charge_density_wave', 'block_cell9'], ['left', 'right'], ['block_cell3', 'block_cell9']]","['charge_density_wave', 'left', 'right', 'block_cell3', 'block_cell9']",independent_complex_model,"[120, 160, 200, 240]",block_cell3,block_cell9,2.074750342591575e-06,1.2909453864813547e-10,False,False,0.0,0.0,2.0748477400986154e-06,0.0,0.0,0.0007014366514275169,8.273377166265917e-102,False,False
L48_gm0p2,48,-0.2,2.0,0.2,L48_gm0p2,L48_gm0p2_taup60,28.8,.60,"['charge_density_wave', 'left', 'right', 'block_cell3', 'block_cell9']","[['charge_density_wave', 'left'], ['charge_density_wave', 'right'], ['charge_density_wave', 'block_cell3'], ['charge_density_wave', 'block_cell9'], ['left', 'right'], ['block_cell3', 'block_cell9']]","['charge_density_wave', 'left', 'right', 'block_cell3', 'block_cell9']",independent_complex_model,"[120, 160, 200, 240]",charge_density_wave,left,2.411226461639014e-09,8.165042940898954e-17,False,False,0.0,0.0,2.411226743374444e-09,0.0,0.0,1.2061803106383286e-06,1.3778382701842173e-96,False,False
L48_gm0p2,48,-0.2,2.0,0.2,L48_gm0p2,L48_gm0p2_taup60,28.8,.60,"['charge_density_wave', 'left', 'right', 'block_cell3', 'block_cell9']","[['charge_density_wave', 'left'], ['charge_density_wave', 'right'], ['charge_density_wave', 'block_cell3'], ['charge_density_wave', 'block_cell9'], ['left', 'right'], ['block_cell3', 'block_cell9']]","['charge_density_wave', 'left', 'right', 'block_cell3', 'block_cell9']",independent_complex_model,"[120, 160, 200, 240]",charge_density_wave,right,6.85396821105446e-14,7.591014516251727e-15,False,False,0.0,0.0,6.853977272205472e-14,0.0,0.0,5.150576756222865e-11,1.0350720590183368e-102,False,False
L48_gm0p2,48,-0.2,2.0,0.2,L48_gm0p2,L48_gm0p2_taup60,28.8,.60,"['charge_density_wave', 'left', 'right', 'block_cell3', 'block_cell9']","[['charge_density_wave', 'left'], ['charge_density_wave', 'right'], ['charge_density_wave', 'block_cell3'], ['charge_density_wave', 'block_cell9'], ['left', 'right'], ['block_cell3', 'block_cell9']]","['charge_density_wave', 'left', 'right', 'block_cell3', 'block_cell9']",independent_complex_model,"[120, 160, 200, 240]",charge_density_wave,block_cell3,8.485725229219977e-16,2.2637842087230984e-23,False,False,0.0,0.0,8.48572523870413e-16,0.0,0.0,7.271175493366616e-13,8.957416649607309e-111,False,False
L48_gm0p2,48,-0.2,2.0,0.2,L48_gm0p2,L48_gm0p2_taup60,28.8,.60,"['charge_density_wave', 'left', 'right', 'block_cell3', 'block_cell9']","[['charge_density_wave', 'left'], ['charge_density_wave', 'right'], ['charge_density_wave', 'block_cell3'], ['charge_density_wave', 'block_cell9'], ['left', 'right'], ['block_cell3', 'block_cell9']]","['charge_density_wave', 'left', 'right', 'block_cell3', 'block_cell9']",independent_complex_model,"[120, 160, 200, 240]",charge_density_wave,block_cell9,1.1428247927511464e-18,1.4757401197797736e-19,False,False,0.0,0.0,1.1428313870461459e-18,0.0,0.0,1.160559613369119e-15,3.592802597738858e-115,False,False
L48_gm0p2,48,-0.2,2.0,0.2,L48_gm0p2,L48_gm0p2_taup60,28.8,.60,"['charge_density_wave', 'left', 'right', 'block_cell3', 'block_cell9']","[['charge_density_wave', 'left'], ['charge_density_wave', 'right'], ['charge_density_wave', 'block_cell3'], ['charge_density_wave', 'block_cell9'], ['left', 'right'], ['block_cell3', 'block_cell9']]","['charge_density_wave', 'left', 'right', 'block_cell3', 'block_cell9']",independent_complex_model,"[120, 160, 200, 240]",left,right,2.4112264838503853e-09,7.672664945660716e-15,False,False,0.0,0.0,2.4112952831471664e-09,0.0,0.0,1.2062318164058908e-06,1.3778393052562762e-96,False,False
L48_gm0p2,48,-0.2,2.0,0.2,L48_gm0p2,L48_gm0p2_taup60,28.8,.60,"['charge_density_wave', 'left', 'right', 'block_cell3', 'block_cell9']","[['charge_density_wave', 'left'], ['charge_density_wave', 'right'], ['charge_density_wave', 'block_cell3'], ['charge_density_wave', 'block_cell9'], ['left', 'right'], ['block_cell3', 'block_cell9']]","['charge_density_wave', 'left', 'right', 'block_cell3', 'block_cell9']",independent_complex_model,"[120, 160, 200, 240]",block_cell3,block_cell9,8.485809065389691e-16,1.4759664982006458e-19,False,False,0.0,0.0,8.49715355257459e-16,0.0,0.0,7.282781089500306e-13,8.957057367266361e-111,False,False
L48_gm0p2,48,-0.2,2.0,0.2,L48_gm0p2,L48_gm0p2_taup80,38.4,.80,"['charge_density_wave', 'left', 'right', 'block_cell3', 'block_cell9']","[['charge_density_wave', 'left'], ['charge_density_wave', 'right'], ['charge_density_wave', 'block_cell3'], ['charge_density_wave', 'block_cell9'], ['left', 'right'], ['block_cell3', 'block_cell9']]","['charge_density_wave', 'left', 'right', 'block_cell3', 'block_cell9']",independent_complex_model,"[120, 160, 200, 240]",charge_density_wave,left,5.230177328442858e-22,2.0529771721529156e-28,False,False,0.0,0.0,5.230177431624336e-22,0.0,0.0,6.276517545570092e-19,7.342620681116113e-109,False,False
L48_gm0p2,48,-0.2,2.0,0.2,L48_gm0p2,L48_gm0p2_taup80,38.4,.80,"['charge_density_wave', 'left', 'right', 'block_cell3', 'block_cell9']","[['charge_density_wave', 'left'], ['charge_density_wave', 'right'], ['charge_density_wave', 'block_cell3'], ['charge_density_wave', 'block_cell9'], ['left', 'right'], ['block_cell3', 'block_cell9']]","['charge_density_wave', 'left', 'right', 'block_cell3', 'block_cell9']",independent_complex_model,"[120, 160, 200, 240]",charge_density_wave,right,1.9522419351793466e-24,5.649720926016744e-26,False,False,0.0,0.0,1.952242705022687e-24,0.0,0.0,2.6047476600434113e-21,5.299761129619878e-113,False,False
L48_gm0p2,48,-0.2,2.0,0.2,L48_gm0p2,L48_gm0p2_taup80,38.4,.80,"['charge_density_wave', 'left', 'right', 'block_cell3', 'block_cell9']","[['charge_density_wave', 'left'], ['charge_density_wave', 'right'], ['charge_density_wave', 'block_cell3'], ['charge_density_wave', 'block_cell9'], ['left', 'right'], ['block_cell3', 'block_cell9']]","['charge_density_wave', 'left', 'right', 'block_cell3', 'block_cell9']",independent_complex_model,"[120, 160, 200, 240]",charge_density_wave,block_cell3,2.0446249394984987e-28,9.95171700579978e-35,False,False,0.0,0.0,2.04462495552233e-28,0.0,0.0,3.1776989329406848e-25,1.26554200241298e-121,False,False
L48_gm0p2,48,-0.2,2.0,0.2,L48_gm0p2,L48_gm0p2_taup80,38.4,.80,"['charge_density_wave', 'left', 'right', 'block_cell3', 'block_cell9']","[['charge_density_wave', 'left'], ['charge_density_wave', 'right'], ['charge_density_wave', 'block_cell3'], ['charge_density_wave', 'block_cell9'], ['left', 'right'], ['block_cell3', 'block_cell9']]","['charge_density_wave', 'left', 'right', 'block_cell3', 'block_cell9']",independent_complex_model,"[120, 160, 200, 240]",charge_density_wave,block_cell9,2.9081757990449634e-29,1.4691890237701486e-31,False,False,0.0,0.0,2.9081790813418086e-29,0.0,0.0,4.65593239672765e-26,1.0873855281899202e-120,False,False
L48_gm0p2,48,-0.2,2.0,0.2,L48_gm0p2,L48_gm0p2_taup80,38.4,.80,"['charge_density_wave', 'left', 'right', 'block_cell3', 'block_cell9']","[['charge_density_wave', 'left'], ['charge_density_wave', 'right'], ['charge_density_wave', 'block_cell3'], ['charge_density_wave', 'block_cell9'], ['left', 'right'], ['block_cell3', 'block_cell9']]","['charge_density_wave', 'left', 'right', 'block_cell3', 'block_cell9']",independent_complex_model,"[120, 160, 200, 240]",left,right,5.228818796609781e-22,5.670250697738274e-26,False,False,0.0,0.0,5.249699858674563e-22,0.0,0.0,6.302565022170526e-19,7.343150657229568e-109,False,False
L48_gm0p2,48,-0.2,2.0,0.2,L48_gm0p2,L48_gm0p2_taup80,38.4,.80,"['charge_density_wave', 'left', 'right', 'block_cell3', 'block_cell9']","[['charge_density_wave', 'left'], ['charge_density_wave', 'right'], ['charge_density_wave', 'block_cell3'], ['charge_density_wave', 'block_cell9'], ['left', 'right'], ['block_cell3', 'block_cell9']]","['charge_density_wave', 'left', 'right', 'block_cell3', 'block_cell9']",independent_complex_model,"[120, 160, 200, 240]",block_cell3,block_cell9,2.0570780830512136e-28,1.4701841954707286e-31,False,False,0.0,0.0,2.335442863656511e-28,0.0,0.0,3.6432921726134497e-25,9.115875058105176e-121,False,False
L64_g0p0,64,0.0,2.0,0.2,L64_g0p0,L64_g0p0_taup25,16.0,.25,"['charge_density_wave', 'left', 'right', 'block_cell4', 'block_cell12']","[['charge_density_wave', 'left'], ['charge_density_wave', 'right'], ['charge_density_wave', 'block_cell4'], ['charge_density_wave', 'block_cell12'], ['left', 'right'], ['block_cell4', 'block_cell12']]","['charge_density_wave', 'left', 'right', 'block_cell4', 'block_cell12']",independent_complex_model,"[120, 160, 200, 240]",charge_density_wave,left,1.0,0.35599766192762405,True,True,1.0,0.9999999998451702,1.0,0.3559976619275334,0.35599754505610554,0.3559977787989613,5.908358021796717e-96,True,True
L64_g0p0,64,0.0,2.0,0.2,L64_g0p0,L64_g0p0_taup25,16.0,.25,"['charge_density_wave', 'left', 'right', 'block_cell4', 'block_cell12']","[['charge_density_wave', 'left'], ['charge_density_wave', 'right'], ['charge_density_wave', 'block_cell4'], ['charge_density_wave', 'block_cell12'], ['left', 'right'], ['block_cell4', 'block_cell12']]","['charge_density_wave', 'left', 'right', 'block_cell4', 'block_cell12']",independent_complex_model,"[120, 160, 200, 240]",charge_density_wave,right,1.0,0.1279241356363133,True,True,1.0,0.999999999999559,1.0,0.12792413563625185,0.127924135220656,0.12792413605184774,2.9679292414871106e-90,True,True
L64_g0p0,64,0.0,2.0,0.2,L64_g0p0,L64_g0p0_taup25,16.0,.25,"['charge_density_wave', 'left', 'right', 'block_cell4', 'block_cell12']","[['charge_density_wave', 'left'], ['charge_density_wave', 'right'], ['charge_density_wave', 'block_cell4'], ['charge_density_wave', 'block_cell12'], ['left', 'right'], ['block_cell4', 'block_cell12']]","['charge_density_wave', 'left', 'right', 'block_cell4', 'block_cell12']",independent_complex_model,"[120, 160, 200, 240]",charge_density_wave,block_cell4,0.9999999999999983,0.08579517303084921,True,False,0.9999999999999983,0.9999999556685696,1.0,0.085795171277202,0.08576973344668745,0.08582060910771655,2.8519769055389052e-98,True,False
L64_g0p0,64,0.0,2.0,0.2,L64_g0p0,L64_g0p0_taup25,16.0,.25,"['charge_density_wave', 'left', 'right', 'block_cell4', 'block_cell12']","[['charge_density_wave', 'left'], ['charge_density_wave', 'right'], ['charge_density_wave', 'block_cell4'], ['charge_density_wave', 'block_cell12'], ['left', 'right'], ['block_cell4', 'block_cell12']]","['charge_density_wave', 'left', 'right', 'block_cell4', 'block_cell12']",independent_complex_model,"[120, 160, 200, 240]",charge_density_wave,block_cell12,0.9999960084398839,0.6886651389938618,True,True,0.999996008439887,0.9999960066156205,0.9999960102641535,0.6886651390318029,0.6886639059976566,0.6886663720659492,1.2372791416237175e-94,True,True
L64_g0p0,64,0.0,2.0,0.2,L64_g0p0,L64_g0p0_taup25,16.0,.25,"['charge_density_wave', 'left', 'right', 'block_cell4', 'block_cell12']","[['charge_density_wave', 'left'], ['charge_density_wave', 'right'], ['charge_density_wave', 'block_cell4'], ['charge_density_wave', 'block_cell12'], ['left', 'right'], ['block_cell4', 'block_cell12']]","['charge_density_wave', 'left', 'right', 'block_cell4', 'block_cell12']",independent_complex_model,"[120, 160, 200, 240]",left,right,1.0,0.22807352629131075,True,True,1.0,0.9999999998447292,1.0,0.22807352629128153,0.228073409004258,0.22807364357830504,2.967923333133516e-90,True,True
L64_g0p0,64,0.0,2.0,0.2,L64_g0p0,L64_g0p0_taup25,16.0,.25,"['charge_density_wave', 'left', 'right', 'block_cell4', 'block_cell12']","[['charge_density_wave', 'left'], ['charge_density_wave', 'right'], ['charge_density_wave', 'block_cell4'], ['charge_density_wave', 'block_cell12'], ['left', 'right'], ['block_cell4', 'block_cell12']]","['charge_density_wave', 'left', 'right', 'block_cell4', 'block_cell12']",independent_complex_model,"[120, 160, 200, 240]",block_cell4,block_cell12,0.9999999999999983,0.6028699659630127,True,True,0.9999999999999983,0.9999999538443031,1.0,0.6028699677546009,0.6028432968899403,0.6028966386192616,1.2375643393142716e-94,True,True
L64_g0p0,64,0.0,2.0,0.2,L64_g0p0,L64_g0p0_taup45,28.8,.45,"['charge_density_wave', 'left', 'right', 'block_cell4', 'block_cell12']","[['charge_density_wave', 'left'], ['charge_density_wave', 'right'], ['charge_density_wave', 'block_cell4'], ['charge_density_wave', 'block_cell12'], ['left', 'right'], ['block_cell4', 'block_cell12']]","['charge_density_wave', 'left', 'right', 'block_cell4', 'block_cell12']",independent_complex_model,"[120, 160, 200, 240]",charge_density_wave,left,0.23803917068218428,0.2176863229973824,True,True,0.23804535158388104,0.2380359319172185,0.23805477125054356,0.2176945893910733,0.21390480696086092,0.22148437182128572,2.1861886016078674e-83,True,True
L64_g0p0,64,0.0,2.0,0.2,L64_g0p0,L64_g0p0_taup45,28.8,.45,"['charge_density_wave', 'left', 'right', 'block_cell4', 'block_cell12']","[['charge_density_wave', 'left'], ['charge_density_wave', 'right'], ['charge_density_wave', 'block_cell4'], ['charge_density_wave', 'block_cell12'], ['left', 'right'], ['block_cell4', 'block_cell12']]","['charge_density_wave', 'left', 'right', 'block_cell4', 'block_cell12']",independent_complex_model,"[120, 160, 200, 240]",charge_density_wave,right,2.4275745532265447e-06,4.206993372484563e-09,False,False,0.0,0.0,2.427587285562576e-06,0.0,0.0,0.0010820134432637978,6.400773126642246e-85,False,False
L64_g0p0,64,0.0,2.0,0.2,L64_g0p0,L64_g0p0_taup45,28.8,.45,"['charge_density_wave', 'left', 'right', 'block_cell4', 'block_cell12']","[['charge_density_wave', 'left'], ['charge_density_wave', 'right'], ['charge_density_wave', 'block_cell4'], ['charge_density_wave', 'block_cell12'], ['left', 'right'], ['block_cell4', 'block_cell12']]","['charge_density_wave', 'left', 'right', 'block_cell4', 'block_cell12']",independent_complex_model,"[120, 160, 200, 240]",charge_density_wave,block_cell4,6.426427643488113e-10,2.0064553299671455e-17,False,False,0.0,0.0,6.426427973815163e-10,0.0,0.0,4.558225686767326e-07,3.712486019608171e-99,False,False
L64_g0p0,64,0.0,2.0,0.2,L64_g0p0,L64_g0p0_taup45,28.8,.45,"['charge_density_wave', 'left', 'right', 'block_cell4', 'block_cell12']","[['charge_density_wave', 'left'], ['charge_density_wave', 'right'], ['charge_density_wave', 'block_cell4'], ['charge_density_wave', 'block_cell12'], ['left', 'right'], ['block_cell4', 'block_cell12']]","['charge_density_wave', 'left', 'right', 'block_cell4', 'block_cell12']",independent_complex_model,"[120, 160, 200, 240]",charge_density_wave,block_cell12,2.1037746335489493e-13,1.0943344602764565e-14,False,False,0.0,0.0,2.1037772444151332e-13,0.0,0.0,2.0324084892155002e-10,1.871189821221166e-101,False,False
L64_g0p0,64,0.0,2.0,0.2,L64_g0p0,L64_g0p0_taup45,28.8,.45,"['charge_density_wave', 'left', 'right', 'block_cell4', 'block_cell12']","[['charge_density_wave', 'left'], ['charge_density_wave', 'right'], ['charge_density_wave', 'block_cell4'], ['charge_density_wave', 'block_cell12'], ['left', 'right'], ['block_cell4', 'block_cell12']]","['charge_density_wave', 'left', 'right', 'block_cell4', 'block_cell12']",independent_complex_model,"[120, 160, 200, 240]",left,right,0.23803917068218422,0.21768631879038902,True,True,0.23804535158388104,0.23803350432993292,0.23805719883782914,0.2176945893910733,0.21282279351759711,0.22256638526454953,2.2501963328742897e-83,True,True
L64_g0p0,64,0.0,2.0,0.2,L64_g0p0,L64_g0p0_taup45,28.8,.45,"['charge_density_wave', 'left', 'right', 'block_cell4', 'block_cell12']","[['charge_density_wave', 'left'], ['charge_density_wave', 'right'], ['charge_density_wave', 'block_cell4'], ['charge_density_wave', 'block_cell12'], ['left', 'right'], ['block_cell4', 'block_cell12']]","['charge_density_wave', 'left', 'right', 'block_cell4', 'block_cell12']",independent_complex_model,"[120, 160, 200, 240]",block_cell4,block_cell12,6.426427643541804e-10,1.0923280049464894e-14,False,False,0.0,0.0,6.428531751059578e-10,0.0,0.0,4.560258095256541e-07,3.693774121395959e-99,False,False
L64_g0p0,64,0.0,2.0,0.2,L64_g0p0,L64_g0p0_taup60,38.4,.60,"['charge_density_wave', 'left', 'right', 'block_cell4', 'block_cell12']","[['charge_density_wave', 'left'], ['charge_density_wave', 'right'], ['charge_density_wave', 'block_cell4'], ['charge_density_wave', 'block_cell12'], ['left', 'right'], ['block_cell4', 'block_cell12']]","['charge_density_wave', 'left', 'right', 'block_cell4', 'block_cell12']",independent_complex_model,"[120, 160, 200, 240]",charge_density_wave,left,7.255546700743387e-14,9.029215855264945e-22,False,False,0.0,0.0,7.255546831805297e-14,0.0,0.0,7.256574227760291e-11,5.134663964494562e-93,False,False
L64_g0p0,64,0.0,2.0,0.2,L64_g0p0,L64_g0p0_taup60,38.4,.60,"['charge_density_wave', 'left', 'right', 'block_cell4', 'block_cell12']","[['charge_density_wave', 'left'], ['charge_density_wave', 'right'], ['charge_density_wave', 'block_cell4'], ['charge_density_wave', 'block_cell12'], ['left', 'right'], ['block_cell4', 'block_cell12']]","['charge_density_wave', 'left', 'right', 'block_cell4', 'block_cell12']",independent_complex_model,"[120, 160, 200, 240]",charge_density_wave,right,1.0136015018908735e-17,1.3909346114225424e-18,False,False,0.0,0.0,1.0136021591357884e-17,0.0,0.0,1.3016414937197175e-14,8.063121793253697e-96,False,False
L64_g0p0,64,0.0,2.0,0.2,L64_g0p0,L64_g0p0_taup60,38.4,.60,"['charge_density_wave', 'left', 'right', 'block_cell4', 'block_cell12']","[['charge_density_wave', 'left'], ['charge_density_wave', 'right'], ['charge_density_wave', 'block_cell4'], ['charge_density_wave', 'block_cell12'], ['left', 'right'], ['block_cell4', 'block_cell12']]","['charge_density_wave', 'left', 'right', 'block_cell4', 'block_cell12']",independent_complex_model,"[120, 160, 200, 240]",charge_density_wave,block_cell4,2.990566515076215e-22,6.172915862621125e-29,False,False,0.0,0.0,2.99056652437969e-22,0.0,0.0,4.838632249250683e-19,4.041659752449444e-111,False,False
L64_g0p0,64,0.0,2.0,0.2,L64_g0p0,L64_g0p0_taup60,38.4,.60,"['charge_density_wave', 'left', 'right', 'block_cell4', 'block_cell12']","[['charge_density_wave', 'left'], ['charge_density_wave', 'right'], ['charge_density_wave', 'block_cell4'], ['charge_density_wave', 'block_cell12'], ['left', 'right'], ['block_cell4', 'block_cell12']]","['charge_density_wave', 'left', 'right', 'block_cell4', 'block_cell12']",independent_complex_model,"[120, 160, 200, 240]",charge_density_wave,block_cell12,1.0015510622350903e-24,1.4575053344441054e-25,False,False,0.0,0.0,1.0015516529624117e-24,0.0,0.0,1.8031292332865208e-21,1.6850294508495018e-112,False,False
L64_g0p0,64,0.0,2.0,0.2,L64_g0p0,L64_g0p0_taup60,38.4,.60,"['charge_density_wave', 'left', 'right', 'block_cell4', 'block_cell12']","[['charge_density_wave', 'left'], ['charge_density_wave', 'right'], ['charge_density_wave', 'block_cell4'], ['charge_density_wave', 'block_cell12'], ['left', 'right'], ['block_cell4', 'block_cell12']]","['charge_density_wave', 'left', 'right', 'block_cell4', 'block_cell12']",independent_complex_model,"[120, 160, 200, 240]",left,right,7.25554670075775e-14,1.390031689837016e-18,False,False,0.0,0.0,7.256560433964432e-14,0.0,0.0,7.25787586925401e-11,5.1427270862878155e-93,False,False
L64_g0p0,64,0.0,2.0,0.2,L64_g0p0,L64_g0p0_taup60,38.4,.60,"['charge_density_wave', 'left', 'right', 'block_cell4', 'block_cell12']","[['charge_density_wave', 'left'], ['charge_density_wave', 'right'], ['charge_density_wave', 'block_cell4'], ['charge_density_wave', 'block_cell12'], ['left', 'right'], ['block_cell4', 'block_cell12']]","['charge_density_wave', 'left', 'right', 'block_cell4', 'block_cell12']",independent_complex_model,"[120, 160, 200, 240]",block_cell4,block_cell12,2.9905665338472647e-22,1.4568880428578433e-25,False,False,0.0,0.0,3.000582040909314e-22,0.0,0.0,4.856663541583548e-19,3.87315680658337e-111,False,False
L64_g0p0,64,0.0,2.0,0.2,L64_g0p0,L64_g0p0_taup80,51.2,.80,"['charge_density_wave', 'left', 'right', 'block_cell4', 'block_cell12']","[['charge_density_wave', 'left'], ['charge_density_wave', 'right'], ['charge_density_wave', 'block_cell4'], ['charge_density_wave', 'block_cell12'], ['left', 'right'], ['block_cell4', 'block_cell12']]","['charge_density_wave', 'left', 'right', 'block_cell4', 'block_cell12']",independent_complex_model,"[120, 160, 200, 240]",charge_density_wave,left,1.6955870224575568e-30,1.28923491609891e-37,False,False,0.0,0.0,1.695587032161716e-30,0.0,0.0,3.773672659513418e-27,2.6943641506887366e-109,False,False
L64_g0p0,64,0.0,2.0,0.2,L64_g0p0,L64_g0p0_taup80,51.2,.80,"['charge_density_wave', 'left', 'right', 'block_cell4', 'block_cell12']","[['charge_density_wave', 'left'], ['charge_density_wave', 'right'], ['charge_density_wave', 'block_cell4'], ['charge_density_wave', 'block_cell12'], ['left', 'right'], ['block_cell4', 'block_cell12']]","['charge_density_wave', 'left', 'right', 'block_cell4', 'block_cell12']",independent_complex_model,"[120, 160, 200, 240]",charge_density_wave,right,8.226634278597978e-33,6.170093102808646e-34,False,False,0.0,0.0,8.226636391041206e-33,0.0,0.0,1.9711792343132128e-29,1.2335346941375483e-110,False,False
L64_g0p0,64,0.0,2.0,0.2,L64_g0p0,L64_g0p0_taup80,51.2,.80,"['charge_density_wave', 'left', 'right', 'block_cell4', 'block_cell12']","[['charge_density_wave', 'left'], ['charge_density_wave', 'right'], ['charge_density_wave', 'block_cell4'], ['charge_density_wave', 'block_cell12'], ['left', 'right'], ['block_cell4', 'block_cell12']]","['charge_density_wave', 'left', 'right', 'block_cell4', 'block_cell12']",independent_complex_model,"[120, 160, 200, 240]",charge_density_wave,block_cell4,1.0392357297053953e-38,2.3187095320259278e-45,False,False,0.0,0.0,1.039235731231349e-38,0.0,0.0,2.941776987536642e-35,8.39590573791814e-121,False,False
L64_g0p0,64,0.0,2.0,0.2,L64_g0p0,L64_g0p0_taup80,51.2,.80,"['charge_density_wave', 'left', 'right', 'block_cell4', 'block_cell12']","[['charge_density_wave', 'left'], ['charge_density_wave', 'right'], ['charge_density_wave', 'block_cell4'], ['charge_density_wave', 'block_cell12'], ['left', 'right'], ['block_cell4', 'block_cell12']]","['charge_density_wave', 'left', 'right', 'block_cell4', 'block_cell12']",independent_complex_model,"[120, 160, 200, 240]",charge_density_wave,block_cell12,8.741738221729734e-40,2.9638586358125697e-41,False,False,0.0,0.0,8.741740430107721e-40,0.0,0.0,2.5437847671054067e-36,1.7262843422135076e-121,False,False
L64_g0p0,64,0.0,2.0,0.2,L64_g0p0,L64_g0p0_taup80,51.2,.80,"['charge_density_wave', 'left', 'right', 'block_cell4', 'block_cell12']","[['charge_density_wave', 'left'], ['charge_density_wave', 'right'], ['charge_density_wave', 'block_cell4'], ['charge_density_wave', 'block_cell12'], ['left', 'right'], ['block_cell4', 'block_cell12']]","['charge_density_wave', 'left', 'right', 'block_cell4', 'block_cell12']",independent_complex_model,"[120, 160, 200, 240]",left,right,1.695586003860692e-30,6.168803867892547e-34,False,False,0.0,0.0,1.7038136685527573e-30,0.0,0.0,3.79338445185655e-27,2.8177176200752445e-109,False,False
L64_g0p0,64,0.0,2.0,0.2,L64_g0p0,L64_g0p0_taup80,51.2,.80,"['charge_density_wave', 'left', 'right', 'block_cell4', 'block_cell12']","[['charge_density_wave', 'left'], ['charge_density_wave', 'right'], ['charge_density_wave', 'block_cell4'], ['charge_density_wave', 'block_cell12'], ['left', 'right'], ['block_cell4', 'block_cell12']]","['charge_density_wave', 'left', 'right', 'block_cell4', 'block_cell12']",independent_complex_model,"[120, 160, 200, 240]",block_cell4,block_cell12,1.0388527100209802e-38,2.963626764859367e-41,False,False,0.0,0.0,1.1266531355324262e-38,0.0,0.0,3.1961554642471826e-35,1.712461905651661e-120,False,False
L64_g0p2,64,0.2,2.0,0.2,L64_g0p2,L64_g0p2_taup25,16.0,.25,"['charge_density_wave', 'left', 'right', 'block_cell4', 'block_cell12']","[['charge_density_wave', 'left'], ['charge_density_wave', 'right'], ['charge_density_wave', 'block_cell4'], ['charge_density_wave', 'block_cell12'], ['left', 'right'], ['block_cell4', 'block_cell12']]","['charge_density_wave', 'left', 'right', 'block_cell4', 'block_cell12']",independent_complex_model,"[120, 160, 200, 240]",charge_density_wave,left,1.0,0.060263660902443804,True,False,1.0,0.9999999999978837,1.0,0.06026366090239195,0.06026365901417538,0.06026366279060851,3.484522635223635e-98,True,False
L64_g0p2,64,0.2,2.0,0.2,L64_g0p2,L64_g0p2_taup25,16.0,.25,"['charge_density_wave', 'left', 'right', 'block_cell4', 'block_cell12']","[['charge_density_wave', 'left'], ['charge_density_wave', 'right'], ['charge_density_wave', 'block_cell4'], ['charge_density_wave', 'block_cell12'], ['left', 'right'], ['block_cell4', 'block_cell12']]","['charge_density_wave', 'left', 'right', 'block_cell4', 'block_cell12']",independent_complex_model,"[120, 160, 200, 240]",charge_density_wave,right,1.0,0.12412469740157143,True,True,1.0,0.999999999999612,1.0,0.12412469740152361,0.12412469703423984,0.1241246977688074,2.2818912817306276e-92,True,True
L64_g0p2,64,0.2,2.0,0.2,L64_g0p2,L64_g0p2_taup25,16.0,.25,"['charge_density_wave', 'left', 'right', 'block_cell4', 'block_cell12']","[['charge_density_wave', 'left'], ['charge_density_wave', 'right'], ['charge_density_wave', 'block_cell4'], ['charge_density_wave', 'block_cell12'], ['left', 'right'], ['block_cell4', 'block_cell12']]","['charge_density_wave', 'left', 'right', 'block_cell4', 'block_cell12']",independent_complex_model,"[120, 160, 200, 240]",charge_density_wave,block_cell4,0.9999999999660463,0.29797296893458847,True,True,0.9999999999660463,0.9999999990796448,1.0,0.2979729689306849,0.29797234933316585,0.297973588528204,1.6568334768444879e-99,True,True
L64_g0p2,64,0.2,2.0,0.2,L64_g0p2,L64_g0p2_taup25,16.0,.25,"['charge_density_wave', 'left', 'right', 'block_cell4', 'block_cell12']","[['charge_density_wave', 'left'], ['charge_density_wave', 'right'], ['charge_density_wave', 'block_cell4'], ['charge_density_wave', 'block_cell12'], ['left', 'right'], ['block_cell4', 'block_cell12']]","['charge_density_wave', 'left', 'right', 'block_cell4', 'block_cell12']",independent_complex_model,"[120, 160, 200, 240]",charge_density_wave,block_cell12,0.9999999978259723,0.06514844901283855,True,False,0.9999999978259723,0.9999999936376444,1.0,0.06514844922620017,0.065145729699467,0.06515116875293334,1.237364253208524e-95,True,False
L64_g0p2,64,0.2,2.0,0.2,L64_g0p2,L64_g0p2_taup25,16.0,.25,"['charge_density_wave', 'left', 'right', 'block_cell4', 'block_cell12']","[['charge_density_wave', 'left'], ['charge_density_wave', 'right'], ['charge_density_wave', 'block_cell4'], ['charge_density_wave', 'block_cell12'], ['left', 'right'], ['block_cell4', 'block_cell12']]","['charge_density_wave', 'left', 'right', 'block_cell4', 'block_cell12']",independent_complex_model,"[120, 160, 200, 240]",left,right,1.0,0.06386103649912762,True,False,1.0,0.9999999999974956,1.0,0.06386103649913166,0.06386103424363135,0.06386103875463199,2.2818877972079926e-92,True,False
L64_g0p2,64,0.2,2.0,0.2,L64_g0p2,L64_g0p2_taup25,16.0,.25,"['charge_density_wave', 'left', 'right', 'block_cell4', 'block_cell12']","[['charge_density_wave', 'left'], ['charge_density_wave', 'right'], ['charge_density_wave', 'block_cell4'], ['charge_density_wave', 'block_cell12'], ['left', 'right'], ['block_cell4', 'block_cell12']]","['charge_density_wave', 'left', 'right', 'block_cell4', 'block_cell12']",independent_complex_model,"[120, 160, 200, 240]",block_cell4,block_cell12,0.9999999999887265,0.23282451992174993,True,True,0.9999999999887265,0.9999999949139972,1.0,0.23282451970448476,0.23282118058023252,0.232827858828737,1.2371985698608395e-95,True,True
L64_g0p2,64,0.2,2.0,0.2,L64_g0p2,L64_g0p2_taup45,28.8,.45,"['charge_density_wave', 'left', 'right', 'block_cell4', 'block_cell12']","[['charge_density_wave', 'left'], ['charge_density_wave', 'right'], ['charge_density_wave', 'block_cell4'], ['charge_density_wave', 'block_cell12'], ['left', 'right'], ['block_cell4', 'block_cell12']]","['charge_density_wave', 'left', 'right', 'block_cell4', 'block_cell12']",independent_complex_model,"[120, 160, 200, 240]",charge_density_wave,left,0.001260272659162156,2.2796663217268444e-05,False,False,0.0012603043114683442,0.001260263795058814,0.0012603448278778746,2.2797728129589204e-05,0.0,4.616313148095705e-05,3.08682788463369e-89,False,False
L64_g0p2,64,0.2,2.0,0.2,L64_g0p2,L64_g0p2_taup45,28.8,.45,"['charge_density_wave', 'left', 'right', 'block_cell4', 'block_cell12']","[['charge_density_wave', 'left'], ['charge_density_wave', 'right'], ['charge_density_wave', 'block_cell4'], ['charge_density_wave', 'block_cell12'], ['left', 'right'], ['block_cell4', 'block_cell12']]","['charge_density_wave', 'left', 'right', 'block_cell4', 'block_cell12']",independent_complex_model,"[120, 160, 200, 240]",charge_density_wave,right,4.390293314840444e-05,4.360889829598814e-08,False,False,4.253035111767636e-05,4.105936142703284e-05,4.400134080831987e-05,4.0929347495619045e-08,0.0,0.000679265094691378,1.7397527926316978e-85,False,False
L64_g0p2,64,0.2,2.0,0.2,L64_g0p2,L64_g0p2_taup45,28.8,.45,"['charge_density_wave', 'left', 'right', 'block_cell4', 'block_cell12']","[['charge_density_wave', 'left'], ['charge_density_wave', 'right'], ['charge_density_wave', 'block_cell4'], ['charge_density_wave', 'block_cell12'], ['left', 'right'], ['block_cell4', 'block_cell12']]","['charge_density_wave', 'left', 'right', 'block_cell4', 'block_cell12']",independent_complex_model,"[120, 160, 200, 240]",charge_density_wave,block_cell4,3.6214848281217728e-12,1.8922459842114313e-18,False,False,0.0,0.0,3.6214852033242796e-12,0.0,0.0,3.168844389453004e-09,3.1544057369376764e-104,False,False
L64_g0p2,64,0.2,2.0,0.2,L64_g0p2,L64_g0p2_taup45,28.8,.45,"['charge_density_wave', 'left', 'right', 'block_cell4', 'block_cell12']","[['charge_density_wave', 'left'], ['charge_density_wave', 'right'], ['charge_density_wave', 'block_cell4'], ['charge_density_wave', 'block_cell12'], ['left', 'right'], ['block_cell4', 'block_cell12']]","['charge_density_wave', 'left', 'right', 'block_cell4', 'block_cell12']",independent_complex_model,"[120, 160, 200, 240]",charge_density_wave,block_cell12,1.452072990201294e-12,7.89521166862689e-15,False,False,0.0,0.0,1.4520733779371263e-12,0.0,0.0,1.3130473963993034e-09,1.0011190415148137e-100,False,False
L64_g0p2,64,0.2,2.0,0.2,L64_g0p2,L64_g0p2_taup45,28.8,.45,"['charge_density_wave', 'left', 'right', 'block_cell4', 'block_cell12']","[['charge_density_wave', 'left'], ['charge_density_wave', 'right'], ['charge_density_wave', 'block_cell4'], ['charge_density_wave', 'block_cell12'], ['left', 'right'], ['block_cell4', 'block_cell12']]","['charge_density_wave', 'left', 'right', 'block_cell4', 'block_cell12']",independent_complex_model,"[120, 160, 200, 240]",left,right,0.0012602726591616018,2.2753054318972457e-05,False,False,0.0012603043114678442,0.0012587928053676705,0.001261815817568018,2.2756798782093587e-05,0.0,0.0007253463674773438,3.601661834118931e-87,False,False
L64_g0p2,64,0.2,2.0,0.2,L64_g0p2,L64_g0p2_taup45,28.8,.45,"['charge_density_wave', 'left', 'right', 'block_cell4', 'block_cell12']","[['charge_density_wave', 'left'], ['charge_density_wave', 'right'], ['charge_density_wave', 'block_cell4'], ['charge_density_wave', 'block_cell12'], ['left', 'right'], ['block_cell4', 'block_cell12']]","['charge_density_wave', 'left', 'right', 'block_cell4', 'block_cell12']",independent_complex_model,"[120, 160, 200, 240]",block_cell4,block_cell12,3.621484830704459e-12,7.89331942264268e-15,False,False,0.0,0.0,5.073558581261406e-12,0.0,0.0,4.4818917858523076e-09,1.0014344820885074e-100,False,False
L64_g0p2,64,0.2,2.0,0.2,L64_g0p2,L64_g0p2_taup60,38.4,.60,"['charge_density_wave', 'left', 'right', 'block_cell4', 'block_cell12']","[['charge_density_wave', 'left'], ['charge_density_wave', 'right'], ['charge_density_wave', 'block_cell4'], ['charge_density_wave', 'block_cell12'], ['left', 'right'], ['block_cell4', 'block_cell12']]","['charge_density_wave', 'left', 'right', 'block_cell4', 'block_cell12']",independent_complex_model,"[120, 160, 200, 240]",charge_density_wave,left,3.9566014640381015e-16,5.218136888251915e-22,False,False,0.0,0.0,3.956601690464436e-16,0.0,0.0,4.617002951892239e-13,1.1092667408212421e-98,False,False
L64_g0p2,64,0.2,2.0,0.2,L64_g0p2,L64_g0p2_taup60,38.4,.60,"['charge_density_wave', 'left', 'right', 'block_cell4', 'block_cell12']","[['charge_density_wave', 'left'], ['charge_density_wave', 'right'], ['charge_density_wave', 'block_cell4'], ['charge_density_wave', 'block_cell12'], ['left', 'right'], ['block_cell4', 'block_cell12']]","['charge_density_wave', 'left', 'right', 'block_cell4', 'block_cell12']",independent_complex_model,"[120, 160, 200, 240]",charge_density_wave,right,4.555863503825186e-17,9.866007162698465e-19,False,False,0.0,0.0,4.555864673011543e-17,0.0,0.0,5.6314177592452514e-14,2.1548693724324685e-94,False,False
L64_g0p2,64,0.2,2.0,0.2,L64_g0p2,L64_g0p2_taup60,38.4,.60,"['charge_density_wave', 'left', 'right', 'block_cell4', 'block_cell12']","[['charge_density_wave', 'left'], ['charge_density_wave', 'right'], ['charge_density_wave', 'block_cell4'], ['charge_density_wave', 'block_cell12'], ['left', 'right'], ['block_cell4', 'block_cell12']]","['charge_density_wave', 'left', 'right', 'block_cell4', 'block_cell12']",independent_complex_model,"[120, 160, 200, 240]",charge_density_wave,block_cell4,1.611584911164646e-24,4.492584633357492e-29,False,False,0.0,0.0,1.6115849371587625e-24,0.0,0.0,2.8768634319419267e-21,2.908737275851745e-116,False,False
L64_g0p2,64,0.2,2.0,0.2,L64_g0p2,L64_g0p2_taup60,38.4,.60,"['charge_density_wave', 'left', 'right', 'block_cell4', 'block_cell12']","[['charge_density_wave', 'left'], ['charge_density_wave', 'right'], ['charge_density_wave', 'block_cell4'], ['charge_density_wave', 'block_cell12'], ['left', 'right'], ['block_cell4', 'block_cell12']]","['charge_density_wave', 'left', 'right', 'block_cell4', 'block_cell12']",independent_complex_model,"[120, 160, 200, 240]",charge_density_wave,block_cell12,1.751804079228385e-24,1.1159533873363872e-25,False,False,0.0,0.0,1.7518043476262666e-24,0.0,0.0,3.122494321289473e-21,2.4215562630223353e-112,False,False
L64_g0p2,64,0.2,2.0,0.2,L64_g0p2,L64_g0p2_taup60,38.4,.60,"['charge_density_wave', 'left', 'right', 'block_cell4', 'block_cell12']","[['charge_density_wave', 'left'], ['charge_density_wave', 'right'], ['charge_density_wave', 'block_cell4'], ['charge_density_wave', 'block_cell12'], ['left', 'right'], ['block_cell4', 'block_cell12']]","['charge_density_wave', 'left', 'right', 'block_cell4', 'block_cell12']",independent_complex_model,"[120, 160, 200, 240]",left,right,3.9566014541887013e-16,9.860789025810213e-19,False,False,0.0,0.0,4.4121881577655903e-16,0.0,0.0,5.180144727816764e-13,2.1547584457583863e-94,False,False
L64_g0p2,64,0.2,2.0,0.2,L64_g0p2,L64_g0p2_taup60,38.4,.60,"['charge_density_wave', 'left', 'right', 'block_cell4', 'block_cell12']","[['charge_density_wave', 'left'], ['charge_density_wave', 'right'], ['charge_density_wave', 'block_cell4'], ['charge_density_wave', 'block_cell12'], ['left', 'right'], ['block_cell4', 'block_cell12']]","['charge_density_wave', 'left', 'right', 'block_cell4', 'block_cell12']",independent_complex_model,"[120, 160, 200, 240]",block_cell4,block_cell12,1.7518268999191056e-24,1.1155041288730516e-25,False,False,0.0,0.0,3.363389284785029e-24,0.0,0.0,5.9993577532313995e-21,2.4218471181351263e-112,False,False
L64_g0p2,64,0.2,2.0,0.2,L64_g0p2,L64_g0p2_taup80,51.2,.80,"['charge_density_wave', 'left', 'right', 'block_cell4', 'block_cell12']","[['charge_density_wave', 'left'], ['charge_density_wave', 'right'], ['charge_density_wave', 'block_cell4'], ['charge_density_wave', 'block_cell12'], ['left', 'right'], ['block_cell4', 'block_cell12']]","['charge_density_wave', 'left', 'right', 'block_cell4', 'block_cell12']",independent_complex_model,"[120, 160, 200, 240]",charge_density_wave,left,1.0682620892889219e-32,8.362763766319835e-38,False,False,0.0,0.0,1.0682621138815273e-32,0.0,0.0,2.550725850231954e-29,6.252567844570076e-115,False,False
L64_g0p2,64,0.2,2.0,0.2,L64_g0p2,L64_g0p2_taup80,51.2,.80,"['charge_density_wave', 'left', 'right', 'block_cell4', 'block_cell12']","[['charge_density_wave', 'left'], ['charge_density_wave', 'right'], ['charge_density_wave', 'block_cell4'], ['charge_density_wave', 'block_cell12'], ['left', 'right'], ['block_cell4', 'block_cell12']]","['charge_density_wave', 'left', 'right', 'block_cell4', 'block_cell12']",independent_complex_model,"[120, 160, 200, 240]",charge_density_wave,right,5.866789567670302e-33,4.679166021107043e-34,False,False,0.0,0.0,5.866790215546608e-33,0.0,0.0,1.4120847845659678e-29,5.46641831680399e-110,False,False
L64_g0p2,64,0.2,2.0,0.2,L64_g0p2,L64_g0p2_taup80,51.2,.80,"['charge_density_wave', 'left', 'right', 'block_cell4', 'block_cell12']","[['charge_density_wave', 'left'], ['charge_density_wave', 'right'], ['charge_density_wave', 'block_cell4'], ['charge_density_wave', 'block_cell12'], ['left', 'right'], ['block_cell4', 'block_cell12']]","['charge_density_wave', 'left', 'right', 'block_cell4', 'block_cell12']",independent_complex_model,"[120, 160, 200, 240]",charge_density_wave,block_cell4,5.973432100167298e-41,1.3234981460363081e-45,False,False,0.0,0.0,5.973432146673132e-41,0.0,0.0,1.7895192188546328e-37,1.8530250241729782e-121,False,False
L64_g0p2,64,0.2,2.0,0.2,L64_g0p2,L64_g0p2_taup80,51.2,.80,"['charge_density_wave', 'left', 'right', 'block_cell4', 'block_cell12']","[['charge_density_wave', 'left'], ['charge_density_wave', 'right'], ['charge_density_wave', 'block_cell4'], ['charge_density_wave', 'block_cell12'], ['left', 'right'], ['block_cell4', 'block_cell12']]","['charge_density_wave', 'left', 'right', 'block_cell4', 'block_cell12']",independent_complex_model,"[120, 160, 200, 240]",charge_density_wave,block_cell12,2.495865947840714e-40,2.2712965011922907e-41,False,False,0.0,0.0,2.4958661874433557e-40,0.0,0.0,7.3629065157593335e-37,4.908189542886953e-121,False,False
L64_g0p2,64,0.2,2.0,0.2,L64_g0p2,L64_g0p2_taup80,51.2,.80,"['charge_density_wave', 'left', 'right', 'block_cell4', 'block_cell12']","[['charge_density_wave', 'left'], ['charge_density_wave', 'right'], ['charge_density_wave', 'block_cell4'], ['charge_density_wave', 'block_cell12'], ['left', 'right'], ['block_cell4', 'block_cell12']]","['charge_density_wave', 'left', 'right', 'block_cell4', 'block_cell12']",independent_complex_model,"[120, 160, 200, 240]",left,right,1.0682734241096281e-32,4.678329744730411e-34,False,False,0.0,0.0,1.654941135436188e-32,0.0,0.0,3.962810634797922e-29,5.466355791023147e-110,False,False
L64_g0p2,64,0.2,2.0,0.2,L64_g0p2,L64_g0p2_taup80,51.2,.80,"['charge_density_wave', 'left', 'right', 'block_cell4', 'block_cell12']","[['charge_density_wave', 'left'], ['charge_density_wave', 'right'], ['charge_density_wave', 'block_cell4'], ['charge_density_wave', 'block_cell12'], ['left', 'right'], ['block_cell4', 'block_cell12']]","['charge_density_wave', 'left', 'right', 'block_cell4', 'block_cell12']",independent_complex_model,"[120, 160, 200, 240]",block_cell4,block_cell12,2.495861655964848e-40,2.2711641513776868e-41,False,False,0.0,0.0,3.093209402110669e-40,0.0,0.0,9.152425734613966e-37,3.478543185847292e-121,False,False
L64_gm0p2,64,-0.2,2.0,0.2,L64_gm0p2,L64_gm0p2_taup25,16.0,.25,"['charge_density_wave', 'left', 'right', 'block_cell4', 'block_cell12']","[['charge_density_wave', 'left'], ['charge_density_wave', 'right'], ['charge_density_wave', 'block_cell4'], ['charge_density_wave', 'block_cell12'], ['left', 'right'], ['block_cell4', 'block_cell12']]","['charge_density_wave', 'left', 'right', 'block_cell4', 'block_cell12']",independent_complex_model,"[120, 160, 200, 240]",charge_density_wave,left,1.0,0.6872550146987939,True,True,1.0,0.9999999873966222,1.0,0.6872550147007545,0.6872472755004159,0.687262753901093,2.0355506804831206e-94,True,True
L64_gm0p2,64,-0.2,2.0,0.2,L64_gm0p2,L64_gm0p2_taup25,16.0,.25,"['charge_density_wave', 'left', 'right', 'block_cell4', 'block_cell12']","[['charge_density_wave', 'left'], ['charge_density_wave', 'right'], ['charge_density_wave', 'block_cell4'], ['charge_density_wave', 'block_cell12'], ['left', 'right'], ['block_cell4', 'block_cell12']]","['charge_density_wave', 'left', 'right', 'block_cell4', 'block_cell12']",independent_complex_model,"[120, 160, 200, 240]",charge_density_wave,right,1.0,0.5065368442063148,True,True,1.0,0.9999932186886409,1.0,0.5065365500542919,0.5037369346656188,0.5093361654429651,2.4193064388225654e-89,True,True
L64_gm0p2,64,-0.2,2.0,0.2,L64_gm0p2,L64_gm0p2_taup25,16.0,.25,"['charge_density_wave', 'left', 'right', 'block_cell4', 'block_cell12']","[['charge_density_wave', 'left'], ['charge_density_wave', 'right'], ['charge_density_wave', 'block_cell4'], ['charge_density_wave', 'block_cell12'], ['left', 'right'], ['block_cell4', 'block_cell12']]","['charge_density_wave', 'left', 'right', 'block_cell4', 'block_cell12']",independent_complex_model,"[120, 160, 200, 240]",charge_density_wave,block_cell4,1.0,0.6623297607678788,True,True,1.0,0.9999962927275418,1.0,0.6623297792030564,0.6607276191535875,0.6639319392525254,5.4548979350552025e-98,True,True
L64_gm0p2,64,-0.2,2.0,0.2,L64_gm0p2,L64_gm0p2_taup25,16.0,.25,"['charge_density_wave', 'left', 'right', 'block_cell4', 'block_cell12']","[['charge_density_wave', 'left'], ['charge_density_wave', 'right'], ['charge_density_wave', 'block_cell4'], ['charge_density_wave', 'block_cell12'], ['left', 'right'], ['block_cell4', 'block_cell12']]","['charge_density_wave', 'left', 'right', 'block_cell4', 'block_cell12']",independent_complex_model,"[120, 160, 200, 240]",charge_density_wave,block_cell12,0.9974192490954644,0.1526589104117772,True,True,0.9974192488876471,0.9974092733628153,0.9974292244124788,0.15265843884789013,0.1486633222356971,0.15665355546008317,1.306415008819475e-93,True,True
L64_gm0p2,64,-0.2,2.0,0.2,L64_gm0p2,L64_gm0p2_taup25,16.0,.25,"['charge_density_wave', 'left', 'right', 'block_cell4', 'block_cell12']","[['charge_density_wave', 'left'], ['charge_density_wave', 'right'], ['charge_density_wave', 'block_cell4'], ['charge_density_wave', 'block_cell12'], ['left', 'right'], ['block_cell4', 'block_cell12']]","['charge_density_wave', 'left', 'right', 'block_cell4', 'block_cell12']",independent_complex_model,"[120, 160, 200, 240]",left,right,1.0,0.18071817049247907,True,True,1.0,0.9999932060852631,1.0,0.18071846464646257,0.17791111005745455,0.18352581923547057,2.41932679432937e-89,True,True
L64_gm0p2,64,-0.2,2.0,0.2,L64_gm0p2,L64_gm0p2_taup25,16.0,.25,"['charge_density_wave', 'left', 'right', 'block_cell4', 'block_cell12']","[['charge_density_wave', 'left'], ['charge_density_wave', 'right'], ['charge_density_wave', 'block_cell4'], ['charge_density_wave', 'block_cell12'], ['left', 'right'], ['block_cell4', 'block_cell12']]","['charge_density_wave', 'left', 'right', 'block_cell4', 'block_cell12']",independent_complex_model,"[120, 160, 200, 240]",block_cell4,block_cell12,1.0,0.5096708503561016,True,True,1.0,0.9999863172027099,1.0,0.5096713403551663,0.504074063693508,0.5152686170168245,1.3063609907406927e-93,True,True
L64_gm0p2,64,-0.2,2.0,0.2,L64_gm0p2,L64_gm0p2_taup45,28.8,.45,"['charge_density_wave', 'left', 'right', 'block_cell4', 'block_cell12']","[['charge_density_wave', 'left'], ['charge_density_wave', 'right'], ['charge_density_wave', 'block_cell4'], ['charge_density_wave', 'block_cell12'], ['left', 'right'], ['block_cell4', 'block_cell12']]","['charge_density_wave', 'left', 'right', 'block_cell4', 'block_cell12']",independent_complex_model,"[120, 160, 200, 240]",charge_density_wave,left,0.999861832330416,0.06726914997444645,True,False,0.9998618323299663,0.9998617243375744,0.9998619403223582,0.06726917621721505,0.06721028596152925,0.06732806647290085,4.116134227474999e-83,True,False
L64_gm0p2,64,-0.2,2.0,0.2,L64_gm0p2,L64_gm0p2_taup45,28.8,.45,"['charge_density_wave', 'left', 'right', 'block_cell4', 'block_cell12']","[['charge_density_wave', 'left'], ['charge_density_wave', 'right'], ['charge_density_wave', 'block_cell4'], ['charge_density_wave', 'block_cell12'], ['left', 'right'], ['block_cell4', 'block_cell12']]","['charge_density_wave', 'left', 'right', 'block_cell4', 'block_cell12']",independent_complex_model,"[120, 160, 200, 240]",charge_density_wave,right,3.003855819039458e-07,5.037754690823246e-09,False,False,0.0,0.0,3.003865686643765e-07,0.0,0.0,0.00015397282483974457,1.9433848771187532e-85,False,False
L64_gm0p2,64,-0.2,2.0,0.2,L64_gm0p2,L64_gm0p2_taup45,28.8,.45,"['charge_density_wave', 'left', 'right', 'block_cell4', 'block_cell12']","[['charge_density_wave', 'left'], ['charge_density_wave', 'right'], ['charge_density_wave', 'block_cell4'], ['charge_density_wave', 'block_cell12'], ['left', 'right'], ['block_cell4', 'block_cell12']]","['charge_density_wave', 'left', 'right', 'block_cell4', 'block_cell12']",independent_complex_model,"[120, 160, 200, 240]",charge_density_wave,block_cell4,1.7824979835976584e-07,1.0192657384129414e-12,False,False,0.0,0.0,1.7824984883285632e-07,0.0,0.0,9.434453366657854e-05,8.91584653464145e-95,False,False
L64_gm0p2,64,-0.2,2.0,0.2,L64_gm0p2,L64_gm0p2_taup45,28.8,.45,"['charge_density_wave', 'left', 'right', 'block_cell4', 'block_cell12']","[['charge_density_wave', 'left'], ['charge_density_wave', 'right'], ['charge_density_wave', 'block_cell4'], ['charge_density_wave', 'block_cell12'], ['left', 'right'], ['block_cell4', 'block_cell12']]","['charge_density_wave', 'left', 'right', 'block_cell4', 'block_cell12']",independent_complex_model,"[120, 160, 200, 240]",charge_density_wave,block_cell12,1.0029851711676456e-13,1.4023167416443756e-14,False,False,0.0,0.0,1.0029893727929217e-13,0.0,0.0,9.927387025020283e-11,2.895671961855915e-102,False,False
L64_gm0p2,64,-0.2,2.0,0.2,L64_gm0p2,L64_gm0p2_taup45,28.8,.45,"['charge_density_wave', 'left', 'right', 'block_cell4', 'block_cell12']","[['charge_density_wave', 'left'], ['charge_density_wave', 'right'], ['charge_density_wave', 'block_cell4'], ['charge_density_wave', 'block_cell12'], ['left', 'right'], ['block_cell4', 'block_cell12']]","['charge_density_wave', 'left', 'right', 'block_cell4', 'block_cell12']",independent_complex_model,"[120, 160, 200, 240]",left,right,0.999861832330416,0.06726914493669177,True,False,0.9998618323299663,0.9998614239510056,0.9998622407089269,0.06726917621721505,0.0670563131366895,0.06748203929774059,4.133632627697185e-83,True,False
L64_gm0p2,64,-0.2,2.0,0.2,L64_gm0p2,L64_gm0p2_taup45,28.8,.45,"['charge_density_wave', 'left', 'right', 'block_cell4', 'block_cell12']","[['charge_density_wave', 'left'], ['charge_density_wave', 'right'], ['charge_density_wave', 'block_cell4'], ['charge_density_wave', 'block_cell12'], ['left', 'right'], ['block_cell4', 'block_cell12']]","['charge_density_wave', 'left', 'right', 'block_cell4', 'block_cell12']",independent_complex_model,"[120, 160, 200, 240]",block_cell4,block_cell12,1.7824979836020416e-07,1.0052425709964977e-12,False,False,0.0,0.0,1.7824994913179361e-07,0.0,0.0,9.43446329404488e-05,8.915846824208646e-95,False,False
L64_gm0p2,64,-0.2,2.0,0.2,L64_gm0p2,L64_gm0p2_taup60,38.4,.60,"['charge_density_wave', 'left', 'right', 'block_cell4', 'block_cell12']","[['charge_density_wave', 'left'], ['charge_density_wave', 'right'], ['charge_density_wave', 'block_cell4'], ['charge_density_wave', 'block_cell12'], ['left', 'right'], ['block_cell4', 'block_cell12']]","['charge_density_wave', 'left', 'right', 'block_cell4', 'block_cell12']",independent_complex_model,"[120, 160, 200, 240]",charge_density_wave,left,1.9208594077221514e-11,2.0505206467499046e-20,False,False,0.0,0.0,1.9208594296789124e-11,0.0,0.0,1.5782188798884113e-08,6.730812995812184e-89,False,False
L64_gm0p2,64,-0.2,2.0,0.2,L64_gm0p2,L64_gm0p2_taup60,38.4,.60,"['charge_density_wave', 'left', 'right', 'block_cell4', 'block_cell12']","[['charge_density_wave', 'left'], ['charge_density_wave', 'right'], ['charge_density_wave', 'block_cell4'], ['charge_density_wave', 'block_cell12'], ['left', 'right'], ['block_cell4', 'block_cell12']]","['charge_density_wave', 'left', 'right', 'block_cell4', 'block_cell12']",independent_complex_model,"[120, 160, 200, 240]",charge_density_wave,right,8.353615004611054e-18,1.886092013278158e-18,False,False,0.0,0.0,8.353624841161774e-18,0.0,0.0,1.077920637036359e-14,1.4075222267373562e-95,False,False
L64_gm0p2,64,-0.2,2.0,0.2,L64_gm0p2,L64_gm0p2_taup60,38.4,.60,"['charge_density_wave', 'left', 'right', 'block_cell4', 'block_cell12']","[['charge_density_wave', 'left'], ['charge_density_wave', 'right'], ['charge_density_wave', 'block_cell4'], ['charge_density_wave', 'block_cell12'], ['left', 'right'], ['block_cell4', 'block_cell12']]","['charge_density_wave', 'left', 'right', 'block_cell4', 'block_cell12']",independent_complex_model,"[120, 160, 200, 240]",charge_density_wave,block_cell4,8.371589909129667e-20,8.851219708912897e-29,False,False,0.0,0.0,8.37158991556371e-20,0.0,0.0,1.2035495414405589e-16,1.1758081686620682e-106,False,False
L64_gm0p2,64,-0.2,2.0,0.2,L64_gm0p2,L64_gm0p2_taup60,38.4,.60,"['charge_density_wave', 'left', 'right', 'block_cell4', 'block_cell12']","[['charge_density_wave', 'left'], ['charge_density_wave', 'right'], ['charge_density_wave', 'block_cell4'], ['charge_density_wave', 'block_cell12'], ['left', 'right'], ['block_cell4', 'block_cell12']]","['charge_density_wave', 'left', 'right', 'block_cell4', 'block_cell12']",independent_complex_model,"[120, 160, 200, 240]",charge_density_wave,block_cell12,3.163075024624322e-24,1.7426686318421013e-25,False,False,0.0,0.0,3.1630811058495034e-24,0.0,0.0,5.578206960359199e-21,1.6516510039185553e-112,False,False
L64_gm0p2,64,-0.2,2.0,0.2,L64_gm0p2,L64_gm0p2_taup60,38.4,.60,"['charge_density_wave', 'left', 'right', 'block_cell4', 'block_cell12']","[['charge_density_wave', 'left'], ['charge_density_wave', 'right'], ['charge_density_wave', 'block_cell4'], ['charge_density_wave', 'block_cell12'], ['left', 'right'], ['block_cell4', 'block_cell12']]","['charge_density_wave', 'left', 'right', 'block_cell4', 'block_cell12']",independent_complex_model,"[120, 160, 200, 240]",left,right,1.9208594077104917e-11,1.8655868068106588e-18,False,False,0.0,0.0,1.9208602650413965e-11,0.0,0.0,1.5782199578090483e-08,6.730814403334411e-89,False,False
L64_gm0p2,64,-0.2,2.0,0.2,L64_gm0p2,L64_gm0p2_taup60,38.4,.60,"['charge_density_wave', 'left', 'right', 'block_cell4', 'block_cell12']","[['charge_density_wave', 'left'], ['charge_density_wave', 'right'], ['charge_density_wave', 'block_cell4'], ['charge_density_wave', 'block_cell12'], ['left', 'right'], ['block_cell4', 'block_cell12']]","['charge_density_wave', 'left', 'right', 'block_cell4', 'block_cell12']",independent_complex_model,"[120, 160, 200, 240]",block_cell4,block_cell12,8.371589926551476e-20,1.74178350987121e-25,False,False,0.0,0.0,8.371906223674295e-20,0.0,0.0,1.2036053235101625e-16,1.175809820313066e-106,False,False
L64_gm0p2,64,-0.2,2.0,0.2,L64_gm0p2,L64_gm0p2_taup80,51.2,.80,"['charge_density_wave', 'left', 'right', 'block_cell4', 'block_cell12']","[['charge_density_wave', 'left'], ['charge_density_wave', 'right'], ['charge_density_wave', 'block_cell4'], ['charge_density_wave', 'block_cell12'], ['left', 'right'], ['block_cell4', 'block_cell12']]","['charge_density_wave', 'left', 'right', 'block_cell4', 'block_cell12']",independent_complex_model,"[120, 160, 200, 240]",charge_density_wave,left,4.218054235551514e-28,1.6731863470984123e-37,False,False,0.0,0.0,4.218054245835363e-28,0.0,0.0,8.643030529837223e-25,3.6139164154246724e-105,False,False
L64_gm0p2,64,-0.2,2.0,0.2,L64_gm0p2,L64_gm0p2_taup80,51.2,.80,"['charge_density_wave', 'left', 'right', 'block_cell4', 'block_cell12']","[['charge_density_wave', 'left'], ['charge_density_wave', 'right'], ['charge_density_wave', 'block_cell4'], ['charge_density_wave', 'block_cell12'], ['left', 'right'], ['block_cell4', 'block_cell12']]","['charge_density_wave', 'left', 'right', 'block_cell4', 'block_cell12']",independent_complex_model,"[120, 160, 200, 240]",charge_density_wave,right,8.23239885479076e-32,8.126997042995618e-34,False,False,0.0,0.0,8.232402078824073e-32,0.0,0.0,1.9118837103357395e-28,2.519628724352908e-109,False,False
L64_gm0p2,64,-0.2,2.0,0.2,L64_gm0p2,L64_gm0p2_taup80,51.2,.80,"['charge_density_wave', 'left', 'right', 'block_cell4', 'block_cell12']","[['charge_density_wave', 'left'], ['charge_density_wave', 'right'], ['charge_density_wave', 'block_cell4'], ['charge_density_wave', 'block_cell12'], ['left', 'right'], ['block_cell4', 'block_cell12']]","['charge_density_wave', 'left', 'right', 'block_cell4', 'block_cell12']",independent_complex_model,"[120, 160, 200, 240]",charge_density_wave,block_cell4,2.7470836966684063e-36,3.9452967455115883e-45,False,False,0.0,0.0,2.7470836976013088e-36,0.0,0.0,7.285927329507399e-33,4.3338654954159655e-121,False,False
L64_gm0p2,64,-0.2,2.0,0.2,L64_gm0p2,L64_gm0p2_taup80,51.2,.80,"['charge_density_wave', 'left', 'right', 'block_cell4', 'block_cell12']","[['charge_density_wave', 'left'], ['charge_density_wave', 'right'], ['charge_density_wave', 'block_cell4'], ['charge_density_wave', 'block_cell12'], ['left', 'right'], ['block_cell4', 'block_cell12']]","['charge_density_wave', 'left', 'right', 'block_cell4', 'block_cell12']",independent_complex_model,"[120, 160, 200, 240]",charge_density_wave,block_cell12,2.8259541660310237e-38,3.6030240546661673e-41,False,False,0.0,0.0,2.8259550104578963e-38,0.0,0.0,7.909001388263616e-35,2.0131724947643163e-120,False,False
L64_gm0p2,64,-0.2,2.0,0.2,L64_gm0p2,L64_gm0p2_taup80,51.2,.80,"['charge_density_wave', 'left', 'right', 'block_cell4', 'block_cell12']","[['charge_density_wave', 'left'], ['charge_density_wave', 'right'], ['charge_density_wave', 'block_cell4'], ['charge_density_wave', 'block_cell12'], ['left', 'right'], ['block_cell4', 'block_cell12']]","['charge_density_wave', 'left', 'right', 'block_cell4', 'block_cell12']",independent_complex_model,"[120, 160, 200, 240]",left,right,4.218044288947343e-28,8.12532385664852e-34,False,False,0.0,0.0,4.218877486043246e-28,0.0,0.0,8.644942413547559e-25,3.614168378297105e-105,False,False
L64_gm0p2,64,-0.2,2.0,0.2,L64_gm0p2,L64_gm0p2_taup80,51.2,.80,"['charge_density_wave', 'left', 'right', 'block_cell4', 'block_cell12']","[['charge_density_wave', 'left'], ['charge_density_wave', 'right'], ['charge_density_wave', 'block_cell4'], ['charge_density_wave', 'block_cell12'], ['left', 'right'], ['block_cell4', 'block_cell12']]","['charge_density_wave', 'left', 'right', 'block_cell4', 'block_cell12']",independent_complex_model,"[120, 160, 200, 240]",block_cell4,block_cell12,2.7450844690215075e-36,3.602629524991616e-41,False,False,0.0,0.0,2.775343247705888e-36,0.0,0.0,7.365017343390034e-33,2.750466161323254e-121,False,False
