case_id,initial,remainder_covered,entropy_remainder_covered,distance_interval_covered,entropy_interval_covered,bases_orthogonal,projector_error_mp,entropy_error_mp,remainder_mp,orthogonality_fro_mp
L128_gL0_edge_t66p35,charge_density_wave,True,True,True,True,True,0.00000000000000000000000000000000000000000000000000000000000000000000000000001624024521456427835800783873032356284239294870318020170542394729757732244342585197074592041390724717589534477676983658225021777192477448062929243414951341702768947761527241013332518874538587921666454901297309397688544230226775079844655031548884044002946889157881516066033341694783,0.000000000000000000000000000000000000000000000000000000000000000000000000000001452627667998084074397212512124980963772527807239628075198033018068910840955947566313962959993230953410336197283037172741805838722276451226247260116707757923371740308239337476067014732295480779084995968546535362449022834383626633779905706549275712460695310220109947811508708189515,0.00000000000000000000000000000000000000000000000000000000000000000000000000002478945059443134332830185298443506861620921668576028277569863477975360712820676837051612270361094642786359411468052654069227796250324220848429780621099898877002218010620085411556412029191283417088776780860775411655840475706356843074294976652002116094965848454387473625123458379484,1.935022245388980367491253189637316750824058882814460912279447730271096992220351381179018199081666371922839110983574988764617726619249263555632985488352899710709555145852251540733582354839280837951627576922730821278211181680952477133341914142454716583850240543477950123990551740315e-239
L128_gL0_edge_t66p35,left,True,True,True,True,True,0.00000001715030951882352061532019553022128594867366598936036309446760732816965866273217325233262011314147935246277505293833811699951870493199841845882345934191787352370095704867190191107907804096244503074044644791198125237452061290106303779919674198822928482989915324016539799534574849327,0.00000001304267351542042908075471451127650710437965131001816292292576691147415217112855906911774441677470906058649150805470595449978621089719317950997284696444665651452479370980845437844178416983242738127621795080644717898040643516143892833186954522473155517081052929343075742784537860959,0.00000001790171603916445438370778645654654457709887578833978377031597860845090461752737770875049210636567004498791873282303799573059472306286613184011317855315759442986360616330226312548225628208827756858294809108607614995258474174830387923771012065533337713189903572625845020459263527612,1.934761237963819155089223046476080403037911407699103554485976351541901761667233866828182855097660902990556531774800622777064774241188193992395114080060085033941623352604623609800831605332630276527341609674353048100197092743747313253969810100440228887956537410790347824483196848263e-239
L128_gL0_edge_t66p35,right,True,True,True,True,True,0.0000001645666992916675124806568679611112637386579022167867625282854313861698075095006157371193615199274492113338419087664027242488808171075566803200516096007160575678576493457336056730877324334647603239427624464378866062989620107597376758897579337489509894223750459401948863543715860696,0.0000002084482777842878184643318276587184656536519531332251118647747930680253712434186302852482942554189472709825593585856514960289166609885168342467775889753648390203825308236497476804096932381306368453803842383886194207259599278084962438317349962577780258730129795385110196804415680921,0.0000002086168532064701416760299247452173470288051554144788555838234727201723748262780357783874043425499167269877773700752280888151917484496670160132634659344039389291700937656271466227279978676688869219299806887071658116763904763364182090193552345730077444956812759505993711392086682003,1.932525802251707746378963194594716684791456875801835662258640483675383027478222828215832218702540301055816780672268730107248541749083132670766727819417202368917933049026713528475883205284240667030681804347581539226268503781599563332448000713433770908859482958813847431705920551039e-239
L128_gL0_edge_t66p45,charge_density_wave,True,True,True,True,True,0.00000000000000000000000000000000000000000000000000000000000000000000000000001246378456228681965341974652514554411842763095222296364847343888139798081805862269593987522774441057621364977423002169436820747480832292637089477972599574823142492622972909331143604025390325247731180059374456722001480324632671502009677969561890554092952747888608195080909536391009,0.000000000000000000000000000000000000000000000000000000000000000000000000000001114102382572703037347106287072216921044173215340976310423057377265823460961617129705499554459173502436864103482918830921858613484800325396854949852554033549417526308239337476067014732295480779084995968545170947208121603028014056173578492744829904264061639289176510662427421741736,0.00000000000000000000000000000000000000000000000000000000000000000000000000001901776919732032134098352688985348907194516634020667618622430740899126359996905297908858404752430659408027191527577766507197299161916415153511690326926502843275119911832848745401578404121672995356801238631639207895208375416938573454058686307881509934113842033607911785303648882493,1.935022245388980367491253189637316750824058882814460912279447730271096992220351381179018199081666371922839110983574988764617726619249263555632985488352899710709555145852251540733582354839280837951627576922730821278211181680952477133341914142454716583850240543477950123990551740315e-239
L128_gL0_edge_t66p45,left,True,True,True,True,True,0.00000001315792485107139955462677579188322123874988499500340054676637545787244660964912037326782574735961027806168659921986249493227249650348821600614468365886020306887926544573884584953676122210737004215404716190831651716898253225407996902769753821505652394340232337209782753657331168301,0.00000000846689925376910519350449191180903988434085371372120624719437053321083405448113561653459984234000230851484520745602651295534966793717691088355312708846711141472068737522517950410989768033172375780524489415631136207296602145926388427622537292121723928514429600166638127722439530774,0.00000001359362334727560765579843169215338240056000600755582802779160101923451164997762625972528374714870680245161510714261688689629721885151540519165135902565376403581049204163558550427237876268698788547137794787209743576638681172962597197155854991147229227212936121807545151549333137194,1.935088062995481775489881468522627174587242473968647738994888089512441631047891821723465610219073699993210565228556501525326414824988403415003577542762524679477630216628801324565188949053420610085378652115433877015347103862313092747095847171509085829373882588375217404355977665299e-239
L128_gL0_edge_t66p45,right,True,True,True,True,True,0.0000001327805429139930998269101613052121517594965440874029232405986191327529825023913581572625185420676493396997693743041739343907509442868133826269351523711068731424060069992379088968997976099718837465174682059111128181745364242775883889552146512553884205984251538166013596712257760508,0.000000173374491314681274384988371417042835857178972010868078720096058250249518970224215375445515501404233289027495475212777887112595764399132999121686758494080215102591387241034932963874963347716620596138196826783685047719064635348025641998406434510010995779882555099337763840940801031,0.0000001586218562966886012833368080549156735310723247317920933297729473852100661470331663224015656269110497163381159401387345108737460137602128660019014428725938251335633635513146958925036580437140819993026983492976834368786421962522497265667663740819352256696048767155393355456097089307,1.932455888433757145980180857268166026783437057506343704961989469323206101464439700910345012874994234814623251646227243646813290926214270078563227933311081874335126794308499862487524771039857168364556146778340206978300094135683534055662470192593842315017688298779293967263042175032e-239
L128_gL0_edge_t66p50,charge_density_wave,True,True,True,True,True,0.00000000000000000000000000000000000000000000000000000000000000000000000000001091889297490418379334394444172388588747890115150026984323786216513909464918469715853519658437762534153481095645008698601527973062062680994291636302510795784172657076041133878248559573092903242235799660347004931808278940157487715154621643467123202886606672019328367697971659738919,0.0000000000000000000000000000000000000000000000000000000000000000000000000000009756873663644882042731822536287311827961882293966704438197531697831621047252775670669914006984024745878855337140265354256924776735368171193181087650232672316853233082393374760670147322954807790849959685438068365002058770945878865882594610805196170392879842583465512408823227337985,0.00000000000000000000000000000000000000000000000000000000000000000000000000001665735376345803979106336775404813656633620791779994604355433696258003458261732440265614298601445273175001629660219147989015385410899192949145766330941839915562465997337645725430703486191039645979774107603815687680095334251910040306928514072757707790325889598254023953989228596294,1.935022245388980367491253189637316750824058882814460912279447730271096992220351381179018199081666371922839110983574988764617726619249263555632985488352899710709555145852251540733582354839280837951627576922730821278211181680952477133341914142454716583850240543477950123990551740315e-239
L128_gL0_edge_t66p50,left,True,True,True,True,True,0.00000001152071316946711451156071407707224743383660625472334799431920451502412951366690315560467782347461380738692045059783226332280005312920921699308056223306047320379332774150555338174833321990073003805947641253279720632474359383800951227439519588547104494149042719617477449225381286877,0.000000006793391183368749787595382969189615362192597102061082386503814999618557192492039864910975746489790013921557640365931459867556716296392411449035498182245643687663600039011379203429873096125930815613306218065953859920097107573352751935272863425276649221429217066578401365256261649817,0.000000011852720938682913926401848212866175956373970697833850681917492474094990960019197894793512601471009972380497744498943557337651716729671541191849454560521176521432157686386256946444718991036037903207028244877475107526329989103623181894488605148609581869258984939452534526880458252,1.934196428494450341920903276791829631983540713489786928453979657191384125820588542044456647600575813108746685234364135586628784916348718253616131404215679775393416933656619693137024305928662069885454620702566684220287850024215546906020931219622126237798905524300676311993196585703e-239
L128_gL0_edge_t66p50,right,True,True,True,True,True,0.0000001182919390053910897337578984868191370347178812048893561578101068091375399739878358430952702018849614281966247562818593773084825551499731521350864442174699259188634273751494289634278587056724449122869469955475370250420710352772698755620043440255924579341818609349532606776188744911,0.0000001525354800069463812172678240658671936981144142167751737841212118137165933301328746665272458456821733431299350502134901171537108125722670117842221617914971181969977037545387908404921065226933166575351596438936312548790043146923667638802294524499289274235281267038177753089512211233,0.000000137991703971213672766234922350662430591847392804844819465302339550599825903727197087415395599427726339709702197081348948623752633832922335719471163461954385469896353496247401627820704654328752266890196847332686072634260788628262892474447495309653738164156018149298259723878361351,1.933829926267568640972155993854096094126561562476162092682813186322096914964165496692927832758964431907469473563882402415556073474679571772116505614456764290460026542104745693646068065177306038575882264705560173481668696085837985824808473382706303512693453332639783914352763210488e-239
L128_gL0_edge_t66p60,charge_density_wave,True,True,True,True,True,0.00000000000000000000000000000000000000000000000000000000000000000000000000000837984450972614529582378906430896035157932901088462814690232434355727729846021082078680618316603621870200610032559053046574722127998566467191395721908105458237729827595603997415811256860737359191455372179251246307713216497637133655967335414804104601057248769463898940146867669979,0.000000000000000000000000000000000000000000000000000000000000000000000000000000748311128542069228703202791977453853248988749847130912723368857404223836459593469119712537050199952671425133956439753816608338773934157936546167840108093082604156308239337476067014732295480779084995968541592668807371672241987469191470524197793089564940638796137482012604004279484,0.00000000000000000000000000000000000000000000000000000000000000000000000000001277906517885899253168574051596664425889392290614340588115427337809510335303211689639232494109696608749928365401134898963986417588924853096686582178622621861371483262940999715201694636189211030900823009147122320481086194160958678452713283872595851934001907962181173003951256494501,1.935022245388980367491253189637316750824058882814460912279447730271096992220351381179018199081666371922839110983574988764617726619249263555632985488352899710709555145852251540733582354839280837951627576922730821278211181680952477133341914142454716583850240543477950123990551740315e-239
L128_gL0_edge_t66p60,left,True,True,True,True,True,0.000000008827774419673338287232837086517054478716284300629589867774292977621569817204219687859696441621808323102024292763520068342740639754912962410162207074019480453311681162506751105639839944060053485644316849140916545430341107322499724268510889231955098228885339628790128567432595863602,0.000000004343510225126963561090754103328063368919554059273649735758123638849779707823904980152316967749422797297589726562373097027652019650615438297358175189223431358281008513292081405935078329538064166261998293121590075634733530980605325919808710554055210802705097304216488033212082154408,0.000000009020805600956369141926885008903151962691455496784222902984156597161025840724249270133199592196840701885159108508468184455966337574327570368646706728225948349621478363927254353171925663392275539458427945641978542538069364082348249996247733955695173587352289507216455098258811856106,1.933669144832880772151806157378223715194856930175643615375338842098493032652359785876707675873918489356766366843218360799150850113487453991220883513615126213974332249678850452562232239439392411750592395487035256085864075941589665313640998387128935738574796551821275929594573158057e-239
L128_gL0_edge_t66p60,right,True,True,True,True,True,0.00000009283600681265687968287506207534413394767148760461972965487644295617373429146811572722385301952511732193987454298765501585811906528394418937853974881793687423468104277106222412288505353975423502911621432759741910096896528858156971221683040170338654149650876972131498234835144481572,0.000000112320073568251943505846257352802698319198324451010074695697970228287654283223757255943973574346002501067829621510443013879501596278579599976220566400257288502076612247767624011362637201493922073985259147678885069924930605966726233905783342253918282932820750402922833034791004479,0.0000001042306880794488681485495827967821334478737259493571823579948740444288596988811476755141993823854146632717190784280808926337708234079033518411462344352621872094907616762652556977679498669076971683503005249672475976063734428675338784930257129827182916348094508571872551444793054228,1.932144917646491408680530346950613947976041177880024604756019162178789386685216711449936867859358089920564198322544736228354277364209797636735327490616567591025342649253814767340460398453447106986181305741497870162216929712569111466508700881725927160293064637907768576204231291181e-239
L128_gL0_edge_t66p95,charge_density_wave,True,True,True,True,True,0.000000000000000000000000000000000000000000000000000000000000000000000000000003318460779855866500617461826278428500328913104239503835979271984180309916595387106161032887440928939047014085902442981687767640923024544834284818519814531048829241020969538715260246743450605601321633146991515802956764364983513484414864911203901655895940545864240449745177311408294,0.000000000000000000000000000000000000000000000000000000000000000000000000000000295655761635111882376649318917131454237732697557525130237184137284784996144922677488368406320048665591087098206768404572149101427845741333124015984187539571562203308239337476067014732295480779084995968545646927007932406997973831720220600755500614401869987334795421645259182888809,0.000000000000000000000000000000000000000000000000000000000000000000000000000005053903737461595329724442100145362056022888193198762960886580828340862330267416183171368453809829580218557105440792884831073689418544493193251398221467435756387210077982472368527847190079899184333874692245874834484029049469659164441859416720631988963375624509078617106385644854414,1.935022245388980367491253189637316750824058882814460912279447730271096992220351381179018199081666371922839110983574988764617726619249263555632985488352899710709555145852251540733582354839280837951627576922730821278211181680952477133341914142454716583850240543477950123990551740315e-239
L128_gL0_edge_t66p95,left,True,True,True,True,True,0.000000003468512933972806161318306105899897359743125835585585586750794984943048290115808775096685067057728363598656119766283450076745840175033395302194579506989748807592563080470640543093403081125108266990288620289246681132183418188995771405997398951860601099524491006401588978172868675944,0.0000000008617567130811946157464737883057338161495759188370663842987320871527013103467157078998298909786246956815472084775197293607636632861620348108676179329363964908479191367725483092765864460073198274719634763247184204792389226582509063718209188330632083771691308225316392147348986161437,0.000000003497733731481224797400272884812814912872792359060848114920938848304262630346731461726613854795591601267563717338627020154281256867773784627740919833196366194958722863072874855113558396901773914461623101114496910512528526523314887391541209367088864547526333551821849494920065040428,1.934862554023787372101875863079174114664932056271907908659927941406531607731851041428121072739200753692810960341499853625836653707030691241458691597940019086144963078447792060023685554703293772888052402527146702447581457015733420599103812399119862100453191616526051084878304892015e-239
L128_gL0_edge_t66p95,right,True,True,True,True,True,0.00000003755769386335679805543753440688347049455876256027138303414132092795989467497009048059717637011553430001082869986330196559758619630658130284054709662419228170433433239442635369642636460326600637704098624948749717502804986926000515458472916237752321223082212614403039000528102558179,0.00000002886835009683136046098199143529495865052911455132182445498766598108177948834983976324999592031595812386107947961113068388057532367606351781936743869306563289430830507752069791743933982260725508424415817605892798636223393715726023075704274639287428019258769985594291697271207683639,0.000000039226558772280531720487358335028026655021484421932923574421470979037686348335960765977871954156999259420613866447078333022696663136696115470476805953002166939696113823439239131830665082330524490157116560475352234004269798067272596364943915395637997068020804326396924473441673155,1.936660111340523458451275186886395335891185557668660617757088896051626446585186110968778110010636140527278496012525545539271443308944937300624632627646257607865807299761703365503372281673658798909214602394552193718711912086199297288233976072161398596532749801891528913337300038759e-239
L128_gL0_edge_t67p05,charge_density_wave,True,True,True,True,True,0.000000000000000000000000000000000000000000000000000000000000000000000000000002546795303400320182770693319896464090406859887035717269740935851898259598296644484308591410721127240409737874519752457425908505663486278560960630241352311410575016936376008455178744489639228334020130431698309035732951751281002214760798838328631627161308330347737133759451086757965,0.0000000000000000000000000000000000000000000000000000000000000000000000000000002267566556133890581084294471583049685059611403323159431696169626316820280879376349412224965222385873793425366673491985158625615060091923093048263375893980522421243082393374760670147322954807790849959685438787797132286683170035740480942296563683670788842896906734798170816093148974,0.000000000000000000000000000000000000000000000000000000000000000000000000000003877227161921246457850551127589210454288010537877833260612351919206840838732315500610547126301607212470257245922241098869287421341114582607941498095019322508644771558155710026053478650947521341101258532905174803563792577248158262859487292711303222661749773459952486844429166534782,1.935022245388980367491253189637316750824058882814460912279447730271096992220351381179018199081666371922839110983574988764617726619249263555632985488352899710709555145852251540733582354839280837951627576922730821278211181680952477133341914142454716583850240543477950123990551740315e-239
L128_gL0_edge_t67p05,left,True,True,True,True,True,0.000008459472330818074357253987120654742178058629148162617636954950953067653286195688098251828715683434225132300587453993421280244457758907745878361183564090028922161065658700957648400977508446604515495687955149688909007510944045961044421212319302036127330369193731293240866265224165538,0.000001730661898799899475696285187889681867391423705560697484770808170601626736206628495515895148409713247041366210857393618399993588442655213076402650736702401684888513686828812427604272756432519787609232005920346780089904415237569197448519407934473528488059896393131882829917274081244,0.000008513935652590734385451597341166212931424064330189656821207732106836307292017359470766851161107945480794453082823319934936931381132806683641941643572091746899053564035668211277338505600000540951973216156954923319800661726073309123722598927646670705604314113693629008458956015535142,1.935260869946138979835928606433033494230503724384895894469482166939333839695678478047884350202603162182463401694008365701608111198544465222029022432776837041306451154395302407571210961278359758025725955595095503750070187766965656315015563859749180567535578141605702326167245742999e-239
L128_gL0_edge_t67p05,right,True,True,True,True,True,0.0000000288147347489933874722380045289124182573565033986248158547179246743188112767307722112164156114545298508238172163022598082225482036114185158803913186840292750111709878123402376703205596139273019583032613275657169457999812150309485472658715933977469764095021533518453460039349306742,0.0000000187501732606469802082104909534941668151034899812108944160826441832906995914950880712106178026562001032494660158520235073872556470855552716353635440688170182902518220761461403143812092434075767731460614379275266645583980713085027590716482893768360667289946401211552571902909277885,0.00000002978220173753820475423721377315580585589122661791686358414814821218980405545551667490173987218436674147977129965633022698949819743332071350122535550160732792787439699511012871018318407000376053120717264646220901810516315916109313506015808282516650592169638975637228504748014910214,1.935515623129084796217386095042803265752621228665040486685724777482110745513712613328363263775084663061686113027611150094169084905406218282256699695280161868050839140257508343449314898809979055512733003869064759055958596600557629052350176759476616106402086572608655941269133126546e-239
L128_gL0_edge_t67p10,charge_density_wave,True,True,True,True,True,0.000000000000000000000000000000000000000000000000000000000000000000000000000002231118903559943981695971048213793169810046660662249770236369297114152934869458658933972885709747076406632337254674041117618415018924180265025096428269458137405185923514032827108906736121164448215259435754114469938314092926497799655037702166253957979390114587260097086009688500817,0.0000000000000000000000000000000000000000000000000000000000000000000000000000001985852879463337599938120696672614432593168863276300106636396185965573518530874148521943557210093795664389881839315230068340384134080122554219522690316392597703233082393374760670147322954807790849959685459842491376463861914592779374868254761311383633058074605282399594583392628707,0.00000000000000000000000000000000000000000000000000000000000000000000000000000339600629536031212456751149711235563303206416055060469203142574818776557024632553207712794784713436075691539489467740755003934879185934496797470797622384393419963173238623541772838139810824094633750697198121428898056395813541167064286394275730304341189979719331287839399029124988,1.935022245388980367491253189637316750824058882814460912279447730271096992220351381179018199081666371922839110983574988764617726619249263555632985488352899710709555145852251540733582354839280837951627576922730821278211181680952477133341914142454716583850240543477950123990551740315e-239
L128_gL0_edge_t67p10,left,True,True,True,True,True,0.00000740048041799194675298975684989670196327981250406399173461461273575272971928453091838579099486451832509056889984836336330848970433706344235093469022966823310122661359625339748659048141894301823032635077726874985738332420831676073238719031717583134017532538694707278259751327541942,0.00000136400677770930684337439142022954110623032064841564636742405112475567040684357185194897035132224757631307458287748546872464285315911906148717448497334595922995466859657220659400027141142804095764916639601004929305479804515874038759013458375276281324529986907613252767686111116203,0.000007442111631885991406341283065187306449737373110789490130713213066810567208631966981375386380075111208393024897645188914032566984822345207058383058378765126357136284986576183052617423095240341113964361915652917859667771701425394137370733293452367806923177643300666302971850316508065,1.937196044400792670213355137895237081847741002761630760935630565918310030331648955285276162868929100263297356683158316410889198739434571303540571374279331693610265736555035046868780083707468476294427323308700060338147845792404673453910126468459382950292080831465622324321711355455e-239
L128_gL0_edge_t67p10,right,True,True,True,True,True,0.0000000252291027979079467859590802344395649483050532629416582360854865795585502383993751068751102424430054927781310006998228433811649662863652235705190020376288931578771583500770213576265243022752483185475745210301023821088661640560798291672216032506763858030950624131939014450101332704,0.00000001504723649852095736876629820923945772811740826323600942192221598325541606934396660731995440378311818637060018565841899874631497495637265922455172765242150318038156908776425689993407996913004181825388534445640703154397926319420164282519156137699314091459215509651134616282909505899,0.00000002596624785297150844832345222545585713829850522912943430118646694188765679665640641031068548822600492451312311781459346044341426646511341378868631921815962567871950232206977721024490981047313395798467981946128916653011244339839086258090681928797871785212078892842824758097610597624,1.934598772322443553553835688132643524657910286159130851692052875216620633722799528714872527057574464091217495585978201223345901915270318092081582344734747275097232601675848021311454793089427570439160159210650166489597873799024948735196115971851084008148129236365487540775330680719e-239
L128_gL0_edge_t67p20,charge_density_wave,True,True,True,True,True,0.00000000000000000000000000000000000000000000000000000000000000000000000000000171230082916964206197022611916100870342907533238888432696610653274434009917633838544201786343032345358433249455415692779892766502570419610287516379805405219973458628302276823830492373875399748706969119658179056024052081552120083838909330726689533750767663070025981031427540234769,0.000000000000000000000000000000000000000000000000000000000000000000000000000000152307568664018282942384936923973532869561858956030452209413376761723968393108304806728431913941569935739751671537080526607303372610455402167287372352163912130812308239337476067014732295480779084995968542633105355727282625162981257084409546542907214538668106915424977193287742297,0.000000000000000000000000000000000000000000000000000000000000000000000000000002605332551731492358438363769515965641830035636254507759569670005470859391590259580080681555972090794817929857195484117094380432974814929352169681655829115631752338614691128322641858063889605947097634196587247607516420191568816085426574363074587933015682299958339034879652416371986,1.935022245388980367491253189637316750824058882814460912279447730271096992220351381179018199081666371922839110983574988764617726619249263555632985488352899710709555145852251540733582354839280837951627576922730821278211181680952477133341914142454716583850240543477950123990551740315e-239
L128_gL0_edge_t67p20,left,True,True,True,True,True,0.000005663519085872077059462128276313124535249542280727406459042599372788187953599155248957500857935921412718459707518951274795350185270828049292265433817914752035496141084290116705548608557673595068305966943740556305285491392891795932176494412723274510945096515037676240437679586537449,0.0000008451372135757311722140685791421849623359371942477022334856105030354159853272736186419390908879739388685818467179286434955926589839290988916182320267903289706413542560289570531712532565964399790050577554276255027543068943317167873984920488889245781135486878917840970219602645587378,0.000005687852707126955842186408325193385694816560594171176945199521378431073724544679604366455775607545993763427436331222227174914914813998908720375443845286627159373168722202114979400425042008874636791624134097302833559382462356814482786062934595594364718454837593388059482858446041384,1.93514029686671545120745497334495688179935420766153637073520228788567489959334966757865214569887559632697637839379612183055620113890397148392701765680296944256478608924591011602610702698081293090387523132929685947726030505571550193954884774741467065884333072191074439199132464186e-239
L128_gL0_edge_t67p20,right,True,True,True,True,True,0.00000001933115587307215529165426836876538567648489336650594121575759895156795199751853949266960340395056041809136322784324149365347276555451459999563172334357312355323812655373193661393581927439886457313813955861292259433074635252717113972146198751753041784108840190201766618001137529292,0.000000009623982986667499546393379396294266731496406120995731449082439744898987207755117263228444700366380277993093512086870688842302163517817744785395010483320912364004052146698741361990496852155940517422328883225271884094207484461175322296434811249221546681437473641372785302305116928664,0.00000001975965267908353310720471236317073729927467208469412204776522035012664193068630360885503951962051225620248313491359599937037393324775773947245490211654375983608753613630643804757040797225332473930669620201632556837327522352252597356479666813901118098254142909019036686307885898124,1.935818466085170904931690445721277153078647649498955778052607427318591982795761223460702120812088813545761446772432772384065962273161415431828648177581991759372210724701559835833823390068567770981730571269050403238415915716787630557158104976940142240575668073129720630712841916266e-239
L128_gL0_translated_t38p40,charge_density_wave,True,True,True,True,True,0.000000000000000000000000000000000000000000002173016099666976554872595799343622040588728650866216274665689037440645324099452249293151819581295390794553500777803134419429060848138157563282174974102182839995417681029495635557329873922128659206657048516067614739891547289965934284728058370269425070257045058463317859185126444315,0.0000000000000000000000000000000000000000000002487726092264997230897052968717323637626781809201315999119598269878756863460149864519502789261173308145334988814515335530490526644276648725684740841926380405490902047977879439366133808811079552483082393374760670147322954807790849959685452722660717994326467600865110340589687345864,0.00000000000000000000000000000000000000000000381701910777903545133846746449767894459060510613937887539332686043310552610261633071947057463855202030802730474824107771017483474072957027159713115816826747763141045214775015704618825488983779673748600792824044377994982285114804018399674834428778516916367432651774472602779920217,1.935022245388980367491253189637316750824058882814460912279447730271096992220351381179018199081666371922839110983574988764617726619249263555632985488352899710709555145852251540733582354839280837951627576922730821278211181680952477133341914142454716583850240543477950123990551740315e-239
L128_gL0_translated_t38p40,block_cell8,True,True,True,True,True,0.00000008395666520129098850371619705684992974711187340754108064579810652460206493158942171489180031075931485848643108047399971833688805835601772338959805708904481711723994396676047042098221321288796705487944989730723661918227650393985376210911828864203357378459473829043288817344165985493,0.00000004164517339155290191104485776430356105427256627344584287172683506837621665638970216652634965112723758377917601890456100109312417038535116798816636510080436258786909453362702136006091173344127694061590896198110141982396918176078557330116625255465227866276132244846840478136592382321,0.00000216087345082934096797427263244066363386647507502535257623967374991448460520381055261272209741949677677066187381740667404505743323149572176323726101792394041558378679472151213606480152699373449351536491431384641897504044492003617703463756274071273705783429380903997002859236291363,1.848963673839666086505011060622854863278743335424011436650246946780964787965690602083695633425386713299811701183345346494408596096029291346040312381655652959048399911930363873663029948578912943648371858275466459039085790345517818209141179344468839032826971546113461741859548370143e-239
L128_gL0_translated_t38p40,block_cell24,True,True,True,True,True,0.000000000000002085465486418895865972461962488400838468453729330625219441613320201706761840432234007295902671542216902690396764728391763135002350232842826653383729466309027140953697153454005292790375085833403001483033213295842647344156459858229285993972291839329932963451355044946929018306561108,0.0000000000000005098804733782820687181061651015098242166456614586781489780892497789303860138124259306830699623521109998141487637999159767809335967349065165551619539333045489353671408739288690481742846007291591165362861328391688169538023213793750324362765852609292451076539523697223131208563365179,0.000000000000008061112236458464067260382360635790726653033759329823044953507169245367666498636127582511017928748343836532570079453517977069202423130030766329928653283617135768830694650080390767510439440152579847367257973710721627437411071173974583180332765412323744415645743574960035242035069229,1.852219131810884988260457093263680808212947732575677136391354528267979338264296631726046274185470555718340100491751974345452765037076283446925161039604728283106160769863569469220234352359810134320337168956016049754544663692073229827986904294856544867526187649244487046987042181068e-239
L128_gL0_translated_t50p20,charge_density_wave,True,True,True,True,True,0.00000000000000000000000000000000000000000000000000000000005940600894936389364349255435715462049117991436978811774814932387881369186286453972487547631823895442789023518894163674342622062912774907537595221199616059087409538573451714334098725167572341741671018112518765967974417975120097858066288639981412455504392062234570263574555942505394,0.000000000000000000000000000000000000000000000000000000000006016672993001102757977461226379457953940743515195438232192186208247730089684689437818867891590380784622646585289634322430554800339882090165280576305969475797511616391716706979360580308239337476067014732295480779084995968540993948104589553936768881981200473051754092168814224710917,0.00000000000000000000000000000000000000000000000000000000009735350983551064684975764785312570239099607208142533766069707978157753502349827498723477392395520085238953320757643265351152926548483676155267724969307865598089821704385380890224962249939223125371325561189119882382707713957591280632922274251697581068617572341608517313245908921506,1.935022245388980367491253189637316750824058882814460912279447730271096992220351381179018199081666371922839110983574988764617726619249263555632985488352899710709555145852251540733582354839280837951627576922730821278211181680952477133341914142454716583850240543477950123990551740315e-239
L128_gL0_translated_t50p20,block_cell8,True,True,True,True,True,0.000000001005284149720909399483204330177838108344530908502197896570484785099771267412576647004038360912142837397607405638624598921500754301374171010179255317768589354024693446088641426360321381700525801780788852965014392775532054858988947722242314426257857140238535173850711075425201360033,0.0000000006391543162358995839940277071166464716640107639253551310876552654583083908190517156537078902408640887152053515914538821564947207675319987545033852777862871055177782257984957270273678497026870735425861995315989892527423410893538030009275530220906990878501111837346980288324164056369,0.000000001045206701165921515417554463650707044287068044305213935837647678197106509357265602501233886397409791477526957900099432082486101566381292884678634382013428574624421298104085957587109678265652985344003086870424637539522702211919570916739221073290361910307325707679053178215824946184,1.934343579795251927204557690275561062321780522008288533023100542593956089389819759664981324017168749315076093276761992668753087839497006554510587209689679944108090488290958100831526539250420547413075842376624787318040638956463199399727348534457282568715087704667911260520652464017e-239
L128_gL0_translated_t50p20,block_cell24,True,True,True,True,True,0.00000001356350053003913523516874499211469219676105489899379628735290409962020457003445677497053713435332914466728142783882532467479448091581030727522512619740766848446914701089582805960058842777069708743707124224085996159020778941625612502766474064968145543242975537592028003113796209818,0.000000001716248639184916930584654779240720901494464924058555190744012154886491660183517852887384390723318974615742752900375071332752462851518291714704891419456789750722779555375462176201270466333605883905474293975525099310895118383089973429352591481076086684632431516345828901659314616371,0.00000002469548147565206016458073964080168234443952596229986580028689173414896743438668259297468959959198405088187573244348656069265871981546796779231790012333450946842742955153619586517009691819042610234536138637655425979473854948591205610270975846989711624153880411384981652603568913038,1.928347099391981178671970404077395058623687890558457822526150887468229712987152807477177048936342977083554982069548922333851834054449842698962525414007379439500893928269920231310881424509201155513691515766322777445927857587250967857081429564711954631440058775342178530758960966388e-239
L128_gL0_translated_t50p30,charge_density_wave,True,True,True,True,True,0.00000000000000000000000000000000000000000000000000000000004559190378394909767932160343183696324485609782507403223756748725260831498528245730264528529939922747804905880824387902330791022952852046406353513925081279263216519657714574808475512366561706883701173736776996926048262519568872594949877092291719435407423540909116953961696619142606,0.000000000000000000000000000000000000000000000000000000000004613420803649530233384181521052882298696031098040027071638896119705180508146904717313796210472480952910568953515054308313694211524023351793263571741285832591772964492666511607334696308239337476067014732295480779084995968545084201762746646539876345871237605066536617513922310491283,0.00000000000000000000000000000000000000000000000000000000007467697811221490704415464277044360875532624735535197278539182573041484239064461832332050037665401610182941883396963351266872749503340824925219974388347725739298122467825157967845112127665698231863606269631504423250063128984150987263069633910244175813573771344201298227957309850533,1.935022245388980367491253189637316750824058882814460912279447730271096992220351381179018199081666371922839110983574988764617726619249263555632985488352899710709555145852251540733582354839280837951627576922730821278211181680952477133341914142454716583850240543477950123990551740315e-239
L128_gL0_translated_t50p30,block_cell8,True,True,True,True,True,0.0000000007711670020990029836795983612078542998074406722627878778451561131978407459829233514014574919453614877204763533493907908314055530891200063051383679957660377958669340722920319907619940443514254053188575292510887257026536491529361857378666844350082856427294245303484837807705013870512,0.0000000004134968182537676911769206857537773566161581255976928552767986075919704436333660468538033069023196842521687172881292911368691138423051125787034530084115856758950554961223793163977876954819454756301593476883200149860529629701329755029035724802540033634786644151833393378189020753186,0.0000000007943574853616456082975532570811181044340299523350442623241235559026487106163131197168453766756717271821544671663332175317398955869289338114992958446629585719367997967937974384574951352239195751964458640420583121188057233125435585630706642193999906879548348693795465653644648229724,1.93557018153027849087812361081653405964941268048138977227361131631381225485469542613279312840080866880938037505654769441246536346461572266519191357892928852783090132542823148053224994849686885390726116426337618913320270742740017822443121556524569459121454905570931052182564704018e-239
L128_gL0_translated_t50p30,block_cell24,True,True,True,True,True,0.0000000123808890631057470323718896449639091717564045119978557479458781235293409224649620528485725343960135592057359699572834045881214649464969072444587589837553807078372091896270384911382969263290451667959487706285930599441205689161611719341761489801961709250864906857638227155684882924,0.000000006748574392503695722561045151230505875316176603276311803057281907183989056813826076148636326035704527022532947187986118526647542602073039483231466436070194959560663987644231929433579987601568727636085842534125567668268632918136650424184286760725273895081280271057374174455937541589,0.00000001962023466848849066662917693574285155908021853977154346264911278333046115967239204074510606593619340267320933718142940591035220609198725154546911079041165853819428793121888161633351765274225978233345413896321817449035439401342730658232202752062900923186590649081454802652993036974,1.928901585603664203386767757783948292022786018288284599126885666351690839329435780618084327920288325649879741341176023048007984435993500089358055286100218913629913016072527434398194565590276948654414455031142990510335031985486163843650587430514737157574886310060938217418425362343e-239
L128_gL0_translated_t50p35,charge_density_wave,True,True,True,True,True,0.00000000000000000000000000000000000000000000000000000000003994076722453648907357191073493689028391669889474635590032960988536803580005116347882112232955647038290141398853910336484088111646001212977061692048871885041178805281275868939742078542262538415884481834398005846808593557633221788218804521936116638230665744621488293732761551055946,0.000000000000000000000000000000000000000000000000000000000004039770738718115068802919386903954779460966839949228348280337210210725197483947840318253416360397326972385620296569971640755343652133023962432473767688672277859595555616214470938130308239337476067014732295480779084995968542438704078180023269958329670990789018613640930115091986263,0.0000000000000000000000000000000000000000000000000000000000654040244311814524356618604494922424809435377895301211987256973548367174809913971422084502974273573080984240814522583983696353253997312933348410349745647302990196271111705258991195733452845569013301196579119040464356758515220674055160236334525175529555110477824779984211937633848,1.935022245388980367491253189637316750824058882814460912279447730271096992220351381179018199081666371922839110983574988764617726619249263555632985488352899710709555145852251540733582354839280837951627576922730821278211181680952477133341914142454716583850240543477950123990551740315e-239
L128_gL0_translated_t50p35,block_cell8,True,True,True,True,True,0.000008658291932341818666900865495139178164385785738213100783874000344297191298400950383061494830831143757025833302026392893233774787542214571023129459593615801691607862187038277968099752154679706508150390360754156410277382001803825152456247125378773988897729021193790644078123002549473,0.000004689987042910441854794245879274952124808936780327768207631232770700639659189581045532729880943248502394215956349374636380289203121160639018437672314896948805240037102996997692816760563295999207934877819573956814847730094271614498269100223395014123534407705659500504119260401933154,0.000008885384802656342021793398596481216204511718398040412972866789367435799899026468017786810715718688743045520077463056342305448202701043995615113688597867469150806272258897577410374735374633059389131938988807767088505556805794982109703603253768789082022326123508537903301849257329962,1.935054461749369059672511960968718147434134032972281319435438801554808765954436664674166022303158061055532173139091560674567788554636758351628627851839737915514386945273047969223159382508697404587863534487232973482372410514237982891513549485325754465376232241722362276876080061407e-239
L128_gL0_translated_t50p35,block_cell24,True,True,True,True,True,0.00000001160902014381450418368217835611956716607214305238862353013852628154668560015312391846766874492288910532710421488443560039403442362646158955720414274141469739516562131837163959667963462907417334113954306488882451523474228958615447838413084197003416132432579338216150316812625165665,0.000000008430809276052008129625499142411284307107410285924579770640567837140235544750819834777976093511196751213586070760056827167788653739528715439599438326951059051697578525688937764878255127455841122426450520495554897450740131251682979576111489691810125225874678585548784281225787981483,0.000000017343500746800398953138661234469856469666051701749293030807854768349314427269017739762725838048638193313702078548374150009332080845092199267249139077488809170947566648761025260824110636297833503948000622806294544892631677963073995313703391298066593376147672056170975775827972059,1.929853081423322342723150447456005981645864134339288979172623537254760832934134350283838550655436710873264860436584907331902384777859660185257745560606921803459023810156090145162053445975824318857033228639816999301523664309903113811430473162932839688226816942003364868952876386307e-239
L128_gL0_translated_t50p45,charge_density_wave,True,True,True,True,True,0.00000000000000000000000000000000000000000000000000000000003065305427116517072076947150730899241251452578874203113054394909146775532617617394827104202306306776979327778439458638003123023647159446971883190636054549556045685449876531955096981331015935499381351739981092416780491569390398828278725752889692878973630094041890828976741011096577,0.000000000000000000000000000000000000000000000000000000000003097595133371337143769503148866962589825650053628419015409365679504312161097234441163505871364436627225794798117126872695754157157706395522572545474171932622168994516680720913734040308239337476067014732295480779084995968546144096443626480912742826290814554019752549873916070783263,0.00000000000000000000000000000000000000000000000000000000005016956041430099443261072348687428314211787904182745946538572246338413776133939178120903492848938746231945317675343059961431158545946232477578374102457830774793324911072764459412387337475525382828975317169959508771931183748938096968365911060879072976953131218314225372635027786823,1.935022245388980367491253189637316750824058882814460912279447730271096992220351381179018199081666371922839110983574988764617726619249263555632985488352899710709555145852251540733582354839280837951627576922730821278211181680952477133341914142454716583850240543477950123990551740315e-239
L128_gL0_translated_t50p45,block_cell8,True,True,True,True,True,0.000006634291810368717706962003109553747204798851628232791843474164033813376674730744172256050530019267410621482055760281910970609370593208133525748874825292968642829163862160823372373976302244806444442553828998886376417845209781317277946556101717832616799027866521090354650071716594345,0.000002990791734723398191157041739943625660845257603245614827942174369419867841527402263495055567513676223033115985000348413694499167806165391662062104401811298443013983187831686077092403311072169833775429803324442377594402870637876738494069610643166110202805178403424443991236906816566,0.000006766483090575145662082551629057869349027377120381553527481593402189546990336293745416320931276439940777572573803717560114454573530800263696800464330081865387662403960248084871288302843830435793682298097692209501478560055734954818986338785566784962303567050210041412507322209681677,1.934399211254829327447306122389428028743839496570788241853026330387883089455681908167924649241667815073605474518310469019493440586105681477759592650621887293754837716821981649141746190531410536023136017021810831034552862457583465775446533798830394539297368134999454817935847948173e-239
L128_gL0_translated_t50p45,block_cell24,True,True,True,True,True,0.000000009871005421960933916504491072078060900965307728833046032745271716670954715907944841444210471172352219060386421484446615950843530617875028411559431347020973480281971145180979206903616627982593367790809496078427766991952962965788699471811784703620800639260862550966003226631191000173,0.000000009821089385062239291643582265349275426921242992894688508938982596566069538418377326573641852711544840499372227146452515063333592155082554445927153519501235771200021126274518346918934945274347016313825741088825945976104431966573241798077588180116077969874633235647620439254878495501,0.00000001336670902711536259150271578261151153546211905624551935692410171054490459447442527621514583625295891597226644894968541779010630167682471161809326556570821903561472554790721861779315599113715325560843359765460239093694491362950318502180654072785147878641979948323358664643781782494,1.932440813674671029269038399547071394675012514894175849250394863033215351751979462931905835180440591810403697891558232235314528237124177667927504529569208231634676181466797013202741083039858431589218611487181466231741088016554102233536560411586275179174151116303948938776968390204e-239
L128_gL0_translated_t51p15,charge_density_wave,True,True,True,True,True,0.000000000000000000000000000000000000000000000000000000000004807012063011703767942965964419939687976752531731786475924014450806167681345312492936841387929559383982688962451235939194971111919628342271533699158577363416344572798685945731789743041537309126046538973905663202876330324570182549949533334643400568058803933238477156995804753423697,0.0000000000000000000000000000000000000000000000000000000000004827515168737999228102554997544225448802730519675313525147151341817427592257641750259893889582647530672090581087176235277018160090768903612740141836796859923088317057478959609133883082393374760670147322954807790849959685473172299870734316044674995339052698761282969023711356373228,0.000000000000000000000000000000000000000000000000000000000007839782174468116315387570145595319711306178051464048372472684971224422735026694296742030738288797702416218372042731560929958024193118474244238328433594414085527465941528954731820833803159760229155510088301001548547069480736595557158368812107882032521224158142854087011569713438709,1.935022245388980367491253189637316750824058882814460912279447730271096992220351381179018199081666371922839110983574988764617726619249263555632985488352899710709555145852251540733582354839280837951627576922730821278211181680952477133341914142454716583850240543477950123990551740315e-239
L128_gL0_translated_t51p15,block_cell8,True,True,True,True,True,0.000001024258848824168810872266631765353421854197503412760451866409826448479555463228594707656270166653605528859748952429716546812036126016889826160120808069316907190005792911590716890176215588235866400354277353307305608718522683651464362983775982106140176296278132068722553467060748052,0.0000001107868714142919427516716289687884376306269289095011960147704881789100078605715239235929079400829859389694054362081743557115487427691470566188773642015008304419119904436610342650335240269835341626432296467252054720535602782643636711178279929309209901280571499828469182877718929896,0.000001027335450521836260709838970180162577016642702086682038487438605650462183383286440897560841189981143396454060581815996660405379215688670317071155051187896061909804535691837410486043324587890157165235374979487182546098091145562946588056503203464199244472247595290946735015925225656,1.934356019222588926617409723161388721822193411924736637916373761659670238906749057065750170168906809124771830003583419999828008081577414205264380498880591962302921079168547439029320673038558516571587233195195147383963885535953153842177555443032707607334340345725520348776707794512e-239
L128_gL0_translated_t51p15,block_cell24,True,True,True,True,True,0.000000001812040985702391821185664205294636264517797059427657203902599423485958027610424117331805541740559809470540954974207798089783762586216079706377786810762289767224783282225397330056772387055019262063749144206795257214714308756306994313600492757168657993357404086628785171497238692504,0.000000001215892841450366321536779889146875373798955413462257650152569769289498203555384245870608900382712384227947189437892247393943237193788909550718834699570718501257290422648177866069245412215948336567021214803987001266345260638691614231078286929583042957548959917103632533572703343115,0.000000001890117754094210488780127017465366071554873069389074881322584595945350265516103429402756891807626059654983344593491247601661020149018031503781357781790794385922969005789140386964616972668945245811880237385601451918800460569353732296942417175775201096624883994554070394737004230128,1.936122003571936420086118630002629713290235193999598233305123616588619272816561267177101119740039524909098053122072643772545588216354080991108131458594672438892786700398439315267742074658886521988288035632405034484298348408739729963347807157073194435475113974145847586138221480795e-239
L128_gL0_translated_t51p25,charge_density_wave,True,True,True,True,True,0.000000000000000000000000000000000000000000000000000000000003689203084689953421236317225200569159642180159938213965683902791481385153151159178414323949064162665435682387949377470316727790558155860416215633068053758167021929456767949362852797196623821653708826598407606815827460640737345199609728264306539345815009278335117178156685190782654,0.0000000000000000000000000000000000000000000000000000000000003701674637974641146813382814365194495757017825294338203794622225350893365070188657037659091609438280266984858169311589304218945217021061250842914751600903075826761411131261341187943082393374760670147322954807790849959685433456970615902167012230224520163993119851307439150824981605,0.000000000000000000000000000000000000000000000000000000000006013724024146003359176684404482995423665416409525185823702253648939781067779894959724230928627766189715999334275812419473707628226989305147759891569068664822047223252045124803808647667452672189313785004879623617424579537109195286217630048131061282031104031448476920691952978823211,1.935022245388980367491253189637316750824058882814460912279447730271096992220351381179018199081666371922839110983574988764617726619249263555632985488352899710709555145852251540733582354839280837951627576922730821278211181680952477133341914142454716583850240543477950123990551740315e-239
L128_gL0_translated_t51p25,block_cell8,True,True,True,True,True,0.0000007842290091157182074001560091151469784522762365146000199488951475226786794393803837581259502452391886217388737285790175810261944861699085746612023156291187716113953353836714999899699790461265838461650185689808124875401381799863292397882298279068767844592004642852319354661225132279,0.0000000682484698097302933050735278868712885775161255222966361994311583745640960085345384773706166440198582668851495678111957701459636482312641466234691959291709216375076669341632266940110350831988171462653499075894530993107659056932272671647131578811768803232474174788072075169851831815,0.0000007860304949013103984506842607494405027718314644517270044336807449660344835993773317565352673022867345694307086471683673455374118746081816762628154178742470536382480881177035242109198426017381748219025267476243143522823439689042327797389807182696566000095659233059174256712729841409,1.935791394055459182322587684371508744976054009929341296113642899877075963321694065167970519563871908756321150802032678416912316264618552851601306942446000694103846420146721358813165136090992947890803244004207616984222018666671685138962099894079859600187065391171593765373157472382e-239
L128_gL0_translated_t51p25,block_cell24,True,True,True,True,True,0.000000001390378771286997854552531004179614797800724697828434326249078176390833949908403249075514610938404541124368786713125825412975838953310363230483699255726695920833219371848164163937176487852063799944777869085491733406791575110958494291793209825508480556972700669079115533185817978119,0.0000000007891478697902526539928081158397449728752089765696627858742623980071398315335354521003209960675986638768643807795824746709904610159737117802077352582422734918876152154013520277876726679842148917673411957738388995170330882138311626725367525322314769213238946197696418352028539400982,0.000000001435701776962384439792928139541537851317526142911286310109875019521916868016044213047550365224353012409248149523420374865794412369415966122344178657758335562600229191146124485802649138672832301558961775244332535257524752635299074168701014178941782810048040578474514602159374297205,1.934948859886825807853836884917412876686537335176859219514965581154268193209374865289566371332182535616432790181029509575193479311837349828103183565156426735336687012167665168959698978567446983141007229165239592683199638297471409060204962627706476153678840055269124059531699969896e-239
L128_gL0_translated_t51p30,charge_density_wave,True,True,True,True,True,0.000000000000000000000000000000000000000000000000000000000003231924737074013417634148273155321906605566381240166151606320946497144230075823979571295510472151613330198118748660569615189248008822510662179842459354974223917643750352425725005313834294511310250111273339993625567595129441899312082558631853017092141019132176029647946800947084516,0.0000000000000000000000000000000000000000000000000000000000003241424038854955520475019030808881371442234230997401263685627529834017798962099117547397334244281558033672901378067485494476839008160333138663622176914444107169324488493700947943933082393374760670147322954807790849959685440389227415383109930740076013115269301638245916176076485989,0.000000000000000000000000000000000000000000000000000000000005267001139320501288675738843831548124573313904302162945166782806529708914111002116666022659328581284330593429700857064680082008026122053657041556860257511365699096275675641006290502124686063584517848322027652847774429800180982164314326320287387003050039685762940223190327828173234,1.935022245388980367491253189637316750824058882814460912279447730271096992220351381179018199081666371922839110983574988764617726619249263555632985488352899710709555145852251540733582354839280837951627576922730821278211181680952477133341914142454716583850240543477950123990551740315e-239
L128_gL0_translated_t51p30,block_cell8,True,True,True,True,True,0.0000006862140983853213002960059800226076546425651686573448565645519102611074546856933722692409513851631070481875629990012787694719092250325401736685833024810822680725039125262205870260029809173984846220346865662307533788106890588252943394746381839364650183727925125751742715287935610831,0.00000005351858799968439839314920300829795907689042527276376801539527236297261886781301223109790127066248684890044953796017246966288363293535294345650858496581640772881619163771466725246263966311344782938797098949934648521150553201621786982033392081794970781655815722057652913366088757271,0.0000006875927282203833066777250245804340658342675604520065826747908915735137662987630579660836520501630554468310809086875062519788223010403777053815696537817208707823268905598343001163852129239215289845480290649690410832091294124271408021378973599958141113365351511188712887872775883434,1.936734966400841004950891629077101679421599791475412847483928257307473844946494807794284893120492821430229401580660017782076874372540799770939818544132317024223441546150758747827194456684496199104083131245828938949087228667824960618036665460873923868672888508879574503185634752013e-239
L128_gL0_translated_t51p30,block_cell24,True,True,True,True,True,0.000000001217516995129039931011416470012811422325511573739839733601371636741908082770013160953710666434951906324946973438032381158167077757102791641721908916183950369590422868843493141630863473987616347698069911330481426094287940921832761722803384974072981163802030052341193301360829857244,0.0000000006331798271760762608451897865271017189213531346406609627685422615010805251146669646985132888653395094929485497264258954055711492300798534899547164243836358105100060451734844287502987738115933140978829368589864451994625651077871167526120100192632917455019441882191973349311759839783,0.000000001252073363359397361322812239218929466924932847222175320889706783118390899027997104588699050121289075291065537455698574793461034294338233212490399324309696678212511690482422117609825819552878501607840481286192474585758059266716181010656613823788768011792094044985293661219426653995,1.934448114198599009898308075269404388748761113584508251325121869126080542660678571287309841931859276801390780467070964829716154997162632524457669018023249542242973444421476643178991503281405481172430377579036084971283121671425601116688630578145739036004462916281752442765991844447e-239
L128_gL0_translated_t51p40,charge_density_wave,True,True,True,True,True,0.000000000000000000000000000000000000000000000000000000000002480382107056548726103104343058912374529954826676626050768556821202464172375168926807269354143270654551549943346684737881465054904184128589147149798174418346172683705115424457383078396899245082627665297570143360983202803245908306799840780548493600411650413421598040080190653705043,0.0000000000000000000000000000000000000000000000000000000000002485488002094647979099884909216618739434294332211989692753387507920584304345636849183879493918273066325880075810684599281461106523128018353136677095071339965284115406215091823561753082393374760670147322954807790849959685453213709783162245543189280972130877760743817338526734507935,0.000000000000000000000000000000000000000000000000000000000004040206718542479342724116984949096506552776660464716644962103959675082174688090827501625620718760269173461391147110367399374467135616220653331332933231678188012373038890688387467047432811690314549797434754393599967022066117209161956526022043879740606366368915624288804299184061141,1.935022245388980367491253189637316750824058882814460912279447730271096992220351381179018199081666371922839110983574988764617726619249263555632985488352899710709555145852251540733582354839280837951627576922730821278211181680952477133341914142454716583850240543477950123990551740315e-239
L128_gL0_translated_t51p40,block_cell8,True,True,True,True,True,0.0000005254047339384470919528348540370228310463549685794028544056100926744892253541304707708337338008969124124890222095558941111542265814762866062100686565555705481519360070168324227328224184631960732848680650809857432371347688424229830286565838375670564536061056925626932875591457216562,0.00000003285551878188363091755760024121369119570418589716349005441844327171797622159708442063032886911987991771863380486171099681367484642632315624566187945944253190825658253346750249647794421511233717191010059278603694709298658672239609669584662785744691896536689171173097911056197222351,0.0000005262122325912085330591071432179540441240677450801150390719582532216753126084306905648429093413676551938541730284562619736742784054041513856312364425352002123061451416347969527297343084242290024192600930684919805158969215839436552375126871517039790526406111907869275290069091480042,1.935409617136140709759802632959465643916141516106321835683417198960332926727109518318305754320013220651701746949736965157572716859186976621177794390501844196653527542640696341645961511564411236124822066069612543394248520969413809499387112204882940686798889077297105604160389026187e-239
L128_gL0_translated_t51p40,block_cell24,True,True,True,True,True,0.00000928781420614180696052122260554474334513834068642318488259622805005598515130019882130482166223089178789039007804885648650444356137246837894030509411404730700102476805473687709148605168571830970409049073937587398709392735055770573305554910667488725340624257838255120433518510191721,0.000004424930879951524024157968662282241305905779755323501236027107732751219435921472213213148130181933843534836464458800898908427258818901725323278485643514117224667219413762633508282091557084587572569812431480853231974972207589495788190389248999303316892765886363753521000901044370048,0.000009488215471731893877882463407442929779734466531461716455820993970854097662429750457713068387494068774010150732467089213282680422871164702314859715794490939039642592272954601032086009716282696142600641060010726140007999416833170325041292622932018980520353386270739295675923615037532,1.935878173171968618188934322562626715579145952746504386344550840775025279894657760778718983431448958730921366705524503655528513416786381747501833849020503636652369486469491246296566118185121170527688219439225861989391465456338957431683237383675545434475893555790856567871751026179e-239
L128_gL0_translated_t55p04,charge_density_wave,True,True,True,True,True,0.000000000000000000000000000000000000000000000000000000000000000162407533453468517785811382223940953722179374268896782059318934569802040897696140265759217176910040533042958612137121402741151997416796552564972785600588526570981213350409095603479125502934926249790135949295506688477992848580412670760073145977415735711629906078930051589694534755,0.00000000000000000000000000000000000000000000000000000000000000001578124625774345942396223712936081995615213937190796483404648558854879975593926578098605127073807507414536508506538331132868010644218632708520938448118999802317218875556752031730823933747606701473229548077908499596854261079573058817969651040645708443814479657643108734902437695197,0.0000000000000000000000000000000000000000000000000000000000000002599430484420938581012522912271990796481243095932338804787494122089599961737163931469236077322626272675422953541992169382102610875688912076718732378906807074677858006213539348059829529443933931689515342258617512901006351441782390582403278638453620322000378481967415236070002059478,1.935022245388980367491253189637316750824058882814460912279447730271096992220351381179018199081666371922839110983574988764617726619249263555632985488352899710709555145852251540733582354839280837951627576922730821278211181680952477133341914142454716583850240543477950123990551740315e-239
L128_gL0_translated_t55p04,block_cell8,True,True,True,True,True,0.0000001629907832862229616380347330647329631597419099408801884696180504980363872567035709390511368372574693095438658495794409540779969318933475271460040233498329602406166132336939792271412685084884543688680294237652009553947693717844338521795378165767611414070125571607302512131795775693,0.0000000000008569960289815983461462828644456097933001667969408512261278916312951398750501837701321040505453120993478573731017532701035670756393705573892480421238360443891039620373556768732912161412751459060742688852022065787992662660268115656917606625239329852677045192209150040314588985525436,0.0000001629908235476689179320859735710687091473211406613176468893815756306779927737220963614818120224129457311786459499220044377121051544089551229131676133651745678339561372864533792699416922402401495875426221275820236658414483643616813763163527957310713568021468685151911024207011397957,1.935022245388980367491253189637316750824058882814460912279447730271096992220351381179018199081666371922839110983574988764617726619249263555632985488352899710709555145852251540733582354839280837951627576922730821278211181680952477133341914142454716583850240543477950123990551740315e-239
L128_gL0_translated_t55p04,block_cell24,True,True,True,True,True,0.000002227823601202531192223170532107077904750631058896950952340392129839641910311746537073013577841385102244559897946062260015099790711003558845974403667780156619828646435587398169801786673815239717069802335730240799410875672343866351043838273723111913517888508709137814193042278883923,0.0000000001341501287401246418662955782909276121972804681568462156287230859379726449073258779488691891218048710330380241870128140828905013664063369031043041089134773753688687438313648187739599840956475372835467693001782183193642601560787392506917606625239329852677045192209150040314567656495,0.000002227831076800983514919483246629326712628143011853364812586325658459538314662959674982245619793634710229504122089052968039865492917621876217498761520680566122520165047078301856063440472640957449349551985514641580155597123291265405652629780094271779586233471619927049846913721391541,1.935022245388980367491253189637316750824058882814460912279447730271096992220351381179018199081666371922839110983574988764617726619249263555632985488352899710709555145852251540733582354839280837951627576922730821278211181680952477133341914142454716583850240543477950123990551740315e-239
L128_gL2_edge_t66p05,charge_density_wave,True,True,True,True,True,0.00000000000000000000000000000000000000000000000000000000000000000000000000003589531727231571811021225346309520389263276742463849516650660334376618309092896494845810166336201431872143219354120478670420411250626670638095820491606906278973338054969440465830874982518594552486706095932337979550343489007330982346566640553105808247175033591740455313313559335422,0.000000000000000000000000000000000000000000000000000000000000000000000000000003185854240724549216562865930745749245852924231870973300371846647723189871702517133428367497564491585258969488723316153835842461478799232749584249273918898015358477260150892370250304362131910802136151358010040139002986762766262503319909770841021575704418886927229906318622354821574,0.00000000000000000000000000000000000000000000000000000000000000000000000000005484102803890240681413754921063613831058493837092561254876432176844890898941090890602792033444571183192635303424543373308749229499338859008370379552089795551204341520798733439068933978337626174438993335075812117434425816147561450743686646745375529945296468274558059036255008520413,1.9314130871398326260628940350201719256960329830262807988636967530050132320060829390587997247999255260511293502046258367875573352975278376008326948086414409614598779459404467688963468407699784510956149122018168494172355071304376732810164898424569379050527719286350574034181402777e-239
L128_gL2_edge_t66p05,left,True,True,True,True,True,0.00000001631524730717893030939693066971791142132922721797684179341685360857805955792751105344526152614720737874491219426965887772410906969041462784671529080266975803841164877612231502864397485163073643162244403810892929118176152110878650029971983405861075480772746091906217588656740045152,0.00000001192481675165596039893046068891168683359875607341774148096508756741251043326210973480532533770087715637054772514328369877128209473153043123779209207221698931044449531375297396984279803218195330280164982771910332282336536701963904726932821150772973226678863546880468557204033178108,0.00000001698487437004452130554324322192077144181518867562123343952961418164454981038650218501736376791417668133152628451408960854240495008460649864554528289773209661764323963053763494765884850053719169043027874119826057329009748824361722357799440871734348985000226806376212585504429238216,1.931910435653163073749826109015317670438061683957323999990402906821931304628453500708286964174514772486000845396329306834463451984603956755197397385297658965758202109177577617921533672624161241312617215236166061929620944369726563350065595339454933585340939263609517979559801546595e-239
L128_gL2_edge_t66p05,right,True,True,True,True,True,0.000000204643788875946654459886680234833070761414382994484744056558027912085358394794362091743363089728073606837798066059101296713345764195507366608537644520913398237877538305933954082688889213221215808286126928688266951149673301364730430843846772544768933928817426301135312896941888259,0.0000002132629795134608106209704236263866557698699073257968450336323315285602920803292223341864618518899412996744106086455357007440194155588286020185602099287566269840446426739474955109878574481637097243514692735288489465215704412444614174858946250519758978664915632584804708518977933643,0.0000006443406732047971679175580681901691353476852617582970827053593116168011638458845273352880959173232584810543806183358542260482987896821987119560065003018762395152587043545692961558727094808235589283597033860989894793257789508253674979917514454801728655282948222902125880670403633867,1.907890783494411213878156670437206648193524323759189813862006591538031044881336272995936273252916803050286067840443931301137890380909265878715259552568467036768638213203763806772159821694753121347535796918906563749539379360422912284572535341551734783009177010339132053231917421371e-239
L128_gL2_edge_t66p15,charge_density_wave,True,True,True,True,True,0.00000000000000000000000000000000000000000000000000000000000000000000000000002754857063933358166399756019566239772971116774294747550622514825403753420950347799107657277485216469136746846554313987645373380639750409107263480313176977901891500716610339541206999367506681578950923715910143808907268970069550205175838187508904189591743043869173307828337949541457,0.000000000000000000000000000000000000000000000000000000000000000000000000000002443404128598835735419571013666698986285842601247400854966844777015415959469972354293378334831729274861218912081534404857684407612736451125047262088759244174116990260150892370250304362131910802136151358010921000871636111256876017979046665994345816542748480287840958006901380997974,0.00000000000000000000000000000000000000000000000000000000000000000000000000004207278116643439728564178202921458551402257592687113254701088546890938439529818281284671776941251384342133043952919977043919843131021027613700361724685036041269460489979599709841052212206551382434499250409929955903125461829754152163285158647000788181970633925980488176772676313912,1.9314130871398326260628940350201719256960329830262807988636967530050132320060829390587997247999255260511293502046258367875573352975278376008326948086414409614598779459404467688963468407699784510956149122018168494172355071304376732810164898424569379050527719286350574034181402777e-239
L128_gL2_edge_t66p15,left,True,True,True,True,True,0.00000001251553027983933568731615949746474730463700088435377770217783313675287352660205087785648789510715754608734177799075998899170739191525934823067986097527372451318195597905515493982936484375490457970771967006749479368294990274132910020659078014834261811921620866320329353182593268442,0.000000007721550745724868272770819558966712238918337401199810863834522997172043635202351006201390094549650876136075562910411554043159108811418286332922078640184196847615162640182732579958113830521866069741685233062243264438369547390623399267410993200579578570702666441523331812209474211135,0.00000001290410193824616514386434255975523089035775415891642202560346908454374567260859907522101489668763554607303840425821085133371387564313775076630754142746706698801528060843970753185413778450666115335732960863881513382556554776940283618267739660793489981437927201171079417459418814435,1.93123762285395411027639874765327669717541969972596893464479491646282397024249551819332157131880043892611382589928666162138819261472345894048093592105833048371649081693197080977091782650212969788086697220184579757736788992615974720020670250113833810971847827887400599270534950618e-239
L128_gL2_edge_t66p15,right,True,True,True,True,True,0.0000002297650333229397335397906063819225249612596419448347615972866108856126985029424698483374919135724782353675629916108251797368365455536772706577975577649790222839270458240305699056868739658817408138693109853487185685451462381325425629827137566197549269483113687399568262509977108108,0.0000001712909651743424166896354740353085529484483611587865128143984720641679960768715110566576358738540369394317970348930454614162076818049318786611571359602692982506960876300947305875884879463750410163805085591018939341493027994020051003886820643223707733236229705293026677227332261926,0.0000005862998082795992053754353574814041155284813179544628007677748877556769255857896947021805555337863653192793655145003969776435729880810794136416510274728299167157133260484050453603839682644543724740056546228760261047174786184389467333319360025278195565977921355099121947303904731688,1.911126827979611030279013009537670473948198891278741039599480043202032928933390265236113873392392676889238445673812942658757806277913543587149849025217783572496779447562384461780741649728768967900204303107413164309759430061468498452613714396950144938371768927130086877325981861512e-239
L128_gL2_edge_t66p20,charge_density_wave,True,True,True,True,True,0.00000000000000000000000000000000000000000000000000000000000000000000000000002413402216719582483649148452361950738968987480991980395813744958641765915116476344765462026014105309027412070304436152443366026951876114647034664629434947442875516286487550629832951609330101839206881184813438952984505246065272214476031011365397004746061659708474997960251584432702,0.000000000000000000000000000000000000000000000000000000000000000000000000000002139834516464240056938231290400811397480044454168368263131532525267670916576736946118434611393343716757290753028141800151230414525748233958339648954043369275657899260150892370250304362131910802136151358010286672255300530925571568041066103156230973600814481179160892194036707787145,0.00000000000000000000000000000000000000000000000000000000000000000000000000003685098839201661336125760587375379002861719111911930743948002684436342448060195825001933957577375020008356574287267366714752436592931941395386036918108143186389244659430817428818575996018247583837324931167389147844404798474799172686560798334523309548156675186707012429484604190133,1.9314130871398326260628940350201719256960329830262807988636967530050132320060829390587997247999255260511293502046258367875573352975278376008326948086414409614598779459404467688963468407699784510956149122018168494172355071304376732810164898424569379050527719286350574034181402777e-239
L128_gL2_edge_t66p20,left,True,True,True,True,True,0.00000001095799798651663148543035855235940345516529382319824320471105007443245504961182920596131428209794494952296382162076852908063624167183698826073987958260646461339079261169302565035602786274882979654180303165471285346861409287616515305366980318320993784700936261498638924141184697795,0.000000006188995116131524902590161546032342027410405521173419944133480294195972148431247650887229253365965889932767428562527369071949574774650161337602094779749196571279060903669498518581449363102564556687093752086731180568163441798575767626022865806752560072805573292352260977300073615356,0.00000001125420036488446035902426611723056815907710358049750102503732538231739632127923912938098269297554450926361316221143769299511936057579611823656352359231495105785064478596441104131118134297108707357604415189659257842222120675612076761049872878551030913147699519102559505882660751599,1.930745119330616666461330135884991796525372621212990745317936652647036976982651159999132095757208907854518465469925374364974742426103892267623503468257587327515001941469465603294633243372903147971207128024083639666986377976559794272246831742020810412652376295680576930487210912747e-239
L128_gL2_edge_t66p20,right,True,True,True,True,True,0.0000002390094240130873545235036635104382983828529910868986110901341135294077199796665669262436528873095245767270353221353464906876616124307698879167737783052799325162555531842525491258958128155216061475426206231687004928493918290720572170625057594812215246380957097086605305065159165212,0.0000001283933686605152017180692581433326260575478723478711985335883213865473120557940125140126014107355117980702569880496572056597837447691338542656929642581921440619267183781911952175881680021445887306475636359066971199848112016335169220091040783835038122385005775559324818277087904579,0.0000005526941368693588295971606848102513225294907504742917970815812809390348331926045645172267199710072301027528864833026412979015192421863563533612339866043551168825723859674910951750688470898966455341317177345402277964952305934043365818009099237181180521883090622185677112380402352146,1.912573501343753633570080451171866645466184926434211228280815461969318501531497891605550010060924021441082524013070032158849686474146303759883387979611675158796696339140204845528291819489075729547200987562538817287107635709935008670433580263700569365875474503054769661422915040195e-239
L128_gL2_edge_t66p30,charge_density_wave,True,True,True,True,True,0.00000000000000000000000000000000000000000000000000000000000000000000000000001852213226152738905848950955669938590683215306977895403037379550652653155825052187316554660021047301955559514440713912959586560713124096550428040647438214554914562125244605717824688348172416712197413916713979917568980533345412634292298657211758259942877106015976879264187358529571,0.000000000000000000000000000000000000000000000000000000000000000000000000000001641157747582370213112215835290376588233029555695474098493311339557839328607630195752038230127933135415400038402641482868347884691696744594755492011196923224916872260150892370250304362131910802136151358010129959596648883663686579627089390836175188538260656533950446335850688922208,0.00000000000000000000000000000000000000000000000000000000000000000000000000002827126120721258626051448019763518496479032889825750587047978732501636058289884035481127116090577559245400068276988425151473416624237134080317470188397007304644767855537433722777352228616535359467395464940206280958826409809683429851348793080881929955783793715136674837692310290929,1.9314130871398326260628940350201719256960329830262807988636967530050132320060829390587997247999255260511293502046258367875573352975278376008326948086414409614598779459404467688963468407699784510956149122018168494172355071304376732810164898424569379050527719286350574034181402777e-239
L128_gL2_edge_t66p30,left,True,True,True,True,True,0.000000008396699959011703004733405857777277671332230351476830416339620830151137722958997712496194146488234364976014335276172653968464210249937152209321671478464475977364136335903479443989052958619379372648100974774956569095819967210254843836118449315296994780489546467343247204501587159632,0.000000003950365931411360987704268269622903599021987794109794728404392267632103524431546686861878941570162876046008067907260198996471632497851685061750384955017933273429903188797314507515038991263854653192430719772811890462539074704717419078750748541986650863562063531543062454230378176339,0.000000008569028569746241088912704225581751343653907517171320031701743336885412531967368458424885135504502008422680767599590059300649705132270159120495064226480591535620297054014217744820637795851264449705249944016554911885104776026047221605536975437188444640588687018219044255279636444633,1.930908476368129003618899816375093198804499295303160552944150025590868651893372631214997026278940652956933166361798511457843715042866451510178506493445415848562257372609389939928011406936185020980409686784730634288067066717006566798897132485369825470581754169792936167067756956297e-239
L128_gL2_edge_t66p30,right,True,True,True,True,True,0.0000002469515416421890185381858093923058201598811656498206562028340627832119361821292806690607564077643560272934491715749977623316797598727898438193614938178058271297575243735437093152179845900233708817733716528551423439728974407004239090017259427187982397867385849580637581305576188325,0.00000001041026242092027677648569059840402564902121825915799739985950568507995873355221851647151828081928248163196788145800279804575078821841038195534805254157691789455094157655896900429468133881362590585545718660719872533682477881104088609293435335375984904304738601406222524961881707047,0.0000004773951699328541257244420494772224236840001229349608511938980968515262407637880446158565818650842703492809928237382466973577759590141718901565049918131118499314088530435508415621313214832170307739994357173499181519107901333123095870903529920635382973880972524987345236432542272402,1.916166495214772223201896803333073614486251044524580259877486079680293532989301332421950622178572636402650395012647723160375703222058074848721837228904743126935217146788410110859140201145617769232212915725591615552218551857566599375240555758621795302828098205469837096011248740469e-239
L128_gL2_edge_t67p30,charge_density_wave,True,True,True,True,True,0.000000000000000000000000000000000000000000000000000000000000000000000000000001313117862391055709737679502533619159380763566231231049354375727856972314614604741319647188470594926872749413778357709852523523894376145744345014393815283490154362259390524302744790759384713439143381845913377219452997711853451668927518880742395123666300899015105713400889320441252,0.0000000000000000000000000000000000000000000000000000000000000000000000000000001155788613331329799812773050824310828583530076634654132730710565983679809492002052077591287614167092173181785104339060063186342402419974147264144558867751352838982601508923702503043621319108021361513580121041290463365115214904138588824402864500496056252421271598639403337851419743,0.000000000000000000000000000000000000000000000000000000000000000000000000000001996734847857079471439842749833255873411238921032878040823826909145736260274001198606142513161337848557315913903070622687184580418190492797173664288834696548167171237320916981021584859540815908818389654234665227649524979414642296945477428805148873569357058408067094764827334057668,1.9314130871398326260628940350201719256960329830262807988636967530050132320060829390587997247999255260511293502046258367875573352975278376008326948086414409614598779459404467688963468407699784510956149122018168494172355071304376732810164898424569379050527719286350574034181402777e-239
L128_gL2_edge_t67p30,left,True,True,True,True,True,0.000001837301459608465466218370260341427529007650621658746646937895975820012394272387189664330902853271130456191468748191708223851911676644250740156925254725151524385095131036637369265208387270628094755841052697767571456986178643371455972847654463369143839788157704353049553859658743368,0.0000001088779015754366003510298906689259319156242452066136030351972506116863511704444933404616425846883697654098686448517224070175473469998831608389087327565110989864128681850905407355872177580362945310167286339617095012739466723460986495697943277125889247369504562916941171920963385087,0.000001839838546796832285168302962313593678735754403985641651421259653682294398938152089135318686757821842666417990738711238746732680931442440073225882985794002098262394373963612812229854504518871016308195368178605417382030408546351617447925153824534940895709384867033064656017621420709,1.933367278689675991295476443515657271472569574488877829373392519508053017840871120239694887443276648402166157674666116192684012591148531197612168104185282721066552433010500868489882912772427027878175697105065400477095309094988153168159466282224688200800851388110320827888229460301e-239
L128_gL2_edge_t67p30,right,True,True,True,True,True,0.00000003417897262783799456706336327832187769490186564719643500259864428106392159006953652669520402775606104145831956952598516070109852592952470755857840357569756843166301942574681545941147899635036359742244324673221472179674610371606203724182793523616369507984627838562278636368703909294,0.00000002502599392431380856094245940068866557055681315750505422417433615399560462465848817417725639062277762739131477128991321482981825948013124822299848268090766481585133028723232064604105829647688990900995425752634535151288949307150775011891876904178785021785776154411957204860129244465,0.00000003557177473254822568355868932580121959669223401856539086833037585676548051626354332249326949370888723837712886856010693220671505300966956429264618579099534292416230991411557146839514535905495170213016087321639995907257035375231326064008988665358145164219056448146282130063482611786,1.931954202173640345942412269416779403345303878907660688352634753029458435986543107628645007256028097459902716019486641921162217196324520722954137920577592595912885709287843668552838912905951882748392931924296571409614780806799739726080613095896198200294682987199656095700726376852e-239
L128_gL2_edge_t67p40,charge_density_wave,True,True,True,True,True,0.00000000000000000000000000000000000000000000000000000000000000000000000000000100777824958970949232905884192047788096324035709647662049346519176322579670941632593076901519248787870391033424387120594401560092966632070441840878902289767803880805355651531351376132182497444396425193144239292437648810302570463226482647111604465894256067523569955399953173280803,0.00000000000000000000000000000000000000000000000000000000000000000000000000000008864492114519065021870488417832781106712170128437295205461587662947827324389438856241805476521806989983338598008644937756813845885449716148251859675345883794132026015089237025030436213191080213615135801089300570177372841105080830105300782640080469339609653648895477426941236469914,0.000000000000000000000000000000000000000000000000000000000000000000000000000001531861073980463547550223721952288461212425504936252455563996828938765962519271169603573651439741444597805130282715842221883308066771848435420849377090135636158039086486822759483729845227373385741571551194730555756344938939432165575661368873392617720922514333294223777724447577081,1.9314130871398326260628940350201719256960329830262807988636967530050132320060829390587997247999255260511293502046258367875573352975278376008326948086414409614598779459404467688963468407699784510956149122018168494172355071304376732810164898424569379050527719286350574034181402777e-239
L128_gL2_edge_t67p40,left,True,True,True,True,True,0.00000140625173409169585619064863071635491054565182223430819320154287464035662701380613265923476863563360359601028419713165121026141044771410396876566038179824930815008800062971519452318997433896878081491035830048695836323369899736710687720795082210082679830796160826243930566453726496,0.00000006661049285240942798522517292155863757131606484148041685392572997936689515018621837235634053868038438049429121966525424521412846446601577422753313224919473896667152540904544356500003973124198998352323118340588201219306054747560915867621668085626258047146341224065290216835746021147,0.000001407737038208494762571495723017509356013546247508076549801385249644724927384846520168049627460930264175915022468082478737437884398971965612847754854611800278103703702740278093712564351542671806421091497135084362869923378366603504422995563944267979488914147918076322981061820538462,1.930837213478257938951646150743057352296297161733492531184660391212055345005739734780855858622848715801551546887513278682351777599002772921123858980978140808781676384259778424187069238851731234009136243244395163762807552733285192779250182975933937121310499555456998956916550650278e-239
L128_gL2_edge_t67p40,right,True,True,True,True,True,0.00000002621008615275780717886310156807034358711621364296665569720862030866979497390370006363122133879144258856992627534093665511670552905751925784222124649433541120674127166409003860234235546270747958080247505894729765379140801502042680408116746529893247236971101339341121238779622160174,0.00000001619246782131775089471780827937359706128195870498316625121555194087878841421197269882148778282485932849207122555662211396059169160242998792631642888147350421163385002377393699114613241547058009607767540324906827286297330352007761879080239089249479316890911888160804673463955469576,0.0000000270177642121425517603593325981438442751151616540481629863471674663420301215154282184255137862923168792256074296549326717453422120717160567890563389167033496626441162480782756750042405452658972211465858759967357504849393005160143626246701176379457322661968637130368994767647093946,1.932013382055735408334235607732764330800684626330471588838335936909225228403867219131706228653111258545386477461529295920236975413557678060876056811735445878463383025771419535345791108690555281479508961195421816632937728535370516654414534752907492461694206016124885436357276058762e-239
L128_gL2_edge_t67p45,charge_density_wave,True,True,True,True,True,0.0000000000000000000000000000000000000000000000000000000000000000000000000000008828676766159971342041418050540861396789899051864597390817568176461027755683701780304516350759934855230021559770010801044694181336715261941612378019627274803239846776400717260611775232967069880504363588951381677215684749401274119737681746356478860479222153080958363429488149376671,0.00000000000000000000000000000000000000000000000000000000000000000000000000000007763217593702036260321028610370956620103630287817010985360906764807024430733587705266079468747368240345175608431714544245474011552600279074166056812011358560315226015089237025030436213191080213615135801211248027323175015356269197225955366739382399071059628234609315078065772818122,0.000000000000000000000000000000000000000000000000000000000000000000000000000001341741863991094228108434002950139196050292609707242610015171724242804043303120929331863821946535565033409560972179447594385115220094932114041317837633689436869793176452230595054030061193973580551992567900778712280673171306650839423220255176305169027211005665329524564397593834959,1.9314130871398326260628940350201719256960329830262807988636967530050132320060829390587997247999255260511293502046258367875573352975278376008326948086414409614598779459404467688963468407699784510956149122018168494172355071304376732810164898424569379050527719286350574034181402777e-239
L128_gL2_edge_t67p45,left,True,True,True,True,True,0.000001230283293310050877585649852586642287015487656250818917680056258314565295806644447782066078180001047476595065450984267752640810628373056075623712259834351924296478653448901799463146445721139261318273571143681750273350749737078781090015314330984674686556704495730475449797614884309,0.00000005206479762264976601605186620149417257832960597598635508708958245084028138534367359841918910236171738856010746952716486098957132862568524780599754224081521735616973752470921882897133534295720625451044560784172026894883012944639560597588302170805336480601736411749438277193246946781,0.000001231419805289243260444774423812469360089344202292488251697016650285166013360856681522332676648696743654497373964705771749966851489755578044771676225591219157805290237529150777781165904210267836022192762082669471595212009707666785136743682944880826488236917264122960667293568502957,1.932875040044827943334583207125117264322771441854932808121048318457248774060548555020951366582678177697994533876840234474757769581908720426786065377385073661848403171771344508361772098344015112745650242890808330193010922214128313259405873495852694479650070143863784659191237856029e-239
L128_gL2_edge_t67p45,right,True,True,True,True,True,0.00000002294446400313613689866434754570909245531576016865008986284876024195580460554589075712837534676668773478497123739390454296389346595861211433771809462991760065444241724271055565637201873521395947371529889330404824202332339447303550742850254326912207012403838322201534911302927946905,0.00000001297382277093547440870358823037409366509684241737407246641109777665531204995847064265563213172685980512277428273696384440751851573258357466244127217574001034087158989307197938466565996541388065320210623287679280640606302889307419558247776292804918453659499415446851441799184554984,0.00000002355994341397568850929961778767539631487956952416331992028923045578038663249642866578741794028631632433219261611219929633028117500201801607112651139897673396510410396125791206195088588645329221381859164937620883034870165712032389191575941747225355760977660293324896152667489785894,1.932875254127650557560139251190811423488845097241558311870275092238101041268932824446150864594659930752633941903241610586459048665609446383140569226182738538356396960807091478703061259232841168106409708454386805480460994765667860367077737018222889514563592471290378079546393319693e-239
L128_gL2_edge_t67p55,charge_density_wave,True,True,True,True,True,0.0000000000000000000000000000000000000000000000000000000000000000000000000000006775742427288907396540437102944034315672421317570960885841430972062231100310368664790823693003592406313739372746617392134177785880934457754877016912405998869745288331016522853702379892885239678393305392679193327561818978746661172811770297163152437350470998017072601912222163785449,0.00000000000000000000000000000000000000000000000000000000000000000000000000000005954124562456723802785668447519423383624644552363086197136047043596768753949529847364907807811050102210473532126845727292474729885059161870815581307544820063438326015089237025030436213191080213615135801121701794418263534782342933225694221417842167610151587264923063446082674541791,0.000000000000000000000000000000000000000000000000000000000000000000000000000001029362510497926890702156544687174529618637909108639967321119847149138145920945196641713001387838880341586853559612435611890635504652960323143682757818713217874238702015854579135051404611876943524802293472458942481147647022036071953860878077226412566082693988328433142819945579498,1.9314130871398326260628940350201719256960329830262807988636967530050132320060829390587997247999255260511293502046258367875573352975278376008326948086414409614598779459404467688963468407699784510956149122018168494172355071304376732810164898424569379050527719286350574034181402777e-239
L128_gL2_edge_t67p55,left,True,True,True,True,True,0.0000009416528501583248064998103718772053412949605843603061701969574088413244144732953994057791009326575641704562063539870949167026147176170354762347337619240714142973215088410166739134724377771551930496909755621157983795983761751717689031160509593078199307849633102028435589690608428921,0.00000003176791636868020691537794145050579648800904326565799301541760746273728208200722962689269925854904372513496909486188539596512868795764868304662580142195077621311435704634488816886724306874457246706464542801141357400725959746695023100805679199365751232629265871269265766142154644619,0.0000009423183101580979652086850967929349133239425427328527497234533150292136353052303905831690875194945934678158152325793337264113820054514158981959545433306777876437646829494276493753951070593101501735331156150685069667017479851933269204367382293202970198993883555743368620180359979217,1.931569819783365733749442067759842098565531773125545123606333730421004999771710931086125744220314809325994436957391144450526251021239785741717536110687604260413082228515933110041554814591363693022783806153128197276089147312166277546452654569914969520292444742992681038470756240876e-239
L128_gL2_edge_t67p55,right,True,True,True,True,True,0.00000001757564394763467490313897707795077325541603185413293084563798758676686256267347238307003190845465211755149209343351869686406426962791435184080795411148124105062518236192911758322046910902669935163503224605201763058899865881462592539244806451131457490533265638168237291443403146566,0.000000008275056671296647701082698450668426019813175436684598857029203837044656571018334655870166890210496163752134721802853092685754031736297533798215110269588893711774446364046865876561584076198728161745838102348859395953848674630823008472826952082121942662022366283317717658920926779344,0.00000001793349446870993329158767171839931259127236136887123867825491188405914833394687007672348553690483601689738934259104351078734080778936133401718210291541524206087687008904880335829064939610807680705313383253784266229856109955746916845370525341190285662961099250402619282269876916219,1.933761183284116619979684704508902727722758098815095338269916599792997194506396890882756603218807137957237031401969044185326297646843524759043237285345157217237483483061639213878447505328583704362164607280137951836900995781693801461995547012159254859053199987226101009565268466718e-239
L128_gL2_translated_t38p40,charge_density_wave,True,True,True,True,True,0.000000000000000000000000000000000000000000002165655548814779673589050170703773414845148888638425087424723759085354542528355681450292427200099560701466337002448857476356605969503675563926893913552810214339660422268367796893305265748683534553283178457460765291489893702809987666742332234572813550964452957436275441115705809753,0.0000000000000000000000000000000000000000000002461186261877238655656363013410357123085093338604626374560620632888699648225283493363707819627324464061178695443372013723737995006851993176029140508335101479382995862239480243861601164950552014922601508923702503043621319108021361513580126338849012306473427517528644609664850243281,0.000000000000000000000000000000000000000000003803497332893692574909761579796167890935769003759352994050150073917629617173349316946804379270236976200814350815399372930828520739027239901727446947603415563237343481313044165623694782112914141717565311274177646451428791685079379680961709429470309727228339233674478338923578740294,1.9314130871398326260628940350201719256960329830262807988636967530050132320060829390587997247999255260511293502046258367875573352975278376008326948086414409614598779459404467688963468407699784510956149122018168494172355071304376732810164898424569379050527719286350574034181402777e-239
L128_gL2_translated_t38p40,block_cell8,True,True,True,True,True,0.00000005130810389314740475458566683086222246012890512085701599834231587708175041519861558500959139187100866522762548879621930131592219878380142521363316833922951995226500916391339736714203861109335709251119211645314883864358423459475039228736902337732336723717522159387183599407642502157,0.00000001690290409882275717902538992816052848452812034351303460136643037745938110050065482590740709364528751275266469712322590071374852070695787802270973917422247213896750677071719732522865435696929973521164385510453680403954334173301814555631308561863008055145664922441058233513476041041,0.000001249194531308987674477127063034983686213639501731701673937530659575253192713721992485223632680010190282014049007702966429537016026063507946542418255392131854248428632360091011723894343709850143080622072655544284801921413525932595702578837913524782791737119089082018368318564483693,1.854161758328218588301654146233023090584444589619123340766869464204191374553119172141241762051706341500541921316308324086760578724186037220118831279366612348984912284892253467433280132834928559162337954469557698082151358726326610508863948407743778756674767719325472851365448488502e-239
L128_gL2_translated_t38p40,block_cell24,True,True,True,True,True,0.00000000000000253036347689359458377316668645194897115877795974770315987361043666701354035612938423660131273799709357105873361866126336001288587128131854358084339877574892551179710093514130335413629284300484857693968139738283683042010521047252134578843742110546599767186375907097532480365957644,0.0000000000000003705338181472133523760838162788372944802035074206940308134748797246989709661031703794473950811758977519000960705177908170916443292734609829741660952612380178171723131518570571502449173630040683200046362995216154061350420821657826503820243362013330288664948098197497996100222101015,0.00000000000001142828472068292401019241178639878460122660640520805243156742885567022430776014760277340492820047608161456272230311132926214076574815085179430423942218150073323803490458122720711089799432197803546827730061581725326608925265505762432514888961972506131770316541209152684408106568104,1.822036297648814958991719474098324885985972161112251285078756848267721941601909250505084043707677779240960229733090649445397903156698421596371942031398189577063805534477042809478581714588504872878892047402500531809594022707733696916395351942517183578343763266985276586912165822855e-239
L128_gL2_translated_t49p90,charge_density_wave,True,True,True,True,True,0.000000000000000000000000000000000000000000000000000000000131111223119515249601539853648901066456127430950600725057317745703285819418732393343042089835905601717412417267016261183497424593727347947434571932585693055171575101284581344696118814946204139485582563124782877593006920256821447856853387505302638163442338952393457674149646163214,0.00000000000000000000000000000000000000000000000000000000001320459126844946396284216424043641158008086014868142926164927259728060110619465805079258993488700761149469770402743884341695678465784007277902346757984130597934909619125620580103103726015089237025030436213191080213615135801048006539139653529889119881346685338426680451494960447012,0.0000000000000000000000000000000000000000000000000000000002151543463356856383052757664011630013414158584782109460080163893203694092034460607696909391526385502652034650101049607454170704218986387904950196505191767429896061135987508347138488249000017507664076703603615982302846882741299601282498968716783987312172183977157274837850658948419,1.9314130871398326260628940350201719256960329830262807988636967530050132320060829390587997247999255260511293502046258367875573352975278376008326948086414409614598779459404467688963468407699784510956149122018168494172355071304376732810164898424569379050527719286350574034181402777e-239
L128_gL2_translated_t49p90,block_cell8,True,True,True,True,True,0.000000001159681562256260029848328506397797106574105232317444688186494308350787842092986157480644395895116879102125299962284237142904006131635532970504502795141727488088510129668923246638237778435189516873413805374365728001898984911106564888185938319967549527861213337881831685213495395131,0.0000000007783985652630159305329943489919157402073093250727306229549766070735134037140713448392459566422077693506791011265674163607962692489183862602041205024920689900797382815403152426098750767000968418322004679310113352409611647860936278425474913643983197217291328713069391304561221982501,0.00000000121061658760189743442311094188600851653360383047069750416793959539122634468091100002973434627279709338421670050097177827301911287121176048529966786962440928025741768292030624612982255073696799052329327978803898177158134724491017362671158046574530368653203019414068208344304472039,1.933285417680157118514869098493389132822743889595804162775796149891773131445301245921665984818262649606768144987309829526580457349115007533919531895274004997481043298519394024349279534594393070027917548794868304761553757785969302340148148642491975208843460563864186812517169780915e-239
L128_gL2_translated_t49p90,block_cell24,True,True,True,True,True,0.00000001350667184116215081149098337551254594690871936302746341430807926951654320204354156418415128145268492999034500745434881385305970769316195763917361553228699112433099298107959204339068707668323516455540007836007896037797297595332656344582126928965481988899185232231762716916103932495,0.000000006012030869684895757420046935550724191673415112562280050557463666170678250520380907756637227033015950083651424137898848406701924102443707258569858682874183441253373849356213448543582718519345690922338606843575469406886846091780463321395845417200076476456198059742935257211549579248,0.00000007270616694710094399334266756179743508613261205693135091111530252590140730338525734569498543020718570976998676717489899920509526935880527961056983329140686625985150509785956361272799153647636236712849924252323544541876640383376412307829190483975922523710146832326934415401589890586,1.903393749807029297250829750186088622055312911624300317022369687359083526806360822253001582887352388602158239753765931603934805248176745679284447209006231292393827092682767757470120087806490472867000062366370227107427709881236506045073768876421421795850838208529860212830496132856e-239
L128_gL2_translated_t50p00,charge_density_wave,True,True,True,True,True,0.0000000000000000000000000000000000000000000000000000000001006239053944380230963778493188333336275150222955281486217688990789293263906697263572371507130717831520071098483970844600573604767326722772166116108806347355587521446225087115111019240538838158541688243383552746701043493480850441103283081967418871544646179361309104827483474225687,0.00000000000000000000000000000000000000000000000000000000001012486403646388585172975340918859113628915608053400419540190879446657121694685405360863056795756714799699860740590621119332962938072823434400354784341520953836190790549552702426386626015089237025030436213191080213615135800985660808643500424867010464554028524262981221026167585059,0.000000000000000000000000000000000000000000000000000000000165039407337461140708242666126537240157190596895866940675185785363751030902130165563026330218562963572692396334651983387303693088161156014871769451491273104110249906085942467306734023204284618069630506054524247107136224185592404449320793674035216219584067224145944210749870259834,1.9314130871398326260628940350201719256960329830262807988636967530050132320060829390587997247999255260511293502046258367875573352975278376008326948086414409614598779459404467688963468407699784510956149122018168494172355071304376732810164898424569379050527719286350574034181402777e-239
L128_gL2_translated_t50p00,block_cell8,True,True,True,True,True,0.0000000008899731634449116836223170678897450264788142542766342990375555674392066405235030263327301836989324987566136771864102573341648384527867534908743525621631060774401745596856027696359714519264547473809390378704941545027510983799067150365285133113636385689056651817455415357358978363247,0.0000000005057315057013439779653652495032082080368204284549602920408198818500701198115481432185537618815669731444068729811254427109434178862985400454398571877815709635810722582761968525740250656407266601185769173348321260007155926218862438026459592194656099121553851836864533505291058242848,0.0000000009195453610051410437215518178684872624651991750681677373400817418650629784646347979479117671514056473324253272550907091249854787784925240106739390684094056511127147453688490413963330652453819980220023699644075348920183009003939701200441308232515473839356878836556622387536615783024,1.932191811938346260699682315294159851713035133094834223255791506245246257128007064722720117645812117950774553059002514179212894856816186723255115427522747709682731142932070385205609000405427812792946139926177370807658679197699127797551744396054757853222943183502180567338412236785e-239
L128_gL2_translated_t50p00,block_cell24,True,True,True,True,True,0.00000001308566842815282906907342098602269858256988997772852270055694649121966636906253314289320235113423494441841870530275964243195832458942461090150419411904864857456088704953573553732414287807204367154390174606097567918110372714667848103234390291497122867613910326844035701440662386687,0.000000007798840061611767017704833189618207632763783522774199914107402000716153351520071581681240461471593213956353038430687929939536928906767985725032741959276133882805635399179362243063985765386372337690940815373851220000515200242759327505860782389746255113970986272245732882345760363157,0.00000005838257000546969562830495003482543755395297190312228916103439939380473474826947636158214993126995576804586219544361481007936011913939743733072845976673258351293202825344686023885979225877788068635798489810475918396948111245111380808653031939572387998082807880155629896034036569876,1.903857471731829231911055641552646870636227169082880019802271715380923552664826553197077506215344027520500651168376736982985564063499576779737800743188285386009841873984672402955001758614693138933047599898938052976752971646435532904967965074827538636162829624174973508141649275822e-239
L128_gL2_translated_t50p05,charge_density_wave,True,True,True,True,True,0.00000000000000000000000000000000000000000000000000000000008815192876350874650203954314413669272023140365345881632906196039189918481568325321603685977671121511970064065990798829038640149922498420399321002385989899285106355289249793735160131589333753744568016950515937184546022359593694558240652569593164459292270403562747797783946911599476,0.00000000000000000000000000000000000000000000000000000000000886587575404165979804613060589236575511337006235361239157827618854652326122916450889446375450523647991529744734690024056554815240231151758392099775897158436921723042500665933416048826015089237025030436213191080213615135801029845406799188817757996516432869156357764233044891828873,0.0000000000000000000000000000000000000000000000000000000001445461733868720376435950642014020401490771935489564346905781931927505171353176146971012004158737422753869024801984835816940266328312828111803412777538687738259251668967265802047321490710650996637309061953295780924037696635868294351304349195538261425163086635462008551106211992134,1.9314130871398326260628940350201719256960329830262807988636967530050132320060829390587997247999255260511293502046258367875573352975278376008326948086414409614598779459404467688963468407699784510956149122018168494172355071304376732810164898424569379050527719286350574034181402777e-239
L128_gL2_translated_t50p05,block_cell8,True,True,True,True,True,0.0000000007793841237203554771127538329911913072486340739160294197007138555061394961101330248830203278732379389296581543620637177995139192646855696760363193959250063259576705310312483839261691955374859163601523668362780610872209646157806315569936435123956374624432432058746943706249344663631,0.0000000004059616059102150157802980215603829611238624229950804613857748402137314131473033961936744748404462100258914424010575131939187719878818325986925044909462774353535562750701849392776480539878483236268341084033575739185632905216981435871774882816997899825384010244734884300808522601682,0.0000000008019330736249221539387750294649594608743210104847551975889330926651328362373361265853170579482273876701500586521102137194003924559488792759753393308640510720843163389953843643710058624133949706686698495485853839358443469402386907840698804653564457944535078011100899017318473251561,1.933337872275327165908451876745995525906440797252054164270593930446703537272601322098594739045417099019716472597545402977639346689252289982201201495327931413532757464050280113051052641823150617021510945863284476186495603553134505452777113527602756358441043162981409805788054904556e-239
L128_gL2_translated_t50p05,block_cell24,True,True,True,True,True,0.000000013043415547855158654760691606768213013408515487529796165805168414106396827898288428161501359519887421159050996738030086387514809774711404962922452508675388981672869166490420330599314962653543724291483516374356324497414244786984367904445712059882368659298911653033078191380864491,0.000000008567227035466059845841144767342263250262292992010087716683016971890906896556239093723078448214352959598988382670706581534274216951758630852947153694705210540239178535965871427355218805123258071369440835305602481985536100147749688210776190602727484296285929410981881421269542940685,0.00000005264382975066256310171001719841206748551318204425194100108853310301852992219749561336918025258373838597322722377687722129512821090552920493094357568887624221520576549197397316442606458492061516975745005120207317323124952363276825285375447567456239304037004035227881852476326504459,1.905087091701680378653708252838400383094936430887635793890340489596584670859450093758997769181376671123331948592023883867950708708557939705049779434122943091508085864578435272231955069673822601613079314668323200119184453800138481283652263143286539076684665515191117023777837087211e-239
L128_gL2_translated_t50p15,charge_density_wave,True,True,True,True,True,0.0000000000000000000000000000000000000000000000000000000000676539439154745431940822195350969794793484959065759178305214488563996656906292797579392511842410860780352408174805573360722437331137693037212101733355426811520238926449681942997976547491034487952166732061495830758805187259189854451000947879172312316542417575038497090145258200288,0.000000000000000000000000000000000000000000000000000000000006798093993999425940427461539606714025103907628754182504912149063286763398143924549397796399718205780281247316432680360829733790450722369374516662116951421970609441819793994980573501260150892370250304362131910802136151358011844273362535212187568755009814167358164770306884450552748,0.0000000000000000000000000000000000000000000000000000000001108778612903446257638273218088342722135982299341388707824413751435148056000906074859558571629743334784706402071375219207948471425488873817769136263096824474068085196046377509796480366906230178755431212202831485248345414647966828934020971336291249946615628348994974062645939192636,1.9314130871398326260628940350201719256960329830262807988636967530050132320060829390587997247999255260511293502046258367875573352975278376008326948086414409614598779459404467688963468407699784510956149122018168494172355071304376732810164898424569379050527719286350574034181402777e-239
L128_gL2_translated_t50p15,block_cell8,True,True,True,True,True,0.000007469552636070702643446010181794843918804396487549714847023156254740651804421505671954966112119373579458254240631427971839942554999130159545678074319365805636468464476631021102537181661011546231002664253797547517947939130452885471093435264263197358663522393400235902337199595523254,0.000003597407628644423929975091306371633212515505689882074685975817813300594225037591382470003901605009131144472139408391808355686418255433297062165285264872253835782830591604003113978572543445673224557869221825978111355385824348762202701616083505839176349902271714096564328390264923543,0.000007633869232015754395324362899459990780281297987187793661622323573606148766707262950937722082022711879626163364599601582436815279223409514764740402161559320554685961220370769467471730584772665262476110962387500874422887326369345781717175834453076329359463654994611413522593009063823,1.931235485243526272653663632027502224033965945558717505921364833414699330685643078646926105813174079906243440231766329838092812337708856685299528078849298890544211930666123753516041151094217284471719124492429721497225416456820129326005970034606715158084421746701595462744637696018e-239
L128_gL2_translated_t50p15,block_cell24,True,True,True,True,True,0.00000001317887039481954782052893119394709200783925364971802926605216675436349889461976855357264326688081048996353188345541923658320125514937062292064848373283565214844565420257200011266252704887898801474006186792087969458820590126564001076004372600613824185432228137252992053028907914107,0.000000009319460651629298818836246756292777996160084631590910088379476687797498562520428004715563121747996462704740401395716207556034653202813358950770740526858632352113716069433173771048198478929250623847389489805181331039951697152257231792986090444764622130124402780274954110704787499338,0.0000000432841442290867745454347261726677984568769259872469039280590077133206868301776323137567588018401797243709246467101772452194102079067022185337947655438509170367889488962509794391209705311881917253922652896404681726106610544124159011979515476182721302360426332933242357110001996653,1.905903366113483618604024341993129051444449160421973194291443319880914569876476977076988493406679406580917970985936620514969665738870674483871020290524533072741618279496258280871524993450849110924450560883167251333562814466500316227298335000096595178658634110458457860167820124146e-239
L128_gL2_translated_t51p40,charge_density_wave,True,True,True,True,True,0.000000000000000000000000000000000000000000000000000000000002474909687938716262755146148575672949079815061227302775338767222228239974127777714422239268636389643652380896315869288890588738268278856029104531723372183317208724726020120664702393273897742134842133560866448109146227287691091177609589309938546217484906485839850400263085568208956,0.0000000000000000000000000000000000000000000000000000000000002459105604517519949799768243581068477908332567994536479479529655914901759731722067276926959271638821294450484695745393621624157455049545850327321890077101239483213760963544778651312601508923702503043621319108021361513580094493221819500386370849432935519206156836776500116436596712,0.000000000000000000000000000000000000000000000000000000000004030528427617427630774694051423222035109223564674598618219908077156391416292266477664446127870210074351024155446454076970233751871563765366650442157806372191784613658776327259328498530202630248497537542312055688607840557639541191135212935690505547033969446077482936576595742542349,1.9314130871398326260628940350201719256960329830262807988636967530050132320060829390587997247999255260511293502046258367875573352975278376008326948086414409614598779459404467688963468407699784510956149122018168494172355071304376732810164898424569379050527719286350574034181402777e-239
L128_gL2_translated_t51p40,block_cell8,True,True,True,True,True,0.0000002658354930556276780764444377780515672777039266166775115778744450126210051194051366551423091277040463254987477203620891230492348041979807326512116725239439679390259044221842806745690787946729086412847121099463120144972524048715867133672184494137959802826120512325456607504004479445,0.000000009192107380064740674249868274277850175276449554632785442601879794644525834567963225820837998816275399812055908060188558100342316011390705230074743820572462740018442435774708877587526683326872373214373952704093625623466202086190395670910779015028259829389763783830399803638020634587,0.0000002660372965582919944950949491249897017227417230189665366519256806386190539998362472155948777221557402693071790840751782297523314756191055742067871175650581443459405030779586728719551718711598277549587962901677623526654287134418472780552257989345422363852861900615109696949020727621,1.930772269127088005548877795115603515068427856385981164476910633503988016622906106724729983808015151991110295310348650012305388000854704573676067990046547513105171435729514080594058747195426855497396067834499476499465373796071434327175609348759737650662992096081891075951626427676e-239
L128_gL2_translated_t51p40,block_cell24,True,True,True,True,True,0.000000001792986580630666924874060654870965713052210521368415115600593090179967103339307070856901301743657748970261830531711515613569580547082861561790375371697577867871841644729931716730662705093467853970234207110218254286321707859249087052427872699647963666001965575105796604938984912627,0.000000001237498227692730552033122115618729280094915744141725642187447801727511337592648032074477803262332251139977360360292283749749992638347657755733871997001441726244014714860420659732407098029731995600666361314725144037828761531214152245243024348579423041842261141947900794843497962766,0.000000001873589160636058716921031384524157537271611493428153132290981859803250550446522077880967006114678528612410483296749082073380851200506855734194753477270897123932397625383229484741956532273395745150047562500437392969670066873228859381180420658674503062313184277525487979610204259237,1.931553144015473073543478612012586310226802280762904354970755468481204545082774596101109925055788667836130950896149168202513775181336328105948403217655092292735313455748478535683201306352172145881846680563568348136007456803744715887848593290100297240573480693222773690172758451257e-239
L128_gL2_translated_t51p50,charge_density_wave,True,True,True,True,True,0.000000000000000000000000000000000000000000000000000000000001899418456087370998757377910945966847301225173059253331558952238630475603081933078479591628322483003706043552589795607801380812245214113219017990684749355808266459028494397107703282179286619108102921809571760454562313849870193992513884914892000315757716828655924474490034461920305,0.0000000000000000000000000000000000000000000000000000000000001885619024162520986907413035527072920493289285702181446799081095916111073285236162167455924433254369841596037666017950306987049004225757901093885069383896284725824101185559360630462601508923702503043621319108021361513580108452493750660467352870667117329071866546722916743738309451,0.000000000000000000000000000000000000000000000000000000000003091764688027129536134378845741465395263087938623255110630347486438838295086068746159587908609394985612142817975182556772594412295873739301412633008774140748457806731381671206728478677645491624163962620436780145529168536663648038313545648989932600002994173614244721581623674874889,1.9314130871398326260628940350201719256960329830262807988636967530050132320060829390587997247999255260511293502046258367875573352975278376008326948086414409614598779459404467688963468407699784510956149122018168494172355071304376732810164898424569379050527719286350574034181402777e-239
L128_gL2_translated_t51p50,block_cell8,True,True,True,True,True,0.0000002035576804991974181092970703626459609852953046230950540731545634847020436227842103787026509874126487454196079005917488667043566257617534337065193546078632919200143055503570469770551321430920840247615364608997606595532313508586592384217670410852524446545161924661316855595519300115,0.000000005606552247598559600097098864901775350085208778538067933050020706767220916387056942321665591314118288216276143693807393474727301534344950904597201688373252393011592666338286634002386496553658134850883417103330341872696391753885860565760268284188715302890753450278692479332147869114,0.0000002036759494718599218554356973629258428727273059933290224533991846838992990072651567708482378664793422833274318202994684630882678971976374401632726890033884010685943487793575747280717904316221610338295397612864903000493577714807559339041038629545785525648025422894138486554525702786,1.931294711446359179776047556888717928360387780363919202411610507005526161737108989684523146562053173117874632456416595485479099400492940954965921754795958085286622535712969375415175263934931352583376063114592136032695282614976787531329084438048760195113449353278855465866131183389e-239
L128_gL2_translated_t51p50,block_cell24,True,True,True,True,True,0.000000001375909419846019838086204561231628044802347072013027143723997258482527334250509372407759091491855334361555293561529649038215411215969832752875754274137034044551502517787679428280511902024711414178648143551620654806893882566668537121573070896979317367538633191032323980730133566217,0.0000000008045273792252852436381903585240583345590744966397405256666215488946948707297906130220901334502867353821162288129673833803405881047752640612411772613371811037255863248981670802918326921374323559814532151347990643403208176499886342305072998317777913971322127359719203767113803891186,0.00000000142267793073711267382294324211063556618687080995925819638392975308942307906141990468055493463018506685012472079921230012622322074628560771467959967293349841196703687177416178356563917498441885704123176362295146085018781909706558655945427394006547662025049113222942569496160148304,1.931219213602398652559916712232002996705789122954035244863288724930675172456018880474382020148099626598080878218433616877966397666147213104974884720136454750291989033046794569470724772801975339145413267841466826974660275941129549618111795178302607138181424252993798886501240666462e-239
L128_gL2_translated_t51p55,charge_density_wave,True,True,True,True,True,0.000000000000000000000000000000000000000000000000000000000001663992262450608791326046181665518080743782906618820671883031417412309912681807567701137307939617593683745748382999060008842236879699935736020141879271289481410261971925059155018268921357193475688026738442073740944314878072430146337023288290284984959793338504847221764766518045216,0.0000000000000000000000000000000000000000000000000000000000001651173237302693412764982049644183182255826989139541987199513703216456274068549164109535461125352620228671367798551404189702029014518882852004272573065900571856761556200669298317012601508923702503043621319108021361513580118867659637957473116326106906388630987215950820331333752835,0.000000000000000000000000000000000000000000000000000000000002707876306794574695701018790003817639067946328348418140302138828412633151865344626801896620994110168691644390785520054835912399938436183255642355214769964679389473111099375195736956110652627331420980739319695289710757934549560386801034607646447216784705354119429296032674876189434,1.9314130871398326260628940350201719256960329830262807988636967530050132320060829390587997247999255260511293502046258367875573352975278376008326948086414409614598779459404467688963468407699784510956149122018168494172355071304376732810164898424569379050527719286350574034181402777e-239
L128_gL2_translated_t51p55,block_cell8,True,True,True,True,True,0.0000001781253176715346032896529625549438857757518379430069161056746737689353656028971740836527633447066402301163344511292468716653849458094809530002616590160293362233827339897424318226189345433461885291826606927384975863978376885485906612058292078968015141343178090403024089158001174443,0.000000004376115757291447724592358233265166334546825300197655934597252156217226387922114927774313741133650529700088522519624947306624408925256721571574055857159503223730827619979748675914583286351548452107075144571104070296974751990831850284709750443189768582338217621850001145345194216984,0.000000178215860287239741841629818757567496170616975908121330437900821315699111932355224124093366861155190056381117452315954389954858075971523399452064921134927666773606982108824102529883186855758679960962454569439899798552676383431973606550862272156050082294271949800598311790031497984,1.932429202308853472023402870919515845367069148597539032238774218500916505579584889129256081772119292881351652796090605297030867813953084833420820002930404631279853861414781091635027624500411553341640771238325335821198668484133997953624839267161870028724604528680305973479587467858e-239
L128_gL2_translated_t51p55,block_cell24,True,True,True,True,True,0.000000001204878463450580586021284830524416180094748066933118404182292696233920841866094523934741270207631696464195057938775333130716708344567498197667088106869581073317710443258135981621619261051361993132005694248994228866617736756765987963443554276618849344816299778388014998383061120005,0.000000000645962204273329548462798482669457058410017151736634988783897551361642869946526282033330344564811016650191978811370562455785633511640784180576301742882095149664916014230236481772812200643803019668318695527710090007003737041213950091354960484074971169264624447640839013486341401892,0.000000001240529548116996498815501784766001801259745119552024744107797672196180929468379337299764882916501488908905616874775429341991001679217114263039021846979741716581422957678372489467167914625773175278870310451217295794080107996109621688936099629391573082525497903451305234515581109531,1.92940581766821402677222141045241491571114645105839735570406134823131578008852695221849146922549989857563696491121682768291400989463410454653380618862309237900429062343521672978573560570979781226517754336055347523204189630815945001049579592640590567519339066912683280972464673224e-239
L128_gL2_translated_t51p65,charge_density_wave,True,True,True,True,True,0.000000000000000000000000000000000000000000000000000000000001277063816840750137240197722036239301905666668961116195864223761795942952270452385399955020102722456170921160150538625571746277139725867561001874513952226780322346922512923890649242508870398822029125205542439868041649513540388520625296227804533657856452272056013150731530819366426,0.0000000000000000000000000000000000000000000000000000000000001266107629873972506100068502932315390116702734254481913567565963552894670915898865613425912595105995702242859910717832350590546459244166926934806568091750422270701647097988022989092601508923702503043621319108021361513580123839036206667398549911387323697061974184502213320556248072,0.000000000000000000000000000000000000000000000000000000000002077179059651432129021651470554665657655996719170532285078392949762738351586372318384536041665142043988105792202755936953170345117197344881701104478192276611012009376735624125027061472063253042530281933402770876396000205307732628504987357494540790287289312256023414727488126213207,1.9314130871398326260628940350201719256960329830262807988636967530050132320060829390587997247999255260511293502046258367875573352975278376008326948086414409614598779459404467688963468407699784510956149122018168494172355071304376732810164898424569379050527719286350574034181402777e-239
L128_gL2_translated_t51p65,block_cell8,True,True,True,True,True,0.0000001363966763792965578371871066503091941203005795674703771039760700797110293221083088758405578662907636735986016640734543016322189791939466371991672245471963056318256882990994268815066624419032683717399242402866324687238478442117214031766240072311336483486550586323075990151243280928,0.000000002663243085076714375187427717100219189665800907870747974922587323965587867074435359835540929513832375974411610464728236700604349231341793531202449864592640827018291488686226401817664055613416825627585113107583796151979514846244973333370948069258309859285309427056714505858170945534,0.0000001364497448020114619454530631105638677717416757273271190554396766098793567621258440026884422624977064395393089292943341785941921953760132850827658622907639299103782099233294776004100463114710066145493242983191254457115168464390548695983622145995082198243527499326843167646943341894,1.931711330296947208007677945844016487893928717177747507734395481104684364046191386350858105465399161145284974036619120543498225909710699448090158519862940283174735002703277224188711172150861983177480249450454854447238692036299426941275519397207696936264900139557029382162329701066e-239
L128_gL2_translated_t51p65,block_cell24,True,True,True,True,True,0.000009439178339672630675981162773502041385724257023994087748363073798908445426664587646243354864900101115233105990366212638155529912122290777578762390934845358888173948089595065970209124373236015676030917415610673419566565861211775981447416956178229726955776642485617055962014295814849,0.000004626953043225872171704643169088421340189662701905091913946545219790864864763869816785792259716493757011346162907666949185854514213552329825835563394150866327571331722749067030746583134972569161148835992222797217246484417439030890073678837455896868051002604100540679508590965354426,0.000009651410518930190259086141639103877218907034123457797722466086987907276155087947611851172402123732753665869811685261457947254580590531243800192488993305463774467034701739158301684858382292280516708575163210301391214476332680062349104157958705201589144592990533210336591887865695071,1.932409672925263516854449126629260624915999587558006670098481033233876737805868031028386879591398685375084488535840448844388807430116394707183619036128695707614752355229530215611017567270755230663587044120260516617060989345925252221023423986845549844863989439790082561459537054087e-239
L128_gL2_translated_t55p04,charge_density_wave,True,True,True,True,True,0.0000000000000000000000000000000000000000000000000000000000000001621027937673282313005014997714744136830435824575336527270412854368039176479597926285135096090854946932175613189784962386720723649411162383003535221390154076495241418064459199374998235864994458365089843475169324055558744213152797995395185085090970213714278747452352821037866700749,0.00000000000000000000000000000000000000000000000000000000000000001561390116725291306279162591810388957841047246008233532990646011352310813275367690454382306314082700329293647266135117122594967719640302218384118603009096010918228848121142360826015089237025030436213191080213615135800995578951354406025247590774611747288600756481022135744046248352,0.0000000000000000000000000000000000000000000000000000000000000002594033029673435117187045066645961312311906075489420544204685149714304019875897030383806112968018646997192216346245156261234497493986813005032020499892425526635383289609709153404308264722373927066785330449806348429675180618192129853411446204093452998812740936486431212718408682445,1.9314130871398326260628940350201719256960329830262807988636967530050132320060829390587997247999255260511293502046258367875573352975278376008326948086414409614598779459404467688963468407699784510956149122018168494172355071304376732810164898424569379050527719286350574034181402777e-239
L128_gL2_translated_t55p04,block_cell8,True,True,True,True,True,0.0000000808564286233009395520942338586609024822093525803604860718235737164401590794392108870911213034114515456170715988970323639564696420515761599404401135015672532993160836025816134150913055557376930737809656700347006781218416498469223161556211835976646205141087657608356428470558641945,0.0000000000002200686768332982599945245768905410324952479488915199962432872382644169347452644357405197520934912571303623135842190388161060343838393957420600437458962327055080617944244247996813338895419112455421829846281331033005273681295188227398491076297496956378680891978638486419877828267879,0.00000008085643861381890436228764390741603527405555025041018027237087820234027033379379927626298385740081896334298780396296268999299162886088758098100586460100053510038358849536130771647284865365645138518332053853673648464845896707671632546903055463529564420154150253622071649588183557207,1.9314130871398326260628940350201719256960329830262807988636967530050132320060829390587997247999255260511293502046258367875573352975278376008326948086414409614598779459404467688963468407699784510956149122018168494172355071304376732810164898424569379050527719286350574034181402777e-239
L128_gL2_translated_t55p04,block_cell24,True,True,True,True,True,0.000004511094064028729065232762365318311190416760233844279340263802778188377879469377643905987388313673925379357673546141896086216254500544849677914239373506768577314718935779048901649589886734023727059741763921159107000121058090923095356887423426235942484813333260987814370247779516484,0.0000000005213243272980978317623383552445048568996974670531094743239059738555953185242895736398795006088690137262764838553727587343598565280677195251198329798988215089284840701250022678534859110556209475442743163172557563685871708759294634887398491076297496956378680891978638486419877613078,0.000004511124708940083013318850052237048419457895210546345241229286128221780648004224750048527179023221698709270950550061989982475683870747334117421744398268910753249276427592288746814354587896039866415672618861292345742723327713114882128068581098084167208303510238349046189472440552273,1.9314130871398326260628940350201719256960329830262807988636967530050132320060829390587997247999255260511293502046258367875573352975278376008326948086414409614598779459404467688963468407699784510956149122018168494172355071304376732810164898424569379050527719286350574034181402777e-239
L128_gL4_edge_t65p70,charge_density_wave,True,True,True,True,True,0.00000000000000000000000000000000000000000000000000000000000000000000000000009164804648762306889518327774105129145134605120385379278565886806900388608585402830500067483839953097492803544447328885672702495177428993145788213093864371141540842206608459339134590943191839535574657804179681694971700920595987273399641681189754247539153595334546893004677936608136,0.0000000000000000000000000000000000000000000000000000000000000000000000000000079794844585212540921321676166631683566058154486396737408495151965596316558980143408315927607638922143896094024001228766700762693517513707891553500916915557260282643926467737234047171583676237117442351400979878486495752030276042014905218448653369922648121844020010923026626373956,0.0000000000000000000000000000000000000000000000000000000000000000000000000001401135956209478406844851997964456562010017039131594326509589130358802525404908316404168951124146360209332366965716225843731625512153866385692828325235871644513606416401437144502618809228143918927911545621841954834139828587141365114543176806062450339307046673657514120887496876149,1.927961772178491828233124394739347266549545332075989052989228190798139954207168180876459720199685537212127406156787153777790210175193857159186436283550852687768077468892136870845029226505394154815958419840624229127199363247390788010368662013862956889532241986842050083944126345205e-239
L128_gL4_edge_t65p70,left,True,True,True,True,True,0.000000017782336219273970351336492120679836125650258512374399118930621970471313984591672539046142981578931348195267666071727243878763100153073050879893471367899862856547058091947021788339412103002347408540565325567373449947925497146112527340160764101138271912286142054499162382309705683,0.00000001357094100264176826537474384490024490120146961985264712363167952554991924460521667962460737123413579502806033761140045483739326567252256873265248881347324031281032071659357719163736150207802955855960524208485265559192635748553195126087338721029074429359330633203728412122535323295,0.00000001857165420456672315632332897285444057683605815855371820159839207134088296755096906880017035863302154769562047671307498027494551040172557556903282244289314240506497071810118759495218870933926970237539027915851975936665313117346594347229970387372056626364395231637356530356331526805,1.92746985181834374693441359513747455938185305721196985062303344395707853157369919034696627096768905910912170481506352683310050798602239291345887925904037274133464725976176216803463675335550955732089185890085302642177341675020356058838020110396956366202453482321693267263545047832e-239
L128_gL4_edge_t65p70,right,True,True,True,True,True,0.0000001073995571678860898653601054575680130953300401496272570122722148565370755058753129087154633101956051046844973300010825915934887135406266355501865724339365855944230542739623428061604671678230986818165551159490442120113442271010900918630466013664902215786202922615972394756991237521,0.00000003120308605257903585987253857734490705556375308166937149748126099327587708976963259744326170280274273637786428719286545538205219245890652008269569213114638432915925007185305308327112057881901789904931788287330036403301098847303010579466357885844747223405802259385772159784615397591,0.000001176739101492222351562386373387755948173824474691534084384838916328085374028664800258205752138979838954198804710071673349948413146824781930853723096186566696337560462770498955319920121566145374494785609694434406306513133655400353154511790766649119894370613563908267041330956857027,1.903763218149527485865226922986404954185447535685176913219410653108661319105979061524907544532227863842479196863871660897707511015182712322113698614362749104501736379187220618402490516971775032533986846237905965616599998934619276460584013441583544298864862155199655487601612794309e-239
L128_gL4_edge_t65p80,charge_density_wave,True,True,True,True,True,0.00000000000000000000000000000000000000000000000000000000000000000000000000007033901126086622526200070725295544637987871100139520808724547313185764281510950873708185843331705058406801175081314797307646881153488361834875725306795644026638146475439084819072573016949987704142613158705284534253027166943122875430421499284640862569630727208560102288811489179713,0.000000000000000000000000000000000000000000000000000000000000000000000000000006119875667357039645126600322125463817595242823527890292097126665316400673330349413518300278442001281450665273054038157279617095609455161651073246634396745084667119392646773723404717158367623711744235140097181437463840255344852961432565065495639272012922766953160743736273981829062,0.0000000000000000000000000000000000000000000000000000000000000000000000000001074945078967783381471655460453070708978068968811820559372661458457078774577975226900395649331812030116212389702276821682845183067095625112965665772553269310058973525491809119351835151847667178516118390817674120185330188700009677350726394422114637641481896272472769347975796587226,1.927961772178491828233124394739347266549545332075989052989228190798139954207168180876459720199685537212127406156787153777790210175193857159186436283550852687768077468892136870845029226505394154815958419840624229127199363247390788010368662013862956889532241986842050083944126345205e-239
L128_gL4_edge_t65p80,left,True,True,True,True,True,0.00000001364715588641405601326955481380723590323530999979069375437659201757086589019316175183996369466994348668780276128247355261661746982096308943549843833839191141332138371950788596430683972827840553493959270478650187603545686678233048356916161749918184693359267129571892008352739286731,0.000000008818247335000845111795726164250042911774928508656481563089185247117867350636467552837953378255537958774478189768584880678364960777708837722379794110302916332564199720060311725005238938952582913533792701287172810452009483703328425267376529240106884141652029996182341743913912167266,0.00000001410508920173512299360353579532850551496783062673687861136846670952642462078392701114406369077818931528928214054651955422974576154400141699357401475419343555055849026551962866558471391218119351719937533194836874889026868890817611298359207974844260090255147481418870309450858969265,1.928668978557359100686430394001705851064435227381671037811055918365478224173634577974976653419832036855913494750988736842674649741415948674539322023572224181209283880813100328549077929801279733101821369549152813404771358275143065298800375339837771536167413214840816597428573601783e-239
L128_gL4_edge_t65p80,right,True,True,True,True,True,0.0000001028147319004090791094696653321787032041529149344690192946674332985056954056386073310077348792834551828999912600845334895225762159009958369270177921860981292625628573636767298671571833724898688110284892005653316626637041726318593238874216707974450241795497490795530011313198832963,0.00000004776812341465578190548452653287641677294972949936248284549004187079899673862385889782636617354627824996521349339577960807517951016913621526579282032915662313377221625209436731407504033785622631348426059600001688529363145504191736651661860193398205467912834115330862681257715671099,0.00000100608244007834592749318578187895291702259997269981894931105062344645773540015834264961644490609460218311979950379370735763879037142342245231666026686291012546313921321579448858040932955797653794734979524441316956196295188301446087733762433900189082619999575090984791564718712751,1.904484762008609914364780020145462093707709340182038084961849714534077214686987798364534995414616753672223125749231763903288633820527043058913771916729726264181887570104329856889160491574213961570237736556669302705683798739400192309773633249880512187432778171683969486339007000395e-239
L128_gL4_edge_t65p85,charge_density_wave,True,True,True,True,True,0.00000000000000000000000000000000000000000000000000000000000000000000000000006162157331624161246120391460350853773279430959667671673704973191387667292428742277462577384953705813879240210504029895079005255247378943500108411692536627655534753188100852855199522788289144223228345392777760521570888336727863441064178927247423678110195583635507997837356309379813,0.000000000000000000000000000000000000000000000000000000000000000000000000000005359529532723247849538647052917120097406259685870475192922785489197694529871658013978647025908124824611073540304417361877065040672172599746868505346891942320333724392646773723404717158367623711744235140096605637372168505231880247554542893042809791485816168370446811626885060607006,0.0000000000000000000000000000000000000000000000000000000000000000000000000000941541306487174829417896738898550464741884809927928537989054742754952965709521046076528636784403403956725436684245901221071968868584553701344218040422544330875607327591904347208550581627770961620623523828204545927349047378752007523812145943157990164877409059892102438766687582766,1.927961772178491828233124394739347266549545332075989052989228190798139954207168180876459720199685537212127406156787153777790210175193857159186436283550852687768077468892136870845029226505394154815958419840624229127199363247390788010368662013862956889532241986842050083944126345205e-239
L128_gL4_edge_t65p85,left,True,True,True,True,True,0.00000001195089177382905290773981399826313412927904923441209872774584738014620583835059415572846417112671792593430094136553175361086274669788480524926295812309372611691465545274049768318196507370058121126123976760366566987046087355861846983666827961989833556929326066536367271643532790945,0.000000007078433054659758889752244593755056499787245568781205168129241550036804068188524517395184156964081941914932170705705491305707064036182471842843656402605026299369096091317631150314048300463632633341314095416531178523541253622320940118448231431006954548468826073522895880773143586111,0.00000001229993795152540244899579177942209924156635924907835920776480717887917057770028712981177073922798892420540363993252962363222859722737316372754027686625016620416176076771717763052413343177706430462485841218040464238367455933584945546672353574306513455229018436030466117987600464975,1.928845476636540320768517454874461565795989135645726360108925712825604284201727617307176419457325984925909687168640169895699170157465243321177168616301741501678690374957926977572835852797068738425291795578394586724472497268692616121625072866645934858906196166034517672793140091246e-239
L128_gL4_edge_t65p85,right,True,True,True,True,True,0.0000001032522562211458385439354696082884273611885808780444604852495701979510094960557144959785039747591154140726755957085290343567904741863886104961818437672907401853906361879279727032710135056125148626566856555603450383746866986539217705297880996232256995918463499118084015193736232931,0.00000005847278719669818821692476460010690418854007066020355279353939422160429923937912434727601770436000539897687536478428047893362526941049022428174944839981966223241970645861782295065828925759415791258605584162644153959597089899846513717549787651957956007027177274777641149000826310382,0.000000942300542527927741866352803863067974427420337639297950060299485275682639439589201714441170670092923529575652648249353594671572792020186574786451782692106900429236500999953133159164845956556108279996600663309739495700855597437480824700969825503527942979039688629966373917122731832,1.905723718193866905298960444315558623769318684447741268289622122675583239896057574193784890069735285429150074443776911319889387891142878413003240695265765676377865411019471153161459193970837610120436608709804101650640121569551777351992875734071826457870645323579274242207910478072e-239
L128_gL4_edge_t65p95,charge_density_wave,True,True,True,True,True,0.0000000000000000000000000000000000000000000000000000000000000000000000000000472939761969298533065227451538890412837638736926712423914345528098773734320705828367458579554388470714630146103654837502756915633528739872063036556564923019120518964839140309453343560068260477840892247055511659375730002286519254413402641472078934926919301741661452419492231205226,0.000000000000000000000000000000000000000000000000000000000000000000000000000004110504982746020080296627220122126146084536971676710644805880392463274081393839130337461604483068569450473098091284486625716847092383470007955552084023630039724757392646773723404717158367623711744235140099560470475763517280733500667568725965144065159513489940552438933910575520169,0.00000000000000000000000000000000000000000000000000000000000000000000000000007223468564030248726901383618036732339357754078574963004999656231910463248381534107020425178124990506885530793491738968574330701093858860531671661569239920426429715548226660856600657650768074099271778487339784576456850504088462717055588926473668094202641917503200022767682708954956,1.927961772178491828233124394739347266549545332075989052989228190798139954207168180876459720199685537212127406156787153777790210175193857159186436283550852687768077468892136870845029226505394154815958419840624229127199363247390788010368662013862956889532241986842050083944126345205e-239
L128_gL4_edge_t65p95,left,True,True,True,True,True,0.000000009160114599247976209371349282534292307651226454220386059723483984697845612942001041741841769241041382407297166727080690642143413315172840336517834582779839200658265287122004392392801022699528220153648627968454556698702803182341497397233735117069495631217435592659258321973232060295,0.000000004529549925559106405820197929027012660049512840263624821560379039886062668847118444494845028400337668953281843231698763910391525982467904038675761048884890772919105875471502093495869684606113620865270259627004419149225193800593474809405138325744915112046701240398460499485182099332,0.0000000093631624481962200886904823974442997458361083085037998854840007003590570246999449762421544879986049049189985781698914678630389952522330207585520334504620895830987359469317697044860247330081926041924452476369263458623194364138572931579049314184671624591948323252814230049423267063,1.928634122499541127601288782553783541932249492552106509921674760840146354094065724604935072321770061376434224549340794205484728629545766625212072744319154895846076530365520396136028813270560182040556004521997097565815657770171581273401108567750036969000843828305028586446893211708e-239
L128_gL4_edge_t65p95,right,True,True,True,True,True,0.0000001094024625627484467662844243095490763542825717582988283323552789807110612831621212260335207276390780161503435078970551869098758835347003044465797718633278652367770760400101033483219774034952416587112382006178524281821722901293879268551900065300946945587137238397868384889496415203,0.00000008563410576361593868519767894057238723493266022857596424668949868450761625659406011968599572957501179905390406189561407662354549190316816427234034311529364202944838414750544120661114437657136434021395436869106630615902820970045543207634248528649592097900344498909839312064156460712,0.0000008468260769775028374032694010560869715536311514973621360089515537897476911476095825972951115378403443653998162694692761412213868481048268652286185985103921817566537529805837564040061263240664259963177596900116860408188644037076639860333164413772297151092999784205449350772807527268,1.9057722838426652636027731688534594621102139269849243059442655899313020001105378515072609803788621106748942878355439773212422598123513580076539437310404433249576209369614355729209439109316101800581430278692582888535293557358118636076287715508668802575205205193408046340577008127e-239
L128_gL4_edge_t67p60,charge_density_wave,True,True,True,True,True,0.000000000000000000000000000000000000000000000000000000000000000000000000000000600497200200866126595043693745720678563019506479255167334781498524366524389849861828656538951431643343284925418392661404807837270688194805107261445866200278879895175828121708166680545913753638227468914102257254771841636288883323824283098900439161470122899301632294842778496554136,0.00000000000000000000000000000000000000000000000000000000000000000000000000000005159955162450575480781562145867640433337709909028146390459144438511152064192845202665911290350716829216063637711396902869395552556152232840067449284370741056131539264677372340471715836762371174423514009679843639866960973425769438284654720260268253250476528121253528200819443277484,0.0000000000000000000000000000000000000000000000000000000000000000000000000000009114658738672728182166258879913117187863545264012467642025787315080816733556978998836531669115036066311814136455273701620335147872987530387243420172357863000585024205882726597738972040630839762827403954016945796784114020014434953820966253845860250627542929333831492628987815802891,1.927961772178491828233124394739347266549545332075989052989228190798139954207168180876459720199685537212127406156787153777790210175193857159186436283550852687768077468892136870845029226505394154815958419840624229127199363247390788010368662013862956889532241986842050083944126345205e-239
L128_gL4_edge_t67p60,left,True,True,True,True,True,0.0000003509228639547972426946792994710303130744471851723784082495693086092575794921347059167135747096675833773934777729771816473118904385479994381601188630087702506122231624998749384065354845892735023554648699460076732011055534055733534881535765536868694004116282087856419568508062459887,0.000000005033068739961384007807324462939574067082591042392223022645274370719876632661280959251423595429043613332486149010016482250244491307291802032974730377713631389380731795683281777501723228930005145065875722899429855490522230575982731567345903293677296757412936735331904731606300448013,0.0000003510147116000936999569654096390694306571241431855023078955867888050840170549154809658650685376332151704872257908152000271769391527218953235868589434568391138532879650171912593967034233046435008392422555287388178428477069581634287607554573241486455039437855878257359620059587310588,1.927902958845944764652943639568804079709819602683362979300895457901774002638110985762484328759131997451855044479990843491364354808063826310736087971203016714864760196096493251525005895205475653016381709204311368192796133161703096085034792933521352856618559112384254769171129771253e-239
L128_gL4_edge_t67p60,right,True,True,True,True,True,0.00000003563015785537910164175306574325136826118019913576184732730812838167447991972109172400948659077756522194060216993929520007464493579731561151707202251875287853123333966939448813283534874981609114933627770813095816261706874289226896196014835712971270602358450886294522309153314802751,0.00000002700382748047392298610333965738180623219873985403143741515622551085299582348987284068249458597047533421093797145835537636607352062697812468980225522592845792056713564651432783974784985511222928145672393752550266839659872490070938863741880132894642328149348695776342749874313750092,0.00000003716747257565182292480325201266928040756954470678956410761394518497240878969516264368468592124800345976515526241990996047240225300609625519859247537591977212101354591463018978660842838111515957442216769275160825256474238593899759288255804737166239179936963538426447696475894900333,1.927489880331513167508319888655980731082954815710996901158603356956898224512245557173221770916522414882350019759794635296550103742898413350448032152541505166846198951953615071387355250695716460298991383605261277144937682218101699042289362602376613678122578360304475681867951914362e-239
L128_gL4_edge_t67p70,charge_density_wave,True,True,True,True,True,0.0000000000000000000000000000000000000000000000000000000000000000000000000000004608759233113408767277152233126777941386623246701620841783406165252853366707483774218491306902962406751092752115743544968652848942581272727173229658934901700399683421105726509512169536205964149240161645964067864614120245716773512743656713876722566884220733646834767104250715289278,0.00000000000000000000000000000000000000000000000000000000000000000000000000000003957517872542912288501796006714546160333372905504442437777578853034724092708256200165312996668105169636051842861420284768059596610404624196343728014674289605496939264677372340471715836762371174423514009823701627501271316783817825405873920269180322494535354320356023087125032564694,0.0000000000000000000000000000000000000000000000000000000000000000000000000000006992806184482681536570956706870026388886752606067800053898299997757480731503676719890374148261707330081993132416335510031636601463061364820001683472002676617194664190349162847134128013744542246582749260724655516019917254139768454173751868009097726680783337934916590673038822876581,1.927961772178491828233124394739347266549545332075989052989228190798139954207168180876459720199685537212127406156787153777790210175193857159186436283550852687768077468892136870845029226505394154815958419840624229127199363247390788010368662013862956889532241986842050083944126345205e-239
L128_gL4_edge_t67p70,left,True,True,True,True,True,0.0000002686410297732992218540090157568626359105706084364492721417829753247883790442438633492054500920668722149339132391471904147430692567831473854581968521972322367837489697862807537225671056386491110197406953366890689244420022457490726884379783731348551494400094714861787363938331568682,0.00000000305170858188950129900418868580154425480005418617567562829476579133160112856292547656795743435784097095716619644682460254559496435622023702041344109313664780055710230986652988780283914459819517094856220194589398656091442536538536906922580526354241871797877074200380156741486297909,0.0000002686948391570500543300065660993660467519242645159367118418503641702721768513215062735679621343908214155251024147908458743019408502008068542632036986823070987049070009954028912397707605452330992124114207568403352662809270142690505501856778684396658425286922750841077808288513490719,1.927190907002774281960500803261586058627378120733267244769717682498023173685796941511780100422128235482550216148789009418697612810961442971713276871137715530038064197883732260814513254888999558644152264682760537321517633921806355467037238532855604449475996750781629058180740519555e-239
L128_gL4_edge_t67p70,right,True,True,True,True,True,0.00000002732609596007672319853588730563652030359873403961453129095402192294244908940073746904324999604724425547030277681100674140476831530494147917338113041106969291372037534955736651567445801498426379013159872916738026229317762778586881515246154923302199743823646439151522533539473306456,0.00000001751063031909813244397006255555375835815458353323266566481309720494764757581472193754658304079974779568012378548577205603343256758462207438332859775027945565389475569617826693331446790700813136931395682549062021380173859579345550010060333132623475629252460929553220060248199675617,0.0000000282169905272064562113779916234271564750048677132165414237673578642007188595100781475415002237788707192612420946841728202202249672604620966710467603003435981775815195581629002020815524203147664115543713707470876804173404325705702365880379485643504039711877148719908955745966967642,1.928550695166526300035550409989236856214935709537127434865548230927670155447809600154454768564891763381997858802556131429101629657159752299674572053688216819900886645662440426605499742708218729064373173207772003434657964033627462755036477119516758859175649709857552559273408116418e-239
L128_gL4_edge_t67p75,charge_density_wave,True,True,True,True,True,0.0000000000000000000000000000000000000000000000000000000000000000000000000000004037574392585451537368354843570770540325682236228346963965451425393387869264856399050961079233059180603534548193212005007564678499664954151649200629975785609595567562603683359069075726436749776010907842198714884821094133895775303249260999814580392954570278878542805308895468418387,0.00000000000000000000000000000000000000000000000000000000000000000000000000000003465864179300529476503078575417954508783515298984990655163952399193549121904743270349910447930492613465840261922021596165933606591745288894711821918463696747042239264677372340471715836762371174423514009929267548919268512147808712698124233815475809855328398167247640391412181561262,0.0000000000000000000000000000000000000000000000000000000000000000000000000000006125014595413906471141149939278579586794632176579781404173209217966116826408828760589759398931769375920660536218278216231213938764178495227880493061703054924898800714422378435190655365721955239444739919656173785912916144393012000572092562499838441864234994178980770996387687577166,1.927961772178491828233124394739347266549545332075989052989228190798139954207168180876459720199685537212127406156787153777790210175193857159186436283550852687768077468892136870845029226505394154815958419840624229127199363247390788010368662013862956889532241986842050083944126345205e-239
L128_gL4_edge_t67p75,left,True,True,True,True,True,0.000009382787413533026860490525205534180225818986402956727792956789817353896626660540998298033863374949411986217716726148169448219859620276610133169357672018978041954227263323152726223262150068273254844535512949354258827586207947611180063012449387463661060242184004264393818436410464088,0.00000009386519091082205509851098006181375299663880984334095780811149249188684373336577614797190725397680332529358331954650019624809256659705500523613879943982665633636771539951761558187487999522241111037511943692229680105933209163961834314033257752092110923015538472763331784696985170011,0.000009384512306855428059293568142836779916546212297740167529893073340887133175171453319896203027235555216760826868187444937320432389744037216216385265389578395360640040332721916220790273755150470537584097376845003952846597283525389967822822267567992858441636603264490893409754236379111,1.927824949061013741272901107910614696060556824277141451129689823519996145711046001104870697874071283564566217511069861341846961704905267948622891086567709478644986607619058327474574014103126425521669223809506664934879055298415243920181097480227888816033713090665312733306473218705e-239
L128_gL4_edge_t67p75,right,True,True,True,True,True,0.00000002392186989694327442143051672983944516291145474517514697110573441217807886728225333564189576673890271466480943581592622244449075309959731891130218402188220747111017552193024511405853997509326458253870693310039085579133434746441816982652248614656725404825547676743528364089477461989,0.000000014042446945129240556866039740570093410211140499025805500905352417669797072567406922482007146319779567023446893160364421385075167782077295152814347085558270177076456858478639163312389394016310066609731952282192830112412549514362358889369836484843520799954537075897031210073345686,0.00000002460055173443058969601573055244802745871133869633502562553666068522021863433218122253112766828945305606643836286422063103436998985013998262732496113391995218038333850648801664144166253692701178844938060084798315843741427689954461074542471967669672986359354913429367371121226969614,1.927459384901514351509808900860643940543847130377417773042354726913054868747066374628274906670263163638008778217200919989916416460345373198542577923555035536230311863241903614245206469867045819287091271395401378380241489696970157671563453438038350657180670380571451700166957933846e-239
L128_gL4_edge_t67p85,charge_density_wave,True,True,True,True,True,0.0000000000000000000000000000000000000000000000000000000000000000000000000000003098800162607216648935178510280085465590578431634055069402928266838127899714366075870160819643000443204494100965058790651640016142464787115805209246086879808436217047994816073837447705542079035881092914755629385650997089260603813025975336622548912067343813822426921467273452805498,0.00000000000000000000000000000000000000000000000000000000000000000000000000000002658209466704440017145081308401522465080746583325362870225090899037999950474759499179618737430944432940573050242072060783655772810824535254765319262063631914149639264677372340471715836762371174423514009796624710672923216971747085526207919490974493264863325082809687555387114150594,0.0000000000000000000000000000000000000000000000000000000000000000000000000000004699142287857173738019543197955789438369347198683864954981004114941575575380595282411718173692260066896158951165840742814983692080791492196994856219364776530795613838636745205360543113686053254510006538299759888573263607380694182767201053452298450930552604395858089698906055893629,1.927961772178491828233124394739347266549545332075989052989228190798139954207168180876459720199685537212127406156787153777790210175193857159186436283550852687768077468892136870845029226505394154815958419840624229127199363247390788010368662013862956889532241986842050083944126345205e-239
L128_gL4_edge_t67p85,left,True,True,True,True,True,0.000007181886462779830885308640697053235359950255826663422154628020549015466305078575035933511814902830582673796417304929127681264193955232782401903802215714465855100072775765322151458943489486799325434013634147328358347706465415715489017958939662292198353697563470164342249846898592422,0.00000005680735231485105762840688671374976801504685116020011545420449425799406634077832974207184763144505823481358195250807979295017972857333805349543368440619881637117117268442966679511929492265471895506828144179587341964602012272919957294875343116654573654115889159017465605216959054801,0.000007182896910525745885007794810525906560511675861708624607884877720651555053170207117179073459893555132594520640533648018195483252711794781406136877716259063016522684881407256701629820052904079599851265394941809913229265924294742052055976355469875988314266399155593008838989245533766,1.927995711264376751617536690676025517460788665966473569130314552225016163814898901500294182951970839333514956519591537128576032914325968922884004728525155644524034870952734337387338796880304708354280131107835749653901298007024681487024500899339590628054274910467309708506006312165e-239
L128_gL4_edge_t67p85,right,True,True,True,True,True,0.00000001832409861712738556886167252606412637655769335933954672847988442323880600102504939148335184929394801097267733594768019492868673776900350967421978361413463081587169707336701516716580211870476936396377161020134728727295244627696435703402351570411543376607386037081825062960901915144,0.000000008969809561185939137247826815205696056752404813336536635865486572406306673033425354983864821586864800514862972345572800997703360623706973275041499266170533588531434842353161646760503120022462990445751493149320562883125704300438938435145684702595222645987255314782698382233171622182,0.00000001871846690775920334086523208921018015194458666977146053401609870046171210156727839199060392083626549489978223105401873804812551024448234335562218355463128833605948893455619883630262324857207124245498963151253483196123331466977964188194035747612464439640756207796339627902466292033,1.929662699070292395117533897010453267455970096409356067148338194968425317872457876859028902875761998716102214904736634044223762861789998053627231618708581483252740058804053115412932979386257784051598757043738800079581752732085143832752873099306556277077013561298418872222172779341e-239
L128_gL4_translated_t38p40,charge_density_wave,True,True,True,True,True,0.000000000000000000000000000000000000000000002173489071946284908208798504984791486391461856400619695201167419904820983911775780943353329557766288426492167153738614891095770351724505315364538958312567789993658284506427464414089461681880666573574041151595711802055937938944122531344833906151240471108865431226832013138194177653,0.0000000000000000000000000000000000000000000002435212224959540715636117693720538592436300138003847004732186424021050902503261398141330328595122210254691264542753877210821723280376284673072143817133418999684796033678832572035601939915992406443926467737234047171583676237117442351400978987364459741852303466763025082262038411124,0.000000000000000000000000000000000000000000003815660114388761501045407499733356720128439031174379331287734966433212146146031884524099784340475250338393396806610155608205583570820543275966762288577446875469092371146534427814107944402974389373323247768224649545140867993275415499778708302195219707187861521286449270631400439767,1.927961772178491828233124394739347266549545332075989052989228190798139954207168180876459720199685537212127406156787153777790210175193857159186436283550852687768077468892136870845029226505394154815958419840624229127199363247390788010368662013862956889532241986842050083944126345205e-239
L128_gL4_translated_t38p40,block_cell8,True,True,True,True,True,0.00000003170087188443137372663417943599928257669742332510815490246674255615980333624005142350738443224042575933003277318053328762436323415424808696277555291497865397396769141861827770454773647129278261990935351073047997001992761955218039658140999051994389118640786810353834195130838944419,0.000000006561351031981225184769571893135421822379417264346794247538408082433529408215782690939288327835575708164386654684292943325659397052834286346590864291364191440614740171487371778357422446900550640506237416053389306433628342813283778823920205948545727852174226593265785057193481079435,0.0000007272892243721285972201010396731142063120239673578779147356729091219299538332786693270689761866180629102274885149122514676157164926550690117617468065360618475520960464065859142111957419902431789459805561149470274262565469479557868603473791167724679167229011582062721033884089528746,1.834466194604018973550197718170388623552397784210772941321103919043089634440502967547355643247641081684033480683807515568642748400025120650096139429039539965702118639432511191178403693015542330984830829019784954210496221106556989234646655456675138623620833332634269265271414785643e-239
L128_gL4_translated_t38p40,block_cell24,True,True,True,True,True,0.000000000000003122304392573368640321021939686431336518866578883829672800616537094540109824902828511495269561258022545208406663612888279114602268976853261806835798370346045557819661201191259447132599895910898221989524664676988001309210129783331234045126325390351070960678676125552417766473956177,0.0000000000000005134057669624804788519387946169782182329295592036216226919033790387485061844308714272419417168604559393273967136396449882053395547690841493188402979355732609911100474442219834699803962940994819032792319573287971935598660952237002400832264693229603083643598449866830576845752689557,0.00000000000001634971786019699603753264078969684747781053930219329288757494956181602695472569904832670214691406433647188986917365960354903265402662146995843419601490958038849047169960550735808892004788755726177208420231252904240015614854880160388751091914022899600558643501438308039025297030806,1.811154110311110349476405946607816276957336783935483399965661775909692553568554594721547144443540920953130796492703464776493020264734553559530388985234370955165507094872468090062732230848675388196514977845053767191800616092883206840634959291733212880888269007206175881313544099257e-239
L128_gL4_translated_t49p65,charge_density_wave,True,True,True,True,True,0.0000000000000000000000000000000000000000000000000000000002557941482109722936879242087757239185785275149870800886445754681251459803587152098973581128985262112087656228346964298991786365881883115301906035605017863626075512626548750477507024645262046329004786809766901811428767707389497899105153435063075962669191105270803505555529463007263,0.00000000000000000000000000000000000000000000000000000000002537962912435914955138223778725754510194952575346399960530433945380494742350610745167659114328718051215010503753269627602095696705970531133367072484103822263242338017147257893839912339264677372340471715836762371174423514009971329452553023601665707518291908019669940468304904446655,0.0000000000000000000000000000000000000000000000000000000004200860703430960402073318874299607917731152953311493465909095179982042239662601341738551414381485131350027891915261552439963128842424868353535692363373365798097385863733458816943094504204880871664472711780627955221461523866244854872605555681826909314238732371673215598625863736592,1.927961772178491828233124394739347266549545332075989052989228190798139954207168180876459720199685537212127406156787153777790210175193857159186436283550852687768077468892136870845029226505394154815958419840624229127199363247390788010368662013862956889532241986842050083944126345205e-239
L128_gL4_translated_t49p65,block_cell8,True,True,True,True,True,0.000000001179191816498607773031229323026598037085360557167676661938459805581635387026164685646286419688939213637457913306874214875394597783748328811895421601145835442743002941300405792589161458732703248242770443423303883970190187040514699741609423590296519217713274574743346885498381605036,0.0000000007723762279540831892806537859282639653138039795389493888650935598388017545631452243517179512855752746111691532184983609835374819204017434689365506319832592023825559163001154160794818909949909582227712168008220090679565983245532108918318557310895461022817631844205794436353657238925,0.000000001229228113667658032884232760796153152272961556212568260675602251110523637166746811827214597897874484245338616676278429523785295021278952327596168826840238088667032883179586994032020856304379118497120527317047254969587112327358594176340920487645657084165048166585560041814438054759,1.929939893922786444259513893211144578666113966737672408335525908145318622711396521358060218639362972071226080962072876611595672993953805593329761302257368462376085140967297909362547107873877067078374745331673903852416175056966012668680615048294891960392379052820604878263261998257e-239
L128_gL4_translated_t49p65,block_cell24,True,True,True,True,True,0.0000000273559069456758351226292852333646835347223473717931848072302225008669099708680073966454281472548822935818469234581332703226738234368961394808403975829557104305123466031150686824459642186654121497763767072635996068982526126174911406109597724140038845594031828018385385035535974474,0.0000000000636428621138626612995437274596843867261242628894700969847376121733570662219920137060523884229739531995715123003753817155564749049911012279648751027666425304436678613418239286834197307881263277621981812840481200205501980771614282025853031927707713246679024533907285966231501585025,0.0000002516631049646016904425927661733613742621656062499229132173629773692505817194396038918792140037810377034410810947812567814426834665576692456451735334227633034372265068326394958787759166663153285832379559175437076718951848949854676568400447150212580047561412324381471374572038613615,1.906031954226330930704449186133955543131104130651956272783971103049548141881628845642434323788313682252435205283605326506515896678327142354378452112734953186199566187274500929124393435156197393667476393112800058741122912843462359109479665959150195453912481090764247609286558280087e-239
L128_gL4_translated_t49p75,charge_density_wave,True,True,True,True,True,0.0000000000000000000000000000000000000000000000000000000001963196430006806985618996565018954990763906532798930137846795524324646654040667814955004833486310693793476214903832482409381241846961782034212199474986426187512772181409879094135126056072454481071746121279475799438309975908012326759859200021899330382201015666032478241781342216278,0.00000000000000000000000000000000000000000000000000000000001946020975791433947774521370258808595316242556552614126455493392466345305624033157538806818277033282203744195408941143684733337136426583348993121328725107827984525697298177893859817739264677372340471715836762371174423514009826961711251230941941416141382417880458351519010799918309,0.0000000000000000000000000000000000000000000000000000000003222449117992790965093930905960691239071550327037981420564048155505236569134100788511658135892484473705068781103478443959827643441949898113096882164780924713683014295963261884277656790721001773447549587959749555888393507135931724238445320346021225828978734992832596368347944456351,1.927961772178491828233124394739347266549545332075989052989228190798139954207168180876459720199685537212127406156787153777790210175193857159186436283550852687768077468892136870845029226505394154815958419840624229127199363247390788010368662013862956889532241986842050083944126345205e-239
L128_gL4_translated_t49p75,block_cell8,True,True,True,True,True,0.0000000009049018222284638920090821016297401491973631053433062768401005414996209189634581251171234876727388998313081499154198481410265344196901276600110522669370817021999730514307995260830074357917690545986768230155265330522051617325076132959698967665312766402454931249200783736826026479719,0.0000000005011689107324503634904936491404166954427236676382493429269981806992887887152036556040020652342080079409431891851999768802753461743732595354662016755365608692729362785837527354203832802969030078795970116990255002340690035135989208807246296593905208245439289878239117789864223200911,0.0000000009339653502875628880730516808917417709920750867300741966598982218498825717308318312882340683933095375431927917100108137320201095728659957469961503229041864050310121743780481937704353363406865789357840602747808917915771918465080253796351941205003393660739470685739331692543472884006,1.927291424637164771664857123265597151408721561550641081022457782582342365820098725271306655520244350730855037648596681501232047613172098780717181037364573875783678485763990079720847078518147988865318869378972521031174959594851354064770377417462058213156961700657752143172612006118e-239
L128_gL4_translated_t49p75,block_cell24,True,True,True,True,True,0.00000002191935595251439147761904562408651714033236448790165860987759974206114324869174789050675068387560078633599622453507392473838678224665918887710417602985550516832672303807483383940052293204365782460038863481936446114020126731648590387236915174539517934124110079336402123601213766628,0.0000000007784813543572187566540945840800323576562309540234901873656812223364708187456293709553168408350860317766699983356546104586686845920672198712451206301520857540454559511860005426264832511663001918379040862240057363441596386057316357791061368303109417260330073662365687225037131253927,0.0000001933693050327779849642605627156744934510354727391344189836353503042693922182587886275909534782484439429701469665327963452088587348683914058684517101908724136284862846123096839973649575364482808312855696425655579293718890309396624526598974457082101987961300479408497125199815330384,1.905044021245451083695573953054580789255196269947516082801022528026786705826051503384599837661804174069950454905014301436398551916641033781442070954370009893791861542555932748627784903102107067181101767494206451592944642653350423512116645990074388772053384549885917174851120437852e-239
L128_gL4_translated_t49p80,charge_density_wave,True,True,True,True,True,0.0000000000000000000000000000000000000000000000000000000001719888651139127592312017380909611235622962058209583942142381365162542699288204812613591446601455230599204492755939042312346258181716921640345801952920135838811990984933405238367670639657884899408151340621759239044053464120271754530642927107565318774165507898019547858651132982921,0.00000000000000000000000000000000000000000000000000000000001704036783557959791614038189174554087907706628978046394152834884466063451506443115921007454739913411076485050641502793827294046875018534084851987458319109229383303387988274549359184239264677372340471715836762371174423514009843844936467812246560954660591217580426892164647419920978,0.0000000000000000000000000000000000000000000000000000000002822345268603727409774472992123322957603062722658713329385398591235007326110501475585963948357508046646929627979726390595749626019628692622497362564761326649225716552973340703135541863731242233608110995810648960705351998997316260725249211251871174535352134005880992023242250671447,1.927961772178491828233124394739347266549545332075989052989228190798139954207168180876459720199685537212127406156787153777790210175193857159186436283550852687768077468892136870845029226505394154815958419840624229127199363247390788010368662013862956889532241986842050083944126345205e-239
L128_gL4_translated_t49p80,block_cell8,True,True,True,True,True,0.000009652450701273605006532979520850543193620209694448108593390020323356198192370272482860224324784184096893781489766112799939367804932182228599972444028853223662415689924506898109020286421947147951600409841791379445199355210192853875639550939671018383048462301499246495260228280120862,0.000005444664993097144538545361657766415517150056596640119947693060851881787259182888252135033335291381469619012669951556445444403872187340395154805724680405949867738940018539204851627948395318869287460667915704379948151519764798243750283302910729033492084048516155519641898266504078725,0.000009922864954224193599784373632229972972023713936199398956181542746388080719312533687386570272594131600350776156675851301629538242796615831987204566029738885972880393541902619122135477629597190750708292125253106774490350349913518173222611051731676118064797123487753919406260507954593,1.927862585719281501184544568919393582495646976308505395010260292642045806776796361991547813979370180080826494102281317834887872036913058738776559076365309489119727896296215799671980852960037715898462560823651443099990553636508896181018762430934695589233500725079813343660202203039e-239
L128_gL4_translated_t49p80,block_cell24,True,True,True,True,True,0.00000001980744646994875084256920786695783995877503298526745732623576270687046304626496547632275108685920624278370057386385892257958457867151002411867758287382683493493197407911889359261006107981325037867511478864567072399878205730938400843199464407312849790315698636012928921440295019153,0.000000001161992919186666816368912700184239467770696115966899965962733606581496534007807857663702483192822357146197892560721338813124964626558239777287994768174097353309689259104949818173561331468658494869250186184689981594418732242233911415477956585687561624188305964111103361134868378797,0.0000001696835521505061398036587604837143065460776907107020347326450045727130397656474442425264142015999158469865483253739794783764481247124586679061811665922667046312015740900833554538422376544753720732992705247185770435522011788254528142556843086609129363963535920294153909274331854014,1.903046957277358329124033692225854601810260395448154734201384797353550507348504346546375423350752622309809883059088924859666226919367502508774168363133869908618596218617717749580351038590979927778395244642320308834045643286143032559515938289677681241744038423996188605233336711814e-239
L128_gL4_translated_t49p90,charge_density_wave,True,True,True,True,True,0.0000000000000000000000000000000000000000000000000000000001319998630354588834328825246236965720119826672259925884109301209588929691683352992792237041364222659381903540114198538967867850333074737077432821780520821419249658092088162215488093361067554389584421458152364546366802186496652425627779100970350136687023512429210106017045048160408,0.00000000000000000000000000000000000000000000000000000000001306599566935703400347132513203304404100158376527054670929143722950593590292007810807177140391489053970780595407831592755426330130233261993192568343163954885279676840223764546042661039264677372340471715836762371174423514009786584778856587597075681982005030992674505447912218677929,0.0000000000000000000000000000000000000000000000000000000002165003709181416441170446945927810756991901729242378939839465728706328910970199060373250280685331700175442612348165609280211800458427363562679701179239229018028705988904941412461507980199862454192314422146066602089399790438710007637872478190783738014830973907397789578092804648153,1.927961772178491828233124394739347266549545332075989052989228190798139954207168180876459720199685537212127406156787153777790210175193857159186436283550852687768077468892136870845029226505394154815958419840624229127199363247390788010368662013862956889532241986842050083944126345205e-239
L128_gL4_translated_t49p90,block_cell8,True,True,True,True,True,0.000007398065165982357137123244871411130158289545163994629588254537901809800124058792023520308800656647664755092162282591601472163320342308037681801044868962805793343482222829407278807605885534871862087036949873755856329226657069894733567163912215771236316283258976166141733631599783628,0.000003479617341458139800712162199170697357807799151216062914564554054225462133507097143557464883817982146969536792413823463714878177479483056745892735278184934599219052821083766171553728768777731159818557887713638027376351656875086656914684435568299492898033499361672074861107428809726,0.000007555469855027676105277388798135568983132614029116758709729934718965984025289251095544167123607733172027298833106400688445841623445612362889153875944572789534381899363254552398091254751913428303970731693511470345880696745190468905023733667349366924278847084425657515664092931376018,1.928026975196101544362178580784095403067294192542404570832338132693500647261261980715361145309012698374036437819789186824713121538927651909828516157923186802662901918496193841252996408788093893976120486960832253844519061413793891990047352726509353202212144479304399188612856380158e-239
L128_gL4_translated_t49p90,block_cell24,True,True,True,True,True,0.00000001657373484289805651926409578714699180977566658579540790569130411240778430574598170897629796364657153519232523665259172226168918169215150888094892915468185966756588250028328886502297672491124077294085258723299702051436115921571116880057028687620178521359096781144396609586349894399,0.00000000205438957748987738783316643428361013095914384196860372717490602295582088551261056053581431329658725132298872352898373610410614534492011670822115421637467203976766922273985087090031982622617561506269119157166905345506171595520869479409582428796139871751332689849849776771008468851,0.0000001310841246662224715241291358236034041827913331193304474314919212855760061395039197939061793572853436117057986135903644957923937055187164406210729354455211450461919292124140865988996620946546657286574869795397160427484889683136790624040954170319872397359044579167199176326926483272,1.906395366622064621620889329768493624113890964174796937473302799112136616560420750870220499271720630760467730232601686969638154412868992480079022103151152659477681223542500518459962816442923102932719215480739507006678836144162957768064898005221320696745949925271830798514534617816e-239
L128_gL4_translated_t51p70,charge_density_wave,True,True,True,True,True,0.000000000000000000000000000000000000000000000000000000000001126912181863932374365477937960706297682736099795939221307318149808940562108176239188377899332904986097600754312615407811722384231988571847085513899754071872765946223470167460136314090015185648676930666947809296739559412506506613661925455768549808172478445995697793015762581699857,0.0000000000000000000000000000000000000000000000000000000000001097060079852162165083679324895556702198428016604895845258716090866707034775590178119153831045884412240728570996749592413278193885838182785717344134990278101761372343783368764358853926467737234047171583676237117442351400988476933776270620810623710151212722737379610980430496123707,0.000000000000000000000000000000000000000000000000000000000001831517550564631834275134449468819024658076484707380737411951674473221007149731374602598088330147061386465583954177009898405727843292792916422879963553204030954544926513094795297335360923188893311848514120376628886618327328640700412885957742468466714924383330505043661181879913987,1.927961772178491828233124394739347266549545332075989052989228190798139954207168180876459720199685537212127406156787153777790210175193857159186436283550852687768077468892136870845029226505394154815958419840624229127199363247390788010368662013862956889532241986842050083944126345205e-239
L128_gL4_translated_t51p70,block_cell8,True,True,True,True,True,0.000004648811758814833448213484096738935976484620014146337527321949168958359015429795080649208733197498985537972121449272944667363469481598882734440224964578534806764444528337500883169181064088324488977421851644671980937313676944351584045189228004041185041672438100888438305161943299197,0.00000004468587543073490579190853212160383752866196743511431730577033346446474630974483291267531956292288674088459284660242434117977944223014983331239193794349059072536589730397195460747619302519522369958661678959873826513857321740989075755669503933925308877213847165762279631529242521892,0.000004649618666616535297867896209893731048499489630060437301748073305500818286057321606694611417123669066891113495725655863550657868813274680816371920460939032047311454078816412998103498381888687166582905021834195050644484769860203655428092929844884117544809253123403597397433789002805,1.92767359855491754494457159245926187249461514313026614610884927689954254561071812999263478141525569617504793256803437173470757513948374839510780891707110897779520758622314528546766606114184710734809407666947477462463157930638121499212691148039878037892744898719441485516996193213e-239
L128_gL4_translated_t51p70,block_cell24,True,True,True,True,True,0.000000001563501883513349967464755211474363665121855747792297194808609151669330955177977792938794586537017498578774449320040547207015088361249268062621200145240458405449267601943952512296041521978279035071017484208339728748693454079855524299575094172798527989595326477010284029260389158885,0.000000001026603269371292818855237619370614313066529728520658020559067013172380405585889685262300235598609324038070494412510082037199041087293466312432906162785676558594984567691962762258414990842304116224432977205938190862346468420766511437928819848274800164848178768108209531395820864986,0.000000001627555204319408775399392901950812142875362245001630146282447153085005712752555231417054047184213748523342829803728614624945760750743265233152106341322675120927751328681936826061865919002950923249390004729559686179932741685368066199477388334204404620720925057165934567409319320594,1.928775686096302383449081048546911421080110534096778997634424051882298791547652415565373959444059913227692800162740718989828481216529502603901969259450156153853016696647531148158854212415987079917917166110985895501223418435185574577157779712649125745480937085707925445979800925154e-239
L128_gL4_translated_t51p80,charge_density_wave,True,True,True,True,True,0.0000000000000000000000000000000000000000000000000000000000008648946523795877686539887908397248082167413701096522811187223644194109593123813019024212641309887464180164524638955436141108811317379988848766915704976580649465313192916101837863188447475955988778956829117872794788730557921548666479186113645724124892437048415947418908164772549712,0.00000000000000000000000000000000000000000000000000000000000008412203330819767300857571713863409427240217843899409584034892806226055808032006339143275878497466752934620589751290635673490644659623809605862612083549225016144631178454697913849039264677372340471715836762371174423514009908025486207448660117180364679311742632497617462025569088306,0.000000000000000000000000000000000000000000000000000000000001404974025025573943453994566933284512937558928166211202517076124023406109574956888073356351070225222250435081011193692874436601686285729304595415714282098259544750054023202480489813414810560175644195191068405056507706120548452669372108618807529908776291118609335390868495232135179,1.927961772178491828233124394739347266549545332075989052989228190798139954207168180876459720199685537212127406156787153777790210175193857159186436283550852687768077468892136870845029226505394154815958419840624229127199363247390788010368662013862956889532241986842050083944126345205e-239
L128_gL4_translated_t51p80,block_cell8,True,True,True,True,True,0.000003559692148828915547274639790216079818120844482149248143176030678276827480858209168019594632223903254345493999251020431393828987558977424371467006173864251153275658034228128854850604924408920094044247381064269565779162311121226269359612925375859941722456270100613536120522148622052,0.00000002705968815522529073634365078726091472941917050536668888869655496093302435635193246628642687045252846616824286079314682885687593026089752910737369481686687172135673024023495814810936869526510570044242876316291638467286484987662889398174836466309018985209641836923154651158696337893,0.000003560165188071436278155598828252799183888475721239595057203995800853143305832377466583152126447534050737999688440830183016417882019784169194231876530152494513606679321573560846315498099380126512135017162982953165089250140567491916645430417000285770339740590954331419923706828995275,1.928930887197134630436813434597961706331184492150022315462194768743548453895195491919032917986948087866904253070993786579812751379363549351090660444561903301347546265604232060584433747666898488802586481357789171240487914755578161512044702337549592603044585678745660309574880578457e-239
L128_gL4_translated_t51p80,block_cell24,True,True,True,True,True,0.000000001199350454106859710836514000622679701391687658198154097683709266268192808017586964793488470235520924621164662295090274802138261567091997157613572629259835094154178983374593653063768987089993174142032299172839616735907561497839391622912420610301234292980950757777361158549388763207,0.0000000006647562770765193806998687257349978082418276011876646318515839612903547467200578846615238131072488848052786060161031069525855162969543396151502500038005178910871324179022536878680434775099542140713791859897479357990048878258999425725650363734008092557580609961973380361036084062349,0.000000001236536779523739430791910736921452418867419768902248800221322084447475379798409181620944721771006977598710113709659448817333894111415210604123757662430226787695799487855132540095135287205016505900061173131173436205309882898677595417399483335836524120586482295400575413041850312751,1.926047353601405310972558524694813364435055049537382842685131063389680714513426621976325372847412745942841711864769281201637080099475886250263882736609266215051009261847929364044225661198000323715579080122373683056995277508019400565646088624336624158257626389935265966050628008327e-239
L128_gL4_translated_t51p85,charge_density_wave,True,True,True,True,True,0.0000000000000000000000000000000000000000000000000000000000007577043504134475623453079947419321876366162486907087704687102679447659358174633398281592300226177887722070428392216627592865792831204654027258412301462163589462425517338307241274303862513046968944014056913786003518128653854070503803837736659074106385381599583816816621347503940942,0.0000000000000000000000000000000000000000000000000000000000000736630567046516175705141400591121212647500434674655369656489638529310940463223094173674847844127216382777083476001192896796042243665315856742236589417620670959005631719684118457883926467737234047171583676237117442351400993182053586775916427700354063168250925710437310870503179181,0.000000000000000000000000000000000000000000000000000000000001230543769332910026439393461682162511244468395572937906053413651086862912501254729512299818922488207620018124657480341769558094474905950702769484929775463893809130481908224177845326485294817419645019998059751998922555562763175408063506673153493740293731610210425711232486652562666,1.927961772178491828233124394739347266549545332075989052989228190798139954207168180876459720199685537212127406156787153777790210175193857159186436283550852687768077468892136870845029226505394154815958419840624229127199363247390788010368662013862956889532241986842050083944126345205e-239
L128_gL4_translated_t51p85,block_cell8,True,True,True,True,True,0.000003114932966694269492036097762596438074225853308701959740232947418232805720442224231946303649702958551181379007135913331571770196568311611376838090606066515932047151479286023592031216306416990841750303808184028908939870388677193157509768203232836172794296819446857937946109188370802,0.00000002104912244014312679131786766752302510095803268201527524186271189540152630369304644691599157859261432145853659892323408607159742731144719613919734013900776964533602683986686638385169853664805631777251749011346369756154274949782710197414282228365823687592587702113925070661247263795,0.00000311529515817800598022034321637183811827470856145205066858543982660705145076913828973480915999239453177219940627294269724600431386974413204082524229991812240778895593104885151709446859654308503919202462066042402859653426728236562694915411535916827794809966445241444641055583044947,1.929226314131363292872369662875247161718334096876780820678359429849992445732298824604400397667813393680275351937343989412427768197338201958365117909017649397457586058904003994730559226444695653484102898096357399660707948160400409046193039843234141236976745519190699196059997744028e-239
L128_gL4_translated_t51p85,block_cell24,True,True,True,True,True,0.000000001050125738377070542183847546244308608741617918628692696619653260906541609317045896665593464105885457150804664140470896181110196004589415360220828623205112654058221934092842240187823457705338748320006778883538889138968546444258200143097193747015107115685887483218352737782642322106,0.0000000005328517338573562713655259826671766251932430544214833807080162134268110445535053096378862756947526600821697069822040557316374397216057137195977957589452039513952219044089991949972645181337009918077081369909399228820907349773943118070613559259639453598318585742833979412542943528012,0.00000000107847940226347831487647906586118820722608903590946818077708391372253696943484887999109609948471099407042143850239001871128895330877469614604177013022912456380645620778768050410942331487029316677477614681781233948115076513163711993258400288875923997034908343934429938085432150798,1.929158354306927086158788689162929367589386628044386100791768335668797890836392046976789379957961620304628392625769776995511136169772867679554034757285139244947640753589051314794444902249848827128775561869120558680829795983585640015124775536791293172842351648085699683757154538339e-239
L128_gL4_translated_t51p95,charge_density_wave,True,True,True,True,True,0.0000000000000000000000000000000000000000000000000000000000005815310633033388382872692227815164196587876978844097797374879952495310566148153473848083773864591309522998911952823568433431503145873695837115895372787980291082347445768223179799587908929440608707552238197391844226333189873441741771177524706261830663888220568615021075897801384749,0.00000000000000000000000000000000000000000000000000000000000005648462948740724640730163337026144729521354478777346772764539111696276248147683396929740850358376500004523906747568481738697906639163738746587856669031598732462810152217921744901939264677372340471715836762371174423514009772982995080462286438973325563655550562556643359049754683333,0.0000000000000000000000000000000000000000000000000000000000009439629238868785102920513972937613978804884073327205190559606124717087712776388716714435662895105936349496160605421538678542656845783753007714843661932005374325106929461629773410213229192314841154864085346144716131386675310297712370280646360237770951959655542331479738778386930215,1.927961772178491828233124394739347266549545332075989052989228190798139954207168180876459720199685537212127406156787153777790210175193857159186436283550852687768077468892136870845029226505394154815958419840624229127199363247390788010368662013862956889532241986842050083944126345205e-239
L128_gL4_translated_t51p95,block_cell8,True,True,True,True,True,0.00000238519162633470787096313362482594828835367676126934155451621955345158134102122732598253652539400194430381579422767562108058779473016675232279886453277599542547493313052113796295306490960321805177452664831026609937594002146525330319278032480266798713591279484376226330667736215249,0.00000001272751042908149091660139999589780443752418013226180294890343451503703735214267045700779156654630458507356835921073220050658347843528786801016164653804076495504428563172618431672059490392076772102597563003217229821238730197253166510598520609108399862338449444609455617346864259426,0.000002385403964691010596910435553254061292067575316131675722697865840145189187504799128098494233052316232423844631338365216246635902820964151348478206271948663943532770568065064582047089405786685184065195664534063851540356479834312712879472289458935553261455395028253550665805830003033,1.927885755601351396389319369658222894408438967762703438516297770775555151279370614871242719979281962754307670234042736273891794815735951702013307940862972540978032554050346410930850758282414323495885466980691538741885746177940133188427935400664873211201222510971036291703679938809e-239
L128_gL4_translated_t51p95,block_cell24,True,True,True,True,True,0.000008436916416970581335448103881697156895287882629168996218544803742439876735359018257760636079699995758002762567173069093030413398353048301988005440439102675589848865217754308501105825244456715880922878899946009727739141576698557633742691998027003143371813578652916233825844147552259,0.000003891424987332784245702400871357197865072664193400288920012669085027547228291196466444165156755425452759311774036280915516356477881667503752397604523703485415226491656164943466476675761711673953004501231835380892080857370154508537932005216599601659935748554524620207934432790729191,0.000008610106756626887139847462408460249150658236893655907136541542295162319770318904122229700531081510514199136389860411342076466278738448094669729515819793527513027740921269318504147526045856508585983718134055275713314829118776903064796334632277081279491814834829033182039534873993552,1.927552926283893389109965258508496451131226530739932038440374192609503360058601548266277373677412459259451485458043784796048926527612054528879707167102728160007371350869803742520866220239105521966461054415948419265748718089109206109792588130197418544018925722586887384215315714999e-239
L128_gL4_translated_t55p04,charge_density_wave,True,True,True,True,True,0.0000000000000000000000000000000000000000000000000000000000000001634302920016444858341716439048445597848515175670892690772473386477656352155345705210643020232986164169763717523582190039420602016056189078120918331440896407885295488569736167453657803863502020906030222200775444687729739994961391746552419111529684840709985872092860299317983806255,0.0000000000000000000000000000000000000000000000000000000000000000154502985807238208879721040564807989002238508570319851319513582184413328806102789836758485403819188311875180622197779326377255518244270740871826111847685072944893252406187272483926467737234047171583676237117442351400994452776724304508229200074167232698513445653704306219054358912,0.0000000000000000000000000000000000000000000000000000000000000002613793700694401102753920931307711074411827776507493614432078035475276186920358368559750505499538015433924451874276793782642169338167637903590662964445037504488207328664030001109164143834363167761622972833231209270812677847574771261368315644552845334959295310955513964842169906002,1.927961772178491828233124394739347266549545332075989052989228190798139954207168180876459720199685537212127406156787153777790210175193857159186436283550852687768077468892136870845029226505394154815958419840624229127199363247390788010368662013862956889532241986842050083944126345205e-239
L128_gL4_translated_t55p04,block_cell8,True,True,True,True,True,0.00000004033697059160303279261113010949722018561950729895486274690651421671869948119363518949722526607183607053117561717857041546332620401273580155668871890725558431857467203304207195184039239550501726504575925538878683517715374205358896685506209370121648943734078106835051754759398494053,0.00000000000005703203713532570966815506565674668317572417739746009028495997211260805616478615032843702716278129861458810307128422750154551772613695926840679505779352760477602581903769485150654701601833793376475731162316820693307886937928020760735322627659528284163237628825576485990124092001471,0.00000004033697312352793042001203089000539745241665623162923610067109791513773324883386714549469616887836056435227539628908965308771384108435213695704092465260141408200803970238293288912072447114069707957414562954774268925340766725796239798259984893436948523420559109818659198170581446901,1.927961772178491828233124394739347266549545332075989052989228190798139954207168180876459720199685537212127406156787153777790210175193857159186436283550852687768077468892136870845029226505394154815958419840624229127199363247390788010368662013862956889532241986842050083944126345205e-239
L128_gL4_translated_t55p04,block_cell24,True,True,True,True,True,0.000009184662255169079976987092032873923997292673431760556280509199764016667495595498650831879638177270386984200124958829653144369029665999092395895128303980982708854372973438513549938202782565954757184361646476880670413716392748252914042997395343688336431369156668544516526073380592304,0.000000002041122543557458596667058890061350364478299928219365552732762119743863418231178343193303991438376630670839479135313919885957926360703650698627942552685588843525631138815321975466141153841481165404315444963197599054773526365919230180607353226276595282841632376288255764859901075713,0.000009184789300381988963689995642605081289391842487787213359850965238694341382918838915513943429874582121864300781916206478729196490667662859715068269588025586632685507518593799611218902611639769962945479670320786701728677745898373273436837142183547178497437181739267598388372053758042,1.927961772178491828233124394739347266549545332075989052989228190798139954207168180876459720199685537212127406156787153777790210175193857159186436283550852687768077468892136870845029226505394154815958419840624229127199363247390788010368662013862956889532241986842050083944126345205e-239
L128_g0p25_edge_t61p30,charge_density_wave,True,True,True,True,True,0.00000000000000000000000000000000000000000000000000000000000000000000003931724333798855960033332425728775624179729670352788271906739561389021013856960562580863890686076832253353782796788291985301512356367946137650433987469631729993845714005280707510396314957018087032504841632314063762935182964915136989133454512529505932527110308736495768636417395284,0.0000000000000000000000000000000000000000000000000000000000000000000000008330257793173831572606157373396846135843221881399133820982815192722020959770167612613209083357889030379499319800124819990171835827878738665175654998621543833436448707026201606964630536939370227886129503718065610760005750836068454494832224839682969333944169508425717139280532462342,0.00000000000000000000000000000000000000000000000000000000000000000000005829956658426574000786535856653760415987277148423506206987680877383628615818823555152182529876280155370311206920490207786322233005157434178685493596051264402562644909391441492713483506990514494586355201898730314795238102986290579282741994080540949958156048731865660585412147739486,1.920188020677696062077377356922482093426851887341536933025951221398600172971453558750694354077768725427681034653827500352399699510739674721934955794646232613584209831781939307089276959559041586321435845691343912849684584859141933874946705367776684353889541728042636605798241327221e-239
L128_g0p25_edge_t61p30,left,True,True,True,True,True,0.0000000247727388399745437742508935964213759433075255329301300610792052311125925500314709455249828477622644822576275108988758177325392841609231358768359821770976007317233119929420343862313527042016425848099783506183027328532142413850500985867965044089960830775203126666489550006181560133,0.0000000183630857627374984788856641212963413677640367168722960227938630897201132607965688737885504479501466634225468040598094415080028196771511883670602928012794168885040423610182054311622572439774734365513381362530496423688619765308579302927398400841952888790459322730767690197388814439,0.00000002591770768000378316718789009696341198655447522905050327745289069904630396229484956335023185981843031617966947366896429567945849926390852430004792672154022651328668230068256788904742159121458965263507455360696925382441067934808411676285617611718842212445062972941236852220330010261,1.919230426932512011970698598297672404255185862297469755542648843997427237961919940937452334737386355083212963631995049508774736361767619675322069549919166837466399808629121405095934655624724160342940071272125811470463334050739332508650925410102257052726057482160541157980314495042e-239
L128_g0p25_edge_t61p30,right,True,True,True,True,True,0.00000001719247629528052638805351939987976837169275562088107400115907437745671613619570273740243786258064915571486405022060171427379978447992251530635830939270672094863670671775274980695628002057703656293052128905318728581199650800751191868996402081226038578804107936471723916833852871492,0.000000006253700567611864735405291524934029596152408815328793717217130561324025542811409042945048449178984579438075753369925653637637601633589583006301663911803822057894779118421114092187610734138180515151944863394017556452780694954036105946811115249230122750124275652854879608941111525868,0.000004511624834366591717836765233062907319899678009346109360642577864765308940578489505262248883596551520904794564283263656352431663086291226282449858722052365257786897968439575684610854366677009870919452308275101479934335050796238038962461491521398072997659130080161156520982037230476,1.864264788015059177470299601297868865155758678709956450410153102721468564566670113789386737469483212562658152116990832907897488656136854078890015777292836313071719567010817876494445009997072187675354229373400190629723099487842117359017727298111521535487951786360421183225879379495e-239
L128_g0p25_edge_t61p40,charge_density_wave,True,True,True,True,True,0.00000000000000000000000000000000000000000000000000000000000000000000003024518773797410547814559031370578506203789109796454718832384511420636374321730581628121691108534269000505723785312196768751277927118581093246168026784599830257311390335704997524859801799349092952089561302294700232481676039649465280832293492064870655914339435970578106381500207664,0.0000000000000000000000000000000000000000000000000000000000000000000000006388614122536636021294519115382204160982429819440957878953484327804130571167894916387950555935150396008040683214512966864889524640826464549690281919590783045871716980236201606964630536939370227886129503718065620497953924849396714608253873480560893808718385038300708316279313759204,0.0000000000000000000000000000000000000000000000000000000000000000000000448256897923997523089498994189052257237708959972191738576337481087954784349479658690171853172204825464047064473981770741743390670354121532990814814111776010392457427202272894719093260952164409286327961491261003162460629761602985558197924712707526463324464561297089346181892823066,1.920188020677696062077377356922482093426851887341536933025951221398600172971453558750694354077768725427681034653827500352399699510739674721934955794646232613584209831781939307089276959559041586321435845691343912849684584859141933874946705367776684353889541728042636605798241327221e-239
L128_g0p25_edge_t61p40,left,True,True,True,True,True,0.00000001907260735166320017420497278866265028986445979688985834662979254357361913221671527610296623497333264777643903767311381820480697979684980012645931874219360929918882842372189594237982417139309553095783786429219895600733797580713793468002357547109879810782779485851800951744524338316,0.00000001200130354062027632463200750672191086931703425496218095670864165321932779090413143964319126689979958608098365957379841357966554968190144392111754732816137645957810854617655308860816332045510493547364323318085084502497526697131748764131385781183661696049199044017057601330013889186,0.00000001974166996134339132537407813960240836706681329003178807218188582188221836679928527018399061091581521030389424630406880969591587585033961590544591412487151211990617816358766999718895462070821734117187669326024080877832207354881229678569506134388526594943148833932591120427583447352,1.920899469859828419584497432470684945283358961527232031609184882906894908156352392707950421079135540136936925004374994875967725381968682181258946326166373225121568780148039055177789833583289685931493437013085650486555235026996744247776561300591475611307744616098093826700205971359e-239
L128_g0p25_edge_t61p40,right,True,True,True,True,True,0.00000001295749938370495671190507654452049463178915167404914888968681017663298784189870943868026015661590183055566814974253702315708031327658170239142388801525587632365044475116523933791005613630834377841569875698246887088414184624428799570217429891844921656381433011229831821010812260748,0.000000003809208929628164158571864601645602693097481441696315488397714576050274001926915036606173931977955731707627514399645975802566791033875345302974450149524255759055628382207245586043416781306105216421297165040599919450484286207443810599493249580459381026155791684261244797722631357012,0.000003424835973640511704341880590944196158512604541119712848041992626703786909902602064692691086266671614498480423466770128780076808147497852026860861904237224347474675995780977222082050966833637682050594333838595307901819452335707584524476397684609680093784244455766320410166992542684,1.858656168879452148294709092018768110054410589064584165266458907587057598585194602874157141833547477189428729462636410692962604523731384670909614852680511026491250500724993773967694268829864493514443366595216642058654955703777005423737634329058628839449900602017291536092378650027e-239
L128_g0p25_edge_t61p45,charge_density_wave,True,True,True,True,True,0.00000000000000000000000000000000000000000000000000000000000000000000002652728965181209172142338463424435296915329996196574683663521876608424647807810988242756103009425233848907712353914811963291428435866569988749197701107398439041606471920531205759525113274514988987941405132321545834314019815541344894704386090376193382970975942908420072187191536654,0.0000000000000000000000000000000000000000000000000000000000000000000000005594753728434255713439881389236544258013657506779696420368798139320923461625076141292643306624182174364719508470516063006364533196954895826899036471005260043033438131006201606964630536939370227886129503718065634352259808773121237686168671350773075245012271714144235365871361254652,0.00000000000000000000000000000000000000000000000000000000000000000000003930591472340444771583212067315165577068162257902028667676936180734976032357558355188876414608583442571359754402699935663348843274426275142052182036879567440437901998516048289224588090595745491560484007562365223299536275403929468798787867225602072137758045146398629366042559175402,1.920188020677696062077377356922482093426851887341536933025951221398600172971453558750694354077768725427681034653827500352399699510739674721934955794646232613584209831781939307089276959559041586321435845691343912849684584859141933874946705367776684353889541728042636605798241327221e-239
L128_g0p25_edge_t61p45,left,True,True,True,True,True,0.00000001672885771522544768575784071967240244198473123627317193674410443565267562825749635603499910632879605560316464155151149474638838930368649982216871639021511842106342545226733465714358627795300396989939780900553756057167762204202016617541157312858496815832728257431468580711397477371,0.000000009662047671331904369411108371114510241235295207206498638278050342169219336223757409769070818187482018908922377059435846251134557501262645542424167532264926803990321954086252002003595987121210061190706152913710213405413753967213344937850509827701864973507958411462949385446219637411,0.00000001724063937299155540600449994353564244522825782631490877496827514358842079247237441647743826939274154264681687191546520950034541317944637871417655036215619809283883697522747378942040840380383206419883581082629811967052130894224244961170639187281550575312282667508428543042192057521,1.91981536065138082026950073788413536849963204594506085547947871077160304993185637562559887788805400855416216565759259436524202871818106768844802281854023026075909604757846753449780356677342567159083406995315706457459942741909409056069210909025213119997644978925930834104314063497e-239
L128_g0p25_edge_t61p45,right,True,True,True,True,True,0.00000001125009873016407450094474554445667424269973093200538939115848013689838857017584668911345070137472033535529530118885683065497659041332942898537210222017784531112596459280825742350955642818438197296934794137036580668555331703676072823749839060762667577042195168097679217448938554911,0.000000002966179418156729139400561280130515175372213246920694838626071264223007870523608520038029555708726223388986137661313582991515597651858037836207233685872294491257765293203098197352325930764476967865562303262884423863045876060874596692032124180221845007126729635467207521793539450688,0.000002984184628678708992679465412691472695549941365087208540035452420038138459036892722453795613038996104134842873571846359401471909508233001118331010479473606820789418161012832635621218207981130258687425016036921103934217485563488085481058399570010409197999524153680019426767520929087,1.859216840099276257513705398518036752019017018931806801721469686062770137954605792898568980860045805388059766915909635692562933900974329670260920480612370076199673507325416654708900603829910993136710372911726749714221349591857679765796249224079233778209543608891615722000490619142e-239
L128_g0p25_edge_t61p55,charge_density_wave,True,True,True,True,True,0.000000000000000000000000000000000000000000000000000000000000000000000020406383058383670442849985232969631184378706491621251760128141798132758648792963260095945058442385873174499362708253065653726885047602491879741371557494672663681477952434417036558816936821255777460223263069068514201569517259124862080098236913234165389709268654152305197471264861,0.0000000000000000000000000000000000000000000000000000000000000000000000004290718535288825695834995680323640047136475986609676716231571271100683579902946795738963268116058331307826898253533355424199479211215608948263202190940451129112891959516201606964630536939370227886129503718065612374134721850809894238934251174712693504897713756821050038055837732255,0.00000000000000000000000000000000000000000000000000000000000000000000003022177421394335858823302921526612089031277687322959413211552228907805644501744038528790216805221211990451896915426370023623943517198456631751499207385392520314993669940524785867729777285220781544146125835300939656351312330745324468985595596141389219913498963541990405794338551128,1.920188020677696062077377356922482093426851887341536933025951221398600172971453558750694354077768725427681034653827500352399699510739674721934955794646232613584209831781939307089276959559041586321435845691343912849684584859141933874946705367776684353889541728042636605798241327221e-239
L128_g0p25_edge_t61p55,left,True,True,True,True,True,0.00000001286382949462658957864956256586810180880622637833083524798334438986319789969891233788135625006404392533216835408136133087844408856297177816351961757150004853978075166984909432767259676791564193704198038654904296167322380773185973568953305534713693307631597293314684472638608882847,0.000000006220197269679816149349514751176019984129443921030627039809626518582885625975870306227701063439265365830582417461358850523389149424818022477146373742770468560494272245558491171556199786277621485493152554187009610499716779061447915852034900682226934613925429445703255570943793985007,0.00000001316363167012037653807046166576241007251712357840007685285921392096312580321123438066468874312160134614692997845712755806879848527216846526442405703797722288090100941838993337399628681442641200427907565955338534603166073507793647966584787741988483728517724891744255242226018063028,1.918888571656430583389936081416444679022644703632795851650830519191101454120075174739501286312470376850106959097454307002240852730666975133900698241814876239593707876832864415410606869224374265933416403874177172076209401323191645513057113805685109364959695575008599252228151151136e-239
L128_g0p25_edge_t61p55,right,True,True,True,True,True,0.000000008484042566056689684733304929459141174408907198529747795853910562346886178807974735708504898945345618470979062220679480813879992912270045638420094518790839228650012298660758350688724897983390053254517185596946361912033755322871810991413909650768587635251268953056106153809189683108,0.000000001790537323597974035044159030891991712258612082616289148216231230176001709111856695495065981442882672414278422419209106340360115809841877431727694644057911846390013220752414786962703037622648486682639805350005896467571268266809776975976323587066621050191296358012297615539868314862,0.000002266220421359295133200720342878478764405819221398646181929521128409581497547919725552562171288932597730535547312690931912032467266352214231120229190132245059273993701363537589264056113248469239853565981955549718397214897713644354021680043756021507185872440908728577970577451305014,1.863072540030680995429159102113168759451610902644656592764520310834979726240167373092116713705431673823040252608503057498928931540636943738109506717277012380617528531174204590548851713672475778745787271339528540191112235354226888196157486317704093113837860289117465299570340750525e-239
L128_g0p25_edge_t72p20,charge_density_wave,True,True,True,True,True,0.00000000000000000000000000000000000000000000000000000000000000000000000000000000001500659794557383803282739381027070460028646368274888081127783162960187200434085213796147110836409801733031464636205002083566083276153500148849294637791656626015844191210856663423068359553658354509395188281786414278743025754837153527140945933570044755302302287961225924412645653818,0.0000000000000000000000000000000000000000000000000000000000000000000000000000000000002297024082040385593744540604998424303721190735227141919347642508027639200230324650760978473152929832215139864481037809791315292549905351122715116364358903456201606964630536939370227886129503718065616641805015548548727321714993029502178049826092409571597038555397971053547836967645,0.00000000000000000000000000000000000000000000000000000000000000000000000000000000002118085271540676891974015658919691296552208042130065406294343842137000079394739608910653659961600488169440139618712677118508090019604888154687351040154329165350612771290378608472957762353370770220129285751360599962556916332051213384056318692182294728962531607735516513280476268495,1.920188020677696062077377356922482093426851887341536933025951221398600172971453558750694354077768725427681034653827500352399699510739674721934955794646232613584209831781939307089276959559041586321435845691343912849684584859141933874946705367776684353889541728042636605798241327221e-239
L128_g0p25_edge_t72p20,left,True,True,True,True,True,0.00000000000002445052288064009208796965802141535077623505448683853512864127475186192762860916297371419321777205358298020027820178228964665712357058553877103579983730506814170959775000624796292547545464534474138572286172379225007094389374641202475376765481717336429304395550831941751734869659551,0.00000000000000000000000001126641294088746228038611772634339683858924378502313230242820299658253335222558373324758570090706549875791332544231590601886572357871150709760397511152769733250420107490374618412889398691504860376434485943472470006462016069646305369393702278861295037180656338203596380085515696881,0.00000000000002445052292691642189727702006565196400299429051676909701692516356577164954880729895880787864408101426670183078867738153560646275734164964078029634846838337326403527344300837874373695988594032027199957424169303497102908980690831723839092159195159188706914236759540256235804381069277,1.920188020677696062077377356922482093426851887341536933025951221398600172971453558750694354077768725427681034653827500352399699510739674721934955794646232613584209831781939307089276959559041586321435845691343912849684584859141933874946705367776684353889541728042636605798241327221e-239
L128_g0p25_edge_t72p20,right,True,True,True,True,True,0.00000003084979265385121150671322545368293727837817072134852421381022379031734354325376434222606033644690486833269927252207143767376567347394696156031645033908473013692080590320875531298753176662776536906138214980809674562146960466965748575112841851685183309956723521084502396231199457359,0.00000002292089957145352960918611982994958630618045897875159760915567474723305233109892050113751628151542423207120458783624087122634095720236015308032406853154186744470006815350586805581123604261889721741152482521222108474203504358614589935695334557948931330231409116545943838582542669259,0.00000003212842732411910555475863185727616642052233499091163903327314859335114450491740206576030519927342363739962681929466363029336956194824009893525794156985339372711362408607941817908429179990027216451109742076843302774368974835958909958282944175255280614771842160324022704571788851523,1.921235783582221841447461828306878220398928666732873492614505525451206228609130219500942971327576925118173500154003143078366742306365352660027634966594451966591907915167126662839394209491735744631380940301628797324740468798117904978026652172391808957375379738368230047793609985819e-239
L128_g0p25_edge_t72p30,charge_density_wave,True,True,True,True,True,0.00000000000000000000000000000000000000000000000000000000000000000000000000000000001154383549117257032333533548042878485565180161087287499088140448682307587043274183952477668011776834341322826991021911725281115070141917454262859735815831675614598776570609945839870499307070333003071335735851408375269083018199892654910376438115182911460594107901101218869947192934,0.0000000000000000000000000000000000000000000000000000000000000000000000000000000000001761836538927397524530763489189772381398756421515138221659396949489435976582599284908538967360931955440926520514643562043587189492407494619109427822638613646201606964630536939370227886129503718065627696382045756112866306105036424031083637560445254616617542759404383394057998020043,0.00000000000000000000000000000000000000000000000000000000000000000000000000000000001628653271279854139756694892284298943032452918943033485442435699476230733406443298820584066338665646119045882202549656433222776414958393694476025368708041125553604142757347030469998580614540463027097568984905723076915931462789946693564796603290162809043990405824061990161948883461,1.920188020677696062077377356922482093426851887341536933025951221398600172971453558750694354077768725427681034653827500352399699510739674721934955794646232613584209831781939307089276959559041586321435845691343912849684584859141933874946705367776684353889541728042636605798241327221e-239
L128_g0p25_edge_t72p30,left,True,True,True,True,True,0.00000000000001878315761788819378449709960239247978390000986877976669407253991975686968934933961015169715530139730317497345095536652874825463042623695798531919734061956423026544090503101560930656419149897944449171455743230886302756763168986740989284619124320768766256473161874113382969210400262,0.00000000000000000000000001735589539080464140964214543121291210566665640836656034947890649476645396600182204158345714809404664644698125995423266874550499358042073030602535601058589904375313003796666598886792477330794856176353466357672782514162016069646305369393702278861295037180656195255326994045508772741,0.00000000000001878315765324223764919119454035132380853743106824025861899686073415952873178469757555563686979019517968246057146092054484401692778880525903166250084893610477928027590926235843509321259107987171224439975231591428880217661063225262745603707472932215880215443226805096289397333357466,1.920188020677696062077377356922482093426851887341536933025951221398600172971453558750694354077768725427681034653827500352399699510739674721934955794646232613584209831781939307089276959559041586321435845691343912849684584859141933874946705367776684353889541728042636605798241327221e-239
L128_g0p25_edge_t72p30,right,True,True,True,True,True,0.00000002363322790828739370103409129606513830152469041523467377225831509661749182557353082872105565125117590635957523083566542175022295988589279732675891708961492521286136943636918653555376305079490425295675069464297407388066737447377041364393781011728591316780493566914875270623153654303,0.00000001480900335765317515542934031353271583050964650557351800170553219377103997989782042503053699782023331165443137768080132375647672793490203595350345446859181228320504240922425991842334996956281027839869456105220307005269996215257542433097950636990085559574871731071098742060984286594,0.00000002437290748066772829921669122744819429665780227698866763215809663586093513408056928880722914015859295313892720768374222049394310572291033044726840718653582167036798215140610807988518608450071608518043261561728597709619397486797195423186631240895830048501416970613321816456212599339,1.920651630350828958087725619127464247158639484645162614798093369166837666545025441876421991969344577352653857881295498516859629342919913345877223516136118527999706468523675880897450721232818922857567766366522391588642575434577017786986729644881835880554024223813335205438497703672e-239
L128_g0p25_edge_t72p35,charge_density_wave,True,True,True,True,True,0.00000000000000000000000000000000000000000000000000000000000000000000000000000000001012474398615805403647143154235591106760006387967990753498006769429486465430237259604153032777599654981179612890787917561594455169885835671481543107417463325220132590367179330281652192911795811441840400029971734562430173201978743549658426622213637524867141628199831812311376750414,0.0000000000000000000000000000000000000000000000000000000000000000000000000000000000001542999539410175489716219305802812614235079299241676798995637176260347394549711924843253246383957665814225483731870895825528651419840364682217486577040091806201606964630536939370227886129503718065639657049619892258604891480517245120468141718233343119035775374727631218681348253754,0.00000000000000000000000000000000000000000000000000000000000000000000000000000000001428141697594750112135698596395314655252868503065763980507588322308939287688808044430782664479877031699395775543169549872986491204835545173666296842736700223841051956824232517807266581197330862203589197960607928883723308456397049903880081400552986690597433389682529226879419040286,1.920188020677696062077377356922482093426851887341536933025951221398600172971453558750694354077768725427681034653827500352399699510739674721934955794646232613584209831781939307089276959559041586321435845691343912849684584859141933874946705367776684353889541728042636605798241327221e-239
L128_g0p25_edge_t72p35,left,True,True,True,True,True,0.00000000000001646301640841635400028939097420764132412505876892009854545866979881976896247176379819197656350888370438385070672930165268273559267627904950619586264913733658306662542605621518479886318661182894032087147391413892217352215325632024323975961034508330310439013851765011219603601458955,0.00000000000000000000000001855303302504288875671262982101502564328184929534540949826814125027871630728449950497949495124521418820049191667114618487035842733328902720426763577505226983974095535596316280054371154741427467951620700198105688972462016069646305369393702278861295037180656339197280194335842245663,0.00000000000001646301643931801910426168839337764366385637512159510773352262582435756989954864297434476184114475519188174948563678180421614168459282528949121516418951253486373028667815200122457210701662372653802992249214711451219267086141121568997525235081048626874971053435041256095111671948267,1.920188020677696062077377356922482093426851887341536933025951221398600172971453558750694354077768725427681034653827500352399699510739674721934955794646232613584209831781939307089276959559041586321435845691343912849684584859141933874946705367776684353889541728042636605798241327221e-239
L128_g0p25_edge_t72p35,right,True,True,True,True,True,0.00000002067798196814061121244764821117426612361701061551473022469296840198051772346607167443279672851655889011366665017621527318889662694719375272884235766683670328752538248857638811056094996376716707119915847862231980508485252876465795155984656585511737526659132761804990764443166645799,0.00000001185601345184077666458940226549860576728314552697606477805996342736739339071870833477811260218676605106729972705513930197357690259080485036169705644928400481721077429591995282169358388638852464138852391354529839604352680528673441358846313823926954247672712165495472643437671178701,0.00000002124097108199508339748150788591186052640968896350532067108504050349658682361074569325525144813003638326852098211173318543125832057908001784770851100286013771630976258648785796155448229116644747854378724376929792275409194343267007879812192739957133657328363575509269054957017523708,1.919240721147941070255862188010229222118884295560003231964686792880877911803970927986677055846664445319078580676581022164729698765499591485762368849673259200520681181051253703833416626524851307111506560269175520930396775464649144993923985078265974872369258959670207719321498784347e-239
L128_g0p25_edge_t72p45,charge_density_wave,True,True,True,True,True,0.000000000000000000000000000000000000000000000000000000000000000000000000000000000007788464667084881109002565910919751223013796653129144686683636717427089257629348444317004629115428326032429564577871345997806598852054728349189242190078041624053052599986027243863679974657280156471377478613094889199529501742946368268866044804153593744283311366860322145502701169813,0.0000000000000000000000000000000000000000000000000000000000000000000000000000000000001183495106831798133393989169075069089843289312652674921151153436238927772663090886909151791504973847564334357784478315727026904577481433460912273941297413296201606964630536939370227886129503718065614194737446870011295979242873007624394216128001642982092413599452103348126780488112,0.00000000000000000000000000000000000000000000000000000000000000000000000000000000001098137589006906982800807114411738588918920395900607756064073244645941253427216230904377780068094039507043853965739427038718092238751672309130548784322064407309347662129167064986564530808892147750943847149971855503193676412526376174295165786607857126803691221952048323171640038871,1.920188020677696062077377356922482093426851887341536933025951221398600172971453558750694354077768725427681034653827500352399699510739674721934955794646232613584209831781939307089276959559041586321435845691343912849684584859141933874946705367776684353889541728042636605798241327221e-239
L128_g0p25_edge_t72p45,left,True,True,True,True,True,0.00000000000001264713596902036718900405950812415816615696812880850764010277464123501561119550276720311938280418005937512769212622332358519598487761934520236990506317380070899447744662208345831531502605287545389673645399924356252187115180695136943792900442238697041785017151161523776165653739023,0.00000000000000000000000001881232540214078997680589201732682981093788110558827207328752086042524829700152631701373117765838958586403158117437237800166281805742951350413124775761904927261657925187145371291658156255976441366042940658458164588962016069646305369393702278861295037180656099726748587503939131177,0.00000000000001264713599262910391804886109813887716344412936445825508643777798916104837825986595836990381208818082317897951067599197020232867664356952946866793244078958009262966149148726508490460069511126446829252180600698384028319683121084812446518597999811527069420239205688554441468808483233,1.920188020677696062077377356922482093426851887341536933025951221398600172971453558750694354077768725427681034653827500352399699510739674721934955794646232613584209831781939307089276959559041586321435845691343912849684584859141933874946705367776684353889541728042636605798241327221e-239
L128_g0p25_edge_t72p45,right,True,True,True,True,True,0.0000000158229251342328310542772121269039662406772044074277796332702950051964837761832319226688267189311307461074084469500673441472317538244762965519473888006069810436869937855047850552526695284913980155120469736758273193858429549075066964656622254813790635155431641396912379910080747325,0.000000007549456263781777798277664007657062235788226766287918161451189484602895396611060228336054163563489252772058184600030816044749544889101967545536272284315009783507827356054914353927223074611406266667715678328528088080566321458288668385506484462199145977613370736854583415953804217846,0.00000001614948534414302085805200829990527525257524033679169062607764832282158529340944009274506711419340270344918719988984711376904900608450886650621257218626531129023210100711726216049832947105748334379041367638267091183213653630275987354764449082123147684201711913478921819587471948497,1.920309671034353750061301376627015116513566422611873192225987113124270823457325048789074257920546276367893130286362136003363826589644339727208123229136452228351207910586197866457817456089732538558069442719541711755032438555549312602205984457857691100540048028963457525915661905692e-239
L128_g0p25_translated_t38p40,charge_density_wave,True,True,True,True,True,0.000000000000000000000000000000000000000000004816290275198278831178934412502349200496985795482678262769598184404652123560799853846054678587111000509264457099973750811679038712135023317976523430215453208210745495080623944298317559254218205484310310813594754689791600842829896361463181800374596377407462597634271414621103731594,0.0000000000000000000000000000000000000000000002153192026787500530961079446077883059366411862218728228430625251591159410054259914462657662524694418453463238952716270296416607689055020164583332618812968202807519056455350239952983390390285350506201606964630536939370227886129503718065643346328097677005704436562173923224189545494,0.00000000000000000000000000000000000000000000818710479021203106961311393528903482476024989148709560600687791841286271364729479913288408515696382313101729312411004588999418790968892291457869230340187270419309491904850679496991835603176333256618725397225172245893049012273853462746988407020543046145568111105780858419927955443,1.920188020677696062077377356922482093426851887341536933025951221398600172971453558750694354077768725427681034653827500352399699510739674721934955794646232613584209831781939307089276959559041586321435845691343912849684584859141933874946705367776684353889541728042636605798241327221e-239
L128_g0p25_translated_t38p40,block_cell8,True,True,True,True,True,0.0000000002353434217620524119743454224524391597717205117806224411092093200661194679554685968543083782146493108987622504621275643501409812612824636538456006556109363959982048854642603602463390885427681904250208146564473402215432362447318605484782954974203626848103031341925637265364773000362,0.00000000001445070694216889185518862953425501232023726743365011643989339396857790798515579695948396807215688774248485628973983564375982222446938914242540167294935005380506547307276671865340942281913687085568347770086591614205295873347649354831351180138872458745150545448666883255442084551807,0.000000001100486603041454409828085116033890618280626700914396580313880440826070880586252063961666512198808462494700637290367918576525311834923152692275445160356999718488692934865668908189995552919047472959494678389748842964385202675428676237947058893161530526414165852113731299044663265565,1.863212182086769485144258965355871528265866367641191850657440527225563655945202022073080281194697062711277168576303723299479801612732866961177122455471850882652866590184846601425014014271821597356301175485326720261929264470544959629854776206993731065886244823054294516751085887541e-239
L128_g0p25_translated_t38p40,block_cell24,True,True,True,True,True,0.0000000000003346561252912743024609015570685845080229099910072724016462430229642633423652704980115167306539351828903424307832881262625591689833320066618417874812177050474526107346412362312994511321784749503325161335057204529965149169479775288546054243626633150844783641767807952176250177029545,0.000000000000006233079760789019819068946746815659867325847908786114515662018336816666407518410258403722057147424647875191398705716961533752155316346346547755798710242065475276544275051259096742517580907381259626566352186331161281833590393440793290572401850913674717675955035535148341118742183327,0.000000000004845055403067086707632525870288844951190077060178892786169535088279519279173295203320548273856206556468678853380836772588424330634199933923655243840255777514548508477460046022985849374952323415495116723978815386430500609998958164101808702862276418551619207457718367604163757822053,1.793104336681890391283300720107281820644288788433868933687962113373149053409782728104857335475570411709853472197013834117974947654469080158386948301897737697146197139124521963248203674414859763558838056833561858168587827817979730561120206671421384863206109217472206305771481403274e-239
L128_g0p25_translated_t46p15,charge_density_wave,True,True,True,True,True,0.000000000000000000000000000000000000000000000000000007144809692378204954919876166158953729882639769932989021160115827406225521356116038260274480798720838636545312863465120009778900258933843108662979746367617566786774450002963192082463971301689903114095463684437710067964367910168742900056490846349854022604911798009855446678107636117,0.0000000000000000000000000000000000000000000000000000002449351625521438718937879622600675003604723388175515713923356088248755482360609471763567090611892374352962747458064909816063245513823505277309237115120571510147368722291940213746572346936201606964630536939370227886129503718065631269033548420493900187721392858186731016591246827033,0.0000000000000000000000000000000000000000000000000000115184820535169177728677977589495545457124192256360810115736445514192660460946850107706357737277010853003077664973210732964999904734701919123102421726429260561728792340036077396517646797828836535639108762364442209782682283478267381721000649293049452956752152501162954470643826407,1.920188020677696062077377356922482093426851887341536933025951221398600172971453558750694354077768725427681034653827500352399699510739674721934955794646232613584209831781939307089276959559041586321435845691343912849684584859141933874946705367776684353889541728042636605798241327221e-239
L128_g0p25_translated_t46p15,block_cell8,True,True,True,True,True,0.000000002607410718316270104412794636221399738504235341028518776964869823166214651886145161242164150714965276488481671573725404381040548163797412352992063725476180517389976166685507582689347145183606248550041849919364427304505757749876537299034861732714827139666078391418926610505072647885,0.000000001552878167746710722795316722268097671523505244804541933282661744006725994003880976442543882829704932034611408501403871819528927851243846125981483635332890652234799021332192034724151527215641868241757401890298937413492553089099891540130028881863483829623090650208630603883838152156,0.000000002717084823128119051635730913738707947191874703585961338096484086473010289433580304877303162943611549174248725567658058433023916715220742623125684275932794459448760549282969612305905808929788552837345388369572100600647277578260921649252710469221888884760163447311080459031961722391,1.919595819499371380978084428141787942127106300952469856387780891552376524782167312874908794626868462179837737461896440388058112570099533580193156914145582397284246231492811289244914326736466165066896907577212562759456955383708335510283530467648095670469852740488110876198448034292e-239
L128_g0p25_translated_t46p15,block_cell24,True,True,True,True,True,0.00000000003554463095368249763709975913225795262819608739795639958930645672207724975344404543150241501565245906600430606564692023017413930975039768273985907850328683252687963847727755449619168122326294979990139076735147533460191634714294029370630384217566941457298163300533037614771887303969,0.000000000003647585486777909961667902487652380583654871145029159327240260653129117712483116608477299520717109562774962308781554726392139652609742466667824842465733446266954344107752011666906300651014785006279127346048490974472397158573649208101524548669188436324757028178028857199323915083689,0.000000001788232009666460756164563534857431884514395702368355754136434412508838621322824781408449949688516027968408976781690688848205798166550465417748931285781703351750721326537939299303334191376451972088879803848751201364488500803723754716390348166944544380738639463498280680181619956144,1.851827368672360545132960656261780554234406239352124050296092594614441119349443357297870358627493384126679616520705947043994416789715000576611270856762378917141761229769239729281568074147794282677536337034119095417098577782523253651716443767884300308870350958971674403808461519479e-239
L128_g0p25_translated_t46p25,charge_density_wave,True,True,True,True,True,0.000000000000000000000000000000000000000000000000000005496297522455313814372077437947538321273535309361137399342309044788919355223307145001848130631537339103415556899849517829468190284983991480837424051327176813014252003108484223191569830638363640280123357179790300793831202249086194423995516688883904111273014298447395445685628884686,0.0000000000000000000000000000000000000000000000000000001877964760978242847879831142460725043403508400985747236019924226224863199028725495562212168501164416179169427486755868734918158094174313108643911812124333168631469687176421670464057919856201606964630536939370227886129503718065637078687095457288440528558547050108691714756825530235,0.000000000000000000000000000000000000000000000000000008855266503131771818550024997291664724100544371114221487343158299264192390250760104593863947828354129214518012955972454527337611441934730624541313471548237809299864290640030751639134520222813380663104978469416079390016456624692410398328975267678169225664970156096724324971278128909,1.920188020677696062077377356922482093426851887341536933025951221398600172971453558750694354077768725427681034653827500352399699510739674721934955794646232613584209831781939307089276959559041586321435845691343912849684584859141933874946705367776684353889541728042636605798241327221e-239
L128_g0p25_translated_t46p25,block_cell8,True,True,True,True,True,0.000000002005977007181290186826332627831059668515572506975231414421124899065454382472870626558930759829232505359337854334030704386028331518375935233421340098041707286109445198956040731739759394626677688620531318233719567451831640595183282909036272653030906212562822604130175954556903720596,0.000000001011185324271149920908766799593975110183804846347865377031179798822334266922873796684220468753397208601878156110289567990389581295326050517646498102993850902211424382154922708047663178354195522387193661262453062052366922683271774560766825758224316605615546325114425265263815880748,0.00000000207010331887156556804991545127777842725335404794482101209408234791436020776761073827188374344022513303790722822203945463347239206743052140217223322555224959233480591702892763055998187408850580556570014513976865425800312521118229004660681031039557254555594250831759245913612353311,1.921311923219843414478548270884566566207365804749765099837494345920511410186239751048412177078262619950072686522516190318411903568742413009365794714564883868182596688359541729000795083937376909709708337016964824902612668996994672584148241287070221216900055349824668968915007625004e-239
L128_g0p25_translated_t46p25,block_cell24,True,True,True,True,True,0.00000000002712551945713215613703561661424915888878991252100106533687046639018106522526873695314260622198023629904211449473995396584120955948278225010147465918468685241457175718917381045401004999575364192879787161445252872665380213252278731486177827774047861128456598205505359980844621584752,0.000000000002051540645028271580422729153081768908378908705170547803440139779708194002847981708349581200666369672050514002283245943326726509739370194653835854325061868555173808604043910062046368595306464975804218349419161367274282169199696645007772493974312608393643247542432637660108735714916,0.00000000136982384780054799995835387974162738679204355987378545284384980556230919618604497676382657831954545363871459605813078169110290849042837644272419048986785933011773091556632668684621509735308283723805200248904193558485795450123613797892587658087378826909040998098216653481960974682,1.852199756445955617000902813008604236789245623714004165029726305537162434382450244067135443354578546177321654006806591608146379948597796843839439124414609117792525624849046420511463671196460502595499950738662940302188967389550667090741730334985341609725097223587253121602595248237e-239
L128_g0p25_translated_t46p30,charge_density_wave,True,True,True,True,True,0.000000000000000000000000000000000000000000000000000004820698868241701399517543453995442992448943561866437964149591897846324378456344986736397393733238830567563635405636910430755854571589117962125097913202518454400435866443986927723227529274737425402807418145016544370392850349499090394878675702630370474070210421513596796928601267906,0.0000000000000000000000000000000000000000000000000000001644394272730099062977176954870298675929757376330279789506237367245802036403547225999311665548031728226634704542248778689304425395086518352153055006521122492020990493400428815259187227786201606964630536939370227886129503718065613147527896141133444631568374772481000346556430770747,0.000000000000000000000000000000000000000000000000000007764348419898422648735626251390403778728531344794687347204364431871199864345114764060232268302659982369692227733384906248012779590733920515260683705563332421841412195109253218834564012103951328971668998333478516890743828946376133988070354107825740365007554287230420511252736855672,1.920188020677696062077377356922482093426851887341536933025951221398600172971453558750694354077768725427681034653827500352399699510739674721934955794646232613584209831781939307089276959559041586321435845691343912849684584859141933874946705367776684353889541728042636605798241327221e-239
L128_g0p25_translated_t46p30,block_cell8,True,True,True,True,True,0.000000001759012909461851698866579266951320555186085494478158155377676153450998683056239182823064469306314302759181639576503885910602431902440046360052836528873678388660597046989474301353055843933277717491776164156180901339823620811387903804544837707619990498174363551282930833045991353262,0.000000000812872821973894052719160647902416930470829008273969419747089768639949917036843474078314787368777926395487174701904769962604594137568273056048647586879015364294670707272869514421657963224996046616340553204867238525361932122336057896750624079191092087090415909418121142978145917008,0.000000001808078195100953685336832031363628448463493592463339593356844171670990427010777485888161061267939979260765032052767583942047831715738433221585295112841755767264122018710475428632891680303522335823503237159956621216493318702817793272690823848314999701267280895322254487602426433776,1.921870819435484541078147047690531949924403137219359121171218559650179437034715362070158073002728497784089114556195754414737079753302770669210834979557607306291336724499396845396287496763810275470096317715072039352136272999668379074017514867880937836871030990746977665168641048646e-239
L128_g0p25_translated_t46p30,block_cell24,True,True,True,True,True,0.00000000002374109710330373287844988460596277224066435965498529749069848349416602931138667342622902369190343484808236439788614057485926950855740071683762352155962160143352064219023259568534021816420427520023681239762925108345073111049671339296335672407416637046462597485317323765002193762929,0.000000000001477377480869128414779059620789959339272975012876467381096881821387369958857047470651125624368450252058336987752647730609051465668632216521406467464952507932194558501260796843080978971196535987085925641265925674736144871193676123248713518182366950815006583949449508746226519302748,0.000000001199467329428555648626541036785910111889046824774993846104154604613216791192923325766099418176871567043531103489859496080903542702603408830194282701721324956435466718465593117707110898091799659062439661824145362289354618855023091203979431428399623054587116770419346761776312290535,1.85181093319091071948641569784678682407358426003946564305559825853240064265165763026342943125516182141116439808172702274839996721771361758461239345576327635292617235027350600259479200540507408440573155948165918621255877440210479440534153096746335240287415268840248472747618605624e-239
L128_g0p25_translated_t46p40,charge_density_wave,True,True,True,True,True,0.00000000000000000000000000000000000000000000000000000370842512396479825926509247237645348371864219225562833617833778028065554365855956483214686160305201533675537902086515736335311475095401695094758525818949568720141753409058333301182654217805992111413461693259823495289122530242586537483766758871447764019682925392647774371858304041,0.000000000000000000000000000000000000000000000000000000126079279341201599996160196565370331652165748455529123751563223383985651000427764080417618237274290070802781402741084037404283226067507034415006031165375569967614726723593013491818591505620160696463053693937022788612950371806561649254553516627900101076300917629725264509757016258,0.000000000000000000000000000000000000000000000000000005969145259878552053116485417479433718987666091882309786279437298750347761634369721455751683440787815017823043717763904780855920017442921625331199344282323132551041177561173349515576082007963397793807584409847440263928274875592343396867778450123539553434398324208685037405841082502,1.920188020677696062077377356922482093426851887341536933025951221398600172971453558750694354077768725427681034653827500352399699510739674721934955794646232613584209831781939307089276959559041586321435845691343912849684584859141933874946705367776684353889541728042636605798241327221e-239
L128_g0p25_translated_t46p40,block_cell8,True,True,True,True,True,0.000000001352094429562823799078984210566100618148706874440550349925141652160787535013165917415715759808495788481858246473829885950969789498173706994544503625267258065847903230834837292350581006984880412881368331306973881050343963973342538829445324306206221248420273072390060656332828994296,0.0000000005220060596388049170097782387697666376040631217927969545029684510909454191949060070840652845223323699967285439541256486886309277979669759680467534285292363853364855233470207413628901519376334422866398037278255454334572814496954105827517144974753908245894145335825521987218669983292,0.000000001380850743190876381154975712159009339116528545013803352292645250302647373832905042183759258676638630147916155978500970096775873941270738961236304546012454193400039219750101932747069056870389944220758263520451760799014223523586376214143565196005228349833150115033055110940446192351,1.920921759966145928594373246583538905502287793732717447734187305775268783563240838319003993990987472844413781153192316331111271092141120172804002185225974118234483735897155280677063469489283808046236276024513541038855973002727719619160980721447061131151242539868937589829446849323e-239
L128_g0p25_translated_t46p40,block_cell24,True,True,True,True,True,0.00000000001829322775729941806310626001963296183936531436726397608795320125469035310336859933387723118367187471759271713081843981214362894352530180297161861125210412660858966210841830384888008680792771163570847488521556777845125915594923196857234706312480661867314503728892723959693865079155,0.0000000000005989481368634911993945132462040409876885106651343321194111442824897997181098412644608826804553385835019244157420923530389958051705901788465021340674575009155441718154150740951140972112033623168707895780457586954239460256120686067870738022678455440564272762005651734704086243321623,0.0000000009210314185330126952249918154783133171094160032281368462357877868474172051481994671635806272382673897100354015592756442979064798374302129185366232544299011794502761653475242656404986037939324216839584902558425932524915626745768384034079554893033138950827731407006950838071932705596,1.85570908588844970353343120784214851263248229304584183582180460507888955544373555935557066797572055385631724568306357038870053302713151477164280766373182833631646036733250630134941205305258572179194795752460048456081294915622081984678562044536075220125394755906415665851029754972e-239
L128_g0p25_translated_t55p04,charge_density_wave,True,True,True,True,True,0.0000000000000000000000000000000000000000000000000000000000000005324883516104689953987429385898397848357109989162320455526626455216731812611069506873940830098617691570456710403865438142331250037259724120160907616585383342797592961350046847804570869414739031028910909438081482643688036248189833412566241594890195029449313807617261993256990613892,0.00000000000000000000000000000000000000000000000000000000000000001369664488398020998171629906665681535420681689790669265114495867378987186051467070486279867066461874160116253736997428008841606520600488574196798000533448122952867370235250900662016069646305369393702278861295037180656126772441798841529982507569884150663433003451219065656719590056,0.0000000000000000000000000000000000000000000000000000000000000008152595384893606912996352053014822997895553550163482813121078478387175006590333469526952463463722699745145392281844805507988791411200797844866469947380734695442873096305680565913113032446444179296517985906046517999203800591974862917022656889717737006906211852591431389472341581942,1.920188020677696062077377356922482093426851887341536933025951221398600172971453558750694354077768725427681034653827500352399699510739674721934955794646232613584209831781939307089276959559041586321435845691343912849684584859141933874946705367776684353889541728042636605798241327221e-239
L128_g0p25_translated_t55p04,block_cell8,True,True,True,True,True,0.000000000004439799588600001347820040621657444242892145018957954743000169008372752485802580246556347003795559419873567386654310026438957049122964725883625923553878304849790883890512246171137118277153715177597042469346510362471912979415135011110377225575516408819354435312784796829673797594598,0.00000000000000000000006388492563521288345003344606188350183722048281561971097700497660833500313380107080106069440852687080328276790254041906146930287645954328443651284897394231288002106052673912117628852551276443288661401481297829369625818437983930353694630606297721138704962819343616269894606650673055,0.000000000004439799625322140827841541622802744742874860092838774258583938744391373956273697271619133587887846059188398129728252516954901386649155725012390088754610433581719940272889769362574612537133564239083849105930360989890047906290062247851676693322877249319915128805706422596435003516167,1.920188020677696062077377356922482093426851887341536933025951221398600172971453558750694354077768725427681034653827500352399699510739674721934955794646232613584209831781939307089276959559041586321435845691343912849684584859141933874946705367776684353889541728042636605798241327221e-239
L128_g0p25_translated_t55p04,block_cell24,True,True,True,True,True,0.000000003896385745247669188692236917692696863043074185853358437106888554851480617422628993625680277282027007318444858497717067745728346303985461595085953230116377279306000686643657952636922612471239649229107337323459533977200554342479637807701886154904675543693399350303160820661604972172,0.000000004754530546242420660160543477799293200205247415258890821633829701029283741911106511594841663561121264496944273101639290343265085387656074644746253948098793288416219890073097976114027786850645304382782846869587609292626950642769262970352725751138264696674458188677598032164844055056,0.000000004848677291230859563389674561907327229835135931303816141963240699918739449314308748284040719393877019311208128120754399692400668681786237544402528394034153175472545522338928829946128186275344854127063791477634254190518106762450608067643295748617888587891933379807699428591279607191,1.91707741153590713981168710939532732568811062282649700856778796731325550213453581471777202863033514753653669774674819009381076647652751840472167418774685024304002911682563864897887872833132366124695052776916832423640565949376477230491931154141872516075113602401474855947443416945e-239
L128_g0p25_translated_t55p65,charge_density_wave,True,True,True,True,True,0.0000000000000000000000000000000000000000000000000000000000000001074912217166148528345464250442160124690234504970120413861245801770284323092634880191468200075025316305551821502323810126301233345873283565156450421282041974991014185194862452223539999351694866817184791929417920236748094454387668850484374885219047524288058679378329135892847636321,0.000000000000000000000000000000000000000000000000000000000000000002712387249643654579806878205448369243850967989795777751215859166586693395223791023664706591343020018999546164884282560951112935717624099899404362532409079558107166975569856620620160696463053693937022788612950371806562718959130709447017279080652540841658481737313865770356721985298,0.0000000000000000000000000000000000000000000000000000000000000001640375100588959992872194860565302278679567037798380954266468245139202057457885134442629528676485721811682706294843605975633171198755042408276386229962799444975989312746085084653622630069604759923784342546191049797644635881567995941683853154492146301236099903808320960163695230754,1.920188020677696062077377356922482093426851887341536933025951221398600172971453558750694354077768725427681034653827500352399699510739674721934955794646232613584209831781939307089276959559041586321435845691343912849684584859141933874946705367776684353889541728042636605798241327221e-239
L128_g0p25_translated_t55p65,block_cell8,True,True,True,True,True,0.0000000000008881634015879545810111384426656074108995617954208766148114805690587941502284428713356669778163886702755915393362861881110910689299881984224151076674793118359998802609603931278362072115962370716015298571073171676754393150623181952445647388889867144351973993684971776343346133555995,0.0000000000000000000002259095741604919585592197388325218237270365047460184133698841644346168826862958193666986738816613827077380789704361285653672969562264723225446882149133747541338770877631527538726284385014524657606704826537807052082456156201606964630536939370227886129503718065624225270044759716484,0.0000000000008881634086671746883073919126677109997938990703207053586138756860356392492466569295760604995803504368019888153606529807050330110350900727521297032606149340013137187079239551282186731198129010162231643134329632547608498660727753193977599907510122209378246788136130014353460718153839,1.920188020677696062077377356922482093426851887341536933025951221398600172971453558750694354077768725427681034653827500352399699510739674721934955794646232613584209831781939307089276959559041586321435845691343912849684584859141933874946705367776684353889541728042636605798241327221e-239
L128_g0p25_translated_t55p65,block_cell24,True,True,True,True,True,0.0000000008462841451088814038898437357708668322977772091427713800405214896357104989515037310133447257887952456528258433440590958277117001946953711690416772107597282124749975898948118811044541576465761547448460025300825113610284749007916523287106383726721988449662256906837868248788166410029,0.0000000005680591744733118426226923027458205554816848828634196175668991536992926955495463177114567758919878171763493325383291813367684929879680857960919218944074791768375369798323630421357457817312599811106341822408281062993142864301924698021014626041246270050853438562337200132294597246981,0.0000000008804860242170372265856425036766072869808838564314515162050150430020624025026760331032708026101371557426359720974974841950628366957082979379981990675561597341916040462275292432292028435406130488677166132289822677263445040053752469091241079341077474474280753902798562993232084707648,1.918997032521437196070997128671821240896190531990438941026854275476773200868940559237914233349996669557884729153962858798925165578308338807111147224545790797251979890077911970501517855970233591809328258883721925552906024441737034185104411583858200688098263318807734928866520296107e-239
L128_g0p25_translated_t55p75,charge_density_wave,True,True,True,True,True,0.00000000000000000000000000000000000000000000000000000000000000008268918860390610496611996157336063681553343014672400043326078589902237272834536275433361826780004719058761316373916839302776999128969819939361323611538085911468628480996680176131132437342942865927815124120287688232261770730576918599197446832146133228327146299955772621216822066306,0.000000000000000000000000000000000000000000000000000000000000000002080008828682500841492956790319826178285172410127168384960614746568947472017041695107955331246681892124443184673827507273827669930168301653221597586913478978495681602689534668620160696463053693937022788612950371806561185749092671560541278536024584502257801372664355804770040958794,0.0000000000000000000000000000000000000000000000000000000000000001261212205835395684513420719399588736660824066516074711228944332536183317797476088320224709273129901524008319653719706000191420299275400275785379847564662194778683874945714154884219984352869614401095589985027398601876475495859765933704164149525148298528867032022325612126074251449,1.920188020677696062077377356922482093426851887341536933025951221398600172971453558750694354077768725427681034653827500352399699510739674721934955794646232613584209831781939307089276959559041586321435845691343912849684584859141933874946705367776684353889541728042636605798241327221e-239
L128_g0p25_translated_t55p75,block_cell8,True,True,True,True,True,0.000000000000682230111761084792071263416451816897385068291926950165917850376024164694681978516144421836884227801531395907649923780930868509728522261352473126240678248090642120556304894774830229118074211507831673454935972070504556102012729156793304259750465104757606579449294314511040900683592,0.0000000000000000000001921158014266445862434088325003860701621291233745390163254975208970890554416351818135038608422715478625683292447161062123960065778214305821362141102983337747099784331446483148768417077152966320981435576738437669040389056201606964630536939370227886129503718065619551751788153915869,0.0000000000006822301171666559805496823110924932230708713771642761132713099222017004948836502532212110136691802888845114526227367998485946249360401853769995124900207349878403442850645413957172352295120794119046061659053786891025378353331530482115264842611753785256559356372388461848269257967288,1.920188020677696062077377356922482093426851887341536933025951221398600172971453558750694354077768725427681034653827500352399699510739674721934955794646232613584209831781939307089276959559041586321435845691343912849684584859141933874946705367776684353889541728042636605798241327221e-239
L128_g0p25_translated_t55p75,block_cell24,True,True,True,True,True,0.000009111487468919639158438378776148530619076370661559824899820689335029809970963759887464404343992639921133591358557258628793395928161723555435491805116990282985910456167581816086551957457270054655522811657478307183158776643716138642690537480446423488475357991576166412928551570257925,0.000005423471173075707325147393683006152469588281932858093905500269704050676212323971800354709594876434053475544260311488845626232282356814429151192045179379467664091915816850562476381830888279532607187087788510798687638525823013019108693157591483853077131097385538651962413495670013577,0.000009390600904763208145548021261232773047881842818875555663212529441265585630810665079730795478709563016698245457073048933316839791561098874389757186482582847393404656786402213324618350761001591355135453114204161593933051293077689111117638598791354025898590704877548104649497824394089,1.922315139732356930992218807365658128925495634526285712644670329577610830344951682143961415230458919297511785401168921553802073330422000854346657079422714034566317130838480343336563644635541324471126483572712919862206673033885818582269064957547103966896290331033842221945005013124e-239
L128_g0p25_translated_t55p80,charge_density_wave,True,True,True,True,True,0.00000000000000000000000000000000000000000000000000000000000000007252480671017340522554548255289041269739215808547725831324385002284884330397737120188201365976959511312716568082761321967478461796791833815839095077821400398616542836419995673416164125990528539088207698040031581278241978988262602919525525475178917305457550443730004538858179310068,0.000000000000000000000000000000000000000000000000000000000000000001821470633067680774924813836262815926474226433104554371824850176548462649274917291133631203370667873943940778006118803657447324069310892126355600252447560360681346562610377208620160696463053693937022788612950371806561065576606820014385541171786807110444787353438386134862682438556,0.0000000000000000000000000000000000000000000000000000000000000001105887086631820894543866038214398780136048240040650457045566949958649908477342780907008893720803759509477708938548758293210074176303124765355095587174665470000747526598019275497439710441071734748072091902853181208213341937243835489973806199742040950554101221197537159502144103706,1.920188020677696062077377356922482093426851887341536933025951221398600172971453558750694354077768725427681034653827500352399699510739674721934955794646232613584209831781939307089276959559041586321435845691343912849684584859141933874946705367776684353889541728042636605798241327221e-239
L128_g0p25_translated_t55p80,block_cell8,True,True,True,True,True,0.0000000000005979303708833143932729919138861190658022932748869439582931956156204079594227738738616585949108671595422220997425708449596496369798621102152619531769792664433925219450114855636795321317224181161262329933632265802435448542557281352478980016672347373186122635272546178100271428028593,0.0000000000000000000001761047135791592488632490954003450925251856026584159853305523042025282589352703187512792264850792602792697956584079608639507861513613553629458215610310400520257075456054433894516121367901728123234339928892581529089121416201606964630536939370227886129503718065619821123694185561194,0.0000000000005979303756069277073289192246982603502785179289844089091783498739086745980017681912866092286196488339882652015635036168903320856015684451565570456149503712997185103092192087459249722028206946376791807895295003032597417335527993568266030868323482060282964259718235714039836673729531,1.920188020677696062077377356922482093426851887341536933025951221398600172971453558750694354077768725427681034653827500352399699510739674721934955794646232613584209831781939307089276959559041586321435845691343912849684584859141933874946705367776684353889541728042636605798241327221e-239
L128_g0p25_translated_t55p80,block_cell24,True,True,True,True,True,0.000007979343034853355580384513726878299768997125326000815107673999662680459164896083037485713050294822759287690040475062906942408324248659329215437705989637184689183403036138086455583395753075296427637849213250367596483654215957258142565678575373725058042386046088631563842698544799678,0.000004345383086904541466314826084913674668579585403385303932291528426199063802833735744646906150082604477936533827721374019326124332710820499259431466930261300237572385669342463757883500837904067462503024835760453860628094359964142917010346850563691323082994478147135352093856788512554,0.000008192291506415576817160876699612102209244107651657905811707717918930892443446649503491258067041785164687695901545745280508284677330436884165312330719249021411471575655486589109576533464025943783967369082121615055351391882490999457984320047909511262992899157627969251344601597937672,1.92077402389196368585259073620492179830179297777565100542707378690419422867815500704408355836200699621235619175423307570331915837718386738206704131053968176629311946650512916631656396540165625434879470601513440492777042355446581303608563349480417347071499865111146149732322752242e-239
L128_g0p25_translated_t55p90,charge_density_wave,True,True,True,True,True,0.00000000000000000000000000000000000000000000000000000000000000005579075608404229754995285225278144620086075786652745986591786558125743255870847588105422034464253229943040061436566492348231433227702929878028455367736061296884222694701358182160751526698428429005654328881043486655874525491137214064244712949842417966313628488975081871265118981451,0.000000000000000000000000000000000000000000000000000000000000000001396807856943532872946898274674461672525315721885578663239999722001248000898744537568071708281334894669758889603705437473339470951267640458370706663699669102532914409772528487620160696463053693937022788612950371806564047464218680999893326577039603270832761111101860876528533981346,0.0000000000000000000000000000000000000000000000000000000000000000850268864634621884773968885331438736772516264332168435343002798593545670122640648328482801492241521037679313826369066430744154265213603797411345052429241393100459556511123611883821654468459623553764858438659659399176198551345975783610698695357648345494076814007260331942063091455,1.920188020677696062077377356922482093426851887341536933025951221398600172971453558750694354077768725427681034653827500352399699510739674721934955794646232613584209831781939307089276959559041586321435845691343912849684584859141933874946705367776684353889541728042636605798241327221e-239
L128_g0p25_translated_t55p90,block_cell8,True,True,True,True,True,0.0000000000004592947835810412187306677005133448900634606744322329616282445541052573491097906812214400226891205384477439747752525840294088502095529507119575848754593882040283984108900501960002823315759739555734640405137496061620592803862694862219785437419414876041200253572215259932899171524667,0.0000000000000000000001466870315141255108803182617013840653680211681930467248267581250484893707979200609371400550017533102728044005973400045934624701117700890594038190518001301289615361372751341045606250783815040140698342613778159752553704616201606964630536939370227886129503718065642431966562223996502,0.0000000000004592947871880611854299575048505224169712371458801668546179280170221055137419508805962290136906024807534374778710340621429917065159222408708518825301722338394260686047926836384237735396974806408518494986574653783194363589427953927198402571524707971392866543250430597318771907082725,1.920188020677696062077377356922482093426851887341536933025951221398600172971453558750694354077768725427681034653827500352399699510739674721934955794646232613584209831781939307089276959559041586321435845691343912849684584859141933874946705367776684353889541728042636605798241327221e-239
L128_g0p25_translated_t55p90,block_cell24,True,True,True,True,True,0.000006117265618775412634098318908338970717417415138075761575000015115663979286116034807432495852830216492888717369381782569922865562637628234002082424427795916730245667165993007041310823183760889804645412187025444640024211312683482603417286962757379842444671204581701531618292154478181,0.000002772412670738020766300387875867710694829769207585603776069501988536406515838708253405020176180295360927658911068143715418041598551255880752382967551452843941094800176167346328617336320551228613064765441033357771480429193127518776331926371026732623771456171913650102441868501086047,0.000006241368802890761814419703642512514952824483885617479819708834323064455080022448943271294406244064588516172805962365052343400799318510596040336465095646546460411772997296835451518768874279153538058982944977685806169469616747029185793644983090471064465491156679729917240803753685586,1.921587670283106205501505317888710174832216457209028280757827565263859657255374934403380141732206992400903817093173714696213150615735512005702365739159624478008114123454764708647042894545086039417564257359031025880390588063205568594281940755614681109744832820352086821849298507801e-239
L144_gL0_edge_t74p95,charge_density_wave,True,True,True,True,True,0.000000000000000000000000000000000000000000000000000000000000000000000000000000000000002146134338404718410563144770156730049610009937745620314832666151155868564816655870891166260222689745183550174963689827069230598684232824629381461926009645574223837152813995725027332879799454523047449554589291615005156574576610673877043167808335389977349018090655052813481490560085,0.0000000000000000000000000000000000000000000000000000000000000000000000000000000000000001795099850347375163050017632890143696474444132050226556626415476046879691676706870944621251701468484041446472336756129615048830046251909052655686646483025562518606125150533129589685365300223107591981358554056725410785664485492190536500845770991808290137349063754500388780988159023,0.000000000000000000000000000000000000000000000000000000000000000000000000000000000000003369637658131633477459408308050707007570157063669580401960857858695347603864935878291953565629416640692150642207316481228791290296369214166615979952855670697844889459957679380936974935363901600701105473715172637394100580992784587001111720432260290790986567158679072157770435870062,2.145829119862744577104006065991704361698088351765581176315329016801283217477582216322712342744165879837218332912140365573210579650089404464143874827360284963431248010207092949812908658563171087573416775732540393369281477062521473990148598940078426775902564073785143853043887048559e-239
L144_gL0_edge_t74p95,left,True,True,True,True,True,0.0000000214122911503723763669616189963136864331738542737877453742139495502537847106083438028237855066532279842146081843789472786283429429164641247409870764726838191503675430293776521155983127614162316468922108514776628151047160246410308207567246081912463775151469597246897463400706459703,0.00000001601729941970767552109585386395111373599187856651700570500724687406078261386480909387793521572631459020869092738676942109139281701014330699109472207872686320755465474529489749534123499635481760818899334721942704298580896820608809035777233909069476996813979627703991687745089414468,0.00000002232013290847979883929276625995562971846283274178192327731676423242509091180793937400858853308807029874678605183514453935291574134502558585521075697109343355419842517360926135602404040793946122703274891083845372193114427161180202595576131790506178224959197501904017018304761262766,2.147444137968147865201110248713449565929358196201120465648515785788217300259095603361650631072834471054542566571291951915222042377222190656803315499814152526668242985612211530696139196627610739045362335970209908638213417593447450195680567925605799073720626924753918875346795883083e-239
L144_gL0_edge_t74p95,right,True,True,True,True,True,0.0000001901871206773738450643742768650573880165064887175820525427832972037430432998800692999632008480210141734416385033575246766719821712310333574632661369240338781227484026235481820000542333664054261687486796720323214349665338404276591249540716405918226550744301227074599801909656914869,0.000000244128906804990062778476787962634864761546302076332582244437892043893777909209899379073626666877175666938596713984862230083286502007696626146034720781462787572122176526563006350847441415548088992837783324771981491340446862850090091208516426223026075775537830926403374796483204247,0.0000002390198616857207307031626636513151816995251539046883697989207222955509045648133389437297651421844525477842838561054637355405075362462318485993924452606031215751355371800739631007759650492917018841551859687452963742465594284173879161391477327035700161733091740554661591264005785841,2.140631962451995524909084767444668195047655873348041789763083117564148658899067026191976553947394551818942556814604701550146922556748385952228748274421728152927454957543593724791296573026589483031156551632936619823364008218762343105855990152428757791769077490381860723753761327835e-239
L144_gL0_edge_t75p05,charge_density_wave,True,True,True,True,True,0.000000000000000000000000000000000000000000000000000000000000000000000000000000000000001647109336001965463473732246579232235108841606221863327502804988789236358287827008368940167155226700424704543333171782710275138574392109980877363843719756588816567560047323244701160050972980848104972661690072958723289916545214549784136631451357966564606540210456281659322849889831,0.0000000000000000000000000000000000000000000000000000000000000000000000000000000000000001376881660693278497172038657966226455093594968179932985394180750908938682009465930114520385308010250727120790534977166070324161750144887247960681781476695562518606125150533129589685365300223107594375768627335979739092578712782062218775215384734488329227664190991046280343963681034,0.000000000000000000000000000000000000000000000000000000000000000000000000000000000000002585244764551813298180237973461965110318523836121762807335452531325427984731752126327456162178417794969751256909817135353675458090465365179859794341998721046560281541389922020969505799321014032869682865852828687720670308166512964194552620016512358620047508072895941895288480161456,2.145829119862744577104006065991704361698088351765581176315329016801283217477582216322712342744165879837218332912140365573210579650089404464143874827360284963431248010207092949812908658563171087573416775732540393369281477062521473990148598940078426775902564073785143853043887048559e-239
L144_gL0_edge_t75p05,left,True,True,True,True,True,0.00000001642942192430343594958243451432811176676622441449786776872946275457145349333272830780129302179305742071583970060831724330170474699317954960978337150813479243967787657205923066772670371212965759469520983324795820727974942025782213302908822938331707481828592528229643322382553860758,0.00000001038706586189790625548190482394790818915423292724573540365904947417883442926659656265902576133801573147659951800913937942145261300589887623781061641768108100407869697882991319676954642239494460937266087866563962848840814414596295216674562850129515695063737544750377373384315001987,0.00000001695626236225684081084287407712919300866670845068835625186390486748027172330238065908006451858440308072699647749059721570252375304900735328989793808409018605190232745332649420416605467828223296019096386186070924374438991002245889465070589318415890742106615357217089101980905561748,2.146730095103033967990301154184333389265394643417134878664967490917069367284051015288013249928773559718706895468107702503310994196267047728560675788171301490384103238382945799296232591905373768463264322125802337936669102928713345759922720426607351357912198768637871857940461206531e-239
L144_gL0_edge_t75p05,right,True,True,True,True,True,0.0000001529853153983206892670821980934778654083210483600154307705726151012548659164733687046946902064811289915636161115617106939742541747568540735155798595588367725987967595203628430853707409103631533668683554448133296154732702039818795365907047478751453452238429292566818097673334895312,0.0000002000611318726091550309093103172420486371315786576973653115488749550441331273939726888491084308779114170459820863783013463813524310811798638341416094650103792134345736325170406602228842072555984962974441800467018294138820626802786086222821068753091054332878285074220079730985388172,0.000000181590286832032664175130399910444069875837360519480409686575395643506847076825290540687459556277091511761929977667033828561559654963914227633511006868143950272328209313524368239293395429074839627102410431002481469310209004705158854305052758137014383795024778192679450303601048802,2.142437724715434477645696390841488863504440573468082930920559945874577277560458886220243077852691926368706030814471995409391120286784915009958224327787596847546503886575471151820149236146890366699381377555513034384929779966481666574167880910729215914211247138840325390016834559397e-239
L144_gL0_edge_t75p10,charge_density_wave,True,True,True,True,True,0.000000000000000000000000000000000000000000000000000000000000000000000000000000000000001442962987907916075798600062483651704433205580648140096413835908933379162682812752532666852165423463770206233307869483768700079831572090906388811841369089829684201704669500226835879187064512411905787530751922999068050141862655788998092106985088190598553954474744079873628639170035,0.000000000000000000000000000000000000000000000000000000000000000000000000000000000000000120587075127025152184475688165550266722145087426474697178949550394940098413645832647407955709764965106540957646280752129281486175868579712238327008259597556251860612515053312958968536530022310761526776639968069886592217351777193942327928329055131078048273865038787505647823741616,0.000000000000000000000000000000000000000000000000000000000000000000000000000000000000002264440837926160432614996244370744511119466319205591178340312917043158002279054715499420823990509723060229753156656270532988199792052768758445738260938740163036680620899124887010203488946196857451342984900955679039744199502405661693316446178228771736877138341085867189451315917541,2.145829119862744577104006065991704361698088351765581176315329016801283217477582216322712342744165879837218332912140365573210579650089404464143874827360284963431248010207092949812908658563171087573416775732540393369281477062521473990148598940078426775902564073785143853043887048559e-239
L144_gL0_edge_t75p10,left,True,True,True,True,True,0.00000001438621365792295982129701904159130340017850930709434865520654517692468127243678471947811239704837791701801183894985888694697083334764757374853865725970861973739462408862455709003712472793245167194439894909868146413828127020136313082630182228357400603113204058328350922695346324961,0.000000008330849693099538704558564379695025860931872280802362996914878838384390706538099105748635435291131346517710789261965619635377249262539189292796149945767250255245124328298505997228192353423466269218739479843852450452606203712420519411477710408895306478604123749430166813333589275416,0.00000001478783490307627881741511384804322088050734550510690779150201441115647771173775283441675791405069879393314791006881228767550430255812272057186900060814181758618799568403400928300045480949390966618823393730788079109719834737560293210524118859952269582239448643382368373192864663015,2.145645718107912810551787342847898365576933806613719862709088311431130575233868258644225454736606164550622067748017839178170127360750035059020443822004778165951918659595858089459905274260697652227198858895617678949477143181272090000937170677165362018777956889550626223643391538299e-239
L144_gL0_edge_t75p10,right,True,True,True,True,True,0.000000136150318107420827106811773899597073098013685946969198004720182343851247196024659901795910671637734573090235319757761455864392263128280881245352093851776098005225160515085863812814701066269032614633366492964378576484373646447602578800685825419607695345091977837678910211908864531,0.0000001751086306669051008113766473839284219664108072340457102374392735265077217299651497318329869708346386359194348280221780195030706642248066437787322897688611970839776947227520214134282178912361593656106373099262980257750813014945906500836993039194482385270016127836114552656768943447,0.0000001579509104033102377928875240459377956988140091106949161606135773542266642131458933513334818805467850359053713863109814097650951102309872610002752253274361872693106769561624524737225482976770256063502322777672689424347353094903074157864230327885396758429938081685340364726913298957,2.144153505086572751042001273142972318680931214488923693896242098658041974350410745771888397315659569618838717043036331010274120619139790357354966026663142451141457039263343291073294963173889005158379917393921052384262560823496143581571592942843230879734502494942949819252809058798e-239
L144_gL0_edge_t75p20,charge_density_wave,True,True,True,True,True,0.000000000000000000000000000000000000000000000000000000000000000000000000000000000000001107441303350609678244196740188563382748713421906645144925522778641456270864063812380964311455180163669554237365571735766592699846403523337807585279224585405518265120440405798702315069744761368074657941905415174985319423905881982935056603607239571694717502940774422444552812406442,0.00000000000000000000000000000000000000000000000000000000000000000000000000000000000000009249310091563783954961942693668508375109245685162432157118976377606114384010666647931810839153663707848575304957380041917006314481462614377771466232451855625186061251505331295896853653002231076208684883557349573121246007754142156382560741691281976284774384843378480905961828274355,0.00000000000000000000000000000000000000000000000000000000000000000000000000000000000000173731975870116697415608358876711130285095996934453805387631852804414341584924900611438142376323868724141000472431555482914777451031984936343435247967835138799189296576933570521395034486619310237848853536392442703058269012569518557414826560280415187703244848284930991945881703693,2.145829119862744577104006065991704361698088351765581176315329016801283217477582216322712342744165879837218332912140365573210579650089404464143874827360284963431248010207092949812908658563171087573416775732540393369281477062521473990148598940078426775902564073785143853043887048559e-239
L144_gL0_edge_t75p20,left,True,True,True,True,True,0.00000001102544331057376396038612447031716527380850895852638969218390375175910068085106841606389688237516864008087723464518455608478444426744479660784714979717860721843259213352811153840820705914825746438267017777070361697728569588842585147988743063033398071660540799301328306860400228055,0.000000005323558788266810628604953725899345132426249356827727591882181922035279759873168699102293479602947541917559702399118383787518752150352999319297304102090463430796782827654617892136105046788328745246353652594736484061893137596804468186953551036890334475861061623068643023255271154937,0.00000001125913157800479133384276567682775977810112416244167915731689254118406631124985354957459291733704018171206079114489956518443356786276802149388035897638939726477071119730141103954660950605716034224185393376939580095712715658569295447168759858161049088721786221694215219429789209987,2.144840579563558300952896200969929541274895703254076581732448052900278447135021808075765566654335978366961370857958506893351365815840557185623281778746925401919134239397334261354106411237259077908276134787064423540379647201095371120267875576254186125079994898727556375210790544112e-239
L144_gL0_edge_t75p20,right,True,True,True,True,True,0.0000001067041452941586531723495815405943207979736755930685803076867024719675749132752725889843682408945773179441512035849045115547762347979805475042305895932366072275347902769164971438597147965761475594044012913181838084402612400573182024872834880630002908116283729089268940515541628554,0.0000001279951052367275754257486711449034585344745213227016470643692286319731303233787254327585262359436113467980014312964379264445138805969235745134586960625302057249871393017203615834822358274545999967826926734781036210972278016393413923774707665724028391172421584926426407824688681773,0.0000001193145349867949073969343221981286488703811479655092966956589430275130068590935766862224053366410474800669448182573567506576624059756687098641701587998062163518167182817342248542681775132605629309170799826685488599675637261918666178174730849693383747698658598319675511721958263529,2.145062465051614511495960684189928304679123949138595244932019432869494699505983252158583869895189746520456860745501713383310732482120920901958577111466913153312631523644916864904891866877114154820100487624881032023019676524203725343342816139343719824367687018558627994950102594164e-239
L144_gL0_edge_t75p55,charge_density_wave,True,True,True,True,True,0.000000000000000000000000000000000000000000000000000000000000000000000000000000000000000438581245053958129345850873716027661399099067301628345462609857024353396903087411856939276580982220624726911116815999931759401587062575146682844990021342802010252601606467875575882006097857609667919244800446621356082996616545131647442752095833662921016494111604372003764310344489,0.00000000000000000000000000000000000000000000000000000000000000000000000000000000000000003655462727721885858271604202656396420412262498503329483730439969760430219215784745803489451710739927458178540229009735952910628777126691992511865596248755625186061251505331295896853653002231076211232639468591163538209142887920925612764953927935986035570581673376351179098890778586,0.0000000000000000000000000000000000000000000000000000000000000000000000000000000000000006872221381571059542906834440818497924982809879434095277814548523215028953677496906928531613757629926461475655640484713088468812522967731711241301477806210970238422745835544137608058478710606245954441541225528229955190234061359189468096213663716757655403170956179815996114513405739,2.145829119862744577104006065991704361698088351765581176315329016801283217477582216322712342744165879837218332912140365573210579650089404464143874827360284963431248010207092949812908658563171087573416775732540393369281477062521473990148598940078426775902564073785143853043887048559e-239
L144_gL0_edge_t75p55,left,True,True,True,True,True,0.000000004335318973903110106764524071828223246152860032163991272216095237845867497034280569938378402623557475675316402427283086776861884339382720996024511527810990374782220842170129489485300571670756310667915666429298027027791186915479166440097915058289076757477427267330397895016146903683,0.000000001055539183346218185657401782381955425866114280241195521670287592805212489713058634197771154132488754346962578123082047517621322883030511314826018856857995297224709638438330917248295259104402193960671169819856346460807225491322093261498542394812931361519865621910783840891217497707,0.000000004370783361832393563489766383484833039856625570863488822115723822904958003413831718375300315757655049067760459142971785435565231761748362296438965093500870639205870102912771443098290251977546701803722595129580885024776624585411379366043809005817109848225701264079118198784787586839,2.146691232752299803825351265387601089858046680196221082770163531780065685578470453883824118679346805624329761363073273565077208551166942794841095230187741924245948408307156261799228354391713907589143471973345084164429971458235886747463812618740050706198231864567506679924228235732e-239
L144_gL0_edge_t75p55,right,True,True,True,True,True,0.00000004311991833360486993149700459852872233896300417768276347792786295833384261760374940245815077813236664342451839665414339382567173943041408424553652553958486895610694308298154439736276840873234417150183705875921532486420416199175127413570087696740330272919836953653011469818009080349,0.00000003255142959523999320330434940364064819830830920429345620908218947339726056485488830175522410688939439109630254603278996909062567767694913721514037563284902279307015745873640288452642459901217584109316751663814628867869890402949288148839007752742430511248780927013856807671009232478,0.00000004497161233458800315647465480979331230292358660252222286386838875845756517291414207119048623767465913176620685026545712878666922148790367191913070945617188925174017700853028955694673449229957314596275705739699585023926438475074903672384954054398739158873113414920080219998852497441,2.143087786666802390885765283033766242285985008155695858834324622708157226452301036758024894696867781908732012308145564873778176308055626982975610504830794648205534703037961704479599163207728463281802939691447687969388453015530502664405816174489074258973686360639965349712673241837e-239
L144_gL0_edge_t75p65,charge_density_wave,True,True,True,True,True,0.0000000000000000000000000000000000000000000000000000000000000000000000000000000000000003366011392654543119000250136947266324834481354339127602911629488894951095225841494332911541266353516612349058832038219491268136576206788975798185021088058535490005077361343553162187273027513202830126906834500187086825387799231321486617837342899390564009084814636343902811041763392,0.00000000000000000000000000000000000000000000000000000000000000000000000000000000000000002803836249103164189232625996384174951320154387804598560726094604001872759364234220659570316060128300706679742724767710074675623526132453665854214370961255625186061251505331295896853653002231076484338416147986791999478329617343991759487750683659393387993629569658838203173336895713,0.00000000000000000000000000000000000000000000000000000000000000000000000000000000000000052725033334666502309091356752745312676997143433252444181294058331665171537119139251310660998017829307853412393593984734168888536395487958665853655370020613487744744769741316116261376586481530837694236362251961171072283724508953409902780511817402768484741044556863003943903538078,2.145829119862744577104006065991704361698088351765581176315329016801283217477582216322712342744165879837218332912140365573210579650089404464143874827360284963431248010207092949812908658563171087573416775732540393369281477062521473990148598940078426775902564073785143853043887048559e-239
L144_gL0_edge_t75p65,left,True,True,True,True,True,0.000008739832308548560117441534180564614525198960125615268392881439631267469874933602856659511526846500834515598351797296110527209319798346674853152303995144732167603591483457050205429397918794506157995704761141212120955377226574565102912417151619421059195220889477846318510278787371421,0.000001746475877379125049546615322063968780469775388076497689072858867119706751545618493442549072663389321506859115937614355695967731772630843767687680615060732820990378068387988906642323967060713266920680791561462878283058164272539702194613238556816140029189347953326253310364343981023,0.00000879449534515892750072229205480894195313919959915661126531398777707865339293135155808732647854286235425888495853573896758209749449007013906029250628368776185884712272995705065603829791658766168940821761748621982897497688962076381210609831930179976486456247644652497106546762175117,2.146432789584647308142271406002489751125652183751464894049257687089571298372568494057676944260828085825827025601373041343915671912577068432999166440590697549194544159397716549571925750288719500775687554661352473133734516387365666648355764524218200013556608106847736882089775479452e-239
L144_gL0_edge_t75p65,right,True,True,True,True,True,0.00000003308569720898618444343510532263839692448776832957632621324695469805897798453719048015687432515605688850969488086902817654554066130655610337266283246300559225900783300130803060341190297952147035721810941873365495736636399608386085929358024778011724519668786304425952179436245284229,0.00000002111921601305120090302256396586818463564327240229805847480701022762757585076758387337004164886258934046902188292182303084982583349208346500344913917168991697415600932597160344062573851997727320885717404880728609537387944674407555197151446504610655774294239138265653178989214878081,0.00000003416008591113259121653136887645721628690018682454938911109589269415654065484563733918030287472212642615992435200946499136277560355874321796945141807682865261630788801514831250521358523982729816491650523339719170445247788712437594546807009191216160310717664151499831478860675513055,2.145777722597532880343988388241810645581128632532436246223649739530306041298576776215665371005932138653362418426865238029127847579172761706576946346798835418170510955739314776931364679584563451283946789639184979832081959101076312630001263107371166154637029977343734684311168836289e-239
L144_gL0_edge_t75p70,charge_density_wave,True,True,True,True,True,0.0000000000000000000000000000000000000000000000000000000000000000000000000000000000000002948820549014901251063949443287412132425137081515020404350894211444838110584520536334050092478701558513544876898051894100043982222396698584212796590129230926763027865346285298662544766343665380784083693383523779950144534687103973684821630741438282248447359534597242636823525477223,0.00000000000000000000000000000000000000000000000000000000000000000000000000000000000000002455601729419871519256826271592836864982763629375683188125869930526980731328904885479582362944391037821929332493938515918191350487007083927146043417264455625186061251505331295896853653002231076215630770034241288832178914517453999899346433411597479517786836536272139882743853850248,0.0000000000000000000000000000000000000000000000000000000000000000000000000000000000000004618243223856015420799727579087218715376951418828785494187529349777490346800872237897107581790256518213724773326171694449696742949856135696361773543293853412409395631133642327817741430635324377567213602151484639982540055440781651370675454632085109516433326618737855717507749434333,2.145829119862744577104006065991704361698088351765581176315329016801283217477582216322712342744165879837218332912140365573210579650089404464143874827360284963431248010207092949812908658563171087573416775732540393369281477062521473990148598940078426775902564073785143853043887048559e-239
L144_gL0_edge_t75p70,left,True,True,True,True,True,0.000007646901043497938248797882900120207811009854251136611486211088376191431312226231306685635805848279783552615490710261347189175163778690543408866834470540224691793879910649274312987460644810413986837753167505575592790603364002089048301490539249265188472962428060285176257494986827817,0.000001376594090326316887851264110293229740086013534536039902414182465498323310034221560552902157239086526021986604865405612970240513025480182574257093687281525933583222672468170138321037042925770249548841150579501288189934111064887689623023535222694881658546619796908766992129437362848,0.000007688700121820288727658170977874763027819714052615010220396854652983544784458059609043388555066039406496907411848636273920690972836923994218374922328078446561390124447871058636680826173856194934942062736732720159421374081137020594572752420189871224944635314898894961498782123622655,2.145786070064117790676273094909572027204015670005920856376771467523006461413534647577910865560511790978517667155635857282088638160522493047172597180922863872037635439668739614838462963490748141748654971821440425401480096522755411316816430471857783613430592835031532769613623748365e-239
L144_gL0_edge_t75p70,right,True,True,True,True,True,0.00000002897090337525543427989653237982480490807977329836181987920456760323915173651103187825605925542300567815780241546105544103548403121360668810864155186230673358344569238046719829849983625782604040126862273642744654633204557988826191853958468388423945252190081765944857638813175984655,0.00000001694165991203040353247898984021304208800470253171672457139417746808124211345218966026234652001972764624062561677281288541836368981496841863134018484844144722793876903877185588505055762974282608554965124994951322819643614009969569288121641269363348436584330098346599611766382159719,0.00000002978986373899810560496445171118667264724333869880041305980987229739532105954460668582246396838957726418425450620344823862488714831884227686079056139158311490825988270140481926578881600685181222262594920587449441071827613254094860279607960037210502241852690329445051116693517860214,2.146959568419503010024074855867560811679372652360431232262243016514323473487260911895121160211881010910547787928285651441266182301191288875403800142707402403103268853142837204338712540540958302337596964757848663281873485749965142761798878606062394384046245632676014805511185755914e-239
L144_gL0_edge_t75p80,charge_density_wave,True,True,True,True,True,0.0000000000000000000000000000000000000000000000000000000000000000000000000000000000000002263152762416192077142246098033454405138856639065205843310681501832529590519926322286454738465586382303417282362972829323548273821083430852554184779459727943120637504571209451451280872168857955469653184777294691518729055738880830148936234499422233576160043775805251654184784971933,0.00000000000000000000000000000000000000000000000000000000000000000000000000000000000000001883513691177656704095748780023624970966901692425472140640213675645910421115281665199467668788101058895556002277943829304329206193469929517887980987434155625186061251505331295896853653002231076089019342533306348628480111121473913734247067043877345351177647971009460190118199611376,0.0000000000000000000000000000000000000000000000000000000000000000000000000000000000000003543209523234574875476264905040633929382810103235487346689639179438974481666372101988353772961710975387325734976182070103116674053772524706431218067965611249074767963059901094752269680145227194773308801355349199416590349930222365900948257062668395019303911444630680047505740981052,2.145829119862744577104006065991704361698088351765581176315329016801283217477582216322712342744165879837218332912140365573210579650089404464143874827360284963431248010207092949812908658563171087573416775732540393369281477062521473990148598940078426775902564073785143853043887048559e-239
L144_gL0_edge_t75p80,left,True,True,True,True,True,0.000005853876525752476487298390143759848279772725982693381485413317466430196107644181179000451791942597687705332825296087927159586792889745213472998906472965804374821336286643468497929514823884559851757299205885132914986238639125592976691679680789510579679431282844462844950637668750947,0.0000008531242185293131025124655843963406354438450076214730366303957066490083167960240373176934629895463058168426855368876750998493822525651241366363985604632021035274736001340130894101719865981096465429515652693843939405701471032550991238959859213104179965866121038165956050750705710664,0.000005878325735034710874471320576615320205630595463360289456023943396046448244710955700205130313758407025585303843250309638226942734833425021460895645149230277087619101304435039739707148225066423600321933881980131435242007781944061495219162924186157302626952781157243687258743216880843,2.146233406728596093947080613530068500035083007835406111862036170057875785873849527130873383066022437713377389039995217510825707175105983924659582818951974534198780578328433878487968844471201878120133491985075968184359793063358694337003598128473146341370130130316196799744394113532e-239
L144_gL0_edge_t75p80,right,True,True,True,True,True,0.00000002220247610648964618546722624545027926121334597873313003960303478559019318912059725597742713669833927866674233172944750434072304666111720141350514345687968614744359821418755276055667587084340623578873141365180208348372165896763606431330621431542117898349256796363662381774866239927,0.00000001082934694140806204613029302900707547068213930181411980846338708236351465259789096703388284680698132440243118262397416489165351985749306805968573033040629665383444819707562389208165765008202508369936846873004902856453377033241737508922781243854998532461270163781467948641166537604,0.00000002267892466494536182817593227501409911246409660964567156217576822348804182215174415894607485134924606119063448586723326231347305271409438212588399727591731341224964171835258577010325188934088319542000755860769395579699759724932692879895134016610124771097534556053512074476172315705,2.14481718536663856811759746989385153635507702809131430394031015827936760284379322133763208547943547545880909327240334736067848897962283987502226728381334504103257741905185434088024179625385465012203879872864450381628204533185138529028083054552641664920154622437068210806810819635e-239
L144_gL0_translated_t43p20,charge_density_wave,True,True,True,True,True,0.000000000000000000000000000000000000000000000000006658134609365903388920802637974934873341485172820319847559118033599803211466351263052215670697376294753759965926650252389330554607092103364287484473185880716104712124780167775703537127147190864205392178802227043056160372859092268622671256062601759769797420952338781083522082509893,0.0000000000000000000000000000000000000000000000000007161842283561938739817690495809456394316614311123065753932141644038056190721636930566746754900724519047884164927574721275203534946868085103088063656902307263714281321505075337986908529702575562518606125150533129589685365300223107645297646356194337996459272802663329538095770804501,0.00000000000000000000000000000000000000000000000001205198677561427112693356099986928290319995355847680947558362989010037677233390956504582333649733184205780293283718731909610421568020230814524103620167788473093471835215525152891070921027455645632628052856597647045817273638254505980209067205112846470414009918831337257018939479022,2.145829119862744577104006065991704361698088351765581176315329016801283217477582216322712342744165879837218332912140365573210579650089404464143874827360284963431248010207092949812908658563171087573416775732540393369281477062521473990148598940078426775902564073785143853043887048559e-239
L144_gL0_translated_t43p20,block_cell9,True,True,True,True,True,0.000000000000006014201173141054023306476912274441244669032125399651937761258654031416957615888591031564213774751341378886500062211254528928223743561859297032436113014720655904525054185440461247139015969258660907422908232163101461637494436720987036646337269107843987693588738016279138523732230324,0.000000000000001334365876721804575897127942921317159586859603699875970650904758560648257643763889810780666836552656107225825644361418677274378718619962655154056280260497990720714430252734777639406751116112531606686835579738238360958702087118831523269092105169142161456374558398488795837980424218,0.00000000000003826187801611133407595556716317703489570131060146687021734157274298708659501245571167752629013307651398966149875021347360064994864160855888971707994553316909851975489483235201423616193265739906501780762031755316622671991499268723698120709447612709847393150094499241933086304510113,2.027383041368809395392995365772958188059391582371298181001683452983235016906955950568968610901956677820259255517937084116680011768118030826920142815973885039654255245966148473383911323854162770452580555171567366852793403495132374445246570241378340273054380015167644152724930498783e-239
L144_gL0_translated_t43p20,block_cell27,True,True,True,True,True,0.0000000000001408030100986670641876766624187527409041411444547634007450816884827840989585570345144766396615923077588196411873260418494100673781658266381271981606526828768647656738268622848260037761953650364559754266827401167161007615812837159902239757925297151445769982753949924158939138878709,0.00000000000004259023794476056493667378949507278126283212816943767453289500489240814506264017642166802875387217844841276355643450628300799133806101646366460390636723614422620058016342287813732335580639441420047611794799341228518747005438161177891407043885229275313720194561596927459482716113494,0.000000000001303496952684426508462050170101519976814306256639824294322156789355048951946731423915226857507396992890108527624935164280586154306526718905770761396523709206563555354630461581064720844271789149019355376931488085375385347109495650860538304044394811062169661283420917511549425438641,2.03489655565071653729017775239348188068092880267850323466632700467475070701404677911623323408381439797458395693269025002721780162559304951338749181377961090442538484116000295159168327909909138064169939490174894923908690169891586984749862317498525118627631484723559704126202352294e-239
L144_gL0_translated_t56p70,charge_density_wave,True,True,True,True,True,0.000000000000000000000000000000000000000000000000000000000000000002028609746315153144743551522445469650864550538507484449236437674356399940793255926678784397997553681125332182745792367624728227960373713710166459985419263989565032405581949521898658746054987727861501021487714183478556048411658303800040510123081130723870820418445214909778291596166,0.0000000000000000000000000000000000000000000000000000000000000000001924517145004460463181900971573042884248472907077817568064770930724946518741244753612749124491065970525526504599482779124712788737980099894033337523321413638924162436115792625562518606125150533129589685365300223107624471577599840536490356683144928274916652709135918861282766342006,0.000000000000000000000000000000000000000000000000000000000000000003421332646797894541165043464362743518879567484333603981914397462859006032021806771563730814445968455782069612935328418144302277977425740699262214559453692405106947756399378341791670888263865590407534966923202991294595958163785580455472684133383735281205106893728991479164790034851,2.145829119862744577104006065991704361698088351765581176315329016801283217477582216322712342744165879837218332912140365573210579650089404464143874827360284963431248010207092949812908658563171087573416775732540393369281477062521473990148598940078426775902564073785143853043887048559e-239
L144_gL0_translated_t56p70,block_cell9,True,True,True,True,True,0.000000001375921379780350913134689357191934519447830347393155663409434919056187956375790001842566589685158144803003064818786178201955597721401099867533714757024325482328184272544011810574706711255821330188375867617905712690024340298988418308360531096864749206542400397482588715087461137054,0.0000000009161336669886235444048066292469041305116157493006581540014009748286681375179010703370677197388491989762653641271764490571013848443721390747625571936246725505445626639171783463432206821943653347466065909545151815656574226776270149160976343877815116716302044897144202730675005050025,0.000000001433045316971041795004022274149116920218807628064927119646488860697215325550949224610730397787268427337779384760756708387134193034251424772032647762217945058012807717155383951733437971617682696867790460730640120402705464823956676455469307412901437355367098765662163721035421661253,2.145301715062890583276689823330242461674199134660975999728692543751484028657884519469616824230435383040077939038749189518119831314255457936140647150022356512009360833379330910678724512083245528861290799756097766679288676922901411721127905985183563155837279578168365851727570186534e-239
L144_gL0_translated_t56p70,block_cell27,True,True,True,True,True,0.00000001676831777950971030741307528257824694627980730645372035479281250367739944504112351127376585863511033606858928285874388137576569899636895902855580960261209652068884663157856205312893000670036934965259390364241596167581583079119519820836594029733229635290684760472666153247363421672,0.000000001113556684701673169460857013228320373434476649719922713990785489582495372591886677810076270015156833755879237455416511895706265344895425578788744830307433723153793739248826040549688752269661372382439546688011394965628348600295335177758250130353165291528704431047164293385940230697,0.00000003132173157390383565200792557102791129571181555965597032565212637306878323979549650056228604746606915364503174448319136574911470755283047187846262008952982946863308651504219152590659103950298536828163509599969137984722189992119365318636999364154340166296599901200440327215397672655,2.135843441519694659899453975614289836925333464837883058711133992988088469859122948574582388563634099465117195701738086547684841584835380111236749689014202009209832111422305512454338944433153347706617953616248304714814586391815317496840768329614366457714907700535446384208293593272e-239
L144_gL0_translated_t56p80,charge_density_wave,True,True,True,True,True,0.000000000000000000000000000000000000000000000000000000000000000001556911882200244912620537691669125024153187151997766752151983684984594452482255455815772997136989804834516983025106848457786038856303499866491241298499902264437679276638679597522410468724561712351385691069050516795447958404523955311182699346630572941733723104845285576249146181594,0.0000000000000000000000000000000000000000000000000000000000000000001475833793586200703538756758954376922763954947133342064911012371175180318154262095375650332600272111108937802251965489625625019106803139697129600769646971330367397530120042135562518606125150533129589685365300223107643861492925915614545875913163989345865369031224055834549842112592,0.000000000000000000000000000000000000000000000000000000000000000002624599410689655027368731478163767195272119152104481376455730582295401541627887561753494917506876558663973426175971042507846703704017541291567140017277282168827033908227312921454685686520961067424515351860417949344470758498771221476091605188419945155304421271910928001453550483853,2.145829119862744577104006065991704361698088351765581176315329016801283217477582216322712342744165879837218332912140365573210579650089404464143874827360284963431248010207092949812908658563171087573416775732540393369281477062521473990148598940078426775902564073785143853043887048559e-239
L144_gL0_translated_t56p80,block_cell9,True,True,True,True,True,0.000000001055867031145880052755876499301186989093848344714427437723028889792842730967213680686956990447202062224534021825045447426614341129107192833579019663060845395662153759331063908918815319723130585535537095528714863832941951603064689616683853642009835593782992030497171309856992612669,0.0000000005938792907044700066884882149514351375323637767640374060074667601591135949251256173466623104990624367193988473159641466994042110063784818767935672079981633454361358420064226884749366409814060923348049395928384740736149507932814480717201486789318023109213942315486302469999269059667,0.000000001089054040956700092027181447218268170547199505664496485755267805591093982076655670991285853720787198362150082828238213034654262497826224507403941339437111129072075272594234602332614622791587818470084542038574812790093836980681325367652713152658885351776093751431485400280333196877,2.145807397246117203259563779987209063571911928464644754858324280623639665008492647015343106023747697827963485531110167653264658458423923123906267333797833211159307470104161213197922011016317368042596188876839517852966283152389797942411093245148172943932318427526362112840549459265e-239
L144_gL0_translated_t56p80,block_cell27,True,True,True,True,True,0.00000001549833925546234614009567407110481197027914973359656346107972396966126823539092503158116259907555988425872728012160441651428571187991581009707871188000513571867856225593381255348395310097331083969172635808298086255520898969162541892085298090277493738930192837357964591208787428144,0.000000007771161927659405552800389171286814561347579387025233459166818386729160383277404023508301681321825034105391771251973409897535647455088377914938016884298304343095943995157403482183749392920314056298397409483101712358179474807272224045734902099254482009129584673705698284344206576357,0.00000002506881117533826810197661198284575009264359516198999944327881071341470930242893679023787700618068499943031226894691645577210817598725336987912671230941560016179170198450807992085291049213386408570209621008922520117633623329527765216054523211169708942471639513893151731993385856875,2.139445852454664036085903002270770580323535545976180499738651159781468913859370529058247480833846720556693041186961994010240410413521781558927342676987382807424358381667587366406627597277869003406540814481979985090957454287965297307815763137725696984099621325340490167978551599817e-239
L144_gL0_translated_t56p85,charge_density_wave,True,True,True,True,True,0.000000000000000000000000000000000000000000000000000000000000000001363944804600586681395821070881656056105354888739785292145991177830822992617345426329770259816149546806144052110803139889843463374794811899437629457531946222967808961897389924059887316406889562731842370096898409433505682087471160432791670530371837363227752272075365402243658909923,0.0000000000000000000000000000000000000000000000000000000000000000001292395787626842331207347847698766965098766318819670357646853100057369174583885526789292775719401120512399620529056657869081140773865468945485346047602402082329948536470751895562518606125150533129589685365300223107645952503622919907070587156412112331533046949437204223813404498715,0.000000000000000000000000000000000000000000000000000000000000000002298777972021721798185732357338949403666122699461714200367925251438882759492237008882887330175332824963615405098797713285706157533119743602039068492867928249701764792771186656836543650857076079561836129866584392420087785074042132779067897110939628399667411298405003587593740781586,2.145829119862744577104006065991704361698088351765581176315329016801283217477582216322712342744165879837218332912140365573210579650089404464143874827360284963431248010207092949812908658563171087573416775732540393369281477062521473990148598940078426775902564073785143853043887048559e-239
L144_gL0_translated_t56p85,block_cell9,True,True,True,True,True,0.000009612728090014548388966051562150280145597761667797901449514805419619593609387522352837820699195759333731148845922990657119490089973163623705746399588203490788447804994369656128454051938264656683248912068297723045760743481048328911315381657141172400990964795383800260492492304982905,0.00000537680250578312490073925868903975494943645525331566919295273323134928527089574260372404242570464524463036632021422162148701744640376372091971285725552715403566356141816396125371172647201158906875992143307895973318010618431905182410256674526687817488897025799366626066394194470752,0.000009876173528716928952839928712050364807486156920240772474987974720054856604435820303609672437023523668621651386943900308135723638509046690233497623317950434327773183063693208842928591843316880071625130542467230899321717977890990886184431489571781179502739320802768502361598070578348,2.145547937207665834723584517139723807812054126185562513635621211763089639800198272877077426402112375003922259054409548128065493975551254024884446257813302524235951102609921151141421024067234218848873340605531527328176635178535664039116059504642384207063460295582516619333849801349e-239
L144_gL0_translated_t56p85,block_cell27,True,True,True,True,True,0.00000001461057507193601490275068658368545417221062097591237773637817402631543198177705408715669621106322600070397792260522510569756494881488655389955538012117366694556552626854464258647614792648013941859835161932900878080536098166994576171809994805616853637924959244814494388976229044176,0.0000000101379931773592187940540770616600724497581022747628907415907134501821475275487178068566915970501617938671728606401459434951545923907397274570533057313376375747559736376854082618762582659129463509554945500606448187616376026743976377639301235417790953227024906042987918161488529533,0.00000002222696333537487999500400062707636678869508680390417722835983844527102261905273312744000232909664207528163116278389439900161432603396936579802130422828302608066344226540051328361008909692242935071231525822929720107843122873437283109350629279451478980619123820947109219030288465343,2.139717406015126476977238560341024524609745705362007813592797082967103440093116919462338723105765704975159091648663421209789552402613255695269328807766614582402246779006367645901376990006881445618033328173398240396766604419550865016220633088825248419489386323231358003326503133923e-239
L144_gL0_translated_t56p95,charge_density_wave,True,True,True,True,True,0.000000000000000000000000000000000000000000000000000000000000000001046796643270214981319024519496747605476409915701620525417645135497056893655582611686096512302729919377616651677696303567620807417597055904923956277769806832698955842383044757848839968988459155286460646840878984301497230306300194985683798911860353154103487922425466449291791119704,0.00000000000000000000000000000000000000000000000000000000000000000009910879577090078466900555682883002122169330701740058069179489176603899625723171739726526398286664554422644150439811792369484669369074041840993255639473044957261630560117866555625186061251505331295896853653002231076099370689737935642042135464267572975397699329206500183903979200286,0.000000000000000000000000000000000000000000000000000000000000000001763458729025985043537250989064165271226492590746166998144097704323141800350140078903658711304674625196363611965865685893212287662774714819575442309167679708848688642863207845751933016307434948059151661461425210997535691113513090134859218119344932882172102776962476009570680983899,2.145829119862744577104006065991704361698088351765581176315329016801283217477582216322712342744165879837218332912140365573210579650089404464143874827360284963431248010207092949812908658563171087573416775732540393369281477062521473990148598940078426775902564073785143853043887048559e-239
L144_gL0_translated_t56p95,block_cell9,True,True,True,True,True,0.000007368044439542533613375617915821752155542725290047664029842319398924122349239593291155905598874297798113568983816737160886495146269771935920617077115235302624096540338482903746113327250224585436251413761324709357604817136621774705387675330156933463801830933778987888066095110203311,0.000003434542150120980892372587752827316101768178316419339686814398570521020735513700603234109144931367590849909881070206436846924044375421249180410711671554350184607411143633075545474508480040151350911301086133375151791640294287040679698993318195532968793408269073789424118726253702211,0.000007521447205533218219706001415705641667068030150203826851294775850412813398862003777954794739068155391061353064800074205781623971765064695389384038064628070183335967758113747658059308026100461025741082341651756536237367336456428290812102665388208325216586428920189127797291635615572,2.144845167020323181122959172492467684940766630220151786099256077556793718597161059825129323657961656997602477849880408937778832551708818995101243516131476120565566528148651031741567416097987116549808367965529334182560231841933150039758710176282930137791444548543831525324097783526e-239
L144_gL0_translated_t56p95,block_cell27,True,True,True,True,True,0.00000001253318864541765159957949863141341400023838095395253447914924042556396587805934899846044125776018215180346411410471957748669295024771139935709257792526047587299260524796580737359604867218907157960191114141206190964903113833807333186846997041166748986024984917765517606109283449508,0.0000000123650340905298422870719869574569315475612228500324470628453649260743593202161876215763917972674393804721450511689322740100329003739355344031531641832852972470738390285671833757874076621136383037457323433550079221535775968007257626793629340999059003829412895301017607133411127871,0.00000001720983492911743024615167197527224246311619624759391188222845387403500532679597861543995332404840708944641297817157194208322798320621288494480379442639361295131901507462703489638557364543809150472071239807628962270655380622007030490026220335939562245499563326576655250924789246261,2.143854243155745316195147919598967346823670708518054136877226905721970146600312606213944610521297883583789981061797139449620440200204918476823393561206054568978039971483558209927566662016094170749103110169034471120318763345687121127264351840980222784947735717479277200608944999083e-239
L144_gL0_translated_t57p65,charge_density_wave,True,True,True,True,True,0.0000000000000000000000000000000000000000000000000000000000000000001641802828456309555615091882870368360084797894794622572481286558295060050847654249974570363795613626373648304951584701097305603754831022443461510804831668941447954797921478988788059957630407859324317028811164163898408117751297050015269659115422988769647189336515356507792058891916,0.00000000000000000000000000000000000000000000000000000000000000000001545778635023399555318359828983549616893107412151908002941588622730697969675180569557713734369234636087537894457055181890880210045559566653060766126425812215424664915170367755625186061251505331295896853653002231076168528471542306548723210956235774453991358109479183395804332783688,0.0000000000000000000000000000000000000000000000000000000000000000002757105117763403263394034825446036990329616398395675438446182203784581842833622178863500966115581555590241397483635259436312778447594078706788870999392652698298434531940066189555756535271104858154024526389228925276683424093003333573969787098845313381131828846427695724231844310713,2.145829119862744577104006065991704361698088351765581176315329016801283217477582216322712342744165879837218332912140365573210579650089404464143874827360284963431248010207092949812908658563171087573416775732540393369281477062521473990148598940078426775902564073785143853043887048559e-239
L144_gL0_translated_t57p65,block_cell9,True,True,True,True,True,0.000001139663987195552886413827206013588953879890808879475456598361483010091940240970756954350940789475325154230409566314198704470120057497852071880023032686203152925539365197279613845121755605218783604838921176231707964353205173313307305714981784529680706109470148870259622913173543829,0.0000001282566518563329442004330987098891402050942639437717667741507127324252878299270470877191594926477022800771063323535469935770439101735578616375089167407406976983040480691569517039228213417975172774823331391249820199232990717262172146986270255661454140765813911726694815582672116171,0.000001143245410283778477374293127525724810667415344132589428323112681418559802676129835774701000338116882025063779861636344914023231490061414967555037180936469299621207576898645676988805211403973541406809383429576740391179531466604976813375020821430520575298886131481611287389183338052,2.145742379915436935823261805357667460855244022848849533399236726346155654357228729538670257921925772915370233656627262084862751729495603897050623403225855506853904391468759709790590679184965213238410792464752331269225102097907551193079735326561254967319529801778643544471089920446e-239
L144_gL0_translated_t57p65,block_cell27,True,True,True,True,True,0.000000002341719258909814252785416819896039003590641175284226714385401214076222396617474073935077336252988840682233906888127324701359329813398213088500809659408941986427380453624088554030420620868840589835491153989464053580879425221244019119625421193480713185583438781673953437000314556319,0.000000001642145771231764338670626896802175169493234125248991308414848897355925570189788366031131403272619621683177122076544972404177571919666302400919924368132330377906996616189941093523853285701850659116465115935780122385575859404442524429215482011715970352822103858976297792018432122195,0.000000002447278166226406807036236975239776591996150962910146148376561783731712263831916482741800307552120392925294581527816404544592889405913508113446017359438574573864379807058887314590885961950396456017558748264772939617341750695697744077085598998752238914582577473021012185125276160168,2.144823904446373961762887148656245399869318333641649758995775029699246424864745992336105585604376237717522555912279276596488695873706874620834257035220009588298982105474055729901220800966090627762079029447856762223444976830604114156050765397285400421786294764725272836423105914448e-239
L144_gL0_translated_t57p75,charge_density_wave,True,True,True,True,True,0.0000000000000000000000000000000000000000000000000000000000000000001260046362538027141695063731907207167232955967788367606341187067022854330631655660781732403886795771371382012463019020460234962499394968882605873930305752360856167988621601640483160888360396049993253701553703544621661889031052187017531746701739528577309152131421746623240935886528,0.0000000000000000000000000000000000000000000000000000000000000000000118541169615827117640133197816327306683673319861887722381782787194760636219739372957540566939917349368980061485061642569605925828699813019075451632774850617986140781128824775562518606125150533129589685365300223107619799045584109667525649188933413062283560651262288799349199610919,0.000000000000000000000000000000000000000000000000000000000000000000211506866785743305944489294638217137822654022117914255925480143416621459156809657879298256119433742949265274777666557197778243311647004586888954969887687541342124307869781984477983958964738952815603657559535829040062075648362801853642714530187048213809455158252910375531169829395,2.145829119862744577104006065991704361698088351765581176315329016801283217477582216322712342744165879837218332912140365573210579650089404464143874827360284963431248010207092949812908658563171087573416775732540393369281477062521473990148598940078426775902564073785143853043887048559e-239
L144_gL0_translated_t57p75,block_cell9,True,True,True,True,True,0.0000008728059015222388105528444052101983885273881195030907988572877496942210990683115456920469956862974498888744884739819348312162192860608239526223118091329342601820939268840123714244198680456706219187122501789972730908341650385402803295547878295362797644406649268202846259151862557319,0.0000000790809229433416681865903080881634910127803484808577091772015648620344105506773002346801484393528432356162985443721918749916397686438705169823097353681664827751530796246374307109549811557872146023335966676449157252208788371802791435045541205691248264996528910113808355146206058234,0.0000008749040519371816035368652278640892998053939306985751059934664816436132553344297920629262091441832858215649962836096605113817982452081251493810562130041821930111225534562795601209399505108862062680342874225439635644267769801978870450629333901117433478311250899348914421259530858316,2.146667136178443440492476428313813877969554337005241631652373010472955814474310536863351346840492206159561652470853168493587946267365454105886436531132332403996111643416429256529179445689466667614336740165884475488585381206245901939418605449296385448764512516717594427736669465762e-239
L144_gL0_translated_t57p75,block_cell27,True,True,True,True,True,0.000000001797525943537967372859780732136870705348232299313731310859263494465468784391639948165120060976177581955519883135713680987909765435893498729408807183098043842737642591406639537020320477251533447280356803330473587906487640571754146632219856138905243722696867168735639311495086043028,0.00000000106814053907824204806852668050044631816025667636218128237774927784120555042389237343184812521790683994403639421495478194473349552042591097016159180420724936342688248997147725322362567261808708556388859216774817671033373019549841054573418686696972179569588994824685820379465358862,0.0000000018588120519005537473334532085187784803406994136877034181422588485315428880754680278590520733886489783034317524725475112857955843215185020789621993594210819928727698147562355367561158887443166044409528803187722475504209647856398547177594636509226816704204754823143411624880775393,2.146148254960018052642882350112784146791757010169209114580704788135216392753584605566996368936125617966527053110829648800259167272483343598909449016057137782863251899783795354172303049055066262202219355587932454637625479622709448203707037801790492496738463164933722341959987012178e-239
L144_gL0_translated_t57p80,charge_density_wave,True,True,True,True,True,0.0000000000000000000000000000000000000000000000000000000000000000001103873449350786310716950096092390493107242980597045130052998787543784236378101915986720660703881262004508977036580632053153079314296127824285558240202542255258381798614987799489593084299202122049225943691814117913206054950375270724287648114918283482548219606609820986159729390452,0.00000000000000000000000000000000000000000000000000000000000000000001038078996073065096194583756325942063774764348437822384175196406606683357920646874782624329104026922615173716922874302600069340430041932436653682835280560126287952240533465655625186061251505331295896853653002231076318507030877438421576037514903823842553375750346572359862128988294,0.0000000000000000000000000000000000000000000000000000000000000000001852508366906663031638114554563345755644782973993118591073958478300045991930217309108978738501650085829828305143391096032309673904579268001339840106959563179198020300117923434349429732794376141110502822308408672113197385290899271326411765188676982496423084427801592050817659857788,2.145829119862744577104006065991704361698088351765581176315329016801283217477582216322712342744165879837218332912140365573210579650089404464143874827360284963431248010207092949812908658563171087573416775732540393369281477062521473990148598940078426775902564073785143853043887048559e-239
L144_gL0_translated_t57p80,block_cell9,True,True,True,True,True,0.0000007638146431456728912428843062464364036387004408735623707753118920564061584627181707489593935946742589751506920053400222761190306986091772869671791680103540269377816674767339573051369062679911232976304225840403026821580476329348356170509350351236570469596779267907085620756247698226,0.0000000620398913097874508899378454849588890457592478824298988355976374237536577510848775112025858632862883136353883020704010106469731222645418519826852919532189037094137700018414565168734680649539888708708995337774687328110524683268078544160749671664560937339863408152814949016773432462,0.0000007654207159654037005703304675295973732305002185021218163929791577041102167864866857781056342658749580302988774344163749233102527903324246327017630826328504206801660413363136693898130249174565348170651968353251941763886362673120886319601417502387304399230126985779709442425922703232,2.146512030260228415849891320858406208149519227503931272780126685420445629395474288063162792670321805834060142575369532884171949898179513803537831313980024632885078962946074098312159540696796686128369760585401156785147333010601233867354692942755143434696205218676451418823786042637e-239
L144_gL0_translated_t57p80,block_cell27,True,True,True,True,True,0.000000001574308536467628229410138631922730654654646465822207600366422832603572083049308802277429425700926916171157898733643590086252762412648650349461007530542632501835616643574517030768967554520336585017397103025140711178667060501619199542370522053323110158968755961966065592618110946848,0.0000000008578405197826306246506800285888486081188536462037062479758417178034101429371059420578807426391079448136328247223572797452911336686524839505578386381976433369869443075120204029728918804642062334345779288245046520410972451036525675675967191859752524422110820834501348006234008951939,0.000000001621040274552923194776786982732688204517576764739791070663049341908046864836003489904057374249111174459313457878858589838302459628076872943102056797706272811936288926279491258146821113411054634227865633459702478469774137279745589044215329798528598111039195423752545647251074563461,2.144346438288196610753526589337997477664039562120681362836444893388261140505659321076548644591314974551228321992731674201993023374772993228483572694699786185054287608048353097008254470611763703238484811868185993381708185865696834112339854301750761582414906910968369984913325064591e-239
L144_gL0_translated_t57p90,charge_density_wave,True,True,True,True,True,0.00000000000000000000000000000000000000000000000000000000000000000008471977879734648521736547181541787212151259530824046649298428108221205824306107718534046390369530058938846464075110792223166067607794062155361588421204744311420754530439601579291645913784124128218175466994636220586663054833803716611904983683444204871528335557203431248274349681546,0.000000000000000000000000000000000000000000000000000000000000000000007960737036279370909169264177098429489578521116633412653707658554436079227509304733023982219445936145168828397633287838351439977571336009159258216521108546152983037552249136556251860612515053312958968536530022310764394544689388515965023110905001806859426794166762419840124320673265,0.0000000000000000000000000000000000000000000000000000000000000000001421123613146592652768386341534211041963044153016951208920717549063592927445759282514085512530108588587908624228004142071646516970037895844321531823632623763777659328149435558275592627706668420925520792451037617504702908243225901510140187183838447581110711897931268375163071685167,2.145829119862744577104006065991704361698088351765581176315329016801283217477582216322712342744165879837218332912140365573210579650089404464143874827360284963431248010207092949812908658563171087573416775732540393369281477062521473990148598940078426775902564073785143853043887048559e-239
L144_gL0_translated_t57p90,block_cell9,True,True,True,True,True,0.0000005849638155739768984722208912911976626332654545586484537097979440177853404261534035517949912673143047307026221103955569560035394215941739514926141868595664507775932241107508836468228673036364426973788544379192287818550250666794279320038304071516030459827197108282256343745651942124,0.0000000381187928293215852648627343304213836229445662606257426897050545088390990979354696391074658116812123854181759553881496425653109729951503913713827934926560799131689887228879155201521943049332678192855748278248135831095842756870676758941339051264830021523512089048360109526445851051,0.0000005859050211843066991638718896893998321546499432619995018764484513509378895807832532364468965240472685746925458641278084735906790971656499178441524913322810548665926612293872123225251809327403366636638891725470947751077722984697263322083562033036550593142827568655107476003990949457,2.145911912970118980991160182556507219560453756543714357458381867282863267696756546775684723519764621632671622040450228118073897709091541966764928659357588181549669800132922977563777123299113299827126165786026932294155402463823098751276179647160102665177603368496592640100581477776e-239
L144_gL0_translated_t57p90,block_cell27,True,True,True,True,True,0.000000001207035067811452849943681233028664864832389346211816073087960414934301332446557723543168572316031888362720069376854507288652092494617908155579645553150043979018095941788535797479642503323492281947274576567171978549212745368343636079195635712067095743906563171170863818170522770033,0.0000000005495061934999656218687551865649932845624548150142545826276654853607747818766234175154622703166025042999967310966841631813851095581802166025866491239427674612407755304288306449168622218996612495606072867554748701093553350841744605284546649448723257768534241204856353747548616987417,0.000000001234241971990784248188460996397887810260130828474910593216127725408910619648859014607702295811961546360622603286327736464880787850949822336631202893697985404747384853132084258391912192164617004194832369850035417564951365538294891908909155033896850860146198040101733610451318282696,2.144751255124536181184782078190298446576317268498289201697117830552297888456162611609763202167631762506075857547536020673807184300773962408008794336435886786080525488187562076152163581916593863021099567839165977543449421807237091411465064914148170204736154047720025183917137947792e-239
L144_gL0_translated_t61p92,charge_density_wave,True,True,True,True,True,0.000000000000000000000000000000000000000000000000000000000000000000000002030574539654839940677722472867023181782720493640461860393966650460832392492901565721519612092165187421095432018095908373536728464877935401203733124387622163137106915205600116051643699892175469987400904439049866531274766206777653945992427132082208603825735520608117330218355134771,0.0000000000000000000000000000000000000000000000000000000000000000000000001850638530778090719962259456261338741967709101686127499332556574346319512441287725148102906878199736646771362492374457665377762310403402638591816948179523477952997508725562518606125150533129589685365300223107633021738837548185584090180967756810917373800777194398257456587146893015,0.000000000000000000000000000000000000000000000000000000000000000000000003347745060614303269412262897975230857431285798185391651458948140384976264470094233727471093116218616157635478941664050009471331916371927406250128434158783532759772206924676693994784850912264823288098429897353589168251852093908636458788286434642815463408785138140169825674555895738,2.145829119862744577104006065991704361698088351765581176315329016801283217477582216322712342744165879837218332912140365573210579650089404464143874827360284963431248010207092949812908658563171087573416775732540393369281477062521473990148598940078426775902564073785143853043887048559e-239
L144_gL0_translated_t61p92,block_cell9,True,True,True,True,True,0.00000006247781728735861495173449731412729347063401125536978973650622772266675930154251306380506336357340510134438840170040045522285789074005175934564998193207513460299517105537854860432362263601772129528220172989540973508303539565282624910555748150113424138712688310484370831287181108452,0.0000000000001334087936196005764491599147913102347101368425880243597292819690105397696906395858231084271192669948414821981451999460356148891717917485878989665232828889236205254385230343438302071268419477699357038666641905602484443930154808894437481393874849466870410314634699776892355839192649,0.0000000624778232394652262385698257707106576601561802925101540939105435213017346010605445201610325192853434868274661293014892094882618986485610560878269491797788667625170579611407087406245232346453913986312459413582996082071361150506891323178460667566069164199068687345006284962043287268,2.145829119862744577104006065991704361698088351765581176315329016801283217477582216322712342744165879837218332912140365573210579650089404464143874827360284963431248010207092949812908658563171087573416775732540393369281477062521473990148598940078426775902564073785143853043887048559e-239
L144_gL0_translated_t61p92,block_cell27,True,True,True,True,True,0.0000008522353677460908569075589803431558658059933184507224970459284555143633189095982683000583447708304186078146020240292070938021951694287229397276466877734487727504913687026893359042116418696994016032732289507529695239960407351399784344952238486511352936335450634247383030993254507069,0.00000000002102711878083477831507131971130338703973189527295846561513647209659983188665624915971225003434629769035493305889307878901250058225999608759267442938369561883448055148255794486246305035613236262607359478098768229872907308563868224944374813938748494668704103146346997768923434845328,0.0000008522364627013075807795994925298426274087357437908553850742567894422164586811096936005258168435616525510150643975409945694408951052658088838401700074724690848914789986151318699993982000048044835451398183288980413810389247642760309966715954257940952763038923900793641632574161962367,2.145829119862744577104006065991704361698088351765581176315329016801283217477582216322712342744165879837218332912140365573210579650089404464143874827360284963431248010207092949812908658563171087573416775732540393369281477062521473990148598940078426775902564073785143853043887048559e-239
L144_gL2_edge_t74p65,charge_density_wave,True,True,True,True,True,0.000000000000000000000000000000000000000000000000000000000000000000000000000000000000004743904203936582263941742154405679701061571832721713750659624976997385594262763557194614368673651401037963660084093481830159238021110108577114141135587043286466080581574113161341399361359900378804745630286485869586651642758334173069905258163458693404718901010200980703486586452766,0.0000000000000000000000000000000000000000000000000000000000000000000000000000000000000003940614870422712804616163786281941231839225748725444871478457538681683362814378622501416531139275566006739478609881819550585333203415149227078863171201049890187344962242805738250104183784567403293355257680981386213411688364034482082797987359192375027614392868854422686274397447769,0.000000000000000000000000000000000000000000000000000000000000000000000000000000000000007454501801987308035825176587965265708102776642502534671721277569217003144567479005958701835025861947394765595136706531149829474043172515099242464995642064786293507682654436861374887750286059737525746558028876929381742592443865569072584007890006630635070161136588840303135715977771,2.135194482274956387061257096785669531156898547219532642420066849474656897581135477652030782563454922343480991142914687825515882207219101332532570000178838085973609752470962264556495973848035455806769040306750913291326678147558918318734696793312277187264146518606653661425725496099e-239
L144_gL2_edge_t74p65,left,True,True,True,True,True,0.00000002016967515336494915727403156237077306602020661537661546551615205110951172522190195462851071116628402078757126120981836094627772121568646783798679875523264416151415571198791852888314130822709553154494898183389461506581142901441192504174777359821257421174880394162565680535475077182,0.00000001443293345859296870886853989602756505990746469921809049721883826266418546209730644404122623245285427370415305884880402159996971732948127361041161775546269071082907104395086677434359607492836587628515036713642338982725448765412973793708469473720818110661397019410941742092214174983,0.00000002096434416792696857891276204638673060982783017490214911553904901402244816147986222243378666617949294020642808439759167003027067091175805130623068244920424982670429954916780748234843512988140997869820837041886925834016406329206514136258883088223452588775662876016160841798100041836,2.13618407999684575173049126931426939535781799954983422555553825199069463737644505398383801617790043116895538064245702822529283968326258401504615538642945245014139891583186899052292593775865882117441238237229324424982097438872827459144137419272819218674657173596680794309376935586e-239
L144_gL2_edge_t74p65,right,True,True,True,True,True,0.0000002453911538025855282369321476287030099705326181464798776219735062326524557761212444467955855941450713298390615807262994130262678957730942019620745695204215558823634051370332677266697873541172780147960420757371232384830415904682719662077225168839910920983052260302956261955057165549,0.000000252927885423904232383171394803949451926568282675001544912609328175576750464135980495903923405436315289508907671496971862419123888998785273003162425091461501340756695411699400887008299998669711407487744227992541745508594380932626057515286276090218849338502938187456838869675974466,0.0000007585246869914182438585924222390471354150306918090071043896875144346878126126601673978881247005876667237604647442400704026514244116699326186469976696306753312244427078210582103271452342923846156577678389009408938433161974335561176630476908594687883132421926824712696788425918806364,2.112299854590057739029658834313249788161804533474120960292762747265406717603900641710669507523310871156895397303162481615997893511216401648247535495953583184240682709458419717975839051219979926214194725436815017560021105275698880640780182327420635843146180710292702380656216018476e-239
L144_gL2_edge_t74p75,charge_density_wave,True,True,True,True,True,0.000000000000000000000000000000000000000000000000000000000000000000000000000000000000003640864749213824521300788113618083026017494904562849486942265583951640906357073025658120707008930847812893750353775975648562214405220958089239781012323655149622380081404923891924453894406614610197006683811349564054191636235322974130890087232313815121350700906405128622025909757055,0.0000000000000000000000000000000000000000000000000000000000000000000000000000000000000003022531940982484713793456076698174034638249907160426416910828260768912436666568101238559436331789637121488279901005589110313577904136975940600851213062369890187344962242805738250104183784567403284640826628243192650198933754536857238271612631959800893267544108166259217036311133169,0.000000000000000000000000000000000000000000000000000000000000000000000000000000000000005719254870523795418662931585596736922307324211294259491770615812729675947305407351794233284289012855668092731316956917791839740805049114575443309398137436635601033951760796603093252493364156090386291946510903711300712009246336336518054752492063505764958713627844995952013521031553,2.135194482274956387061257096785669531156898547219532642420066849474656897581135477652030782563454922343480991142914687825515882207219101332532570000178838085973609752470962264556495973848035455806769040306750913291326678147558918318734696793312277187264146518606653661425725496099e-239
L144_gL2_edge_t74p75,left,True,True,True,True,True,0.00000001547336320839080906087618981798254057812734912896192460142078280185896150435089149828044012087831079561393511192174757574127339301001906706308190617237607639644420502793039007902444616279263529780403904559486647667762104384952496678409522869327847716299236989928432926396708830729,0.000000009333430052012326262564312911304090535658808839411572775895653481037716725996640706137900840258163851073200801944641006927619665712007203278915517472047922987184232643191188701505215175151034291396909279981709036517974940360793147020881436788267626915808239078391118454803734018119,0.00000001593487453934274752193579453998568443437045195128854369323090398561530550699581812813577265904227602069636230870763622607087577240636316480222170511778642895643602797685090436487346789369684545781974339797324312283743955446584343176196887856079543580964168334192879832284662123104,2.135812812196717212964570063524173157890875209355086147661143266146256122888799231815889519449807034966950285950352690186521169378404807744416612174701670808319946938091561008320571685814190629268450796554740151071651043999577297169493944947753545124853750778393442844168127773942e-239
L144_gL2_edge_t74p75,right,True,True,True,True,True,0.0000002752372689682928217145973066984039156029512854797366054898988309503452730233674675691009061573597039842250122475955244336314450438885469444885477583082734939260152914623881695921022296893972531706626401184331698019921636637081859675806579613268972366857029042704622668623436049903,0.000000194736640364484128261427471564130357708135899838833459607977548764981774906954633938801837861666358079711134723723353192486343948784727218445032607745795112406019676520742356099816858237551401525286932458916017304336233383003419034027943325581404366333774107312356788087072963785,0.0000006893877760676657747139309823623012869194425900055583894249278653368710986555348019224391787163847496605523722271795466848755194278634169768839006512994849417032594261937462975918666568115418294081355225183594270007235268660092120147817714718054023392228784175841661058152513107653,2.11490226553264089313872022236139771692643697580187968567551292103113711262907722777276840670492533386177765711765992006118299036995970051635211367871521015358497314175023063569268348260844232972948116125126805758469333832898315260344856469340499925677777459655515206150514699797e-239
L144_gL2_edge_t74p80,charge_density_wave,True,True,True,True,True,0.000000000000000000000000000000000000000000000000000000000000000000000000000000000000003189619397544529133732642470199357534181769309570161620108100865193028344618834559346272189365752409096842933004796878667027366934984811674057745674173450374274186497047442404388908601335706306611699940025205357683402671835030184298688666161246144909260389992941396440210047590524,0.000000000000000000000000000000000000000000000000000000000000000000000000000000000000000264712529049131426485218527671412109799369954419383433908044337459544837047514765742874959329821001419960390282901590171383659411598995397616219316634804989018734496224280573825010418378456740332334083213228362151397714934415972728873209675778251490475734608860533002977732319348,0.000000000000000000000000000000000000000000000000000000000000000000000000000000000000005009564165906431629652226784080899912935292676656306315582973816038312913743933986175192952447997495844095728100690460846471343213796162803832686372173976265378472914262515755678363628210134780519828800370287104627017366954723797328598530871241950907582944848723101753680012801611,2.135194482274956387061257096785669531156898547219532642420066849474656897581135477652030782563454922343480991142914687825515882207219101332532570000178838085973609752470962264556495973848035455806769040306750913291326678147558918318734696793312277187264146518606653661425725496099e-239
L144_gL2_edge_t74p80,left,True,True,True,True,True,0.00000001354855399810758866499255684481801483295917652006608893869887417377031471583048855650657939921158739573371382100681562332103163108340041322602622516562913429165442134622118983803776658828378962153622101470014841169434249704307000071791038642471108343400238316349409286288923515026,0.00000000747723683714122853744115797546799008484603687127272283209585688301825576887458083110322284028396049929068970110164367504564171887783832447189151237818248446784416193639603246447305129927496198114719982455933454371973331268242584251140265080869405755610223364471308805566507600966,0.00000001390049832414285824136736375983107029649175457453778864823362138764262025114192836237513085181353373986328317316812707765990812007928296272718481684671194020427896983751792817042212500131493800080216027611149828098760955232505149951007227107456499898990094583827349398694582130119,2.134183446535123739358457478003957693210344408534521291741715953323915480999517424357440398489748693786046930642025822557813933242742563931733967329124654502738448792603996205807149481042495375784217798303379247682551808302170230628284378073988924447949740232120148199770489546908e-239
L144_gL2_edge_t74p80,right,True,True,True,True,True,0.0000002857651780698017170729157045036036011093268672087264386807844866671020643088642887393205033594212196742448028101311447091192256190267217758383767929019309373819370202593891737263123255254847876231307686505263013300427609456758697114572997533897985822625498216071560666784125455328,0.0000001397455585490061890639640687156713847468513630691767803581767209785008000791956951036822593264322736336871007595000590179506292099981399337005496922123471444658917673894850689099036266891935944591937175705567120404583198641650848262308836533280612557508695933460468181266560064611,0.0000006490120462463611901781748652089664229353280850372531318165445701233525025026589625625247504416461117657211430091394702360656263358345941663751638412512942943947259085463422232993076047594781128000874230796539221180630172046536735797986051664884567264715691919469861712537035684378,2.116546010558447148119154834880828592697701657264408988304335066918114551628920289663785463743646155568433921409113851843180639204424854736817939852351138754123378216792600333948622906295233638183864490069604322304662994260930910354803919451929160447425645453958116849079257372157e-239
L144_gL2_edge_t74p90,charge_density_wave,True,True,True,True,True,0.000000000000000000000000000000000000000000000000000000000000000000000000000000000000002447977936439209019110111571615200928148564016141830381406628722134657675208601009304613002501044343744835782552342433439061913390036958343143742988679335866492036999186430142457086622551639293329896103387537655119239144521336495866861512894249393226726368726164116279630499980871,0.000000000000000000000000000000000000000000000000000000000000000000000000000000000000000203040176629719331921602934786438645597199997707934056994278182317823778087856748225455971894167045169695447000152913827172461750183190747989344686097673989018734496224280573825010418378456740331555928688859007918736213315569412062934772085041240263701882644045351056008936729464,0.00000000000000000000000000000000000000000000000000000000000000000000000000000000000000384344870048224335696445791261742883619182679357425108329548981861760900434769007000884402567439521740493896459202931194888647304807045756526913187801848036807699405134219221288852701988786895088869853023108378197228658352856242959172890953591986407747072343790323646347317600934,2.135194482274956387061257096785669531156898547219532642420066849474656897581135477652030782563454922343480991142914687825515882207219101332532570000178838085973609752470962264556495973848035455806769040306750913291326678147558918318734696793312277187264146518606653661425725496099e-239
L144_gL2_edge_t74p90,left,True,True,True,True,True,0.00000001038333927321440231676949797069660591565897778876980238322334340950345951487485359992285335335626239069366055885986639953896290329398360557221858847726942236427829931045790565609632916719033849987954836621382352356683802322184269643819462915826378193752858672688882244940128282953,0.000000004768991729612508902956704298047462222893035873616354506095002332840418112749529852836391552624306373980120508873248024537029930095808376121877407832583205410615896767737971917338031796483740017798271795104663978617900511386369632895513554426710297370733016457782350620672120288185,0.00000001058825678873451700620478408213850531951128199752745262208215168823437661997195012274204943131139609607587382947085830476154359886239262138098486204607874148980236466123521625793638516621625393517674925381737633934702832009411041418785327604199137929418137382323087323171637701229,2.13454500095878206971979657691673962829118402284003025202590240359377319395584190514445214628371552511275753978150836018424214729408260359497250242728689919732135641759739197235761642437403432816941673079516594639686955540765694711638820745025328626240644475660309449067523169257e-239
L144_gL2_edge_t74p90,right,True,True,True,True,True,0.0000002936277272890419492785081493434469775527536582498463880302491773573558392674263207260561562486813918541621677695107239821261661247356118123573820259893600061274624866123875852386967414713178682692781726159086120453627161004809863202070690925787028036860531019642457576716724002297,0.00000000488547472367133296923838272420598257083943381433701277521517927723706623668473907740086422369662202734476496722235008766222827759893820350482805401135342256021801908169682508015589290936951271197901157435997797285690103884836819946014859342774049240765837178254164210680374893546,0.0000005586470641725194302680195078238865446756586493757933749270149829573389512019737237470271212625579576591190451061100458586623739589187938327369523883572727488699164459028335671044350557622512618607836531286323569045037026326449202715196099890360708224140355133190151499377176000439,2.119566774514895185440433846036509242438264731187917295842638496213424059641851353798238245310540211129013397592437404152664568759310189155944089798682994753001017254798698037557974750476494400279030915982672399786742008259521544891394814224328848414929361985260508008014951362282e-239
L144_gL2_edge_t75p90,charge_density_wave,True,True,True,True,True,0.0000000000000000000000000000000000000000000000000000000000000000000000000000000000000001735776672737066584968884163947336093714762009098399788565738343605784358243650497792483927016398953969198590129069487448655064814303624612201357030084903986137691054660991300357790922674703725792937862034939003596002801850329614826397706395042376638430657817571690114061527451827,0.00000000000000000000000000000000000000000000000000000000000000000000000000000000000000001431125749939599792600024732086054440735191290709911206409326247259945039933363263280987534039085205286577646561330146357621314581159692274141760932756898901873449622428057382501041837845674033161161142012418934480435067997077720359771241379457555718218614780304684540015968757162,0.0000000000000000000000000000000000000000000000000000000000000000000000000000000000000002716089562909729271284072591098663554745212384004730613453668121620581782429721186108311227698495763923531875019179418482599227177793258651025175974583577396696152255362584738257679595361895292447578558065896652797344435851871070316960840959635396979203760665093511513541127561603,2.135194482274956387061257096785669531156898547219532642420066849474656897581135477652030782563454922343480991142914687825515882207219101332532570000178838085973609752470962264556495973848035455806769040306750913291326678147558918318734696793312277187264146518606653661425725496099e-239
L144_gL2_edge_t75p90,left,True,True,True,True,True,0.000001884621350444335026959984188232734812514175837907131671414100590598719091161107443362344655872980779834787046275718940914734832755899048060015081093875261225266232412861852866927112177119965003541445619167942294209730557247252592716863626269154393121146953566897853152310834535846,0.0000001083620640434162558700342880386185879644838205602199793042943513996923238671343976716818332294730106336097475900205065454123734793289343794583679609293630142026206474625722054061596914712088087649575632057469252019975415318580269343794698307370635215492378818712114620994941098604,0.000001887134544967301455532107895497479161806021230221699980823196567929729343294441612273267797690482884622487603806198060390968190990123962124922972618690318060184582450854746405433907109510205404447503711352042686166441490432066476556335187507955652969255235978805348739383603498638,2.134834502472448124847958904618383841650257178953347834248599124183614237709505764865154135506533970285628945705153878576345942034553719375498963629083230673658970637830324707772380586742477353663459048291041536249664353935319767009127890341873367161091613086741244074550127976745e-239
L144_gL2_edge_t75p90,right,True,True,True,True,True,0.00000003969100232660845765991813764517056844690954257636268573483320701991849980715476535877632271217716398007166884973212486194303849972465209271001741629183592821348592388850043512947873330477642294117991727988462136250326809900592705037272819965389842238466269543817915610667520865513,0.00000002868178338026146477647701210545593905970094852457145879961127112148965078989730302977073465139275182021106018472213277798566863471208027948983890429450508687474628709560185296043252460617160084951715499416221206398990733193998739668886141530778482029832459119065603853338189988455,0.00000004126945172571115331554824674511686487810526239134961324858263913155113892616505796107697771580779312050470291910859108130002158614529305297271766356854818713585898778242390700018890182386799769883163859613411313062190938958930599915088948337014972702485179638144563631372415241738,2.13672937410975336561607051236099210791925412055923949500458308472128292291535475047817357844495473918986678482819858782632487482592617434807090653919288929600105402961932937831688197518338594807812775491277324279914695066054216258465664446643750946197486740149411130079146998649e-239
L144_gL2_edge_t76p00,charge_density_wave,True,True,True,True,True,0.0000000000000000000000000000000000000000000000000000000000000000000000000000000000000001332178688668329809476993160694988012434171663799746225776432015753345284619517139224754063927621949367722717025240713205947036151149584204384056827039254300341541170911460399628712181113084117325939708089959717660957303857212853981641320545890414418481376088662046325987311268605,0.00000000000000000000000000000000000000000000000000000000000000000000000000000000000000001097714627313316285853320922795112625122614515266599633426091736069673681830717414701953203563740661735900466295107920836148534989537347260215436866190998901873449622428057382501041837845674032739079666200670817648065257220769277320178712529009585908305776973715482657789938015691,0.0000000000000000000000000000000000000000000000000000000000000000000000000000000000000002083855157402778359192582673735376761696049322737443698569386728743544709169282408966636031051678047073109816595556935034527999098663017956584272007105869780705967136250787619948434887068686078118053448786589526151188865149581969895704576592301149263066375205076703253299532694879,2.135194482274956387061257096785669531156898547219532642420066849474656897581135477652030782563454922343480991142914687825515882207219101332532570000178838085973609752470962264556495973848035455806769040306750913291326678147558918318734696793312277187264146518606653661425725496099e-239
L144_gL2_edge_t76p00,left,True,True,True,True,True,0.000001442871192713876166273581334888183785038778884202796830369345939003907654938615767803494593589300281433115063196715305944849610815444449707123892822517756840113252888402978487512497976337818989044555291190159804641879702207453886491186726918183077775714926840478296053334989137479,0.00000006631448411309997561635123823081790935220713055625524279140405413704830122403440506266009930633063596847598681182437637516215180795628152731034938139877855018116848360367778985910328048767813410139055576197760778024399408565167872550114014844216849320950631126085404980982338922324,0.000001444343425427455556231666286789665601871230473956673450758437635005552194599013220164841937239997653081657448201556134424530519417513802777307283184896954351979774668523068665420338871941709915796531587555767852594100295787138609543138203413468348195579408277312143849603687482895,2.13585199145680026058259426448042922336895876808934288800104490833271080724511950416567909603228157459701758754025903607535786477117961221366231236737688609202899100730990846088898442086187812305170829563821538207961080690432513733460630377514858451231834084576306770482432743095e-239
L144_gL2_edge_t76p00,right,True,True,True,True,True,0.00000003044252248663679200257800165686299438401397802384647848601514247093713844814908517475353787635997396285759329952966433282694065690214700722359842066236637896646699237382931097090618523349299037635500804771263136264710302409737043178281627929164142000279067043891754718787833146504,0.00000001854742630074612773705460445928904500931509274525193847043792040262875579004664029581449551834090261945265306123506019267245137971327467124407772895338730647217885763493507272632772903360378419271045746934909449133236415538070003847136865380987290849682881315583106886742372727154,0.00000003135862861994411525795139628185945307766889716457161518042183348112578822697003673219509234837861142578535528652857760379729103221720670837269478893580886165931987206805879323739350189821136919403886174835842704185827360383073170840852534132530153104889203846592898328553737626584,2.134900702556518095484493971459749023671309226056247655180298837734450993726830039909030022503392717971156430896571959547084406716993198939621180623635667819498071900744748741763463290827926753386341622995440420989487725741779463466257071029444472660054861409426144301954317844505e-239
L144_gL2_edge_t76p05,charge_density_wave,True,True,True,True,True,0.0000000000000000000000000000000000000000000000000000000000000000000000000000000000000001167069713588583825590649799350299403488626688740713723632530628447867033220265343562841637255956249722034374691542085214539150431036403037600119122700407693325179814978627804919194047505268046799731748974358030690898382072658631852139493453158452917624177222853092755427068111432,0.000000000000000000000000000000000000000000000000000000000000000000000000000000000000000009613807436192032382956800619618520360624720739712429062938477329116699428764658638917146445817599704235322672866290809844182643953825139218419309663002989018734496224280573825010418378456740333499627145800585264015393217329011833443218929226297212757438994148962372870377593477815,0.0000000000000000000000000000000000000000000000000000000000000000000000000000000000000001825279295435176824466946472858674481976396907384326725371294093463530355558119602087491229214571508314400602528989001355432995605819161584684115460437559763747773094575047958680708787092901143713096813495910575129904386095216616962209719807061400665879924381265692962728068405663,2.135194482274956387061257096785669531156898547219532642420066849474656897581135477652030782563454922343480991142914687825515882207219101332532570000178838085973609752470962264556495973848035455806769040306750913291326678147558918318734696793312277187264146518606653661425725496099e-239
L144_gL2_edge_t76p05,left,True,True,True,True,True,0.000001262495555739151659503533077735440958518241068765538376828860869352323008065930950686392147595842147441299194233842809779757933376639369514420460906617884002022213541542219682382444677285165617766696647977914991263458468710561612701581249611265412248011687717509504645396104900045,0.00000005184155257334247274839302753044035136466013377170216757384297564580472189650106785242491062864226534893545430881048807313341582687865000076229987573839218618388644674265499745127654653487006674510424096101889683722171511420961352892876789691537735579031473011956957827147377234717,0.000001263622413897922742013993875277568347387937280315775054908737787848429054932249714173285917621290589489793361757904209608032741726379177078441116379662360371584737918700521074320056423743769724945720230712521818843361802469802154905253258923739615957275824114476925403046598416798,2.136342629260136254927960129023656720398645254528206977553109999595382950897080048406184142727997536283198873583169891343382158318063185222244195031972255552612898649445208744459344827363872399393266356939082269591287240430551615030676108715708171380321290350358751491301935591093e-239
L144_gL2_edge_t76p05,right,True,True,True,True,True,0.0000000266524290538925004328229193031249584535759341752042234998219079238981198125306937800056279558374282408875030249043780506601696947316780578005394401814655987723609128406030035762329492745039637683946130709050933609849702157923956384213012394109563446778193659715343148649883089245,0.00000001485801320862928978156728653715088012858768064895824080275610667654291593877605397361307001131737065480942822437256000795976698039388511969503650449085668395322863240145649700389982736060247136554498869603702170739637848521233226885722921015653672725543546385097551363537721045681,0.00000002735082301678379252111079813831242641061297992594548892101815609656411384592507373607933542757959102658422673898055363930930812065714790843555369400250318960986090493197975340228366408432141894992150269443427904974323349388144588316138048323608719446630065741017456167702958074048,2.134912649034040192447620269672856234264896199979668817116764407964346136369578198773123862969463933262156039077118991497398555128584910527947727949143095719220356474759321798172358553149196733606875272147521857468795439305469797174322495109903125367961718701798991883076842017606e-239
L144_gL2_edge_t76p15,charge_density_wave,True,True,True,True,True,0.00000000000000000000000000000000000000000000000000000000000000000000000000000000000000008957058960969818510327676332627266231572206009166423534532024393572988587526953514801057711673520710339541575033954799220104115711319658377390330344173457186480262982787985917451496910150265481212255518213588656673935426284644830715177930899694518087384071480978631752222839326779,0.000000000000000000000000000000000000000000000000000000000000000000000000000000000000000007374076414441815147745961711886043430215435892269228529595457630265890971529904175301514747965020947487931711954398562696220374879004187960843762058024989018734496224280573825010418378456740331864821317457884249220392564119312801256719265766104905531983325671002143421578311637457,0.0000000000000000000000000000000000000000000000000000000000000000000000000000000000000001400403147503723365782822029607088839272683364087530662421859206714877829259251678850734908347857458504407192396903730191846900280159380369059171243409951701143186947705982909397501536479256243916362574577456424998810169648857382737078758849608406069752297030584171926726842110644,2.135194482274956387061257096785669531156898547219532642420066849474656897581135477652030782563454922343480991142914687825515882207219101332532570000178838085973609752470962264556495973848035455806769040306750913291326678147558918318734696793312277187264146518606653661425725496099e-239
L144_gL2_edge_t76p15,left,True,True,True,True,True,0.0000009665753215106701100812744934504020135013959177867002070964396055488269378875190507786290596071025400195184341760593046619761186499822604654426557738670941532708673377878599009986723498196122087575742357143812474250401171701552482128737473369608720259616001614241674991780580792013,0.00000003164212974178724876202668120730296426166025385491994503930827531916834203478612008185062082894545773768107499102954127613049829657837822634720890605425682768935896600478324828424468376986549304247327753236880266015652489929442975945673774198575390359028629364468761166016607456839,0.0000009672355339581440391446859895080110531786333476447153654871416027619823390229562944567344224400232017615408434314698522380251058433578306637635337933120845167879589049102137147295604129396377200606614761280495422246831420510926460872762931425687463042501939266863854747213632053638,2.136692692738843049542543727977674451405917242329753295851194427636287053259122791440036993510819381415434944705736535937471274131103400476677110648682452652780321713347339375271539859978683666001028858164256348085426470755367664999428684579322207960767500701351962932384440664034e-239
L144_gL2_edge_t76p15,right,True,True,True,True,True,0.0000000204207856520929351221523657462969272586558004163090828104524598378944319389992952683117367445502739888881644782013055864391055978686095916862998825495102019634825619511753335599066062446675829684533729625967902758938820663461245436325556498303978027286960554973950770895505955378,0.000000009474877380702540648300807073996160432033659163228704709681782448330483898998708055442669529123925986641661463370002575747291630740842368980621540039528366631473892866782798659923462788647939629881875133993867332779406252035335645217608051887381594814854342810920378661494324124479,0.00000002082717165089488915728422308609935534272403657132630518826464815205793769803987810107065395533634472640618690622202251904808794044672694037906179518682378685710646269920685332231669575348586012879090047029506651082093660049777904575575571810653636424972261819397327248771339794665,2.135738530086103280575802233723882742790786464478943406847734241259408935895279836366067012503540353311887650283490689100083947941422982729908989499991479621425793223953511702163224497580529569603411174236672198626878187258852713132277932258571301072526755068383126107975609840889e-239
L144_gL2_translated_t43p20,charge_density_wave,True,True,True,True,True,0.000000000000000000000000000000000000000000000000006638123347224454359801530276351965155301505506448892205257311427976551808900942898498519741955697685417344413195362749480494128472700598234115838392364185796097087974578082053839092204059235296945320714799078513695270757864759496277970814033927147145854605359672857674387797519859,0.0000000000000000000000000000000000000000000000000007093997015582969581525840014099594200850582226701053232787294432637413108703897853883095695273952445319337782315065237255334232798244976396919147339818655224219796135746567995202822576797229890187344962242805738250104183784567403319453304570840778961751678911869171853764430472203,0.00000000000000000000000000000000000000000000000001201422600618894864120271077743441727198792679869714150258190251424559890212107575164589637275468902496028947002112130162882338552366699279662130588980815137148676694554918947981273908602188735464192212974800234965648666740469756132964072949197659165052654038553139584787313884653,2.135194482274956387061257096785669531156898547219532642420066849474656897581135477652030782563454922343480991142914687825515882207219101332532570000178838085973609752470962264556495973848035455806769040306750913291326678147558918318734696793312277187264146518606653661425725496099e-239
L144_gL2_translated_t43p20,block_cell9,True,True,True,True,True,0.00000000000000500107380419121262495732966793155420432304162850832004059492652660987759654171570107176343289928018058859488629734149095978655272961049851618328856354228302233389654848026014946543710087742319111190045051997896378388071754067524654240853352218978490430082339992400044881262812412,0.0000000000000007561694384681877730609468016343104636745307359383730387143647557408814155575127893486570421159769482783347731207871688453109944288820106771822032552302559133654448466117328365332256102470101182495137257923487916273180870676172803848430786158678730167619810646881448763733987578746,0.00000000000002629544157840941897939527791835456419159912774864371308192063534548927304860930794319259974389924081055930698719273642983013670005061041643402243360573730441061804579997299205750304112911725391947660769003923340060265118192626491086184556950102730766368328988018876396346117004944,2.042035379119851868938371299390780381747973895233533202746835412677359533326409386190728501718192252939030843009494279033663429734064622180371158852975849734131475783984221187452007386463889865098953105831781544705045937217159530466166920582031809320138539642304534555124068147388e-239
L144_gL2_translated_t43p20,block_cell27,True,True,True,True,True,0.0000000000002174618157333235238873043504945502400171745799102848414346411282382821698692445729355947047645845989972923665423730302292781379054271017484242690891793850818118630067819251551136914480719843750799314181419396685056139641169746292102929312852556439734778159579499274216950567270787,0.00000000000009742630619757835407336071824026929615450323223833182227756857805916311126233695643332941071239590913982521758180827252102218124857389795504644945711805956155658501972300826535579294955335569332787804275737862448072631591944893221775111602577638552687157057921113680839531405855305,0.000000000002095147195890629289035011242317750754167067801809272086285749259061879672790975519897159712110637901864901706491488669722371025335984040579166219975682265328970575398533128459831797436167763837213813556263133551785264834416009008481031638318994517519037141703308242422936630039909,2.044158410257235461426386837703647307232237445291284901353877795152484716642485005213540059677247663207071030790762042572333932474096134009781320170115946431342768747325687269929363124048337238840874045613422636742012101617037348795350246532416040614092056164341326646010264679922e-239
L144_gL2_translated_t56p45,charge_density_wave,True,True,True,True,True,0.000000000000000000000000000000000000000000000000000000000000000003923219472466875043850374607297357513783046872392264349329388309616294098463636078970525105193174606194118619649044859281396063597535950805993849831700620249288935099410660373214236851365141230367607904392944968218271687961075256856765002762759578603224142710768744584392507608566,0.0000000000000000000000000000000000000000000000000000000000000000003701851198881033502207264784053879983662413620252464047628271153317108633227677998471090202061951895424129543652448322575391059319342746462303945006867582750061782054952185129890187344962242805738250104183784567403299264916817523979569477105205667647219985278773907469331454297183,0.000000000000000000000000000000000000000000000000000000000000000006623208449697346569362853585132158992647957164589457304226684328819623594605284803087075408420280829265262450995133726049904599280070786426790469804648817990963215160733685585741726857995611414795529746955844099017382825713867944429483822710385087204960410683207327219756169751343,2.135194482274956387061257096785669531156898547219532642420066849474656897581135477652030782563454922343480991142914687825515882207219101332532570000178838085973609752470962264556495973848035455806769040306750913291326678147558918318734696793312277187264146518606653661425725496099e-239
L144_gL2_translated_t56p45,block_cell9,True,True,True,True,True,0.000000001374603413117022897087044266533695329425775073117834778819625226321348784807740753150476065498145274098645411285844521974240819955951567064870917857066794905743080951926008575509142702810792503904680662807719915968761120467293568880542914025952429225950941543028798145788221304409,0.0000000008886732045945704680072967446172205129195719640165798082811620513056615815002123361018498914498690307651904764874591850778171751684431851701668811988766030186508545322084552714096994002751228681651225697357089652613576843749428360365015600418941859441427307426119197953968393977269,0.000000001429185136634398397675052132717742370059188553406978817096168368789601660838478138208988040465361197004732440454211188286650702010057871279513891199857988319535690052583483323094220109171788699915203252752024810588426877960626330657989585602905311133122748736860835377385238368529,2.13708716995730353730430593270371177168520858017584968635288597666437481645375143015580394016071480552402446459191807863971535900349905759662104585078874649917179232452511606938279764248635622918492407838423299111361103780923589019591134600642580074284854523918625618626340737264e-239
L144_gL2_translated_t56p45,block_cell27,True,True,True,True,True,0.00000001528906401442546134653910541274698553474479371577737562867855513407875838685783866407761447945903242766682443595627741167057639148068273821858374145648579245664253125135959649220708931057738502009566625463420503972150437917320873314889876286061733831625315242879958513433007373709,0.000000008486922164894978002350726006981434251877456350640180177214176194540752500953176262033853095011011158211324999550415779325098559084489526844334428238156884726827186311495965451757979610727280158278238697589983645905922448764306101006964620721087035260859360879043922119653889730042,0.00000008004728862644390401402808893006352699515571901877070454037607948882825837312197618018691474039284999944809315604351014070715607234721679035155886420549748597413361765404675588294352755934400002892886871374951376121767141828848901598098554741718077790646694968281000970390474379086,2.111103068408503489893581719029870620193172865610597802347616478068897940024930812618048471779446261508958275799763399880446849498319579888506332410598262346320785215941315881683204676882937224850566547129861275689817905700416527279048488630727023104173713131997661481765253308901e-239
L144_gL2_translated_t56p55,charge_density_wave,True,True,True,True,True,0.00000000000000000000000000000000000000000000000000000000000000000301100347766463544427863956299091065143740151910931165947618278169384411907663245647480505615490843076567144864606115443460619024024098164351485238989504144329275270389566390028120051864724151778497465195745844613190629494290740451275584083586185190420092971275632131341322383016,0.0000000000000000000000000000000000000000000000000000000000000000002838788555339227164263685412122446624419329677836496760238425141940976594949775716786263174945190939300664635729970404056954170439328094292309536411840854076587628652739357719890187344962242805738250104183784567403331775078659669877958215019401434794920474885592679853299350352892,0.000000000000000000000000000000000000000000000000000000000000000005080872090094958057499682141379637564981905752654781772094143723449455524159972951345553704799568335836683103728995527491374082585558515976740199567806900226939843458204437119258287313612517730599943566178786915714690392318935328714669877271951582740534629028563411811247326251206,2.135194482274956387061257096785669531156898547219532642420066849474656897581135477652030782563454922343480991142914687825515882207219101332532570000178838085973609752470962264556495973848035455806769040306750913291326678147558918318734696793312277187264146518606653661425725496099e-239
L144_gL2_translated_t56p55,block_cell9,True,True,True,True,True,0.000000001054758674297424648360461493365171565502547211743486746806312092271602739580663556605157810910925185905066061231538149632892493435774675932207383476076108465528867681955585270547803748129687963789053990629356344351766305694701056461110880159106963048023656164509200765976400060409,0.0000000005751250894328546387290730438517342935744217657257131961093556208299371371979447520313462024100321607977750923627670215331743740128990129797816200038749035845513375285987378036534584833377234481974213700770170532923263318876530159721055629486383927358262904642464532298358763270636,0.000000001086483107521390126947222912943212273447323487904406686226791291223174970387826180777998598072804054360689370125125840871640719255313529382629919222980524831500334639433916916570881882103361160638719165882984797262130476091587840014182346499118191338082654085910608388388537523998,2.135427678070315372992086224143147297209688603605756290697968140138731378573829554245358992012062941757671500250102971504754399731219108067253863837538334082000608323803013467298830827165583853060550320186437952292588072697187211135196763667722654147066119161926011502612682108212e-239
L144_gL2_translated_t56p55,block_cell27,True,True,True,True,True,0.00000001529879348755239654847153639223622792958915588459825112322105683599544569035000506290055136848861966291874323150405763909569794485760981377187401679458997419023824222342513788566135538182109801352941491823073918088580841916920295677694299690426650672596061348167017234640979934937,0.00000001065270859732392945593129777823963917449803885090642147368037210963012779674623162052005305094034859477653044614730186489190917381198007414182510931293282475206129785974547236352314322175472819463524472741303577207957322260623902322695336526828806758271131573846666772140049144284,0.00000006518741001195046990655616868945806940457169045738796925701480834121819276135703246044942216413337437786650855823196952316056417833170407932909797639465060825033742757728600127356726305055933535574295214446513331793407241378519973155905873516107993882892332331724207029321978203955,2.114335235015753303497700422831088652537704085803119709251575714876405488778544710831664565765296609404111322058165768844845393201640801644032601621557433228886714804649964929145173904140890922822826389194280850092828313810607994466513075989821471718383996814977069661205336305266e-239
L144_gL2_translated_t56p60,charge_density_wave,True,True,True,True,True,0.000000000000000000000000000000000000000000000000000000000000000002637822592538885375620796800970819745893470563194733008931692366222253660481267007608813173589849797289337051910108041486022232237904628494814552070482963702101686109938913892766317903875759764016999209727633976220073722615910092329154822980160478003277255211435144486105287863438,0.00000000000000000000000000000000000000000000000000000000000000000024859382801395723448352498057353103881735951647759504057945354142002291374020549749191490780582965318276693434132200177598062381322718108406122971276951506078024210710601958198901873449622428057382501041837845674032956776590829624950320788089102681552911611051309365620641483386,0.000000000000000000000000000000000000000000000000000000000000000004450136363894395981815051446572551982764222505322884576239669575563858393307220438190179893711226008379153774138762742566976114791698629544054425861657318039923791910439631585810364702825355737680702974062150965426727499061281243802668838626485808891291667608004366395328453250708,2.135194482274956387061257096785669531156898547219532642420066849474656897581135477652030782563454922343480991142914687825515882207219101332532570000178838085973609752470962264556495973848035455806769040306750913291326678147558918318734696793312277187264146518606653661425725496099e-239
L144_gL2_translated_t56p60,block_cell9,True,True,True,True,True,0.000009399228818897794468657296927962425996414900403513398249768002713165826203124372079186591483056671829951608135390533173534285747411155458076786025093097042242610338692835659843891401829565255854425215879320649740910214775277585120207135588518012793151333804594137233270125191322046,0.00000510613179213062405890328488923782127825706349435315944896545165597683754489962415695414316815967444094560152864039417654134664724910550470945031703056037637036998366198768472469987861047273149352190837752445814863298281951021229814995871342187114686435920018442625809392152731515,0.000009645792809792667115186743398008940929175418235075660266369114580902890501527840328913621475346780973122780846113434796128989705677778015197630906131947384376700400626201111109818071264435769359909873564616347471870927978948688685834923733087845733950602500901851157985612405297953,2.133841049157380588448098504302057406639107288741524596964764854587561659150370997908798811232959917417413420162754489556482897060909264181648075302924540468237963594488467036171060326858281023025128672853637800707283095717154000773396367840230463287461934013586493824944318309936e-239
L144_gL2_translated_t56p60,block_cell27,True,True,True,True,True,0.00000001545802528538932970551638057482441272400023440858029158370594569852699738049801748752816969086209739763932941404600006251874646292002721499543757815367381846568534763912514815057384466564768780223779901816500807997663499247356172222198938401005894027188691268023760059045835129204,0.00000001145300828990687786979426139535989601327150472681513129352087414492338016587839530382065399768655892725614393393601878586301428759150941594018116784338496272056086169069127256851183367202727405927626066336776948421406139939296931941465523729206431385805282842352104642007316615766,0.000000059214347231666600292435149446273947242600078034338170988939513811288922711123577787208183031320413038732230991778950141177479056004293618248682245583999962414354578205322444567749200733951523122893774239588890062017374534625271839928462650814249950189212014798100658698493958515,2.114051990840082997440907703135176633676200998175971518692329250372871483068546640283856007427995151775555596226523028187765167658453626099863086566440377961522200650716131125337181052558138048747793941607601126166927668552084805120362387234637539944329942112439523452472682323295e-239
L144_gL2_translated_t56p70,charge_density_wave,True,True,True,True,True,0.00000000000000000000000000000000000000000000000000000000000000000202448347661517834530140728476767057202043054739653029793497782724673645483430943844819149976625815269027647558871549422690266677720512941976294583843649600064320731636744636957930189166787455434441117364280849929155330633553145814445306415105234817076571256397147826557846040651,0.0000000000000000000000000000000000000000000000000000000000000000001906362285373024431798656032629789290930850708544813113744672180417337292190828116528562186804406788880327216588233072444400634424882860717249982656117611871267477682288958639890187344962242805738250104183784567403335273096236297200532706893586673466434639152826524570104022961135,0.000000000000000000000000000000000000000000000000000000000000000003413844298241238374151646733186612291950414326355688924498714160273432791064942200382294217199629492479113173634291149943831795537243249741014316161731026558171618769668895603094954845202581988488749468163383617313272714085555196560116919907998842862746093646328822247810758399917,2.135194482274956387061257096785669531156898547219532642420066849474656897581135477652030782563454922343480991142914687825515882207219101332532570000178838085973609752470962264556495973848035455806769040306750913291326678147558918318734696793312277187264146518606653661425725496099e-239
L144_gL2_translated_t56p70,block_cell9,True,True,True,True,True,0.000007204339826106993704562108072737495516582214875232138171937507628622343405498052914171087088120236328765426846087852710544798956630101808161192525610530277082750133853740811047478225202795854516965305078097886064625346390422293093150262220347984775047671445021551134056793850209117,0.000003257943868478198678385437413253685447201688437226181897128641696420318245122952053244503209060134031639213526576147410486002292882303104959776060385443904770284773996532389675860873831277678339667738829501363023950328192733125050739924861612580088583329376345819800361732325249277,0.000007347967288489902703280022611973762050263381343632776761192960067480807987216714520946945685171485633274340988559116490327129729432359479643624771929761494631943017127705269632857889487575435650270106191176057804677865623018892209980601912520101679895867909371476770607783010296044,2.135207007821093944353437322250832237783822343549167463127867013810314380643416252368219377071671225776125846665436922814841885708370282179258904050237123129565626965624019853559743508826052370829103832564573097357023523766591509655053811354767549934754618057526503025848414770708e-239
L144_gL2_translated_t56p70,block_cell27,True,True,True,True,True,0.00000001594225929783015455551213748558185402166011665254370641307044089979560672490870411170108671309909156011336753687543314368244004999738292956094887536212040138605056038363353349168815982632993033670517147067225964403663567645039128852009801061704498908335300693432883729022548440791,0.00000001171989041750254015664361205583852113622367005641802245696310850796018880848133716811592907722207991787803596050492844177885181600360767688524812870317334831382876699372093699482000059040030557487008948587451540061019707461039401540135392314644662091752597690059620387998054239175,0.00000004934652841444024576646059385490778443902604439102368799296718012929339650163418506868799022013288593273475144931595528692135587908730835740327755012373267428472131068493193665377591985535015917610206806080154481615273911651732878672691507733795173822504195458673881611762769194214,2.116210408371537790599171067327309826245573802053052925645427633497710933694497331708486940447913880706899140087276032482595583149658948335317277404808061889308996660878714555068260988635904795237576387553195478302876190209092441291343654267769103575894804990110017467822086445834e-239
L144_gL2_translated_t57p95,charge_density_wave,True,True,True,True,True,0.00000000000000000000000000000000000000000000000000000000000000000007407512452077704902013358727563386510734064348674453430103801524427272424151212242022835841388579713508947260147650565952148741517864007819002833907559785172911210557456190305888253613281852800248157439571811359306879866791975901888428991374670245672547354449751090485984933556102,0.000000000000000000000000000000000000000000000000000000000000000000006905574470213925037684663586462272595349548048448315067398352722840638382683274301965111960506002386523648677104017720677306437819816317795070926249284526639705578360812806989018734496224280573825010418378456740329387207354899707987519621104838128650653366383390650342705796116864,0.0000000000000000000000000000000000000000000000000000000000000000001242092999682123095728082880827147476033892522992757435571709858230036016844475459184820247653485290774075168576533665636804110221405238459025067412577459624340522157193022891819550425399179288413972582588485433472760959094486644844985572825858906688823688390126247100134263533343,2.135194482274956387061257096785669531156898547219532642420066849474656897581135477652030782563454922343480991142914687825515882207219101332532570000178838085973609752470962264556495973848035455806769040306750913291326678147558918318734696793312277187264146518606653661425725496099e-239
L144_gL2_translated_t57p95,block_cell9,True,True,True,True,True,0.0000002571037529828054251425108026431207885587974077081355596146945442151600409822015834694941945075725809152244165459699195846947070751126408705416904341598844828438336470083392144635278159255170951747331183023122994563786924245033461290782873639867235725786074268249716122219267782976,0.000000008248005382120487027671078597517884656789099213844645553528895807212295762775605022432844290060921139807619874683824142086011780410840803391449881483483482776090767465930076285191257523773722020144832887421702881654476941895958130076718310340298901296548214524741025519919211644907,0.0000002572817095785935094167657023053278429352827600607380067520156609901636158705860772781988171355002866712450688371263672247806404457245846399467774507564473311663152973176027139603230887653539993997313742170224415880167299627801487306452300227238298833288500933743330008754194404495,2.135122692991439738959984081682242240946380773882088714807907433687168500232561193368168596169541888874048563509229109958854583519847318200887571003766035661497358935821363207803905818851614799371518528784095209932017040994346197703022648868731731983175779089150740914054028931165e-239
L144_gL2_translated_t57p95,block_cell27,True,True,True,True,True,0.000000002054582791108405817582721941392280299650929710017944867716810616505596564760879010429552112067187293220948488053649173714885222094385190254966177137692260702739510651587140004553031640556528802183915065460936184062471166031446724489242381235672648875105387239058030673322629608329,0.000000001369659135070356134906894790926426427620569678949563305595785503381842448896412033429164139998231523251788053378547727534114113781255233543977859778611168132465777302258232169206912161518488579117681004718964763888446326184361964121031899772762002787747864050774135741753493729719,0.000000002138995047530276772691428716740719310884887669707777080731908711144368823725460806484943700616795614381070452631003101379858378257073473482542496467218651241111191694921233820494971765859245662020274367398945021780384033600893989321067781479824141799344173547690501124673666746575,2.135412694280970504784769123593766822435863147071571041670376046316199623236400656247349902346008189996296552551549448967955930804407004196605232596129434029328826816714388584444372936120240733933147295903584130187326906637063483271548346448652488972941905043173191806752069275323e-239
L144_gL2_translated_t58p05,charge_density_wave,True,True,True,True,True,0.00000000000000000000000000000000000000000000000000000000000000000005685138402604577221677908163521344677595365499316043132170839937659290296473870563469098196024597421028620145805627334106889848239794581305374712416647797604356633400289194453163027338964115509640578664902701697235820277336768184118753756811188515011973586622549425627947699055108,0.000000000000000000000000000000000000000000000000000000000000000000005295704499426933321232091080534649218037996921005531103782551719654656224642943033013236044283242950991433464101303236781557134518878083612300162577166716686429162597414164989018734496224280573825010418378456740333663501839903270705167784099212435545579103829961731747470024386034,0.00000000000000000000000000000000000000000000000000000000000000000009528605528802699987396473323036647409308905094755685354618151502517160799320994159185623321420217744966397932108416886633662203128629965838887034753955609897448965970684314105736754808315962942192943041411998070710574179059396767319262596802651672875811927422065741687397529752871,2.135194482274956387061257096785669531156898547219532642420066849474656897581135477652030782563454922343480991142914687825515882207219101332532570000178838085973609752470962264556495973848035455806769040306750913291326678147558918318734696793312277187264146518606653661425725496099e-239
L144_gL2_translated_t58p05,block_cell9,True,True,True,True,True,0.0000001969171903297218643807812253379328438798418558120128775876440327271359865330025861332009553253953032091205330016917177339636886995261827134547872676245340200812113381642340128490465670704416381785788683762987435420896572228923051682198025635147321839372858999880625359956130203584,0.000000005030308259975133840027989756367401546078158958009791579672610161154674872760878475624299729438672467515550993706846773972395630098952949773100372847296408853817269476438910663618776787663079132176429678708514546725865522994919756180399362847578775618292940848257134562171290173212,0.0000001970215396649349723278879937923132479765073440107331817466683566994054797621402970399572119571471476229128596791192416423509132883664908567140169591994702444122023738915996678581520093654687841108758451106756451460081447776982789664354522393340189562644510454588445293832673083975,2.135556587798839928642499818967070329989587726068257888104263553367749013861333648466432029754055712053253387903428160640324785750512120615693256790641202760961225840094474921097955191184349989176497334372022635662733218964267428926626699263820551918822743782050513627892412146254e-239
L144_gL2_translated_t58p05,block_cell27,True,True,True,True,True,0.000000001576499764166901180003492779435274756651369146506660285891073552416573599024421024478916487442266629981551884053175566691721136187135451157556132617595806653982367098854949860748406982859296306033248064393065297989623007728230087422729174183147251559252522679601726372761314877347,0.0000000008873560110981158389562162128415340190374027944813543565271415330816387351414744452558044070143827925776843704211913446967253416121874939486551052590277448287513940370897737238320956492003250957948754938821590588924779065578734847389846055373185342216325462067837661587024891196637,0.000000001625534661465121629351234497411826128530679076798209461708337009321777299700512916718759909287364359944303970678341707246697648424138489491323936262429568265459222242071390035029658736392504270813070018528997115183807522162246654783715202447831980716518533952382702692453706456991,2.136290573587495591637087276044707155902472015123243137086750962018731622748055729001057201571191556606558133029348687790861921870459510606730944254742536051826782241614104411719259352228571615594011461471231185207315866021651289517519137384038317150705407304419543633155954220659e-239
L144_gL2_translated_t58p10,charge_density_wave,True,True,True,True,True,0.00000000000000000000000000000000000000000000000000000000000000000004980527790165708385081923813290847592232278957948619054565823126335341780911591357348451541298255280065592548049233357635407000377701822240097807749893648368219526498907068273741851862849707868466636896885774089997898880679549531084036199681250654265939126635241680506460756148754,0.000000000000000000000000000000000000000000000000000000000000000000004637521628432685244021750442160705113658326865433433069249145732054176542124820288333446476526713542632350439152599680701007804603260809378586151431484356242022864186458090989018734496224280573825010418378456740330439382335165725902207842674941049381191432094838062190769375106025,0.00000000000000000000000000000000000000000000000000000000000000000008345783154677497559122664778025900574572894967824299481572117782609770111668615631133462497258211787920289053493689538872418881258441058245718636164475664011754764670433528451165756667909998891082025861753337861801192778121317220299308687383378309186272288489133169247586592436812,2.135194482274956387061257096785669531156898547219532642420066849474656897581135477652030782563454922343480991142914687825515882207219101332532570000178838085973609752470962264556495973848035455806769040306750913291326678147558918318734696793312277187264146518606653661425725496099e-239
L144_gL2_translated_t58p10,block_cell9,True,True,True,True,True,0.0000001723343941226724932532285136379354870112340983836165009175534964758661855335016618455689748741003907818860187139359439398423787119659232466642722420888867201071545328292423585005106607190812182474860651152791591889853076881781622498617242549609173424244569280932742588743199246401,0.000000003926239590889875609501468497552052842279592502423977138637176133365579671440176340114726296828371470773156064225341381083247911947467536323488183655554636674805020106534300915253049496319141665508447721921838171289581151869184138604236863440211469877965695662509656771682252361055,0.0000001724143015976594711392284620135064291100303179194986885610550559711629365083592006183835058406098224654373042398235782047029860644676433294260345432216133156189207927481187655732237358794684491508965369922176037030196689720387804265528894646347579657451852649834722583585151521212,2.135374793082284123215695804827996485148338013417088586830640053997988967425487634353827820575010426375836535085119752183662701735276067070617028140135474959408097128521090045279897694468404858269067112183718071728561260467897236883028171018054325964879530343770622492667849842964e-239
L144_gL2_translated_t58p10,block_cell27,True,True,True,True,True,0.000000001380537778414385311672026593630187357839959212861585279199117651962539710584458496090053864802713686128558148720726963585722535879568028051515819581110631389530340193113423468700298402277352528372673559309915257992657962954819415970271518325058081736753095874904903587362824823387,0.0000000007114682805016226854857264298810558006683122213655990319108225016115147962030830241859460473788173447232080879993597410806662495050784211906108769084886229116745410831778576723119874549375145384969229133541330589377457614277944386688124869545497164111980741474708631310067803497802,0.00000000141793676632171934341425574219961031702291588727517490264298221587796911529201953077694557980181212201043744432271927742263844541941488944588814799481522946475277622110243198250333748965701196754541375448958478631383113333128733458957582879891390511679894260115950453579856124529,2.135138166094308544193592617321001552112752339891090923888745698297363499951031560086887042624585639193014938453548785564043463004168116908871248006999643666904288928264388775981682463530038826745078317350432117283117102990927746922973187144741907438186089668152702949866944424826e-239
L144_gL2_translated_t58p20,charge_density_wave,True,True,True,True,True,0.00000000000000000000000000000000000000000000000000000000000000000003822469415938792152595214543882341804005523932985632376780071891961273169889872957860527161660322018020344607595513080239878797973373320366925842127812943745404239372183515261136587164366883191294837273359377417231100611027280932441092076727235125612434962973237202451695201700737,0.000000000000000000000000000000000000000000000000000000000000000000003556401910584329022148140060349963661581306691567382318129602903827283756559445089208342465409482458930057832176940375398727642164288065486511864171224926528080193379562036989018734496224280573825010418378456740328345603880671098133390032271367064947916820352694711815489643679354,0.00000000000000000000000000000000000000000000000000000000000000000006402400751291385510393227863927696713396680594478255162407073982999469100058854489422019496967318129266209370642790393350815188961169591190795127175111911849921280368523868989560943170799623074735043637156071654410112986180513732157230727290311128451189760575122568082524272405343,2.135194482274956387061257096785669531156898547219532642420066849474656897581135477652030782563454922343480991142914687825515882207219101332532570000178838085973609752470962264556495973848035455806769040306750913291326678147558918318734696793312277187264146518606653661425725496099e-239
L144_gL2_translated_t58p20,block_cell9,True,True,True,True,True,0.000009821960246092917849019091490226344364220511091357587496454304153757240325680370901070390823367963234935567334029108894390913231289899680775172170677336745692165114498733822331251971647904778923020343066305031084837867361533530828627356772442444941610636142364757990975387994299153,0.0000001800689134686081573630520959083614742092822306274602772641524079054647282311633837037088542014448772854111617663091987675808159017534368788185008200253138478736081744536263036604516888636423899475900099107179481456630834973653652008980898638127036272283122478868291051092016396652,0.000009825537399917242893191359293752375145972560100549573863099510061751530750945035201968737922060104760172040681759704220974220625417674960437791614012042762946073369489605285648239116404979802363109228366922466358205348411698954998314196457772205844276718555704209366352762598120928,2.136050058579898829186161539142540969366883458813564112678713141664301256796996068231723842063113838928884764161133633766329595608549292217351947379667760185552853982014637245229267744453807356145139060654639046253576073695615266727805942198598663058466185609350688039366362195679e-239
L144_gL2_translated_t58p20,block_cell27,True,True,True,True,True,0.000009062024824935653936658741337461932473501597773778755801482618640751157477161833497960182309414584642150137975964333992764371931452635169836324774029656006977126111983205363415398600040044576915872660736102293576365378508920085136816917309424597883424776515442612303244037365208389,0.000004200100487825247055669123796690659521971592982215181783382800283472640223942801110071875153110259249581699064173882951972645825595841314533579687605589479158074901489129909502613254028975000771315058199265758046470964349628612712956634959895857222154763471782118628055278325180592,0.000009248714826565221021320535264307170598231245311950512330786229769631355758391538840436899382739544486888086765395481365063159378803638080304519081101204429480764189348669729267416298823500633755330843886393183520588340406830791104950354301885289211926317236664535648700673047654807,2.135643210418367254472287657763150397074216464523740080052006025466898564690572516906259557597110520219888052161815104750658329770762304001418183259982069237771804354023327912974714125673306165565632037150730076293663177674223378016146672767293644032978492863270597340066480451761e-239
L144_gL2_translated_t61p92,charge_density_wave,True,True,True,True,True,0.000000000000000000000000000000000000000000000000000000000000000000000002027205575030843612555525611760934810994849434929270957577820959868635384802628800365449278049675675524084376648579183822235176086428377890372298565009162724189871153834092042261034919680978668040987787484639091129197447786474864915810486834858402418730498169415344887751311370551,0.0000000000000000000000000000000000000000000000000000000000000000000000001833200467091406471247585784594140945829715457582082025191433708986706234211321246857559764693452362800868818092867523812909876771215553472894634864831191452201765088999890187344962242805738250104183784567403312300014018002164500336539911096652588312967678929267054409791598687913,0.00000000000000000000000000000000000000000000000000000000000000000000000334163312816760721896841236184096838160703824879356307455580325332601314872279565454010832025997945972866299375616389715561417712555365924069554076668624765437936071671809858497627084861213141035624901082633619144939997955484570154719757085156332107850345248914250204410779925565,2.135194482274956387061257096785669531156898547219532642420066849474656897581135477652030782563454922343480991142914687825515882207219101332532570000178838085973609752470962264556495973848035455806769040306750913291326678147558918318734696793312277187264146518606653661425725496099e-239
L144_gL2_translated_t61p92,block_cell9,True,True,True,True,True,0.00000003084500295336651918242655066844663051278746319869508165749463960410971330971661899555305059254586879139449087886063984039084284735317360400648464072692586146969267906844163876031778758678418509603424298013771768629772424609629421877788189226466374238395562002608058192012196834441,0.00000000000003385948030892961385342875174487120654134804985414307823778908134544527633880709137478763092339691187717060043547736747661304543866247430108333355333979595940195520446754725933452371917846526753569617016355925702362327266881128901098126550377571942617498958162154325967039496239908,0.00000003084500442607394689823964682355838541377716219123301430546316542068956662946707492342159993577015202566864056834684677557280575853261392573490969002285702128249185149917601434938582995345591987481797988976763262969457595995437020060761245614950930605198502848529189145357727999047,2.135194482274956387061257096785669531156898547219532642420066849474656897581135477652030782563454922343480991142914687825515882207219101332532570000178838085973609752470962264556495973848035455806769040306750913291326678147558918318734696793312277187264146518606653661425725496099e-239
L144_gL2_translated_t61p92,block_cell27,True,True,True,True,True,0.000001733131984110303925951174272280514746053858704920574476954394444255767350290774195414376939035319393044063819955515313926722055501908307522852371461966932272517761848107234706310890432879671275604428552000214048531614674824413014724329119100571686626122435436959742514542435810378,0.00000000008269662718145392329306612811400092527333675525244145761065671522724009867552269593418495059533799397265293910260445198548746281328252299447716638593382391587281837431318072542032935117241695338356773056110942636828644451740995133901098126550377571942617498958162154325966777850583,0.000001733136510364394579164775665327552199854065033488670086597893923464063999261138873914553037038428901330371792587925381726212363609289313744218309895186244909871034126508746918197622224958753262625900074120157861553590832347464483030299214507576561858473017819241330349779216521655,2.135194482274956387061257096785669531156898547219532642420066849474656897581135477652030782563454922343480991142914687825515882207219101332532570000178838085973609752470962264556495973848035455806769040306750913291326678147558918318734696793312277187264146518606653661425725496099e-239
L144_gL4_edge_t74p30,charge_density_wave,True,True,True,True,True,0.000000000000000000000000000000000000000000000000000000000000000000000000000000000000012097975874388324410198891192472862420208617120136940381212299521355003570988055951701892757606423309458176311591894966271853476969101519005124700104552281437406694499980434534287861620726284406755814973867996449809766173524210201403390214780109294972645761599713588096501055582,0.0000000000000000000000000000000000000000000000000000000000000000000000000000000000000009878367045820013152042720111233799239414599845086710931901238165286843332206688699589844606195677716149378725215127925262646253859866329887106480079723281315404984020360422886407203408096777815523492865957854712374243873342851482141946585678282727855928907242699068179751348802186,0.00000000000000000000000000000000000000000000000000000000000000000000000000000000000001902248998197379384097245639911983077996050064912625313136903662046608675737827079193077376380670275367107350880055697672785168594019627330158366854327160936035323926504917601598181925457986367287894362318868676335825763901568685484025145879369948938010281309198218006163454589476,2.11390498654839002674274540402114530472683909277601722250309785565996268457070773077583992245318705182440713537649490863769461431410876706012520655602017439672851896165923410158919672371503572311923153542963903705818700543933387625384155206018283044173110002628918781267548747173e-239
L144_gL4_edge_t74p30,left,True,True,True,True,True,0.00000002175651513844584146119521879916101293339742154261629980393289725987347504213171943737896105715477495393972559014389814370151684161445928680336468188385954282149385295612682172196426017526104197255006113862576174297450263050101169333500788639160231946920215139254634184884782323951,0.00000001619163989279832958044348936308487121556167278744763646312243336602100596253603512556213350498377419165160428376715880794650027367669298439439901082157045951732441045158735927377734028705816304215164830576440995808422121859520832350684985500577241092986331478644502306809204323281,0.00000002267547894540307404262239530686468635763412933013606039891970339789512245798883793114313318172384307317629725737926641350413216590776304387387613460906982207573512495120746010993370126895417570372820610005777111692979689500011196566434355613291600903068458009351581547775960906223,2.114187080718460159434657704287542144106238931502994574720693497813297990123118525611674590093408225517923352867340155686243626270118178173362927722286902097115717501093333385245077166607697774991354521370489143624176758171876674225229102825087328627565360590972562188646933609682e-239
L144_gL4_edge_t74p30,right,True,True,True,True,True,0.000000108736480774837263065751532633061837119465386573776832925730698309744755579520196217051240433484223490698941713023452420708188034052999871868886951283748355372557564190926639190092426419659256337710019818712462740400526859000995464786761067751778568533891060985226155631549284458,0.00000003934987593994272617874967378867940514365969070685170177066498607782499924745342597274528166096809429750135993708271354776451742943684840701321960591480470373910366307983158927436957304252173095402379445957848728212285562004249827874253668443227324973188049467833195463545059575962,0.000001280274853322989441132693460815462745207595285291413183594408662003135529920887937623292071215291297771768087259152964348510158860313156017491944531415487963724435585532161265557916101415887132957887543769580205188040898331884716431487111746081436012876846871557410989990721080926,2.093538806384442127308438190142747873332589913663251215131613432130222855510109859568863940187766590633815643266483895057338835514176132602829594807724541183090969894165273685004963884103774779275156998959096168978893175477608755643581898109517657425525021598894549239414035876428e-239
L144_gL4_edge_t74p40,charge_density_wave,True,True,True,True,True,0.000000000000000000000000000000000000000000000000000000000000000000000000000000000000009285187596969504425849929152701732778222379279477408967659984551282970109072061520344461257353941601756567613538352184218222731432041480291213990671790588360156469631462913059975771543295787825180170384400381277377923087631536097673784417374011454042994648675197400447799166750893,0.0000000000000000000000000000000000000000000000000000000000000000000000000000000000000007576886380060329041196534756872573400558097633902091237275423796752793664683647136689808094888267077212190267946706444390048559827626024033414289580183461315404984020360422886407203408096777815534054868242028241419075462825477585094868020221225015984579187208502125484131022656152,0.00000000000000000000000000000000000000000000000000000000000000000000000000000000000001459474222355698741848069598433715591912063691299056991932066324495625985121623847215714946392678587805720429614295907760646664882725615656710446427379913084597373320038320969947913316371888551092288498737749762367044299837969731519959906356337762170220032742395841230582649452535,2.11390498654839002674274540402114530472683909277601722250309785565996268457070773077583992245318705182440713537649490863769461431410876706012520655602017439672851896165923410158919672371503572311923153542963903705818700543933387625384155206018283044173110002628918781267548747173e-239
L144_gL4_edge_t74p40,left,True,True,True,True,True,0.00000001669700813969998841021269048756732269250011489119890509748604772097545714229523510856795312256752671543991300139096077570034088942372096334856830748646314463458279265567311892198727592753123792264543793551989576098887253394531745244427259862513301039407413868237943509716612339383,0.00000001050194456060254389007510557234946353704974058161024372229195580650522906436658475449073159229980649053899175364332699558446420346859210512978115144769119907178038516211852454510374826910670132258260583627881722702060315531421923414617222306744939760940953213270829433491193714897,0.00000001723060097001823562094312919752020613914296496658486249840530116245679495721652527725419812953908742123021522159504659606970224062732854235735513770841317929977043961676260996319331614132180639506105576477674884277460111041505406990276866677633723685753916772421834398183417336802,2.11409945830790525522187321766847423916925522161220327083014580980155272997183425420086684402780658908974804858576572746125951424246553413900920959222764191309952966828168051185506404219146835598395954089845758363865472220180830350143362170364057742145888357290732575507544604454e-239
L144_gL4_edge_t74p40,right,True,True,True,True,True,0.0000001086827590489275455414176389909049395869234689184418430020918836810617028658482998757496714473001639148917927789517124514847395328814516944271421925520670283832008894691287763524907870705211137131640901309947743298477237759540955876645832746824228570260581871500371665000450678561,0.00000005976426020882184739572100398995558939384389258087480406779277371535673156274151473301328732574061913993563471043406850601302557099722307150225078991210157645172880063929736927926804336274567347058631206884849487415108835745975061716747168307805056323469617570312416624621268111988,0.000001118699325727356180643932097627731704862112995521312952677443904719546235142130802813349774776604462920644733709862704784876138215547054657903867294828169110672598445407685260680050056588977181259182843418903192013454172156411818159346538030914364009002444395009925620564874922524,2.092314561336327657604976548432232081968177074146545851734512144269010080763692931613347828014577990508542498167285549564723457460438227481772102658674163006039787216304689311481379062697194294613059260094418547875343102990282894454428238763219244791791771829527702844142906330438e-239
L144_gL4_edge_t74p45,charge_density_wave,True,True,True,True,True,0.000000000000000000000000000000000000000000000000000000000000000000000000000000000000008134477583687684172649750203640394224801152199887515863868430389194265554894486074291258131730000494722419963300127783060939650316056273432275416816087549583540422781741521067736349472369024342429476212795991130198289592752108558988943436035593720795232263724559318388981059899259,0.000000000000000000000000000000000000000000000000000000000000000000000000000000000000000663580673160472821621593380813827390296942740048981868467592916630117270607818517770832004703444106514385486657301359293582639310814069878612062922391861131540498402036042288640720340809677781552442391783491123682835923690106436043446641368623660397441806291709304060173205666846,0.00000000000000000000000000000000000000000000000000000000000000000000000000000000000001278383160832308335411003703637223611006207585875370964738091919358417013348146863685049535336619409867106385331271323462594439640657688835618966074150431922914715603841135565813644195560800324611663635433711337535302403499539313133613739746938188394328517013467177756158023605109,2.11390498654839002674274540402114530472683909277601722250309785565996268457070773077583992245318705182440713537649490863769461431410876706012520655602017439672851896165923410158919672371503572311923153542963903705818700543933387625384155206018283044173110002628918781267548747173e-239
L144_gL4_edge_t74p45,left,True,True,True,True,True,0.00000001462211153219440555962444998440320271457534950510690186614739139217897377012113105729727324799322888382970013024587931025747858895619069054776906989649458534288159331291609129890694598844205700213953150712714468380086726291993541539892677450621316125948642925675232596369480279993,0.000000008423938737374078440866544282106655101423240907671628207302614509971292742753402897300561958827094315255866661430195333024466329704010982352166537712062095120460751623024623056515478483215325482231088278457674107333484457855847418469550613197721470909280510050069534742606834810135,0.00000001502899180827789774777767339304063382327061352005813942282268096974024654125808711424641795980817275727766146703605185429824403463832809327268561122067275273107386549462196577763039017341482627550877711467758766587246618319893635989112457091693841195857567050534326192381446582773,2.113235330138410150408648095806167789461683471397423644659626527493665501912257003883266355774964887210417630745299874424675337712293086263920409192481398414937879772342890376232324240083985290125813000617984637042819788141479221368340319894511742306942183170097443332226570513761e-239
L144_gL4_edge_t74p45,right,True,True,True,True,True,0.0000001114728059511479301154021218526879873215540410814105088734574167489270712580407423867146838495765011019239604314456778436576480384493875331987394279280733322135111519068756462792288084217121112736263581228914042614008506342633322108772438598705618702996863161097333635294117832065,0.00000007295490416688427882169357040595280994475287314093341641743282417849963513810731296438339102316374703978381946138980890310799506307916769840379098558287280979449054234245900107290922762560996553941997871277518999734178647099659193157630708340939431824265929815952241537600034989258,0.000001059000214934426006143979253081981818499468113804846214967767939245551441126497004148220061631302695977901040142961648608026416158921707629657818216359446518771872759527667357245039945330755185175968836044047955154422270625214450384677978080767544322114511655106064646951555811002,2.093333291414050104386840928257380628374540870478414493526400538698783099948294942003188771085416289029410121251926640727623731955778839827027261981056234440616222724004659713299515756142016803097692371248160853721030826228777280143524968348369958632203414549606167118396165542253e-239
L144_gL4_edge_t74p55,charge_density_wave,True,True,True,True,True,0.000000000000000000000000000000000000000000000000000000000000000000000000000000000000006243205561447350469976680375029589793143306956243386747375853378514613510406510278276661393473306371197107297608774463692095048716941124662603790785039552097795957434862166716939606790913606271034285260485490151818115737857246835278972581804474300177425761118469813323465083846152,0.0000000000000000000000000000000000000000000000000000000000000000000000000000000000000005089790745864281171694362175114481433245974603707013378385291001965359394267906929316752372900075474380708493069192226242263398849212948830386555992950381315404984020360422886407203408096777815532574836985254604385212301297141162522720205642590282495588023022197671235897465636423,0.000000000000000000000000000000000000000000000000000000000000000000000000000000000000009808225153803086469814320685504460334891178557723604291004555187134676084695188593704337733753352102064244036265709604282597942919344197653208094748721158458714629704878853595129138829303758903997537102924628224729576646572334228470262006680502092879951323124336835968381545652505,2.11390498654839002674274540402114530472683909277601722250309785565996268457070773077583992245318705182440713537649490863769461431410876706012520655602017439672851896165923410158919672371503572311923153542963903705818700543933387625384155206018283044173110002628918781267548747173e-239
L144_gL4_edge_t74p55,left,True,True,True,True,True,0.00000001120873739242059446877278629859068357526129370424369364609537244749608100196081979675558143746359755059742517863598190037344530219099356075488030756086280833177281751239973248476560203936371008723970316348827729814362246771808407598391181193798372514935330938717751004140911197772,0.000000005384469990405904280989349726030312341518077403303366408784655981813054920663377127293509755833621992860493107896438506099851690352939635053587755489786408447517020568402246639186317714298510222889852353251518011260695246388204670636539912646490065443727275379354757840046965327888,0.00000001144561318960490074569011866087644875874091541880184137434689557245048976210264787577767961612166530068922885118660688046250499240658068731082433591136661060428407012703435552520868984114181659299098574602971998130897522629426539132102897566983670986151908485908572471523053771915,2.113826207960036334927814621207334641199055476578854696584283386836329780912499949622033989017811041425000262641868756554843178461521672140019145701160183817909054574792283093904162285116142229324638061908584828452642215852856113071901898845295359488749783490857719154636551540127e-239
L144_gL4_edge_t74p55,right,True,True,True,True,True,0.000000122657706047515851109060735058598368654513910645158626002851924308348077940912201469919883658172231234176944788371368514602299012888585566886206536958528381410973008419405442287051738005806789078293619807096267819379462934015324467085775551358545993615247654330667477570224480835,0.0000001063215622647937324104943102053731200181123115282916454833149883946558520873529107197709415977654300461644860104518667305685944182507797371177702354138372126403780887986253306355798019376015901649659589789773000337429463399166580200047848802537435903217980495378170587624356069827,0.0000009700201740104315378044212866428678842727518315574751425608844835898699548229075673695655457551811644371148243086556388970158431927387922597783931260997135827318143893795477800173092745436037455721765175057282399223215964208822108961759339894642784706503294161808018249329536090863,2.09274154184186054964162741396047704569490131328459877950020613021687814430050030027721299769087858694200385977446609556208512213724384626993604447068402886015267044244834115550513022857997580790397774179199981908989225396295896315207503336958425776917225077962252881418827149068e-239
L144_gL4_edge_t76p20,charge_density_wave,True,True,True,True,True,0.00000000000000000000000000000000000000000000000000000000000000000000000000000000000000007928555039768903035956662007492930247600917939369697769204427716574631802341945459232499231151632211772181247464470068868990992630309936229856932900788535673203070272222256097307010335033300302756016291563213776896620629581512050172826108234934484105587207253667920914080904081081,0.000000000000000000000000000000000000000000000000000000000000000000000000000000000000000006398194046002200001389288963282733600900023643514208740794965882200545523184320232801135081688529795315235417109422365268189252044327510612768111401674131540498402036042288640720340809677781551976333313963953015082721806557331673068244640223536264406240814364563502647277433276382,0.0000000000000000000000000000000000000000000000000000000000000000000000000000000000000001238670049859078924077975969841554519950525042391629330596053385792163071149565263322798804401568035281073059517613495154724260389297039705755145335680100474998323677307850884214158321834199985343671707507743701684168846006081037572125434970272299001430913165534413406493061472726,2.11390498654839002674274540402114530472683909277601722250309785565996268457070773077583992245318705182440713537649490863769461431410876706012520655602017439672851896165923410158919672371503572311923153542963903705818700543933387625384155206018283044173110002628918781267548747173e-239
L144_gL4_edge_t76p20,left,True,True,True,True,True,0.000000357195627119293838281244493126659063083375045325335932004564754411497004181267775894597323157539611293845228592304829238151539167800726452733328293105075405237415608470214835678679465725510711100773320644562851254853008716171439311656388265401068150974375679009073420913657136341,0.000000004937015361980262645371779711955242276248726154992042049856395690034547159487937191745914611221025260555184191375167191451878653108840168405171353736686654270939215316049767951822233691967196933141386556884790992509826383650333447313567846876882519757342652552595813557357210073675,0.0000003572853210721235683898706734401771628156248918025463801196603231433813898610636048001003926392757844586405770968979718604522621382173501712935774938694175535017503969917011335209229552215121412309463070590339547552458656146699216421868214051895920144001007270662819050086317853631,2.113045418873274261228686869317846013084624747767592836394602759936209688404032938618693130683963420961535113384933478948768243096898266060526865128590536608108727376934620864754152966462923070729739454416802096670969411685364793555690957432238193965732821754722072845098866000665e-239
L144_gL4_edge_t76p20,right,True,True,True,True,True,0.00000004183050925721585218464722495342234912980545851703843431100316076706975026100416238674133677852187052611234062734355263409387532035422078201191273549235017998443640968239939317921657858963103224312952514609364362468490635231582055744231625404656685519389406994265776584695569474906,0.00000003145301686692593304438848957692470676220384728125916901424764614834703899042420905989176987634841198882745380273345269742075941132028440638880892460058358177733432038959145938081660230501912487872321874392055249883709461620230701473127065500295690971918324086967614183718809768984,0.00000004360800903404960002855452673890995308047802770401608091117926068924646340808433511850607388780073763169518927820530471758350586943574576601747592155277251115158373766304381799283391448050398762279405732694342071343966802625083018329774339294307294785730897046243465670331368224957,2.115453271409134055680041120786561523436825940061122216043089047846364158939873540878201818587043379450953857780756104581296933606216557386115811618283041360297644042151076208545409300394431091047846962184176791805780169546469734534600569497143310129619179245793016226418516165525e-239
L144_gL4_edge_t76p30,charge_density_wave,True,True,True,True,True,0.00000000000000000000000000000000000000000000000000000000000000000000000000000000000000006085160059612605035717540069729637164749025926168439099404722606441604038889282899814277874600917085756736529252631016124768316202894552348107978851187642981585763162962642212443539397592564279601482460347490933211722639960582413989136808926796221965830793734270346657446510582749,0.000000000000000000000000000000000000000000000000000000000000000000000000000000000000000004907612258553085272791065314174892899723011656664818655467682937333285838312377067514073503398561675793023062430316185305576133915433476277925414917726131540498402036042288640720340809677781552565614644863919862126480786579404324511584418811378649737720862530805863128745990350949,0.00000000000000000000000000000000000000000000000000000000000000000000000000000000000000009503611438652031655471842934226225234924359018687682582465820050386213461968664500932802095377969315428702625999906891036141246408140460153345795995538744755639330876717723832547909768745448070856047646243655892192222326588753568744986611799561004101088242521973572299565137136402,2.11390498654839002674274540402114530472683909277601722250309785565996268457070773077583992245318705182440713537649490863769461431410876706012520655602017439672851896165923410158919672371503572311923153542963903705818700543933387625384155206018283044173110002628918781267548747173e-239
L144_gL4_edge_t76p30,left,True,True,True,True,True,0.0000002735109167457224916369492413625382008286025982180246178728632362163650813268639056737011593428193561943782668669037591428479520598937151002449535903134830226325874259196342011721770755991621612640714244823843965277695377781980565184588102732554093282788092170253557873788586878152,0.000000002994426947040931776086316346171012131062662006120671960456319272867953069583888641915985901427773166724548921276339205051326154854788628124424046345043269217865667516622686265405387364091890011228649271644089223315226518465985902905921343834677312514289666110368602708809256333485,0.0000002735634931724120354112271285002938216698404050769125491379140562657698203482066435839475796990605520196401343402005310865625691315024166644539878250290155177514144174215568229496627936514464168264711711528234425016621004099328986069296776061977396966827885264438243017180607440979,2.114300638354537206847766474355943180712890640493221158365222560486102424427156492703596081455183731379907896958978585620570282339795633592266239421004588922952124491720586457046787224879083339161577825716772694668456298764526404304858494795267705608460208735723052762104776607199e-239
L144_gL4_edge_t76p30,right,True,True,True,True,True,0.0000000320885699822555827877742424985455735265510181004957557148695801976976006403079313837669899927011254819211603078352490849481053395699340860370870386718900136122065262221335045339020307431665678978125582789399194757954382945313658103637167548424491391938754479185708357536297116534,0.00000002039133769214688618661434897160866374205353024206380171058856731325154616355809157087437301031824372867315824177858234343503605259595505992580684401313942061324175359983598344010517910101067095345349519233585198822403916818706680922949584574815262756858212467346693827670981573626,0.00000003311950458118513515937772779593837468719556841363193223451465105897599687760371786151852795742858810882646991319120291524848063862715423790975488859063803891108031809863216811441331335926989814466708336024872108338878231844093330456866564147727657913967350231863433967326237155586,2.112653783928517224451456966548555767241917495346318926444122145247466081682064801078483065306856093077454096569970614231157395438339351376969265005741707709856531975791135898484061116002069373464227363381093246287055927478294851066910900459816798255372304150697627606423554319384e-239
L144_gL4_edge_t76p35,charge_density_wave,True,True,True,True,True,0.00000000000000000000000000000000000000000000000000000000000000000000000000000000000000005331028278721684299704324248097155635390496689308742146645045021124527542492609253098629513434720257098817581488446035868021227892233549883990233561555433156264249063784381905567846157916656648837024976467356948197230791803700366960005897445607054604579480161325810556031887991221,0.000000000000000000000000000000000000000000000000000000000000000000000000000000000000000004298102805260016440927826082186618693498691354233135244590187304630881607825983081431351155376062057658937829986247263454448347002678503728124765119484131540498402036042288640720340809677781552083830765526759336431981979973610528460207222396633237100569862721044153110555480716689,0.00000000000000000000000000000000000000000000000000000000000000000000000000000000000000008324444560986834817420026960139035432264198309996251455439880883456913122137424151428488620450088413720332584877729241002495307762722943911744365863546656566175475163546432612029921147999792969579390774591916982075188890218902480581054111049405750127582818235943877658012807301765,2.11390498654839002674274540402114530472683909277601722250309785565996268457070773077583992245318705182440713537649490863769461431410876706012520655602017439672851896165923410158919672371503572311923153542963903705818700543933387625384155206018283044173110002628918781267548747173e-239
L144_gL4_edge_t76p35,left,True,True,True,True,True,0.000009163942839296006466090458484347687813852020825797743751420766682820711491954798483638821468512018552478085389357999797267400148652263185825137853344145557630356959352285373571017049688635533951674686717138328560725836088012206810764711359693523830780211085056708372186884906343408,0.00000008827751694123977884213436961180697490303069577256056805578964012494911959464222436488681287132128202005214568075274057177756122859522549832914102337703396668334619278086195085425116773378605097864244596137368520827140170571916571390724770913060181879355819529179889558549728301993,0.000009165561105606782353720656662876505800346298308888396917296498691084939301870354767104805812773634895643498372144661286235689662802406374876461135430497608002429031135482245298630228424037614216101575089559742968679571354605064616707550314911612643817708602164402331431705508729466,2.114040587743701865444589099505815391780131755911320353427280803957348331567791041241865776590204775620915130521600529627707861851940717232891349542193942479717933809332859269786193976375558391980008534096897221088573573234258491332437837682346708017593101709170525138925084507461e-239
L144_gL4_edge_t76p35,right,True,True,True,True,True,0.00000002809453979573949103360782959579291311313162933816575261573817821365120970463562819760030926838907124072616469297500745787956155439441718639443242491454767477924796663534860980475209260066871226123347401611265190022666360885928356787970221607273137547897504309110673051995299035966,0.00000001635211426695727747584684597540527061647734677904945299484411776536215396639947957247478383079485194658542784594500695290685805804691823573645227821548420383287748727719381669363732012478780046115370498491013509329714488815617394484547468284347092170621873261852267873621522743275,0.00000002888022310648707670130926792398849431260754818004439457638438132717588219348689698946893070104602105834763231747374560269395271832685179305281104092225838561347459964380423281407050986987975647684973175573071028528602538261863481173231442475694431303762031552802922704699720907486,2.111874006393601355279065655506769424806076980154889334216475970246070551258080997500557534564906897977152155496273698258055024921768950018163575745387229028102583670564874568791897445127999705724131110123523399004198245392285619438847554307876022603587486869699909226503357843829e-239
L144_gL4_edge_t76p45,charge_density_wave,True,True,True,True,True,0.00000000000000000000000000000000000000000000000000000000000000000000000000000000000000004091560208544325250854914843306098869753817169203444721146456892777667159706369555353099111555851992724665636123317188106974431435903711307344401902410046441241960454081279728218576926835899781645758721467996590522092310342745635717112224490683269600494505597516620202367655836918,0.000000000000000000000000000000000000000000000000000000000000000000000000000000000000000003296781686603043493965210222136240158851357681171316507378645938351708865815506015413471158276869536229706580202965114004146795270823226454415277158213131540498402036042288640720340809677781553584382554912330183029138812044577162930871827272836775748529673469256258439581430392401,0.00000000000000000000000000000000000000000000000000000000000000000000000000000000000000006386877775904951137997106404715939070473931794790686023408868779123100966782036898277303765286655058377575231594127917283923194658885499339016640656838696636286985996449677109323793918581383938252738972080457062432832167191939949193730975774216660349471705911555394659887847348373,2.11390498654839002674274540402114530472683909277601722250309785565996268457070773077583992245318705182440713537649490863769461431410876706012520655602017439672851896165923410158919672371503572311923153542963903705818700543933387625384155206018283044173110002628918781267548747173e-239
L144_gL4_edge_t76p45,left,True,True,True,True,True,0.000007016305383604612587391693285319939636811488876746253885751623037697947234121219389683922539116147345878148952849139397988965048587573028441717874813413860859911432777420099365924577757322433933440519533646140484404295682715794433166929091609420012705963314300761580703133784973343,0.0000000534454733131786221564052040910237401898853957035986671164997946806278901915716169046890109597516999032040625573565424549839858212096848083416221175632993793000330529974238894909784327496053547139086750745561738745196049201052672397954033777126224484796595917257979574436314530569,0.000007017253910008352100817784478264572088249713695584068975171421814798472220611771275266522091330953861139907716523471690569915080137560868212172158732972623476665366253737430435261360885020623091580962619685792903118574110750270658395997334998736091601565910288074763748975593600765,2.116914061402243040266769397419275217710270335162456880900521750710330792385593222593447372634812568637752317590563657846485732834632324089849399316298618176574284411605010616457970699306478079604664788186414371484034929483253542896089223295830742116835996496286326073027025806246e-239
L144_gL4_edge_t76p45,right,True,True,True,True,True,0.00000002152603701543079057706369902536122932715158868593356336823732599204828212623375730730664479618139481598315660583558929333665656578407636123487710704364675927700812100286912987545886219177815786016304362739278714257658431753569577111459029010234143810072027698683507223570637010618,0.00000001044571692229677321426302110900771511847469467002067276340923991849859987638808966236275226108242798617458975672536323659071919746387209355802622076956070584368200328769739203576955041904769392295245861852452421753918668124559426716101322417773788296525619210239597805268186094559,0.000000021982946404726619856621642198795993823873035981008114232232424473535812374729012753925058340513530063695204996342184809253978206209127539462486876202174588658669594998978774200031932169854898289373939302164747925985279322021593308749629246547379207468769056422135669840734567584,2.113694538692440470823174667067804871285885418014922478610430339829829223348829336140184103506924038561791648072352012791769516173731474519793628187901521980008911204775748971419368159768176235177325292165528783798996393499988756503997363199842430747356238249973868108202490742059e-239
L144_gL4_translated_t43p20,charge_density_wave,True,True,True,True,True,0.000000000000000000000000000000000000000000000000006659569056938651049387869980747082825776116164503036777567067091130219978758875621575558819904454389212451365144937745166551471031430821384146763565515029383378404507346516332581114412360236010702060579001693880863601198992658426912155986204501697563600416069653913564320865766441,0.0000000000000000000000000000000000000000000000000007027450610246672242459717070250917623138466862688343680014523786490603282454141244207091273970183550366328584526651945728064605240121345354480734071512720843306011890951139284075662223958731315404984020360422886407203408096777815546336560063386489408984151791802196577243443334886,0.00000000000000000000000000000000000000000000000001204888378728668480438376036171833880213858605372586233241164084523244365090743576649788440559077338586213357232945930009531276525953940025101216636185730422162034812771424370749435696847275038999009859219429610808895962847156976996114197688092683030826863290841361762139078536878,2.11390498654839002674274540402114530472683909277601722250309785565996268457070773077583992245318705182440713537649490863769461431410876706012520655602017439672851896165923410158919672371503572311923153542963903705818700543933387625384155206018283044173110002628918781267548747173e-239
L144_gL4_translated_t43p20,block_cell9,True,True,True,True,True,0.000000000000004145953629816759341715352375331769229543069605946843363604841593656581507253775331914072181563934815110428111345322710754999830539852582377369007977464162450724699090187083058292191353457494768023441861539926573047809515802635911426793013230746873930018110650953810415250872950955,0.000000000000001426097487592473916631772913554443889057894051825029406291770002402631605745683728107057384843704270035349492993076651785432839673011346788709865775134238033779150569346915405500620579847499375368627147863954016039192226721881108401571867393307612330214614103292154445770877114736,0.00000000000001818537843067987053473005679152305322482527662460367987094521315459732255980724728595384491177760720401315127231683874576179243019884021026104452562207460160258311531218906078740978455570417942900902100851711124909350380002452295676701190213857397603525446951231554652780181760154,2.030422577793251984657772556859664090761322242447060832821625470484025448888768419976242321296044344901779710150007725090412211482985975439746981436662686031067798164142216773805857756959245053191699100552264182210909750568714993656974357866973887344668404352868231324735863780143e-239
L144_gL4_translated_t43p20,block_cell27,True,True,True,True,True,0.0000000000003378359541626599046760876465753033453320598680109388670463837561913858080279566656853152004818546882767439165017725297132984144295386031535173384919831579844160017897322873984068028929186271948677646287800176950232399282246467747222945086076180353331106123090560979157156695156169,0.0000000000002150189924847594392500566680635370507327793850792830534902798321535350325025676003729767057913489332515995766709348989854466237943231516777366107467301014587232727156220072795795210204644544526799237371485943630010335219957378644025856805628555193153743501976018122205148318793192,0.000000000003374006811311721790616044903738065963499966052159547797771996124072110778599960175467227038835314838396599412668433166530551825045422105242279923682003313185888649588820610379515590324643522562970049500854299738723844674736397384948661539052133847270272778184269425144819735135146,1.996426038264827897290612328140614406134815210977786389575177163454447481980716144121317195511543546403896927431699450484898137236830575896773119889453831739207261952354200998293208869946630606380695402802485674996370890004982327856958586093052651539455005056741832157961014163926e-239
L144_gL4_translated_t56p15,charge_density_wave,True,True,True,True,True,0.000000000000000000000000000000000000000000000000000000000000000008730818169390868831487507300327008337552026971037305022425924442417359301232623018313822922257571369993864742394607756189112044828813628668190793816710422356479608778869017538942817769129600076796423566845817554374123522208936404943185499177518252461574114718347477214686541370941,0.0000000000000000000000000000000000000000000000000000000000000000008132181331292011004908942264163817971215729036182409289434895797551505216332620607325454240172217433540395919656416850438283549129240477050650854060737577324656670600551625241315404984020360422886407203408096777815523497022695601695206725468359912961419811941103475793344027634211,0.00000000000000000000000000000000000000000000000000000000000000001475339832778427849575138114810411097085397808782411084789459268610934138188177812407948794392207136369006553809290683865731157454667703398679920860297899761832969635458449300051211515190372879771445127941124644975460023814831232951099632536069375300647991546169042606096830730656,2.11390498654839002674274540402114530472683909277601722250309785565996268457070773077583992245318705182440713537649490863769461431410876706012520655602017439672851896165923410158919672371503572311923153542963903705818700543933387625384155206018283044173110002628918781267548747173e-239
L144_gL4_translated_t56p15,block_cell9,True,True,True,True,True,0.000000001575131760638928988728996940043689717361548961130007881016615144942207730074568656119060071696473285314007275301203960373651345844368187676852510898858959659008681538382369136044880350994634248465030939319735711836719453980177511157614933431586297344317645435789698595818876759744,0.00000000107549124814967242843388705141297128646014971450454813297123885544804799100259928226814378659289796843325366231795816812148341632533502103191442596002867903936132227280926349297810779518669240217079658120973717981988556028536571321990307879255065151752448789700752436566184450784,0.000000001644226942421985872489583892994844587978617256787668486146925571282451478017332407919990230004814078830298458028489145680342986907494001792004068514821536231773079845498954081157550375232115352350986924084432819596056667872164107970706196996694459771401530269106877489932684082919,2.113994826777847664162064314379701384158615785686203039865406853160664049617410592333369527849874802588876596324558679373158941872347050111575483519734036833861132264599728427463188480981827178729301334219141457327322478065795602653459317299448576353889144576487239648263583333943e-239
L144_gL4_translated_t56p15,block_cell27,True,True,True,True,True,0.00000002958024564598114702379854854998287014299070577283058432385157226202555060695387436996733622873639015978706151979648161194132607701057824575215980416194820435676071110056256881406534577073830550925455902065968626523769493216218255381760899265522146662865255719772799119740904149784,0.0000000002495390803190270246100997589911102509824790482564190873229355104391754549326185220097269994673900575486288266075163442898017288091601025455429468448215859226229829204391298056093085754654893500133994520596631215858578303685495414797608264950422789346067766914625258745570949045821,0.0000003097449802746020492548368622569952961845069821382832525233077919508568609393791545707128674081918354611027547530041168227050534843140183704679902199391134882164008401914289383446047609154664836993447672319839038983474630840608921125907672960716906307114581958875467557377685676426,2.093904206760405907338904089717420321900494697958389946238968802246029026774601771959858697455532010374039798472766233749075969365505878866634329789570534689257698092803010005236994910362866054304621235699317970813428552537339840627972393081193913941391680382995618568251368013894e-239
L144_gL4_translated_t56p25,charge_density_wave,True,True,True,True,True,0.000000000000000000000000000000000000000000000000000000000000000006700897604579900438868611591876234151639147130616671851430252675013861432598216640712088534151180974896560702158806512785899226742040370576396750199848230136137173775038429951660250840769871154693949551969926744754882575287355143963395685157370134200815349373192570092559766415159,0.0000000000000000000000000000000000000000000000000000000000000000006236188395747817325313998105766058713270979150535873122929345290308194541499542057221230753790328289847576649048282203787837350929761468215015814613123308704392557961144546821315404984020360422886407203408096777815526244233063938634496866892660550604370987637622846154811140191029,0.00000000000000000000000000000000000000000000000000000000000000001131800466741692508252773340584025519561362450809409820672332748888272147914655254506577445757736799150947740001648099388798270755785652101723111241590219804855163089565074310114826992985488274754991923011864752061972971691104788892402232818078617216021177209061894637465803094106,2.11390498654839002674274540402114530472683909277601722250309785565996268457070773077583992245318705182440713537649490863769461431410876706012520655602017439672851896165923410158919672371503572311923153542963903705818700543933387625384155206018283044173110002628918781267548747173e-239
L144_gL4_translated_t56p25,block_cell9,True,True,True,True,True,0.000000001209127238476514690162616058595903717413716734223056430878842751739260338479238991472408028733094231446019393425225085307942087169769998055839512073748088086967061283421655083924826233044294591235142719820157177623731108398664884907978035376443359780998702921564111130922247237789,0.0000000006989501849094873498293414711231578906966382641710702579649483082585463287831307655207459225692194824133942932626867497634348096626919361429270883806731549562987603430105376483024094269730289775016883579880334863110057056560201198214144143032477841986367427031149087896958389254533,0.00000000124926654633202188368587736091304757156785095648280266105976949118747937413347968617864817584333328296365930606793203971821994008773575120741070022337265081083030966230345126521750952329506811380172667402399414969101657966276042832252060740503746320965798712387379463247059055161,2.114740056183015913821715061807663457365361354136243020656018097151313045196963351151295211039031070945347132383591803785411825220304247222060969640520790012557439008925300020717402255161225768800684526512359764232037641218628978344059466102047213114403208852541676762816145219201e-239
L144_gL4_translated_t56p25,block_cell27,True,True,True,True,True,0.00000002391651571651047084706379526379063271707839464983363823902267124121453837773899139643398083510268126635573383839686326148753965603662678156416943468942343156259993286759776110913562568628952967155523841371670396169682496709384588703566401100676494197998443444300163022578192492274,0.000000001036572488639613969768836707778401770078750902687281701787395550090374676462632407562098067832164386272694898408088338999156456879489011953059299534313532201808830708473033297890933762679956232377692824091516890963872646572790561146300760810932458774022885320207595483051508847168,0.000000238181831195041701181149217011363840430049781422960685190645437073410991849394665040172185358519056761025643795023574304169752237931014593871261684638197820640745447478718100346528207385545657816124947323039245275103843457980088678398732186765265879167680003377757003832683101684,2.093730982701575296373497008996214515262817053161326767783737807407596860151736072707079803538474992212747183028605784044707536011622446473489885774875260281378033676847709009900886273391635632646903608231303795060768209660990235869996053252323613001620304780614361666503691589409e-239
L144_gL4_translated_t56p30,charge_density_wave,True,True,True,True,True,0.000000000000000000000000000000000000000000000000000000000000000005870458205795598909747656913273485167614583737769334124067867131087916407860725547180934515277133175212494798233826131990991791119956529668011424862145374911868299109351747535673969711827194835448511665004036116173950707612703595634317886563564770500404797515367888499894043945119,0.0000000000000000000000000000000000000000000000000000000000000000005461042645761930486359698127076360805384839253420426145673303451497581036314109702636805316569634784109531110911750424975763077121955572822960414546683246806327897940166741461315404984020360422886407203408096777815531409789380462695698748062470378229003821321749606952747506620852,0.00000000000000000000000000000000000000000000000000000000000000000991308679102416438329318131073366376213538853543096509937894176625042884466999424155699531954169233104086545062056024628616956610736249721380318533240393868813207229977296717513025176872645937472863937556363613598963982286026211605620961443601510870207537463823988354600848635358,2.11390498654839002674274540402114530472683909277601722250309785565996268457070773077583992245318705182440713537649490863769461431410876706012520655602017439672851896165923410158919672371503572311923153542963903705818700543933387625384155206018283044173110002628918781267548747173e-239
L144_gL4_translated_t56p30,block_cell9,True,True,True,True,True,0.00000000105901842935495825952801640079327004526173898731950390772046149092459261895148895482953249748594717512910398881499957678599481583236686714289904017960732948675879248573605419499154237929531127260521922197009734294704969432525693203968556255910258726940409789323549779502723226169,0.0000000005611526949990007588089030018007662412227135395541794235318940792457091858425692267216175956984402644074050134418044670501848727429982762921876810439292044914331859878047038119358689221222992434301491778457352836178435325458868297503816857585451429535186612122655348589644114553186,0.000000001089633864799259993365741161593072707998222363728397836249620767740515879046103703126037390166217327541246771400773472057392753666220229406728875140764460788640152232007068129808292522308074269303360725921654651306816222553272479063938224060396989198831021488287951117518677007349,2.114456544791190748779444657491878430408169040697161833787300343833151526076503071638177992418197617018289441327622760837156744198686181611214866830761549145021498581961467972601390393819635185987779612724891186470577668751086233286447108753892865099694619169276371364197226589192e-239
L144_gL4_translated_t56p30,block_cell27,True,True,True,True,True,0.00000002173374452857387340088106579123919556612391584199031711066028324151953349263730331219420146228452448751310908310554000896079272267688495668461777133548717862395532607094069150328769969605738431835634632673679787005689151799156707509398959548584232906619756744151254323610054474667,0.000000001473356694241939816662197177729869206295855013152469076429930393465708708317757533372972183198516124059432510730676568621601207604005692175164200078105135699747456477953898573566587868010555696901216185194500979954010443056604753160785706470088124150975584410331942569272642159314,0.0000002091082566061522521153354136064085566750199431174324335538760459489310345398245562148398015190172117863362689044126824578071777430241736747037615235385021311820517852392535942937703880993804028425764010727834653771694712962902829147367928405792464735037074682348163197710385127328,2.091472724119657403458558485253687468367223249939605104384071456074004249169142630086007483402543117131215485680071656683702658418132485239870397853020445803235679463249812076638219151022256959252828619600659171107052926801164522137109129194403525652189586621443975219062041563497e-239
L144_gL4_translated_t56p40,charge_density_wave,True,True,True,True,True,0.000000000000000000000000000000000000000000000000000000000000000004505573076585121655083401941329089064425325712021196653074754831248154302196959899508834996598826910057430007149338024620757008588430425447058530035035686577902560273982059889807758898313548528323793455396760838535321643978793130225870730322032064145716314831514390817503354648367,0.0000000000000000000000000000000000000000000000000000000000000000004187827249935347875576108530213164381691721991491228472337351426192404806965593094136616636362611025586725140749366585098606981611806548832379588478863715292754935478780127581315404984020360422886407203408096777815525523519990064542256485814274287985296805389382149806355748294029,0.000000000000000000000000000000000000000000000000000000000000000007604790710581516077098051909056437917023402484714341951853051370259655581391957291857090647672569477348665733183932710554196728885654557762929176287924966900061429970711658901339859612567996167985572737565760192262590753823857993195252067072230220153335686865449145006329409906956,2.11390498654839002674274540402114530472683909277601722250309785565996268457070773077583992245318705182440713537649490863769461431410876706012520655602017439672851896165923410158919672371503572311923153542963903705818700543933387625384155206018283044173110002628918781267548747173e-239
L144_gL4_translated_t56p40,block_cell9,True,True,True,True,True,0.000008082170408579331146960136688549790719624327043752816029255523555358613153438285925731890918472831795149258266909914443689402547657933491282061579646987630716856014029932020089244946216930713384427113265262212950523056185492944367658774644167575199316631825436916199407728174647917,0.000003902055882005865063510407473362429928174320430627923806774717701184459167751872568650170729176123870470202014546898532817596707439581844371142089863816886266470470753036054888557962186274139882892897197980913701611173512213904544279249339281496927510488570139817562052966989295688,0.00000825985293720763056319840898636441025041153372852774834435487099213988733466063900663242211557308288024573184448215920084028876474015501177861249308992334543605932826734805732228483012119047528791203852064196129607325547874610160704213791341388564995585363865631229565135036670676,2.117002375741943161814123059739983811524242836359326779330984076744113638856335881563919115581563212131013260275857351657484122350418033256372206641324199930356705825381136754894065732665212498089200870743606844137099392402175146752291927785911115739960897341200426799797931497218e-239
L144_gL4_translated_t56p40,block_cell27,True,True,True,True,True,0.00000001842803417518191696304586344033673569985519634979453991646459983876966725077668836990083636735596897505347135169291427944801671742450729743352301575988953571847318361122319973602828081595942146867745709238282142825559275505255399898154786696324534530022431910568742030899479651768,0.000000002515763193205891116788099793619307065913956704259280876836908230385209823109869362985928533526022974606984808803873827869551544397985299969710197234719444723470219084732646444735445766592858331295580009641664961222645861826447775844891141555901452955396937416280157830841955422455,0.000000161743470228770017975759417461075151295111492787660908499605666720671143478600275741192407590017274534372639995977351886997682028268404602032383038948522027552375234918765989481333129994001955608831367930568853072629030248968686854072059179222105081806726558606901951648047016219,2.090474733527789154658516565244054829318981302038087881520880404112504054745621374991776489501501935814541156781185088296599823718496105925566682462556553550293555456087247986923506564221302840384246071336019157978069778745665022823762806664129251916292734845344856560676550640896e-239
L144_gL4_translated_t58p20,charge_density_wave,True,True,True,True,True,0.00000000000000000000000000000000000000000000000000000000000000000003847287589237095451782228861702007292913998562405564732421159642568751632570738808896810651822327625540797728326959698977552348648050043648555088164304279083298455976264320798176142602843656798675816251902409710016889785233134058640121141712793193347627868902093157325253228125816,0.000000000000000000000000000000000000000000000000000000000000000000003523217362110255484256097041399123872489395325500887143061373558426797234340745238150123616484534432211675536640315872435108844333551155066267767149293535694761567689663155131540498402036042288640720340809677781553000130453027913057970094246343583084929896853440215137061055176117,0.00000000000000000000000000000000000000000000000000000000000000000006441095509004368555945058621767022206218004321069190624617053110900997786648880507979790598796045434908397950366725736484051288514548160975245597110005303906245647462860275249275597354759218745150831066425412851663593143203508758358486839270658066853023350088768708439352376769678,2.11390498654839002674274540402114530472683909277601722250309785565996268457070773077583992245318705182440713537649490863769461431410876706012520655602017439672851896165923410158919672371503572311923153542963903705818700543933387625384155206018283044173110002628918781267548747173e-239
L144_gL4_translated_t58p20,block_cell9,True,True,True,True,True,0.000004901153847921471280502944412288739522032293341831322730805245690405846526952758980351355400215780436561854755090970548704825932003291659072098128794957733515254214607037527982907613156722553004622047088833822216501690456843316789500446680883254923436845987726914168634252894352729,0.0000000486651492778393693702768888931118535623595718610912004273949366865850463592202207482009486744150957077870338278036436361537540872609236458019769639351442413543729186126895107876072421907762629072924468041103723605135773346053248042075630170578172164025985546764327140671227415209,0.000004902036782761111063790740231708951341932570064139353727585641403124035273143730444446975518993180761361050331648334732980106330239506606070290174915008260260187498436223113721587361504909743846456167002536229767083317732414647185011170208196669875900568571960834840860621856517806,2.1149967170395752510568073504326434126516372847930360111894184056957348423326155652495188231037528715628152120525671770467759744408718682383031722757350378843188358622685340362817261411911707781042262926064533841969759418615169786654476275600312786177141100676745234276364189827e-239
L144_gL4_translated_t58p20,block_cell27,True,True,True,True,True,0.000000002067258087182194497849800224489855275112694651351927566787022355909030857312823211230098385238952717694616473621432688921368283512845649068136437929142167313591366995186247819753030449517838054037207685439870231964283632999942281453396752791918216448681292992077416719430983617268,0.000000001424332333965395656996111357983993097382403470236750296185576902528663031370051778518433833029486843223557872189158817350115632951454139516394413201352566945529088592450074616072619191795889631443263446837017062142562715039062652547984181053854398605856451590787476333655158769383,0.0000000021567192832852690626453363149907813276146100463807523199702408245906179454274217275339764744158145364927981992801580674929332827552286179189826339135435094700624467169386129772619379759021157017719571874914362121016579881313262008826479370072834212321134232491824155110485945667,2.116534940909896368966596994080951265367265628243935828434401061313124519731128812133676506416894719476559356782817585885782910744258223195169283093319554793087966455013835118441211077653086453017482845026745906107716073777916430551962384361310570168358365655424912444603031417906e-239
L144_gL4_translated_t58p30,charge_density_wave,True,True,True,True,True,0.00000000000000000000000000000000000000000000000000000000000000000002952790821350229250620562617698969689803880815668836733238002249910083385121483807350407204076008742904983159071947412103308062455710828420386580218117401695137108863056838489781841079250085032633719635613242558168827608750289868958038175940934074698503870388800123531685940569676,0.000000000000000000000000000000000000000000000000000000000000000000002701873845235571871829528776666210062931456338795776731105872111344357742238868457189851076189166452466964789818146978250383014987710051429340948118457231589700836715320954131540498402036042288640720340809677781552599436739120610402208999779158050999226177388312409310071231151902,0.00000000000000000000000000000000000000000000000000000000000000000004941341970064214379393949749886208573057507145835151895942438331933533145382362442580612464912165573824265072256975976869593009068623690162094495395552052170634718539279346477560618982089515006553813121491483029786548924888482693494796098139662424402630909477340431602074619530175,2.11390498654839002674274540402114530472683909277601722250309785565996268457070773077583992245318705182440713537649490863769461431410876706012520655602017439672851896165923410158919672371503572311923153542963903705818700543933387625384155206018283044173110002628918781267548747173e-239
L144_gL4_translated_t58p30,block_cell9,True,True,True,True,True,0.00000375380462608930445654426220713027807662851285548010035725936226183927850505223582989488249622981526232264758099305961256170284623699128374808430631933271836562620154766445436009961693584695052010146723614508635054180429390198401330657595858727791455524761437201964778586129832481,0.00000002948719658522527535376027004217499480527501169906753085476048732015787872504489278617294894297062069188583564689291272292067702371740030064084288811957106023365837633562385119885672550235716434529408714633225592397075990805681387487965694248359092276481319087129785579396633200378,0.000003754322490429108921577008076162349045200796103334020652288530507684312696028134446551730718545178133739278595316944571856774045892880887869153392241724845794245077406336299523632803985043403423777321709298325511702995433371475659966863859750716282480412643849292481784016933836422,2.113109429224485940640051378159122336189478018930396706279933022637772608197545324671982694152720935771103555145161590627385153981645729887711064229252340527574387457731234889153670853886161030165263314510726314290549427950164002321520779014475559763997726269384345376425332663156e-239
L144_gL4_translated_t58p30,block_cell27,True,True,True,True,True,0.000000001586464020939319437246140333923992186117923639814165467481639957113213285862302697035455624758418522041607026144933936102904309163028097800445558649683165376135334104066630031843755819690372309810516333173551300150016066230599844347758906096495933051457024312349648035936700647926,0.0000000009246610405573544122445009275952723362327457686884752330986154949565383558768758210291933878838691680021430542118076774135284951988181315479998706454236357961200365902539931687285967587054429684664638647099172043852012084030857016457595646826609158304043125038377787436573724016377,0.000000001638408030554969742480321578195705404021224553983644535792448333988855327519405763688616936144982378457833784765156882582234373825062020828861459861915843418985439669370373878106736213905886439569845322016054087590806741656885005035169384817628007313983606903085598827999674637962,2.115306588781101970814336365289215855737616535377303959632686739030160028929449115016694104029075887700604847679313853025365910473020711240224494009077162728069635608721564938825398109453138019763849463697329152757639024464364237375142515477608250702028691236272137206960804082692e-239
L144_gL4_translated_t58p35,charge_density_wave,True,True,True,True,True,0.00000000000000000000000000000000000000000000000000000000000000000002586852684960129598382831243562720845310441595982076094691769486457692265274300155156382472368690963857583189999201190818333685788987709500093577023073083789197122664246245918316216021759108760633194136848398896422005850538037024773103855110717238025061534420855918159521623953408,0.000000000000000000000000000000000000000000000000000000000000000000002366072889580467889067953101356897071628440577926801950265685746067045580427937517982646059974059646625730668775497595762095215389603065452782222801693113920490786971815291131540498402036042288640720340809677781554779394955360538471606316199819012893976139402762140388885193339288,0.0000000000000000000000000000000000000000000000000000000000000000000432800373145084473237529375292686175672477939245840462356059963764931820904800942130109999497945349865988236351080199854369160245493421696693686407123213876336299258765745635958768041180902331353774368210031678264904876170979114630058212697674786931878861034061109591763503866011,2.11390498654839002674274540402114530472683909277601722250309785565996268457070773077583992245318705182440713537649490863769461431410876706012520655602017439672851896165923410158919672371503572311923153542963903705818700543933387625384155206018283044173110002628918781267548747173e-239
L144_gL4_translated_t58p35,block_cell9,True,True,True,True,True,0.000003285179863052778228727355379269696123467851591262000527564499825765815701908380219241635038089816032200362285181789072887398659072337377689610401700724933138741490987385022673790497423208573552426762305415117756485017612833927723455967418666168731749366771480649495931453653875102,0.00000002294428990262993086800777154498046420951241862894861527724649236145804675993657524104790504563617592781440488116224998180528907824581332482233166088250402863555217595827396338010530170518293595656969125772988676621054316210874977135316995858619303920724273662899374599917640343865,0.000003285576473097757577538794159546190946518019492305085665341746744222713191893650433486231778558640766786506476171780762895683827963162223122390284947705410691944910759673738701084114698669259233269311728776258449823132065448155131912361051892029209597185198858339060154753031909561,2.113663231618790831407693542546345884943632204333480184798979075185576629368379324083615717786959872407319224234082668630931411600080421929263302666391410626609899508971074976025505511883136378491658193499079813411614270592984267599348175544117956544756102624695353754229556460884e-239
L144_gL4_translated_t58p35,block_cell27,True,True,True,True,True,0.000000001389323317746351494971574450969990993957377055001972028250813760171722711635599672096855992954918798912169130476775879612497509101362640328643620332204380515388162966241693909492199679708393136251452720043243278995293636592330592623922644587768614117377385214448860692633571828492,0.0000000007420001142717542783992941890932412055818789601693111515324900918208227448130468974370804875618260229121394506611216334944265658232273668740187035884732425955919167069880434050795855566510311391072436563455876013249647768437777852333551001418372558724786204270543827083843919495384,0.000000001428932672651927366491528478633960802677618789207006431253882029610012032767645059558903709093953601451630054101233921718393173374148645174119113102607561608908352413177828175005848293464582605561335512021460445103484866343164427812287048215538486631117007862824058377554547792731,2.1139388310830635330725841688555961120234839765226958813306074202855862155172110813579819336929028237117258557124724770452131016662024185286971269838495847415760485243561033662568818941351879398527636132634877607377293348160867882116740124853441365980425837822010253419766925498e-239
L144_gL4_translated_t58p45,charge_density_wave,True,True,True,True,True,0.00000000000000000000000000000000000000000000000000000000000000000001985407817219659718847184693858522083322975242593849858152153272368638819604645243631044691722236018606916943990153534161969736236927924763461158959596616769930023643504702310256896142886444937112124191808610644873826939404935368907267699951522275265338063426733017370709699857163,0.000000000000000000000000000000000000000000000000000000000000000000001814490492658863338260167302450682686439336610088505041934358951389611845918011170474981655907821491750543896271830294165707291106604118782406238778061510667287738481615905131540498402036042288640720340809677781554600556318411250123762943391777556920063247144250487206707901657603,0.00000000000000000000000000000000000000000000000000000000000000000003320269358646317857477942284969637887839349429358837233140061828325718189259878359845159426111778598087943121394757557128032844443390976471712574335651932330888997063722920061371681492403395745696187702697214199040481903717884855328543620250562915632930601883433262679265993822091,2.11390498654839002674274540402114530472683909277601722250309785565996268457070773077583992245318705182440713537649490863769461431410876706012520655602017439672851896165923410158919672371503572311923153542963903705818700543933387625384155206018283044173110002628918781267548747173e-239
L144_gL4_translated_t58p45,block_cell9,True,True,True,True,True,0.000002516145583180692715814355921330707375160133270839641696534388411591212710301331744147697884972127253329545151849971177323870584792149888382865068037686093040542263695382921206463091082379178883471829210870444606323820478842321120276894389352537010263756771518240193067559100336413,0.00000001388164930507358176761365921955586257930877270942560636903682852166799552463435551218198398579481978723592918072216777669524713146663561808660672680111070008303451716946111266685658977667046201144682351435296878653880685731053939917777559854977496547355612159776027756194763701165,0.000002516378213510716109431440696217277945457404034034107071029740713000180040864957321492234077234422778596813341170571586943673450970251269571876717615827578990697066244841449148375858204210942409319768782842244935584344647601593600256673971973328010927368688528503037715318076588932,2.11392618964457281104758481230961222903216739255376263227835159044302931696764693713372545958786131422805910263636504534721814211999023220479515485144320718983738214308853371114564349462459503049926964738758195749457639333925478356752948730254616798736642446434975429393874585975e-239
L144_gL4_translated_t58p45,block_cell27,True,True,True,True,True,0.000009322706935475398671286310031978517780173031459466564786740103026574916592093174391452552896304288321346189717811303299258989995131272239481440162232326731118014224583439541520199075357725087770438130990123019773246574582865868911546660538198215357548469467170576335339452368610665,0.000004473764162941894551559132131367975873327762593370550101010718340385845713180348446264998425892835951027407498241065356796188456641632496883335926049765379019241527617172492468342449121919775870979036057175538943706306329198945009371894571020974594395850818256004029154713375999603,0.000009524741693219484401249329961469003264845210642750899217516417219204396327528973474194586007177755237651126853452476639706799111092415888469488744975635356252782117681722183633172499991684700964010824196421486675119798604064354896858749928345884857718738514583935258341249910177482,2.114159335914108993375344090022649040977339099806196286612795201739031181077004054704498004199321881468214630262167318678668062458573159482079059900227679568104988657879253435345789779295295785705269165705269805960780411609320357781611990971257472789014570821600439313273636170075e-239
L144_gL4_translated_t61p92,charge_density_wave,True,True,True,True,True,0.000000000000000000000000000000000000000000000000000000000000000000000002042006618941547129933503449351274973530271660652122412811972040405333359180945668850687977322842154226773919184101296262521644780159436511865753241188848644136957466947560031801881100310146518770661561998304728872353404654201432586410958249125275782949922169138003140177196369112,0.0000000000000000000000000000000000000000000000000000000000000000000000001816110838787736006210892073340418160878363671108514416731816496307308270636900245092609805634948325677308600811245761898394289253257110223442267075502148786376575660661315404984020360422886407203408096777815537455915933401351745987109046704226798190914515541684209058724658323242,0.000000000000000000000000000000000000000000000000000000000000000000000003364438010796449408561766227079966035349674874355786142157630416418950820638345183745660322271003130419810679496875823053452753172773362673422070624839475369844454796787909144994323175924674871995210369403245124808975009760901436180385350123066296186559709784237886312878606796929,2.11390498654839002674274540402114530472683909277601722250309785565996268457070773077583992245318705182440713537649490863769461431410876706012520655602017439672851896165923410158919672371503572311923153542963903705818700543933387625384155206018283044173110002628918781267548747173e-239
L144_gL4_translated_t61p92,block_cell9,True,True,True,True,True,0.00000001530433679037068267494672925426560655470917642049993869410259439641441773633681840884389634328810044426548525142670929119649936865995274813893068496006914930657705862356473853655907178791693733258799792199004078953831509412236063394684629863384473078902476632459580285523170948226,0.000000000000008663958211969798757932125072853619171187983409611158110627478484729708200070472188845684947752946315285685276821773666271409435186113765120656351980243652757701979135747225507280674408033801383009941346998523406985175343319553868459501597963957711359279659190322218447865707387022,0.00000001530433716490236597885583207768608628949359009805019273242547291184850280283706844850684882952982997942809682614564288135104737925799434234113818974759473492360525396007184982679065070182606761344566862169782524495628084316454826449769076524014778504077205762553737749044012576717,2.11390498654839002674274540402114530472683909277601722250309785565996268457070773077583992245318705182440713537649490863769461431410876706012520655602017439672851896165923410158919672371503572311923153542963903705818700543933387625384155206018283044173110002628918781267548747173e-239
L144_gL4_translated_t61p92,block_cell27,True,True,True,True,True,0.000003541833943300326233645789645255279100514540920049383468024255731872332876891754012877307936830763976420900241850099017425672102119279236085974144532039972845286832792255602188633089179287676774742590875309798711422811242201168822472812405736479290611537265745803883825397632230241,0.0000000003274354638925609892152936587317946748203438823951489410200419608685395436896768081320023850516156643386811811605640891511058400394597691392475417097777442144923059615999877602065999177744811103601662334065703048240481408946413744558684595015979639577113592796591903222184448090521,0.000003541852845039887982023213467494581375473542263768149204759798029459657782117378137288292997261221087455479624145047575956271704987796893387087583562490089197412841564434137610681172249595097058173591562782831908880929132900858830040878704637721080690890925533005679380704687667178,2.11390498654839002674274540402114530472683909277601722250309785565996268457070773077583992245318705182440713537649490863769461431410876706012520655602017439672851896165923410158919672371503572311923153542963903705818700543933387625384155206018283044173110002628918781267548747173e-239
L144_g0p25_edge_t69p25,charge_density_wave,True,True,True,True,True,0.0000000000000000000000000000000000000000000000000000000000000000000000000000000350788334998369499158239771434744806413546884241434170639142208642593945761656620976401910706385999641580611623321463352276594114569488525851259505047941260327563831278597158883267560926712743328123103572341691802109554586303238677824379832395341309613970142825547615999786084653,0.0000000000000000000000000000000000000000000000000000000000000000000000000000000005751099855743848003628686463080809568093459786651685815375804815936107987777972365386340171143791701075077119614213160481532780894972268124794428520478606446797668779742613085328688455189647041311790993943336074137716140014679127268941691425170680353005962769115048502195663370388,0.0000000000000000000000000000000000000000000000000000000000000000000000000000000533679111290812246426618358328280142377105392202346894912247748135386433587528909723368342406016447843886312126087676546276180684891623793360040609784414783439480175223841034991749150138299930210444408879656538053616355214327098843363631325487424364624415945325863000560992617018,2.103365909709133756963212270351047674127775336236015141679678127511606397735404486821492703624642418608018253646922240892903762968499899740582108980526361904181748813402906570753323647968535490047169908071708890538207756079575507062623558628415671178261649850011812787220579643013e-239
L144_g0p25_edge_t69p25,left,True,True,True,True,True,0.00000002830094571804013616328377721673962108989440481563348599881114512333782239815989159815011804675907144923237430176103891582442890214122493073153131740292700772860318858967056502665501196700231650800104422654239103175930025520775240569491886848145986312682161569953272670870130512156,0.00000001991226174395810526150243817731357925516275602231582015487331176495972961812417172346264613128117327873122370841885072040160516507208368622495539432854346987689160281563811933816874850441818467926154943144410146791592950304285697219398051785212045426881238021810365587737567878666,0.00000002947794353291921684820148605349469518285945592697788912086634682676824585814283715973156269089580975463854853614735117552172426906423976892787061573881436248161176593051590928627435866829367278979375165458428739854206789862861901622944608208888850316197514317383892607113774642971,2.105418299944974491176374684662604656360530876081719690992464171513915743193032231378252756702685578065249275043016798982842727406816471365092548784605378203830537973852045792404841537565202063407378563297300266490901148118688776898743687538324442581127526357212504945448898603639e-239
L144_g0p25_edge_t69p25,right,True,True,True,True,True,0.000000000000002638814608421768839124246110739330182330216311213405143078920549027513463170449254597323865436769806587073630571814292520276046955994980718485888482666295079316555546252288711479369581586374135120945951171458337972117613517854919822621633070769166225254315086924420443054408643731,0.000000000000003131595651504060809151650584266535675877417145030102713414590003742378154737241106910232983066370421302490306363604162195151392501612651302091850094987005413841899913495052430496924171283896018126259374995382156168477159833074656394547912742687703158974032656599219070851859729564,0.00000000000008381429814161817155584138288431598237351629651921061094825556268165787516180176666255659380138007944839151175351649064905434432872176294529357865477437432735432938872558159077085804052704749791829996460802833975507826875449709792633955871285339623694161838395571774041475086129831,2.030345560906518066829692432339320655976494860179000966068758022371690581337148803722257355182859839378840032695425242458796721601185113759255938485557152110627703085380970317603139487150122105455545597174797728843361428614598306310986655207913296918699827435454472642328979200101e-239
L144_g0p25_edge_t69p35,charge_density_wave,True,True,True,True,True,0.00000000000000000000000000000000000000000000000000000000000000000000000000000002698546631376037777941671710034753954608778437144067333192308750135927679393002803837460501355177461000578507335333507824718705581347243993835480198197778528943130968122524831437411654223262091684439895199568981579190736115822452695694951054667904660983692782399244031141547959875,0.0000000000000000000000000000000000000000000000000000000000000000000000000000000004411014938825640710083083497226140001500878744413666865188916388099496694912704643371333280335986776486639655879095241343548788892080072350659559555064154051537668779742613085328688455189647041311791019264676037456345742791336176846369358541352483701909582896043093546060871608424,0.00000000000000000000000000000000000000000000000000000000000000000000000000000004103685884252306641025673536148924344054198038485759705799873234148239915728932003505740088825656612359775582515273075490853132407343758440113278622737798741873374122079256000501261399743360738787101765095873346095581941411949011487340957513425576998649388529878046086128690388926,2.103365909709133756963212270351047674127775336236015141679678127511606397735404486821492703624642418608018253646922240892903762968499899740582108980526361904181748813402906570753323647968535490047169908071708890538207756079575507062623558628415671178261649850011812787220579643013e-239
L144_g0p25_edge_t69p35,left,True,True,True,True,True,0.00000002178394773612087032628584803262542966623527677735153813741657469114303900800821776983521464594195492712024822773693899280379286455067334461881432653503056831133686705618984236881655720462715538492913915843297425982382336561419143207624712060957651895382099537093776510718723455273,0.00000001295959935005902661200458967541740410000423599052854298776837784974758459584592993114829304539824596893687506624589516831864033867833931772903827541135344958020830921042946078081507506666222948258573738801951168620056880416974742780766042548404319059958141957273603963752754037213,0.0000000224724237011395731259483866877146585308323145871734851007882807677261593918449930388696538410362616221703182514292779069128287196648962800441285033075159641310057082563528728466081317896854233470890979554700011433495676601283164160765573885605807830033278850297520470898960426571,2.104564493173237396454517012515246361535783201831729025697830042869661745678735427591623407675273922584947465651970356720412528052543069997034237928449457428186728025918968125020921911643271508977059133080539697324944189083089013567596999636572895380011727999583684367085753461033e-239
L144_g0p25_edge_t69p35,right,True,True,True,True,True,0.00000000000000210179872728468652144183569435680620846935929128374382416138481606233602057317572893274404031271532266010527279130541865066186549989922944562419614610837090449408623598445606182762234529204677960287581878783204046825796099741977560968967643394922442352302401577767813305171143767,0.000000000000002569874662487531424666269434674242262133859025340257452551379678162009716155204892200663800786330117723645622881428377287282312326783172883125928627008412215763999996694400971901282228108426793833230055464337341892575544447041276290166877383742067905309143440082598380017304022716,0.00000000000006550894562248916438099284615249727976981416644297720748672687970215677209298577586289992263007999595287528379256329672005208419577543560286554890666148912053657797937265976463747091659705900628729439004561955310965254184470472935709616906360484492162313003717714383300126176817983,2.025245482090191090933239372229646045438406992264427773905082476256312195878518038107434876682240447209639242953374375643796282319918301434076008507667247364527376042047650654196196673858746361371123307380358627088343330536220020189592931828343046762649214460351790456725992655608e-239
L144_g0p25_edge_t69p40,charge_density_wave,True,True,True,True,True,0.00000000000000000000000000000000000000000000000000000000000000000000000000000002366858563041359943979098388946441045313055812936733821660585772204166304194912444653054202024492360201765319954821248336097671575846970022084725618038408904389985537710002342071098025703379695224700108037352895203993366634268414779975701471330762873976799000257886151285631389041,0.0000000000000000000000000000000000000000000000000000000000000000000000000000000003863069338993874174428418899354064419669580479382788781171006687282615318284549037820510687005631609655652038534752648391750595839714803135574709242085863292097668779742613085328688455189647041311791014926385732126353761246084225578760097616851715972717775500625464959834472809223,0.00000000000000000000000000000000000000000000000000000000000000000000000000000003598496961740778104394209069263577443264088396861337444153285533974944933969051375345429711541571480023943041017062283522411311931784590894156413089985992710367388240068197898261062414314128688893262967137534862119213748559907496560587776627772225642519016496525663279701835715951,2.103365909709133756963212270351047674127775336236015141679678127511606397735404486821492703624642418608018253646922240892903762968499899740582108980526361904181748813402906570753323647968535490047169908071708890538207756079575507062623558628415671178261649850011812787220579643013e-239
L144_g0p25_edge_t69p40,left,True,True,True,True,True,0.00000001910606877477841698166837323070062840870327402453885344808934813094884840714281568579031339552110354489236261109696392744842613666196806292963690191749672931696756158765046595086974076792584598947908633745455513192537124818350430044956137748090102335372683782784447626079953184852,0.00000001041585381657123008726911603092696525483776062111071793827938265685082807059415376813406328340294772177466565497533274133032932046411260612878738211940505441481936969458233122637643849173721697051116347724011364628284610920076477539837424283439127250870383971721871993337410319917,0.00000001963295812338580381488598851121781125350311090519012155742114650366394459983519860689509327844407696093655128076054164793729029747691489611531324111277458569701375312195936362991522658532399014953347167824647642197964284694818272874399875150168075533479080522450531029402797473308,2.104481568546683591747015740365039946611400286946006062009675268100428589025493889044387391050306334906178350262800367246528610583417163499890155602817138570089843661187612655936836523960755895526792422328002097065756349138926209390469090075170798781859896550037508151422677731348e-239
L144_g0p25_edge_t69p40,right,True,True,True,True,True,0.000000000000001860191644975724230921728026347506312458818840023293523911609616266079193165064372865012235393014153950915980927499654494740511918144100930699858179285881638495635456394290845999465906468782957888009908857260660592639514323988170182928707451654072373528751876231610116976941215565,0.000000000000002238621172820344616119899878619497726449280355753480444743921571698140223467893655617588109164403143153359599707843723888887197416448628420725604435728969582836895113341690028226049339812667355681848671228299513000649037085781316969918912406266747622201537006812376183115986159812,0.00000000000005767314461852313858498321562364914456541296698060458957577265506497551047472483880495717332232388847866697005705862311322071559734195740602953811122965549571332154689810838088030704465629395695862189969878223743350268971246242710474171189401645617289228803667866876963149095426266,2.037250016081274974819806405552431262015513488500958611073070297316890328953914966566520392151532605508112507637931339627852336019565022138459422471839078221339240345098167213784695593553833060534795385725937012386570856606561469585456614024115474524307732015094815620881545271716e-239
L144_g0p25_edge_t69p50,charge_density_wave,True,True,True,True,True,0.00000000000000000000000000000000000000000000000000000000000000000000000000000001820778177265908649748006752848590934985794955616283515266322327926781309919201131999245142558254713511282023411187040558601597459685060121802373440842301705470594474207568809669912555669992969078769178363544472856447702343726500399967280049945132248643237469721083090996215654926,0.0000000000000000000000000000000000000000000000000000000000000000000000000000000002962925841227015592314521255727190080307198324897114687687508561730163192252873018165995354249076567369414250454224064138210777155199711815979392447124621519197668779742613085328688455189647041311791017469519074494671302808045998314883721246451106318977739282397145927413483143046,0.00000000000000000000000000000000000000000000000000000000000000000000000000000002767039467512823750211723834516489852183283502754705489717857790222228906152793046394607466819084340908248225575793883695471626390035396379455740602647600818646718855998333130698450773285536205036321647472636510777837410112913384686153163522052894981003665528684856154748094631268,2.103365909709133756963212270351047674127775336236015141679678127511606397735404486821492703624642418608018253646922240892903762968499899740582108980526361904181748813402906570753323647968535490047169908071708890538207756079575507062623558628415671178261649850011812787220579643013e-239
L144_g0p25_edge_t69p50,left,True,True,True,True,True,0.0000000146916111320672815023157349054378015094755436150189752151499529446188171527272265762632940129596741482798255666013781527339974662391287844170998503929641874751734043005795148421368296731534267760367162082321289790212458068134560658292360628549194366096672407599482886663448275504,0.000000006686585524923326682550312526565872674366615246553621008690141545641461240664190101377749164140397401974110288919210053135013582025390629986947328498605852582907744538100753992257477228585029929656474185452620140223422493452358470244072240784905403736133439012523143303750740632654,0.0000000150005494899973825983754547866722837089555139787912266697835869927412268947584771229707893225113866038416428896818190130898626158364387561725211999373067361134632280037146701523624801140980546150663022440705934753108184400466134009641762082659534840666737251790741318745643575656,2.104432826715610214402753602877323429487782372716585675068319280798757179889621778649416467560859188711249531286377686203819558123199553073908475570345105966485401948843365739592634050806236539550386930725975236738928079192974980839254489094623430445361821551518129557055929456668e-239
L144_g0p25_edge_t69p50,right,True,True,True,True,True,0.000000000000001440997525113371961570494290953282018523468065963820306791941493511569219246928684759867606825992281797738878876781317727952192522609516447720872573080891009785890799171617201317723279159435448073666334827002945541925686947291879730616436460216074601094943319956924995526959702747,0.000000000000001610586503922083227232557003868535949989111627104675375366672492722596077455292327663094320771685615303448297263333701916751850674014412259552413077407334860273145234700637257790168327148200080658769101796207511267657749697320895555776710455232541017328809581637473233415549118018,0.00000000000004445273241640221441933958321982019011310021315235831887551931008849163423788359818461034405821115605297141015910164730702712773851020351154898454190617244841136255718811479678225839931487418187910293527971067396339316618340631053965719138592158516570200819005254917088805692154517,2.029940026237850963088504756890958255110096995756458370640210821053750708319401924996496902347105153939206438160626451414150689239074651341141208166142344213255440963465916798140937106414355505694332063564210652735197267703688391987830529079243654879328960829422382240443454969395e-239
L144_g0p25_edge_t81p50,charge_density_wave,True,True,True,True,True,3.891947383243445464418800960279141672156299983578544704781187853916899312610875877354527935487753793894317767822654815411693066400565428931826808318570620854041739821083833327797094376158602244119483014806813147716898454002004336943716432357738277012681142053008262125945455914854e-94,4.458307379506800788361168463146025932778869578489095043567321617333731034976224190435109671718965026536504089297449371251113017696043749349101994766877974261308532868845518964704131179101185141969470525021418051583525083198504697866648747315508026325275945728712746325037479593373e-96,5.631503694317302420933980642202134452449782675969820980576313743486510956104661100216710931218606218456210707493657750275565480277743023881881665143385324404984377989127569589262888336969232950035418257008168155581661275767423456475975639464857042578670256753425897904054585329961e-94,2.103365909709133756963212270351047674127775336236015141679678127511606397735404486821492703624642418608018253646922240892903762968499899740582108980526361904181748813402906570753323647968535490047169908071708890538207756079575507062623558628415671178261649850011812787220579643013e-239
L144_g0p25_edge_t81p50,left,True,True,True,True,True,0.0000000000000006439745269297704734560455758712950970853829315438838257469134722253461223482392590807681803268391531926536566316930300358572438665443120954701801438607963346579753835225055314410651548474641495812259121058273361810258095657602299957179423027838696030973191350157784901746857314597,0.00000000000000000000000000001663395751600080736800435694471105739999381087886755790854080199878551315964071487114826720058722326960757189008230195921444767431196365553530995080831223372106340204559084011769090880477102186526931362849178352676687797426130853286884551896470413117910153128991953544578331070679,0.0000000000000006439745277974600941421678446981642656640245643921557675803342404862146783950297453970470820354966283822942417827068161887839021704138616228268157362676857705180499072417822265341714607803853626293529624906379285291942469244769442902721620303937300778604926205554561002927447501699,2.103365909709133756963212270351047674127775336236015141679678127511606397735404486821492703624642418608018253646922240892903762968499899740582108980526361904181748813402906570753323647968535490047169908071708890538207756079575507062623558628415671178261649850011812787220579643013e-239
L144_g0p25_edge_t81p50,right,True,True,True,True,True,0.00000003749766246278350848365171233221281432715306543072340384092291771474465089421750696864665894386271761888582768244696154796272510101510205880513081612841143161226913450835378923050235554785018134635818989318238103371022988192288707579323894988500222988285204132091617901217272215621,0.0000000280410472039756064617763704533900203596090231834607961501079076624966576446941139095839439887203313874499411301959327794803979212799277266710489483342211290084055488985755580340897030927062522000412928850927763534395976508901012995832490918146622758169303448445644981912375728592,0.00000003907160565183704057893649068032718293015329206419711405272343022122871047149271837413813314916125072614969114839626994726952995475398862755331217857278213355748787334193640091895054839711473626942930182523211437491302119258955887823526186215870949014488981543848467214562348171209,2.104691980822011182169601927684589368483228451077277838608695025099366607589401105227626759106102366044536360858255481635525873869949851692681370558158379677139392050670574678979635783700201589348997458937057091356495599737287948551616937476698680781292612357564879027431589668938e-239
L144_g0p25_edge_t81p60,charge_density_wave,True,True,True,True,True,2.993968988836606643900405103354133121199173304917884092461491717498612923090507190970362150933161881524080782060066695648690258900644157984991117769512852027610387189698918236059145692881993631404609997171772138287072674896594325228338799808362744474837778965360337089012005378293e-94,3.419821797239311901198697357658537258123314901005786526763438087107449877827716444972673285188448737555413937326329133422393543964699309638009833766877974261308532868845518964704131179098518268801272221544246359565458914005361590968988645949767846873239327676573884648964639519621e-96,4.330509077409914386416398701430500994872248192829304103827430674262103465474325987914023820145719834169317046790156323134473073199268321354812362507436665761749370279689547082981343558953041494134105288984722430440324709689191608468488177846183521794188789253871624236639639597723e-94,2.103365909709133756963212270351047674127775336236015141679678127511606397735404486821492703624642418608018253646922240892903762968499899740582108980526361904181748813402906570753323647968535490047169908071708890538207756079575507062623558628415671178261649850011812787220579643013e-239
L144_g0p25_edge_t81p60,left,True,True,True,True,True,0.0000000000000004948100650173078686553126983035418929092447488765175633257013733928857198943586413291037625355683728661867895544630182928470107396438629696281131375007308904313051707236596676821460480859010604513556211185399132348238485476027284283382003617027037987789859067782966236580933510204,0.00000000000000000000000000001985281666418446973192110300477206010087135267115096909231900181650561690678379173489494690961691273748998074273864774573873508221902907817943060488568168055219952694868965319081627761710992276777260465987007381576687797426130853286884551896470413117909854470171844833949725237584,0.0000000000000004948100656808019516060088508092237380384195466804922204213162263498862731965329565520787915015024257366695410152643644614576050277810422091889515670991481901154532090249989444053031935135744908362509352841695914328162482429308268718867174538998754739516835945879141842154672338083,2.103365909709133756963212270351047674127775336236015141679678127511606397735404486821492703624642418608018253646922240892903762968499899740582108980526361904181748813402906570753323647968535490047169908071708890538207756079575507062623558628415671178261649850011812787220579643013e-239
L144_g0p25_edge_t81p60,right,True,True,True,True,True,0.00000002873687484510064118673418226180776383276883451500895896320395127119069497656986926789560937980104554407411782576759471547528149188059578441548369435363925698618013152667506681327079357852039483733694163640574769525618673559061770473399859440026375037766155721757054488798025300062,0.00000001813587096132942174564379685148232126491455786085173683095919572473314551890640049310919326334620666759454594585180911966085520109643724033272755254771826096313915469222165293232615039257543090569916368011700447489004697183921947705670789829533957295780302835509288780504094305164,0.00000002964808099287375634274152370420009069916011561840891966873647342399571628362325329003799421136113058910942019125218714191627159171830561291706448285013338825171078276099585240744386797622700624299627887452522906974522282675395922398272520673479754800253253893819917281043354438683,2.10314926440184229192088507878942553765941475019901869300366701698893972784541098707086086582037810222451162051495322714809755431321951694738371540210491378010198333243972059442407275577549172239317431447604878872091973432527690000853784316076158463188890926493016059476811186033e-239
L144_g0p25_edge_t81p65,charge_density_wave,True,True,True,True,True,2.625956042283327617466179474985606727243480057544630185747125066943423700698342134111344174526378300573324772882539047270270671648751160133700485463173472333511611606901858782675729020540727321290747721395264224943984145125345474141744292403501496913094803732521359892655403510515e-94,2.99516208636052690925414562859500510051000625378962098692175377385886228863264018371083768609542829264315952172742522746706938868392103728426990576687797426130853286884551896470413117910120575248871786522391495611921700168540294015892885600390861646014195398836220201915326228204e-96,3.797486990313819275508932304913280377406304225242006059836054485780544031049304068084404618251218467663763463430230043767117048291875494216887310247291758588653153713760492918748241149535025532467974854318234415361553161202559607816623034985957489210668369773771963697972413075484e-94,2.103365909709133756963212270351047674127775336236015141679678127511606397735404486821492703624642418608018253646922240892903762968499899740582108980526361904181748813402906570753323647968535490047169908071708890538207756079575507062623558628415671178261649850011812787220579643013e-239
L144_g0p25_edge_t81p65,left,True,True,True,True,True,0.0000000000000004337344203860303829063260115891368865155245242872607518086704021504634622711581465865688767318098222652681532068770466742027608985847742691428165664764870496692963747584153545836211508801898343710413976846956683720611851911672196879374014669408188645581537189733644333461061837207,0.00000000000000000000000000002014081608762840388995962078098253530844577152288204263482966268793391061215990246828979593473925335714474800650907284001271912061890557901676339272191478798136642180346823204741628215907619873249729560917616573776687797426130853286884551896470413117909882651710113498722454406448,0.0000000000000004337344209662271998603495544655757465987729967904498925356396432682424319937174410165969325273110109055567014937149281332155708391562669314916841697064413342241954985244403347931522647561766670659979629022590970992421155393648216687142770216850727399188394362613325318539333132607,2.103365909709133756963212270351047674127775336236015141679678127511606397735404486821492703624642418608018253646922240892903762968499899740582108980526361904181748813402906570753323647968535490047169908071708890538207756079575507062623558628415671178261649850011812787220579643013e-239
L144_g0p25_edge_t81p65,right,True,True,True,True,True,0.00000002514804982225355782124338550394298511923355683760520361125945526717971497724610228376822723932724505255919988369791638353454958153102431609954930378614932050030570315516978758036831925982495200738640002110289759327267818746821508986938539544202424611554810597492136174930150213105,0.00000001452670276124860639085850270252095629906198634150668173246795677849682387728305871151956518153159910743802353228593790763699409779618806091137647995975759299056257117595155384339179357751512827630648299218579439841633475403092631272109754600526845034978237716431233169935610833409,0.000000025841855571540654294849070358472452304424985069506501657999244855507424309858242877809345725442130033195597527150773951952825116405623176015594011080904456902431326043266191730249938451577948145804653647395030382357410020183792539567533320549505420001639924338272629826786633657,2.103276038598753632908945138758365569592231537673832352646030533313303548173431118558949783508676656128506718993274150264647584143748328936798029835125260514374438534542537235875747137837803810092689064329045630577452270260090738623594305576076270764415227218744438432534175524066e-239
L144_g0p25_edge_t81p75,charge_density_wave,True,True,True,True,True,2.020076103493477471828305153850321970985238088944797421761608993538335317539991087068944007017347469516605577711995026945397553917225354702031921575058885833117809808807015463290078663210218108864886665864271158635685740373899839446743818466790511631077442076943450671040344244184e-94,2.297493414293480508505774071309144676650915242628928014383026914070617188961995083428856958554711861258097183232267826480620760537322507991596571766877974261308532868845518964704131179099312744189415692336621220308087026658036651682445246449551430151593760722754033272652352419856e-96,2.920189803289801779604916533366510221000682269386703777885381661926133331126908853947894534985027127455048361498930242045328300317274915249514885531842871265161414980212889548904347607469881354911203936405863385330782321877072440899723754945742503804423968580863955917550860770204e-94,2.103365909709133756963212270351047674127775336236015141679678127511606397735404486821492703624642418608018253646922240892903762968499899740582108980526361904181748813402906570753323647968535490047169908071708890538207756079575507062623558628415671178261649850011812787220579643013e-239
L144_g0p25_edge_t81p75,left,True,True,True,True,True,0.0000000000000003332694479489133012600553291575317449331103734998113696989917519091532533241239521859054943641392177704633076625469750858944892378052278000659683084919046868447054825223010968405892967009251169450070098211986700991751845904979069423126612932442406521392355098430797604378452546662,0.00000000000000000000000000001924786928910110655489049296211705794215603776896460650197778652460182668572510718868087985921156624530698523881810028300018004687780876095443490329930457847478256201990254259420657655869706270659601014063515335176687797426130853286884551896470413117910174793646519393678419335612,0.0000000000000003332694483925789728304501089281297985346396565126771909283742478371538022089036017324794167858240084642253954195196310604581672412138492057735189491738985588387308954452724206990866228072674386069056916695160815280815887019621107376146612502137089496050033092223266428448023204252,2.103365909709133756963212270351047674127775336236015141679678127511606397735404486821492703624642418608018253646922240892903762968499899740582108980526361904181748813402906570753323647968535490047169908071708890538207756079575507062623558628415671178261649850011812787220579643013e-239
L144_g0p25_edge_t81p75,right,True,True,True,True,True,0.00000001925035073712903638188824551500687924961966711727022021075675069409568691669270145846295116281392333913863195925110091621283072548119641649081425573518646014689096248890661074421751998964781218374868548333943069244773715768275850372968713197488383563875676739626955461080068610809,0.000000009258951999040649591195429951597043527926700191978436231880016416762359685636007090319195464603751600248776024602045836697923973312397708422228186606251531489446085290299094293105386746859786484964337837556686927488368444860577973975322418331687033575458180352766058159282676675118,0.00000001965309678597147310903617777851623521266982368576068344948315883215781650871693079916853632658958288244354250061829881270409113139556860996944108814684411561172896770449654994219324414408186189877613666892373554593987176290868410131799978682662595859804176985407132728394170870354,2.10238815190406472098114383073151521971651606150561276417109712229431478592469760144795326071033594143103630927647229472658632843942308047215492041488344010020739959827689180170505917811291172824769442101875343658140712336427477624207755159881003333787294553160787814974902847157e-239
L144_g0p25_translated_t43p20,charge_density_wave,True,True,True,True,True,0.00000000000000000000000000000000000000000000000001655410389571627191276750715033928395043652862365847923744688400256288807900559078767478816904942198812455842596476302264211806326754835633006178318392849309606467252637822552597869529488287806555288799059145169624919358086860551663380711900158674964478793535801072295034542321012,0.0000000000000000000000000000000000000000000000000006204960920616933330661776689358508371517088219964848280502066578039367472872437561769820069270514998906006538074186166779275308157475643721609019103310186055175102875470685614154706888957267668779742613085328688455189647041311791007275238095629067478691287365014028558685669788111,0.00000000000000000000000000000000000000000000000002896109222556567276166766103885261257179551036334385688288756532867125644623187165052563539956656876974193819989983459670395690628020082367358673528596659354904144812608739699369472217449629641464925871673055103917976342409969128424116338861228980997392194391454942581291382862088,2.103365909709133756963212270351047674127775336236015141679678127511606397735404486821492703624642418608018253646922240892903762968499899740582108980526361904181748813402906570753323647968535490047169908071708890538207756079575507062623558628415671178261649850011812787220579643013e-239
L144_g0p25_translated_t43p20,block_cell9,True,True,True,True,True,0.000000005960507678585433539901272687474107476749747298692289302553732055482787230183421159787558055341193212562894367750447376375058847206187591930556626816336839617642023968522220206939095709952795180324101608276416635040201984349191978234048601444748334179095666995024479910744464017682,0.00000000422285082053965670324228044325460570521582791858027179661094417425198848804607181538193665548579582872881560150603997958661681626386797394790732188834361713527817272702013358217153997584626298582075438899179834341853533651342400127159809889784411583018967114143011413362004054792,0.00000004081241329003694222697420461386385697050856069653832034314416832406858394997282221330530898771702729023897694168009072646137113152196766334849710819781636009361213162701287475167503050434734778008521696717711092719134375107736923643242403588283193257222221974524547132152511828414,2.041081955926330311947339594836610499251338523220449432043022204433654038411205321488477219070312820346398319930265526995610898463835250439216071198112122608701362203206535778220284059094867896437236737472490201605352534587101865067735839648610653092920556792264376431133081652915e-239
L144_g0p25_translated_t43p20,block_cell27,True,True,True,True,True,0.00000000009797324844772738704463291012129457592144400101215070491943558670428551391405485456458702233762503583520126351585242592936789098719324066907600429757784589099902970471478611133389937986061379330800209195950601474380973918997933654719567413275409572609031479479492302189432580618358,0.00000000004062373628181440504587621569861331936571756021883574809699618600581976387884220843676262069669659883875833882317109304900158290745422511307404829332488213661915862350395048826546279171144142281373193584941725739499162369933955780453270922802642373806317985811396814136984220521254,0.000000002730816328723143110228384314700448039263028196727483033332542679031671001097772845155112869805932502397738488807113679639923741926474871997817019412697695684754780955298395574964625322965739870481903026316939383923073147715958699424062735918593322178855291477987388565918204648861,1.950798170927235497721107700155459629561734003094791131536252587283809430723099702506911807583050842684942798925742744145393077551987551082215313362643565587271693567475189726782338748043363584380471419243246889054389656703231006757060217595971193557381571585194648070501628655901e-239
L144_g0p25_translated_t52p10,charge_density_wave,True,True,True,True,True,0.000000000000000000000000000000000000000000000000000000000001205125398953337937566792517004872700653699672657982383926698117510472135753972747839804363405933384372381086061275174970422621064777544539373869933320145440183661488463613642826961096056370107620146101323802372946501404454812770864765276879666311015931324274311200716794576828927,0.00000000000000000000000000000000000000000000000000000000000003361092922751337593440681415474681758009708479294495507522187370150821427533019748801762038684069756248223118977618535955632023122635473364531559805995731204993968629932666733055176687797426130853286884551896470413117910026616750618100914504732597597822141684036827310875974484855,0.000000000000000000000000000000000000000000000000000000000001996380501285805594517786360949954429428111351338242248271628955042077286558723742399010335861494778115577436445108757807151808150197332664141329451737516428886379475021798485683877049437305474217091560249865755261684389130486241005334453924743179466587813184116527406137798473441,2.103365909709133756963212270351047674127775336236015141679678127511606397735404486821492703624642418608018253646922240892903762968499899740582108980526361904181748813402906570753323647968535490047169908071708890538207756079575507062623558628415671178261649850011812787220579643013e-239
L144_g0p25_translated_t52p10,block_cell9,True,True,True,True,True,0.00000000361289213625087816925287083657327302205767634925881273575704339528009736770287727089229931037580064280881056098510654247059307766469513345995066741138076027498183401912278652078421451627361555360787032129131970684912873049540355603114153596649040579967006003719426003448158061459,0.000000002339665595707489475784301525253388928377493942518495079241588192264352354671944882781030044613553768584499145630985521969965926396847709829773980280130338908718079805340996671762863096235421302086773586450309317197503078095583538348697366371992982737864167714795041728486407696808,0.000000003778883091823880984954809068385002862948401275565429827133357253963952877435194229779524879695842073531704119735711988532178073935866192966979318162757914722317105716167392259754660949451207973775681985104311803175077986958805761516593526213451643274755576562914770619466887486053,2.105324684291832452067718214816173272752345766740541486604000582027293940909211226204290772890818851549771223527750459936369160141107130738609762836306466556266614037825624178498371935475781974384897395219143585688022880053288347124255977765703212576748292943364296327833589161041e-239
L144_g0p25_translated_t52p10,block_cell27,True,True,True,True,True,0.000000000802353968953241743350534321275473374124823157481902710463962750249901676628120770128208756804495736631619004521038387599411632078121060311053086567093149432320090773051520933967200471522882210458778817713048715123118257938839515899409459239444899553411316415281747410168156113365,0.0000000005369087632990689401250238183697307009592516608763364215102616418335143157606226469295215977259884492374809778020236243532356636271939875345263605453506752332551960207495418500212704395226511782910611935706034645105248951082497055825767269333783713271652217588228273334738842865386,0.00000008181174070819832771612378747701394271087022760141237056675527147249909115988218704377807509392132747966111266706802342175794788611007404909893233750214007233073606738948887587210648896233507925749428063865143935985058871251690906766129934169380407175328417991842748532704654271728,2.033649968685596109498754868578934818819417196647323383893882795811846612217723323430644850030371031466058467628971170876421270808474272700602762990827644961741907578657979822935378341149488817461027709924658912010490042431458077380561852267349333884177363371333605796023001363607e-239
L144_g0p25_translated_t52p20,charge_density_wave,True,True,True,True,True,0.0000000000000000000000000000000000000000000000000000000000009270909300588361033893269055296402494172067174004848214302004846766226680910741184547954096910694254107031522006785665322907651775423288245119883946660664028449043203264454180790079386883411161231283471189653352271194088908035875335717573065288712905680057291221029897285636458367,0.00000000000000000000000000000000000000000000000000000000000002577320315981850105512993136504193468959350870321556772790493737381339055091086159979399767239263640624047699212570937268659247108252726267804967999333768478299958076006022072351676687797426130853286884551896470413117910002832767880163266281878459610566529031259678673836010359769,0.000000000000000000000000000000000000000000000000000000000001534929341721483132929746359121331718567691082647609212041606651720464103124232277315496733473491713495477358755220261365672906071413832986349150644305701913336741757031596913450387480921679563288180509086195702230338153404441164196145911313435998494509364707406165339347636017023,2.103365909709133756963212270351047674127775336236015141679678127511606397735404486821492703624642418608018253646922240892903762968499899740582108980526361904181748813402906570753323647968535490047169908071708890538207756079575507062623558628415671178261649850011812787220579643013e-239
L144_g0p25_translated_t52p20,block_cell9,True,True,True,True,True,0.000000002780938334201108559044458648401434335307427149239108775279770283545702330207725305428682896817988557788267662732858750415385040462722509900298490018972164747411675425073710007402403454063815854796614168641148435160276585924725837165093789984775458259928200420593187931588367331733,0.00000000152922084525579105684088380102325591230260971381748480752069184489822538869035972245448845406394785477899106047513029148955460805229731691151925393279961246681418584733322282956526710664116224912888160457208560460594327590362272570310939658667583120842707540769723912649595903523,0.00000000287796138137279170426567972695434226019776886580851261724535426602565402969907785715582116477214791968782710724402572530644028477220830156714682888114536218027827688524748661173913032329344114222578779168606017643656591550390190436491026123511754553348642168278159379816449360695,2.102420741915020262590057764476984289935383777576493962613416869174827912184282232610558328265945912582497909850731268682739082467025164292961031764017282047455432087189837705723140016668180845284088393639458237025062525088893189380420623451764556250409225414011180916369234637579e-239
L144_g0p25_translated_t52p20,block_cell27,True,True,True,True,True,0.0000000006092621457268664489734617524809384701339339142755751474940951310057323146156341950792681821542637323264165063928941853157839901423755024246243191681086125476854667552298374857319727988122828308686416857489483760102292441074912570675645149001734696851746621123457439365214679558809,0.0000000003404137032296312922258808897514887402793507575348817877877989707626911474976602168461099906948255832219977571085328549133482404626734361967978775616108617094122211449869450500279240741750769443144752036639754850346056957667651202695758625193323382493059183191673982886588554335508,0.000000062610589677467404066220914420260923472402631968794895191511563255875774896747939584905836830190190498284585174303239630212418867638901870380365247765625767897190398448791723056059562539962266501577835663771710182657921501747599412328196248411499854828571352335731240780205952013,2.039246314400254261681647837899915378811155902863303418639400682629883676732466936884558142594061210166422133758303522336561225714003709448580346768740640842244472389920130593263597639328290268118535857219156076688920322620558980056637367939893195913243710684022830390902759015247e-239
L144_g0p25_translated_t52p25,charge_density_wave,True,True,True,True,True,0.000000000000000000000000000000000000000000000000000000000000813143824595580162384343383511489447380310118756900432169426899312724393701550021104572427651514638102631468993361441373752948410694321095299740288846329224906873628036466940718603270279345559207977233935793042565022811240834915929755721317082387558667230190848844344730321207441,0.00000000000000000000000000000000000000000000000000000000000002256901599019314145040505081718744896447894973373575212943187442755712088399231797545358715562736858779292010521429025425133272887547655931227137343068297244748370523105605780522076687797426130853286884551896470413117909895122541893958549884145306839028520523692561990260632235902,0.00000000000000000000000000000000000000000000000000000000000134589465502618758322564619588070515834305884856139278500905075654071532099981255843500849761216326429173424997540283174718164185652386512648757205743799750151879316713319538890051266908450604462043080790928588762890925869489609604222863261537102149336606462799218406051270757294,2.103365909709133756963212270351047674127775336236015141679678127511606397735404486821492703624642418608018253646922240892903762968499899740582108980526361904181748813402906570753323647968535490047169908071708890538207756079575507062623558628415671178261649850011812787220579643013e-239
L144_g0p25_translated_t52p25,block_cell9,True,True,True,True,True,0.000000002439042569603767636668322216865755567494447091010148476452480995578010772496018747084044132586819569102558754172516105299010181502800742287399918563736770441057979893398860700200800406033225165151677031261869720092447266919990835194331348884667826520691540847449973470927968515305,0.000000001231244577048772160521023217492281447015058218028252029188388289787983528714478614652627269183107926608922421613234301460310098712986521138910764090841479487692228533521686719982286670296918337600357401789900039527498665522894071056877757956214437353250586083482685486182976543606,0.000000002513268868521387499797772498089827718583349087658107458549667949996092380719600282778638457289250824621816436090560987635341128855747668535974591371826070917902053135094102419781970733673858266884863988369702505486189049651361081906587089271300482468980551345468681615714811082407,2.103580955386151412509674479313323442397723481315104181343387223294331329079716657709663821451519891199033641638173110920778235560463905484102489991048978822332685785142468148304136002499815923174516074021713846544194669548857747757815626498121698813706925528616103489140325946972e-239
L144_g0p25_translated_t52p25,block_cell27,True,True,True,True,True,0.0000000005307624100556506668660719492527448534128978838656946072757498275360782631796315490558134548328172750601941641922005561890144140724245078608123141525825207470118093159270694555828677675228867804700046410509698130257434849657647945220358930611192376062111542702120979229232371227843,0.0000000002699595656693742129917539892127227281326622885401955611867884110666195742373000713295037364442940402329290414788207542852903004746000181077976646577153226623666638977627605086033534295578683200846758140668144732295194820036926882741570739346111028649901378950339246045114809517726,0.00000005476484160969150507623754366320095619993500167156584459213494227775570090696427241087878272777204500858382009476089874492569514822107764849048796844319755016242133151411139185276045197155646764166470510871977016563456717348443854362445623367348329526884425271087641740134940651683,2.039573892314901333536666449025641536443010050500040600059232952336801413915476522719090966683135744407217802256606280205730628897521294716490860657212071169014802629939900838417251632194875944518016909876950595266388110556213019556457301776366918974748328702402289757761567402009e-239
L144_g0p25_translated_t52p35,charge_density_wave,True,True,True,True,True,0.0000000000000000000000000000000000000000000000000000000000006255433602407734433293699514940320707159587250455852195862017415177186668922961219498317660971790164039256431791273868051180094207978226602167367506170534697094659918620387192032756708941747917238856188202449028184842912116129419634823182028373484313271496770575145327098538081938,0.00000000000000000000000000000000000000000000000000000000000001730619739920916906803781536232825820449180863197908577939156924106597561513821237981086699311986343015761969722615498358218730673967746256510000006752453795885250272506065912998876687797426130853286884551896470413117910111921513066735407099176895625694939971176187140636477277996,0.00000000000000000000000000000000000000000000000000000000000103480071409660651009600742886975777998326487574663401906936597222713301881276522004417016277766118980517743656449527914417813714439957028374289707171540136524665511497931469851879045215547301655312851901700201990191036171144195342059653780842820963262192245542679779115023139904,2.103365909709133756963212270351047674127775336236015141679678127511606397735404486821492703624642418608018253646922240892903762968499899740582108980526361904181748813402906570753323647968535490047169908071708890538207756079575507062623558628415671178261649850011812787220579643013e-239
L144_g0p25_translated_t52p35,block_cell9,True,True,True,True,True,0.000000001875403790795407697233770591461506614787875310323793499450364082600924038390358968031108270582578278689430382185243589942457584196989808714337256359351421153179342598921813008716665703783304750379077186513926222912790233036055427647409527780705703184663850994194245055719925423935,0.0000000007928121757198160127199575838312711662582900084763579936048412432872960260238069402087674879594952870229697014854215078383544906614784213447275445078155459670170678560897488129794371708687916839269133875019532146744205629037846861459095929939009797750056973239379129149907918472283,0.000000001918898938644174934640244785944818085854714354119816308571714519889453977478471773675648489890572366847118268612330089583315034158041772429873128287531469751837455890773522275013854409367901873122044708544817598426098349100241892139675206569747274046309787959252035103976759273096,2.102992906133495296322718147523064580113221422363626368190725357160657517822582340238249005885237358813617070799477345676208271020959375071805747788355302938048026252907011557146742082497529658248342721629488065424170858671897713765677435855337310636043026881730961387449765649306e-239
L144_g0p25_translated_t52p35,block_cell27,True,True,True,True,True,0.0000000004026731135409901059714330002631192474687558432202692002920606122351419094933439905035575935913258393035195232843934231053216218572967011615478401274862854234067460241289806481338965277100952343208708015558301539912198289802527095913574025162831440911674069774891905627583722740197,0.0000000001686509758392004607329865944286200232359933342205622369056137386586315892542978121507728728733261973579669646036372405722819133100900438367647592665174205342281526729921015122414278085363010045941359617264830402892379375106442823196547375540155501518986124110655254554615899639399,0.00000004189242142123515203428489673292337953868294175536044443704427928459232919774652111668555641473375973982536485698008937832534901260466639455433434964949297808990991213246324016177778093260850790332143290848064901588821743814860853652214277022940016463420534944779939438505618502811,2.044557093873150260991239102618288503760951401813059416523663060693960485753589837366558986559289043861256634088568865864346322973212524545528623270816713241626575861183179569251909223082558074784919804819196099498649708246923753012915523483354005426178747490253692033178102446632e-239
L144_g0p25_translated_t61p92,charge_density_wave,True,True,True,True,True,0.000000000000000000000000000000000000000000000000000000000000000000000007851278135846200514110603591252508005115454513293613100946873000065171569435142690202902232189613150619214838410177777706360355324621653598964661975575792922805681281623218532976933797644822280962084170654625426583647036218402801417299685789172013174946346254839289396623976229094,0.0000000000000000000000000000000000000000000000000000000000000000000000001607334749243961599573887868705025620807457951157795503064427022010408051120439070023741729739274489564830097656283117538431808981947540600887106386993395232228540759867668779742613085328688455189647041311791008210790345321771315278845936701914590546448921429446230334980811204603,0.00000000000000000000000000000000000000000000000000000000000000000000001235569931893783840235637528948445274586046542313946681077264275654841827617633887401645373473806188854940391428538674841204017898211801152554849341770863345737684912430403526503037934717824510657897759284957380003590014070706754071545192288252007246130930680735106881210772791335,2.103365909709133756963212270351047674127775336236015141679678127511606397735404486821492703624642418608018253646922240892903762968499899740582108980526361904181748813402906570753323647968535490047169908071708890538207756079575507062623558628415671178261649850011812787220579643013e-239
L144_g0p25_translated_t61p92,block_cell9,True,True,True,True,True,0.0000000000004233054486526187703302780906288547503714295349868544462876987759669139079406256119509614163801126520887362210985187856263557259158684352792880657377845843784175271667556799077125055414267127873419983091359769799623737893301233138050958806841643421105216415315573063277018089123284,0.000000000000000000000004917811170963466302643562609270174124643549670929190399643328777461985653404577197032165963154782071021495398221380851658898824753885328848718685422327519211950898202779600416977191254153358507740210050811470742236251233122025738691467131154481035295868820900503686627860547789157,0.0000000000004233054512881078142730704744486060791391618762622673160080239703251912457835713950503733929278358525742475865045585930064158786234269347895406461690205688564771357648284183625064588648722276304966981874097471453554091743388427722185844961179879028323566804321153343240103951784934,2.103365909709133756963212270351047674127775336236015141679678127511606397735404486821492703624642418608018253646922240892903762968499899740582108980526361904181748813402906570753323647968535490047169908071708890538207756079575507062623558628415671178261649850011812787220579643013e-239
L144_g0p25_translated_t61p92,block_cell27,True,True,True,True,True,0.000000007359917266596128106282348886415765766845507215964378645297886477300594109883482659766304198719740151050592307596321899197176399260305489359087517601349256347297085848060326282017470112632873933780700236226285556808704705747819220241401467683193606639797721011204078753467189969618,0.00000000571326763378566634216428989861673722202093301870770026910996053001956425713267397402445632684132657351638010581702942339178223337653717719345162358132448536315132274271404470260457728619260770030373875313871437022557840971139668685591703071504425112309242162987360911755619397912,0.00000001120518625536030817403993193120212614081664364754476315640786062310271050733795974171139110866957081518194647018989669120204784466853986187742792198134952618643236489874854807769943678895919417812705252193025362580295055974626565293872645120714833181301750856075811450392204211921,2.098364508884452975592279612036535015925984775371955774936875054601839670600594518660259131909569902132083313637715347971601050039614153101379806463518401343534433698925537090177933879181302282431522501070926938960173993893399313831894289987570646933653310798364404993527860825506e-239
L144_g0p25_translated_t62p75,charge_density_wave,True,True,True,True,True,0.0000000000000000000000000000000000000000000000000000000000000000000000008901495720202597415136940408573744359985342450642611879129671631150827317005161366641004214092004290928835761538892568541871680885007831629507188246064138566041404891227181391555090963418280765384722599342099460017395103552597285138067602643147991417142015470521610395969190157711,0.00000000000000000000000000000000000000000000000000000000000000000000000001776484684034752298027061404818633808994304110901509923840239605069535022413370700749284350992754399679720668058639649179313731521211246886633657311483836021436413144176687797426130853286884551896470413117909858032903833112315616405515816339574887769381293545316006777529918945848,0.000000000000000000000000000000000000000000000000000000000000000000000001395250893764715234326152738371198550870480356898067432203104876429564611066446564847582435257932418787502379090228022077837369341812104371411187086607209169061838178169881477448585032475326293654036661409619727768400156880045316917577419936209148081187764367804102005799560004673,2.103365909709133756963212270351047674127775336236015141679678127511606397735404486821492703624642418608018253646922240892903762968499899740582108980526361904181748813402906570753323647968535490047169908071708890538207756079575507062623558628415671178261649850011812787220579643013e-239
L144_g0p25_translated_t62p75,block_cell9,True,True,True,True,True,0.00000000000004747499422081994101460793709395718385608815572530100433818563782039602064876850847388894154327399504829716818827262735768600829918110987422567601512355193906921415552968953629480490704684153577418401480335470908982252602274795454442737645464181446345386915257154222540606478415604,0.0000000000000000000000008037712390799690570433140323299468388418210129105397451669046522234771195161562068755324464465892145680700449664536813607874230731119876039640946104930241435593080849661783248660078352120663006328696363769394920330217668779742613085328688455189647041311791017058108474681122201378,0.00000000000004747499450373533853316447207723386026661277166882302068880548203717859803513803457283977844134684551736808519733935244983747693478320008542427207356738460028108474215670806454584025388815841565128963910331921000361039160250136133407419540914243123218927692805247084734833650753261,2.103365909709133756963212270351047674127775336236015141679678127511606397735404486821492703624642418608018253646922240892903762968499899740582108980526361904181748813402906570753323647968535490047169908071708890538207756079575507062623558628415671178261649850011812787220579643013e-239
L144_g0p25_translated_t62p75,block_cell27,True,True,True,True,True,0.000000001098222278069296620111355587592701796245943475549515239578717834481262539558616553392755634167335229997973025781792049692758666458920223896699302534581822796280510007101070473565967029526857429134081787741711524198558494276253013019801161456442550366145661526772356444644168325836,0.0000000007588971130021598782104335926758972425899493864556401639236822669340182493323702027361533057813072459488890635415394642041791749651018269023539217646763940763165864265875335183927136544415595115214061781744347808463990265187024379195811472207926499338595276922450477014378644325415,0.000000001144129125180624887405750037956848864720932378308723301020356934179727860891523176125424745289819528787744811602889265370648579714881726954775849590016016993545816981118373356814739420144119851954871391750000464429057223961287286513313574583290851268522018150600156550705294886486,2.102845698012950115391609219861998109249599953423822346324650873186543777647041925217908819150460629245953332431559723791163030631224072235511417513682478063529105311923870425828925964184208890456727343399643659446605795548181200802309103972330839840780417018997355059713881040799e-239
L144_g0p25_translated_t62p85,charge_density_wave,True,True,True,True,True,0.0000000000000000000000000000000000000000000000000000000000000000000000006847781650087387429416157528211795099041088208394070900197963913636677661041674108913903472890263814968690984380904267484607102163997541154958986050880281137706094672212554101704793262215666592031781241728211084219334074575680219776029093739597705046193289138358040657856820180905,0.00000000000000000000000000000000000000000000000000000000000000000000000001362440682945347838351538633227278891265983781332819443693539632185824854883397120474576638078120318233146547090204805197104279789745125363325406768883840022590113179776687797426130853286884551896470413117910011739136539680885615810730987084582351558980787685842513356126358999319,0.000000000000000000000000000000000000000000000000000000000000000000000001072830793936428120613233662426842972770447229870153568879781122435042856536366644826275498615978283405346533812142556943167388879360151133078967800924703370852151857655005034598959506485005187409562606159799704879048325555521730402177400989549230872893553181981021772815695444259,2.103365909709133756963212270351047674127775336236015141679678127511606397735404486821492703624642418608018253646922240892903762968499899740582108980526361904181748813402906570753323647968535490047169908071708890538207756079575507062623558628415671178261649850011812787220579643013e-239
L144_g0p25_translated_t62p85,block_cell9,True,True,True,True,True,0.00000000000003647467086569653817372359607148543552849535652584027963268047338305081799564429628581567063935404040916370576897708325476569133557675897388443566857445850781880189390121032628773194489009778017495809987037363834296151180284338718771758127000629362578045793666022884066601819204008,0.0000000000000000000000006799748447595367905448496216680519186694196942867651743160965384822800560395126689386734513878079826399730151151500558438925818521714599220726903504200187155597160997259153092807214814728278319630140480332905555819397668779742613085328688455189647041311791006430100920356729431421,0.00000000000003647467108192844400769199543603003760834902535158354817058652334853571864905290565218264603469182823636174964838845692817445775097514138670379003939336196947819526909407897699859128024016774767740786300398400999923517282016220227710353080541087995775901247075187630815346786038331,2.103365909709133756963212270351047674127775336236015141679678127511606397735404486821492703624642418608018253646922240892903762968499899740582108980526361904181748813402906570753323647968535490047169908071708890538207756079575507062623558628415671178261649850011812787220579643013e-239
L144_g0p25_translated_t62p85,block_cell27,True,True,True,True,True,0.0000000008432605780399102873108128424988750071471123344792278768851019543615383095724376473084941686480893579876258185839447871324971651847262032909700522614883962548918976883776871353786552843679450480919839650699590751111890736128915671496916292611957945730096307084776547569663630750552,0.0000000004918698550502426482946867456853767496912260581143402668139577519747581147833042397412918788422630792713014549355821870992096452530057286991835851220165037554416110544077454559207023322269486421203417628676406756234185008904044216956778168457838158237150060471508733300397744265671,0.0000000008699647805101729268149436523414526261504235877785137491025491823612704068915333089535725189079945789730405175799583718460091422029314673316689584744100010011597871981510896684573966031467321822625231065695569063698722186991911281390969361314080272354317214625073192999805563577122,2.102193739013640345269708834171704157440784794132084632814957180740434733442662179189069518675269106485557344470566589286390903995585930907698224098881386260863494531217583934324546643346429844768228821352611959833181728760425534744196521478310463328067382763879512436580932996149e-239
L144_g0p25_translated_t62p90,charge_density_wave,True,True,True,True,True,0.0000000000000000000000000000000000000000000000000000000000000000000000006006110945348297282853194555418493802509907841193327370607397974604125137317786842706844430193956392014659647941477813741576677170961343829815756700008329597141846217909793036700262891850021830478125552805271612712833759403460005763267465443648173414720537521157579936314298114362,0.00000000000000000000000000000000000000000000000000000000000000000000000001193152268172550967867542726588691930241568381215118489383354930493264474118463499738389709610536795689404866087320932095660740904831736896022068571686570192205937144576687797426130853286884551896470413117909906655130312823883934317731130782763947251016842152653831208800812280998,0.0000000000000000000000000000000000000000000000000000000000000000000000009407425509328198964956893218908643780538199695396225840658522218895684022009082659542016876272293003441983789616169469447081482799316299298584367463103678615020668388735795438639794879679360593659095768717949858417982855300110775481526469775161562299333682502451491370037522306158,2.103365909709133756963212270351047674127775336236015141679678127511606397735404486821492703624642418608018253646922240892903762968499899740582108980526361904181748813402906570753323647968535490047169908071708890538207756079575507062623558628415671178261649850011812787220579643013e-239
L144_g0p25_translated_t62p90,block_cell9,True,True,True,True,True,0.00000000000003197092285893648250834217179480683249941187921347126985985905990337825252435954495912193025042015390867138637689458500841266214056129561398607773550532204527067527019876285674056959890796504128050863323343386252689140449745790062844343733539531799182322984825984007689855523917124,0.0000000000000000000000006221211313009128532766149974378462679500285413580556495348277960888278611231564056669970953999747739448191720026719149221845999258565737083000684707551206898635385163160639301570180751780671847943464014802074946015447668779742613085328688455189647041311790994647950588330910040717,0.0000000000000319709230479765927123398877560804622493706056551921241413499096436790994130796941952941216936394096799176528708594853413420606370982802396447301909600599494593008786208097755301896987933732152027216945445222951586580974352454758687206716200400572041425006002457891562862033826948,2.103365909709133756963212270351047674127775336236015141679678127511606397735404486821492703624642418608018253646922240892903762968499899740582108980526361904181748813402906570753323647968535490047169908071708890538207756079575507062623558628415671178261649850011812787220579643013e-239
L144_g0p25_translated_t62p90,block_cell27,True,True,True,True,True,0.00000863888279362264092232096351871401621059667669378875493713716745195196423703776701918244999788405225222937205280323849750612058679913029207879428492747619686502340883008303898717698966968377523615510502678445687372787061764887723077633782110688342431415361793587027794865107401412,0.000004816381370019299003367046909418722282615420745854941809654328309270894829830760964728905886037236849685038804413248368009588066955595017061268192494008124590981298976722325693256575957779451285511145126770854215763899881187066727767692763199026383095283583214815598205266705755739,0.00000887735007706278330782118617632825599109574085383316544905658749400111577457786362722412914797466894907623374669262010820551783567628675784966415673736490584303155171522712228649133222562851397642655492558961779950209779521346291975329271625369562543674047900012584167906992570859,2.103217958826050472098609577860634688316274549203376097965398672974277750077164516331535190834410976324914199833339862657053767751709918324703083221794422447008344899482688504228174580594620350023160299399939839608406495813387654509456942051508177724160351240636295739720001273122e-239
L144_g0p25_translated_t63p00,charge_density_wave,True,True,True,True,True,0.0000000000000000000000000000000000000000000000000000000000000000000000004620406852163266866335176400886801383970519511594836917179415185418278104110499859172271306875076122594626474144657925737099110022273041021708524210257780876816735433406806002904641657288671553018727927712722075267145545720104109301661135257872580401516966785382343861716416662594,0.000000000000000000000000000000000000000000000000000000000000000000000000009150668146400327731030858841854961129223308532606230472090898622301030579146208842619223685251727088464393022844984547247988517046504279956872854566894987105489534298766877974261308532868845518964704131179101627752155077575068127018638427176147018017967522364590352874432638953114,0.0000000000000000000000000000000000000000000000000000000000000000000000007233526813361278294387392277470366254228576684592764392528552936606392240654735442736446116783361294709472406983817162204156974773730053132237137483822140078641725047981136467583738375329523129680808836599747990363351554083688562455694683858490980279150897766327661511588618904989,2.103365909709133756963212270351047674127775336236015141679678127511606397735404486821492703624642418608018253646922240892903762968499899740582108980526361904181748813402906570753323647968535490047169908071708890538207756079575507062623558628415671178261649850011812787220579643013e-239
L144_g0p25_translated_t63p00,block_cell9,True,True,True,True,True,0.00000000000002456313928677352662500479261995397550334532408897312425621052102866486145724357601588213906588113341952146602578466354859150645885752364273704831733797303286177229330040253589109783601801589675196244553073605145299560550389920539699004092770706467812439112429930141663558902579437,0.0000000000000000000000005167392309738619646285467092819425200092641447087647927205171699274467544740812158081053582018998358408293163651431524971776862436688516330730034417382704528417804752882327422837342386163322539158177261783745749569527668779742613085328688455189647041311790986997579919809840769199,0.00000000000002456313943126008718993448353675331624227699704963113801422036694451262530269606001300141957645736352679031265552660847391337061170249806526895557475969830701571992166686743180019733577096939632927026942033150881658934193612951793116365066746460597969103082512199139626763166475274,2.103365909709133756963212270351047674127775336236015141679678127511606397735404486821492703624642418608018253646922240892903762968499899740582108980526361904181748813402906570753323647968535490047169908071708890538207756079575507062623558628415671178261649850011812787220579643013e-239
L144_g0p25_translated_t63p00,block_cell27,True,True,True,True,True,0.000006625281302808396765559194959366263174444566611883808216137769423282898915810837100969301961245713721862499986019527506888157300067376547073809623438299493720998652558010343594676943253797669139106276471503828294898412068095696253818681578147385826187598128478744132933006645653633,0.000003077453081958013450181635815449030732249360925813037382889625642556753950619401731453664947657909400946889697784601302691801810064007673079222615506471865041238038141326946190485990530284300017324870300326137145600404011670456267134849602044459812669601396417218714013337623893138,0.000006764326170493510622013840335030803862367218648438835949074804445629472478691354289357550207864546371808079140514847273800202150289286126121727758314824307135029388055175583315318835652430781848808754172088483690421723794368057598399213496553009302966969151945160076300765379844038,2.104130496239501737722809709136657788150904175945942193082403944857071646532949210717913975257122853211694762892345668257620483986214021432730011170287637264296545162149164320869884348882898954146799900296835122919311460968510040819631484449738934767533199618637516918432753406872e-239
