group,length,boundary,skin,gamma,steps,dt,t1,t2,case_id,physical_time,initial,method,entropy,orthogonality,projector_vs_step_expm,entropy_vs_step_expm,distance_to_W,alpha,alpha_status,eta,svd_status
unitary,16,open,0.0,0.0,1,0.05,0.5,1.0,ssh_000,0.05,charge_density_wave,eig_qr,0.017456830723327807,6.661338860291281e-16,6.860196704534742e-16,1.8342966034978758e-14,,,unresolved,,degenerate
unitary,16,open,0.0,0.0,1,0.05,0.5,1.0,ssh_000,0.05,charge_density_wave,expm_qr,0.01745683072334615,4.440895063115592e-16,0.0,0.0,,,unresolved,,degenerate
unitary,16,open,0.0,0.0,1,0.05,0.5,1.0,ssh_000,0.05,charge_density_wave,half_step_qr,0.017456830723343565,6.661349038138928e-16,2.3589899568217e-16,2.5847379792054426e-15,,,unresolved,,degenerate
unitary,16,open,0.0,0.0,1,0.05,0.5,1.0,ssh_000,0.05,charge_density_wave,direct_qr,0.01745683072334615,4.440895063115592e-16,0.0,0.0,,,unresolved,,degenerate
unitary,16,open,0.0,0.0,1,0.05,0.5,1.0,ssh_000,0.05,left,eig_qr,0.01746150279846098,7.7773386962629e-16,6.211276950591509e-16,7.280287483979464e-14,,1.4801687137968793e-11,valid,67559866026.00412,degenerate
unitary,16,open,0.0,0.0,1,0.05,0.5,1.0,ssh_000,0.05,left,expm_qr,0.017461502798533785,7.775065910590446e-16,0.0,0.0,,1.4801687137968793e-11,valid,67559866026.00412,degenerate
unitary,16,open,0.0,0.0,1,0.05,0.5,1.0,ssh_000,0.05,left,half_step_qr,0.017461502798520837,7.775068230510339e-16,4.360814264875652e-19,1.2947976024690888e-14,,1.4801687137968793e-11,valid,67559866026.00412,degenerate
unitary,16,open,0.0,0.0,1,0.05,0.5,1.0,ssh_000,0.05,left,direct_qr,0.017461502798533785,7.775065910590446e-16,0.0,0.0,,1.4801687137968793e-11,valid,67559866026.00412,degenerate
unitary,16,open,0.0,0.0,100,0.05,0.5,1.0,ssh_001,5.0,charge_density_wave,eig_qr,2.359416630397919,5.50282402776552e-16,3.686515250198347e-14,1.1546319456101628e-14,,0.07905633391919008,valid,12.649207855023754,degenerate
unitary,16,open,0.0,0.0,100,0.05,0.5,1.0,ssh_001,5.0,charge_density_wave,expm_qr,2.3594166303979307,7.149689247143012e-16,0.0,0.0,,0.07905633391919008,valid,12.649207855023754,degenerate
unitary,16,open,0.0,0.0,100,0.05,0.5,1.0,ssh_001,5.0,charge_density_wave,half_step_qr,2.359416630397928,5.065197517862706e-16,7.532407576374877e-15,2.6645352591003757e-15,,0.07905633391919008,valid,12.649207855023754,degenerate
unitary,16,open,0.0,0.0,100,0.05,0.5,1.0,ssh_001,5.0,charge_density_wave,direct_qr,2.3594166303979205,7.226947841436449e-16,3.986366514898129e-15,1.021405182655144e-14,,0.07905633391919008,valid,12.649207855023754,degenerate
unitary,16,open,0.0,0.0,100,0.05,0.5,1.0,ssh_001,5.0,left,eig_qr,1.1870430169856883,6.990466271910171e-16,2.910602167310091e-14,3.6637359812630166e-14,,0.17613496320101663,valid,5.67746449555694,degenerate
unitary,16,open,0.0,0.0,100,0.05,0.5,1.0,ssh_001,5.0,left,expm_qr,1.187043016985725,5.164816377256411e-16,0.0,0.0,,0.17613496320101663,valid,5.67746449555694,degenerate
unitary,16,open,0.0,0.0,100,0.05,0.5,1.0,ssh_001,5.0,left,half_step_qr,1.1870430169856725,1.341885187118091e-15,3.914262375731963e-15,5.240252676230739e-14,,0.17613496320101663,valid,5.67746449555694,degenerate
unitary,16,open,0.0,0.0,100,0.05,0.5,1.0,ssh_001,5.0,left,direct_qr,1.1870430169856938,1.203989698023075e-15,3.1519987780358903e-15,3.108624468950438e-14,,0.17613496320101663,valid,5.67746449555694,degenerate
unitary,16,open,0.0,0.0,300,0.05,0.5,1.0,ssh_002,15.0,charge_density_wave,eig_qr,2.676304308641406,7.339492683267439e-16,8.051823080069449e-14,2.6201263381153694e-14,,,unresolved,,degenerate
unitary,16,open,0.0,0.0,300,0.05,0.5,1.0,ssh_002,15.0,charge_density_wave,expm_qr,2.6763043086413796,8.223780194519294e-16,0.0,0.0,,,unresolved,,degenerate
unitary,16,open,0.0,0.0,300,0.05,0.5,1.0,ssh_002,15.0,charge_density_wave,half_step_qr,2.67630430864137,8.061400493869654e-16,1.5992481212744103e-14,9.769962616701378e-15,,,unresolved,,degenerate
unitary,16,open,0.0,0.0,300,0.05,0.5,1.0,ssh_002,15.0,charge_density_wave,direct_qr,2.676304308641385,7.01192692814878e-16,6.699181632579081e-15,5.329070518200751e-15,,,unresolved,,degenerate
unitary,16,open,0.0,0.0,300,0.05,0.5,1.0,ssh_002,15.0,left,eig_qr,1.2855988863919783,5.172711957304741e-16,6.776009439975243e-14,5.573319583618286e-14,,,unresolved,,degenerate
unitary,16,open,0.0,0.0,300,0.05,0.5,1.0,ssh_002,15.0,left,expm_qr,1.2855988863919225,6.397494883075687e-16,0.0,0.0,,,unresolved,,degenerate
unitary,16,open,0.0,0.0,300,0.05,0.5,1.0,ssh_002,15.0,left,half_step_qr,1.2855988863919159,4.654644914591463e-16,1.2112124180006812e-14,6.661338147750939e-15,,,unresolved,,degenerate
unitary,16,open,0.0,0.0,300,0.05,0.5,1.0,ssh_002,15.0,left,direct_qr,1.285598886391925,5.14405042589809e-16,8.208055285451026e-15,2.4424906541753444e-15,,,unresolved,,degenerate
unitary,16,periodic,0.0,0.0,1,0.05,0.5,1.0,ssh_003,0.05,charge_density_wave,eig_qr,0.034913661446670144,6.661340265332186e-16,5.783472643345538e-16,1.7930101847696278e-14,,0.0026973122325487132,valid,370.73943013823487,degenerate
unitary,16,periodic,0.0,0.0,1,0.05,0.5,1.0,ssh_003,0.05,charge_density_wave,expm_qr,0.034913661446688074,6.6613471474878535e-16,0.0,0.0,,0.0026973122325487132,valid,370.73943013823487,degenerate
unitary,16,periodic,0.0,0.0,1,0.05,0.5,1.0,ssh_003,0.05,charge_density_wave,half_step_qr,0.03491366144667016,6.661341324121284e-16,3.577443591428815e-16,1.7916224059888464e-14,,0.0026973122325487132,valid,370.73943013823487,degenerate
unitary,16,periodic,0.0,0.0,1,0.05,0.5,1.0,ssh_003,0.05,charge_density_wave,direct_qr,0.034913661446672586,6.66134412241536e-16,4.449573414040118e-16,1.5487611193520934e-14,,0.0026973122325487132,valid,370.73943013823487,degenerate
unitary,16,periodic,0.0,0.0,1,0.05,0.5,1.0,ssh_003,0.05,left,eig_qr,0.034923005596979396,3.3364321305168356e-16,6.059781995374451e-16,1.0977330155981235e-14,,5.566040520323381e-06,valid,179660.92707170968,degenerate
unitary,16,periodic,0.0,0.0,1,0.05,0.5,1.0,ssh_003,0.05,left,expm_qr,0.034923005596990374,7.774992759321357e-16,0.0,0.0,,5.566040520323381e-06,valid,179660.92707170968,degenerate
unitary,16,periodic,0.0,0.0,1,0.05,0.5,1.0,ssh_003,0.05,left,half_step_qr,0.03492300559700189,7.774993698881975e-16,7.159124958456955e-18,1.1518563880485999e-14,,5.566040520323381e-06,valid,179660.92707170968,degenerate
unitary,16,periodic,0.0,0.0,1,0.05,0.5,1.0,ssh_003,0.05,left,direct_qr,0.03492300559700105,7.774992815976435e-16,4.443063677409253e-16,1.0678957718113224e-14,,5.566040520323381e-06,valid,179660.92707170968,degenerate
unitary,16,periodic,0.0,0.0,100,0.05,0.5,1.0,ssh_004,5.0,charge_density_wave,eig_qr,3.5154087156769966,9.940418958365802e-16,2.5331303909635115e-14,3.9968028886505635e-15,,,unresolved,,degenerate
unitary,16,periodic,0.0,0.0,100,0.05,0.5,1.0,ssh_004,5.0,charge_density_wave,expm_qr,3.5154087156770006,7.156503031412399e-16,0.0,0.0,,,unresolved,,degenerate
unitary,16,periodic,0.0,0.0,100,0.05,0.5,1.0,ssh_004,5.0,charge_density_wave,half_step_qr,3.515408715677004,5.740986197118403e-16,5.807410011431581e-15,3.552713678800501e-15,,,unresolved,,degenerate
unitary,16,periodic,0.0,0.0,100,0.05,0.5,1.0,ssh_004,5.0,charge_density_wave,direct_qr,3.515408715677004,4.1510574921679077e-16,3.694455323742234e-15,3.552713678800501e-15,,,unresolved,,degenerate
unitary,16,periodic,0.0,0.0,100,0.05,0.5,1.0,ssh_004,5.0,left,eig_qr,2.345699767934653,4.977707984900415e-16,2.774761650977422e-14,3.9968028886505635e-15,,,unresolved,,degenerate
unitary,16,periodic,0.0,0.0,100,0.05,0.5,1.0,ssh_004,5.0,left,expm_qr,2.345699767934657,8.311343817194193e-16,0.0,0.0,,,unresolved,,degenerate
unitary,16,periodic,0.0,0.0,100,0.05,0.5,1.0,ssh_004,5.0,left,half_step_qr,2.345699767934659,4.879528552642279e-16,4.8635749105698204e-15,2.220446049250313e-15,,,unresolved,,degenerate
unitary,16,periodic,0.0,0.0,100,0.05,0.5,1.0,ssh_004,5.0,left,direct_qr,2.3456997679346543,7.186956054286569e-16,2.6041186742854794e-15,2.6645352591003757e-15,,,unresolved,,degenerate
unitary,16,periodic,0.0,0.0,300,0.05,0.5,1.0,ssh_005,15.0,charge_density_wave,eig_qr,3.058195894223402,8.255026201346815e-16,5.545490132941851e-14,3.241851231905457e-14,,0.01622841662264542,valid,61.620306111970415,degenerate
unitary,16,periodic,0.0,0.0,300,0.05,0.5,1.0,ssh_005,15.0,charge_density_wave,expm_qr,3.0581958942234344,1.1289527653090018e-15,0.0,0.0,,0.01622841662264542,valid,61.620306111970415,degenerate
unitary,16,periodic,0.0,0.0,300,0.05,0.5,1.0,ssh_005,15.0,charge_density_wave,half_step_qr,3.0581958942234397,9.650914456541124e-16,1.2079672662573068e-14,5.329070518200751e-15,,0.01622841662264542,valid,61.620306111970415,degenerate
unitary,16,periodic,0.0,0.0,300,0.05,0.5,1.0,ssh_005,15.0,charge_density_wave,direct_qr,3.0581958942234353,9.639133341280564e-16,6.8743439730691735e-15,8.881784197001252e-16,,0.01622841662264542,valid,61.620306111970415,degenerate
unitary,16,periodic,0.0,0.0,300,0.05,0.5,1.0,ssh_005,15.0,left,eig_qr,4.0377195381305135,7.602568863738612e-16,6.752008850156523e-14,5.329070518200751e-15,,0.07002485984655303,valid,14.280642648786749,degenerate
unitary,16,periodic,0.0,0.0,300,0.05,0.5,1.0,ssh_005,15.0,left,expm_qr,4.037719538130519,4.699563399415925e-16,0.0,0.0,,0.07002485984655303,valid,14.280642648786749,degenerate
unitary,16,periodic,0.0,0.0,300,0.05,0.5,1.0,ssh_005,15.0,left,half_step_qr,4.03771953813052,5.262601950840169e-16,1.0385948378255309e-14,8.881784197001252e-16,,0.07002485984655303,valid,14.280642648786749,degenerate
unitary,16,periodic,0.0,0.0,300,0.05,0.5,1.0,ssh_005,15.0,left,direct_qr,4.037719538130515,5.25482646513109e-16,7.894534180666696e-15,3.552713678800501e-15,,0.07002485984655303,valid,14.280642648786749,degenerate
unitary,32,open,0.0,0.0,1,0.05,0.5,1.0,ssh_006,0.05,charge_density_wave,eig_qr,0.017456830723375734,6.661346618048523e-16,1.0332239299606226e-15,3.974945372853256e-14,,,unresolved,,degenerate
unitary,32,open,0.0,0.0,1,0.05,0.5,1.0,ssh_006,0.05,charge_density_wave,expm_qr,0.017456830723415483,4.443060503104092e-16,0.0,0.0,,,unresolved,,degenerate
unitary,32,open,0.0,0.0,1,0.05,0.5,1.0,ssh_006,0.05,charge_density_wave,half_step_qr,0.017456830723345394,6.661340870355622e-16,4.024982636194556e-16,7.008976732336691e-14,,,unresolved,,degenerate
unitary,32,open,0.0,0.0,1,0.05,0.5,1.0,ssh_006,0.05,charge_density_wave,direct_qr,0.01745683072339434,5.551115728432121e-16,5.37264511771585e-16,2.1142809725205325e-14,,,unresolved,,degenerate
unitary,32,open,0.0,0.0,1,0.05,0.5,1.0,ssh_006,0.05,left,eig_qr,0.017461502798647048,7.775649158066624e-16,8.13426904623246e-16,1.4302101170038384e-13,,,unresolved,,degenerate
unitary,32,open,0.0,0.0,1,0.05,0.5,1.0,ssh_006,0.05,left,expm_qr,0.01746150279879007,7.775872033534284e-16,0.0,0.0,,,unresolved,,degenerate
unitary,32,open,0.0,0.0,1,0.05,0.5,1.0,ssh_006,0.05,left,half_step_qr,0.017461502798702958,7.775871248054462e-16,4.361154870842181e-19,8.711087406965135e-14,,,unresolved,,degenerate
unitary,32,open,0.0,0.0,1,0.05,0.5,1.0,ssh_006,0.05,left,direct_qr,0.017461502798533077,4.441072793980813e-16,1.0022518403924e-15,2.5699234407206006e-13,,,unresolved,,degenerate
unitary,32,open,0.0,0.0,100,0.05,0.5,1.0,ssh_007,5.0,charge_density_wave,eig_qr,2.370303081750217,9.86871036414814e-16,6.446307647506194e-14,1.3322676295501878e-15,,0.03347248294969447,valid,29.875285962588798,degenerate
unitary,32,open,0.0,0.0,100,0.05,0.5,1.0,ssh_007,5.0,charge_density_wave,expm_qr,2.3703030817502158,7.847696420655121e-16,0.0,0.0,,0.03347248294969447,valid,29.875285962588798,degenerate
unitary,32,open,0.0,0.0,100,0.05,0.5,1.0,ssh_007,5.0,charge_density_wave,half_step_qr,2.3703030817501785,5.859435068096503e-16,6.549863641367565e-15,3.730349362740526e-14,,0.03347248294969447,valid,29.875285962588798,degenerate
unitary,32,open,0.0,0.0,100,0.05,0.5,1.0,ssh_007,5.0,charge_density_wave,direct_qr,2.3703030817502144,8.76025212065173e-16,4.157114361473091e-15,1.3322676295501878e-15,,0.03347248294969447,valid,29.875285962588798,degenerate
unitary,32,open,0.0,0.0,100,0.05,0.5,1.0,ssh_007,5.0,left,eig_qr,1.1870416906229428,1.1396243288531011e-15,4.270842633637261e-14,1.3766765505351941e-14,,0.07054552883327694,valid,14.175242804733093,degenerate
unitary,32,open,0.0,0.0,100,0.05,0.5,1.0,ssh_007,5.0,left,expm_qr,1.1870416906229566,8.828955361754636e-16,0.0,0.0,,0.07054552883327694,valid,14.175242804733093,degenerate
unitary,32,open,0.0,0.0,100,0.05,0.5,1.0,ssh_007,5.0,left,half_step_qr,1.1870416906229833,9.494094180203745e-16,3.683517294945471e-15,2.6645352591003757e-14,,0.07054552883327694,valid,14.175242804733093,degenerate
unitary,32,open,0.0,0.0,100,0.05,0.5,1.0,ssh_007,5.0,left,direct_qr,1.1870416906229224,1.4277611942127363e-15,3.3522013633487028e-15,3.419486915845482e-14,,0.07054552883327694,valid,14.175242804733093,degenerate
unitary,32,open,0.0,0.0,300,0.05,0.5,1.0,ssh_008,15.0,charge_density_wave,eig_qr,6.804757816155778,8.559380945494107e-16,1.3368556406846194e-13,2.398081733190338e-14,,,unresolved,,degenerate
unitary,32,open,0.0,0.0,300,0.05,0.5,1.0,ssh_008,15.0,charge_density_wave,expm_qr,6.804757816155802,7.177440633003159e-16,0.0,0.0,,,unresolved,,degenerate
unitary,32,open,0.0,0.0,300,0.05,0.5,1.0,ssh_008,15.0,charge_density_wave,half_step_qr,6.804757816155791,1.2888212437636064e-15,1.720728815161064e-14,1.0658141036401503e-14,,,unresolved,,degenerate
unitary,32,open,0.0,0.0,300,0.05,0.5,1.0,ssh_008,15.0,charge_density_wave,direct_qr,6.804757816155786,7.978816247355702e-16,1.0239967553938742e-14,1.5987211554602254e-14,,,unresolved,,degenerate
unitary,32,open,0.0,0.0,300,0.05,0.5,1.0,ssh_008,15.0,left,eig_qr,1.5928844042613617,7.850980144146343e-16,1.0993063425098687e-13,6.972200594645983e-14,,,unresolved,,degenerate
unitary,32,open,0.0,0.0,300,0.05,0.5,1.0,ssh_008,15.0,left,expm_qr,1.5928844042614314,7.299530669765567e-16,0.0,0.0,,,unresolved,,degenerate
unitary,32,open,0.0,0.0,300,0.05,0.5,1.0,ssh_008,15.0,left,half_step_qr,1.5928844042613732,1.1224044724875345e-15,1.4800458459687037e-14,5.81756864903582e-14,,,unresolved,,degenerate
unitary,32,open,0.0,0.0,300,0.05,0.5,1.0,ssh_008,15.0,left,direct_qr,1.592884404261446,1.1649119274632514e-15,9.623019500061727e-15,1.4654943925052066e-14,,,unresolved,,degenerate
unitary,32,periodic,0.0,0.0,1,0.05,0.5,1.0,ssh_009,0.05,charge_density_wave,eig_qr,0.034913661446713116,4.443064799118531e-16,1.7140080240501765e-15,6.800116025829084e-14,,6.245801445143219e-07,valid,1601075.552565968,degenerate
unitary,32,periodic,0.0,0.0,1,0.05,0.5,1.0,ssh_009,0.05,charge_density_wave,expm_qr,0.03491366144678112,6.661341097312521e-16,0.0,0.0,,6.245801445143219e-07,valid,1601075.552565968,degenerate
unitary,32,periodic,0.0,0.0,1,0.05,0.5,1.0,ssh_009,0.05,charge_density_wave,half_step_qr,0.03491366144669071,6.661341324121409e-16,5.334341752062932e-16,9.040684867400728e-14,,6.245801445143219e-07,valid,1601075.552565968,degenerate
unitary,32,periodic,0.0,0.0,1,0.05,0.5,1.0,ssh_009,0.05,charge_density_wave,direct_qr,0.03491366144680275,6.6613381477512755e-16,5.37483317315698e-16,2.1635471192382738e-14,,6.245801445143219e-07,valid,1601075.552565968,degenerate
unitary,32,periodic,0.0,0.0,1,0.05,0.5,1.0,ssh_009,0.05,left,eig_qr,0.03492300559697876,4.440895488876156e-16,1.5341049342511528e-15,2.0632801023268144e-13,,9.881009600835994e-07,valid,1012042.3321068262,degenerate
unitary,32,periodic,0.0,0.0,1,0.05,0.5,1.0,ssh_009,0.05,left,expm_qr,0.034923005597185086,7.775863699548598e-16,0.0,0.0,,9.881009600835994e-07,valid,1012042.3321068262,degenerate
unitary,32,periodic,0.0,0.0,1,0.05,0.5,1.0,ssh_009,0.05,left,half_step_qr,0.034923005597096206,7.775862673876419e-16,7.159124958456857e-18,8.888029201514769e-14,,9.881009600835994e-07,valid,1012042.3321068262,degenerate
unitary,32,periodic,0.0,0.0,1,0.05,0.5,1.0,ssh_009,0.05,left,direct_qr,0.03492300559706597,7.775861629415069e-16,4.521508012833085e-16,1.1911305275447148e-13,,9.881009600835994e-07,valid,1012042.3321068262,degenerate
unitary,32,periodic,0.0,0.0,100,0.05,0.5,1.0,ssh_010,5.0,charge_density_wave,eig_qr,4.738114245948647,9.370201105165688e-16,6.586906785582511e-14,7.993605777301127e-15,,,unresolved,,degenerate
unitary,32,periodic,0.0,0.0,100,0.05,0.5,1.0,ssh_010,5.0,charge_density_wave,expm_qr,4.738114245948639,1.1295546625201094e-15,0.0,0.0,,,unresolved,,degenerate
unitary,32,periodic,0.0,0.0,100,0.05,0.5,1.0,ssh_010,5.0,charge_density_wave,half_step_qr,4.7381142459486165,9.410313435697226e-16,8.137634094207733e-15,2.220446049250313e-14,,,unresolved,,degenerate
unitary,32,periodic,0.0,0.0,100,0.05,0.5,1.0,ssh_010,5.0,charge_density_wave,direct_qr,4.738114245948632,9.247766917829582e-16,4.900932887427331e-15,7.105427357601002e-15,,,unresolved,,degenerate
unitary,32,periodic,0.0,0.0,100,0.05,0.5,1.0,ssh_010,5.0,left,eig_qr,2.3740833815193394,8.146007186344106e-16,6.94737624289813e-14,3.4638958368304884e-14,,,unresolved,,degenerate
unitary,32,periodic,0.0,0.0,100,0.05,0.5,1.0,ssh_010,5.0,left,expm_qr,2.3740833815193048,1.0347659334416015e-15,0.0,0.0,,,unresolved,,degenerate
unitary,32,periodic,0.0,0.0,100,0.05,0.5,1.0,ssh_010,5.0,left,half_step_qr,2.3740833815193163,9.62993022462383e-16,4.344198344659896e-15,1.1546319456101628e-14,,,unresolved,,degenerate
unitary,32,periodic,0.0,0.0,100,0.05,0.5,1.0,ssh_010,5.0,left,direct_qr,2.374083381519352,9.980090556668724e-16,3.688357081334324e-15,4.707345624410664e-14,,,unresolved,,degenerate
unitary,32,periodic,0.0,0.0,300,0.05,0.5,1.0,ssh_011,15.0,charge_density_wave,eig_qr,5.746087573508833,9.644853451659255e-16,1.6341275354244437e-13,2.6645352591003757e-14,,0.07311514012589701,valid,13.677057833413153,degenerate
unitary,32,periodic,0.0,0.0,300,0.05,0.5,1.0,ssh_011,15.0,charge_density_wave,expm_qr,5.746087573508806,6.655531797340522e-16,0.0,0.0,,0.07311514012589701,valid,13.677057833413153,degenerate
unitary,32,periodic,0.0,0.0,300,0.05,0.5,1.0,ssh_011,15.0,charge_density_wave,half_step_qr,5.746087573508824,9.008786236760007e-16,2.2083807705671264e-14,1.7763568394002505e-14,,0.07311514012589701,valid,13.677057833413153,degenerate
unitary,32,periodic,0.0,0.0,300,0.05,0.5,1.0,ssh_011,15.0,charge_density_wave,direct_qr,5.7460875735088095,1.216720276932399e-15,1.1445242404612589e-14,3.552713678800501e-15,,0.07311514012589701,valid,13.677057833413153,degenerate
unitary,32,periodic,0.0,0.0,300,0.05,0.5,1.0,ssh_011,15.0,left,eig_qr,3.289944029310883,7.433016713512766e-16,1.692519970672503e-13,5.240252676230739e-14,,0.03321460280016779,valid,30.10723945778898,degenerate
unitary,32,periodic,0.0,0.0,300,0.05,0.5,1.0,ssh_011,15.0,left,expm_qr,3.289944029310935,8.231000961550665e-16,0.0,0.0,,0.03321460280016779,valid,30.10723945778898,degenerate
unitary,32,periodic,0.0,0.0,300,0.05,0.5,1.0,ssh_011,15.0,left,half_step_qr,3.289944029310945,5.3007022509955e-16,1.0532361759688125e-14,9.769962616701378e-15,,0.03321460280016779,valid,30.10723945778898,degenerate
unitary,32,periodic,0.0,0.0,300,0.05,0.5,1.0,ssh_011,15.0,left,direct_qr,3.2899440293109445,6.626069543105029e-16,7.83729965647634e-15,9.325873406851315e-15,,0.03321460280016779,valid,30.10723945778898,degenerate
reciprocal,16,open,0.0,0.3,100,0.05,0.5,1.0,ssh_012,5.0,charge_density_wave,eig_qr,2.6104004263740554,7.39755282157628e-16,3.620513484321206e-14,4.884981308350689e-15,0.8559674696389212,0.33846537388715564,valid,2.9420539781243855,valid
reciprocal,16,open,0.0,0.3,100,0.05,0.5,1.0,ssh_012,5.0,charge_density_wave,expm_qr,2.6104004263740603,5.247486694283487e-16,0.0,0.0,0.8559674696389253,0.33846537388715564,valid,2.9420539781243855,valid
reciprocal,16,open,0.0,0.3,100,0.05,0.5,1.0,ssh_012,5.0,charge_density_wave,half_step_qr,2.61040042637406,5.969307956482213e-16,7.742499767149101e-15,4.440892098500626e-16,0.8559674696389246,0.33846537388715564,valid,2.9420539781243855,valid
reciprocal,16,open,0.0,0.3,100,0.05,0.5,1.0,ssh_012,5.0,charge_density_wave,direct_qr,2.610400426374064,5.311447175742001e-16,6.8783966199086875e-15,3.552713678800501e-15,0.8559674696389235,0.33846537388715564,valid,2.9420539781243855,valid
reciprocal,16,open,0.0,0.3,100,0.05,0.5,1.0,ssh_012,5.0,left,eig_qr,1.3277185012789665,6.462207519792515e-16,2.9405299442815083e-14,1.3322676295501878e-14,0.9983561969641462,0.04355275103256447,valid,22.86384616571097,valid
reciprocal,16,open,0.0,0.3,100,0.05,0.5,1.0,ssh_012,5.0,left,expm_qr,1.3277185012789798,6.93961189904185e-16,0.0,0.0,0.9983561969641458,0.04355275103256447,valid,22.86384616571097,valid
reciprocal,16,open,0.0,0.3,100,0.05,0.5,1.0,ssh_012,5.0,left,half_step_qr,1.3277185012789794,7.390726307727537e-16,4.2967737511930605e-15,4.440892098500626e-16,0.9983561969641458,0.04355275103256447,valid,22.86384616571097,valid
reciprocal,16,open,0.0,0.3,100,0.05,0.5,1.0,ssh_012,5.0,left,direct_qr,1.3277185012790178,8.211466961010082e-16,3.1717477677895667e-15,3.7969627442180354e-14,0.9983561969641466,0.04355275103256447,valid,22.86384616571097,valid
reciprocal,16,open,0.0,0.3,300,0.05,0.5,1.0,ssh_013,15.0,charge_density_wave,eig_qr,2.4275411425559,1.0434088598738295e-15,8.383496059016072e-14,3.019806626980426e-14,0.9843414784281026,0.15603123967795232,valid,6.328251000229132,valid
reciprocal,16,open,0.0,0.3,300,0.05,0.5,1.0,ssh_013,15.0,charge_density_wave,expm_qr,2.4275411425559303,9.446672534227988e-16,0.0,0.0,0.9843414784281102,0.15603123967795232,valid,6.328251000229132,valid
reciprocal,16,open,0.0,0.3,300,0.05,0.5,1.0,ssh_013,15.0,charge_density_wave,half_step_qr,2.42754114255594,8.861783610558455e-16,1.237716351055826e-14,9.769962616701378e-15,0.9843414784281093,0.15603123967795232,valid,6.328251000229132,valid
reciprocal,16,open,0.0,0.3,300,0.05,0.5,1.0,ssh_013,15.0,charge_density_wave,direct_qr,2.427541142555924,5.397753292731929e-16,1.2609992883718076e-14,6.217248937900877e-15,0.9843414784281083,0.15603123967795232,valid,6.328251000229132,valid
reciprocal,16,open,0.0,0.3,300,0.05,0.5,1.0,ssh_013,15.0,left,eig_qr,0.7549502368329357,5.51386745345217e-16,5.729093805121925e-14,1.4654943925052066e-14,0.9989331537500424,0.022906291394915124,valid,43.1062729245723,valid
reciprocal,16,open,0.0,0.3,300,0.05,0.5,1.0,ssh_013,15.0,left,expm_qr,0.7549502368329211,6.206339235000534e-16,0.0,0.0,0.9989331537500444,0.022906291394915124,valid,43.1062729245723,valid
reciprocal,16,open,0.0,0.3,300,0.05,0.5,1.0,ssh_013,15.0,left,half_step_qr,0.7549502368329135,5.476485775824771e-16,1.364725826146917e-14,7.549516567451064e-15,0.9989331537500441,0.022906291394915124,valid,43.1062729245723,valid
reciprocal,16,open,0.0,0.3,300,0.05,0.5,1.0,ssh_013,15.0,left,direct_qr,0.7549502368329045,5.289967359968043e-16,1.1029680875702143e-14,1.6542323066914832e-14,0.9989331537500445,0.022906291394915124,valid,43.1062729245723,valid
reciprocal,16,open,0.0,0.3,600,0.05,0.5,1.0,ssh_014,30.0,charge_density_wave,eig_qr,2.7387057584327894,1.0814711486699322e-15,1.442297144079083e-13,7.815970093361102e-14,0.9253277535438265,0.30714931288071323,valid,3.1742788441787013,valid
reciprocal,16,open,0.0,0.3,600,0.05,0.5,1.0,ssh_014,30.0,charge_density_wave,expm_qr,2.7387057584327112,7.007738265225316e-16,0.0,0.0,0.9253277535438603,0.30714931288071323,valid,3.1742788441787013,valid
reciprocal,16,open,0.0,0.3,600,0.05,0.5,1.0,ssh_014,30.0,charge_density_wave,half_step_qr,2.7387057584327206,4.705880654631379e-16,2.1416729592793775e-14,9.325873406851315e-15,0.9253277535438585,0.30714931288071323,valid,3.1742788441787013,valid
reciprocal,16,open,0.0,0.3,600,0.05,0.5,1.0,ssh_014,30.0,charge_density_wave,direct_qr,2.738705758432733,6.327255815524054e-16,2.0103786938569716e-13,2.1760371282653068e-14,0.925327753543861,0.30714931288071323,valid,3.1742788441787013,valid
reciprocal,16,open,0.0,0.3,600,0.05,0.5,1.0,ssh_014,30.0,left,eig_qr,1.9538668045272884,3.2306853445659155e-16,7.44192601539605e-14,2.6423307986078726e-14,0.9979072155342734,0.037236123639811256,valid,26.18364831184707,valid
reciprocal,16,open,0.0,0.3,600,0.05,0.5,1.0,ssh_014,30.0,left,expm_qr,1.953866804527262,9.024075796592956e-16,0.0,0.0,0.9979072155342738,0.037236123639811256,valid,26.18364831184707,valid
reciprocal,16,open,0.0,0.3,600,0.05,0.5,1.0,ssh_014,30.0,left,half_step_qr,1.9538668045272538,5.127549904106321e-16,1.8995355358135674e-14,8.215650382226158e-15,0.9979072155342739,0.037236123639811256,valid,26.18364831184707,valid
reciprocal,16,open,0.0,0.3,600,0.05,0.5,1.0,ssh_014,30.0,left,direct_qr,1.9538668045274217,7.078015211888819e-16,2.1310345707884928e-13,1.596500709410975e-13,0.9979072155342744,0.037236123639811256,valid,26.18364831184707,valid
reciprocal,32,open,0.0,0.3,100,0.05,0.5,1.0,ssh_015,5.0,charge_density_wave,eig_qr,2.80175975733607,8.058363306902595e-16,6.014743215609723e-14,5.684341886080802e-14,0.9998689975382826,0.015947033332911722,valid,61.78141197239603,valid
reciprocal,32,open,0.0,0.3,100,0.05,0.5,1.0,ssh_015,5.0,charge_density_wave,expm_qr,2.801759757336013,9.031443111227117e-16,0.0,0.0,0.9998689975382835,0.015947033332911722,valid,61.78141197239603,valid
reciprocal,32,open,0.0,0.3,100,0.05,0.5,1.0,ssh_015,5.0,charge_density_wave,half_step_qr,2.8017597573360575,7.448842677826364e-16,1.071913080051933e-14,4.440892098500626e-14,0.9998689975382831,0.015947033332911722,valid,61.78141197239603,valid
reciprocal,32,open,0.0,0.3,100,0.05,0.5,1.0,ssh_015,5.0,charge_density_wave,direct_qr,2.801759757336046,9.244380636051364e-16,9.620041112102527e-15,3.2862601528904634e-14,0.9998689975382836,0.015947033332911722,valid,61.78141197239603,valid
reciprocal,32,open,0.0,0.3,100,0.05,0.5,1.0,ssh_015,5.0,left,eig_qr,1.329820036318115,1.3930871821539767e-15,7.423022267161638e-14,2.220446049250313e-16,0.9999996989967403,0.000556753445319958,valid,1769.598813190915,valid
reciprocal,32,open,0.0,0.3,100,0.05,0.5,1.0,ssh_015,5.0,left,expm_qr,1.3298200363181152,1.0873936757525789e-15,0.0,0.0,0.9999996989967402,0.000556753445319958,valid,1769.598813190915,valid
reciprocal,32,open,0.0,0.3,100,0.05,0.5,1.0,ssh_015,5.0,left,half_step_qr,1.3298200363181076,1.3217253535703023e-15,5.294248358530225e-15,7.549516567451064e-15,0.9999996989967401,0.000556753445319958,valid,1769.598813190915,valid
reciprocal,32,open,0.0,0.3,100,0.05,0.5,1.0,ssh_015,5.0,left,direct_qr,1.3298200363181472,1.278486491659659e-15,2.5806724867706067e-15,3.197442310920451e-14,0.9999996989967403,0.000556753445319958,valid,1769.598813190915,valid
reciprocal,32,open,0.0,0.3,300,0.05,0.5,1.0,ssh_016,15.0,charge_density_wave,eig_qr,7.012662769366413,6.345636447794486e-16,1.6405903901141666e-13,2.6645352591003757e-14,0.9997840821740454,0.02044131522530473,valid,48.123939082308105,valid
reciprocal,32,open,0.0,0.3,300,0.05,0.5,1.0,ssh_016,15.0,charge_density_wave,expm_qr,7.012662769366386,8.015713751955804e-16,0.0,0.0,0.9997840821740446,0.02044131522530473,valid,48.123939082308105,valid
reciprocal,32,open,0.0,0.3,300,0.05,0.5,1.0,ssh_016,15.0,charge_density_wave,half_step_qr,7.012662769366368,9.76295753341091e-16,2.0540454973876142e-14,1.865174681370263e-14,0.9997840821740439,0.02044131522530473,valid,48.123939082308105,valid
reciprocal,32,open,0.0,0.3,300,0.05,0.5,1.0,ssh_016,15.0,charge_density_wave,direct_qr,7.012662769366394,8.015708967605638e-16,1.8749617859877163e-14,7.993605777301127e-15,0.9997840821740444,0.02044131522530473,valid,48.123939082308105,valid
reciprocal,32,open,0.0,0.3,300,0.05,0.5,1.0,ssh_016,15.0,left,eig_qr,1.7132094512366047,8.942135715886842e-16,1.424585561876052e-13,5.218048215738236e-14,0.9999989815502698,0.001203230152463595,valid,817.5631292572562,valid
reciprocal,32,open,0.0,0.3,300,0.05,0.5,1.0,ssh_016,15.0,left,expm_qr,1.7132094512365525,8.218534229993683e-16,0.0,0.0,0.9999989815502696,0.001203230152463595,valid,817.5631292572562,valid
reciprocal,32,open,0.0,0.3,300,0.05,0.5,1.0,ssh_016,15.0,left,half_step_qr,1.7132094512365739,8.921566059137692e-16,1.3158723642245502e-14,2.1316282072803006e-14,0.9999989815502697,0.001203230152463595,valid,817.5631292572562,valid
reciprocal,32,open,0.0,0.3,300,0.05,0.5,1.0,ssh_016,15.0,left,direct_qr,1.713209451236533,8.646799535639217e-16,9.747747449048239e-15,1.9539925233402755e-14,0.999998981550269,0.001203230152463595,valid,817.5631292572562,valid
reciprocal,32,open,0.0,0.3,600,0.05,0.5,1.0,ssh_017,30.0,charge_density_wave,eig_qr,4.874987883581612,9.107874142803128e-16,2.698122826189089e-13,8.43769498715119e-14,0.9991078282506467,0.04087133890152999,valid,23.677348080767054,valid
reciprocal,32,open,0.0,0.3,600,0.05,0.5,1.0,ssh_017,30.0,charge_density_wave,expm_qr,4.874987883581528,8.6019948041545325e-16,0.0,0.0,0.9991078282506448,0.04087133890152999,valid,23.677348080767054,valid
reciprocal,32,open,0.0,0.3,600,0.05,0.5,1.0,ssh_017,30.0,charge_density_wave,half_step_qr,4.874987883581518,1.0224852443513718e-15,2.7904696909108065e-14,9.769962616701378e-15,0.9991078282506448,0.04087133890152999,valid,23.677348080767054,valid
reciprocal,32,open,0.0,0.3,600,0.05,0.5,1.0,ssh_017,30.0,charge_density_wave,direct_qr,4.874987883581474,1.1481656417071852e-15,2.863823531025535e-13,5.417888360170764e-14,0.9991078282506447,0.04087133890152999,valid,23.677348080767054,valid
reciprocal,32,open,0.0,0.3,600,0.05,0.5,1.0,ssh_017,30.0,left,eig_qr,2.230554757614662,7.960449636254985e-16,2.2124890626985934e-13,5.3734794391857577e-14,0.9999999107923979,0.00022556154298536025,valid,4290.292152157027,valid
reciprocal,32,open,0.0,0.3,600,0.05,0.5,1.0,ssh_017,30.0,left,expm_qr,2.230554757614608,7.961892583706877e-16,0.0,0.0,0.9999999107923975,0.00022556154298536025,valid,4290.292152157027,valid
reciprocal,32,open,0.0,0.3,600,0.05,0.5,1.0,ssh_017,30.0,left,half_step_qr,2.230554757614636,7.888435972028936e-16,2.147021107113236e-14,2.7977620220553945e-14,0.9999999107923974,0.00022556154298536025,valid,4290.292152157027,valid
reciprocal,32,open,0.0,0.3,600,0.05,0.5,1.0,ssh_017,30.0,left,direct_qr,2.230554757614563,7.187890064178063e-16,3.1553338640927795e-13,4.529709940470639e-14,0.999999910792397,0.00022556154298536025,valid,4290.292152157027,valid
exceptional,16,periodic,0.0,0.49,1,0.05,0.5,1.0,ssh_018,0.05,charge_density_wave,eig_qr,0.03348654275079298,6.661339458635094e-16,1.068489438260254e-15,8.118505867571457e-15,0.03569527225146538,0.9992972382832097,valid,0.9528945065174852,valid
exceptional,16,periodic,0.0,0.49,1,0.05,0.5,1.0,ssh_018,0.05,charge_density_wave,expm_qr,0.033486542750801096,6.661338853612671e-16,0.0,0.0,0.03569527225146536,0.9992972382832097,valid,0.9528945065174852,valid
exceptional,16,periodic,0.0,0.49,1,0.05,0.5,1.0,ssh_018,0.05,charge_density_wave,half_step_qr,0.0334865427508465,7.771562027984147e-16,7.352047570578922e-16,4.5401182813264995e-14,0.03569527225146543,0.9992972382832097,valid,0.9528945065174852,valid
exceptional,16,periodic,0.0,0.49,1,0.05,0.5,1.0,ssh_018,0.05,charge_density_wave,direct_qr,0.03348654275079353,4.440896938926347e-16,4.447246109606951e-16,7.563394355258879e-15,0.0356952722514654,0.9992972382832097,valid,0.9528945065174852,valid
exceptional,16,periodic,0.0,0.49,1,0.05,0.5,1.0,ssh_018,0.05,left,eig_qr,0.03495871639251004,6.676734531086894e-16,1.3578308777345032e-15,7.258083023486961e-15,1.000000000000001,,unresolved,,valid
exceptional,16,periodic,0.0,0.49,1,0.05,0.5,1.0,ssh_018,0.05,left,expm_qr,0.0349587163925173,8.8827913139036e-16,0.0,0.0,1.0000000000000013,,unresolved,,valid
exceptional,16,periodic,0.0,0.49,1,0.05,0.5,1.0,ssh_018,0.05,left,half_step_qr,0.03495871639253988,4.579778480330634e-16,4.787559292882233e-16,2.2586099657218028e-14,1.000000000000001,,unresolved,,valid
exceptional,16,periodic,0.0,0.49,1,0.05,0.5,1.0,ssh_018,0.05,left,direct_qr,0.03495871639254206,4.444360732735256e-16,8.918921482888236e-16,2.4764912343044898e-14,1.0000000000000013,,unresolved,,valid
exceptional,16,periodic,0.0,0.49,100,0.05,0.5,1.0,ssh_019,5.0,charge_density_wave,eig_qr,3.517166231614966,6.716859080253645e-16,1.5430127690371363e-13,5.240252676230739e-14,0.8943553357791029,0.2490837702695338,valid,3.293175544533936,valid
exceptional,16,periodic,0.0,0.49,100,0.05,0.5,1.0,ssh_019,5.0,charge_density_wave,expm_qr,3.5171662316149135,5.74622419862139e-16,0.0,0.0,0.8943553357790911,0.2490837702695338,valid,3.293175544533936,valid
exceptional,16,periodic,0.0,0.49,100,0.05,0.5,1.0,ssh_019,5.0,charge_density_wave,half_step_qr,3.5171662316149233,8.896071945863584e-16,7.472133278863229e-15,9.769962616701378e-15,0.8943553357790929,0.2490837702695338,valid,3.293175544533936,valid
exceptional,16,periodic,0.0,0.49,100,0.05,0.5,1.0,ssh_019,5.0,charge_density_wave,direct_qr,3.5171662316149064,5.739330749808332e-16,1.263804204810142e-14,7.105427357601002e-15,0.894355335779086,0.2490837702695338,valid,3.293175544533936,valid
exceptional,16,periodic,0.0,0.49,100,0.05,0.5,1.0,ssh_019,5.0,left,eig_qr,2.2568664831378515,8.759359828771502e-16,7.079440026484453e-14,7.549516567451064e-15,0.9612067421461861,0.15522343063748079,valid,5.284489444816271,valid
exceptional,16,periodic,0.0,0.49,100,0.05,0.5,1.0,ssh_019,5.0,left,expm_qr,2.256866483137844,5.381868071898904e-16,0.0,0.0,0.9612067421461898,0.15522343063748079,valid,5.284489444816271,valid
exceptional,16,periodic,0.0,0.49,100,0.05,0.5,1.0,ssh_019,5.0,left,half_step_qr,2.2568664831378604,8.636764869539543e-16,5.810770058562634e-15,1.6431300764452317e-14,0.961206742146189,0.15522343063748079,valid,5.284489444816271,valid
exceptional,16,periodic,0.0,0.49,100,0.05,0.5,1.0,ssh_019,5.0,left,direct_qr,2.2568664831378458,1.0596888104348023e-15,6.213654455542126e-15,1.7763568394002505e-15,0.9612067421461896,0.15522343063748079,valid,5.284489444816271,valid
exceptional,16,periodic,0.0,0.49,300,0.05,0.5,1.0,ssh_020,15.0,charge_density_wave,eig_qr,4.09314168688315,6.972580261358874e-16,1.5669943995837945e-13,9.237055564881302e-14,0.8485579006042174,0.3360865224485042,valid,1.8882603858451559,valid
exceptional,16,periodic,0.0,0.49,300,0.05,0.5,1.0,ssh_020,15.0,charge_density_wave,expm_qr,4.093141686883057,5.496457336001151e-16,0.0,0.0,0.8485579006041805,0.3360865224485042,valid,1.8882603858451559,valid
exceptional,16,periodic,0.0,0.49,300,0.05,0.5,1.0,ssh_020,15.0,charge_density_wave,half_step_qr,4.093141686883069,7.66872609718939e-16,2.0129473549167083e-14,1.1546319456101628e-14,0.8485579006041828,0.3360865224485042,valid,1.8882603858451559,valid
exceptional,16,periodic,0.0,0.49,300,0.05,0.5,1.0,ssh_020,15.0,charge_density_wave,direct_qr,4.093141686883059,9.462320126371413e-16,1.683805687614242e-14,1.7763568394002505e-15,0.848557900604175,0.3360865224485042,valid,1.8882603858451559,valid
exceptional,16,periodic,0.0,0.49,300,0.05,0.5,1.0,ssh_020,15.0,left,eig_qr,3.659146939123188,6.800904942586681e-16,1.6513360569708574e-13,9.681144774731365e-14,0.9944039888843239,0.027836097610696678,valid,22.79841360780765,valid
exceptional,16,periodic,0.0,0.49,300,0.05,0.5,1.0,ssh_020,15.0,left,expm_qr,3.659146939123091,5.51843481361312e-16,0.0,0.0,0.9944039888843336,0.027836097610696678,valid,22.79841360780765,valid
exceptional,16,periodic,0.0,0.49,300,0.05,0.5,1.0,ssh_020,15.0,left,half_step_qr,3.659146939123093,8.028039726592972e-16,1.1473498085154343e-14,1.7763568394002505e-15,0.9944039888843328,0.027836097610696678,valid,22.79841360780765,valid
exceptional,16,periodic,0.0,0.49,300,0.05,0.5,1.0,ssh_020,15.0,left,direct_qr,3.6591469391231017,9.20958935910474e-16,1.1186010943306538e-14,1.0658141036401503e-14,0.994403988884332,0.027836097610696678,valid,22.79841360780765,valid
exceptional,16,periodic,0.0,0.5,1,0.05,0.5,1.0,ssh_021,0.05,charge_density_wave,eig_qr,0.03345813384555414,6.661349794426062e-16,1.0038731711360264e-08,1.6250119305727395e-10,0.03565938043529272,0.9992972498609888,valid,0.9519429688106658,valid
exceptional,16,periodic,0.0,0.5,1,0.05,0.5,1.0,ssh_021,0.05,charge_density_wave,expm_qr,0.03345813368305295,7.771561172376114e-16,0.0,0.0,0.03565937988771853,0.9992972498609888,valid,0.9519429688106658,valid
exceptional,16,periodic,0.0,0.5,1,0.05,0.5,1.0,ssh_021,0.05,charge_density_wave,half_step_qr,0.033458133683036656,6.661342853489258e-16,1.3344810243129725e-15,1.6292522886374172e-14,0.03565937988771863,0.9992972498609888,valid,0.9519429688106658,valid
exceptional,16,periodic,0.0,0.5,1,0.05,0.5,1.0,ssh_021,0.05,charge_density_wave,direct_qr,0.03345813368304581,1.1102232210309792e-15,5.369314848257007e-16,7.140121827120538e-15,0.03565937988771857,0.9992972498609888,valid,0.9519429688106658,valid
exceptional,16,periodic,0.0,0.5,1,0.05,0.5,1.0,ssh_021,0.05,left,eig_qr,0.034960190320307706,6.661615804760288e-16,1.3052144208981017e-08,1.1068887681431328e-09,1.0000000000000007,,unresolved,,valid
exceptional,16,periodic,0.0,0.5,1,0.05,0.5,1.0,ssh_021,0.05,left,expm_qr,0.03496018921341894,7.773188960346277e-16,0.0,0.0,1.0000000000000007,,unresolved,,valid
exceptional,16,periodic,0.0,0.5,1,0.05,0.5,1.0,ssh_021,0.05,left,half_step_qr,0.03496018921350075,6.661609446773484e-16,1.3342556218094234e-15,8.180955912706622e-14,1.0000000000000002,,unresolved,,valid
exceptional,16,periodic,0.0,0.5,1,0.05,0.5,1.0,ssh_021,0.05,left,direct_qr,0.034960189213474324,6.661821874558822e-16,8.908430991325823e-16,5.53862511409875e-14,0.9999999999999997,,unresolved,,valid
exceptional,16,periodic,0.0,0.5,100,0.05,0.5,1.0,ssh_022,5.0,charge_density_wave,eig_qr,3.3880657298964185,1.264419297727424e-15,3.9683217749008924e-07,1.83759529370775e-07,0.8494578310971137,0.27866346163727557,valid,2.9711555466060635,valid
exceptional,16,periodic,0.0,0.5,100,0.05,0.5,1.0,ssh_022,5.0,charge_density_wave,expm_qr,3.388065546136889,5.117131501459496e-16,0.0,0.0,0.8494577631421976,0.27866346163727557,valid,2.9711555466060635,valid
exceptional,16,periodic,0.0,0.5,100,0.05,0.5,1.0,ssh_022,5.0,charge_density_wave,half_step_qr,3.388065546136923,7.67264628465129e-16,3.290234539754727e-14,3.375077994860476e-14,0.8494577631422143,0.27866346163727557,valid,2.9711555466060635,valid
exceptional,16,periodic,0.0,0.5,100,0.05,0.5,1.0,ssh_022,5.0,charge_density_wave,direct_qr,3.3880655461368936,6.010017755128491e-16,5.559512790046892e-15,4.440892098500626e-15,0.8494577631421989,0.27866346163727557,valid,2.9711555466060635,valid
exceptional,16,periodic,0.0,0.5,100,0.05,0.5,1.0,ssh_022,5.0,left,eig_qr,2.2673714191939958,7.180569987624517e-16,5.042180292109882e-07,2.308688715757512e-07,0.9612059793956321,0.16093033325786116,valid,5.144788262840395,valid
exceptional,16,periodic,0.0,0.5,100,0.05,0.5,1.0,ssh_022,5.0,left,expm_qr,2.267371188325124,7.813741361904093e-16,0.0,0.0,0.9612060268766789,0.16093033325786116,valid,5.144788262840395,valid
exceptional,16,periodic,0.0,0.5,100,0.05,0.5,1.0,ssh_022,5.0,left,half_step_qr,2.2673711883251233,9.809589313622017e-16,1.5149137228282943e-14,8.881784197001252e-16,0.9612060268766789,0.16093033325786116,valid,5.144788262840395,valid
exceptional,16,periodic,0.0,0.5,100,0.05,0.5,1.0,ssh_022,5.0,left,direct_qr,2.2673711883251144,6.14949680456593e-16,3.974088956282124e-15,9.769962616701378e-15,0.9612060268766791,0.16093033325786116,valid,5.144788262840395,valid
exceptional,16,periodic,0.0,0.5,300,0.05,0.5,1.0,ssh_023,15.0,charge_density_wave,eig_qr,4.05000050110664,7.969535463231863e-16,1.0736286235395697e-06,5.635064042053273e-07,0.8199420300653336,0.3725194514130305,valid,1.6424065650673971,valid
exceptional,16,periodic,0.0,0.5,300,0.05,0.5,1.0,ssh_023,15.0,charge_density_wave,expm_qr,4.049999937600235,8.194934635234337e-16,0.0,0.0,0.8199415743377326,0.3725194514130305,valid,1.6424065650673971,valid
exceptional,16,periodic,0.0,0.5,300,0.05,0.5,1.0,ssh_023,15.0,charge_density_wave,half_step_qr,4.049999937600241,8.637203677656255e-16,3.9740175725685046e-14,5.329070518200751e-15,0.819941574337745,0.3725194514130305,valid,1.6424065650673971,valid
exceptional,16,periodic,0.0,0.5,300,0.05,0.5,1.0,ssh_023,15.0,charge_density_wave,direct_qr,4.049999937600235,4.714586099634376e-16,1.0352025069010318e-14,0.0,0.8199415743377325,0.3725194514130305,valid,1.6424065650673971,valid
exceptional,16,periodic,0.0,0.5,300,0.05,0.5,1.0,ssh_023,15.0,left,eig_qr,3.710565426586827,9.762689973968588e-16,1.1217934898456474e-06,1.1203838834461521e-07,0.9926573543478212,0.028558116930224746,valid,21.423975331109187,valid
exceptional,16,periodic,0.0,0.5,300,0.05,0.5,1.0,ssh_023,15.0,left,expm_qr,3.7105653145484387,2.9531574224617504e-16,0.0,0.0,0.9926573756204827,0.028558116930224746,valid,21.423975331109187,valid
exceptional,16,periodic,0.0,0.5,300,0.05,0.5,1.0,ssh_023,15.0,left,half_step_qr,3.7105653145484245,4.742363566355205e-16,2.161668525264564e-14,1.4210854715202004e-14,0.9926573756204845,0.028558116930224746,valid,21.423975331109187,valid
exceptional,16,periodic,0.0,0.5,300,0.05,0.5,1.0,ssh_023,15.0,left,direct_qr,3.71056531454844,5.591581739694257e-16,8.108675335850076e-15,1.3322676295501878e-15,0.9926573756204842,0.028558116930224746,valid,21.423975331109187,valid
exceptional,16,periodic,0.0,0.51,1,0.05,0.5,1.0,ssh_024,0.05,charge_density_wave,eig_qr,0.03342975272975078,6.661338147807964e-16,1.1715778087484611e-15,1.3163081735712012e-14,0.035623517598276824,0.9992972616723276,valid,0.9509923810377318,valid
exceptional,16,periodic,0.0,0.51,1,0.05,0.5,1.0,ssh_024,0.05,charge_density_wave,expm_qr,0.03342975272973762,6.661339383007381e-16,0.0,0.0,0.03562351759827661,0.9992972616723276,valid,0.9509923810377318,valid
exceptional,16,periodic,0.0,0.51,1,0.05,0.5,1.0,ssh_024,0.05,charge_density_wave,half_step_qr,0.03342975272973234,9.992008139393528e-16,7.3438535608730625e-16,5.280498260873401e-15,0.035623517598276616,0.9992972616723276,valid,0.9509923810377318,valid
exceptional,16,periodic,0.0,0.51,1,0.05,0.5,1.0,ssh_024,0.05,charge_density_wave,direct_qr,0.03342975272972136,2.2204518881259173e-16,5.38942946211722e-16,1.6257828416854636e-14,0.0356235175982766,0.9992972616723276,valid,0.9509923810377318,valid
exceptional,16,periodic,0.0,0.51,1,0.05,0.5,1.0,ssh_024,0.05,left,eig_qr,0.03496169181807369,5.558468027477537e-16,1.1940166169066522e-15,4.909961326404755e-14,1.0000000000000002,,unresolved,,valid
exceptional,16,periodic,0.0,0.51,1,0.05,0.5,1.0,ssh_024,0.05,left,expm_qr,0.03496169181802459,6.6656741888364e-16,0.0,0.0,1.0000000000000007,,unresolved,,valid
exceptional,16,periodic,0.0,0.51,1,0.05,0.5,1.0,ssh_024,0.05,left,half_step_qr,0.034961691817932565,6.665673144072611e-16,4.458714076964573e-16,9.202361095361766e-14,1.0000000000000004,,unresolved,,valid
exceptional,16,periodic,0.0,0.51,1,0.05,0.5,1.0,ssh_024,0.05,left,direct_qr,0.034961691818094345,5.554368102776835e-16,4.478312592953376e-16,6.975670041597937e-14,1.0000000000000007,,unresolved,,valid
exceptional,16,periodic,0.0,0.51,100,0.05,0.5,1.0,ssh_025,5.0,charge_density_wave,eig_qr,3.2536276866079383,5.875521752944447e-16,8.394001017909236e-14,2.220446049250313e-14,0.7923674049692124,0.30886518031298166,valid,2.7084390581156996,valid
exceptional,16,periodic,0.0,0.51,100,0.05,0.5,1.0,ssh_025,5.0,charge_density_wave,expm_qr,3.2536276866079605,7.987604059099302e-16,0.0,0.0,0.7923674049691908,0.30886518031298166,valid,2.7084390581156996,valid
exceptional,16,periodic,0.0,0.51,100,0.05,0.5,1.0,ssh_025,5.0,charge_density_wave,half_step_qr,3.2536276866079756,4.2415790430973823e-16,2.4579949358250683e-14,1.509903313490213e-14,0.792367404969203,0.30886518031298166,valid,2.7084390581156996,valid
exceptional,16,periodic,0.0,0.51,100,0.05,0.5,1.0,ssh_025,5.0,charge_density_wave,direct_qr,3.253627686607965,9.541754970528497e-16,1.504865025969728e-14,4.440892098500626e-15,0.7923674049691964,0.30886518031298166,valid,2.7084390581156996,valid
exceptional,16,periodic,0.0,0.51,100,0.05,0.5,1.0,ssh_025,5.0,left,eig_qr,2.2917243219158827,5.786106442537828e-16,5.4617789704874266e-14,7.105427357601002e-15,0.9612452389665254,0.1663088365296531,valid,5.030054538938892,valid
exceptional,16,periodic,0.0,0.51,100,0.05,0.5,1.0,ssh_025,5.0,left,expm_qr,2.29172432191589,5.107845531802748e-16,0.0,0.0,0.9612452389665271,0.1663088365296531,valid,5.030054538938892,valid
exceptional,16,periodic,0.0,0.51,100,0.05,0.5,1.0,ssh_025,5.0,left,half_step_qr,2.29172432191588,5.073456124762289e-16,1.5162588598503228e-14,9.769962616701378e-15,0.9612452389665268,0.1663088365296531,valid,5.030054538938892,valid
exceptional,16,periodic,0.0,0.51,100,0.05,0.5,1.0,ssh_025,5.0,left,direct_qr,2.291724321915892,7.942776789091769e-16,7.230444610834443e-15,2.220446049250313e-15,0.9612452389665272,0.1663088365296531,valid,5.030054538938892,valid
exceptional,16,periodic,0.0,0.51,300,0.05,0.5,1.0,ssh_026,15.0,charge_density_wave,eig_qr,3.998225865326839,4.907071067356918e-16,1.1238523835938001e-13,6.483702463810914e-14,0.7885549815242134,0.408722283684733,valid,1.493093879464659,valid
exceptional,16,periodic,0.0,0.51,300,0.05,0.5,1.0,ssh_026,15.0,charge_density_wave,expm_qr,3.998225865326904,9.621504971721255e-16,0.0,0.0,0.7885549815241852,0.408722283684733,valid,1.493093879464659,valid
exceptional,16,periodic,0.0,0.51,300,0.05,0.5,1.0,ssh_026,15.0,charge_density_wave,half_step_qr,3.9982258653269125,4.397262665449385e-16,2.7205090599130668e-14,8.43769498715119e-15,0.7885549815241948,0.408722283684733,valid,1.493093879464659,valid
exceptional,16,periodic,0.0,0.51,300,0.05,0.5,1.0,ssh_026,15.0,charge_density_wave,direct_qr,3.9982258653269076,9.368561179189436e-16,1.6473355755748128e-14,3.552713678800501e-15,0.7885549815241882,0.408722283684733,valid,1.493093879464659,valid
exceptional,16,periodic,0.0,0.51,300,0.05,0.5,1.0,ssh_026,15.0,left,eig_qr,3.7462007727104205,2.91528197981217e-16,1.418707477741393e-13,1.7763568394002505e-15,0.9885081431378581,0.0323192577225208,valid,18.882263491628684,valid
exceptional,16,periodic,0.0,0.51,300,0.05,0.5,1.0,ssh_026,15.0,left,expm_qr,3.7462007727104187,6.763316945751519e-16,0.0,0.0,0.9885081431378611,0.0323192577225208,valid,18.882263491628684,valid
exceptional,16,periodic,0.0,0.51,300,0.05,0.5,1.0,ssh_026,15.0,left,half_step_qr,3.746200772710403,4.941297067866479e-16,2.1748311584719938e-14,1.554312234475219e-14,0.9885081431378634,0.0323192577225208,valid,18.882263491628684,valid
exceptional,16,periodic,0.0,0.51,300,0.05,0.5,1.0,ssh_026,15.0,left,direct_qr,3.746200772710413,5.744272736251344e-16,1.1668773990469647e-14,5.773159728050814e-15,0.988508143137863,0.0323192577225208,valid,18.882263491628684,valid
exceptional,32,periodic,0.0,0.49,1,0.05,0.5,1.0,ssh_027,0.05,charge_density_wave,eig_qr,0.03348654275085927,4.443959920185337e-16,1.7426095560398593e-15,6.50868248186498e-15,0.03569527225144684,0.9992972382832102,valid,0.9528945065174844,valid
exceptional,32,periodic,0.0,0.49,1,0.05,0.5,1.0,ssh_027,0.05,charge_density_wave,expm_qr,0.03348654275086578,6.661339559473901e-16,0.0,0.0,0.035695272251446426,0.9992972382832102,valid,0.9528945065174844,valid
exceptional,32,periodic,0.0,0.49,1,0.05,0.5,1.0,ssh_027,0.05,charge_density_wave,half_step_qr,0.03348654275084827,4.440895578170033e-16,4.448635363938699e-16,1.7513768213461844e-14,0.0356952722514465,0.9992972382832102,valid,0.9528945065174844,valid
exceptional,32,periodic,0.0,0.49,1,0.05,0.5,1.0,ssh_027,0.05,charge_density_wave,direct_qr,0.03348654275085569,6.661342319528226e-16,6.67749660749965e-16,1.008915173628111e-14,0.03569527225144654,0.9992972382832102,valid,0.9528945065174844,valid
exceptional,32,periodic,0.0,0.49,1,0.05,0.5,1.0,ssh_027,0.05,left,eig_qr,0.034958716392582724,8.88254390349e-16,2.7468290152308293e-15,8.699291287328492e-14,1.000000000000002,,unresolved,,valid
exceptional,32,periodic,0.0,0.49,1,0.05,0.5,1.0,ssh_027,0.05,left,expm_qr,0.03495871639249573,8.882791313903597e-16,0.0,0.0,1.0000000000000013,,unresolved,,valid
exceptional,32,periodic,0.0,0.49,1,0.05,0.5,1.0,ssh_027,0.05,left,half_step_qr,0.034958716392573835,4.579778480330589e-16,4.759740625382596e-16,7.810418978237976e-14,1.0000000000000018,,unresolved,,valid
exceptional,32,periodic,0.0,0.49,1,0.05,0.5,1.0,ssh_027,0.05,left,direct_qr,0.03495871639272376,3.333380003851065e-16,8.940824014130135e-16,2.2802593147019934e-13,1.0000000000000016,,unresolved,,valid
exceptional,32,periodic,0.0,0.49,100,0.05,0.5,1.0,ssh_028,5.0,charge_density_wave,eig_qr,5.755852957738382,1.047251622868518e-15,1.1036016630758982e-13,2.6645352591003757e-14,0.9619579185101926,0.2041269450913104,valid,4.01846302272839,valid
exceptional,32,periodic,0.0,0.49,100,0.05,0.5,1.0,ssh_028,5.0,charge_density_wave,expm_qr,5.755852957738355,8.36288607878783e-16,0.0,0.0,0.9619579185101899,0.2041269450913104,valid,4.01846302272839,valid
exceptional,32,periodic,0.0,0.49,100,0.05,0.5,1.0,ssh_028,5.0,charge_density_wave,half_step_qr,5.755852957738332,9.386306691008955e-16,1.1989349917888118e-14,2.3092638912203256e-14,0.9619579185101904,0.2041269450913104,valid,4.01846302272839,valid
exceptional,32,periodic,0.0,0.49,100,0.05,0.5,1.0,ssh_028,5.0,charge_density_wave,direct_qr,5.755852957738343,8.983957803244486e-16,1.4063262240459908e-14,1.2434497875801753e-14,0.9619579185101889,0.2041269450913104,valid,4.01846302272839,valid
exceptional,32,periodic,0.0,0.49,100,0.05,0.5,1.0,ssh_028,5.0,left,eig_qr,2.3123109915145568,8.347438289920267e-16,1.2056204371251036e-13,3.3306690738754696e-14,0.9994370686520735,0.010125560535035197,valid,81.01048608160714,valid
exceptional,32,periodic,0.0,0.49,100,0.05,0.5,1.0,ssh_028,5.0,left,expm_qr,2.3123109915145235,8.075297660667797e-16,0.0,0.0,0.9994370686520734,0.010125560535035197,valid,81.01048608160714,valid
exceptional,32,periodic,0.0,0.49,100,0.05,0.5,1.0,ssh_028,5.0,left,half_step_qr,2.312310991514623,8.008649437715129e-16,6.552850452475147e-15,9.947598300641403e-14,0.9994370686520735,0.010125560535035197,valid,81.01048608160714,valid
exceptional,32,periodic,0.0,0.49,100,0.05,0.5,1.0,ssh_028,5.0,left,direct_qr,2.312310991514536,8.508297683825138e-16,5.20018131111078e-15,1.2434497875801753e-14,0.9994370686520734,0.010125560535035197,valid,81.01048608160714,valid
exceptional,32,periodic,0.0,0.49,300,0.05,0.5,1.0,ssh_029,15.0,charge_density_wave,eig_qr,4.9499684647204925,9.862829126796437e-16,2.7050796229761374e-13,2.708944180085382e-13,0.8485579006042615,0.33608652244850434,valid,1.8882603858451528,valid
exceptional,32,periodic,0.0,0.49,300,0.05,0.5,1.0,ssh_029,15.0,charge_density_wave,expm_qr,4.949968464720222,1.173454331268834e-15,0.0,0.0,0.848557900604179,0.33608652244850434,valid,1.8882603858451528,valid
exceptional,32,periodic,0.0,0.49,300,0.05,0.5,1.0,ssh_029,15.0,charge_density_wave,half_step_qr,4.949968464720235,1.0337324591251782e-15,2.0853163613664966e-14,1.3322676295501878e-14,0.8485579006041798,0.33608652244850434,valid,1.8882603858451528,valid
exceptional,32,periodic,0.0,0.49,300,0.05,0.5,1.0,ssh_029,15.0,charge_density_wave,direct_qr,4.949968464720188,9.51902497361755e-16,2.433861838646402e-14,3.375077994860476e-14,0.8485579006041725,0.33608652244850434,valid,1.8882603858451528,valid
exceptional,32,periodic,0.0,0.49,300,0.05,0.5,1.0,ssh_029,15.0,left,eig_qr,3.7527512533647585,6.4860244410401995e-16,2.365449900615654e-13,1.865174681370263e-14,0.9993312840860472,0.015835894149177326,valid,40.074710059168765,valid
exceptional,32,periodic,0.0,0.49,300,0.05,0.5,1.0,ssh_029,15.0,left,expm_qr,3.75275125336474,8.572885174069934e-16,0.0,0.0,0.999331284086047,0.015835894149177326,valid,40.074710059168765,valid
exceptional,32,periodic,0.0,0.49,300,0.05,0.5,1.0,ssh_029,15.0,left,half_step_qr,3.7527512533647434,6.477767839700525e-16,1.950419461629126e-14,3.552713678800501e-15,0.9993312840860485,0.015835894149177326,valid,40.074710059168765,valid
exceptional,32,periodic,0.0,0.49,300,0.05,0.5,1.0,ssh_029,15.0,left,direct_qr,3.752751253364742,9.452314133755718e-16,2.2498888781075224e-14,2.220446049250313e-15,0.9993312840860482,0.015835894149177326,valid,40.074710059168765,valid
exceptional,32,periodic,0.0,0.5,1,0.05,0.5,1.0,ssh_030,0.05,charge_density_wave,eig_qr,0.03345813319824768,4.440930214171713e-16,9.436322598224508e-09,4.848204893104224e-10,0.03565938051199573,0.9992972498609881,valid,0.9519429688106668,valid
exceptional,32,periodic,0.0,0.5,1,0.05,0.5,1.0,ssh_030,0.05,charge_density_wave,expm_qr,0.03345813368306817,7.771561172376095e-16,0.0,0.0,0.03565937988771744,0.9992972498609881,valid,0.9519429688106668,valid
exceptional,32,periodic,0.0,0.5,1,0.05,0.5,1.0,ssh_030,0.05,charge_density_wave,half_step_qr,0.033458133683056016,6.661343441706356e-16,1.3344818392793708e-15,1.2156942119645464e-14,0.035659379887717634,0.9992972498609881,valid,0.9519429688106668,valid
exceptional,32,periodic,0.0,0.5,1,0.05,0.5,1.0,ssh_030,0.05,charge_density_wave,direct_qr,0.03345813368307116,8.881787728177902e-16,8.89877743079067e-16,2.9906632725840154e-15,0.03565937988771759,0.9992972498609881,valid,0.9519429688106668,valid
exceptional,32,periodic,0.0,0.5,1,0.05,0.5,1.0,ssh_030,0.05,left,eig_qr,0.034960188833051666,4.458251146920208e-16,6.805370969144733e-09,3.804045828337266e-10,1.0000000000000013,,unresolved,,valid
exceptional,32,periodic,0.0,0.5,1,0.05,0.5,1.0,ssh_030,0.05,left,expm_qr,0.03496018921345625,7.773188960346277e-16,0.0,0.0,1.0000000000000016,,unresolved,,valid
exceptional,32,periodic,0.0,0.5,1,0.05,0.5,1.0,ssh_030,0.05,left,half_step_qr,0.03496018921366322,6.661609446773484e-16,1.3342556218094329e-15,2.069733273657448e-13,1.0000000000000018,,unresolved,,valid
exceptional,32,periodic,0.0,0.5,1,0.05,0.5,1.0,ssh_030,0.05,left,direct_qr,0.03496018921351751,5.562479002505381e-16,1.0017263363684071e-15,6.126349427759692e-14,1.0000000000000018,,unresolved,,valid
exceptional,32,periodic,0.0,0.5,100,0.05,0.5,1.0,ssh_031,5.0,charge_density_wave,eig_qr,5.7930850374208,1.0106906532383962e-15,4.2189070603872073e-07,2.1951148454490976e-08,0.9557019769248631,0.21563906849107337,valid,3.8395291515290113,valid
exceptional,32,periodic,0.0,0.5,100,0.05,0.5,1.0,ssh_031,5.0,charge_density_wave,expm_qr,5.793085059371949,5.327070391617944e-16,0.0,0.0,0.9557019640334325,0.21563906849107337,valid,3.8395291515290113,valid
exceptional,32,periodic,0.0,0.5,100,0.05,0.5,1.0,ssh_031,5.0,charge_density_wave,half_step_qr,5.793085059371925,1.099918690926869e-15,4.0699617218294466e-14,2.398081733190338e-14,0.9557019640334348,0.21563906849107337,valid,3.8395291515290113,valid
exceptional,32,periodic,0.0,0.5,100,0.05,0.5,1.0,ssh_031,5.0,charge_density_wave,direct_qr,5.793085059371952,7.246763501985109e-16,7.430951576858259e-15,3.552713678800501e-15,0.9557019640334332,0.21563906849107337,valid,3.8395291515290113,valid
exceptional,32,periodic,0.0,0.5,100,0.05,0.5,1.0,ssh_031,5.0,left,eig_qr,2.3152316377745765,1.4973568195934127e-15,4.78465081810535e-07,5.6032912532089085e-08,0.9994171853923333,0.009072141205800584,valid,91.2631837289589,valid
exceptional,32,periodic,0.0,0.5,100,0.05,0.5,1.0,ssh_031,5.0,left,expm_qr,2.315231581741664,7.183534359494628e-16,0.0,0.0,0.999417184925382,0.009072141205800584,valid,91.2631837289589,valid
exceptional,32,periodic,0.0,0.5,100,0.05,0.5,1.0,ssh_031,5.0,left,half_step_qr,2.315231581741677,9.922824776233092e-16,9.354917766519685e-15,1.2878587085651816e-14,0.9994171849253821,0.009072141205800584,valid,91.2631837289589,valid
exceptional,32,periodic,0.0,0.5,100,0.05,0.5,1.0,ssh_031,5.0,left,direct_qr,2.3152315817416804,1.1770626623314784e-15,4.084705131752016e-15,1.6431300764452317e-14,0.9994171849253809,0.009072141205800584,valid,91.2631837289589,valid
exceptional,32,periodic,0.0,0.5,300,0.05,0.5,1.0,ssh_032,15.0,charge_density_wave,eig_qr,4.758211606297302,8.981200208509988e-16,7.81476007994891e-07,3.142024835867119e-07,0.8199415029231192,0.3725194514130304,valid,1.6424065650673947,valid
exceptional,32,periodic,0.0,0.5,300,0.05,0.5,1.0,ssh_032,15.0,charge_density_wave,expm_qr,4.758211920499786,8.201804814566417e-16,0.0,0.0,0.8199415743377325,0.3725194514130304,valid,1.6424065650673947,valid
exceptional,32,periodic,0.0,0.5,300,0.05,0.5,1.0,ssh_032,15.0,charge_density_wave,half_step_qr,4.758211920499848,1.006754199723204e-15,5.0960249748450594e-14,6.217248937900877e-14,0.8199415743377448,0.3725194514130304,valid,1.6424065650673947,valid
exceptional,32,periodic,0.0,0.5,300,0.05,0.5,1.0,ssh_032,15.0,charge_density_wave,direct_qr,4.7582119204997735,1.0304583693496353e-15,1.3006450415094312e-14,1.2434497875801753e-14,0.8199415743377307,0.3725194514130304,valid,1.6424065650673947,valid
exceptional,32,periodic,0.0,0.5,300,0.05,0.5,1.0,ssh_032,15.0,left,eig_qr,3.726905685318943,1.1500338702322631e-15,9.945311285220133e-07,1.6065310948221168e-07,0.9991568188646892,0.01636504575070474,valid,37.386292830236535,valid
exceptional,32,periodic,0.0,0.5,300,0.05,0.5,1.0,ssh_032,15.0,left,expm_qr,3.7269058459720523,6.125289950108035e-16,0.0,0.0,0.9991568197665177,0.01636504575070474,valid,37.386292830236535,valid
exceptional,32,periodic,0.0,0.5,300,0.05,0.5,1.0,ssh_032,15.0,left,half_step_qr,3.7269058459720594,8.074454500670924e-16,3.710509498201064e-14,7.105427357601002e-15,0.9991568197665184,0.01636504575070474,valid,37.386292830236535,valid
exceptional,32,periodic,0.0,0.5,300,0.05,0.5,1.0,ssh_032,15.0,left,direct_qr,3.726905845972066,7.667804682578679e-16,1.6159904095690916e-14,1.3766765505351941e-14,0.9991568197665192,0.01636504575070474,valid,37.386292830236535,valid
exceptional,32,periodic,0.0,0.51,1,0.05,0.5,1.0,ssh_033,0.05,charge_density_wave,eig_qr,0.03342975272976252,4.440909948647521e-16,2.8924314383560704e-15,3.8344327712991344e-14,0.0356235175982761,0.9992972616723277,valid,0.9509923810377318,valid
exceptional,32,periodic,0.0,0.51,1,0.05,0.5,1.0,ssh_033,0.05,charge_density_wave,expm_qr,0.03342975272972418,6.661339277128277e-16,0.0,0.0,0.03562351759827598,0.9992972616723277,valid,0.9509923810377318,valid
exceptional,32,periodic,0.0,0.51,1,0.05,0.5,1.0,ssh_033,0.05,charge_density_wave,half_step_qr,0.03342975272974572,9.992009341797781e-16,7.335261944147298e-16,2.1545265571631944e-14,0.035623517598275964,0.9992972616723277,valid,0.9509923810377318,valid
exceptional,32,periodic,0.0,0.51,1,0.05,0.5,1.0,ssh_033,0.05,charge_density_wave,direct_qr,0.03342975272972688,6.661338677146537e-16,7.411365356021767e-16,2.706168622523819e-15,0.03562351759827598,0.9992972616723277,valid,0.9509923810377318,valid
exceptional,32,periodic,0.0,0.51,1,0.05,0.5,1.0,ssh_033,0.05,left,eig_qr,0.034961691818133446,5.557773568377142e-16,1.9864061430101648e-15,2.1371793224034263e-15,1.0000000000000018,,unresolved,,valid
exceptional,32,periodic,0.0,0.51,1,0.05,0.5,1.0,ssh_033,0.05,left,expm_qr,0.03496169181813131,6.665674188836399e-16,0.0,0.0,1.0000000000000013,,unresolved,,valid
exceptional,32,periodic,0.0,0.51,1,0.05,0.5,1.0,ssh_033,0.05,left,half_step_qr,0.03496169181807074,6.6656731440726115e-16,4.458714076964578e-16,6.05696048872062e-14,1.0000000000000022,,unresolved,,valid
exceptional,32,periodic,0.0,0.51,1,0.05,0.5,1.0,ssh_033,0.05,left,direct_qr,0.03496169181815424,6.664234000163897e-16,8.916989047215197e-16,2.293304435241339e-14,1.0000000000000016,,unresolved,,valid
exceptional,32,periodic,0.0,0.51,100,0.05,0.5,1.0,ssh_034,5.0,charge_density_wave,eig_qr,5.805371662136469,7.744887461810841e-16,1.1990688026913576e-13,1.2434497875801753e-14,0.9485370661776512,0.22742106652942434,valid,3.6783862234829194,valid
exceptional,32,periodic,0.0,0.51,100,0.05,0.5,1.0,ssh_034,5.0,charge_density_wave,expm_qr,5.805371662136457,6.912486633309916e-16,0.0,0.0,0.9485370661776371,0.22742106652942434,valid,3.6783862234829194,valid
exceptional,32,periodic,0.0,0.51,100,0.05,0.5,1.0,ssh_034,5.0,charge_density_wave,half_step_qr,5.80537166213646,9.733102654727846e-16,3.0526869348199315e-14,3.552713678800501e-15,0.9485370661776388,0.22742106652942434,valid,3.6783862234829194,valid
exceptional,32,periodic,0.0,0.51,100,0.05,0.5,1.0,ssh_034,5.0,charge_density_wave,direct_qr,5.805371662136485,5.694905942086913e-16,1.5542121004623276e-14,2.842170943040401e-14,0.9485370661776376,0.22742106652942434,valid,3.6783862234829194,valid
exceptional,32,periodic,0.0,0.51,100,0.05,0.5,1.0,ssh_034,5.0,left,eig_qr,2.324597255232428,9.322182568546436e-16,1.368500970058583e-13,3.9968028886505635e-14,0.9993957925126475,0.008094392774600582,valid,103.34839701337647,valid
exceptional,32,periodic,0.0,0.51,100,0.05,0.5,1.0,ssh_034,5.0,left,expm_qr,2.324597255232468,8.179576785498593e-16,0.0,0.0,0.9993957925126479,0.008094392774600582,valid,103.34839701337647,valid
exceptional,32,periodic,0.0,0.51,100,0.05,0.5,1.0,ssh_034,5.0,left,half_step_qr,2.3245972552324177,9.870032450151103e-16,8.020369822155543e-15,5.0182080713057076e-14,0.9993957925126485,0.008094392774600582,valid,103.34839701337647,valid
exceptional,32,periodic,0.0,0.51,100,0.05,0.5,1.0,ssh_034,5.0,left,direct_qr,2.324597255232465,9.695285557372632e-16,4.634536803783126e-15,2.6645352591003757e-15,0.9993957925126483,0.008094392774600582,valid,103.34839701337647,valid
exceptional,32,periodic,0.0,0.51,300,0.05,0.5,1.0,ssh_035,15.0,charge_density_wave,eig_qr,4.586295857926618,1.5608609796683423e-15,2.565033328986339e-13,1.936228954946273e-13,0.7885549815242751,0.4087222836847334,valid,1.4930938794646602,valid
exceptional,32,periodic,0.0,0.51,300,0.05,0.5,1.0,ssh_035,15.0,charge_density_wave,expm_qr,4.586295857926425,1.1614631976001251e-15,0.0,0.0,0.7885549815241835,0.4087222836847334,valid,1.4930938794646602,valid
exceptional,32,periodic,0.0,0.51,300,0.05,0.5,1.0,ssh_035,15.0,charge_density_wave,half_step_qr,4.586295857926479,1.2969148609443767e-15,3.548274134041878e-14,5.417888360170764e-14,0.7885549815241937,0.4087222836847334,valid,1.4930938794646602,valid
exceptional,32,periodic,0.0,0.51,300,0.05,0.5,1.0,ssh_035,15.0,charge_density_wave,direct_qr,4.586295857926458,1.1568203198368895e-15,1.8792533790367673e-14,3.2862601528904634e-14,0.7885549815241879,0.4087222836847334,valid,1.4930938794646602,valid
exceptional,32,periodic,0.0,0.51,300,0.05,0.5,1.0,ssh_035,15.0,left,eig_qr,3.688896069931803,6.460024969740206e-16,2.101953082390429e-13,4.884981308350689e-14,0.9987721104832006,0.01748786456837067,valid,34.89624120684459,valid
exceptional,32,periodic,0.0,0.51,300,0.05,0.5,1.0,ssh_035,15.0,left,expm_qr,3.6888960699317543,9.494730198613134e-16,0.0,0.0,0.9987721104831988,0.01748786456837067,valid,34.89624120684459,valid
exceptional,32,periodic,0.0,0.51,300,0.05,0.5,1.0,ssh_035,15.0,left,half_step_qr,3.688896069931773,5.741512213784651e-16,3.025386931792391e-14,1.865174681370263e-14,0.9987721104831981,0.01748786456837067,valid,34.89624120684459,valid
exceptional,32,periodic,0.0,0.51,300,0.05,0.5,1.0,ssh_035,15.0,left,direct_qr,3.688896069931781,9.901249177963886e-16,1.6361123430010546e-14,2.6645352591003757e-14,0.9987721104831986,0.01748786456837067,valid,34.89624120684459,valid
small_skin,16,open,0.25,0.5,100,0.05,0.5,1.0,ssh_036,5.0,charge_density_wave,eig_qr,1.9894499487722015,5.674431334259732e-16,4.416509033642286e-14,9.992007221626409e-15,0.9836475563784836,0.06133055598452,valid,12.608557641520564,valid
small_skin,16,open,0.25,0.5,100,0.05,0.5,1.0,ssh_036,5.0,charge_density_wave,expm_qr,1.9894499487722115,7.203902069315021e-16,0.0,0.0,0.9836475563784836,0.06133055598452,valid,12.608557641520564,valid
small_skin,16,open,0.25,0.5,100,0.05,0.5,1.0,ssh_036,5.0,charge_density_wave,half_step_qr,1.9894499487722266,5.479166925178435e-16,1.8067378941014567e-14,1.509903313490213e-14,0.9836475563784837,0.06133055598452,valid,12.608557641520564,valid
small_skin,16,open,0.25,0.5,100,0.05,0.5,1.0,ssh_036,5.0,charge_density_wave,direct_qr,1.9894499487722117,5.652602069335563e-16,6.39751236252951e-15,2.220446049250313e-16,0.9836475563784839,0.06133055598452,valid,12.608557641520564,valid
small_skin,16,open,0.25,0.5,100,0.05,0.5,1.0,ssh_036,5.0,left,eig_qr,1.2343626798976794,5.913747816264162e-16,3.967663417521491e-14,4.1522341120980855e-14,0.999286400081813,0.015034385156393427,valid,51.434750558354565,valid
small_skin,16,open,0.25,0.5,100,0.05,0.5,1.0,ssh_036,5.0,left,expm_qr,1.234362679897721,5.086346517756299e-16,0.0,0.0,0.9992864000818132,0.015034385156393427,valid,51.434750558354565,valid
small_skin,16,open,0.25,0.5,100,0.05,0.5,1.0,ssh_036,5.0,left,half_step_qr,1.2343626798977059,5.888354072445064e-16,4.812440579160864e-15,1.509903313490213e-14,0.9992864000818131,0.015034385156393427,valid,51.434750558354565,valid
small_skin,16,open,0.25,0.5,100,0.05,0.5,1.0,ssh_036,5.0,left,direct_qr,1.2343626798977054,1.0027892802342313e-15,3.4300172735303562e-15,1.554312234475219e-14,0.9992864000818135,0.015034385156393427,valid,51.434750558354565,valid
small_skin,16,open,0.25,0.5,300,0.05,0.5,1.0,ssh_037,15.0,charge_density_wave,eig_qr,2.7480085182267153,1.01380027356083e-15,1.5501447961602385e-13,6.705747068735946e-14,0.8756110232174958,0.06153170377228168,valid,10.894013106535265,valid
small_skin,16,open,0.25,0.5,300,0.05,0.5,1.0,ssh_037,15.0,charge_density_wave,expm_qr,2.7480085182266483,7.217342677300756e-16,0.0,0.0,0.8756110232175507,0.06153170377228168,valid,10.894013106535265,valid
small_skin,16,open,0.25,0.5,300,0.05,0.5,1.0,ssh_037,15.0,charge_density_wave,half_step_qr,2.748008518226663,8.519004690469333e-16,5.494773152992497e-14,1.4654943925052066e-14,0.8756110232175562,0.06153170377228168,valid,10.894013106535265,valid
small_skin,16,open,0.25,0.5,300,0.05,0.5,1.0,ssh_037,15.0,charge_density_wave,direct_qr,2.7480085182266465,7.354957064816066e-16,3.117858918249148e-14,1.7763568394002505e-15,0.8756110232175542,0.06153170377228168,valid,10.894013106535265,valid
small_skin,16,open,0.25,0.5,300,0.05,0.5,1.0,ssh_037,15.0,left,eig_qr,1.7784959570916883,1.0129665276361085e-15,4.1840402713497304e-14,3.9968028886505635e-15,0.7863523385399145,0.37342924590092214,valid,1.7950580858911425,valid
small_skin,16,open,0.25,0.5,300,0.05,0.5,1.0,ssh_037,15.0,left,expm_qr,1.7784959570916843,6.40147614836149e-16,0.0,0.0,0.7863523385399149,0.37342924590092214,valid,1.7950580858911425,valid
small_skin,16,open,0.25,0.5,300,0.05,0.5,1.0,ssh_037,15.0,left,half_step_qr,1.7784959570916845,7.487167965177409e-16,1.5542005901310816e-14,2.220446049250313e-16,0.7863523385399152,0.37342924590092214,valid,1.7950580858911425,valid
small_skin,16,open,0.25,0.5,300,0.05,0.5,1.0,ssh_037,15.0,left,direct_qr,1.7784959570916965,5.539492602938779e-16,3.063421937043985e-14,1.2212453270876722e-14,0.7863523385399158,0.37342924590092214,valid,1.7950580858911425,valid
small_skin,16,open,0.25,0.5,600,0.05,0.5,1.0,ssh_038,30.0,charge_density_wave,eig_qr,2.620846623674468,5.273729648465574e-16,2.4101254975667254e-13,1.305622276959184e-13,0.9270163315199337,0.10315561679121657,valid,7.511494057434989,valid
small_skin,16,open,0.25,0.5,600,0.05,0.5,1.0,ssh_038,30.0,charge_density_wave,expm_qr,2.6208466236745984,5.621994751236e-16,0.0,0.0,0.9270163315199601,0.10315561679121657,valid,7.511494057434989,valid
small_skin,16,open,0.25,0.5,600,0.05,0.5,1.0,ssh_038,30.0,charge_density_wave,half_step_qr,2.6208466236745136,7.594646081456192e-16,2.704200511437201e-13,8.482103908136196e-14,0.9270163315198856,0.10315561679121657,valid,7.511494057434989,valid
small_skin,16,open,0.25,0.5,600,0.05,0.5,1.0,ssh_038,30.0,charge_density_wave,direct_qr,2.620846623713728,8.472184977171341e-16,1.6601160958081668e-10,3.912958845830872e-11,0.9270163315276092,0.10315561679121657,valid,7.511494057434989,valid
small_skin,16,open,0.25,0.5,600,0.05,0.5,1.0,ssh_038,30.0,left,eig_qr,2.367677269913316,6.850941437223879e-16,2.1543813624510271e-13,9.947598300641403e-14,0.5534421885438093,0.6329092938840787,valid,1.2242714872507203,valid
small_skin,16,open,0.25,0.5,600,0.05,0.5,1.0,ssh_038,30.0,left,expm_qr,2.3676772699134156,3.76365783368656e-16,0.0,0.0,0.5534421885438066,0.6329092938840787,valid,1.2242714872507203,valid
small_skin,16,open,0.25,0.5,600,0.05,0.5,1.0,ssh_038,30.0,left,half_step_qr,2.3676772699133837,8.928960979796727e-16,7.061480370434562e-14,3.197442310920451e-14,0.5534421885438161,0.6329092938840787,valid,1.2242714872507203,valid
small_skin,16,open,0.25,0.5,600,0.05,0.5,1.0,ssh_038,30.0,left,direct_qr,2.367677269893294,7.785988475081226e-16,1.8185118364443322e-10,2.0121682098306337e-11,0.5534421885547121,0.6329092938840787,valid,1.2242714872507203,valid
small_skin,16,open,0.25,0.7,100,0.05,0.5,1.0,ssh_039,5.0,charge_density_wave,eig_qr,1.7674691675839909,4.544078701504175e-16,4.4272147908327366e-14,4.218847493575595e-15,0.9378965989204517,0.14551795194970904,valid,5.935906154082039,valid
small_skin,16,open,0.25,0.7,100,0.05,0.5,1.0,ssh_039,5.0,charge_density_wave,expm_qr,1.7674691675839866,4.904535363896255e-16,0.0,0.0,0.9378965989204517,0.14551795194970904,valid,5.935906154082039,valid
small_skin,16,open,0.25,0.7,100,0.05,0.5,1.0,ssh_039,5.0,charge_density_wave,half_step_qr,1.7674691675839926,4.792660814934702e-16,1.1099721449855751e-14,5.995204332975845e-15,0.9378965989204509,0.14551795194970904,valid,5.935906154082039,valid
small_skin,16,open,0.25,0.7,100,0.05,0.5,1.0,ssh_039,5.0,charge_density_wave,direct_qr,1.767469167583993,5.684095246792707e-16,5.809172210882133e-15,6.439293542825908e-15,0.937896598920452,0.14551795194970904,valid,5.935906154082039,valid
small_skin,16,open,0.25,0.7,100,0.05,0.5,1.0,ssh_039,5.0,left,eig_qr,1.1509668436530744,5.859349008341994e-16,6.495774638703964e-14,3.26405569239796e-14,0.9938306508368776,0.011069301175675398,valid,78.03391495082239,valid
small_skin,16,open,0.25,0.7,100,0.05,0.5,1.0,ssh_039,5.0,left,expm_qr,1.1509668436530418,7.921227815366199e-16,0.0,0.0,0.9938306508368775,0.011069301175675398,valid,78.03391495082239,valid
small_skin,16,open,0.25,0.7,100,0.05,0.5,1.0,ssh_039,5.0,left,half_step_qr,1.1509668436530844,8.153973377716289e-16,3.765708958172161e-15,4.263256414560601e-14,0.9938306508368773,0.011069301175675398,valid,78.03391495082239,valid
small_skin,16,open,0.25,0.7,100,0.05,0.5,1.0,ssh_039,5.0,left,direct_qr,1.1509668436531277,8.405704059745091e-16,4.372956162434077e-15,8.593126210598712e-14,0.9938306508368767,0.011069301175675398,valid,78.03391495082239,valid
small_skin,16,open,0.25,0.7,300,0.05,0.5,1.0,ssh_040,15.0,charge_density_wave,eig_qr,1.9218573900640357,5.881852338160192e-16,1.176182693500466e-13,3.574918139293004e-14,0.9863016386288732,0.027618358581880588,valid,35.389792865404466,valid
small_skin,16,open,0.25,0.7,300,0.05,0.5,1.0,ssh_040,15.0,charge_density_wave,expm_qr,1.921857390064,5.443694471117222e-16,0.0,0.0,0.9863016386288614,0.027618358581880588,valid,35.389792865404466,valid
small_skin,16,open,0.25,0.7,300,0.05,0.5,1.0,ssh_040,15.0,charge_density_wave,half_step_qr,1.9218573900639822,9.973327269225442e-16,1.8114973129520143e-14,1.7763568394002505e-14,0.986301638628863,0.027618358581880588,valid,35.389792865404466,valid
small_skin,16,open,0.25,0.7,300,0.05,0.5,1.0,ssh_040,15.0,charge_density_wave,direct_qr,1.9218573900643285,7.686747921929494e-16,3.366289067465235e-13,3.2862601528904634e-13,0.986301638628865,0.027618358581880588,valid,35.389792865404466,valid
small_skin,16,open,0.25,0.7,300,0.05,0.5,1.0,ssh_040,15.0,left,eig_qr,1.9879116432597768,5.077434546537581e-16,6.255965041189554e-14,6.661338147750939e-15,0.628237088543555,0.44137055048467266,valid,2.214483926084149,valid
small_skin,16,open,0.25,0.7,300,0.05,0.5,1.0,ssh_040,15.0,left,expm_qr,1.98791164325977,8.998424232123075e-16,0.0,0.0,0.6282370885435747,0.44137055048467266,valid,2.214483926084149,valid
small_skin,16,open,0.25,0.7,300,0.05,0.5,1.0,ssh_040,15.0,left,half_step_qr,1.9879116432597765,5.5409850190207375e-16,1.92232432655923e-14,6.439293542825908e-15,0.6282370885435739,0.44137055048467266,valid,2.214483926084149,valid
small_skin,16,open,0.25,0.7,300,0.05,0.5,1.0,ssh_040,15.0,left,direct_qr,1.9879116432595918,7.470880194632035e-16,5.620659867863874e-13,1.7830181775480014e-13,0.6282370885436241,0.44137055048467266,valid,2.214483926084149,valid
small_skin,16,open,0.25,0.7,600,0.05,0.5,1.0,ssh_041,30.0,charge_density_wave,eig_qr,2.5258040332964953,8.261579682674064e-16,3.7565381957474153e-13,2.69562150378988e-13,0.9802294709993167,0.07400607536238377,valid,6.499958563648501,valid
small_skin,16,open,0.25,0.7,600,0.05,0.5,1.0,ssh_041,30.0,charge_density_wave,expm_qr,2.5258040332962257,5.804734332042129e-16,0.0,0.0,0.9802294709993706,0.07400607536238377,valid,6.499958563648501,valid
small_skin,16,open,0.25,0.7,600,0.05,0.5,1.0,ssh_041,30.0,charge_density_wave,half_step_qr,2.5258040332963394,5.606527308476203e-16,2.1863225698068057e-13,1.1368683772161603e-13,0.9802294709993439,0.07400607536238377,valid,6.499958563648501,valid
small_skin,16,open,0.25,0.7,600,0.05,0.5,1.0,ssh_041,30.0,charge_density_wave,direct_qr,2.525804034698541,5.81945330015991e-16,3.018251544433963e-08,1.4023151528874678e-09,0.9802294706913643,0.07400607536238377,valid,6.499958563648501,valid
small_skin,16,open,0.25,0.7,600,0.05,0.5,1.0,ssh_041,30.0,left,eig_qr,2.0439568245391873,1.0151805738167027e-15,1.9869322306177343e-13,9.992007221626409e-14,0.5360084947923602,0.3816660645507826,valid,1.2603594293349556,valid
small_skin,16,open,0.25,0.7,600,0.05,0.5,1.0,ssh_041,30.0,left,expm_qr,2.0439568245390873,5.08744921476725e-16,0.0,0.0,0.5360084947923702,0.3816660645507826,valid,1.2603594293349556,valid
small_skin,16,open,0.25,0.7,600,0.05,0.5,1.0,ssh_041,30.0,left,half_step_qr,2.04395682453909,5.38986110097157e-16,3.69240912491023e-14,2.6645352591003757e-15,0.5360084947923751,0.3816660645507826,valid,1.2603594293349556,valid
small_skin,16,open,0.25,0.7,600,0.05,0.5,1.0,ssh_041,30.0,left,direct_qr,2.0439568042096217,5.521966882053037e-16,4.5239327671897815e-08,2.0329465666435453e-08,0.5360084993942136,0.3816660645507826,valid,1.2603594293349556,valid
small_skin,32,open,0.25,0.5,100,0.05,0.5,1.0,ssh_042,5.0,charge_density_wave,eig_qr,1.3861268640289937,8.97803236044775e-16,1.6400167946638842e-13,1.5765166949677223e-14,0.9996628265329973,0.007923348109095585,valid,96.41910686933686,valid
small_skin,32,open,0.25,0.5,100,0.05,0.5,1.0,ssh_042,5.0,charge_density_wave,expm_qr,1.3861268640290094,6.859365991650207e-16,0.0,0.0,0.9996628265329977,0.007923348109095585,valid,96.41910686933686,valid
small_skin,32,open,0.25,0.5,100,0.05,0.5,1.0,ssh_042,5.0,charge_density_wave,half_step_qr,1.3861268640290163,9.364509814725113e-16,1.9380968788559034e-14,6.8833827526759706e-15,0.9996628265329989,0.007923348109095585,valid,96.41910686933686,valid
small_skin,32,open,0.25,0.5,100,0.05,0.5,1.0,ssh_042,5.0,charge_density_wave,direct_qr,1.386126864028971,1.0603082410870584e-15,6.4942743922410715e-15,3.8413716652030416e-14,0.9996628265329968,0.007923348109095585,valid,96.41910686933686,valid
small_skin,32,open,0.25,0.5,100,0.05,0.5,1.0,ssh_042,5.0,left,eig_qr,1.2348220910325107,1.37937321845516e-15,8.949818443669869e-13,1.021405182655144e-13,0.9999999393405746,0.00013655456984900261,valid,5594.555707206347,valid
small_skin,32,open,0.25,0.5,100,0.05,0.5,1.0,ssh_042,5.0,left,expm_qr,1.2348220910324086,1.2061456326893602e-15,0.0,0.0,0.9999999393405745,0.00013655456984900261,valid,5594.555707206347,valid
small_skin,32,open,0.25,0.5,100,0.05,0.5,1.0,ssh_042,5.0,left,half_step_qr,1.2348220910324992,1.2903629042597935e-15,4.814016572770914e-15,9.059419880941277e-14,0.9999999393405744,0.00013655456984900261,valid,5594.555707206347,valid
small_skin,32,open,0.25,0.5,100,0.05,0.5,1.0,ssh_042,5.0,left,direct_qr,1.234822091032439,1.194614187261648e-15,2.9997003503708823e-15,3.042011087472929e-14,0.9999999393405746,0.00013655456984900261,valid,5594.555707206347,valid
small_skin,32,open,0.25,0.5,300,0.05,0.5,1.0,ssh_043,15.0,charge_density_wave,eig_qr,2.3008413300271346,9.75172358144755e-16,4.182996720837626e-13,4.75175454539567e-14,0.993239526736673,0.006067979922229271,valid,125.60258910653401,valid
small_skin,32,open,0.25,0.5,300,0.05,0.5,1.0,ssh_043,15.0,charge_density_wave,expm_qr,2.300841330027087,7.630710683161427e-16,0.0,0.0,0.9932395267366932,0.006067979922229271,valid,125.60258910653401,valid
small_skin,32,open,0.25,0.5,300,0.05,0.5,1.0,ssh_043,15.0,charge_density_wave,half_step_qr,2.3008413300270973,6.54607649561169e-16,9.631677671679709e-14,1.021405182655144e-14,0.9932395267366928,0.006067979922229271,valid,125.60258910653401,valid
small_skin,32,open,0.25,0.5,300,0.05,0.5,1.0,ssh_043,15.0,charge_density_wave,direct_qr,2.3008413300270787,8.431532456596856e-16,5.13791082904274e-14,8.43769498715119e-15,0.993239526736692,0.006067979922229271,valid,125.60258910653401,valid
small_skin,32,open,0.25,0.5,300,0.05,0.5,1.0,ssh_043,15.0,left,eig_qr,1.4330671951864145,8.045360091012299e-16,7.605730020939579e-13,1.7763568394002505e-15,0.9999859145817253,0.0011515928383532454,valid,661.825919279184,valid
small_skin,32,open,0.25,0.5,300,0.05,0.5,1.0,ssh_043,15.0,left,expm_qr,1.4330671951864127,5.956041650145823e-16,0.0,0.0,0.9999859145817263,0.0011515928383532454,valid,661.825919279184,valid
small_skin,32,open,0.25,0.5,300,0.05,0.5,1.0,ssh_043,15.0,left,half_step_qr,1.433067195186411,8.856030638999163e-16,2.2499894245151418e-14,1.7763568394002505e-15,0.9999859145817256,0.0011515928383532454,valid,661.825919279184,valid
small_skin,32,open,0.25,0.5,300,0.05,0.5,1.0,ssh_043,15.0,left,direct_qr,1.4330671951863214,1.0905478894917576e-15,5.730583991786287e-14,9.126033262418787e-14,0.9999859145817257,0.0011515928383532454,valid,661.825919279184,valid
small_skin,32,open,0.25,0.5,600,0.05,0.5,1.0,ssh_044,30.0,charge_density_wave,eig_qr,3.0532167480231536,1.077825861634755e-15,4.1766006994528275e-12,4.1744385725905886e-13,0.9857930375700911,0.0005587115670872472,valid,1394.9508963141182,valid
small_skin,32,open,0.25,0.5,600,0.05,0.5,1.0,ssh_044,30.0,charge_density_wave,expm_qr,3.053216748023571,7.724314055517766e-16,0.0,0.0,0.9857930375703727,0.0005587115670872472,valid,1394.9508963141182,valid
small_skin,32,open,0.25,0.5,600,0.05,0.5,1.0,ssh_044,30.0,charge_density_wave,half_step_qr,3.0532167480236048,7.266682951135564e-16,4.928927620982147e-13,3.375077994860476e-14,0.9857930375704096,0.0005587115670872472,valid,1394.9508963141182,valid
small_skin,32,open,0.25,0.5,600,0.05,0.5,1.0,ssh_044,30.0,charge_density_wave,direct_qr,3.0532167480235506,7.875087942200119e-16,2.484751585364877e-11,2.042810365310288e-14,0.9857930375703732,0.0005587115670872472,valid,1394.9508963141182,valid
small_skin,32,open,0.25,0.5,600,0.05,0.5,1.0,ssh_044,30.0,left,eig_qr,2.0020457098923115,6.491153819223759e-16,6.658089807403958e-13,1.2212453270876722e-13,0.9630192331011412,0.10171664848947917,valid,7.66221865214163,valid
small_skin,32,open,0.25,0.5,600,0.05,0.5,1.0,ssh_044,30.0,left,expm_qr,2.0020457098921893,1.0777838951859616e-15,0.0,0.0,0.963019233101077,0.10171664848947917,valid,7.66221865214163,valid
small_skin,32,open,0.25,0.5,600,0.05,0.5,1.0,ssh_044,30.0,left,half_step_qr,2.0020457098922226,8.245785220833775e-16,7.598640516657494e-14,3.3306690738754696e-14,0.9630192331010785,0.10171664848947917,valid,7.66221865214163,valid
small_skin,32,open,0.25,0.5,600,0.05,0.5,1.0,ssh_044,30.0,left,direct_qr,2.0020457098903357,8.345451322005026e-16,3.340687785941237e-11,1.8536283619141614e-12,0.963019233101111,0.10171664848947917,valid,7.66221865214163,valid
small_skin,32,open,0.25,0.7,100,0.05,0.5,1.0,ssh_045,5.0,charge_density_wave,eig_qr,1.3079031540193276,7.143893810658669e-16,1.5641631758902268e-13,6.439293542825908e-14,0.9984651178178909,0.017373497411434204,valid,46.60074022786722,valid
small_skin,32,open,0.25,0.7,100,0.05,0.5,1.0,ssh_045,5.0,charge_density_wave,expm_qr,1.3079031540192632,1.1252600973701748e-15,0.0,0.0,0.9984651178178925,0.017373497411434204,valid,46.60074022786722,valid
small_skin,32,open,0.25,0.7,100,0.05,0.5,1.0,ssh_045,5.0,charge_density_wave,half_step_qr,1.307903154019323,1.1995282461558985e-15,1.4409815060852406e-14,5.995204332975845e-14,0.9984651178178925,0.017373497411434204,valid,46.60074022786722,valid
small_skin,32,open,0.25,0.7,100,0.05,0.5,1.0,ssh_045,5.0,charge_density_wave,direct_qr,1.3079031540192971,8.231711254708073e-16,6.810082936523973e-15,3.397282455352979e-14,0.9984651178178937,0.017373497411434204,valid,46.60074022786722,valid
small_skin,32,open,0.25,0.7,100,0.05,0.5,1.0,ssh_045,5.0,left,eig_qr,1.148049034192083,1.0709546345732765e-15,1.852567497213506e-12,1.389999226830696e-13,0.9999999503028489,1.0150827019480131e-05,valid,79758.80567820306,valid
small_skin,32,open,0.25,0.7,100,0.05,0.5,1.0,ssh_045,5.0,left,expm_qr,1.148049034191944,1.091152986425688e-15,0.0,0.0,0.9999999503028487,1.0150827019480131e-05,valid,79758.80567820306,valid
small_skin,32,open,0.25,0.7,100,0.05,0.5,1.0,ssh_045,5.0,left,half_step_qr,1.148049034191953,1.606189637831666e-15,3.1885023655958468e-15,8.881784197001252e-15,0.9999999503028489,1.0150827019480131e-05,valid,79758.80567820306,valid
small_skin,32,open,0.25,0.7,100,0.05,0.5,1.0,ssh_045,5.0,left,direct_qr,1.148049034191927,1.0494864126439575e-15,5.531430229151701e-15,1.709743457922741e-14,0.9999999503028485,1.0150827019480131e-05,valid,79758.80567820306,valid
small_skin,32,open,0.25,0.7,300,0.05,0.5,1.0,ssh_046,15.0,charge_density_wave,eig_qr,1.8619461512618631,8.568242397200339e-16,6.435534603608539e-13,2.4424906541753444e-14,0.94619638655166,0.015316163676974628,valid,55.520358954290074,valid
small_skin,32,open,0.25,0.7,300,0.05,0.5,1.0,ssh_046,15.0,charge_density_wave,expm_qr,1.8619461512618876,7.495011480176847e-16,0.0,0.0,0.946196386551716,0.015316163676974628,valid,55.520358954290074,valid
small_skin,32,open,0.25,0.7,300,0.05,0.5,1.0,ssh_046,15.0,charge_density_wave,half_step_qr,1.8619461512618853,7.915801929739677e-16,1.1167984610922124e-13,2.220446049250313e-15,0.9461963865517137,0.015316163676974628,valid,55.520358954290074,valid
small_skin,32,open,0.25,0.7,300,0.05,0.5,1.0,ssh_046,15.0,charge_density_wave,direct_qr,1.8619461512619444,7.800227570470167e-16,3.368244536099339e-13,5.684341886080802e-14,0.9461963865517159,0.015316163676974628,valid,55.520358954290074,valid
small_skin,32,open,0.25,0.7,300,0.05,0.5,1.0,ssh_046,15.0,left,eig_qr,1.383056909991472,8.916881848823895e-16,1.0621059799225711e-12,9.126033262418787e-14,0.9998865863825962,0.0003306265254327915,valid,2571.962137747924,valid
small_skin,32,open,0.25,0.7,300,0.05,0.5,1.0,ssh_046,15.0,left,expm_qr,1.3830569099915633,9.514054048753326e-16,0.0,0.0,0.9998865863825949,0.0003306265254327915,valid,2571.962137747924,valid
small_skin,32,open,0.25,0.7,300,0.05,0.5,1.0,ssh_046,15.0,left,half_step_qr,1.3830569099916656,1.1897371445433123e-15,9.811121383202769e-15,1.0236256287043943e-13,0.9998865863825955,0.0003306265254327915,valid,2571.962137747924,valid
small_skin,32,open,0.25,0.7,300,0.05,0.5,1.0,ssh_046,15.0,left,direct_qr,1.3830569099914998,7.22569523650627e-16,7.74392323369917e-13,6.350475700855895e-14,0.9998865863825951,0.0003306265254327915,valid,2571.962137747924,valid
small_skin,32,open,0.25,0.7,600,0.05,0.5,1.0,ssh_047,30.0,charge_density_wave,eig_qr,2.7526601539006714,1.0911800434482788e-15,3.5642454790814437e-12,4.636291350834654e-13,0.9989438944699351,0.00045159973074342525,valid,1730.7955833002582,valid
small_skin,32,open,0.25,0.7,600,0.05,0.5,1.0,ssh_047,30.0,charge_density_wave,expm_qr,2.752660153901135,7.097358907553039e-16,0.0,0.0,0.9989438944700347,0.00045159973074342525,valid,1730.7955833002582,valid
small_skin,32,open,0.25,0.7,600,0.05,0.5,1.0,ssh_047,30.0,charge_density_wave,half_step_qr,2.752660153901043,1.3622804154415768e-15,2.0147543806877003e-13,9.192646643896296e-14,0.9989438944700334,0.00045159973074342525,valid,1730.7955833002582,valid
small_skin,32,open,0.25,0.7,600,0.05,0.5,1.0,ssh_047,30.0,charge_density_wave,direct_qr,2.7526601531739723,1.0706774897514157e-15,1.1985247505658306e-08,7.271627744387388e-10,0.9989438944727022,0.00045159973074342525,valid,1730.7955833002582,valid
small_skin,32,open,0.25,0.7,600,0.05,0.5,1.0,ssh_047,30.0,left,eig_qr,2.515848586433158,7.034958263838207e-16,1.1484478690233093e-12,7.549516567451064e-14,0.9846810711746896,0.009904964229389834,valid,78.91263423961462,valid
small_skin,32,open,0.25,0.7,600,0.05,0.5,1.0,ssh_047,30.0,left,expm_qr,2.5158485864332336,1.0394587531030323e-15,0.0,0.0,0.9846810711746623,0.009904964229389834,valid,78.91263423961462,valid
small_skin,32,open,0.25,0.7,600,0.05,0.5,1.0,ssh_047,30.0,left,half_step_qr,2.515848586433295,9.887844310475555e-16,1.2542575494246908e-13,6.128431095930864e-14,0.984681071174652,0.009904964229389834,valid,78.91263423961462,valid
small_skin,32,open,0.25,0.7,600,0.05,0.5,1.0,ssh_047,30.0,left,direct_qr,2.515848589081509,9.903529295767277e-16,4.828474194726541e-08,2.6482753767709255e-09,0.984681071751049,0.009904964229389834,valid,78.91263423961462,valid
main_scale,64,open,0.25,0.5,300,0.05,0.5,1.0,ssh_048,15.0,charge_density_wave,eig_qr,1.477865398711318,1.047973803198379e-15,7.268004526304291e-12,1.616484723854228e-13,0.9999995609310944,2.5760548328317634e-05,valid,25237.883655404974,valid
main_scale,64,open,0.25,0.5,300,0.05,0.5,1.0,ssh_048,15.0,charge_density_wave,expm_qr,1.4778653987111563,1.2575651076293305e-15,0.0,0.0,0.999999560931096,2.5760548328317634e-05,valid,25237.883655404974,valid
main_scale,64,open,0.25,0.5,300,0.05,0.5,1.0,ssh_048,15.0,charge_density_wave,half_step_qr,1.4778653987111934,1.0631551611604704e-15,8.427399802912362e-14,3.708144902248023e-14,0.9999995609310947,2.5760548328317634e-05,valid,25237.883655404974,valid
main_scale,64,open,0.25,0.5,300,0.05,0.5,1.0,ssh_048,15.0,charge_density_wave,direct_qr,1.477865398711203,1.0978335137382812e-15,7.31229954350307e-14,4.6629367034256575e-14,0.9999995609310959,2.5760548328317634e-05,valid,25237.883655404974,valid
main_scale,64,open,0.25,0.5,300,0.05,0.5,1.0,ssh_048,15.0,left,eig_qr,1.3651994049846436,1.7390792843024578e-15,1.0881001626476802e-10,6.55853149567065e-12,0.9999999999963052,1.2501992595375686e-08,valid,52003048.04611675,valid
main_scale,64,open,0.25,0.5,300,0.05,0.5,1.0,ssh_048,15.0,left,expm_qr,1.3651994049912022,1.9189515340645923e-15,0.0,0.0,0.9999999999963051,1.2501992595375686e-08,valid,52003048.04611675,valid
main_scale,64,open,0.25,0.5,300,0.05,0.5,1.0,ssh_048,15.0,left,half_step_qr,1.365199404991146,1.6129496852324294e-15,1.3335466283700926e-14,5.617728504603292e-14,0.9999999999963052,1.2501992595375686e-08,valid,52003048.04611675,valid
main_scale,64,open,0.25,0.5,300,0.05,0.5,1.0,ssh_048,15.0,left,direct_qr,1.3651994049911222,1.2714228332664596e-15,9.800635822738124e-14,7.993605777301127e-14,0.9999999999963052,1.2501992595375686e-08,valid,52003048.04611675,valid
main_scale,64,open,0.25,0.5,600,0.05,0.5,1.0,ssh_049,30.0,charge_density_wave,eig_qr,1.576420735027666,1.1292591607835894e-15,4.5034161438680565e-11,9.247935750522629e-12,0.9999689439967929,0.00011768071106428495,valid,7966.853478540403,valid
main_scale,64,open,0.25,0.5,600,0.05,0.5,1.0,ssh_049,30.0,charge_density_wave,expm_qr,1.576420735018418,9.384350110752524e-16,0.0,0.0,0.9999689439967921,0.00011768071106428495,valid,7966.853478540403,valid
main_scale,64,open,0.25,0.5,600,0.05,0.5,1.0,ssh_049,30.0,charge_density_wave,half_step_qr,1.5764207350186759,1.036168725916155e-15,3.2084508820454578e-12,2.5779378631796135e-13,0.9999689439967926,0.00011768071106428495,valid,7966.853478540403,valid
main_scale,64,open,0.25,0.5,600,0.05,0.5,1.0,ssh_049,30.0,charge_density_wave,direct_qr,1.5764207350188517,1.0767108906474749e-15,1.8799588359113174e-11,4.3365311341858614e-13,0.9999689439967913,0.00011768071106428495,valid,7966.853478540403,valid
main_scale,64,open,0.25,0.5,600,0.05,0.5,1.0,ssh_049,30.0,left,eig_qr,1.437311052872734,1.322465517385245e-15,4.7318859061724416e-11,6.080469461267057e-12,0.999999995499072,2.680826633229917e-06,valid,349722.34708442615,valid
main_scale,64,open,0.25,0.5,600,0.05,0.5,1.0,ssh_049,30.0,left,expm_qr,1.4373110528666535,1.5067249491749127e-15,0.0,0.0,0.9999999954990708,2.680826633229917e-06,valid,349722.34708442615,valid
main_scale,64,open,0.25,0.5,600,0.05,0.5,1.0,ssh_049,30.0,left,half_step_qr,1.437311052866743,1.6336446756028881e-15,4.530281300410758e-14,8.948397578478762e-14,0.999999995499071,2.680826633229917e-06,valid,349722.34708442615,valid
main_scale,64,open,0.25,0.5,600,0.05,0.5,1.0,ssh_049,30.0,left,direct_qr,1.437311052866652,9.993099236742716e-16,2.5458209115312992e-11,1.5543122344752192e-15,0.9999999954990714,2.680826633229917e-06,valid,349722.34708442615,valid
main_scale,128,open,0.25,0.5,300,0.05,0.5,1.0,ssh_050,15.0,charge_density_wave,eig_qr,1.4413424960918042,1.813618155287598e-15,3.283406794153846e-08,4.940492459581947e-13,0.999999999999957,1.2332160129518454e-08,valid,52466984.897935,valid
main_scale,128,open,0.25,0.5,300,0.05,0.5,1.0,ssh_050,15.0,charge_density_wave,expm_qr,1.4413424960922983,1.0654633191416526e-15,0.0,0.0,0.9999999999999583,1.2332160129518454e-08,valid,52466984.897935,valid
main_scale,128,open,0.25,0.5,300,0.05,0.5,1.0,ssh_050,15.0,charge_density_wave,half_step_qr,1.4413424960923755,1.484994133262584e-15,9.331907354157877e-14,7.72715225139109e-14,0.9999999999999575,1.2332160129518454e-08,valid,52466984.897935,valid
main_scale,128,open,0.25,0.5,300,0.05,0.5,1.0,ssh_050,15.0,charge_density_wave,direct_qr,1.4413424960923096,9.987229102375166e-16,5.237018942578977e-14,1.1324274851176597e-14,0.9999999999999579,1.2332160129518454e-08,valid,52466984.897935,valid
main_scale,128,open,0.25,0.5,300,0.05,0.5,1.0,ssh_050,15.0,left,eig_qr,1.3651996711475411,2.8664840368959156e-15,5.264354245100155e-07,2.8930258189063807e-10,1.000000000000002,,unresolved,,valid
main_scale,128,open,0.25,0.5,300,0.05,0.5,1.0,ssh_050,15.0,left,expm_qr,1.3651996714368437,1.944248023377925e-15,0.0,0.0,1.0000000000000018,,unresolved,,valid
main_scale,128,open,0.25,0.5,300,0.05,0.5,1.0,ssh_050,15.0,left,half_step_qr,1.3651996714369115,2.108908218581839e-15,1.4434768527772294e-14,6.772360450213455e-14,1.0000000000000018,,unresolved,,valid
main_scale,128,open,0.25,0.5,300,0.05,0.5,1.0,ssh_050,15.0,left,direct_qr,1.3651996714365504,1.8575296974241373e-15,9.577658746715801e-14,2.9332092310596636e-13,1.0000000000000022,,unresolved,,valid
main_scale,128,open,0.25,0.5,600,0.05,0.5,1.0,ssh_051,30.0,charge_density_wave,eig_qr,1.190990595818285,1.3052442674346256e-15,2.3712620239463215e-08,7.189138173657739e-12,0.999999999999459,1.8636506933502315e-09,valid,534998548.4685975,valid
main_scale,128,open,0.25,0.5,600,0.05,0.5,1.0,ssh_051,30.0,charge_density_wave,expm_qr,1.190990595825474,1.0989901721643065e-15,0.0,0.0,0.9999999999994585,1.8636506933502315e-09,valid,534998548.4685975,valid
main_scale,128,open,0.25,0.5,600,0.05,0.5,1.0,ssh_051,30.0,charge_density_wave,half_step_qr,1.1909905958252842,1.2049962411828801e-15,1.1436283816806478e-11,1.8984813721090177e-13,0.9999999999994561,1.8636506933502315e-09,valid,534998548.4685975,valid
main_scale,128,open,0.25,0.5,600,0.05,0.5,1.0,ssh_051,30.0,charge_density_wave,direct_qr,1.1909905958253275,1.0514128469652102e-15,3.7449312006205206e-11,1.4654943925052066e-13,0.9999999999994571,1.8636506933502315e-09,valid,534998548.4685975,valid
main_scale,128,open,0.25,0.5,600,0.05,0.5,1.0,ssh_051,30.0,left,eig_qr,1.5565460312583368,2.0597206128694916e-15,3.7110965042080105e-06,5.442558781432183e-08,0.9999999999999999,,unresolved,,valid
main_scale,128,open,0.25,0.5,600,0.05,0.5,1.0,ssh_051,30.0,left,expm_qr,1.5565460856839246,1.8026707393770918e-15,0.0,0.0,1.0000000000000016,,unresolved,,valid
main_scale,128,open,0.25,0.5,600,0.05,0.5,1.0,ssh_051,30.0,left,half_step_qr,1.5565460856841278,1.823038269121572e-15,1.091945237970405e-13,2.0317081350640365e-13,1.0000000000000013,,unresolved,,valid
main_scale,128,open,0.25,0.5,600,0.05,0.5,1.0,ssh_051,30.0,left,direct_qr,1.5565460856837847,1.797405293220462e-15,2.1705522054042073e-11,1.3988810110276972e-13,1.0000000000000013,,unresolved,,valid
conditioning_risk,192,open,0.25,0.7,300,0.05,0.5,1.0,ssh_052,15.0,charge_density_wave,eig_qr,0.8590268142499713,1.8936962850276463e-15,0.00016495064453672575,4.1902296954443585e-07,1.0,,unresolved,,valid
conditioning_risk,192,open,0.25,0.7,300,0.05,0.5,1.0,ssh_052,15.0,charge_density_wave,expm_qr,0.8590263952270017,1.422209682608733e-15,0.0,0.0,0.9999999999999996,,unresolved,,valid
conditioning_risk,192,open,0.25,0.7,300,0.05,0.5,1.0,ssh_052,15.0,charge_density_wave,half_step_qr,0.8590263952268913,1.146965497946196e-15,1.9617412962928953e-13,1.1046719095020308e-13,1.0000000000000009,,unresolved,,valid
conditioning_risk,192,open,0.25,0.7,300,0.05,0.5,1.0,ssh_052,15.0,charge_density_wave,direct_qr,0.8590263952270346,1.051139247863465e-15,4.5353759663673486e-13,3.2862601528904634e-14,0.9999999999999991,,unresolved,,valid
conditioning_risk,192,open,0.25,0.7,300,0.05,0.5,1.0,ssh_052,15.0,left,eig_qr,2.4704006039073247,2.63904248942237e-15,0.9991725701197485,1.2251207727865578,0.999999999999999,,unresolved,,valid
conditioning_risk,192,open,0.25,0.7,300,0.05,0.5,1.0,ssh_052,15.0,left,expm_qr,1.245279831120767,1.7864868955112644e-15,0.0,0.0,1.0000000000000033,,unresolved,,valid
conditioning_risk,192,open,0.25,0.7,300,0.05,0.5,1.0,ssh_052,15.0,left,half_step_qr,1.2452798311209514,1.914367785991008e-15,4.7851876368550106e-14,1.8451906669270102e-13,1.0000000000000038,,unresolved,,valid
conditioning_risk,192,open,0.25,0.7,300,0.05,0.5,1.0,ssh_052,15.0,left,direct_qr,1.2452798311318178,2.0961704060060976e-15,2.551963990498544e-10,1.1050937942513883e-11,1.0000000000000033,,unresolved,,valid
conditioning_risk,192,open,0.25,0.7,600,0.05,0.5,1.0,ssh_053,30.0,charge_density_wave,eig_qr,1.279728070669895,1.761192048077885e-15,0.00028865860779463354,8.778713789237003e-07,0.9999999999999998,7.925577741441261e-12,valid,72110508678.28606,valid
conditioning_risk,192,open,0.25,0.7,600,0.05,0.5,1.0,ssh_053,30.0,charge_density_wave,expm_qr,1.279727192798516,1.1497519742416318e-15,0.0,0.0,1.0,7.925577741441261e-12,valid,72110508678.28606,valid
conditioning_risk,192,open,0.25,0.7,600,0.05,0.5,1.0,ssh_053,30.0,charge_density_wave,half_step_qr,1.2797271927974747,1.1068365974081031e-15,4.0811421350151296e-10,1.0413891970983968e-12,1.0000000000000013,7.925577741441261e-12,valid,72110508678.28606,valid
conditioning_risk,192,open,0.25,0.7,600,0.05,0.5,1.0,ssh_053,30.0,charge_density_wave,direct_qr,1.2797271927467935,1.3485529212774773e-15,1.7206300639083773e-08,5.172262618202694e-11,1.0000000000000009,7.925577741441261e-12,valid,72110508678.28606,valid
conditioning_risk,192,open,0.25,0.7,600,0.05,0.5,1.0,ssh_053,30.0,left,eig_qr,2.1792967608637173,2.4264419358405416e-15,0.9999999999999998,0.715534637209198,0.9999999999999545,,unresolved,,valid
conditioning_risk,192,open,0.25,0.7,600,0.05,0.5,1.0,ssh_053,30.0,left,expm_qr,1.4637621236545193,2.12043420060973e-15,0.0,0.0,1.0000000000000024,,unresolved,,valid
conditioning_risk,192,open,0.25,0.7,600,0.05,0.5,1.0,ssh_053,30.0,left,half_step_qr,1.4637621236533314,1.8855807634261898e-15,3.331002452933418e-12,1.1879386363489175e-12,1.0000000000000027,,unresolved,,valid
conditioning_risk,192,open,0.25,0.7,600,0.05,0.5,1.0,ssh_053,30.0,left,direct_qr,1.4637003561010857,1.966092200664157e-15,0.0010004241697746637,6.17675534335671e-05,1.0000000000000027,,unresolved,,valid
reciprocal_p1_reference,16,open,0.0,0.5,100,0.05,0.5,1.0,ssh_054,5.0,charge_density_wave,eig_qr,2.97449166724759,6.507291821748628e-16,4.979473384770072e-14,4.440892098500626e-16,0.9765727451101198,0.14809634859123552,valid,5.432983372915361,valid
reciprocal_p1_reference,16,open,0.0,0.5,100,0.05,0.5,1.0,ssh_054,5.0,charge_density_wave,expm_qr,2.9744916672475905,6.683106976810024e-16,0.0,0.0,0.9765727451101207,0.14809634859123552,valid,5.432983372915361,valid
reciprocal_p1_reference,16,open,0.0,0.5,100,0.05,0.5,1.0,ssh_054,5.0,charge_density_wave,half_step_qr,2.974491667247599,5.815957187773353e-16,2.7595136751457594e-14,8.43769498715119e-15,0.9765727451101247,0.14809634859123552,valid,5.432983372915361,valid
reciprocal_p1_reference,16,open,0.0,0.5,100,0.05,0.5,1.0,ssh_054,5.0,charge_density_wave,direct_qr,2.974491667247583,5.087994740197967e-16,7.745545971296856e-15,7.549516567451064e-15,0.9765727451101212,0.14809634859123552,valid,5.432983372915361,valid
reciprocal_p1_reference,16,open,0.0,0.5,100,0.05,0.5,1.0,ssh_054,5.0,left,eig_qr,1.4616880304173738,7.764350962479819e-16,4.212733877302114e-14,4.085620730620576e-14,0.9916840157438542,0.07035699681623157,valid,11.436033882845253,valid
reciprocal_p1_reference,16,open,0.0,0.5,100,0.05,0.5,1.0,ssh_054,5.0,left,expm_qr,1.4616880304174147,5.484655234144544e-16,0.0,0.0,0.9916840157438528,0.07035699681623157,valid,11.436033882845253,valid
reciprocal_p1_reference,16,open,0.0,0.5,100,0.05,0.5,1.0,ssh_054,5.0,left,half_step_qr,1.4616880304173834,8.89784587918762e-16,5.7363510047515925e-15,3.1308289294429414e-14,0.9916840157438535,0.07035699681623157,valid,11.436033882845253,valid
reciprocal_p1_reference,16,open,0.0,0.5,100,0.05,0.5,1.0,ssh_054,5.0,left,direct_qr,1.4616880304173736,7.092834292940922e-16,3.309790237598729e-15,4.107825191113079e-14,0.9916840157438527,0.07035699681623157,valid,11.436033882845253,valid
reciprocal_p1_reference,16,open,0.0,0.5,300,0.05,0.5,1.0,ssh_055,15.0,charge_density_wave,eig_qr,3.178422664549258,5.914815737673262e-16,1.1328100015233181e-13,2.353672812205332e-14,0.9861256983309203,0.12804821153097373,valid,5.989813186907836,valid
reciprocal_p1_reference,16,open,0.0,0.5,300,0.05,0.5,1.0,ssh_055,15.0,charge_density_wave,expm_qr,3.1784226645492346,7.508852448819434e-16,0.0,0.0,0.9861256983309107,0.12804821153097373,valid,5.989813186907836,valid
reciprocal_p1_reference,16,open,0.0,0.5,300,0.05,0.5,1.0,ssh_055,15.0,charge_density_wave,half_step_qr,3.178422664549256,4.780675078193016e-16,5.917837742362654e-14,2.1316282072803006e-14,0.9861256983309143,0.12804821153097373,valid,5.989813186907836,valid
reciprocal_p1_reference,16,open,0.0,0.5,300,0.05,0.5,1.0,ssh_055,15.0,charge_density_wave,direct_qr,3.178422664549237,5.880876946946142e-16,6.075064231303034e-14,2.220446049250313e-15,0.986125698330912,0.12804821153097373,valid,5.989813186907836,valid
reciprocal_p1_reference,16,open,0.0,0.5,300,0.05,0.5,1.0,ssh_055,15.0,left,eig_qr,1.5965931859541114,4.638570797085797e-16,7.467068566340771e-14,1.2212453270876722e-14,0.9999976281069003,0.0011399849746017085,valid,672.8026097503276,valid
reciprocal_p1_reference,16,open,0.0,0.5,300,0.05,0.5,1.0,ssh_055,15.0,left,expm_qr,1.5965931859541236,5.288548846746417e-16,0.0,0.0,0.9999976281069004,0.0011399849746017085,valid,672.8026097503276,valid
reciprocal_p1_reference,16,open,0.0,0.5,300,0.05,0.5,1.0,ssh_055,15.0,left,half_step_qr,1.5965931859541216,4.718464222003465e-16,1.8062840019340948e-14,1.9984014443252818e-15,0.9999976281069006,0.0011399849746017085,valid,672.8026097503276,valid
reciprocal_p1_reference,16,open,0.0,0.5,300,0.05,0.5,1.0,ssh_055,15.0,left,direct_qr,1.5965931859541587,6.816376537477823e-16,7.059127595207304e-14,3.5083047578154947e-14,0.9999976281069003,0.0011399849746017085,valid,672.8026097503276,valid
reciprocal_p1_reference,16,open,0.0,0.5,600,0.05,0.5,1.0,ssh_056,30.0,charge_density_wave,eig_qr,3.24042620606585,5.062375432500833e-16,1.5723853327368364e-13,6.084022174945858e-14,0.9531966405797149,0.17232066626159825,valid,3.4723874434846675,valid
reciprocal_p1_reference,16,open,0.0,0.5,600,0.05,0.5,1.0,ssh_056,30.0,charge_density_wave,expm_qr,3.240426206065789,8.145608456080866e-16,0.0,0.0,0.9531966405797528,0.17232066626159825,valid,3.4723874434846675,valid
reciprocal_p1_reference,16,open,0.0,0.5,600,0.05,0.5,1.0,ssh_056,30.0,charge_density_wave,half_step_qr,3.2404262060657127,5.48049945821585e-16,3.468773688590268e-13,7.638334409421077e-14,0.9531966405798573,0.17232066626159825,valid,3.4723874434846675,valid
reciprocal_p1_reference,16,open,0.0,0.5,600,0.05,0.5,1.0,ssh_056,30.0,charge_density_wave,direct_qr,3.240426206185585,4.652404828141176e-16,1.3686193548002758e-10,1.197957288923135e-10,0.9531966405785478,0.17232066626159825,valid,3.4723874434846675,valid
reciprocal_p1_reference,16,open,0.0,0.5,600,0.05,0.5,1.0,ssh_056,30.0,left,eig_qr,2.7366459807154353,1.1978236963123554e-15,1.2790872742460772e-13,1.6431300764452317e-14,0.9398047726045206,0.18358120081414428,valid,3.2593975588244652,valid
reciprocal_p1_reference,16,open,0.0,0.5,600,0.05,0.5,1.0,ssh_056,30.0,left,expm_qr,2.736645980715419,8.928926809398417e-16,0.0,0.0,0.9398047726045083,0.18358120081414428,valid,3.2593975588244652,valid
reciprocal_p1_reference,16,open,0.0,0.5,600,0.05,0.5,1.0,ssh_056,30.0,left,half_step_qr,2.7366459807153443,5.234881128580807e-16,9.386030484624321e-14,7.460698725481052e-14,0.9398047726045111,0.18358120081414428,valid,3.2593975588244652,valid
reciprocal_p1_reference,16,open,0.0,0.5,600,0.05,0.5,1.0,ssh_056,30.0,left,direct_qr,2.736645980765651,5.737626091218882e-16,1.4360186436961244e-10,5.023226279377013e-11,0.9398047725968753,0.18358120081414428,valid,3.2593975588244652,valid
reciprocal_p1_reference,32,open,0.0,0.5,100,0.05,0.5,1.0,ssh_057,5.0,charge_density_wave,eig_qr,3.1016772651610838,5.037982304400562e-16,8.85304564330994e-14,1.4210854715202004e-14,0.999965817052989,0.0081688190324661,valid,120.94379937418185,valid
reciprocal_p1_reference,32,open,0.0,0.5,100,0.05,0.5,1.0,ssh_057,5.0,charge_density_wave,expm_qr,3.1016772651610696,6.979406210202199e-16,0.0,0.0,0.9999658170529884,0.0081688190324661,valid,120.94379937418185,valid
reciprocal_p1_reference,32,open,0.0,0.5,100,0.05,0.5,1.0,ssh_057,5.0,charge_density_wave,half_step_qr,3.1016772651610545,6.068483705292714e-16,2.856432739344846e-14,1.509903313490213e-14,0.9999658170529889,0.0081688190324661,valid,120.94379937418185,valid
reciprocal_p1_reference,32,open,0.0,0.5,100,0.05,0.5,1.0,ssh_057,5.0,charge_density_wave,direct_qr,3.101677265161068,8.973789545912225e-16,8.790320584047068e-15,1.7763568394002505e-15,0.9999658170529891,0.0081688190324661,valid,120.94379937418185,valid
reciprocal_p1_reference,32,open,0.0,0.5,100,0.05,0.5,1.0,ssh_057,5.0,left,eig_qr,1.4642810921736686,9.644158304168938e-16,1.348015628105895e-13,1.247890679678676e-13,0.9999941083689579,0.0016515742416944716,valid,598.1977589895985,valid
reciprocal_p1_reference,32,open,0.0,0.5,100,0.05,0.5,1.0,ssh_057,5.0,left,expm_qr,1.4642810921737934,1.122820169054478e-15,0.0,0.0,0.9999941083689586,0.0016515742416944716,valid,598.1977589895985,valid
reciprocal_p1_reference,32,open,0.0,0.5,100,0.05,0.5,1.0,ssh_057,5.0,left,half_step_qr,1.46428109217387,1.7579643289191993e-15,6.8181490271877534e-15,7.66053886991358e-14,0.9999941083689576,0.0016515742416944716,valid,598.1977589895985,valid
reciprocal_p1_reference,32,open,0.0,0.5,100,0.05,0.5,1.0,ssh_057,5.0,left,direct_qr,1.4642810921737162,1.1558757824933388e-15,2.595209078051845e-15,7.72715225139109e-14,0.999994108368959,0.0016515742416944716,valid,598.1977589895985,valid
reciprocal_p1_reference,32,open,0.0,0.5,300,0.05,0.5,1.0,ssh_058,15.0,charge_density_wave,eig_qr,6.118452055669582,1.1688945717537795e-15,2.4763170691040103e-13,1.1368683772161603e-13,0.9996771870542747,0.024501884811708202,valid,39.358158093011916,valid
reciprocal_p1_reference,32,open,0.0,0.5,300,0.05,0.5,1.0,ssh_058,15.0,charge_density_wave,expm_qr,6.118452055669696,7.941941284908581e-16,0.0,0.0,0.9996771870542726,0.024501884811708202,valid,39.358158093011916,valid
reciprocal_p1_reference,32,open,0.0,0.5,300,0.05,0.5,1.0,ssh_058,15.0,charge_density_wave,half_step_qr,6.118452055669706,6.333547615487072e-16,4.972041857270906e-14,9.769962616701378e-15,0.999677187054273,0.024501884811708202,valid,39.358158093011916,valid
reciprocal_p1_reference,32,open,0.0,0.5,300,0.05,0.5,1.0,ssh_058,15.0,charge_density_wave,direct_qr,6.118452055669703,9.50163962617321e-16,5.353722937813191e-14,7.105427357601002e-15,0.999677187054273,0.024501884811708202,valid,39.358158093011916,valid
reciprocal_p1_reference,32,open,0.0,0.5,300,0.05,0.5,1.0,ssh_058,15.0,left,eig_qr,1.5209155739399385,7.517709464621913e-16,3.168789202593473e-13,6.861178292183467e-14,0.9998117922978058,0.009608312870570693,valid,100.36611723476284,valid
reciprocal_p1_reference,32,open,0.0,0.5,300,0.05,0.5,1.0,ssh_058,15.0,left,expm_qr,1.520915573940007,7.597223013928122e-16,0.0,0.0,0.9998117922978059,0.009608312870570693,valid,100.36611723476284,valid
reciprocal_p1_reference,32,open,0.0,0.5,300,0.05,0.5,1.0,ssh_058,15.0,left,half_step_qr,1.520915573939981,1.0145288572138438e-15,5.3436263504699186e-14,2.6201263381153694e-14,0.9998117922978059,0.009608312870570693,valid,100.36611723476284,valid
reciprocal_p1_reference,32,open,0.0,0.5,300,0.05,0.5,1.0,ssh_058,15.0,left,direct_qr,1.5209155739400206,1.2320426218837457e-15,6.62370658501556e-14,1.354472090042691e-14,0.9998117922978057,0.009608312870570693,valid,100.36611723476284,valid
reciprocal_p1_reference,32,open,0.0,0.5,600,0.05,0.5,1.0,ssh_059,30.0,charge_density_wave,eig_qr,4.462082909843103,1.0176806711375452e-15,3.7719329908068843e-13,2.0872192862952943e-13,0.9986132161060468,0.04897296559404507,valid,18.991092903553362,valid
reciprocal_p1_reference,32,open,0.0,0.5,600,0.05,0.5,1.0,ssh_059,30.0,charge_density_wave,expm_qr,4.4620829098433115,1.010657397639019e-15,0.0,0.0,0.9986132161060419,0.04897296559404507,valid,18.991092903553362,valid
reciprocal_p1_reference,32,open,0.0,0.5,600,0.05,0.5,1.0,ssh_059,30.0,charge_density_wave,half_step_qr,4.462082909843447,1.0030368366475484e-15,1.4965850282099995e-13,1.3589129821411916e-13,0.9986132161060437,0.04897296559404507,valid,18.991092903553362,valid
reciprocal_p1_reference,32,open,0.0,0.5,600,0.05,0.5,1.0,ssh_059,30.0,charge_density_wave,direct_qr,4.462082909860996,8.686899607058325e-16,2.330872717136082e-10,1.7684520514649194e-11,0.9986132161063059,0.04897296559404507,valid,18.991092903553362,valid
reciprocal_p1_reference,32,open,0.0,0.5,600,0.05,0.5,1.0,ssh_059,30.0,left,eig_qr,1.937856924475238,6.260376800888035e-16,4.622706555280824e-13,1.9761969838327786e-14,0.9999999458425662,0.00012879254473832633,valid,7221.304162043366,valid
reciprocal_p1_reference,32,open,0.0,0.5,600,0.05,0.5,1.0,ssh_059,30.0,left,expm_qr,1.9378569244752182,8.142471219273614e-16,0.0,0.0,0.9999999458425664,0.00012879254473832633,valid,7221.304162043366,valid
reciprocal_p1_reference,32,open,0.0,0.5,600,0.05,0.5,1.0,ssh_059,30.0,left,half_step_qr,1.9378569244752026,5.34000673552957e-16,5.011170816602599e-14,1.554312234475219e-14,0.9999999458425666,0.00012879254473832633,valid,7221.304162043366,valid
reciprocal_p1_reference,32,open,0.0,0.5,600,0.05,0.5,1.0,ssh_059,30.0,left,direct_qr,1.9378569244165764,6.087598264899771e-16,3.6999341807287195e-10,5.864175811609584e-11,0.9999999458426188,0.00012879254473832633,valid,7221.304162043366,valid
weak_skin_pilot,32,open,0.05,0.5,300,0.05,0.5,1.0,ssh_060,15.0,charge_density_wave,eig_qr,5.564393118832514,8.250544032710115e-16,1.8340121980450405e-13,1.2612133559741778e-13,0.9813702684993291,0.09500139781763939,valid,10.225341020592921,valid
weak_skin_pilot,32,open,0.05,0.5,300,0.05,0.5,1.0,ssh_060,15.0,charge_density_wave,expm_qr,5.564393118832388,1.0093471585299891e-15,0.0,0.0,0.9813702684993331,0.09500139781763939,valid,10.225341020592921,valid
weak_skin_pilot,32,open,0.05,0.5,300,0.05,0.5,1.0,ssh_060,15.0,charge_density_wave,half_step_qr,5.5643931188324345,7.476020319170971e-16,4.5395288526284934e-14,4.618527782440651e-14,0.9813702684993377,0.09500139781763939,valid,10.225341020592921,valid
weak_skin_pilot,32,open,0.05,0.5,300,0.05,0.5,1.0,ssh_060,15.0,charge_density_wave,direct_qr,5.56439311883241,8.077245641471353e-16,3.510964947226315e-14,2.1316282072803006e-14,0.9813702684993355,0.09500139781763939,valid,10.225341020592921,valid
weak_skin_pilot,32,open,0.05,0.5,300,0.05,0.5,1.0,ssh_060,15.0,left,eig_qr,1.4797294963449314,9.774269318751377e-16,1.726577225867989e-13,8.43769498715119e-14,0.9991426903148753,0.020759952725079106,valid,46.793058875555474,valid
weak_skin_pilot,32,open,0.05,0.5,300,0.05,0.5,1.0,ssh_060,15.0,left,expm_qr,1.4797294963450158,1.38348625007417e-15,0.0,0.0,0.9991426903148749,0.020759952725079106,valid,46.793058875555474,valid
weak_skin_pilot,32,open,0.05,0.5,300,0.05,0.5,1.0,ssh_060,15.0,left,half_step_qr,1.4797294963449181,1.0933890776306596e-15,4.0764030953587275e-14,9.769962616701378e-14,0.9991426903148746,0.020759952725079106,valid,46.793058875555474,valid
weak_skin_pilot,32,open,0.05,0.5,300,0.05,0.5,1.0,ssh_060,15.0,left,direct_qr,1.479729496344915,1.1123311352126006e-15,4.606437007195364e-14,1.0080825063596421e-13,0.9991426903148751,0.020759952725079106,valid,46.793058875555474,valid
